EntityName1	EntityName2	Supplement	Street	Locality	PhoneNumber	Year	Page	File	RefCode	Network
Lohnhof		Polizeiposten (mit Nachtwache) Krankenwagenstation		Basel		1908		telefonbuch_001	PTT-Archiv, P-260-1_Basel_1908	Basel
Steinen		Polizeiposten	Steinenthorstrasse 43	Basel		1908		telefonbuch_001	PTT-Archiv, P-260-1_Basel_1908	Basel
Bahnhof S. B. B.		Polizeiposten (Krankenwagenstation)		Basel		1908		telefonbuch_001	PTT-Archiv, P-260-1_Basel_1908	Basel
Gundoldingen		Polizeiposten Krankenwagenstation (mit Nachtwache)	Pfeffingerstr. 49	Basel		1908		telefonbuch_001	PTT-Archiv, P-260-1_Basel_1908	Basel
Aeschen		Polizeiposten (mit Nachtwache)	St. Jakobstrasse 4	Basel		1908		telefonbuch_001	PTT-Archiv, P-260-1_Basel_1908	Basel
St. Alban		Polizeiposten (beim St. Albanthor)		Basel		1908		telefonbuch_001	PTT-Archiv, P-260-1_Basel_1908	Basel
Marktplatz		Polizeiposten (Rathaus) (mit Nachtwache)		Basel		1908		telefonbuch_001	PTT-Archiv, P-260-1_Basel_1908	Basel
Rheinbrücke		Polizeiposten	Eisengasse 1	Basel		1908		telefonbuch_001	PTT-Archiv, P-260-1_Basel_1908	Basel
St. Johann		Polizeiposten (beim St. Johannthor) Krankenwagenstation (mit Nachtwache)		Basel		1908		telefonbuch_001	PTT-Archiv, P-260-1_Basel_1908	Basel
Spalen		Polizeiposten (beim Spalenthor) Krankenwagenstation (mit Nachtwache)		Basel		1908		telefonbuch_001	PTT-Archiv, P-260-1_Basel_1908	Basel
St. Klara		Polizeiposten (mit Nachtwache) Krankenwagenstation		Basel		1908		telefonbuch_001	PTT-Archiv, P-260-1_Basel_1908	Basel
Rheinweg		Polizeiposten (in der Kaserne)		Basel		1908		telefonbuch_001	PTT-Archiv, P-260-1_Basel_1908	Basel
Horburg		Polizeiposten Krankenwagenstation (mit Nachtwache)	Hammerstrasse 184	Basel		1908		telefonbuch_001	PTT-Archiv, P-260-1_Basel_1908	Basel
Hägenheimer		Polizeiposten (mit Nachtwache)	Birkenstrasse 1	Basel		1908		telefonbuch_001	PTT-Archiv, P-260-1_Basel_1908	Basel
Breite		Polizeiposten (mit Nachtwache)	Zürcherstrasse 152	Basel		1908		telefonbuch_001	PTT-Archiv, P-260-1_Basel_1908	Basel
Kleinhüningen		Polizeiposten	Dorfstrasse 59	Basel		1908		telefonbuch_001	PTT-Archiv, P-260-1_Basel_1908	Basel
Schoren		Polizeiposten (mit Nachtwache)	Maulbeerweg 31	Basel		1908		telefonbuch_001	PTT-Archiv, P-260-1_Basel_1908	Basel
Badische Bahn		Polizeiposten		Basel		1908		telefonbuch_001	PTT-Archiv, P-260-1_Basel_1908	Basel
Riehen		Polizeiposten (mit Nachtwache)		Riehen		1908		telefonbuch_001	PTT-Archiv, P-260-1_Basel_1908	Basel
Samariterposten		(Diakonissenhaus) Krankenwagenstation	Aeschenvorstadt 50	Basel		1908		telefonbuch_001	PTT-Archiv, P-260-1_Basel_1908	Basel
Samariterposten		(Dr. Niebergall) Krankenwagenstation	Steinenring 2	Basel		1908		telefonbuch_001	PTT-Archiv, P-260-1_Basel_1908	Basel
Samariterposten		(Dr. Oser) Krankenwagenstation	Colmarerstrasse 22	Basel		1908		telefonbuch_001	PTT-Archiv, P-260-1_Basel_1908	Basel
Samariterposten		(Walter-Ruch) Krankenwagenstation	Maulbeerstrasse 3	Basel		1908		telefonbuch_001	PTT-Archiv, P-260-1_Basel_1908	Basel
Samariterposten	J.	(J. Zeller)	Hammerstrasse 60	Basel		1908		telefonbuch_001	PTT-Archiv, P-260-1_Basel_1908	Basel
Samariterposten		Kleinhüningen (Schulhaus) Krankenwagenstation		Basel		1908		telefonbuch_001	PTT-Archiv, P-260-1_Basel_1908	Basel
Samariterposten		Binningen (Th. Scherer zur Post) Krankenwagenstation		Binningen		1908		telefonbuch_001	PTT-Archiv, P-260-1_Basel_1908	Basel
Samariterposten		Birsfelden (Hugentobler im mittlern Schulhaus) Krankenwagenstation		Birsfelden		1908		telefonbuch_001	PTT-Archiv, P-260-1_Basel_1908	Basel
Feuerwache		(Lützelhof) (mit Nachtwache)	Spalenvorstadt 11	Basel		1908		telefonbuch_001	PTT-Archiv, P-260-1_Basel_1908	Basel
Kiefer	H.	Cigarrenhandlung	Aeschenvorstadt 2	Basel	581	1908	51	telefonbuch_053	PTT-Archiv, P-260-1_Basel_1908	Basel
Telegraphenbureau		Kabine 1	Bahnhof S. B. B.	Basel	577	1908	51	telefonbuch_053	PTT-Archiv, P-260-1_Basel_1908	Basel
Telegraphenbureau		Kabine 2	Bahnhof S. B. B.	Basel	578	1908	51	telefonbuch_053	PTT-Archiv, P-260-1_Basel_1908	Basel
Telegraphenbureau		Kabine 3	Bahnhof S. B. B.	Basel	579	1908	51	telefonbuch_053	PTT-Archiv, P-260-1_Basel_1908	Basel
Georg & Cie.		Buchhandlung	Bahnhof S. B. B.	Basel	580	1908	51	telefonbuch_053	PTT-Archiv, P-260-1_Basel_1908	Basel
Brugger-Stänz		Wwe., Cigarrenhandlung	Bahnhofstrasse 15	Basel	576	1908	51	telefonbuch_053	PTT-Archiv, P-260-1_Basel_1908	Basel
Telegr.-Bureau Gundoldingen			Dornacherstrasse 124	Basel	570	1908	52	telefonbuch_054	PTT-Archiv, P-260-1_Basel_1908	Basel
Telegr.-Bureau Horburg			Feldbergstrasse 87	Basel	583	1908	52	telefonbuch_054	PTT-Archiv, P-260-1_Basel_1908	Basel
Telegr.-Bureau äussere St. Alban			Grellingerstrasse 40	Basel	583	1908	52	telefonbuch_054	PTT-Archiv, P-260-1_Basel_1908	Basel
Telegr.-Bureau Thiersteinerallee			Güterstrasse 259	Basel	573	1908	52	telefonbuch_054	PTT-Archiv, P-260-1_Basel_1908	Basel
Hauptpost, Telegramm-Aufgabe				Basel	572	1908	52	telefonbuch_054	PTT-Archiv, P-260-1_Basel_1908	Basel
Telegr.-Bureau Missionsstrasse			St. Johannring 147	Basel	574	1908	52	telefonbuch_054	PTT-Archiv, P-260-1_Basel_1908	Basel
Telegr.-Bureau äussere Spalen			Palmenstrasse 28	Basel	574	1908	52	telefonbuch_054	PTT-Archiv, P-260-1_Basel_1908	Basel
Telegr.-Bureau Clarahof			Rebgasse 1	Basel	571	1908	52	telefonbuch_054	PTT-Archiv, P-260-1_Basel_1908	Basel
Telegr.-Bureau Bachletten			Schweizergasse 43	Basel	584	1908	52	telefonbuch_054	PTT-Archiv, P-260-1_Basel_1908	Basel
Telegr.-Bureau äussere St. Johann			Voltastrasse 71	Basel	575	1908	52	telefonbuch_054	PTT-Archiv, P-260-1_Basel_1908	Basel
Badischer Bahnhof		Aufnahmehalle		Basel		1908	52	telefonbuch_054	PTT-Archiv, P-260-1_Basel_1908	Basel
Barfüsserplatz		Stationsgebäude der B. St. B.		Basel		1908	52	telefonbuch_054	PTT-Archiv, P-260-1_Basel_1908	Basel
Hauptpost		Schalterhalle		Basel		1908	52	telefonbuch_054	PTT-Archiv, P-260-1_Basel_1908	Basel
Centralhallen			Streitgasse 20	Basel		1908	52	telefonbuch_054	PTT-Archiv, P-260-1_Basel_1908	Basel
Bettingen		Postablage		Bettingen	707	1908	52	telefonbuch_054	PTT-Archiv, P-260-1_Basel_1908	Basel
Ruetsch	Ed.	Wirt.		Duggingen	705	1908	52	telefonbuch_054	PTT-Archiv, P-260-1_Basel_1908	Basel
Thüring	Emil	Bäcker		Ettingen	709	1908	52	telefonbuch_054	PTT-Archiv, P-260-1_Basel_1908	Basel
Berger	Frau A.	zum Kreuz.		Gempen	705	1908	52	telefonbuch_054	PTT-Archiv, P-260-1_Basel_1908	Basel
Stebler	J.	Lehrer		Himmelried	705	1908	52	telefonbuch_054	PTT-Archiv, P-260-1_Basel_1908	Basel
Hochwald (Solothurn)		Postablage		Hochwald	705	1908	52	telefonbuch_054	PTT-Archiv, P-260-1_Basel_1908	Basel
Kleinhüningen		Postbureau		Kleinhüningen	3328	1908	52	telefonbuch_054	PTT-Archiv, P-260-1_Basel_1908	Basel
Meyer-Emmenegger	Wwe.			Pfeffingen	705	1908	52	telefonbuch_054	PTT-Archiv, P-260-1_Basel_1908	Basel
Reinach (Baselland)		Gasthaus zum Rössli		Reinach	705	1908	52	telefonbuch_054	PTT-Archiv, P-260-1_Basel_1908	Basel
Jäck	J. E.	Wirt		Schönenbuch	679	1908	52	telefonbuch_054	PTT-Archiv, P-260-1_Basel_1908	Basel
Adam	Angelus	zum Rössli		Allschwil	679	1908	52	telefonbuch_054	PTT-Archiv, P-260-1_Basel_1908	Basel
Aktienziegelei Allschwil				Allschwil	1006	1908	52	telefonbuch_054	PTT-Archiv, P-260-1_Basel_1908	Basel
Augustin	Dr. Hermann	Arzt		Allschwil	679	1908	52	telefonbuch_054	PTT-Archiv, P-260-1_Basel_1908	Basel
Doleschal	Dr. M.	Arzt		Allschwil	679	1908	52	telefonbuch_054	PTT-Archiv, P-260-1_Basel_1908	Basel
Gürtler	Theophil	Restaurant zur Jägerstube		Allschwil	679	1908	52	telefonbuch_054	PTT-Archiv, P-260-1_Basel_1908	Basel
Hauser-Huber	Arnold	Wirt		Allschwil	679	1908	52	telefonbuch_054	PTT-Archiv, P-260-1_Basel_1908	Basel
Jegel	Rudolf	Metzger		Allschwil	679	1908	52	telefonbuch_054	PTT-Archiv, P-260-1_Basel_1908	Basel
Lehmann-Vogel	K.			Allschwil	679	1908	52	telefonbuch_054	PTT-Archiv, P-260-1_Basel_1908	Basel
Martin-Heitzmann	Wwe.	zur Kantine		Allschwil	679	1908	52	telefonbuch_054	PTT-Archiv, P-260-1_Basel_1908	Basel
Mislin	Alphons	Wirt		Allschwil	679	1908	52	telefonbuch_054	PTT-Archiv, P-260-1_Basel_1908	Basel
Neundorf	A.			Allschwil	679	1908	52	telefonbuch_054	PTT-Archiv, P-260-1_Basel_1908	Basel
Passavant-Iselin & Cie.		Ziegelei		Allschwil	3132	1908	52	telefonbuch_054	PTT-Archiv, P-260-1_Basel_1908	Basel
Ruf-Martin	Paul			Allschwil	679	1908	52	telefonbuch_054	PTT-Archiv, P-260-1_Basel_1908	Basel
Simon-Bangerter	L.	Schuhfabrik		Allschwil	679	1908	52	telefonbuch_054	PTT-Archiv, P-260-1_Basel_1908	Basel
Strübin	Fritz	Brauerei		Allschwil	679	1908	53	telefonbuch_055	PTT-Archiv, P-260-1_Basel_1908	Basel
Tanner-Stengel	R.	Metzger		Allschwil	679	1908	53	telefonbuch_055	PTT-Archiv, P-260-1_Basel_1908	Basel
Thonwarenfabrik Allschwil		(Passavant-Iselin & Cie.)		Allschwil	3132	1908	53	telefonbuch_055	PTT-Archiv, P-260-1_Basel_1908	Basel
Vogt-Goepfert	Jakob	Wirt		Allschwil	679	1908	53	telefonbuch_055	PTT-Archiv, P-260-1_Basel_1908	Basel
Vogt-Gürtler	J. Aug.	Baumeister		Allschwil	679	1908	53	telefonbuch_055	PTT-Archiv, P-260-1_Basel_1908	Basel
Vogt-Küstner	J.	Holzhandlung		Allschwil	679	1908	53	telefonbuch_055	PTT-Archiv, P-260-1_Basel_1908	Basel
Vogt-Winteregg	Rob.	Wirt		Allschwil	679	1908	53	telefonbuch_055	PTT-Archiv, P-260-1_Basel_1908	Basel
Floretspinnerei Angenstein		Fabrik		Angenstein	705	1908	53	telefonbuch_055	PTT-Archiv, P-260-1_Basel_1908	Basel
Wanduhrenfabrik Angenstein		sowie Direktor-Wohnung		Angenstein	705	1908	53	telefonbuch_055	PTT-Archiv, P-260-1_Basel_1908	Basel
Alioth	Lucie	Frl.		Arlesheim	705	1908	53	telefonbuch_055	PTT-Archiv, P-260-1_Basel_1908	Basel
Alioth-Vischer	Wilhelm			Arlesheim	705	1908	53	telefonbuch_055	PTT-Archiv, P-260-1_Basel_1908	Basel
Alioth-von Speyr	Rudolf			Arlesheim	705	1908	53	telefonbuch_055	PTT-Archiv, P-260-1_Basel_1908	Basel
Basler Strassenbahnen		Tramdépôt (Birseckbahn)		Arlesheim	2876	1908	53	telefonbuch_055	PTT-Archiv, P-260-1_Basel_1908	Basel
Bezirksschreiberei Arlesheim				Arlesheim	705	1908	53	telefonbuch_055	PTT-Archiv, P-260-1_Basel_1908	Basel
Bischoff-Ryhiner	Emil			Arlesheim	705	1908	53	telefonbuch_055	PTT-Archiv, P-260-1_Basel_1908	Basel
Brodbeck	K. A.	Dr.		Arlesheim	705	1908	53	telefonbuch_055	PTT-Archiv, P-260-1_Basel_1908	Basel
Burckhardt-Meyer	Max			Arlesheim	705	1908	53	telefonbuch_055	PTT-Archiv, P-260-1_Basel_1908	Basel
Düblin-Degen	Pius	Wirt	Neu-Arlesheim	Arlesheim	705	1908	53	telefonbuch_055	PTT-Archiv, P-260-1_Basel_1908	Basel
Elsässer	Albert	Fürsprech		Arlesheim	705	1908	53	telefonbuch_055	PTT-Archiv, P-260-1_Basel_1908	Basel
Feigenwinter	Niklaus	Fürsprech		Arlesheim	705	1908	53	telefonbuch_055	PTT-Archiv, P-260-1_Basel_1908	Basel
Gasser-Meier	Math.	Bäckerei und Konditorei		Arlesheim	705	1908	53	telefonbuch_055	PTT-Archiv, P-260-1_Basel_1908	Basel
Geiger-Otto	Herm.	Dr.		Arlesheim	705	1908	53	telefonbuch_055	PTT-Archiv, P-260-1_Basel_1908	Basel
Gemeindesprechstation		Gasthaus zum Löwen		Arlesheim	705	1908	53	telefonbuch_055	PTT-Archiv, P-260-1_Basel_1908	Basel
Gessler	Alb.	Prof. Dr.		Arlesheim	705	1908	53	telefonbuch_055	PTT-Archiv, P-260-1_Basel_1908	Basel
Gonser	Rudolf	Dr.		Arlesheim	705	1908	53	telefonbuch_055	PTT-Archiv, P-260-1_Basel_1908	Basel
Gysin-Hindermann	V.	Wwe.		Arlesheim	705	1908	53	telefonbuch_055	PTT-Archiv, P-260-1_Basel_1908	Basel
Industriegesellschaft für Schappe				Arlesheim	705	1908	53	telefonbuch_055	PTT-Archiv, P-260-1_Basel_1908	Basel
Dieselbe		Direktorwohnung		Arlesheim	705	1908	53	telefonbuch_055	PTT-Archiv, P-260-1_Basel_1908	Basel
Kaffeehalle		(Geschwister Gass)		Arlesheim	705	1908	53	telefonbuch_055	PTT-Archiv, P-260-1_Basel_1908	Basel
Kaus-Stalder		zum Ochsen		Arlesheim	705	1908	53	telefonbuch_055	PTT-Archiv, P-260-1_Basel_1908	Basel
Löliger	Th.	Dr.		Arlesheim	705	1908	53	telefonbuch_055	PTT-Archiv, P-260-1_Basel_1908	Basel
Löw	Carl	Dr., zum Kirschgarten		Arlesheim	705	1908	53	telefonbuch_055	PTT-Archiv, P-260-1_Basel_1908	Basel
Löw	Fritz	Architekt		Arlesheim	705	1908	53	telefonbuch_055	PTT-Archiv, P-260-1_Basel_1908	Basel
Meier-Gschwind	A.	Mechaniker		Arlesheim	705	1908	53	telefonbuch_055	PTT-Archiv, P-260-1_Basel_1908	Basel
Murbach-von Speyr	Ch.			Arlesheim	705	1908	53	telefonbuch_055	PTT-Archiv, P-260-1_Basel_1908	Basel
Paravicini-Müller	L.			Arlesheim	705	1908	53	telefonbuch_055	PTT-Archiv, P-260-1_Basel_1908	Basel
Ramstein-Kellerhals	E.	Gasthof zum Adler		Arlesheim	705	1908	53	telefonbuch_055	PTT-Archiv, P-260-1_Basel_1908	Basel
Renz	Th.	Wirtschaft und Bäckerei		Arlesheim	705	1908	53	telefonbuch_055	PTT-Archiv, P-260-1_Basel_1908	Basel
Rössiger-Guggenbühl	A.	Villa Beauregard		Arlesheim	705	1908	53	telefonbuch_055	PTT-Archiv, P-260-1_Basel_1908	Basel
Sarasin	Peter			Arlesheim	705	1908	53	telefonbuch_055	PTT-Archiv, P-260-1_Basel_1908	Basel
Sartorius-Preiswerk	F.			Arlesheim	705	1908	53	telefonbuch_055	PTT-Archiv, P-260-1_Basel_1908	Basel
Singeisen-Scheidel	A.	Frau, Rütli		Arlesheim	705	1908	53	telefonbuch_055	PTT-Archiv, P-260-1_Basel_1908	Basel
Spar- und Leihkasse Arlesheim				Arlesheim	705	1908	53	telefonbuch_055	PTT-Archiv, P-260-1_Basel_1908	Basel
Statthalteramt Arlesheim				Arlesheim	705	1908	53	telefonbuch_055	PTT-Archiv, P-260-1_Basel_1908	Basel
Suryhof				Arlesheim	705	1908	53	telefonbuch_055	PTT-Archiv, P-260-1_Basel_1908	Basel
Sütterlin	Alfons	Dr., Advokat		Arlesheim	705	1908	53	telefonbuch_055	PTT-Archiv, P-260-1_Basel_1908	Basel
Walser	A.	Zahnarzt		Arlesheim	705	1908	53	telefonbuch_055	PTT-Archiv, P-260-1_Basel_1908	Basel
Basler Strassenbahnen		Tramdepot		Aesch	2876	1908	54	telefonbuch_056	PTT-Archiv, P-260-1_Basel_1908	Basel
Fabrik für feuer- und säurefeste Produkte A.-G.				Aesch	705	1908	54	telefonbuch_056	PTT-Archiv, P-260-1_Basel_1908	Basel
Gemeindesprechstation		Postbureau		Aesch	705	1908	54	telefonbuch_056	PTT-Archiv, P-260-1_Basel_1908	Basel
Karrer	Fidel	Holzhandlung		Aesch	705	1908	54	telefonbuch_056	PTT-Archiv, P-260-1_Basel_1908	Basel
Meyer-Scherer	A.	Restaurant Warteck		Aesch	705	1908	54	telefonbuch_056	PTT-Archiv, P-260-1_Basel_1908	Basel
Müller	Dr. Achilles	Arzt		Aesch	705	1908	54	telefonbuch_056	PTT-Archiv, P-260-1_Basel_1908	Basel
Schmidlin-Bloch	J.	Hôtel Jura		Aesch	705	1908	54	telefonbuch_056	PTT-Archiv, P-260-1_Basel_1908	Basel
Sirübin-Schmidt	Jac.	Baumeister		Aesch	705	1908	54	telefonbuch_056	PTT-Archiv, P-260-1_Basel_1908	Basel
Wenger-Nachbur	Ed.	Gasthof zum Ochsen		Aesch	705	1908	54	telefonbuch_056	PTT-Archiv, P-260-1_Basel_1908	Basel
Willi	Dr. A.	Arzt		Aesch	705	1908	54	telefonbuch_056	PTT-Archiv, P-260-1_Basel_1908	Basel
Abbt	A.	Horloger und Bijoutier	Clarastrasse 51	Basel	4562	1908	54	telefonbuch_056	PTT-Archiv, P-260-1_Basel_1908	Basel
Abend	Oscar	Architekt	Weiherweg 92	Basel	4531	1908	54	telefonbuch_056	PTT-Archiv, P-260-1_Basel_1908	Basel
Aebin	Jakob		Riehenthorstr. 30	Basel	3399	1908	54	telefonbuch_056	PTT-Archiv, P-260-1_Basel_1908	Basel
Abry	Louis	march.-tailleur	Theaterstrasse 14	Basel	2193	1908	54	telefonbuch_056	PTT-Archiv, P-260-1_Basel_1908	Basel
Abt-Bader	Wilh.		Hammerstrasse 10	Basel	3538	1908	54	telefonbuch_056	PTT-Archiv, P-260-1_Basel_1908	Basel
Abt-Ettlin	Hans	Bäcker	Steinenthorstr. 45	Basel	2422	1908	54	telefonbuch_056	PTT-Archiv, P-260-1_Basel_1908	Basel
Abt	Gustav		Steinengraben 51	Basel	532	1908	54	telefonbuch_056	PTT-Archiv, P-260-1_Basel_1908	Basel
Abt	James	Papierhandlung	Clarastrasse 45	Basel	3249	1908	54	telefonbuch_056	PTT-Archiv, P-260-1_Basel_1908	Basel
Abt-Weiss	H.	Kaminfegermeister	St. Albanvorstadt 8	Basel	12	1908	54	telefonbuch_056	PTT-Archiv, P-260-1_Basel_1908	Basel
Abt-Wenk	Wwe. A. M.		Kirchgasse 21	Basel	3820	1908	54	telefonbuch_056	PTT-Archiv, P-260-1_Basel_1908	Basel
Achard-Milliet	Wwe. E.		Kluserstrasse 1	Basel	219	1908	54	telefonbuch_056	PTT-Archiv, P-260-1_Basel_1908	Basel
Achard, Stampfer & Cie.			Herbergsgasse 8	Basel	1634	1908	54	telefonbuch_056	PTT-Archiv, P-260-1_Basel_1908	Basel
Acker	Fl.	Baugeschäft	Klybeckstrasse 60	Basel	3242	1908	54	telefonbuch_056	PTT-Archiv, P-260-1_Basel_1908	Basel
Aktienbrauerei Basel		(Bureau)	Dornacherstr. 200	Basel	4008	1908	54	telefonbuch_056	PTT-Archiv, P-260-1_Basel_1908	Basel
Dieselbe		Flaschenbiergeschäft	Dornacherstr. 200	Basel	3761	1908	54	telefonbuch_056	PTT-Archiv, P-260-1_Basel_1908	Basel
Aktienbrauerei zum Feldschlösschen			Laufenstrasse 18	Basel	3994	1908	54	telefonbuch_056	PTT-Archiv, P-260-1_Basel_1908	Basel
Aktienbrauerei z. Sternenberg, vorm. Gebr. Zeller (Bierburg)		Bureau	Grenzacherstr. 487	Basel	3232	1908	54	telefonbuch_056	PTT-Archiv, P-260-1_Basel_1908	Basel
Dieselbe		(Wirtschaft)	Klingenthal 11	Basel	515	1908	54	telefonbuch_056	PTT-Archiv, P-260-1_Basel_1908	Basel
Dieselbe	R. Müller-Sauer		Elsässerstrasse 255	Basel	344	1908	54	telefonbuch_056	PTT-Archiv, P-260-1_Basel_1908	Basel
Aktienbrennerei, erste, in Basel			Margarethenstr. 59	Basel	2384	1908	54	telefonbuch_056	PTT-Archiv, P-260-1_Basel_1908	Basel
Aktiengesellschaft Backstein			Küchegässlein 5	Basel	4623	1908	54	telefonbuch_056	PTT-Archiv, P-260-1_Basel_1908	Basel
Aktiengesellschaft der Ofenfabrik Sursee			Steinenvorstadt 21	Basel	1409	1908	54	telefonbuch_056	PTT-Archiv, P-260-1_Basel_1908	Basel
Aktiengesellschaft für graphische Industrie			Angensteinerstr. 32	Basel	3204	1908	54	telefonbuch_056	PTT-Archiv, P-260-1_Basel_1908	Basel
Aktiengesellschaft für Hoch- und Tiefbauten		Baubureau	Bahnhofstrasse 165	Basel	4645	1908	54	telefonbuch_056	PTT-Archiv, P-260-1_Basel_1908	Basel
Aktiengesellschaft für industrielle Sandverwertung			Inn. Margarethenstr. 8	Basel	3432	1908	54	telefonbuch_056	PTT-Archiv, P-260-1_Basel_1908	Basel
Aktiengesellschaft James Jaquet			St. Johannring 26	Basel	4552	1908	54	telefonbuch_056	PTT-Archiv, P-260-1_Basel_1908	Basel
Aktienmühle Basel und Augst			Gärtnerstrasse 46	Basel	4226	1908	54	telefonbuch_056	PTT-Archiv, P-260-1_Basel_1908	Basel
Adam	Dr. Alfred		Leonhardsgraben 47	Basel	2911	1908	54	telefonbuch_056	PTT-Archiv, P-260-1_Basel_1908	Basel
Adler-Apotheke	L. Willen		Gerbergasse 39	Basel	3137	1908	54	telefonbuch_056	PTT-Archiv, P-260-1_Basel_1908	Basel
Adlung-Würgler	Alfr.	Spengler	Laufenstrasse 43	Basel	3616	1908	54	telefonbuch_056	PTT-Archiv, P-260-1_Basel_1908	Basel
Affolter, Christen & Cie.			Dornacherstr. 160	Basel	3752	1908	54	telefonbuch_056	PTT-Archiv, P-260-1_Basel_1908	Basel
Ahles	J.	Handelsgärtnerei	Hirzbodenweg 48	Basel	3778	1908	54	telefonbuch_056	PTT-Archiv, P-260-1_Basel_1908	Basel
Aichele	Jean	Confiseur	Steinenvorstadt 51	Basel	2567	1908	54	telefonbuch_056	PTT-Archiv, P-260-1_Basel_1908	Basel
Aichner, Sohn, R.		Baumeister	Birsigstrasse 76	Basel	3138	1908	54	telefonbuch_056	PTT-Archiv, P-260-1_Basel_1908	Basel
St. Alban-Apotheke	Herm. Pfau		St. Albanvorstadt 42	Basel	1849	1908	54	telefonbuch_056	PTT-Archiv, P-260-1_Basel_1908	Basel
Albert	Ad.	Gold- und Silberwaren	Freiestrasse 27	Basel	1148	1908	55	telefonbuch_057	PTT-Archiv, P-260-1_Basel_1908	Basel
Albert	Fr.	Baugeschäft	Allschwilerstr. 35	Basel	2676	1908	55	telefonbuch_057	PTT-Archiv, P-260-1_Basel_1908	Basel
Albicker	Adolf	Bäckermeister	Binningerstr. 7	Basel	666	1908	55	telefonbuch_057	PTT-Archiv, P-260-1_Basel_1908	Basel
Albicker-Haberthür	M.	Wwe.	Amerbachstrasse 72	Basel	776	1908	55	telefonbuch_057	PTT-Archiv, P-260-1_Basel_1908	Basel
Albiez-Schwob	M.	Pfandleihanstalt	Spalenberg 32	Basel	4567	1908	55	telefonbuch_057	PTT-Archiv, P-260-1_Basel_1908	Basel
Albrecht	Gust.	Horburgapotheke	Feldbergstrasse 57	Basel	3383	1908	55	telefonbuch_057	PTT-Archiv, P-260-1_Basel_1908	Basel
Albrecht-Wick	E. M.	Wwe.	Austrasse 16	Basel	2926	1908	55	telefonbuch_057	PTT-Archiv, P-260-1_Basel_1908	Basel
Alcoholfreies Restaurant „zum Johanniter“			St. Johannvorst. 48	Basel	1270	1908	55	telefonbuch_057	PTT-Archiv, P-260-1_Basel_1908	Basel
Aldinger-Kaltenbacher	Karl		Elisabethenstrasse 6	Basel	1337	1908	55	telefonbuch_057	PTT-Archiv, P-260-1_Basel_1908	Basel
Alioth & Hosch		Agenturen	St. Albananlage 3	Basel	126	1908	55	telefonbuch_057	PTT-Archiv, P-260-1_Basel_1908	Basel
Alioth	Alfred	Dr., Notar, und Siegrist, Dr. Hermann, Advokat	Gerbergasse 42	Basel	3264	1908	55	telefonbuch_057	PTT-Archiv, P-260-1_Basel_1908	Basel
Alioth-Merian	S.		St. Jakobstrasse 13	Basel	561	1908	55	telefonbuch_057	PTT-Archiv, P-260-1_Basel_1908	Basel
Alioth-Ronus	Achille		Sevogelstrasse 76	Basel	3961	1908	55	telefonbuch_057	PTT-Archiv, P-260-1_Basel_1908	Basel
Alioth-Vischer	Wm	Derselbe, siehe unter „Arlesheim“	Rittergasse 7	Basel	1045	1908	55	telefonbuch_057	PTT-Archiv, P-260-1_Basel_1908	Basel
Allemann	Jb.	Baugeschäft	Allschwilerstr. 44	Basel	464	1908	55	telefonbuch_057	PTT-Archiv, P-260-1_Basel_1908	Basel
Allgemeine Armenpflege			Blumenrain 3	Basel	1958	1908	55	telefonbuch_057	PTT-Archiv, P-260-1_Basel_1908	Basel
Allgemeiner Consumverein		(s. Consumverein)		Basel		1908	55	telefonbuch_057	PTT-Archiv, P-260-1_Basel_1908	Basel
Allgemeine Droschkenanstalt, Gebr. Keller			Margarethenstr. 79	Basel	2145	1908	55	telefonbuch_057	PTT-Archiv, P-260-1_Basel_1908	Basel
Allgemeine Droschkenanstalt, Gebr. Keller		Dieselbe	Drahtzugstrasse 16	Basel	3470	1908	55	telefonbuch_057	PTT-Archiv, P-260-1_Basel_1908	Basel
Allgemeine Elektrizitäts-Gesellschaft Basel		Lagerverwaltung	Rebgasse 24	Basel	2861	1908	55	telefonbuch_057	PTT-Archiv, P-260-1_Basel_1908	Basel
Allgemeine Elektrizitäts-Gesellschaft Basel		Dieselbe, Kaufm. u. techn. Bureau	Rebgasse 24	Basel	3090	1908	55	telefonbuch_057	PTT-Archiv, P-260-1_Basel_1908	Basel
Allgemeine Gewerbeschule			Petersgraben 52	Basel	2644	1908	55	telefonbuch_057	PTT-Archiv, P-260-1_Basel_1908	Basel
Allg. Musik-Gesellschaft		Verwaltung	Steinenvorstadt 23	Basel	2808	1908	55	telefonbuch_057	PTT-Archiv, P-260-1_Basel_1908	Basel
Allgemeine Musikschule			Leonhardstrasse 8	Basel	1587	1908	55	telefonbuch_057	PTT-Archiv, P-260-1_Basel_1908	Basel
Altermatt-Keller	K.	Wirt	Solothurnerstr. 11	Basel	862	1908	55	telefonbuch_057	PTT-Archiv, P-260-1_Basel_1908	Basel
Aelteste Basler Lichtpause-Anstalt M. Sütterlin			Allschwilerstr. 67	Basel	908	1908	55	telefonbuch_057	PTT-Archiv, P-260-1_Basel_1908	Basel
Altwegg	Anna Maria		Wettsteinplatz 10	Basel	3841	1908	55	telefonbuch_057	PTT-Archiv, P-260-1_Basel_1908	Basel
Altwegg	F.	(Paul Aug. Altwegg Nachf.)	Florastrasse 18	Basel	3747	1908	55	telefonbuch_057	PTT-Archiv, P-260-1_Basel_1908	Basel
Amans-Madeux	C.		Schützenmattstr. 38	Basel	3251	1908	55	telefonbuch_057	PTT-Archiv, P-260-1_Basel_1908	Basel
Amans, P., & Cie.			St. Johannvorstadt 6	Basel	1389	1908	55	telefonbuch_057	PTT-Archiv, P-260-1_Basel_1908	Basel
Amberg		Betriebschef des Kreises II S. B. B. Wohnung	Rothbergerstr. 17	Basel	2100	1908	55	telefonbuch_057	PTT-Archiv, P-260-1_Basel_1908	Basel
Amerikanische Transportgesellschaft A.-G.			Solothurnerstrasse 4	Basel	2745	1908	55	telefonbuch_057	PTT-Archiv, P-260-1_Basel_1908	Basel
Ammann, E., & Cie.			Schanzenstrasse 20	Basel	4195	1908	55	telefonbuch_057	PTT-Archiv, P-260-1_Basel_1908	Basel
Ammann-Kienast	B.		Kohlenberggasse 8	Basel	2419	1908	55	telefonbuch_057	PTT-Archiv, P-260-1_Basel_1908	Basel
Ammann-Schmid	Heinrich	Vertr. v. Neu-Selters	Barfüsserplatz 5	Basel	546	1908	55	telefonbuch_057	PTT-Archiv, P-260-1_Basel_1908	Basel
Ammann-Stähli & Cie.			Centralbahnplatz 9	Basel	2251	1908	55	telefonbuch_057	PTT-Archiv, P-260-1_Basel_1908	Basel
Ammann-Stücklin	J.		Gundoldingerstr. 93	Basel	1841	1908	55	telefonbuch_057	PTT-Archiv, P-260-1_Basel_1908	Basel
Aemmer	Ferd.		Mörsbergerstr. 40	Basel	4519	1908	55	telefonbuch_057	PTT-Archiv, P-260-1_Basel_1908	Basel
Aemmer	Fritz	Dr. med.	Mörsbergerstr. 28	Basel	3330	1908	55	telefonbuch_057	PTT-Archiv, P-260-1_Basel_1908	Basel
Aemmer & Cie.			Müllheimerstr. 50	Basel	3416	1908	55	telefonbuch_057	PTT-Archiv, P-260-1_Basel_1908	Basel
Aemmer & Cie.		Dieselben, Eisengiesserei	Güterstrasse 175	Basel	3922	1908	55	telefonbuch_057	PTT-Archiv, P-260-1_Basel_1908	Basel
Amsler	Ad.		Thiersteinerallee 22	Basel	3760	1908	55	telefonbuch_057	PTT-Archiv, P-260-1_Basel_1908	Basel
Amsler-Aubert	O.	(Centralbureau des schweiz. Hotelier-Vereins)	Sternengässlein 21	Basel	2406	1908	55	telefonbuch_057	PTT-Archiv, P-260-1_Basel_1908	Basel
Amsler	Rud.	Schreiner	Friedensgasse 50	Basel	162	1908	55	telefonbuch_057	PTT-Archiv, P-260-1_Basel_1908	Basel
Amstein	E.	Fussarzt und Chirurg	Mostackerstrasse 6	Basel	2972	1908	56	telefonbuch_058	PTT-Archiv, P-260-1_Basel_1908	Basel
Amstutz	G.	Lebensmittelhandel	Utengasse 17	Basel	1210	1908	56	telefonbuch_058	PTT-Archiv, P-260-1_Basel_1908	Basel
Anatom. Institut		Vesalianum	Vesalgasse 1	Basel	2604	1908	56	telefonbuch_058	PTT-Archiv, P-260-1_Basel_1908	Basel
An der Auer	R.	Strasseninspektor, Wohnung	Oberwilerstrasse 26	Basel	271	1908	56	telefonbuch_058	PTT-Archiv, P-260-1_Basel_1908	Basel
Andlauerklinik		(Prof. Hägler)	Petersgraben 11	Basel	1702	1908	56	telefonbuch_058	PTT-Archiv, P-260-1_Basel_1908	Basel
Andres, Georges, & Cie.			Leimenstrasse 23	Basel	145	1908	56	telefonbuch_058	PTT-Archiv, P-260-1_Basel_1908	Basel
Anglo-Continental Commercial Comp.		(voir Tea Planters Ltd.)		Basel		1908	56	telefonbuch_058	PTT-Archiv, P-260-1_Basel_1908	Basel
Anglo-Continentales Reise-Bureau		G. van Spyk	Inn. Margarethenstr. 5	Basel	4498	1908	56	telefonbuch_058	PTT-Archiv, P-260-1_Basel_1908	Basel
Angst	Gebrüder	Alte Bayrische Bierhalle	Steinenvorstadt 1a	Basel	2391	1908	56	telefonbuch_058	PTT-Archiv, P-260-1_Basel_1908	Basel
Angst	Gebrüder	Alte Bayrische Bierhalle	Steinenvorstadt 1a	Basel	4398	1908	56	telefonbuch_058	PTT-Archiv, P-260-1_Basel_1908	Basel
Angst	R.	Bandagist und Sanitätsgeschäft	Blumenrain 1	Basel	1327	1908	56	telefonbuch_058	PTT-Archiv, P-260-1_Basel_1908	Basel
Angst	R.	Wohnung	Steinenring 46	Basel	3854	1908	56	telefonbuch_058	PTT-Archiv, P-260-1_Basel_1908	Basel
Anilinfarben- u. Extraktfabriken vorm. Joh. Rud. Geigy		Kassa, Parterre	Bahnhofstrasse 3	Basel	3548	1908	56	telefonbuch_058	PTT-Archiv, P-260-1_Basel_1908	Basel
Anilinfarben- u. Extraktfabriken vorm. Joh. Rud. Geigy		Waren-Abteilung u. Spedition, I. St.	Bahnhofstrasse 3	Basel	3549	1908	56	telefonbuch_058	PTT-Archiv, P-260-1_Basel_1908	Basel
Anilinfarben- u. Extraktfabriken vorm. Joh. Rud. Geigy		Fabrik Rosenthal	Rosenthalweg 2	Basel	3618	1908	56	telefonbuch_058	PTT-Archiv, P-260-1_Basel_1908	Basel
Anklin	Alfred	Möbelfabrik	St. Albanring 278	Basel	2146	1908	56	telefonbuch_058	PTT-Archiv, P-260-1_Basel_1908	Basel
Antonietti	Mattia	Cementgeschäft	Rufacherstrasse 134	Basel	163	1908	56	telefonbuch_058	PTT-Archiv, P-260-1_Basel_1908	Basel
Apotheke Rordorf			Ob. Spalenberg 63	Basel	2885	1908	56	telefonbuch_058	PTT-Archiv, P-260-1_Basel_1908	Basel
Appellationsgericht			Bäumleingasse 1	Basel	4359	1908	56	telefonbuch_058	PTT-Archiv, P-260-1_Basel_1908	Basel
Arbeitersekretariat Basel			Blumenrain 5	Basel	1656	1908	56	telefonbuch_058	PTT-Archiv, P-260-1_Basel_1908	Basel
Arbeitgebersekretariat			Nadelberg 20	Basel	4441	1908	56	telefonbuch_058	PTT-Archiv, P-260-1_Basel_1908	Basel
Arbeitshütte			Klingelbergstrasse	Basel	1517	1908	56	telefonbuch_058	PTT-Archiv, P-260-1_Basel_1908	Basel
Arbeitsnachweisbureau			Totengässlein 1/3	Basel	1495	1908	56	telefonbuch_058	PTT-Archiv, P-260-1_Basel_1908	Basel
Armaturenfabrik J. Handschin			Dornacherstr. 146	Basel	3764	1908	56	telefonbuch_058	PTT-Archiv, P-260-1_Basel_1908	Basel
Armenamt		Bürgerliches	Nadelberg 3	Basel	4712	1908	56	telefonbuch_058	PTT-Archiv, P-260-1_Basel_1908	Basel
Armen-Arbeits-Anstalt zum Silberberg			Utengasse 11	Basel	4173	1908	56	telefonbuch_058	PTT-Archiv, P-260-1_Basel_1908	Basel
Armenherberge des Bürgerspitals			Petersgraben 4/6	Basel	1760	1908	56	telefonbuch_058	PTT-Archiv, P-260-1_Basel_1908	Basel
Arnold-Gisiger	Jos.	Droschkenhalter	Efringerstrasse 5	Basel	3448	1908	56	telefonbuch_058	PTT-Archiv, P-260-1_Basel_1908	Basel
Arnold-Rappard	Wilh.		Angensteinerstr. 15	Basel	4255	1908	56	telefonbuch_058	PTT-Archiv, P-260-1_Basel_1908	Basel
Asperger	Hugo	Coiffeur de dames	St Albanrheinweg 184	Basel	4621	1908	56	telefonbuch_058	PTT-Archiv, P-260-1_Basel_1908	Basel
Augenheilanstalt			Mittlerestrasse 91	Basel	1497	1908	56	telefonbuch_058	PTT-Archiv, P-260-1_Basel_1908	Basel
Ausfeld & Spyri		Ingenieurbureau	Wallstrasse 13	Basel	502	1908	56	telefonbuch_058	PTT-Archiv, P-260-1_Basel_1908	Basel
Auskunftei W. Schimmelpfeng			Freiestrasse 101	Basel	4614	1908	56	telefonbuch_058	PTT-Archiv, P-260-1_Basel_1908	Basel
Auskunftsbureau für jüdische Auswanderer			Hochstrasse 34	Basel	486	1908	56	telefonbuch_058	PTT-Archiv, P-260-1_Basel_1908	Basel
Autogarage C. Schlotterbeck			Steinenring 45	Basel	1842	1908	56	telefonbuch_058	PTT-Archiv, P-260-1_Basel_1908	Basel
Aux Elégants			Freiestrasse 86	Basel	1218	1908	56	telefonbuch_058	PTT-Archiv, P-260-1_Basel_1908	Basel
A'Wengen-Meyenrock	Frau F. R.		St. Jakobstrasse 19	Basel	2287	1908	56	telefonbuch_058	PTT-Archiv, P-260-1_Basel_1908	Basel
Baader	W.		Elisabethenstr. 75	Basel	2273	1908	56	telefonbuch_058	PTT-Archiv, P-260-1_Basel_1908	Basel
Bacher-Walther	Adolf	Schreinermeister	Laufenstrasse 68	Basel	613	1908	56	telefonbuch_058	PTT-Archiv, P-260-1_Basel_1908	Basel
Bächle-Kohlbrenner	Frid.	Wirt	Hammerstrasse 125	Basel	3408	1908	56	telefonbuch_058	PTT-Archiv, P-260-1_Basel_1908	Basel
Bachmann-Argast	Hch.	Küferei u. Weinhandlg.	Hirschgasse 44	Basel	142	1908	56	telefonbuch_058	PTT-Archiv, P-260-1_Basel_1908	Basel
Bachmann	Aug.	Küferei und Weinhandlg.	Holbeinstr. 14	Basel	4164	1908	56	telefonbuch_058	PTT-Archiv, P-260-1_Basel_1908	Basel
Bachmeier	J.	Maler	Hardtstrasse 85	Basel	3573	1908	56	telefonbuch_058	PTT-Archiv, P-260-1_Basel_1908	Basel
Bachofen-Burckhardt	C.		St. Albangraben 7	Basel	1875	1908	56	telefonbuch_058	PTT-Archiv, P-260-1_Basel_1908	Basel
Bachofen-Burckhardt	Frau Prof.		Münsterplatz 2	Basel	1086	1908	56	telefonbuch_058	PTT-Archiv, P-260-1_Basel_1908	Basel
Bachofen-Burckhardt		Frau Prof. (Bureau)	Münsterplatz 2	Basel	1095	1908	57	telefonbuch_059	PTT-Archiv, P-260-1_Basel_1908	Basel
Bachofen-Burckhardt		Landgut	Bruderholzweg 4	Basel	3763	1908	57	telefonbuch_059	PTT-Archiv, P-260-1_Basel_1908	Basel
Bachofen-Burckhardt	Wilhelm	Frau	Gartenstrasse 87	Basel	1307	1908	57	telefonbuch_059	PTT-Archiv, P-260-1_Basel_1908	Basel
Bachofen-Burckhardt	Wilhelm	Frau, Stallung	Martinsgasse 18	Basel	568	1908	57	telefonbuch_059	PTT-Archiv, P-260-1_Basel_1908	Basel
Bachofen-Dennler		privat	Friedensgasse 24	Basel	1494	1908	57	telefonbuch_059	PTT-Archiv, P-260-1_Basel_1908	Basel
Bachofen-Dennler & Sohn		Baugeschäft	Klingelbergstr. 27	Basel	1484	1908	57	telefonbuch_059	PTT-Archiv, P-260-1_Basel_1908	Basel
Bachofen-Petersen	J. M.	Wwe.	Gellertstrasse 24	Basel	4203	1908	57	telefonbuch_059	PTT-Archiv, P-260-1_Basel_1908	Basel
Bachofen-Vischer		Frau, Bureau	Rheinsprung 18	Basel	1314	1908	57	telefonbuch_059	PTT-Archiv, P-260-1_Basel_1908	Basel
Bachofen-Vischer		Privatwohnung	Rheinsprung 18	Basel	1309	1908	57	telefonbuch_059	PTT-Archiv, P-260-1_Basel_1908	Basel
Bachofen-Vischer			Singerweg 1	Basel	1854	1908	57	telefonbuch_059	PTT-Archiv, P-260-1_Basel_1908	Basel
Bachofen-Vischer		Gärtnerwohnung	Singerweg 3	Basel	420	1908	57	telefonbuch_059	PTT-Archiv, P-260-1_Basel_1908	Basel
Bachofen-Vischer		Villa	St. Jakobstrasse 191	Basel	3596	1908	57	telefonbuch_059	PTT-Archiv, P-260-1_Basel_1908	Basel
Bachthaler	Adolf	Schuhlager	Gerbergasse 35	Basel	2110	1908	57	telefonbuch_059	PTT-Archiv, P-260-1_Basel_1908	Basel
Bächtold	J.	Weinhandlung	Rudolfstrasse 54	Basel	2818	1908	57	telefonbuch_059	PTT-Archiv, P-260-1_Basel_1908	Basel
Bad-, Licht- und Wasser-Heil-Anstalt Basel			Missionsstrasse 17	Basel	3049	1908	57	telefonbuch_059	PTT-Archiv, P-260-1_Basel_1908	Basel
Bad- und Waschanstalt			Binningerstrasse 14	Basel	2563	1908	57	telefonbuch_059	PTT-Archiv, P-260-1_Basel_1908	Basel
Bad- und Waschanstalt			Mattweg 20	Basel	3609	1908	57	telefonbuch_059	PTT-Archiv, P-260-1_Basel_1908	Basel
Bader	Adolf		Bäumleingasse 13	Basel	1729	1908	57	telefonbuch_059	PTT-Archiv, P-260-1_Basel_1908	Basel
Bader-Ritter	W.		Spalenring 119	Basel	2733	1908	57	telefonbuch_059	PTT-Archiv, P-260-1_Basel_1908	Basel
Badische Assecuranz-Gesellschaft Akt.-Ges.		(Generalbevollmächtigter R. Klaiber)	Feierabendstrasse 12	Basel	2431	1908	57	telefonbuch_059	PTT-Archiv, P-260-1_Basel_1908	Basel
Badische Pferdeversicherungsanstalt		Subdirektion	Schützengraben 31	Basel	4416	1908	57	telefonbuch_059	PTT-Archiv, P-260-1_Basel_1908	Basel
Bähler	Gottlieb		Güterstrasse 76	Basel	2441	1908	57	telefonbuch_059	PTT-Archiv, P-260-1_Basel_1908	Basel
Bähler-Leiser	Alfr.		Gasstrasse 33	Basel	4483	1908	57	telefonbuch_059	PTT-Archiv, P-260-1_Basel_1908	Basel
Badische Bahn		Personenbahnhof, Auskunftsbureau		Basel	3521	1908	57	telefonbuch_059	PTT-Archiv, P-260-1_Basel_1908	Basel
Badische Bahn		Eilgutexpedition Bad. Bahn		Basel	3512	1908	57	telefonbuch_059	PTT-Archiv, P-260-1_Basel_1908	Basel
Badische Bahn		Güterverwaltung, Grossh. Bad.	Güterbahnhof	Basel	4410	1908	57	telefonbuch_059	PTT-Archiv, P-260-1_Basel_1908	Basel
Badische Bahn		Auskunft	Güterbahnhof	Basel	4432	1908	57	telefonbuch_059	PTT-Archiv, P-260-1_Basel_1908	Basel
Badische Bahn		Amtliche Güterbestättere (Camionnage) Bureau No. 14		Basel	3220	1908	57	telefonbuch_059	PTT-Archiv, P-260-1_Basel_1908	Basel
Gr. Bad. Bahnbau-Inspektion II			Riehenstrasse 192	Basel	1003	1908	57	telefonbuch_059	PTT-Archiv, P-260-1_Basel_1908	Basel
Gr. Bad. Bahnbau-Inspektion II			Freiburgerstrasse 9	Basel	4620	1908	57	telefonbuch_059	PTT-Archiv, P-260-1_Basel_1908	Basel
Gr. Bad. Betriebshinspektion			Bahnhofstrasse 12	Basel	4728	1908	57	telefonbuch_059	PTT-Archiv, P-260-1_Basel_1908	Basel
Bahnhof S. B. B., Personenbahnhof		Bahnhof-Vorstand, Auskunftsbureau		Basel	3920	1908	57	telefonbuch_059	PTT-Archiv, P-260-1_Basel_1908	Basel
Bahnhof S. B. B., Personenbahnhof		Eilgutexpedition S. B. B.		Basel	2474	1908	57	telefonbuch_059	PTT-Archiv, P-260-1_Basel_1908	Basel
Bahnhof S. B. B., Personenbahnhof		Eilgutabfertigungsstelle E. L. B.		Basel	1650	1908	57	telefonbuch_059	PTT-Archiv, P-260-1_Basel_1908	Basel
Bahnhof S. B. B., Personenbahnhof		Fahrkartenausgabestelle E. L. B.		Basel	1030	1908	57	telefonbuch_059	PTT-Archiv, P-260-1_Basel_1908	Basel
Bahnhof S. B. B., Personenbahnhof		Kommerzielle Agentur der S. B. B.		Basel	3976	1908	57	telefonbuch_059	PTT-Archiv, P-260-1_Basel_1908	Basel
Bahnhof S. B. B., Personenbahnhof		Speiseanstalt		Basel	3932	1908	57	telefonbuch_059	PTT-Archiv, P-260-1_Basel_1908	Basel
Bahnhof S. B. B., Güterbahnhof		Güterexpedition S. B. B., Auskunftsbureau		Basel	2245	1908	57	telefonbuch_059	PTT-Archiv, P-260-1_Basel_1908	Basel
Bahnhof S. B. B., Güterbahnhof		Güterexpedition S. B. B., Versandbureau		Basel	3980	1908	57	telefonbuch_059	PTT-Archiv, P-260-1_Basel_1908	Basel
Bahnhof S. B. B., Güterbahnhof		Güterexpedition S. B. B., Empfangsbureau		Basel	3987	1908	57	telefonbuch_059	PTT-Archiv, P-260-1_Basel_1908	Basel
Bahnhof S. B. B., Güterbahnhof		Güterabfertigungsstelle E. L. B.		Basel	3975	1908	57	telefonbuch_059	PTT-Archiv, P-260-1_Basel_1908	Basel
Bahnhof S. B. B., Güterbahnhof		Deutsches Zolldeklarationsbureau E. L. B.		Basel	4219	1908	57	telefonbuch_059	PTT-Archiv, P-260-1_Basel_1908	Basel
Bahnhof S. B. B.		Güterbahnhof, Camionnagebureau		Basel	2421	1908	58	telefonbuch_060	PTT-Archiv, P-260-1_Basel_1908	Basel
Bahnhof S. B. B.		Güterbahnhof, Lagerhausverwaltung		Basel	2479	1908	58	telefonbuch_060	PTT-Archiv, P-260-1_Basel_1908	Basel
Bahnhof S. B. B.		Güterbahnhof, Sprechstation für Private		Basel	4174	1908	58	telefonbuch_060	PTT-Archiv, P-260-1_Basel_1908	Basel
Bahnhof S. B. B.		Güterbahnhof, Speiseanstalt		Basel	4215	1908	58	telefonbuch_060	PTT-Archiv, P-260-1_Basel_1908	Basel
Bahnhof St. Johann		Güterexpedition S. B. B.		Basel	3615	1908	58	telefonbuch_060	PTT-Archiv, P-260-1_Basel_1908	Basel
Bahnhof St. Johann		Güterabfertigungsstelle E. L. B.		Basel	3608	1908	58	telefonbuch_060	PTT-Archiv, P-260-1_Basel_1908	Basel
Bahnhofbuchhandlung		(Georg & Cie.)	Bahnhof S. B. B.	Basel	977	1908	58	telefonbuch_060	PTT-Archiv, P-260-1_Basel_1908	Basel
Bahnhofheim			Steinenthorberg 14	Basel	520	1908	58	telefonbuch_060	PTT-Archiv, P-260-1_Basel_1908	Basel
Bahnhofrestauration S. B. B.	Ch.	Pfosi	Bahnhof S. B. B.	Basel	2244	1908	58	telefonbuch_060	PTT-Archiv, P-260-1_Basel_1908	Basel
Baier-Peter	H.	Eier-, Käse- u. Butterhandlung	Hegenheimerstr. 3	Basel	889	1908	58	telefonbuch_060	PTT-Archiv, P-260-1_Basel_1908	Basel
Baier-Rudin	H.	Agentur und Detektivbureau	Güterstrasse 274	Basel	4654	1908	58	telefonbuch_060	PTT-Archiv, P-260-1_Basel_1908	Basel
Baldermann	Reinhard		Wiesenstrasse 8	Basel	4327	1908	58	telefonbuch_060	PTT-Archiv, P-260-1_Basel_1908	Basel
Baldeweck-Meyer	Jakob	Spengler	Steinenvorstadt 50	Basel	2495	1908	58	telefonbuch_060	PTT-Archiv, P-260-1_Basel_1908	Basel
Baldinger	W.	Tapezierer	Klosterberg 11	Basel	1971	1908	58	telefonbuch_060	PTT-Archiv, P-260-1_Basel_1908	Basel
Ballié	A.	Möbelfabrik	Freiestrasse 29	Basel	1133	1908	58	telefonbuch_060	PTT-Archiv, P-260-1_Basel_1908	Basel
Ballmer	J. J.	Wein- und Colonialwaren	Hardtstrasse 26	Basel	3579	1908	58	telefonbuch_060	PTT-Archiv, P-260-1_Basel_1908	Basel
Bally-Burckhardt	M. L.	Wwe.	Grellingerstrasse 75	Basel	3493	1908	58	telefonbuch_060	PTT-Archiv, P-260-1_Basel_1908	Basel
Bally-Manifico	Theodor		Steinenring 25	Basel	221	1908	58	telefonbuch_060	PTT-Archiv, P-260-1_Basel_1908	Basel
Bâloise		Feuer, Direktion	Elisabethenstr. 46	Basel	2201	1908	58	telefonbuch_060	PTT-Archiv, P-260-1_Basel_1908	Basel
Bâloise		Generalagentur für „Feuer“	Elisabethenstr. 46	Basel	2159	1908	58	telefonbuch_060	PTT-Archiv, P-260-1_Basel_1908	Basel
Bâloise		Kasse	Elisabethenstr. 46	Basel	2200	1908	58	telefonbuch_060	PTT-Archiv, P-260-1_Basel_1908	Basel
Bâloise		Leben und Unfall, Direction	Elisabethenstr. 46	Basel	2172	1908	58	telefonbuch_060	PTT-Archiv, P-260-1_Basel_1908	Basel
Bâloise		Transport	Elisabethenstr. 51	Basel	2207	1908	58	telefonbuch_060	PTT-Archiv, P-260-1_Basel_1908	Basel
Bandi	Jules	Confiseur	Freiestrasse 82	Basel	1944	1908	58	telefonbuch_060	PTT-Archiv, P-260-1_Basel_1908	Basel
Bandi	Jules	Filiale	Centralbahnpl. 6	Basel	3351	1908	58	telefonbuch_060	PTT-Archiv, P-260-1_Basel_1908	Basel
Banga	Carl	Wwe., Molkerei	Dornacherstrasse 71	Basel	2467	1908	58	telefonbuch_060	PTT-Archiv, P-260-1_Basel_1908	Basel
Banholzer	Ad.	Zimmermeister	Sennheimerstr. 40	Basel	940	1908	58	telefonbuch_060	PTT-Archiv, P-260-1_Basel_1908	Basel
Banque cantonale de Bâle			Blumenrain 2	Basel	1336	1908	58	telefonbuch_060	PTT-Archiv, P-260-1_Basel_1908	Basel
Banque cantonale de Bâle		Service spécial	Blumenrain 2	Basel	177	1908	58	telefonbuch_060	PTT-Archiv, P-260-1_Basel_1908	Basel
Banque Fédérale S. A.			Münsterberg 1	Basel	1898	1908	58	telefonbuch_060	PTT-Archiv, P-260-1_Basel_1908	Basel
Banque Fédérale S. A.			Münsterberg 1	Basel	1807	1908	58	telefonbuch_060	PTT-Archiv, P-260-1_Basel_1908	Basel
Banque Fédérale S. A.		Bureau de change Freiestrasse	Freiestrasse	Basel	518	1908	58	telefonbuch_060	PTT-Archiv, P-260-1_Basel_1908	Basel
Banque Fédérale S. A.		Gare	Bundesbahnhof	Basel	3863	1908	58	telefonbuch_060	PTT-Archiv, P-260-1_Basel_1908	Basel
Banque Fédérale S. A.		Bourse	Bourse	Basel	3537	1908	58	telefonbuch_060	PTT-Archiv, P-260-1_Basel_1908	Basel
Banque Fédérale S. A.			Bourse	Basel	3150	1908	58	telefonbuch_060	PTT-Archiv, P-260-1_Basel_1908	Basel
Banque foncière du Jura			St. Albananlage 1	Basel	1949	1908	58	telefonbuch_060	PTT-Archiv, P-260-1_Basel_1908	Basel
Bär-Boos	Paul		Kanonengasse 3	Basel	2532	1908	58	telefonbuch_060	PTT-Archiv, P-260-1_Basel_1908	Basel
Bär	F.	Förster	Zürcherstrasse 193	Basel	77	1908	58	telefonbuch_060	PTT-Archiv, P-260-1_Basel_1908	Basel
Bär	Louis	Tapezierer	Aeschenvorstadt 10	Basel	2076	1908	58	telefonbuch_060	PTT-Archiv, P-260-1_Basel_1908	Basel
Bär & Co.			Leonhardsgraben 6	Basel	2731	1908	58	telefonbuch_060	PTT-Archiv, P-260-1_Basel_1908	Basel
Bär & Co.			Leonhardsgraben 6	Basel	159	1908	58	telefonbuch_060	PTT-Archiv, P-260-1_Basel_1908	Basel
Bär & Co.			LagerPlatz Dreispitz	Basel	2292	1908	58	telefonbuch_060	PTT-Archiv, P-260-1_Basel_1908	Basel
Bär-Wernet	G.		Margarethenstr. 87	Basel	968	1908	58	telefonbuch_060	PTT-Archiv, P-260-1_Basel_1908	Basel
Barbe-Hauser	E.	Hotel du Nord	Centralbahnstr. 17	Basel	2835	1908	58	telefonbuch_060	PTT-Archiv, P-260-1_Basel_1908	Basel
Barberis	G. B.		Steinenvorstadt 14	Basel	2148	1908	58	telefonbuch_060	PTT-Archiv, P-260-1_Basel_1908	Basel
Bardet & Cie.			Theaterstrasse 10	Basel	457	1908	59	telefonbuch_061	PTT-Archiv, P-260-1_Basel_1908	Basel
Barell-Leuzinger	Emil	Dr.	Grenzacherstr. 187	Basel	4652	1908	59	telefonbuch_061	PTT-Archiv, P-260-1_Basel_1908	Basel
Barlow	F. F.		Nonnenweg 27	Basel	818	1908	59	telefonbuch_061	PTT-Archiv, P-260-1_Basel_1908	Basel
Barruschky	Friedr.	Spengler	Steinenvorstadt 27	Basel	2277	1908	59	telefonbuch_061	PTT-Archiv, P-260-1_Basel_1908	Basel
Bartenbach	Herm.	Eisenhandlung	Feldbergstrasse 113	Basel	3442	1908	59	telefonbuch_061	PTT-Archiv, P-260-1_Basel_1908	Basel
Barth-Burckhardt	Marg.	Wwe.	Schaffh. Rheinweg 61	Basel	3785	1908	59	telefonbuch_061	PTT-Archiv, P-260-1_Basel_1908	Basel
Barth	Paul	Dr.	Stadthausgasse 13	Basel	1469	1908	59	telefonbuch_061	PTT-Archiv, P-260-1_Basel_1908	Basel
Barth-Schwarb	J.	Schuhmachermeister	Ob. Heuberg 18	Basel	2374	1908	59	telefonbuch_061	PTT-Archiv, P-260-1_Basel_1908	Basel
Basler Anzeiger			Pfluggasse 1	Basel	2047	1908	59	telefonbuch_061	PTT-Archiv, P-260-1_Basel_1908	Basel
Basler Bandfabrik		vorm. Trüdinger & Cons.	Nauenstrasse 10	Basel	2194	1908	59	telefonbuch_061	PTT-Archiv, P-260-1_Basel_1908	Basel
Basler Baugesellschaft		Direktion, Kasse und Vermietungsbureau	Freiestrasse 17	Basel	2045	1908	59	telefonbuch_061	PTT-Archiv, P-260-1_Basel_1908	Basel
Basler Baugesellschaft		Architekturbureau	Freiestrasse 17	Basel	2008	1908	59	telefonbuch_061	PTT-Archiv, P-260-1_Basel_1908	Basel
Basler Baugesellschaft		Ingenieurbureau, Maurergeschäft, Betonbau, Gipsergeschäft, Werkhof	Grenzacherstr. 32	Basel	3738	1908	59	telefonbuch_061	PTT-Archiv, P-260-1_Basel_1908	Basel
Basler Baugesellschaft		Steinmetzbetrieb	Grenzacherstr. 209	Basel	3234	1908	59	telefonbuch_061	PTT-Archiv, P-260-1_Basel_1908	Basel
Basler Baugesellschaft		siehe unter „Münchenstein“		Basel		1908	59	telefonbuch_061	PTT-Archiv, P-260-1_Basel_1908	Basel
Basler Buch- und Antiquariatshandlung		vorm. Ad. Geering	Bäumleingasse 10	Basel	1851	1908	59	telefonbuch_061	PTT-Archiv, P-260-1_Basel_1908	Basel
Basler Bürsten- und Pinselfabrik		Gebr. Steib	Pfeffingerstrasse 101	Basel	3858	1908	59	telefonbuch_061	PTT-Archiv, P-260-1_Basel_1908	Basel
Basler Centralheizungs-Fabrik		Stehle & Gutknecht	Bärenfelserstr. 47	Basel	2369	1908	59	telefonbuch_061	PTT-Archiv, P-260-1_Basel_1908	Basel
Basler chem. Fabrik		s. unter „Kleinhünigen“		Basel	3332	1908	59	telefonbuch_061	PTT-Archiv, P-260-1_Basel_1908	Basel
Basler Droguerie Leonhard Bernoulli & Co.			Hochstrasse 16	Basel	3889	1908	59	telefonbuch_061	PTT-Archiv, P-260-1_Basel_1908	Basel
Basler Droschkenanstalt Settelen		Droschken und Möbeltransport	Türkheimerstr. 17	Basel	1519	1908	59	telefonbuch_061	PTT-Archiv, P-260-1_Basel_1908	Basel
Basler Droschkenanstalt Settelen			Türkheimerstr. 17	Basel	3946	1908	59	telefonbuch_061	PTT-Archiv, P-260-1_Basel_1908	Basel
Basler Druck- und Verlagsanstalt			Pfluggasse 1	Basel	2113	1908	59	telefonbuch_061	PTT-Archiv, P-260-1_Basel_1908	Basel
Basler Effektenbörse		I	Börse	Basel	3146	1908	59	telefonbuch_061	PTT-Archiv, P-260-1_Basel_1908	Basel
Basler Effektenbörse		II	Börse	Basel	4302	1908	59	telefonbuch_061	PTT-Archiv, P-260-1_Basel_1908	Basel
Basler Effektenbörse		III	Börse	Basel	117	1908	59	telefonbuch_061	PTT-Archiv, P-260-1_Basel_1908	Basel
Basler Effektenbörse		IV (Börsen-Kommissär)	Börse	Basel	1419	1908	59	telefonbuch_061	PTT-Archiv, P-260-1_Basel_1908	Basel
Basler Eisgesellschaft		(Bronner & Co.)	Nauenstrasse 1	Basel	2270	1908	59	telefonbuch_061	PTT-Archiv, P-260-1_Basel_1908	Basel
Basler	J.	& Co.	Totentanz 1	Basel	1366	1908	59	telefonbuch_061	PTT-Archiv, P-260-1_Basel_1908	Basel
Basler Lagerhausgesellschaft		Lagerhaus, Kassa und Direktion	Isteinerstrasse 120	Basel	2401	1908	59	telefonbuch_061	PTT-Archiv, P-260-1_Basel_1908	Basel
Basler Lagerhausgesellschaft		Spedition	Isteinerstrasse 120	Basel	4496	1908	59	telefonbuch_061	PTT-Archiv, P-260-1_Basel_1908	Basel
Basler Lagerhausgesellschaft		Güterbahnhof Wolf der S. B. B.	St. Jakobstr.	Basel	4213	1908	59	telefonbuch_061	PTT-Archiv, P-260-1_Basel_1908	Basel
Basler Lagerhausgesellschaft		amtliche Güterbestätterei der Badischen Bahn, Bureau No. 14	Bad. Bahnhof	Basel	3220	1908	59	telefonbuch_061	PTT-Archiv, P-260-1_Basel_1908	Basel
Basler Milchgenossenschaft			Friedrichstrasse 18	Basel	381	1908	59	telefonbuch_061	PTT-Archiv, P-260-1_Basel_1908	Basel
Basler Möbelfabrik A.-G.		vorm. Hermann Wagner & Co., Direktion und Abteilung Schreinerei	Mittlerestrasse 30	Basel	2640	1908	59	telefonbuch_061	PTT-Archiv, P-260-1_Basel_1908	Basel
Basler Nachrichten		Expedition	Gerbergasse 40	Basel	3041	1908	59	telefonbuch_061	PTT-Archiv, P-260-1_Basel_1908	Basel
Basler Nachrichten		Druckerei	Gerbergasse 40	Basel	3339	1908	59	telefonbuch_061	PTT-Archiv, P-260-1_Basel_1908	Basel
Basler Nachrichten		Redaktion	Gerbergasse 40	Basel	3057	1908	59	telefonbuch_061	PTT-Archiv, P-260-1_Basel_1908	Basel
Basler Nähseidefabrik		Glaettli & Ruppli	Claragraben 82	Basel	3474	1908	59	telefonbuch_061	PTT-Archiv, P-260-1_Basel_1908	Basel
Basler Pfandleihanstalt			Luftgässlein 5	Basel	1751	1908	59	telefonbuch_061	PTT-Archiv, P-260-1_Basel_1908	Basel
Basler Seidenhaus Armand Goetschel			Falknerstrasse 1	Basel	1982	1908	59	telefonbuch_061	PTT-Archiv, P-260-1_Basel_1908	Basel
Basler Stempelfabrik Fr. Keller			Bäumleingasse 12	Basel	209	1908	59	telefonbuch_061	PTT-Archiv, P-260-1_Basel_1908	Basel
Basler Strassenbahnen		Direktion	Claragraben 57	Basel	3822	1908	60	telefonbuch_062	PTT-Archiv, P-260-1_Basel_1908	Basel
Basler Strassenbahnen		Betriebsinspektion, Dienstbureau, Fundbureau	Claragraben 57	Basel	1236	1908	60	telefonbuch_062	PTT-Archiv, P-260-1_Basel_1908	Basel
Basler Strassenbahnen		Buchhaltung, Kasse, Bahningenieur	Claragraben 57	Basel	3815	1908	60	telefonbuch_062	PTT-Archiv, P-260-1_Basel_1908	Basel
Basler Strassenbahnen		Kraftstation	Claragraben 57	Basel	3802	1908	60	telefonbuch_062	PTT-Archiv, P-260-1_Basel_1908	Basel
Basler Strassenbahnen		Stationsgebäude Barfüsserplatz	Barfüsserplatz	Basel	4266	1908	60	telefonbuch_062	PTT-Archiv, P-260-1_Basel_1908	Basel
Basler Strassenbahnen		Dépôt Klybeck, Wagenremise, Werkstätten	Klybeckstrasse 212	Basel	3381	1908	60	telefonbuch_062	PTT-Archiv, P-260-1_Basel_1908	Basel
Basler Strassenbahnen		Klybeck, Bureau, Materialverwaltung	Klybeckstrasse 212	Basel	3228	1908	60	telefonbuch_062	PTT-Archiv, P-260-1_Basel_1908	Basel
Basler Strassenbahnen		Allschwilerstrasse	Aeussere Allschwilerstrasse	Basel	285	1908	60	telefonbuch_062	PTT-Archiv, P-260-1_Basel_1908	Basel
Basler Strassenbahnen		Wiesenplatz	Wiesenplatz	Basel	4381	1908	60	telefonbuch_062	PTT-Archiv, P-260-1_Basel_1908	Basel
Basler Strassenbahnen		Arlesheim (siehe Arlesheim)		Basel	2876	1908	60	telefonbuch_062	PTT-Archiv, P-260-1_Basel_1908	Basel
Basler Strassenbahnen		Aesch, (siehe Aesch)		Basel	2876	1908	60	telefonbuch_062	PTT-Archiv, P-260-1_Basel_1908	Basel
Basler Strassenbahnen		Wohnung des Direktors	Socinstrasse 81	Basel	991	1908	60	telefonbuch_062	PTT-Archiv, P-260-1_Basel_1908	Basel
Basler Strassenbahnen		Wohnung des Adjunkten des Direktors	Kandererstrasse 32	Basel	91	1908	60	telefonbuch_062	PTT-Archiv, P-260-1_Basel_1908	Basel
Basler Strassenbahnen		Wohnung des Betriebsinspektors	Ob. Rebgasse 1/3	Basel	3819	1908	60	telefonbuch_062	PTT-Archiv, P-260-1_Basel_1908	Basel
Basler Verkaufs-Centrale der Churer Lack- und Farbenfabrik			Heumattstrasse 19	Basel	2226	1908	60	telefonbuch_062	PTT-Archiv, P-260-1_Basel_1908	Basel
Basler Versicherungsgesellschaften		Feuer, Direktion	Elisabethenstr. 46	Basel	2201	1908	60	telefonbuch_062	PTT-Archiv, P-260-1_Basel_1908	Basel
Basler Versicherungsgesellschaften		Generalagentur für „Feuer“	Elisabethenstr. 46	Basel	2159	1908	60	telefonbuch_062	PTT-Archiv, P-260-1_Basel_1908	Basel
Basler Versicherungsgesellschaften		Feuer, Kasse	Elisabethenstr. 46	Basel	2200	1908	60	telefonbuch_062	PTT-Archiv, P-260-1_Basel_1908	Basel
Basler Versicherungsgesellschaften		Leben und Unfall, Direktion	Elisabethenstr. 46	Basel	2172	1908	60	telefonbuch_062	PTT-Archiv, P-260-1_Basel_1908	Basel
Basler Versicherungsgesellschaften		Transport	Elisabethenstr. 51	Basel	2207	1908	60	telefonbuch_062	PTT-Archiv, P-260-1_Basel_1908	Basel
Basler Volksblatt			Petersgasse 34	Basel	1687	1908	60	telefonbuch_062	PTT-Archiv, P-260-1_Basel_1908	Basel
Basler Volkshaus und Gasthof z. Blume			Schwanengasse 4	Basel	1695	1908	60	telefonbuch_062	PTT-Archiv, P-260-1_Basel_1908	Basel
Basler Vorwärts			Petersberg 29	Basel	1738	1908	60	telefonbuch_062	PTT-Archiv, P-260-1_Basel_1908	Basel
Basler Wach- u. Schliessgesellschaft			Hammerstrasse 55	Basel	4455	1908	60	telefonbuch_062	PTT-Archiv, P-260-1_Basel_1908	Basel
Basler Wichsefabrik Luchsinger & Cie.			Bruderholzstr. 104	Basel	1458	1908	60	telefonbuch_062	PTT-Archiv, P-260-1_Basel_1908	Basel
Basler Wohnungsanzeiger		Redaktion	Dornacherstrasse 137	Basel	4081	1908	60	telefonbuch_062	PTT-Archiv, P-260-1_Basel_1908	Basel
Basler Zeitung und Handelsblatt			Elisabethenstr. 11	Basel	1961	1908	60	telefonbuch_062	PTT-Archiv, P-260-1_Basel_1908	Basel
Basler Zeitung und Handelsblatt		Redaktion	Elisabethenstr. 11	Basel	2412	1908	60	telefonbuch_062	PTT-Archiv, P-260-1_Basel_1908	Basel
Bässler	J.	Mech. Schreinerei	Colmarerstrasse 13	Basel	527	1908	60	telefonbuch_062	PTT-Archiv, P-260-1_Basel_1908	Basel
Baudepartement		Sekretariat	Münsterplatz 11	Basel	1167	1908	60	telefonbuch_062	PTT-Archiv, P-260-1_Basel_1908	Basel
Baudepartement		Kantonsing., I. Adjunkt u. Zeichnungsbureau	Münsterplatz 11	Basel	1174	1908	60	telefonbuch_062	PTT-Archiv, P-260-1_Basel_1908	Basel
Baudepartement		Kassa	Münsterplatz 11	Basel	4490	1908	60	telefonbuch_062	PTT-Archiv, P-260-1_Basel_1908	Basel
Baudepartement		Hochbauinspektor I u. II, Hochbaubureau I u. II, Mobiliarverwalter, Heizungsingenieur	Münsterplatz 11	Basel	1168	1908	60	telefonbuch_062	PTT-Archiv, P-260-1_Basel_1908	Basel
Baudepartement		Werkhof, Materialverwaltung	Pestalozzistrasse 30	Basel	1537	1908	60	telefonbuch_062	PTT-Archiv, P-260-1_Basel_1908	Basel
Baudepartement		Bauverwalter I und II	Münsterplatz 11	Basel	435	1908	60	telefonbuch_062	PTT-Archiv, P-260-1_Basel_1908	Basel
Baudepartement		Baupolizei	Münsterplatz 11	Basel	120	1908	60	telefonbuch_062	PTT-Archiv, P-260-1_Basel_1908	Basel
Baudepartement		Baubureau des Inselschulhauses	Inselstrasse	Basel	960	1908	60	telefonbuch_062	PTT-Archiv, P-260-1_Basel_1908	Basel
Baudepartement		Baubureau der Mädchensekundarschule	Strassburgerallee	Basel	4711	1908	60	telefonbuch_062	PTT-Archiv, P-260-1_Basel_1908	Basel
Baudepartement		Kanalisationsbureau	Münsterplatz 11	Basel	1826	1908	60	telefonbuch_062	PTT-Archiv, P-260-1_Basel_1908	Basel
Baudepartement		Strasseninspektorat	Münsterplatz 11	Basel	3218	1908	60	telefonbuch_062	PTT-Archiv, P-260-1_Basel_1908	Basel
Baudepartement		Strasseninspektorat, Wohnung	Oberwilerstrasse 26	Basel	271	1908	60	telefonbuch_062	PTT-Archiv, P-260-1_Basel_1908	Basel
Baudepartement		Hauptmagazin der Strassenreinigung	Blumenrain 5	Basel	652	1908	60	telefonbuch_062	PTT-Archiv, P-260-1_Basel_1908	Basel
Baudepartement		Stadtgärtnerei, Bureau	Elsässerstrasse 2	Basel	1640	1908	60	telefonbuch_062	PTT-Archiv, P-260-1_Basel_1908	Basel
Baudepartement		Stadtuhrenmacher	Nadelberg 11	Basel	2575	1908	60	telefonbuch_062	PTT-Archiv, P-260-1_Basel_1908	Basel
Bauder-Ritter	Joh.		Blauenstrasse 19	Basel	4730	1908	61	telefonbuch_063	PTT-Archiv, P-260-1_Basel_1908	Basel
Baudirektion des Stadttheaters	F. Stehlin	Arch.	Kohlenberg 7	Basel	488	1908	61	telefonbuch_063	PTT-Archiv, P-260-1_Basel_1908	Basel
Bauer-Brombacher	Fr.	Buchbinder	Hebelstrasse 11	Basel	461	1908	61	telefonbuch_063	PTT-Archiv, P-260-1_Basel_1908	Basel
Bauer	Camille		Dornacherstrasse 18	Basel	2205	1908	61	telefonbuch_063	PTT-Archiv, P-260-1_Basel_1908	Basel
Bauer	Carl	Holz- und Metallhandlung	Steinenthorstrasse 4	Basel	2167	1908	61	telefonbuch_063	PTT-Archiv, P-260-1_Basel_1908	Basel
Bauer	Carl	Tapezierer	Binningerstr. 31	Basel	4017	1908	61	telefonbuch_063	PTT-Archiv, P-260-1_Basel_1908	Basel
Bauer	Conrad	Metzgermeister	Schneidergasse 19	Basel	399	1908	61	telefonbuch_063	PTT-Archiv, P-260-1_Basel_1908	Basel
Bauer	Gottfried	Buchdruckerei	St. Johannvorst. 41	Basel	1707	1908	61	telefonbuch_063	PTT-Archiv, P-260-1_Basel_1908	Basel
Bauer-Kirch	Franz		Rütlistrasse 43	Basel	3607	1908	61	telefonbuch_063	PTT-Archiv, P-260-1_Basel_1908	Basel
Bauer	J. M.		Freiestrasse 6	Basel	1575	1908	61	telefonbuch_063	PTT-Archiv, P-260-1_Basel_1908	Basel
Bauler-Wieland	J.		Grellingerstrasse 21	Basel	3561	1908	61	telefonbuch_063	PTT-Archiv, P-260-1_Basel_1908	Basel
Bauler & Baur			Freiestrasse 22	Basel	1801	1908	61	telefonbuch_063	PTT-Archiv, P-260-1_Basel_1908	Basel
Baumann	Anton		Maulbeerweg 19	Basel	1214	1908	61	telefonbuch_063	PTT-Archiv, P-260-1_Basel_1908	Basel
Baumann	E.	Hôtel Sonne	Ob. Rheingasse 25	Basel	1221	1908	61	telefonbuch_063	PTT-Archiv, P-260-1_Basel_1908	Basel
Baumann	H. Sohn	Spezierer	Holbeinstrasse 56	Basel	262	1908	61	telefonbuch_063	PTT-Archiv, P-260-1_Basel_1908	Basel
Baumann-Kühnle	Joseph		Colmarstrasse 12	Basel	848	1908	61	telefonbuch_063	PTT-Archiv, P-260-1_Basel_1908	Basel
Baumann-Lohner	C.	Tapezierer	Palmenstrasse 22	Basel	496	1908	61	telefonbuch_063	PTT-Archiv, P-260-1_Basel_1908	Basel
Baumann	P.	Leiter d. Kinderhorte d. Primarschulen	Ob. Rheinweg 93	Basel	3262	1908	61	telefonbuch_063	PTT-Archiv, P-260-1_Basel_1908	Basel
Baumann-Schäublin	Jac.		Weiherweg 54	Basel	523	1908	61	telefonbuch_063	PTT-Archiv, P-260-1_Basel_1908	Basel
Baumberger-Schneider	Ww. E.		Schützenmattstr. 50	Basel	3177	1908	61	telefonbuch_063	PTT-Archiv, P-260-1_Basel_1908	Basel
Baumgartner	Ed.		Aeschengraben 32	Basel	2389	1908	61	telefonbuch_063	PTT-Archiv, P-260-1_Basel_1908	Basel
Baumgartner	Ed.	Derselbe	Steinenvorstadt 8	Basel	2516	1908	61	telefonbuch_063	PTT-Archiv, P-260-1_Basel_1908	Basel
Baumgartner	Emil	Wirt	Elsässerstrasse 13	Basel	4144	1908	61	telefonbuch_063	PTT-Archiv, P-260-1_Basel_1908	Basel
Baumgartner	Karl	Malermeister	Claragraben 56	Basel	3640	1908	61	telefonbuch_063	PTT-Archiv, P-260-1_Basel_1908	Basel
Baumgartner-Mica	H.	Ingenieur	Unt. Rebgasse 11	Basel	4540	1908	61	telefonbuch_063	PTT-Archiv, P-260-1_Basel_1908	Basel
Baumgartner	Otto		Hebelstrasse 79	Basel	1652	1908	61	telefonbuch_063	PTT-Archiv, P-260-1_Basel_1908	Basel
Baumgartner & Co.			Claragraben 37	Basel	1306	1908	61	telefonbuch_063	PTT-Archiv, P-260-1_Basel_1908	Basel
Baumli-Jost	B.	Waschanstalt	Ob. Rebgasse 23	Basel	4470	1908	61	telefonbuch_063	PTT-Archiv, P-260-1_Basel_1908	Basel
Baur	Dr. Fritz	Redaktor	Wartenbergstr. 37	Basel	564	1908	61	telefonbuch_063	PTT-Archiv, P-260-1_Basel_1908	Basel
Baur-Greiner	Georg	Bäcker und Wirt	Unt. Rebgasse 14	Basel	1247	1908	61	telefonbuch_063	PTT-Archiv, P-260-1_Basel_1908	Basel
Baur	Karl	Schreinermeister	Feldbergstrasse 37	Basel	3422	1908	61	telefonbuch_063	PTT-Archiv, P-260-1_Basel_1908	Basel
Baur-Lippe	Samuel		Mostackerstrasse 8	Basel	672	1908	61	telefonbuch_063	PTT-Archiv, P-260-1_Basel_1908	Basel
Baur	Samuel	Schlossermeister	Hardtstrasse 28	Basel	3784	1908	61	telefonbuch_063	PTT-Archiv, P-260-1_Basel_1908	Basel
Baur	Samuel	& Sohn, Maler	Gemsberg 5	Basel	2751	1908	61	telefonbuch_063	PTT-Archiv, P-260-1_Basel_1908	Basel
Baur		Schwestern	Eisengasse 13	Basel	1591	1908	61	telefonbuch_063	PTT-Archiv, P-260-1_Basel_1908	Basel
Bausteinfabrik Kleinhüningen			Kleinhüningerstr. 180	Basel	3198	1908	61	telefonbuch_063	PTT-Archiv, P-260-1_Basel_1908	Basel
Bayer-Studer	Wwe.	Corsettengeschäft	Streitgasse 14	Basel	2011	1908	61	telefonbuch_063	PTT-Archiv, P-260-1_Basel_1908	Basel
Bayer & Röthlisberger		Chem. Waschanstalt und Färberei, Laden	Gerbergasse 57	Basel	2188	1908	61	telefonbuch_063	PTT-Archiv, P-260-1_Basel_1908	Basel
Bayer & Röthlisberger		Dieselben, Fabrik und Bureau	Gerbergasse 57	Basel	2188	1908	61	telefonbuch_063	PTT-Archiv, P-260-1_Basel_1908	Basel
Bazzell	L.	Hôtel Metropole & Monopol	Barfüsserplatz 3	Basel	2353	1908	61	telefonbuch_063	PTT-Archiv, P-260-1_Basel_1908	Basel
Bea	C.	fils, automobiles	Spitalstrasse 24	Basel	304	1908	61	telefonbuch_063	PTT-Archiv, P-260-1_Basel_1908	Basel
Bea	Karl	Restauration zum badischen Hof	Bahnhofstrasse 55	Basel	3310	1908	61	telefonbuch_063	PTT-Archiv, P-260-1_Basel_1908	Basel
Beck	Albert	Wwe., Bauschreinerei u. Glaserei	Hardtstrasse 129	Basel	3777	1908	61	telefonbuch_063	PTT-Archiv, P-260-1_Basel_1908	Basel
Beck	Dr. Theodor		Missionsstrasse 19	Basel	1513	1908	61	telefonbuch_063	PTT-Archiv, P-260-1_Basel_1908	Basel
Beck & Co.			Birsigstrasse 54	Basel	2566	1908	61	telefonbuch_063	PTT-Archiv, P-260-1_Basel_1908	Basel
Becker	Adolf		Freiestrasse 107	Basel	2931	1908	61	telefonbuch_063	PTT-Archiv, P-260-1_Basel_1908	Basel
Beckmann	Dr. Bruno		Sonnenweg 6	Basel	474	1908	61	telefonbuch_063	PTT-Archiv, P-260-1_Basel_1908	Basel
Beil	Jean	Käsehandlung, Bureau	Tellstrasse 7	Basel	3860	1908	62	telefonbuch_064	PTT-Archiv, P-260-1_Basel_1908	Basel
Beil	Jean	Wohnung	Pfeffingerstrasse 79	Basel	3879	1908	62	telefonbuch_064	PTT-Archiv, P-260-1_Basel_1908	Basel
Bek-von Köppel	Emil Osc.	Glasmaler	Friedensgasse 69	Basel	4192	1908	62	telefonbuch_064	PTT-Archiv, P-260-1_Basel_1908	Basel
Bekbissinger	E.	Bäckerei	Schauenburgerstr. 22	Basel	412	1908	62	telefonbuch_064	PTT-Archiv, P-260-1_Basel_1908	Basel
Bélat-Vögtli	C.		Falkensteinerstr. 11	Basel	3926	1908	62	telefonbuch_064	PTT-Archiv, P-260-1_Basel_1908	Basel
Bell	Eduard	Metzger	Streitgasse 11	Basel	2713	1908	62	telefonbuch_064	PTT-Archiv, P-260-1_Basel_1908	Basel
Bell	Samuel	Söhne	Streitgasse 20	Basel	2055	1908	62	telefonbuch_064	PTT-Archiv, P-260-1_Basel_1908	Basel
Bell-Krummenacher	Emil	Fuhrhalterei	Sierenzerstrasse 10	Basel	824	1908	62	telefonbuch_064	PTT-Archiv, P-260-1_Basel_1908	Basel
Bellasio	Arthur	Wohnung	Bättwilerstrasse 14	Basel	642	1908	62	telefonbuch_064	PTT-Archiv, P-260-1_Basel_1908	Basel
Belz	Carl	Buchbinderei	Gemsberg 7	Basel	436	1908	62	telefonbuch_064	PTT-Archiv, P-260-1_Basel_1908	Basel
Bender-Bender	J.		Unt. Rheinweg 46	Basel	1292	1908	62	telefonbuch_064	PTT-Archiv, P-260-1_Basel_1908	Basel
Benkler-Meier	Emil		Clarastrasse 35	Basel	4486	1908	62	telefonbuch_064	PTT-Archiv, P-260-1_Basel_1908	Basel
Benz	Emma		Oberwilerstr. 17	Basel	144	1908	62	telefonbuch_064	PTT-Archiv, P-260-1_Basel_1908	Basel
Benz	G.	Pfarrer	Mörsbergerstr. 42	Basel	4593	1908	62	telefonbuch_064	PTT-Archiv, P-260-1_Basel_1908	Basel
Benz	H.		Elsässerstrasse 126	Basel	3003	1908	62	telefonbuch_064	PTT-Archiv, P-260-1_Basel_1908	Basel
Berger-Bechtel		Wwe., Wirtschaft	Freiburgerstrasse 1	Basel	3341	1908	62	telefonbuch_064	PTT-Archiv, P-260-1_Basel_1908	Basel
Berger	Emil		Schanzenstrasse 18	Basel	3280	1908	62	telefonbuch_064	PTT-Archiv, P-260-1_Basel_1908	Basel
Bergmaier	Wilh.	Schlossermeister	Bartenheimerstr. 15	Basel	996	1908	62	telefonbuch_064	PTT-Archiv, P-260-1_Basel_1908	Basel
Bergmann	Julius		Freiestrasse 11	Basel	463	1908	62	telefonbuch_064	PTT-Archiv, P-260-1_Basel_1908	Basel
Bernard	Edouard		Marschalkenstr. 27	Basel	4536	1908	62	telefonbuch_064	PTT-Archiv, P-260-1_Basel_1908	Basel
Bernauer-Iselin	Adolf	Metzger	Clarastrasse 24	Basel	3707	1908	62	telefonbuch_064	PTT-Archiv, P-260-1_Basel_1908	Basel
Bernauer-Kraft	K.	Erdbauunternehmer	Spalenring 16	Basel	836	1908	62	telefonbuch_064	PTT-Archiv, P-260-1_Basel_1908	Basel
Bernauer-Reichert	Raimund	Flaschenbierdepot	Allschwilerstr. 63	Basel	816	1908	62	telefonbuch_064	PTT-Archiv, P-260-1_Basel_1908	Basel
Bernet	J. J.	Conditor	Aeschenvorstadt 53	Basel	1998	1908	62	telefonbuch_064	PTT-Archiv, P-260-1_Basel_1908	Basel
Bernhard	Alfred	Droguerie	Dornacherstr. 183	Basel	547	1908	62	telefonbuch_064	PTT-Archiv, P-260-1_Basel_1908	Basel
Bernheim	Charles	Metzgermeister	Ob. Heuberg 2	Basel	2860	1908	62	telefonbuch_064	PTT-Archiv, P-260-1_Basel_1908	Basel
Bernheim	Henri		Aeschengraben 21	Basel	2300	1908	62	telefonbuch_064	PTT-Archiv, P-260-1_Basel_1908	Basel
Bernheim	Marc		Aeschengraben 30	Basel	1939	1908	62	telefonbuch_064	PTT-Archiv, P-260-1_Basel_1908	Basel
Bernheim	Philipp		Nauenstrasse 55	Basel	4070	1908	62	telefonbuch_064	PTT-Archiv, P-260-1_Basel_1908	Basel
Bernheim	Ph.	& Co.	Elisabethenstr. 85	Basel	2381	1908	62	telefonbuch_064	PTT-Archiv, P-260-1_Basel_1908	Basel
Bernheim	Ph.	& Co.	Elisabethenstr. 85	Basel	3060	1908	62	telefonbuch_064	PTT-Archiv, P-260-1_Basel_1908	Basel
Bernheim	Ph.	& Co.	Elisabethenstr. 85	Basel	3969	1908	62	telefonbuch_064	PTT-Archiv, P-260-1_Basel_1908	Basel
Bernoulli	Dan. Alfr.	Architekt	Steinengraben 73	Basel	1091	1908	62	telefonbuch_064	PTT-Archiv, P-260-1_Basel_1908	Basel
Bernoulli	C. Chr.	Dr., Oberbibliothekar	Holbeinstrasse 69	Basel	3650	1908	62	telefonbuch_064	PTT-Archiv, P-260-1_Basel_1908	Basel
Bernoulli-Gengenbach	F.		Schützengraben 49	Basel	429	1908	62	telefonbuch_064	PTT-Archiv, P-260-1_Basel_1908	Basel
Bernoulli-Glitsch	Daniel	Dr.	Steinengraben 77	Basel	2515	1908	62	telefonbuch_064	PTT-Archiv, P-260-1_Basel_1908	Basel
Bernoulli	Leonhard	& Cie., Basler Droguerie	Hochstrasse 16	Basel	3889	1908	62	telefonbuch_064	PTT-Archiv, P-260-1_Basel_1908	Basel
Bernoulli	Marie u. Mathilde	Kunstphotogr.	Bäumleingasse 14	Basel	1983	1908	62	telefonbuch_064	PTT-Archiv, P-260-1_Basel_1908	Basel
Bernoulli-Reber	J. J.	Prof. Dr.	Kanonengasse 19	Basel	3083	1908	62	telefonbuch_064	PTT-Archiv, P-260-1_Basel_1908	Basel
Bernoulli-Riggenbach	Ed.		Langegasse 11	Basel	1902	1908	62	telefonbuch_064	PTT-Archiv, P-260-1_Basel_1908	Basel
Bernoulli-Sartorius	Wilh.	Dr.	Maiengasse 57	Basel	3070	1908	62	telefonbuch_064	PTT-Archiv, P-260-1_Basel_1908	Basel
Bernoulli-Sulger	H.	Wwe.	Steinengraben 73	Basel	1091	1908	62	telefonbuch_064	PTT-Archiv, P-260-1_Basel_1908	Basel
Bernoulli-Vischer	W.	Architektur u. Baugesch.	Clarahofweg 25	Basel	4450	1908	62	telefonbuch_064	PTT-Archiv, P-260-1_Basel_1908	Basel
Bernoulli-Vischer	W.	Wohnung	Wartenbergstr. 11	Basel	4184	1908	62	telefonbuch_064	PTT-Archiv, P-260-1_Basel_1908	Basel
Bernoulli-von der Tann	W. L.		Leimenstrasse 30	Basel	2880	1908	62	telefonbuch_064	PTT-Archiv, P-260-1_Basel_1908	Basel
Bertholet	A.	Prof.	Leonhardstrasse 8	Basel	2679	1908	62	telefonbuch_064	PTT-Archiv, P-260-1_Basel_1908	Basel
Berthoud	Georges		St. Jakobstrasse 15	Basel	4262	1908	62	telefonbuch_064	PTT-Archiv, P-260-1_Basel_1908	Basel
Bertolf	Wilhelm		Freiestrasse 42	Basel	1884	1908	62	telefonbuch_064	PTT-Archiv, P-260-1_Basel_1908	Basel
Bertrams	Heinrich		Utengasse 15	Basel	1196	1908	62	telefonbuch_064	PTT-Archiv, P-260-1_Basel_1908	Basel
Bertrand	Charles	Bureau Fortuna	Heumattstrasse 11	Basel	658	1908	63	telefonbuch_065	PTT-Archiv, P-260-1_Basel_1908	Basel
Bertrand & Cie.			Thiersteinerallee 9	Basel	538	1908	63	telefonbuch_065	PTT-Archiv, P-260-1_Basel_1908	Basel
Bertsch	W.	Landschaftsgärtner	Neubadstrasse 270	Basel	831	1908	63	telefonbuch_065	PTT-Archiv, P-260-1_Basel_1908	Basel
Bertschi		Buchdruckerei	Petersgasse 40	Basel	1677	1908	63	telefonbuch_065	PTT-Archiv, P-260-1_Basel_1908	Basel
Beschle	Ernst	Conditorei	Holbeinstrasse 49	Basel	3124	1908	63	telefonbuch_065	PTT-Archiv, P-260-1_Basel_1908	Basel
Besse	Justin	mech. Teppichklopferei u. Schreinerei	Liesbergerstrasse 15	Basel	3502	1908	63	telefonbuch_065	PTT-Archiv, P-260-1_Basel_1908	Basel
Bessermann		Dr. med., Zahnarzt u. prakt. Arzt	Steingraben 46	Basel	4514	1908	63	telefonbuch_065	PTT-Archiv, P-260-1_Basel_1908	Basel
Bestattungswesen			Münsterplatz 11	Basel	2165	1908	63	telefonbuch_065	PTT-Archiv, P-260-1_Basel_1908	Basel
Betsch-Mähly	G. J. A.	Dr.	Marschalkenstr. 20	Basel	4220	1908	63	telefonbuch_065	PTT-Archiv, P-260-1_Basel_1908	Basel
Betsche	Albert	Bäckermeister	Landskronstr. 31	Basel	2557	1908	63	telefonbuch_065	PTT-Archiv, P-260-1_Basel_1908	Basel
Bettwarengeschäft Rosenmund			Spalenring 166	Basel	2960	1908	63	telefonbuch_065	PTT-Archiv, P-260-1_Basel_1908	Basel
Betz	G.	& Sohn, mech. Werkstätte	Mörsbergerstr. 54	Basel	822	1908	63	telefonbuch_065	PTT-Archiv, P-260-1_Basel_1908	Basel
Betz	J.	& Cie., Cementgeschäft	Eulerstrasse 53	Basel	2759	1908	63	telefonbuch_065	PTT-Archiv, P-260-1_Basel_1908	Basel
Beutel	E.		Elisabethenstr. 77	Basel	2253	1908	63	telefonbuch_065	PTT-Archiv, P-260-1_Basel_1908	Basel
Beuttner	E.		Bundesstrasse 11	Basel	4716	1908	63	telefonbuch_065	PTT-Archiv, P-260-1_Basel_1908	Basel
Bibliothek		öffentliche	Schönbeinstrasse 20	Basel	2636	1908	63	telefonbuch_065	PTT-Archiv, P-260-1_Basel_1908	Basel
Bickart & Neu			Ob. Heuberg 22	Basel	1115	1908	63	telefonbuch_065	PTT-Archiv, P-260-1_Basel_1908	Basel
Bickel	J.	Telephonchef	Mittlerestrasse 78	Basel	95	1908	63	telefonbuch_065	PTT-Archiv, P-260-1_Basel_1908	Basel
Bickert	Henri		Leimenstrasse 36	Basel	4408	1908	63	telefonbuch_065	PTT-Archiv, P-260-1_Basel_1908	Basel
Bider	Max	Dr., pract. Arzt	Schützenmattstr. 39	Basel	2660	1908	63	telefonbuch_065	PTT-Archiv, P-260-1_Basel_1908	Basel
Bider-Münger	A.	Dr., Arzt	Claragraben 35	Basel	3459	1908	63	telefonbuch_065	PTT-Archiv, P-260-1_Basel_1908	Basel
Bieder-Iselin	A.	Dr.	Byfangweg 14	Basel	2990	1908	63	telefonbuch_065	PTT-Archiv, P-260-1_Basel_1908	Basel
Bieder		"""Löwenzorn"""	Gemsberg 2/4	Basel	2796	1908	63	telefonbuch_065	PTT-Archiv, P-260-1_Basel_1908	Basel
Bieder, Vischer & Burckhardt			Kaufhausgasse 7	Basel	2027	1908	63	telefonbuch_065	PTT-Archiv, P-260-1_Basel_1908	Basel
Biedert-Hafner	W.	Fuhrhalter	Elsässerstrasse 84	Basel	1726	1908	63	telefonbuch_065	PTT-Archiv, P-260-1_Basel_1908	Basel
Bielmann-Thiébaud	L.	Mme.	Byfangweg 45	Basel	4578	1908	63	telefonbuch_065	PTT-Archiv, P-260-1_Basel_1908	Basel
Bierer	Joseph		Peter Merianstr. 21	Basel	2710	1908	63	telefonbuch_065	PTT-Archiv, P-260-1_Basel_1908	Basel
Bierhalle Thoma		(Ed. Villaret-Bertrand)	Ob. Rheingasse 2	Basel	1118	1908	63	telefonbuch_065	PTT-Archiv, P-260-1_Basel_1908	Basel
Biermann	Gustav		Murtengasse 8	Basel	3796	1908	63	telefonbuch_065	PTT-Archiv, P-260-1_Basel_1908	Basel
Bihrer	Alphonse	Bijoutier	Freiestrasse 72	Basel	2033	1908	63	telefonbuch_065	PTT-Archiv, P-260-1_Basel_1908	Basel
Billich	E.	Tapetenhandlung	Steinenvorstadt 65	Basel	965	1908	63	telefonbuch_065	PTT-Archiv, P-260-1_Basel_1908	Basel
Billich	Seb.	Schreinermeister	Mörsbergerstrasse 52	Basel	426	1908	63	telefonbuch_065	PTT-Archiv, P-260-1_Basel_1908	Basel
Binder-Wiest	C.		Ob. Heuberg 17	Basel	2882	1908	63	telefonbuch_065	PTT-Archiv, P-260-1_Basel_1908	Basel
Bindschädler		Geschwister, Cementbaugeschäft	Klybeckstrasse 51/53	Basel	3202	1908	63	telefonbuch_065	PTT-Archiv, P-260-1_Basel_1908	Basel
Bing	E. & S.	Gebr.	Freiestrasse 40	Basel	1989	1908	63	telefonbuch_065	PTT-Archiv, P-260-1_Basel_1908	Basel
Bing		Gebr., Söhne, Seidenband en gros	St. Albananlage 10	Basel	1710	1908	63	telefonbuch_065	PTT-Archiv, P-260-1_Basel_1908	Basel
Bing	Robert	Dr., Arzt	Wallstrasse 1	Basel	1117	1908	63	telefonbuch_065	PTT-Archiv, P-260-1_Basel_1908	Basel
Binkert-Bohrer	Ed.		St. Johannvorst. 41	Basel	3664	1908	63	telefonbuch_065	PTT-Archiv, P-260-1_Basel_1908	Basel
Binswanger-Heilgers	Gust.		Austrasse 89	Basel	989	1908	63	telefonbuch_065	PTT-Archiv, P-260-1_Basel_1908	Basel
Binswanger & Lebert			Freiestrasse 53	Basel	4044	1908	63	telefonbuch_065	PTT-Archiv, P-260-1_Basel_1908	Basel
Bircher-Wullschleger	J.	Wirt	Centralbahnstr. 19	Basel	3857	1908	63	telefonbuch_065	PTT-Archiv, P-260-1_Basel_1908	Basel
Birkhäuser	Emil	Buchdruckerei	Elisabethenstr. 11	Basel	2307	1908	63	telefonbuch_065	PTT-Archiv, P-260-1_Basel_1908	Basel
Birkhäuser	Emil	Wohnung	Margarethenstr. 53	Basel	2425	1908	63	telefonbuch_065	PTT-Archiv, P-260-1_Basel_1908	Basel
Birkhäuser & Dübi		Buchdruckerei	Elisabethenstrasse 7	Basel	2012	1908	63	telefonbuch_065	PTT-Archiv, P-260-1_Basel_1908	Basel
Birnbaumer	Anton	Decateur	Steinenthorstr. 29	Basel	2104	1908	63	telefonbuch_065	PTT-Archiv, P-260-1_Basel_1908	Basel
Birsigthalbahn		Direktion	Binningerstrasse 11	Basel	2470	1908	63	telefonbuch_065	PTT-Archiv, P-260-1_Basel_1908	Basel
Birsigthalbahn		Wohnung des Betriebsdirektors	Rothbergerstr. 2	Basel	604	1908	63	telefonbuch_065	PTT-Archiv, P-260-1_Basel_1908	Basel
Birsigthalbahn		Schalterhaus	auf St. Margarethen	Basel	4030	1908	63	telefonbuch_065	PTT-Archiv, P-260-1_Basel_1908	Basel
Birsigthalbahn		Kraftstation (siehe Oberwil)		Basel	3566	1908	63	telefonbuch_065	PTT-Archiv, P-260-1_Basel_1908	Basel
Bischler	August	Dr., Direktor	Unt. Rheinweg 104	Basel	2598	1908	64	telefonbuch_066	PTT-Archiv, P-260-1_Basel_1908	Basel
Bischoff	Clara		Hardtsrasse 45	Basel	4464	1908	64	telefonbuch_066	PTT-Archiv, P-260-1_Basel_1908	Basel
Bischoff	Carl	Dr.	Sevogelstrasse 53	Basel	3694	1908	64	telefonbuch_066	PTT-Archiv, P-260-1_Basel_1908	Basel
Bischoff-Cherbuin	Emma	Wwe.	Gellertstrasse 1	Basel	4201	1908	64	telefonbuch_066	PTT-Archiv, P-260-1_Basel_1908	Basel
Bischoff	Ed.		Hardstrasse 11	Basel	3570	1908	64	telefonbuch_066	PTT-Archiv, P-260-1_Basel_1908	Basel
Bischoff	Emil		Nadelberg 10	Basel	1432	1908	64	telefonbuch_066	PTT-Archiv, P-260-1_Basel_1908	Basel
Bischoff-Geigy	Chr.	Frau	Langegasse 15	Basel	2063	1908	64	telefonbuch_066	PTT-Archiv, P-260-1_Basel_1908	Basel
Bischoff	J. J. A.	Dr., Frauenarzt	St. Albanvorstadt 14	Basel	1994	1908	64	telefonbuch_066	PTT-Archiv, P-260-1_Basel_1908	Basel
Bischoff	Jos.	Baugeschäft	Sennheimerstr. 15	Basel	2816	1908	64	telefonbuch_066	PTT-Archiv, P-260-1_Basel_1908	Basel
Bischoff-Meyer	B.	Frau	Bättwilerstrasse 12	Basel	419	1908	64	telefonbuch_066	PTT-Archiv, P-260-1_Basel_1908	Basel
Bischoff-Ryhiner	E.		St. Jakobstrasse 17	Basel	1947	1908	64	telefonbuch_066	PTT-Archiv, P-260-1_Basel_1908	Basel
Bischoff-Wieland	E.	Frau	Schützenmattstr. 40	Basel	2947	1908	64	telefonbuch_066	PTT-Archiv, P-260-1_Basel_1908	Basel
Bitterli-Peter		Fr., Butterhandlung	Drahtzugstrasse 57	Basel	3473	1908	64	telefonbuch_066	PTT-Archiv, P-260-1_Basel_1908	Basel
Bitz	Wilh.	Buchbinder	Aeschenvorstadt 48	Basel	2066	1908	64	telefonbuch_066	PTT-Archiv, P-260-1_Basel_1908	Basel
Blankenhorn & Co.		(ausserhalb der Bureaustunden 4 50 oder 28 47)	Elsässerstrasse 170	Basel	1369	1908	64	telefonbuch_066	PTT-Archiv, P-260-1_Basel_1908	Basel
Blankenhorn	Hermann		Maiengasse 56	Basel	450	1908	64	telefonbuch_066	PTT-Archiv, P-260-1_Basel_1908	Basel
Blaser	Fritz		Schneidergasse 24	Basel	1439	1908	64	telefonbuch_066	PTT-Archiv, P-260-1_Basel_1908	Basel
Blaser	Fritz	Wohnung	Spalenthorweg 56	Basel	2138	1908	64	telefonbuch_066	PTT-Archiv, P-260-1_Basel_1908	Basel
Bläsi-Apotheke		Dr. B. Scheuermann	Klybeckstrasse 98	Basel	4679	1908	64	telefonbuch_066	PTT-Archiv, P-260-1_Basel_1908	Basel
Bläsi-Kaffeehalle			Klingenthalstrasse 1	Basel	3377	1908	64	telefonbuch_066	PTT-Archiv, P-260-1_Basel_1908	Basel
Bläsischulhaus			Bläsiringweg 110	Basel	3369	1908	64	telefonbuch_066	PTT-Archiv, P-260-1_Basel_1908	Basel
Blatter-Christener	Emanuel	Milchhändler	Allschwilerstrasse 40	Basel	956	1908	64	telefonbuch_066	PTT-Archiv, P-260-1_Basel_1908	Basel
Blatter	E.	& Cie., Tuchhandlung	Freiestrasse 31	Basel	728	1908	64	telefonbuch_066	PTT-Archiv, P-260-1_Basel_1908	Basel
Blatter-Lanz	Chr.	Teppiche und Linoleum	Klybeckstrasse 74	Basel	4373	1908	64	telefonbuch_066	PTT-Archiv, P-260-1_Basel_1908	Basel
Blattner-Wespi	C.	Wwe., Hebamme	Elisabethenstr. 40	Basel	2313	1908	64	telefonbuch_066	PTT-Archiv, P-260-1_Basel_1908	Basel
Blauel	Leopold	Wirt	Elsässerstrasse 89	Basel	1356	1908	64	telefonbuch_066	PTT-Archiv, P-260-1_Basel_1908	Basel
Blaukreuzhaus (Gesellsch.)		Verw. Joh. Hasler	Petersgraben 23	Basel	1577	1908	64	telefonbuch_066	PTT-Archiv, P-260-1_Basel_1908	Basel
Blecher	F. A.	Hotel Bauer am Rhein	Blumenrain 12	Basel	1302	1908	64	telefonbuch_066	PTT-Archiv, P-260-1_Basel_1908	Basel
Blindenheim			Kohlenberggasse 20	Basel	2361	1908	64	telefonbuch_066	PTT-Archiv, P-260-1_Basel_1908	Basel
Bloch-Bernheim	Eugen		Elisabethenstr. 31	Basel	659	1908	64	telefonbuch_066	PTT-Archiv, P-260-1_Basel_1908	Basel
Bloch	Jules		Arnold-Böcklinstr. 31	Basel	1662	1908	64	telefonbuch_066	PTT-Archiv, P-260-1_Basel_1908	Basel
Bloch	Charles		Eulerstrasse 49	Basel	4046	1908	64	telefonbuch_066	PTT-Archiv, P-260-1_Basel_1908	Basel
Bloch	D.	Nachf. v. Bloch & Tachau	Leimenstrasse 24	Basel	2298	1908	64	telefonbuch_066	PTT-Archiv, P-260-1_Basel_1908	Basel
Bloch	Ernst	Dr., St. Leonhardsapotheke	Leimenstrasse 27	Basel	2955	1908	64	telefonbuch_066	PTT-Archiv, P-260-1_Basel_1908	Basel
Bloch-Fritschi	S.		Metzerstrasse 65	Basel	4068	1908	64	telefonbuch_066	PTT-Archiv, P-260-1_Basel_1908	Basel
Bloch-Geismar	H.	Wwe.	Socinstrasse 30	Basel	4339	1908	64	telefonbuch_066	PTT-Archiv, P-260-1_Basel_1908	Basel
Bloch		Gebrüder	Ramsteinerstrasse 9	Basel	4293	1908	64	telefonbuch_066	PTT-Archiv, P-260-1_Basel_1908	Basel
Bloch-Hauser & Cie.			Steinenvorstadt 19	Basel	3386	1908	64	telefonbuch_066	PTT-Archiv, P-260-1_Basel_1908	Basel
Bloch-Heumann	Simon		Zürcherstrasse 19	Basel	3962	1908	64	telefonbuch_066	PTT-Archiv, P-260-1_Basel_1908	Basel
Bloch	Js.	& Comp., Mercerie et Maroquinerie en gros	Dornacherstrasse 62	Basel	135	1908	64	telefonbuch_066	PTT-Archiv, P-260-1_Basel_1908	Basel
Bloch	Js.	& Comp., Wohnung	Centralbahnstrasse 5	Basel	537	1908	64	telefonbuch_066	PTT-Archiv, P-260-1_Basel_1908	Basel
Bloch-Kahn	Charles		Schützenmattstr. 46	Basel	2163	1908	64	telefonbuch_066	PTT-Archiv, P-260-1_Basel_1908	Basel
Bloch-Lebrecht	J.		Eulerstrasse 83	Basel	856	1908	64	telefonbuch_066	PTT-Archiv, P-260-1_Basel_1908	Basel
Bloch	Leopold		Thiersteinerallee 42	Basel	243	1908	64	telefonbuch_066	PTT-Archiv, P-260-1_Basel_1908	Basel
Bloch	Moritz		Gerbergasse 89	Basel	4245	1908	64	telefonbuch_066	PTT-Archiv, P-260-1_Basel_1908	Basel
Bloch	Philipp		Hardstrasse 72	Basel	4270	1908	64	telefonbuch_066	PTT-Archiv, P-260-1_Basel_1908	Basel
Bloch	Philipp		Johanniterstrasse 11	Basel	2785	1908	64	telefonbuch_066	PTT-Archiv, P-260-1_Basel_1908	Basel
Bloch	Simon		Falknerstrasse 1	Basel	2118	1908	64	telefonbuch_066	PTT-Archiv, P-260-1_Basel_1908	Basel
Bloch	S.	& Cie.	Oetlingerstrasse 69	Basel	3315	1908	65	telefonbuch_067	PTT-Archiv, P-260-1_Basel_1908	Basel
Bloch & Ulmann		Viehhändler	Steinenthorberg 12	Basel	2507	1908	65	telefonbuch_067	PTT-Archiv, P-260-1_Basel_1908	Basel
Bloch & Goldschmidt			Güterstrasse 167	Basel	4314	1908	65	telefonbuch_067	PTT-Archiv, P-260-1_Basel_1908	Basel
Blum	Albert	& Cie., Agenturen	Gempenstrasse 39	Basel	900	1908	65	telefonbuch_067	PTT-Archiv, P-260-1_Basel_1908	Basel
Blum	Albert	Privatwohnung	Dornacherstr. 115	Basel	4709	1908	65	telefonbuch_067	PTT-Archiv, P-260-1_Basel_1908	Basel
Blum	Gaston		Freiestrasse 117	Basel	416	1908	65	telefonbuch_067	PTT-Archiv, P-260-1_Basel_1908	Basel
Blum	R.		Eulerstrasse 29	Basel	2497	1908	65	telefonbuch_067	PTT-Archiv, P-260-1_Basel_1908	Basel
Boch-Stein	K. Chr.	Marchand-Tailleur	Leimenstrasse 6	Basel	4710	1908	65	telefonbuch_067	PTT-Archiv, P-260-1_Basel_1908	Basel
Bochert	Adolf	Bäckermeister	Allschwilerstr. 46	Basel	4649	1908	65	telefonbuch_067	PTT-Archiv, P-260-1_Basel_1908	Basel
Bochert	H.	Vertr. d. Weinburg Schaffhausen	Wanderstrasse 8	Basel	4634	1908	65	telefonbuch_067	PTT-Archiv, P-260-1_Basel_1908	Basel
Bodenheimer	Berthold		Gartenstrasse 109	Basel	3613	1908	65	telefonbuch_067	PTT-Archiv, P-260-1_Basel_1908	Basel
Bodenheimer	Berthold	Lagerplatz	Dreispitz	Basel	4406	1908	65	telefonbuch_067	PTT-Archiv, P-260-1_Basel_1908	Basel
Bodenheimer	H.	au Printemps, Damenkonfektion	Freiestrasse 45	Basel	467	1908	65	telefonbuch_067	PTT-Archiv, P-260-1_Basel_1908	Basel
Bodenheimer	S.		Gartenstrasse 58	Basel	2161	1908	65	telefonbuch_067	PTT-Archiv, P-260-1_Basel_1908	Basel
Böhler-Breitenstein	E.	Konstruktions- u. Rep.-Werkstätte für Heizungsanlagen	Clarastrasse 11	Basel	4367	1908	65	telefonbuch_067	PTT-Archiv, P-260-1_Basel_1908	Basel
Böhler	F. J.	Basler Ofenfabrik	Clarastrasse 50	Basel	3711	1908	65	telefonbuch_067	PTT-Archiv, P-260-1_Basel_1908	Basel
Böhler-Trötschler	Gregor	z. Burgvogtei	Rebgasse 12/14	Basel	3460	1908	65	telefonbuch_067	PTT-Archiv, P-260-1_Basel_1908	Basel
Böhm	Joseph		Bruderholzstr. 104	Basel	200	1908	65	telefonbuch_067	PTT-Archiv, P-260-1_Basel_1908	Basel
Böhme-Asal	Jacques	Dekorationsmaler	Dufourstrasse 50	Basel	1882	1908	65	telefonbuch_067	PTT-Archiv, P-260-1_Basel_1908	Basel
Böhme-Steinmann	Lukas	Küfermeister	Hirschgässlein 1	Basel	2086	1908	65	telefonbuch_067	PTT-Archiv, P-260-1_Basel_1908	Basel
Bohny-Collin	Alfred		Riehenthorstrasse 31	Basel	1120	1908	65	telefonbuch_067	PTT-Archiv, P-260-1_Basel_1908	Basel
Bohny	C.	Dr., Arzt	Claragraben 23	Basel	3731	1908	65	telefonbuch_067	PTT-Archiv, P-260-1_Basel_1908	Basel
Bohny, Hollinger & Co.			Clarastrasse 6	Basel	3525	1908	65	telefonbuch_067	PTT-Archiv, P-260-1_Basel_1908	Basel
Bohny-Ranzenberger	Emil		Grenzacherstr. 11	Basel	3824	1908	65	telefonbuch_067	PTT-Archiv, P-260-1_Basel_1908	Basel
Bohny-Ritschard	Ad.		Eulerstrasse 17	Basel	3261	1908	65	telefonbuch_067	PTT-Archiv, P-260-1_Basel_1908	Basel
Bohrer-Butz	Joh.	Glasermeister	Allschwilerstr. 5	Basel	729	1908	65	telefonbuch_067	PTT-Archiv, P-260-1_Basel_1908	Basel
Boehringer	Conrad		Grenzacherstr. 83	Basel	4588	1908	65	telefonbuch_067	PTT-Archiv, P-260-1_Basel_1908	Basel
Boivin	Edouard		St. Albananlage 1	Basel	2171	1908	65	telefonbuch_067	PTT-Archiv, P-260-1_Basel_1908	Basel
Bölger	Marie		Paulusgasse 8	Basel	2124	1908	65	telefonbuch_067	PTT-Archiv, P-260-1_Basel_1908	Basel
Bollack, Brunschwig & Cie.			Güterstrasse 133	Basel	2215	1908	65	telefonbuch_067	PTT-Archiv, P-260-1_Basel_1908	Basel
Bollack	Albert	Privatwohnung	Güterstrasse 133	Basel	2215	1908	65	telefonbuch_067	PTT-Archiv, P-260-1_Basel_1908	Basel
Bollag	Arth.	Manufactur- u. Aussteuergeschäft	Heumattstrasse 12	Basel	3192	1908	65	telefonbuch_067	PTT-Archiv, P-260-1_Basel_1908	Basel
Bollag-Dreyfus	Jos.		Klingelbergstr. 29	Basel	3405	1908	65	telefonbuch_067	PTT-Archiv, P-260-1_Basel_1908	Basel
Bollag	Emanuel		Steinenvorstadt 54	Basel	2087	1908	65	telefonbuch_067	PTT-Archiv, P-260-1_Basel_1908	Basel
Bollag-Feuchtwanger	J.		Holbeinstrasse 15	Basel	4080	1908	65	telefonbuch_067	PTT-Archiv, P-260-1_Basel_1908	Basel
Bollag	Gebr.	Bettfedern und Flaum	Lichtstrasse 39	Basel	1489	1908	65	telefonbuch_067	PTT-Archiv, P-260-1_Basel_1908	Basel
Bollag	J.	Commission u. Warrantgeschäft	Petersgraben 61	Basel	3806	1908	65	telefonbuch_067	PTT-Archiv, P-260-1_Basel_1908	Basel
Bollag	Josef		Leimenstrasse 31	Basel	220	1908	65	telefonbuch_067	PTT-Archiv, P-260-1_Basel_1908	Basel
Bollag	Jules		Heumattstrasse 10	Basel	660	1908	65	telefonbuch_067	PTT-Archiv, P-260-1_Basel_1908	Basel
Bollag	S.	französische Warenhalle	Marktgasse 21	Basel	1606	1908	65	telefonbuch_067	PTT-Archiv, P-260-1_Basel_1908	Basel
Bollag	Sigmund		Steinenthorberg 2	Basel	500	1908	65	telefonbuch_067	PTT-Archiv, P-260-1_Basel_1908	Basel
Bollag-Sommer	J.		Eulerstrasse 66	Basel	768	1908	65	telefonbuch_067	PTT-Archiv, P-260-1_Basel_1908	Basel
Boller-Schnorf	Ferd.		Dornacherstrasse 91	Basel	629	1908	65	telefonbuch_067	PTT-Archiv, P-260-1_Basel_1908	Basel
Bolliger-Handschin	H.		Güterstrasse 88	Basel	4345	1908	65	telefonbuch_067	PTT-Archiv, P-260-1_Basel_1908	Basel
Bolliger & Oberer		Elektr. Unternehmungen	Güterstrasse 88	Basel	331	1908	65	telefonbuch_067	PTT-Archiv, P-260-1_Basel_1908	Basel
Bömly	Alfr.	Direktor des Sommertheaters	Riehenstrasse 61	Basel	149	1908	65	telefonbuch_067	PTT-Archiv, P-260-1_Basel_1908	Basel
Böniger	M.	Dr.	Mittlerestrasse 137	Basel	4687	1908	65	telefonbuch_067	PTT-Archiv, P-260-1_Basel_1908	Basel
Bonnand	Ed.	Tierarzt	Pfeffingerstrasse 49	Basel	1992	1908	65	telefonbuch_067	PTT-Archiv, P-260-1_Basel_1908	Basel
Bonzanigo	Carlo		Leimenstrasse 54	Basel	4705	1908	66	telefonbuch_068	PTT-Archiv, P-260-1_Basel_1908	Basel
Boepple	Paul		Mittlerestrasse 61	Basel	452	1908	66	telefonbuch_068	PTT-Archiv, P-260-1_Basel_1908	Basel
Borchardt	M.	Nachfolger	Stadthausgasse 24	Basel	345	1908	66	telefonbuch_068	PTT-Archiv, P-260-1_Basel_1908	Basel
Boreux	A.		Petersgraben 31	Basel	1390	1908	66	telefonbuch_068	PTT-Archiv, P-260-1_Basel_1908	Basel
Borgognon	L.		St. Albanthal 12	Basel	4134	1908	66	telefonbuch_068	PTT-Archiv, P-260-1_Basel_1908	Basel
Borgognon-Schneider	L.	Wwe.	Holbeinstrasse 53	Basel	4507	1908	66	telefonbuch_068	PTT-Archiv, P-260-1_Basel_1908	Basel
Boeringer	P. P.		Peter Merianstr. 52	Basel	4313	1908	66	telefonbuch_068	PTT-Archiv, P-260-1_Basel_1908	Basel
Boeringer-Simonius	Ch.		Grenzacherstr. 166	Basel	3196	1908	66	telefonbuch_068	PTT-Archiv, P-260-1_Basel_1908	Basel
Boeringer-Simonius	Ch.		Zürcherstrasse 1	Basel	4109	1908	66	telefonbuch_068	PTT-Archiv, P-260-1_Basel_1908	Basel
Börlin	E. R.		Grellingerstrasse 82	Basel	2463	1908	66	telefonbuch_068	PTT-Archiv, P-260-1_Basel_1908	Basel
Börlin	Jakob	Tapezierer	Hirschgasse 5	Basel	1521	1908	66	telefonbuch_068	PTT-Archiv, P-260-1_Basel_1908	Basel
Börlin	Wolfgang	Dr., Bureau	Greifengasse 28	Basel	1244	1908	66	telefonbuch_068	PTT-Archiv, P-260-1_Basel_1908	Basel
Börlin	Wolfgang	Dr., Wohnung	Heinrichsgasse 22	Basel	1022	1908	66	telefonbuch_068	PTT-Archiv, P-260-1_Basel_1908	Basel
Born-Bauer	Fritz		Spalenring 14	Basel	2561	1908	66	telefonbuch_068	PTT-Archiv, P-260-1_Basel_1908	Basel
Borner-Huber	Chr.		Gartenstrasse 67	Basel	497	1908	66	telefonbuch_068	PTT-Archiv, P-260-1_Basel_1908	Basel
Boesch	J.		Lothringerstrasse 19	Basel	4240	1908	66	telefonbuch_068	PTT-Archiv, P-260-1_Basel_1908	Basel
Bösinger-Schill	Leon		Laufenstrasse 64	Basel	287	1908	66	telefonbuch_068	PTT-Archiv, P-260-1_Basel_1908	Basel
Bosshardt-Gull	Alfred		Oberwilerstrasse 63	Basel	3936	1908	66	telefonbuch_068	PTT-Archiv, P-260-1_Basel_1908	Basel
Bosshardt	H.	Zahnarzt	Eulerstrasse 15	Basel	2871	1908	66	telefonbuch_068	PTT-Archiv, P-260-1_Basel_1908	Basel
Bosshardt	Oskar	Ingenieur	Gundoldingerstr. 177	Basel	2493	1908	66	telefonbuch_068	PTT-Archiv, P-260-1_Basel_1908	Basel
Bosshardt-Stöcklin	Th.		Hint. Spitalstrasse 7	Basel	21	1908	66	telefonbuch_068	PTT-Archiv, P-260-1_Basel_1908	Basel
Botanisches Institut			Schönbeinstrasse 6	Basel	3151	1908	66	telefonbuch_068	PTT-Archiv, P-260-1_Basel_1908	Basel
Bote	C.	Spenglermeister	Greifengasse 32	Basel	3203	1908	66	telefonbuch_068	PTT-Archiv, P-260-1_Basel_1908	Basel
Boetsch	B.	Baugeschäft	Gundoldingerstr. 127	Basel	4024	1908	66	telefonbuch_068	PTT-Archiv, P-260-1_Basel_1908	Basel
Bott	C. R.		Claragraben 7	Basel	2952	1908	66	telefonbuch_068	PTT-Archiv, P-260-1_Basel_1908	Basel
Bourcart	C. D.	Dr.	Engelgasse 7	Basel	917	1908	66	telefonbuch_068	PTT-Archiv, P-260-1_Basel_1908	Basel
Bovet-Schmid	H.	Ingenieur	Kanonengasse 29	Basel	2735	1908	66	telefonbuch_068	PTT-Archiv, P-260-1_Basel_1908	Basel
Brack-Fässler		Wwe.	Allschwilerstrasse 38	Basel	2793	1908	66	telefonbuch_068	PTT-Archiv, P-260-1_Basel_1908	Basel
Brambilla	G.		Elsässerstrasse 51	Basel	3155	1908	66	telefonbuch_068	PTT-Archiv, P-260-1_Basel_1908	Basel
Brand-Riedtmann	Rudolf		St Albanrheinweg 120	Basel	11	1908	66	telefonbuch_068	PTT-Archiv, P-260-1_Basel_1908	Basel
Brand-Sandreuter	R.	Seifenfabrik	St Albanrheinweg 120	Basel	2385	1908	66	telefonbuch_068	PTT-Archiv, P-260-1_Basel_1908	Basel
Brand-Waeffler	C.		Clarahofweg 5	Basel	4721	1908	66	telefonbuch_068	PTT-Archiv, P-260-1_Basel_1908	Basel
Brand	Wm.	Agentur in Seidenabfällen	Rheinfelderstr. 42	Basel	266	1908	66	telefonbuch_068	PTT-Archiv, P-260-1_Basel_1908	Basel
Brändlin	Gustav		Gempenstrasse 25	Basel	4099	1908	66	telefonbuch_068	PTT-Archiv, P-260-1_Basel_1908	Basel
Brandversicherungsanstalt Basel-Stadt			Rathaus	Basel	2318	1908	66	telefonbuch_068	PTT-Archiv, P-260-1_Basel_1908	Basel
Bratteler-Neukomm	Emil	(siehe Birsfelden)		Basel	4517	1908	66	telefonbuch_068	PTT-Archiv, P-260-1_Basel_1908	Basel
Brauerei z. Cardinal		(Wirtschaft)	Freiestrasse 36	Basel	2114	1908	66	telefonbuch_068	PTT-Archiv, P-260-1_Basel_1908	Basel
Brauerei z. Cardinal		(Bureau)	Viaduktstrasse 45	Basel	2452	1908	66	telefonbuch_068	PTT-Archiv, P-260-1_Basel_1908	Basel
Brauerei Farnsburg			Reinacherstrasse 12	Basel	3927	1908	66	telefonbuch_068	PTT-Archiv, P-260-1_Basel_1908	Basel
Brauerei zum Greifen		Wirtschaft	Greifengasse 31	Basel	4196	1908	66	telefonbuch_068	PTT-Archiv, P-260-1_Basel_1908	Basel
Brauerei F. Merian			Steinenthörstr. 23	Basel	2101	1908	66	telefonbuch_068	PTT-Archiv, P-260-1_Basel_1908	Basel
Brauerei z. Warteck		(Wirtschaft)	Bahnhofstrasse 7	Basel	3620	1908	66	telefonbuch_068	PTT-Archiv, P-260-1_Basel_1908	Basel
Brauerei z. Warteck		(Bureau)	Burgweg 11	Basel	3179	1908	66	telefonbuch_068	PTT-Archiv, P-260-1_Basel_1908	Basel
Brauerei z. Warteck		(Pächter F. Berger)	Erlenweg 2	Basel	324	1908	66	telefonbuch_068	PTT-Archiv, P-260-1_Basel_1908	Basel
Braun-Bachmann	P.	Bäckermeister	Spalenvorstadt 41	Basel	1899	1908	66	telefonbuch_068	PTT-Archiv, P-260-1_Basel_1908	Basel
Braun	Fritz	Passementerie	Bäumleingasse 16	Basel	1830	1908	66	telefonbuch_068	PTT-Archiv, P-260-1_Basel_1908	Basel
Braun-Graser	Math.	Metzger	Steinenthorstr. 39	Basel	4122	1908	66	telefonbuch_068	PTT-Archiv, P-260-1_Basel_1908	Basel
Braun	Hch.	Pferdeschlächterei	St. Johannvorst. 51	Basel	1746	1908	66	telefonbuch_068	PTT-Archiv, P-260-1_Basel_1908	Basel
Braun-Ranz	Kath.	Wwe.	Utengasse 22	Basel	4249	1908	66	telefonbuch_068	PTT-Archiv, P-260-1_Basel_1908	Basel
Braun-Rietmann	Alb.	Wirt	Binningerstr. 5	Basel	2220	1908	67	telefonbuch_069	PTT-Archiv, P-260-1_Basel_1908	Basel
Braun-Schetty	L.		Hammerstrasse 70	Basel	3505	1908	67	telefonbuch_069	PTT-Archiv, P-260-1_Basel_1908	Basel
Braun-Schetty		Filiale	Steinenvorstadt 53	Basel	405	1908	67	telefonbuch_069	PTT-Archiv, P-260-1_Basel_1908	Basel
Braunschweig-Bloch	R.		Leimenstrasse 5	Basel	2499	1908	67	telefonbuch_069	PTT-Archiv, P-260-1_Basel_1908	Basel
Braunschweig	J.	jeune	Dufourstrasse 50	Basel	837	1908	67	telefonbuch_069	PTT-Archiv, P-260-1_Basel_1908	Basel
Braunschweig	J.	Niederlagshaus Wolf	St. Jakobstrasse	Basel	4404	1908	67	telefonbuch_069	PTT-Archiv, P-260-1_Basel_1908	Basel
Braunschweig	L.		Gerbergasse 48	Basel	974	1908	67	telefonbuch_069	PTT-Archiv, P-260-1_Basel_1908	Basel
Braunschweig & Co.			St. Johannvorstadt 7	Basel	1361	1908	67	telefonbuch_069	PTT-Archiv, P-260-1_Basel_1908	Basel
Brausebad			Spalenring 133	Basel	201	1908	67	telefonbuch_069	PTT-Archiv, P-260-1_Basel_1908	Basel
Brausebad			St. Johannplatz	Basel	521	1908	67	telefonbuch_069	PTT-Archiv, P-260-1_Basel_1908	Basel
Brausebad			Claragraben 96	Basel	560	1908	67	telefonbuch_069	PTT-Archiv, P-260-1_Basel_1908	Basel
Breisch-David	E.	Bijoutier	Freiestrasse 9	Basel	1330	1908	67	telefonbuch_069	PTT-Archiv, P-260-1_Basel_1908	Basel
Breisch-David	E.	Privat	Pilgerstrasse 27	Basel	250	1908	67	telefonbuch_069	PTT-Archiv, P-260-1_Basel_1908	Basel
Breitenstein	Dr. Alb.		Clarastrasse 30	Basel	3710	1908	67	telefonbuch_069	PTT-Archiv, P-260-1_Basel_1908	Basel
Breitenstein-Widmer	Wwe. A.		Spiegelgasse 2	Basel	2456	1908	67	telefonbuch_069	PTT-Archiv, P-260-1_Basel_1908	Basel
Brendle	Robert	Bäckermeister	Feldbergstrasse 22	Basel	4622	1908	67	telefonbuch_069	PTT-Archiv, P-260-1_Basel_1908	Basel
Brenneisen	R.	Schlosserei	Güterstrasse 103	Basel	2471	1908	67	telefonbuch_069	PTT-Archiv, P-260-1_Basel_1908	Basel
Brenner	Dr. Aug.	Advokaturbureau	Bäumleingasse 2	Basel	1783	1908	67	telefonbuch_069	PTT-Archiv, P-260-1_Basel_1908	Basel
Brenner	C.	Bärenzunft	Freiestrasse 34	Basel	2119	1908	67	telefonbuch_069	PTT-Archiv, P-260-1_Basel_1908	Basel
Brenner	Ed.	Cigarrenhandlung	Steinenberg 27	Basel	2542	1908	67	telefonbuch_069	PTT-Archiv, P-260-1_Basel_1908	Basel
Brenner-Eglinger	Hans		Hirzbodenweg 94	Basel	3651	1908	67	telefonbuch_069	PTT-Archiv, P-260-1_Basel_1908	Basel
Brenner	F.	Tapezierer	Steinenberg 21	Basel	2121	1908	67	telefonbuch_069	PTT-Archiv, P-260-1_Basel_1908	Basel
Brenner-Grossmann	Rud.		Spalenring 85	Basel	4383	1908	67	telefonbuch_069	PTT-Archiv, P-260-1_Basel_1908	Basel
Brenner-Henz	A.		Schützenmattstr. 49	Basel	1015	1908	67	telefonbuch_069	PTT-Archiv, P-260-1_Basel_1908	Basel
Brenner-Reich	Dr. W.		Grenzacherstr. 71	Basel	4643	1908	67	telefonbuch_069	PTT-Archiv, P-260-1_Basel_1908	Basel
Brenner	Rud.	& Cie.	Petersgraben 49	Basel	1368	1908	67	telefonbuch_069	PTT-Archiv, P-260-1_Basel_1908	Basel
Brenner-Senn	C.		Margarethenstr. 71	Basel	4016	1908	67	telefonbuch_069	PTT-Archiv, P-260-1_Basel_1908	Basel
Bretscher-Meyer	J.	Elektrotechniker	Breisacherstr. 120	Basel	3287	1908	67	telefonbuch_069	PTT-Archiv, P-260-1_Basel_1908	Basel
Breuckmann & Cie.			Peter Merianstr. 58	Basel	4071	1908	67	telefonbuch_069	PTT-Archiv, P-260-1_Basel_1908	Basel
Breul	J.	Direktor	Wartenbergstr. 49	Basel	3880	1908	67	telefonbuch_069	PTT-Archiv, P-260-1_Basel_1908	Basel
Brieden-Jundt	Fr.		Inselstrasse 51	Basel	4572	1908	67	telefonbuch_069	PTT-Archiv, P-260-1_Basel_1908	Basel
Brin & Cie.			Spalenvorstadt 9	Basel	3496	1908	67	telefonbuch_069	PTT-Archiv, P-260-1_Basel_1908	Basel
Britisches Vice-Consulat			Eisengasse 9	Basel	857	1908	67	telefonbuch_069	PTT-Archiv, P-260-1_Basel_1908	Basel
Britschgi-Wagner	A.	Wein u. Spirituosen, Depot Eberlbräu	Herrengrabenweg 7	Basel	286	1908	67	telefonbuch_069	PTT-Archiv, P-260-1_Basel_1908	Basel
Brockenhaus-Gesellschaft			Kellergässlein 4	Basel	4537	1908	67	telefonbuch_069	PTT-Archiv, P-260-1_Basel_1908	Basel
Brodbeck	Jean		Güterstrasse 223	Basel	2427	1908	67	telefonbuch_069	PTT-Archiv, P-260-1_Basel_1908	Basel
Brodlaube		(Wirtschaft)	Marktplatz 25	Basel	1379	1908	67	telefonbuch_069	PTT-Archiv, P-260-1_Basel_1908	Basel
Brodmann	August	Gipsergeschäft	Hagenthalerstr. 19	Basel	1487	1908	67	telefonbuch_069	PTT-Archiv, P-260-1_Basel_1908	Basel
Brodtbeck	Dr. K. A.	Advokaturbureau	Aeschenvorstadt 2a	Basel	3479	1908	67	telefonbuch_069	PTT-Archiv, P-260-1_Basel_1908	Basel
Broggi & Appiani			Wasensträsschen 199	Basel	198	1908	67	telefonbuch_069	PTT-Archiv, P-260-1_Basel_1908	Basel
Bronner-Schuler	Carl		Solothurnerstr. 70	Basel	756	1908	67	telefonbuch_069	PTT-Archiv, P-260-1_Basel_1908	Basel
Bronner & Co.		Spedition	Nauenstrasse 1	Basel	2877	1908	67	telefonbuch_069	PTT-Archiv, P-260-1_Basel_1908	Basel
Bronner & Co.		Mineralwasser, Eis	Nauenstrasse 1	Basel	2270	1908	67	telefonbuch_069	PTT-Archiv, P-260-1_Basel_1908	Basel
Brown-Pfau	Wwe. E.		Güterstrasse 91	Basel	890	1908	67	telefonbuch_069	PTT-Archiv, P-260-1_Basel_1908	Basel
Bruckner-Georg	R.		Spalenring 145	Basel	1008	1908	67	telefonbuch_069	PTT-Archiv, P-260-1_Basel_1908	Basel
Bruckner & Co.		Weinhandlung	Güterstrasse 206	Basel	3751	1908	67	telefonbuch_069	PTT-Archiv, P-260-1_Basel_1908	Basel
Bruckner-Weber	R.	Nachf. v. Samuel Weber & Cie.	Gerbergasse 20/22	Basel	754	1908	67	telefonbuch_069	PTT-Archiv, P-260-1_Basel_1908	Basel
Bruckner-Weber	Rud.		Austrasse 18	Basel	3009	1908	67	telefonbuch_069	PTT-Archiv, P-260-1_Basel_1908	Basel
Bruder	Fr.	Lithograph	Schlüsselberg 15	Basel	1094	1908	67	telefonbuch_069	PTT-Archiv, P-260-1_Basel_1908	Basel
Brüderlin-Burckhardt	Alb.		St. Albanringweg 184	Basel	2621	1908	68	telefonbuch_070	PTT-Archiv, P-260-1_Basel_1908	Basel
Brüderlin	Carl	Bankdirektor	Blumenrein 16	Basel	4636	1908	68	telefonbuch_070	PTT-Archiv, P-260-1_Basel_1908	Basel
Brüderlin-Christmann			Petersplatz 14	Basel	1512	1908	68	telefonbuch_070	PTT-Archiv, P-260-1_Basel_1908	Basel
Brüderlin	E.	Sohn, Küfermeister	Pfeffingerstrasse 62	Basel	3958	1908	68	telefonbuch_070	PTT-Archiv, P-260-1_Basel_1908	Basel
Brüderlin	R. N.		Freiestrasse 52	Basel	1573	1908	68	telefonbuch_070	PTT-Archiv, P-260-1_Basel_1908	Basel
Brüderlin-Ronus	R.		St. Albananlage 62	Basel	4151	1908	68	telefonbuch_070	PTT-Archiv, P-260-1_Basel_1908	Basel
Brüderlin-Vogel	V.	Wwe.	Thiersteinerallee 25	Basel	3907	1908	68	telefonbuch_070	PTT-Archiv, P-260-1_Basel_1908	Basel
Brugger-Stänz	F.	Wwe., Cigarren u. Tabakhdlg.	Bahnhofstrasse 15	Basel	576	1908	68	telefonbuch_070	PTT-Archiv, P-260-1_Basel_1908	Basel
Brügger & Cie.			Riehentorstr. 33	Basel	2286	1908	68	telefonbuch_070	PTT-Archiv, P-260-1_Basel_1908	Basel
Bruggisser	Bella	Frau	Eulerstrasse 22	Basel	1789	1908	68	telefonbuch_070	PTT-Archiv, P-260-1_Basel_1908	Basel
Bruhin-Reif	Anton		Bruderholzstr. 76	Basel	4033	1908	68	telefonbuch_070	PTT-Archiv, P-260-1_Basel_1908	Basel
Brühl-Altermatt	A.	Spenglermeister	Spalenvorstadt 37	Basel	22	1908	68	telefonbuch_070	PTT-Archiv, P-260-1_Basel_1908	Basel
von Brunn-Flury	J.		Grenzacherstrasse 95	Basel	3931	1908	68	telefonbuch_070	PTT-Archiv, P-260-1_Basel_1908	Basel
von Brunn	J.		Freiestrasse 84	Basel	2040	1908	68	telefonbuch_070	PTT-Archiv, P-260-1_Basel_1908	Basel
von Brunn	J.	Derselbe (Petroleumkeller)	Wolf	Basel	3921	1908	68	telefonbuch_070	PTT-Archiv, P-260-1_Basel_1908	Basel
Brunner-Bihrer	Fritz		Freiestrasse 33	Basel	1350	1908	68	telefonbuch_070	PTT-Archiv, P-260-1_Basel_1908	Basel
Brunner-Brunner	M.	Frau, Coiffeuse	Gerbergasse 24	Basel	2868	1908	68	telefonbuch_070	PTT-Archiv, P-260-1_Basel_1908	Basel
Brunner	Fritz		Freiestrasse 33	Basel	1350	1908	68	telefonbuch_070	PTT-Archiv, P-260-1_Basel_1908	Basel
Brunner	Karl	Feinbäckerei und Konditorei	Hutgasse 17	Basel	2060	1908	68	telefonbuch_070	PTT-Archiv, P-260-1_Basel_1908	Basel
Brunner-Zwingli	A.		Nonnenweg 62	Basel	254	1908	68	telefonbuch_070	PTT-Archiv, P-260-1_Basel_1908	Basel
Brunschwig	B. de S.		Holbeinstrasse 48	Basel	2491	1908	68	telefonbuch_070	PTT-Archiv, P-260-1_Basel_1908	Basel
Brunschwig-Breisacher	S.		Rümelinsplatz 19	Basel	749	1908	68	telefonbuch_070	PTT-Archiv, P-260-1_Basel_1908	Basel
Brunschwig	David		Schützengraben 23	Basel	2711	1908	68	telefonbuch_070	PTT-Archiv, P-260-1_Basel_1908	Basel
Brusa-Kaiser	A.	Südfrüchte	Aeschenvorstadt 40	Basel	255	1908	68	telefonbuch_070	PTT-Archiv, P-260-1_Basel_1908	Basel
Bryan	L. C.	Dr., american dentist	St. Albananlage 1	Basel	4250	1908	68	telefonbuch_070	PTT-Archiv, P-260-1_Basel_1908	Basel
Bryan	L. C.	Derselbe (Privatwohnung)	Schweizerplatz 2	Basel	2961	1908	68	telefonbuch_070	PTT-Archiv, P-260-1_Basel_1908	Basel
Bubeck-Ehninger	D.	Bäcker	Klybeckstrasse 3	Basel	4148	1908	68	telefonbuch_070	PTT-Archiv, P-260-1_Basel_1908	Basel
Bubeck-Schaupp	Hch.		Clarastrasse 26	Basel	330	1908	68	telefonbuch_070	PTT-Archiv, P-260-1_Basel_1908	Basel
Buchdruckerei d. Schweiz. Typographenbundes		Ruf: Typographia-Druckerei	Aeschenvorstadt 34	Basel	2697	1908	68	telefonbuch_070	PTT-Archiv, P-260-1_Basel_1908	Basel
Buchdruckerei F. Gassmann			Aeschenvorstadt 32	Basel	2325	1908	68	telefonbuch_070	PTT-Archiv, P-260-1_Basel_1908	Basel
Buchdruckerei Kreis			Petersgraben 21	Basel	1514	1908	68	telefonbuch_070	PTT-Archiv, P-260-1_Basel_1908	Basel
Buchdruckerei z. Basler Berichthaus		Basl. Nachr.	Gerbergasse 40	Basel	3339	1908	68	telefonbuch_070	PTT-Archiv, P-260-1_Basel_1908	Basel
Buch- & Kunstdruckerei Gasser & Cie.			Unt. Rheingasse 19	Basel	1762	1908	68	telefonbuch_070	PTT-Archiv, P-260-1_Basel_1908	Basel
Bucherer	K.	Nachf. Métraux-Bucherer	Freiestrasse 28	Basel	1929	1908	68	telefonbuch_070	PTT-Archiv, P-260-1_Basel_1908	Basel
Büchi	Jacques	Ingenieur	Oberwilerstrasse 23	Basel	655	1908	68	telefonbuch_070	PTT-Archiv, P-260-1_Basel_1908	Basel
Büchler-Ott	Fried.	Goldschmied	Freiestrasse 84	Basel	2010	1908	68	telefonbuch_070	PTT-Archiv, P-260-1_Basel_1908	Basel
Buchmann	E.	Tapezierer	Oberer Heuberg 21	Basel	2949	1908	68	telefonbuch_070	PTT-Archiv, P-260-1_Basel_1908	Basel
Buchmann & Waldmeyer			Steinenvorstadt 63	Basel	367	1908	68	telefonbuch_070	PTT-Archiv, P-260-1_Basel_1908	Basel
Buchner	Joseph	Wirt	Barfüsserplatz 17	Basel	1618	1908	68	telefonbuch_070	PTT-Archiv, P-260-1_Basel_1908	Basel
Buel	A.		Langegasse 9	Basel	819	1908	68	telefonbuch_070	PTT-Archiv, P-260-1_Basel_1908	Basel
Buess-Steiner	E.	Buchbinder	Kleinhüningerstr. 5	Basel	1283	1908	68	telefonbuch_070	PTT-Archiv, P-260-1_Basel_1908	Basel
Bufleb	Wilhelm	Versicherungen	Schanzenstrasse 16	Basel	2807	1908	68	telefonbuch_070	PTT-Archiv, P-260-1_Basel_1908	Basel
Bühler	Franz		Villa Otterbach	Basel	3370	1908	68	telefonbuch_070	PTT-Archiv, P-260-1_Basel_1908	Basel
Bühler	Gebrüder	techn. Ziegeleibureau	Birsigstrasse 120	Basel	4321	1908	68	telefonbuch_070	PTT-Archiv, P-260-1_Basel_1908	Basel
Bühler	Robert	Tapezierer	Heumattstrasse 8	Basel	1611	1908	68	telefonbuch_070	PTT-Archiv, P-260-1_Basel_1908	Basel
Bühler-Sturm	Lud.	Zimmermeister	Bahnhofstr. 117	Basel	3696	1908	68	telefonbuch_070	PTT-Archiv, P-260-1_Basel_1908	Basel
Bühler & Manger		Nachf. Fritz Manger	Gerbergasse 81	Basel	2122	1908	68	telefonbuch_070	PTT-Archiv, P-260-1_Basel_1908	Basel
Bühlmann	Josef	Confiseur	Grenzacherstrasse 26	Basel	3730	1908	68	telefonbuch_070	PTT-Archiv, P-260-1_Basel_1908	Basel
Bührer-Bader	Joh.		Grellingerstrasse 28	Basel	3581	1908	69	telefonbuch_071	PTT-Archiv, P-260-1_Basel_1908	Basel
Bührer	Dr. C.	Arzt	Nauenstrasse 33	Basel	2179	1908	69	telefonbuch_071	PTT-Archiv, P-260-1_Basel_1908	Basel
Bührer	H.		Lothringerstr. 9	Basel	4633	1908	69	telefonbuch_071	PTT-Archiv, P-260-1_Basel_1908	Basel
Bulffer	Charles		Solothurnerstr. 62	Basel	4087	1908	69	telefonbuch_071	PTT-Archiv, P-260-1_Basel_1908	Basel
Bundesbahnen, Schweizer		Kreisdirektion II: Allgemeine Verwaltung, Finanz- und Rechtsdepartement	Spiesshof, Ob. Heuberg 7	Basel	2770	1908	69	telefonbuch_071	PTT-Archiv, P-260-1_Basel_1908	Basel
Bundesbahnen, Schweizer		Kreisdirektion II: Betriebsdepartement	Leonhardsgraben 36	Basel	2865	1908	69	telefonbuch_071	PTT-Archiv, P-260-1_Basel_1908	Basel
Bundesbahnen, Schweizer		Kreisdirektion II: Baudepartement u. Oberingenieur für den Bahnbau u. -Unterhalt	Leimenstrasse 2	Basel	245	1908	69	telefonbuch_071	PTT-Archiv, P-260-1_Basel_1908	Basel
Bundesbahnen, Schweizer		Materialverwaltung	Güterstrasse 109	Basel	2778	1908	69	telefonbuch_071	PTT-Archiv, P-260-1_Basel_1908	Basel
Bundesbahnen, Schweizer		Rechtsbureau	Spiesshof, Ob. Heuberg 7	Basel	3098	1908	69	telefonbuch_071	PTT-Archiv, P-260-1_Basel_1908	Basel
Bundesbahnen, Schweizer		Tarifbeamter	Ob. Heuberg 16	Basel	2887	1908	69	telefonbuch_071	PTT-Archiv, P-260-1_Basel_1908	Basel
Bundesbahnen, Schweizer		Baubureau des Bahnhofumbaues	Wallstrasse 19	Basel	1545	1908	69	telefonbuch_071	PTT-Archiv, P-260-1_Basel_1908	Basel
Bundesbahnen, Schweizer		Bureau des Bahningenieurs	Bahnhof S. B. B.	Basel	2465	1908	69	telefonbuch_071	PTT-Archiv, P-260-1_Basel_1908	Basel
Bundesbahnen, Schweizer		Bureau des Bahningenieurs Obermaschinengineurs	Ob. Heuberg 16	Basel	3390	1908	69	telefonbuch_071	PTT-Archiv, P-260-1_Basel_1908	Basel
Bundesbahnen, Schweizer		Bureau des Bahningenieurs Depotchefs	Nauenstrasse 180	Basel	1032	1908	69	telefonbuch_071	PTT-Archiv, P-260-1_Basel_1908	Basel
Burckhardt	A.	(Pension Koller)	Kornhausgasse 18	Basel	2734	1908	69	telefonbuch_071	PTT-Archiv, P-260-1_Basel_1908	Basel
Burckhardt	Annina	(Beckenhof)	St. Albananlage 72	Basel	4117	1908	69	telefonbuch_071	PTT-Archiv, P-260-1_Basel_1908	Basel
Burckhardt-Boeringer	O.		Schweizerplatz 1	Basel	1555	1908	69	telefonbuch_071	PTT-Archiv, P-260-1_Basel_1908	Basel
Burckhardt-Burckhardt	Frau E.		Augustinergasse 19	Basel	128	1908	69	telefonbuch_071	PTT-Archiv, P-260-1_Basel_1908	Basel
Burckhardt-Burckhardt	Frau E.	Dieselbe, siehe unter Riehen		Basel		1908	69	telefonbuch_071	PTT-Archiv, P-260-1_Basel_1908	Basel
Burckhardt-Burckhardt	Frau Emilie		Grellingerstrasse 26	Basel	1007	1908	69	telefonbuch_071	PTT-Archiv, P-260-1_Basel_1908	Basel
Burckhardt-Burckhardt	Hans		Leonhardsgraben 38	Basel	2897	1908	69	telefonbuch_071	PTT-Archiv, P-260-1_Basel_1908	Basel
Burckhardt-De Bary	Prof. Dr. Emil		Missionsstrasse 8	Basel	2603	1908	69	telefonbuch_071	PTT-Archiv, P-260-1_Basel_1908	Basel
Burckhardt	Dr. August		St. Albanvorstadt 94	Basel	4288	1908	69	telefonbuch_071	PTT-Archiv, P-260-1_Basel_1908	Basel
Burckhardt	Dr. Elias	Wohnung	Schützenmattstr. 85	Basel	3419	1908	69	telefonbuch_071	PTT-Archiv, P-260-1_Basel_1908	Basel
Burckhardt	Frau Dr. J. J.		St. Albananlage 51	Basel	4224	1908	69	telefonbuch_071	PTT-Archiv, P-260-1_Basel_1908	Basel
Burckhardt-Eckenstein	Hier.		Austrasse 15	Basel	2534	1908	69	telefonbuch_071	PTT-Archiv, P-260-1_Basel_1908	Basel
Burckhardt-Ecklin	Dr. M.		Steinengraben 36	Basel	375	1908	69	telefonbuch_071	PTT-Archiv, P-260-1_Basel_1908	Basel
Burckhardt-Fetscherin	Dr. H.		Socinstrasse 21	Basel	1470	1908	69	telefonbuch_071	PTT-Archiv, P-260-1_Basel_1908	Basel
Burckhardt-Finsler	Dr. Alb.	Regierungsrat	Schaff. Rheinweg 55	Basel	3950	1908	69	telefonbuch_071	PTT-Archiv, P-260-1_Basel_1908	Basel
Burckhardt-Friedrich	Prof. Dr. Albr.		Kapellenstrasse 26	Basel	3048	1908	69	telefonbuch_071	PTT-Archiv, P-260-1_Basel_1908	Basel
Burckhardt-Grossmann	C. Ed.		Sevogelstrasse 79	Basel	3695	1908	69	telefonbuch_071	PTT-Archiv, P-260-1_Basel_1908	Basel
Burckhardt-Heimlicher	Dr. Rud.		Rheinschanze 6	Basel	721	1908	69	telefonbuch_071	PTT-Archiv, P-260-1_Basel_1908	Basel
Burckhardt-Heussler	A.		St. Albanvorstadt 96	Basel	4276	1908	69	telefonbuch_071	PTT-Archiv, P-260-1_Basel_1908	Basel
Burckhardt-Iselin	Wwe. Emma		Byfangweg 51	Basel	2879	1908	69	telefonbuch_071	PTT-Archiv, P-260-1_Basel_1908	Basel
Burckhardt-Iselin	Wwe. Julie		Gartenstrasse 24	Basel	2127	1908	69	telefonbuch_071	PTT-Archiv, P-260-1_Basel_1908	Basel
Burckhardt-Jecker	C.		Davidsbodenstr. 59	Basel	1509	1908	69	telefonbuch_071	PTT-Archiv, P-260-1_Basel_1908	Basel
Burckhardt	Julie		St. Albananlage 64	Basel	4160	1908	69	telefonbuch_071	PTT-Archiv, P-260-1_Basel_1908	Basel
Burckhardt-Köchlin	Wwe. S.		Hebelstrasse 32	Basel	1491	1908	69	telefonbuch_071	PTT-Archiv, P-260-1_Basel_1908	Basel
Burckhardt	Louise		St. Albanvorstadt 11	Basel	1764	1908	69	telefonbuch_071	PTT-Archiv, P-260-1_Basel_1908	Basel
Burckhardt-Lüscher	Dr. P.		Rütimeyerstrasse 7	Basel	3457	1908	69	telefonbuch_071	PTT-Archiv, P-260-1_Basel_1908	Basel
Burckhardt	Marie	Seegerhof	Blumenrain 19	Basel	141	1908	69	telefonbuch_071	PTT-Archiv, P-260-1_Basel_1908	Basel
Burckhardt-Merian	Adolf		Feierabendstrasse 48	Basel	2932	1908	69	telefonbuch_071	PTT-Archiv, P-260-1_Basel_1908	Basel
Burckhardt-Merian	Julius		Neusatzweg 3	Basel	3584	1908	69	telefonbuch_071	PTT-Archiv, P-260-1_Basel_1908	Basel
Burckhardt-Merian	L. Ed.		Gellertstrasse 33	Basel	4491	1908	69	telefonbuch_071	PTT-Archiv, P-260-1_Basel_1908	Basel
Burckhardt-Mieg	J.	Frau	Leimenstrasse 7	Basel	555	1908	70	telefonbuch_072	PTT-Archiv, P-260-1_Basel_1908	Basel
Burckhardt-Passavant			St. Albanvorstadt 1	Basel	1745	1908	70	telefonbuch_072	PTT-Archiv, P-260-1_Basel_1908	Basel
Burckhardt-Passavant	H. R.	Dr. (Beckenhof)	St. Albananlage 72	Basel	4117	1908	70	telefonbuch_072	PTT-Archiv, P-260-1_Basel_1908	Basel
Burckhardt-Reutter	Aug.		Gundoldingerstr. 175	Basel	4336	1908	70	telefonbuch_072	PTT-Archiv, P-260-1_Basel_1908	Basel
Burckhardt-Rüsch	Ad.		Malzgasse 23	Basel	2234	1908	70	telefonbuch_072	PTT-Archiv, P-260-1_Basel_1908	Basel
Burckhardt-Ryhiner	Carl		Aeschengraben 18	Basel	2378	1908	70	telefonbuch_072	PTT-Archiv, P-260-1_Basel_1908	Basel
Burckhardt-Sarasin	Carl		Langegasse 43	Basel	3680	1908	70	telefonbuch_072	PTT-Archiv, P-260-1_Basel_1908	Basel
Burckhardt-Sarasin	W.		Hardstrasse 54	Basel	3780	1908	70	telefonbuch_072	PTT-Archiv, P-260-1_Basel_1908	Basel
Burckhardt-Schaub	Aug.		Mühleberg 9	Basel	2512	1908	70	telefonbuch_072	PTT-Archiv, P-260-1_Basel_1908	Basel
Burckhardt-Schazmann		Prof. Dr., Regierungsrat	St. Albananlage 70	Basel	1085	1908	70	telefonbuch_072	PTT-Archiv, P-260-1_Basel_1908	Basel
Burckhardt-Siber	Felix		Münchensteinerstr 47	Basel	4062	1908	70	telefonbuch_072	PTT-Archiv, P-260-1_Basel_1908	Basel
Burckhardt	Sophie		St. Jakobsstrasse 7	Basel	1750	1908	70	telefonbuch_072	PTT-Archiv, P-260-1_Basel_1908	Basel
Burckhardt-Sulger	E.		Missionsstrasse 58	Basel	2581	1908	70	telefonbuch_072	PTT-Archiv, P-260-1_Basel_1908	Basel
Burckhardt-Thurneysen	Dan.		St. Albangraben 14	Basel	1848	1908	70	telefonbuch_072	PTT-Archiv, P-260-1_Basel_1908	Basel
Burckhardt & Co.			St. Albangraben 14	Basel	1879	1908	70	telefonbuch_072	PTT-Archiv, P-260-1_Basel_1908	Basel
Burckhardt & Stückelberg		Notariats- u. Advokaturbureau	Gerbergasse 24	Basel	1796	1908	70	telefonbuch_072	PTT-Archiv, P-260-1_Basel_1908	Basel
Burckhardt-Vicarino	Hans	Dr. med.,	Herbergsgasse 7	Basel	1570	1908	70	telefonbuch_072	PTT-Archiv, P-260-1_Basel_1908	Basel
Burckhardt-Vischer	C. F. Wm.	Dr., Bankier	Steinenring 44	Basel	2650	1908	70	telefonbuch_072	PTT-Archiv, P-260-1_Basel_1908	Basel
Burckhardt-Vischer	W.	Dr., Advokat, Bureau	Kohlenberg 11	Basel	1889	1908	70	telefonbuch_072	PTT-Archiv, P-260-1_Basel_1908	Basel
Burckhardt-Vischer	W.	Wohnung	Wartenbergstr. 15	Basel	2382	1908	70	telefonbuch_072	PTT-Archiv, P-260-1_Basel_1908	Basel
Burckhardt-Vischer	Th.		St. Albangraben 4	Basel	1911	1908	70	telefonbuch_072	PTT-Archiv, P-260-1_Basel_1908	Basel
Burckhardt-VonderMühll	Alf.		Hardstrasse 1	Basel	3795	1908	70	telefonbuch_072	PTT-Archiv, P-260-1_Basel_1908	Basel
Burckhardt-VonderMühll	A. C.	Wwe.	St. Albanvorstadt 34	Basel	1824	1908	70	telefonbuch_072	PTT-Archiv, P-260-1_Basel_1908	Basel
Burckhardt-vonSpeyr	G.		Kapellenstrasse 29	Basel	2069	1908	70	telefonbuch_072	PTT-Archiv, P-260-1_Basel_1908	Basel
Burckhardt	W. E.		Steinengraben 12	Basel	3293	1908	70	telefonbuch_072	PTT-Archiv, P-260-1_Basel_1908	Basel
Burckhardt-Werthemann	Dl.	Prof. Dr.	St. Albangraben 14	Basel	1926	1908	70	telefonbuch_072	PTT-Archiv, P-260-1_Basel_1908	Basel
Burckhardt-Zahn	C. A.		Gellertstrasse 10	Basel	1880	1908	70	telefonbuch_072	PTT-Archiv, P-260-1_Basel_1908	Basel
Burger	Adolf	Gravieranstalt u. Stempelfabrik	Pfluggasse 9	Basel	4484	1908	70	telefonbuch_072	PTT-Archiv, P-260-1_Basel_1908	Basel
Burger	Aug.	Goldschmied	Gerbergasse 91	Basel	4307	1908	70	telefonbuch_072	PTT-Archiv, P-260-1_Basel_1908	Basel
Burger	Th.	Spezereihandlung	Zürcherstrasse 83	Basel	379	1908	70	telefonbuch_072	PTT-Archiv, P-260-1_Basel_1908	Basel
Bürgerliches Armenamt			Nadelberg 3	Basel	4712	1908	70	telefonbuch_072	PTT-Archiv, P-260-1_Basel_1908	Basel
Bürgerratskanzlei		Stadthaus	Stadthausgasse 13	Basel	1462	1908	70	telefonbuch_072	PTT-Archiv, P-260-1_Basel_1908	Basel
Bürgerspital			Hebelstrasse 2	Basel	1507	1908	70	telefonbuch_072	PTT-Archiv, P-260-1_Basel_1908	Basel
Bürgi	Carl		Feierabendstrasse 74	Basel	88	1908	70	telefonbuch_072	PTT-Archiv, P-260-1_Basel_1908	Basel
Bürgin	Adolf	Möbelschreinerei	Jurastrasse 50	Basel	3772	1908	70	telefonbuch_072	PTT-Archiv, P-260-1_Basel_1908	Basel
Bürgin	Emil	Eisfabrik	Unt. Rheinweg 18	Basel	1263	1908	70	telefonbuch_072	PTT-Archiv, P-260-1_Basel_1908	Basel
Bürgin	Emil	Wohnung	Missionsstrasse 1	Basel	2666	1908	70	telefonbuch_072	PTT-Archiv, P-260-1_Basel_1908	Basel
Bürgin	Gust.	Stadtuhrenmacher und Blitzableiterexp.	Nadelberg 11	Basel	2575	1908	70	telefonbuch_072	PTT-Archiv, P-260-1_Basel_1908	Basel
Bürgin	Jakob	Büchsenmacher	Petersplatz 18	Basel	26	1908	70	telefonbuch_072	PTT-Archiv, P-260-1_Basel_1908	Basel
Bürgin-Schupp	Emil	Gundoldingerhalle	Dornacherstrasse 47	Basel	20	1908	70	telefonbuch_072	PTT-Archiv, P-260-1_Basel_1908	Basel
Bürgin & Thoss			Sternengasse 29	Basel	4686	1908	70	telefonbuch_072	PTT-Archiv, P-260-1_Basel_1908	Basel
Buri	Theodor	Dr.	Schützengraben 51	Basel	2505	1908	70	telefonbuch_072	PTT-Archiv, P-260-1_Basel_1908	Basel
Buri	Julius	Schneidermeister	Eisengasse 16	Basel	1338	1908	70	telefonbuch_072	PTT-Archiv, P-260-1_Basel_1908	Basel
Buri	Julius	Wohnung	Therwilerstrasse 16	Basel	3043	1908	70	telefonbuch_072	PTT-Archiv, P-260-1_Basel_1908	Basel
Burkart	Emil	Vertr. Salmenbräu Rheinfelden	Vogesenstrasse 143	Basel	184	1908	70	telefonbuch_072	PTT-Archiv, P-260-1_Basel_1908	Basel
Burkart-Spiess	E.	(Restauration)	Bahnhofstrasse 151	Basel	662	1908	70	telefonbuch_072	PTT-Archiv, P-260-1_Basel_1908	Basel
Burkhard-Reeb	Julius		Angensteinerstr. 25	Basel	4231	1908	71	telefonbuch_073	PTT-Archiv, P-260-1_Basel_1908	Basel
Burkhardt-Schaub	Wilhelm	Kaminfegermstr.	Utengasse 56	Basel	1142	1908	71	telefonbuch_073	PTT-Archiv, P-260-1_Basel_1908	Basel
Bürki-Grüner	C.	Spenglermeister	Weissegasse 12	Basel	2965	1908	71	telefonbuch_073	PTT-Archiv, P-260-1_Basel_1908	Basel
Bürkly	Hrch.	Kochherdfabrik	Klingenthalstr. 79	Basel	3452	1908	71	telefonbuch_073	PTT-Archiv, P-260-1_Basel_1908	Basel
Bürkly	Hrch.	Wohnung	Römergasse 29	Basel	3189	1908	71	telefonbuch_073	PTT-Archiv, P-260-1_Basel_1908	Basel
Bürner	Emil	Nachfolger v. Hans Grimm	Freiestrasse 86	Basel	1345	1908	71	telefonbuch_073	PTT-Archiv, P-260-1_Basel_1908	Basel
Burri-Thommen		Schreibmaschinengeschäft	Ob. Heuberg 17	Basel	3417	1908	71	telefonbuch_073	PTT-Archiv, P-260-1_Basel_1908	Basel
Buser	Ernst	Dr., Ohrenarzt	Elisabethenstr. 11	Basel	504	1908	71	telefonbuch_073	PTT-Archiv, P-260-1_Basel_1908	Basel
Buser-Friedmann	Karl	Gärtner	Güterstrasse 207	Basel	3855	1908	71	telefonbuch_073	PTT-Archiv, P-260-1_Basel_1908	Basel
Buser-Schöni	J.	Zahnarzt	Steinenthortrasse 24	Basel	2459	1908	71	telefonbuch_073	PTT-Archiv, P-260-1_Basel_1908	Basel
Buser-Weber	A.		Austrasse 58	Basel	320	1908	71	telefonbuch_073	PTT-Archiv, P-260-1_Basel_1908	Basel
Buser	M.	Wwe., Schweizerhaus	Steinenring 49	Basel	210	1908	71	telefonbuch_073	PTT-Archiv, P-260-1_Basel_1908	Basel
Busigny	C.	Mme., Robes et Confections	Freiestrasse 86	Basel	1897	1908	71	telefonbuch_073	PTT-Archiv, P-260-1_Basel_1908	Basel
Buss	Albert	(Wohnung)	Schützenmattstr. 61	Basel	2545	1908	71	telefonbuch_073	PTT-Archiv, P-260-1_Basel_1908	Basel
Buss, Alb. & Co.		Actiengesellschaft	Güterstrasse 190	Basel	2579	1908	71	telefonbuch_073	PTT-Archiv, P-260-1_Basel_1908	Basel
Buss, Alb. & Co.			Güterstrasse 190	Basel	3741	1908	71	telefonbuch_073	PTT-Archiv, P-260-1_Basel_1908	Basel
Buss, Alb. & Co.			Güterstrasse 190	Basel	804	1908	71	telefonbuch_073	PTT-Archiv, P-260-1_Basel_1908	Basel
Buss, Alb. & Co.		Baubureau B. B.	Maulbeerweg 179	Basel	396	1908	71	telefonbuch_073	PTT-Archiv, P-260-1_Basel_1908	Basel
Bussinger-Staub	E.		Austrasse 124	Basel	951	1908	71	telefonbuch_073	PTT-Archiv, P-260-1_Basel_1908	Basel
Bussinger & Zehnle			Kanonengasse 11	Basel	3103	1908	71	telefonbuch_073	PTT-Archiv, P-260-1_Basel_1908	Basel
Büttner	A.	Markt-Apotheke	Marktplatz 30	Basel	1352	1908	71	telefonbuch_073	PTT-Archiv, P-260-1_Basel_1908	Basel
Buxtorf-Burckhardt	A.	Dr.	Grenzacherstr. 94	Basel	3810	1908	71	telefonbuch_073	PTT-Archiv, P-260-1_Basel_1908	Basel
Buxtorf-Mooser	R.		Austrasse 118	Basel	2799	1908	71	telefonbuch_073	PTT-Archiv, P-260-1_Basel_1908	Basel
Buxtorf-Rupp	F.		Vogesenstrasse 29	Basel	1240	1908	71	telefonbuch_073	PTT-Archiv, P-260-1_Basel_1908	Basel
Buxtorf-Schilling	F.		Hebelstrasse 133	Basel	421	1908	71	telefonbuch_073	PTT-Archiv, P-260-1_Basel_1908	Basel
Buxtorf & Cie.			Spalenthorweg 62	Basel	2741	1908	71	telefonbuch_073	PTT-Archiv, P-260-1_Basel_1908	Basel
Buxtorf & Cie.			Bad. Güterbahnhof	Basel	4428	1908	71	telefonbuch_073	PTT-Archiv, P-260-1_Basel_1908	Basel
Cafader-Mieg	M.		Aeschenvorstadt 11	Basel	1895	1908	71	telefonbuch_073	PTT-Archiv, P-260-1_Basel_1908	Basel
Cafader & Co.			Reichensteinerstr. 14	Basel	4025	1908	71	telefonbuch_073	PTT-Archiv, P-260-1_Basel_1908	Basel
Cafader-Schlaepfer	Fritz		Dornacherstrasse 24	Basel	4415	1908	71	telefonbuch_073	PTT-Archiv, P-260-1_Basel_1908	Basel
Café du Marché		(Louis Keller)	Hutgasse 2	Basel	4582	1908	71	telefonbuch_073	PTT-Archiv, P-260-1_Basel_1908	Basel
Café-Restaurant Spitz			Greifengasse 2	Basel	1269	1908	71	telefonbuch_073	PTT-Archiv, P-260-1_Basel_1908	Basel
Café vaudois & Dézaley		(E. Fonjallaz)	Barfüssergasse 14	Basel	4411	1908	71	telefonbuch_073	PTT-Archiv, P-260-1_Basel_1908	Basel
Cahen-Levallant			Holbeinstrasse 21	Basel	2804	1908	71	telefonbuch_073	PTT-Archiv, P-260-1_Basel_1908	Basel
Cappeler-Beglinger	Ad.	Hafenmeister	Schützengraben 39	Basel	2732	1908	71	telefonbuch_073	PTT-Archiv, P-260-1_Basel_1908	Basel
Carbiner	Jak.	Restaurateur	Schützenmattstr. 7	Basel	820	1908	71	telefonbuch_073	PTT-Archiv, P-260-1_Basel_1908	Basel
Carpentier-Burckhardt	L.		St. Albanvorstadt 110	Basel	4141	1908	71	telefonbuch_073	PTT-Archiv, P-260-1_Basel_1908	Basel
Cavin-Sutter	C.		Holbeinstrasse 91	Basel	2586	1908	71	telefonbuch_073	PTT-Archiv, P-260-1_Basel_1908	Basel
Cavin & Siebenhaar			Falknerstrasse 2	Basel	4244	1908	71	telefonbuch_073	PTT-Archiv, P-260-1_Basel_1908	Basel
Cecchini	G.		Aeschenvorstadt 8	Basel	2058	1908	71	telefonbuch_073	PTT-Archiv, P-260-1_Basel_1908	Basel
Central Hôtel		G. Wehrle	Falknerstrasse 3	Basel	1073	1908	71	telefonbuch_073	PTT-Archiv, P-260-1_Basel_1908	Basel
Centralvorstand des Vereins schweiz. Geschäftsreisender			Fischmarkt 9	Basel	1546	1908	71	telefonbuch_073	PTT-Archiv, P-260-1_Basel_1908	Basel
Ceylon Tea Pavillon Ltd.			Thiersteinerallee 24	Basel	1358	1908	71	telefonbuch_073	PTT-Archiv, P-260-1_Basel_1908	Basel
Chabrières, Morel & Co.		Agentur	St. Johannring 6	Basel	1081	1908	71	telefonbuch_073	PTT-Archiv, P-260-1_Basel_1908	Basel
Chappel	Jos.	Gipsermeister	Oetlingerstrasse 74	Basel	317	1908	71	telefonbuch_073	PTT-Archiv, P-260-1_Basel_1908	Basel
Chappuis	Charles	Coiffeur	Freiestrasse 69	Basel	1859	1908	71	telefonbuch_073	PTT-Archiv, P-260-1_Basel_1908	Basel
Chappuis-Sarasin	P.	Dr.	Sevogelstrasse 34	Basel	3949	1908	71	telefonbuch_073	PTT-Archiv, P-260-1_Basel_1908	Basel
Charon	Louis	Wirt	Schützengraben 62	Basel	2538	1908	72	telefonbuch_074	PTT-Archiv, P-260-1_Basel_1908	Basel
Chemische Anstalt der Universität			Bernoullianum	Basel	178	1908	72	telefonbuch_074	PTT-Archiv, P-260-1_Basel_1908	Basel
Chemisches Laboratorium der Universität		II. Abt.	Unt. Rheingasse 19	Basel	1254	1908	72	telefonbuch_074	PTT-Archiv, P-260-1_Basel_1908	Basel
Chemische Fabrik Schweizerhall			Elsässerstrasse 229	Basel	4069	1908	72	telefonbuch_074	PTT-Archiv, P-260-1_Basel_1908	Basel
Chemische Fabrik Schweizerhall		Dieselbe	Elsässerstrasse 229	Basel	636	1908	72	telefonbuch_074	PTT-Archiv, P-260-1_Basel_1908	Basel
Chemische Fabrik Schweizerhall		Dieselbe siehe unter „Schweizerhalle“	Elsässerstrasse 229	Basel		1908	72	telefonbuch_074	PTT-Archiv, P-260-1_Basel_1908	Basel
Chemische Fabrik, vorm. Sandoz		Bureau	Fabrikstrasse 60	Basel	1633	1908	72	telefonbuch_074	PTT-Archiv, P-260-1_Basel_1908	Basel
Chemische Fabrik, vorm. Sandoz		Dieselbe, Fabrik	Fabrikstrasse 60	Basel	4497	1908	72	telefonbuch_074	PTT-Archiv, P-260-1_Basel_1908	Basel
Choffat	H.	Ingenieur	Allschwilerstr. 56	Basel	377	1908	72	telefonbuch_074	PTT-Archiv, P-260-1_Basel_1908	Basel
Christ-Briefer	P.		Nauenstrasse 35	Basel	1613	1908	72	telefonbuch_074	PTT-Archiv, P-260-1_Basel_1908	Basel
Christ-de Neufville	R.		Schönbeinstrasse 40	Basel	256	1908	72	telefonbuch_074	PTT-Archiv, P-260-1_Basel_1908	Basel
Christ-Ehinger	B. L.	Wwe. (im Winter)	St. Jakobstrasse 2	Basel	2067	1908	72	telefonbuch_074	PTT-Archiv, P-260-1_Basel_1908	Basel
Christ-Ehinger	B. L.	Dieselbe (im Sommer)	Gundoldingerstr. 326	Basel	4003	1908	72	telefonbuch_074	PTT-Archiv, P-260-1_Basel_1908	Basel
Christ-Iselin	Wm.		Wallstrasse 20	Basel	2259	1908	72	telefonbuch_074	PTT-Archiv, P-260-1_Basel_1908	Basel
Christ-Merian	Balth.		Mittlerestrasse 2	Basel	1452	1908	72	telefonbuch_074	PTT-Archiv, P-260-1_Basel_1908	Basel
Christ-Merian	Hans		Langegasse 30	Basel	1093	1908	72	telefonbuch_074	PTT-Archiv, P-260-1_Basel_1908	Basel
Christ-Paravicini	Alfred	Dr., Arzt	St. Jakobstrasse 42	Basel	3721	1908	72	telefonbuch_074	PTT-Archiv, P-260-1_Basel_1908	Basel
Christ-Siber	Paul	Pfarrer	Sempacherstrasse 45	Basel	4002	1908	72	telefonbuch_074	PTT-Archiv, P-260-1_Basel_1908	Basel
Christ-Socin	Herm.	Dr., Advokat	St. Jakobstrasse 5	Basel	1920	1908	72	telefonbuch_074	PTT-Archiv, P-260-1_Basel_1908	Basel
Christ-Wackernagel	P.		Angensteinerstr. 31	Basel	4617	1908	72	telefonbuch_074	PTT-Archiv, P-260-1_Basel_1908	Basel
Christen	E.	Comestibles, Wohnung u. Bureau	Heumattstrasse 21	Basel	3943	1908	72	telefonbuch_074	PTT-Archiv, P-260-1_Basel_1908	Basel
Christen	E.	Derselbe, Laden Heumattstrasse	Heumattstrasse 21	Basel	3726	1908	72	telefonbuch_074	PTT-Archiv, P-260-1_Basel_1908	Basel
Christen	E.	Derselbe, Laden Marktplatz	Marktplatz 4	Basel	1315	1908	72	telefonbuch_074	PTT-Archiv, P-260-1_Basel_1908	Basel
Christen	J. C.	Cartonnagefabrik	Oetlingerstrasse 189	Basel	3215	1908	72	telefonbuch_074	PTT-Archiv, P-260-1_Basel_1908	Basel
Christen-Meyer	Fritz		Steinengraben 55	Basel	3082	1908	72	telefonbuch_074	PTT-Archiv, P-260-1_Basel_1908	Basel
Christen-Weber	W.		Leonhardstrasse 14	Basel	2982	1908	72	telefonbuch_074	PTT-Archiv, P-260-1_Basel_1908	Basel
Christen-Widmer	G.		Neubadstrasse 53	Basel	4530	1908	72	telefonbuch_074	PTT-Archiv, P-260-1_Basel_1908	Basel
Churer Lack- und Farbenfabrik Basel			Heumattstrasse 19	Basel	2226	1908	72	telefonbuch_074	PTT-Archiv, P-260-1_Basel_1908	Basel
Civilgerichtsschreiberei Basel-Stadt			Bäumleingasse 1	Basel	1847	1908	72	telefonbuch_074	PTT-Archiv, P-260-1_Basel_1908	Basel
Civilstandsbureau			Münsterplatz 11	Basel	1799	1908	72	telefonbuch_074	PTT-Archiv, P-260-1_Basel_1908	Basel
Clar		Gebrüder, Comestibles	Eisengasse 18	Basel	1386	1908	72	telefonbuch_074	PTT-Archiv, P-260-1_Basel_1908	Basel
Clauss-Holzach	M.	Hafer- und Mehlhandlung	Steinenthorstr. 19	Basel	646	1908	72	telefonbuch_074	PTT-Archiv, P-260-1_Basel_1908	Basel
Clavel-Respinger	Alex.		Aeschenvorstadt 4	Basel	2667	1908	72	telefonbuch_074	PTT-Archiv, P-260-1_Basel_1908	Basel
Clerici	B.		Freiestrasse 86	Basel	1218	1908	72	telefonbuch_074	PTT-Archiv, P-260-1_Basel_1908	Basel
Cochius & Co.			Lohweg 10	Basel	648	1908	72	telefonbuch_074	PTT-Archiv, P-260-1_Basel_1908	Basel
Cognac-Brennerei Basel, erste schweiz.			Feierabendstr. 36	Basel	3464	1908	72	telefonbuch_074	PTT-Archiv, P-260-1_Basel_1908	Basel
Compagnie d'Assurances Générales sur la vie		Fritz Egli, Directeur Particulier à Bâle	Freiestrasse 84	Basel	3131	1908	72	telefonbuch_074	PTT-Archiv, P-260-1_Basel_1908	Basel
Compagnie Cosmographique			Gerbergasse 55	Basel	2834	1908	72	telefonbuch_074	PTT-Archiv, P-260-1_Basel_1908	Basel
Compagnie générale transatlantique			Nauenstrasse 12	Basel	2386	1908	72	telefonbuch_074	PTT-Archiv, P-260-1_Basel_1908	Basel
Compagnie intle des Wagons-lits		Billetverkauf und Auskunftsbureau	Bahnhof S. B. B.	Basel	3870	1908	72	telefonbuch_074	PTT-Archiv, P-260-1_Basel_1908	Basel
Compagnie intle des Wagons-lits		Dieselbe, Ober-Inspektion, Betriebsbureaux und Cassa	Centralbahnplatz 13	Basel	843	1908	72	telefonbuch_074	PTT-Archiv, P-260-1_Basel_1908	Basel
Compagnie Singer		Laden und Bureau	Gerbergasse 93	Basel	2503	1908	72	telefonbuch_074	PTT-Archiv, P-260-1_Basel_1908	Basel
Compagnie Singer		Dieselbe, Werkstätte	Laufenstrasse 41	Basel	3849	1908	72	telefonbuch_074	PTT-Archiv, P-260-1_Basel_1908	Basel
Condition		(siehe Seidentrocknungs-Anstalt)	Kirschgartenstr. 1	Basel		1908	72	telefonbuch_074	PTT-Archiv, P-260-1_Basel_1908	Basel
Confection Globus		Lippmann-Bloch & Cie.	Steinenvorstadt 12	Basel	947	1908	72	telefonbuch_074	PTT-Archiv, P-260-1_Basel_1908	Basel
Confection Marke P. KZ., Die			Freiestrasse 34	Basel	1579	1908	72	telefonbuch_074	PTT-Archiv, P-260-1_Basel_1908	Basel
Consulat der Ver. Staaten von Nordamerika	George Gifford		Leonhardsgraben 2	Basel	2397	1908	72	telefonbuch_074	PTT-Archiv, P-260-1_Basel_1908	Basel
Consumverein, Allgemeiner		Verwaltung	Birsigstrasse 14	Basel	2577	1908	73	telefonbuch_075	PTT-Archiv, P-260-1_Basel_1908	Basel
Consumverein, Allgemeiner		Kassa	Birsigstrasse 14	Basel	1031	1908	73	telefonbuch_075	PTT-Archiv, P-260-1_Basel_1908	Basel
Consumverein, Allgemeiner		Architekturbureau	Sempacherstrasse 38	Basel	2302	1908	73	telefonbuch_075	PTT-Archiv, P-260-1_Basel_1908	Basel
Consumverein, Allgemeiner		Metzgereifiliale	Allschwilerstr. 41	Basel	907	1908	73	telefonbuch_075	PTT-Archiv, P-260-1_Basel_1908	Basel
Consumverein, Allgemeiner		Metzgereifiliale	Bachlettenstrasse 25	Basel	3418	1908	73	telefonbuch_075	PTT-Archiv, P-260-1_Basel_1908	Basel
Consumverein, Allgemeiner		Metzgereifiliale	Clarastrasse 46	Basel	3633	1908	73	telefonbuch_075	PTT-Archiv, P-260-1_Basel_1908	Basel
Consumverein, Allgemeiner		Metzgereifiliale	Dornacherstr. 131	Basel	3876	1908	73	telefonbuch_075	PTT-Archiv, P-260-1_Basel_1908	Basel
Consumverein, Allgemeiner		Metzgereifiliale	Hegenheimerstr. 23	Basel	841	1908	73	telefonbuch_075	PTT-Archiv, P-260-1_Basel_1908	Basel
Consumverein, Allgemeiner		Metzgereifiliale	Mattweg 76	Basel	3423	1908	73	telefonbuch_075	PTT-Archiv, P-260-1_Basel_1908	Basel
Consumverein, Allgemeiner		Metzgereifiliale	Mörsbergerstr. 54	Basel	275	1908	73	telefonbuch_075	PTT-Archiv, P-260-1_Basel_1908	Basel
Consumverein, Allgemeiner		Metzgereifiliale	Feldbergstrasse 42	Basel	3247	1908	73	telefonbuch_075	PTT-Archiv, P-260-1_Basel_1908	Basel
Consumverein, Allgemeiner		Metzgereifiliale	Claragraben 3	Basel	3217	1908	73	telefonbuch_075	PTT-Archiv, P-260-1_Basel_1908	Basel
Consumverein, Allgemeiner		Metzgereifiliale	Ochsengasse 11	Basel	1201	1908	73	telefonbuch_075	PTT-Archiv, P-260-1_Basel_1908	Basel
Consumverein, Allgemeiner		Metzgereifiliale	Sempacherstrasse 23	Basel	4083	1908	73	telefonbuch_075	PTT-Archiv, P-260-1_Basel_1908	Basel
Consumverein, Allgemeiner		Metzgereifiliale	Spalenvorstadt 27	Basel	2675	1908	73	telefonbuch_075	PTT-Archiv, P-260-1_Basel_1908	Basel
Consumverein, Allgemeiner		Metzgereifiliale	Steinenvorstadt 81	Basel	2373	1908	73	telefonbuch_075	PTT-Archiv, P-260-1_Basel_1908	Basel
Consumverein, Allgemeiner		Metzgereifiliale	Sternengasse 11	Basel	1212	1908	73	telefonbuch_075	PTT-Archiv, P-260-1_Basel_1908	Basel
Consumverein, Allgemeiner		Metzgereifiliale	Zürcherstrasse 105	Basel	886	1908	73	telefonbuch_075	PTT-Archiv, P-260-1_Basel_1908	Basel
Consumverein, Allgemeiner		Metzgereifiliale	Rümelinsplatz 19	Basel	2672	1908	73	telefonbuch_075	PTT-Archiv, P-260-1_Basel_1908	Basel
Consumverein, Allgemeiner		Metzgereifiliale	Kleinhüningerstr. 114	Basel	748	1908	73	telefonbuch_075	PTT-Archiv, P-260-1_Basel_1908	Basel
Consumverein, Allgemeiner		Metzgereifiliale	Davidsrain 25	Basel	4433	1908	73	telefonbuch_075	PTT-Archiv, P-260-1_Basel_1908	Basel
Consumverein, Allgemeiner		Metzgereifiliale	Rufacherstrasse 106	Basel	4414	1908	73	telefonbuch_075	PTT-Archiv, P-260-1_Basel_1908	Basel
Consumverein, Allgemeiner		Metzgereifiliale	Tellplatz 3	Basel	4413	1908	73	telefonbuch_075	PTT-Archiv, P-260-1_Basel_1908	Basel
Consumverein, Allgemeiner		Bäckereigeschäft	Birsigstrasse 12	Basel	203	1908	73	telefonbuch_075	PTT-Archiv, P-260-1_Basel_1908	Basel
Consumverein, Allgemeiner		Brennmaterialiengeschäft	Elsässerstrasse 227	Basel	312	1908	73	telefonbuch_075	PTT-Archiv, P-260-1_Basel_1908	Basel
Consumverein, Allgemeiner		Gemüsehandel	Margarethenstr. 15	Basel	828	1908	73	telefonbuch_075	PTT-Archiv, P-260-1_Basel_1908	Basel
Consumverein, Allgemeiner		Haushaltsartikel-Geschäft	Rümelinsplatz 19	Basel	2857	1908	73	telefonbuch_075	PTT-Archiv, P-260-1_Basel_1908	Basel
Consumverein, Allgemeiner		Haushaltsartikel-Geschäft	Marktgasse	Basel	4377	1908	73	telefonbuch_075	PTT-Archiv, P-260-1_Basel_1908	Basel
Consumverein, Allgemeiner		Schlächterei	Mühlhauserstrasse 36	Basel	342	1908	73	telefonbuch_075	PTT-Archiv, P-260-1_Basel_1908	Basel
Consumverein, Allgemeiner		Schuhgeschäft	Güterstrasse 133	Basel	4274	1908	73	telefonbuch_075	PTT-Archiv, P-260-1_Basel_1908	Basel
Consumverein, Allgemeiner		Schuhgeschäft	Rümelinbachweg 53	Basel	4375	1908	73	telefonbuch_075	PTT-Archiv, P-260-1_Basel_1908	Basel
Consumverein, Allgemeiner		Milchgeschäft	Steinenthortr. 24	Basel	2239	1908	73	telefonbuch_075	PTT-Archiv, P-260-1_Basel_1908	Basel
Consumverein, Allgemeiner		Stallung	Hochstrasse 52	Basel	4162	1908	73	telefonbuch_075	PTT-Archiv, P-260-1_Basel_1908	Basel
Consumverein, Allgemeiner		Warenbureau	Rümelinbachweg 23	Basel	4263	1908	73	telefonbuch_075	PTT-Archiv, P-260-1_Basel_1908	Basel
Continental	Ph.	Restaurant, Plachner	Küchegässlein 15	Basel	4495	1908	73	telefonbuch_075	PTT-Archiv, P-260-1_Basel_1908	Basel
Conzelmann-Hunziker	J.	Schreinermeister	Belchenstrasse 16	Basel	258	1908	73	telefonbuch_075	PTT-Archiv, P-260-1_Basel_1908	Basel
de Coppet	Maurice	Consul de France	Angensteinerstr. 13	Basel	2802	1908	73	telefonbuch_075	PTT-Archiv, P-260-1_Basel_1908	Basel
Corcoran	J. V.		Bruderholzstr. 18	Basel	4474	1908	73	telefonbuch_075	PTT-Archiv, P-260-1_Basel_1908	Basel
Cornelius	Carl	Prof.	Hirzbodenweg 96	Basel	476	1908	73	telefonbuch_075	PTT-Archiv, P-260-1_Basel_1908	Basel
Corning	H. K.	Prof. Dr.	Bundesstrasse 17	Basel	1659	1908	73	telefonbuch_075	PTT-Archiv, P-260-1_Basel_1908	Basel
Courvoisier	L. G.	Prof. Dr.	Holbeinstrasse 93	Basel	3101	1908	73	telefonbuch_075	PTT-Archiv, P-260-1_Basel_1908	Basel
Courvoisier Sohn			Petersberg 27	Basel	779	1908	73	telefonbuch_075	PTT-Archiv, P-260-1_Basel_1908	Basel
Crome	Ernst Friedrich		St. Johannring 125	Basel	1304	1908	73	telefonbuch_075	PTT-Archiv, P-260-1_Basel_1908	Basel
Crowe	Ulrich Milne		Dornacherstrasse 22	Basel	4036	1908	73	telefonbuch_075	PTT-Archiv, P-260-1_Basel_1908	Basel
Cuny & Cie.			Kirchgasse 6	Basel	3190	1908	73	telefonbuch_075	PTT-Archiv, P-260-1_Basel_1908	Basel
Dahler	Carl	Handelsgärtner	Giessliweg 56	Basel	2744	1908	73	telefonbuch_075	PTT-Archiv, P-260-1_Basel_1908	Basel
Dahler	Friedr.		Florastrasse 27	Basel	3617	1908	73	telefonbuch_075	PTT-Archiv, P-260-1_Basel_1908	Basel
Dalang-David	E.	Bäcker	Ob. Rheingasse 56	Basel	1185	1908	74	telefonbuch_076	PTT-Archiv, P-260-1_Basel_1908	Basel
Dallwigk	O.	Vertreter der Schreibwarenfabrik F. Soennecken	Kohlenberg 25	Basel	4463	1908	74	telefonbuch_076	PTT-Archiv, P-260-1_Basel_1908	Basel
Damsohn-Ried	Chr.	Wirt	Elsässerstrasse 3	Basel	4439	1908	74	telefonbuch_076	PTT-Archiv, P-260-1_Basel_1908	Basel
Dannenberger	Leo	Malermeister	Habsburgerstr. 36	Basel	3878	1908	74	telefonbuch_076	PTT-Archiv, P-260-1_Basel_1908	Basel
Danner	R.	Eisenhandlung	Freiestrasse 54	Basel	1918	1908	74	telefonbuch_076	PTT-Archiv, P-260-1_Basel_1908	Basel
Danzas & Co. A.-G.		I, Export	Holbeinstrasse 2	Basel	2918	1908	74	telefonbuch_076	PTT-Archiv, P-260-1_Basel_1908	Basel
Dieselben		II., Import	Holbeinstrasse 2	Basel	2886	1908	74	telefonbuch_076	PTT-Archiv, P-260-1_Basel_1908	Basel
Dieselben		III., Cassa und Buchhaltung	Holbeinstrasse 2	Basel	3270	1908	74	telefonbuch_076	PTT-Archiv, P-260-1_Basel_1908	Basel
Dieselben		Güterbahnhof	St. Jakobstrasse	Basel	4209	1908	74	telefonbuch_076	PTT-Archiv, P-260-1_Basel_1908	Basel
Dieselben			Bad. Güterbahnhof	Basel	4424	1908	74	telefonbuch_076	PTT-Archiv, P-260-1_Basel_1908	Basel
Danzeisen	Ernst	Metzger	Schützenmattstr. 11	Basel	2690	1908	74	telefonbuch_076	PTT-Archiv, P-260-1_Basel_1908	Basel
Danzeisen-Rieder	A.		Friedensgasse 70	Basel	1456	1908	74	telefonbuch_076	PTT-Archiv, P-260-1_Basel_1908	Basel
Danzeisen-Stökli	C.		Oetlingerstrasse 174	Basel	4663	1908	74	telefonbuch_076	PTT-Archiv, P-260-1_Basel_1908	Basel
Dätwiler	Friedrich		Mülhauserstrasse 96	Basel	354	1908	74	telefonbuch_076	PTT-Archiv, P-260-1_Basel_1908	Basel
Dätwiler-Vohrer	A.	Konditor	Therwilerstrasse 19	Basel	4642	1908	74	telefonbuch_076	PTT-Archiv, P-260-1_Basel_1908	Basel
David	Heinrich	Dr.	Rennweg 42	Basel	3789	1908	74	telefonbuch_076	PTT-Archiv, P-260-1_Basel_1908	Basel
David-Hoch	Alb.	Direktor der Volksbank	Bachlettenstrasse 68	Basel	3159	1908	74	telefonbuch_076	PTT-Archiv, P-260-1_Basel_1908	Basel
DeBary-Bavier	Rud.		Augustinergasse 1	Basel	1176	1908	74	telefonbuch_076	PTT-Archiv, P-260-1_Basel_1908	Basel
DeBary-Burckhardt	Joh.		St. Albananlage 25	Basel	4281	1908	74	telefonbuch_076	PTT-Archiv, P-260-1_Basel_1908	Basel
DeBary & Co.			Augustinergasse 1	Basel	1170	1908	74	telefonbuch_076	PTT-Archiv, P-260-1_Basel_1908	Basel
Dieselben		Fabrik	Gellertstrasse 67	Basel	1437	1908	74	telefonbuch_076	PTT-Archiv, P-260-1_Basel_1908	Basel
Deck	Melchior	Metzger	Schützenmattstr. 1	Basel	2601	1908	74	telefonbuch_076	PTT-Archiv, P-260-1_Basel_1908	Basel
Deffner	B.		Birsigstrasse 118	Basel	3272	1908	74	telefonbuch_076	PTT-Archiv, P-260-1_Basel_1908	Basel
Degen	E.	Vertreter der Gips-Union A.-G.	Bärschwilerstr. 10	Basel	4722	1908	74	telefonbuch_076	PTT-Archiv, P-260-1_Basel_1908	Basel
Degen-Gysin	Albert		Angensteinerstr. 32	Basel	4718	1908	74	telefonbuch_076	PTT-Archiv, P-260-1_Basel_1908	Basel
Degen-Rössiger	E.		Thiersteinerallee 15	Basel	759	1908	74	telefonbuch_076	PTT-Archiv, P-260-1_Basel_1908	Basel
Dehne	Franz		Riehenstrasse 8	Basel	3428	1908	74	telefonbuch_076	PTT-Archiv, P-260-1_Basel_1908	Basel
Dejosez-Hofer	Wilh.		Paulusgasse 10	Basel	4704	1908	74	telefonbuch_076	PTT-Archiv, P-260-1_Basel_1908	Basel
Deiss	K.	Schuhhandlung	Hutgasse 5	Basel	1527	1908	74	telefonbuch_076	PTT-Archiv, P-260-1_Basel_1908	Basel
Dennler	Fritz	Milch- und Butterhandlung	Webergasse 27	Basel	994	1908	74	telefonbuch_076	PTT-Archiv, P-260-1_Basel_1908	Basel
Denz	Joh.	Steinhauergeschäft	Sierenzerstrasse 34	Basel	445	1908	74	telefonbuch_076	PTT-Archiv, P-260-1_Basel_1908	Basel
Departement des Innern			Rathaus	Basel	1387	1908	74	telefonbuch_076	PTT-Archiv, P-260-1_Basel_1908	Basel
v. Deschwanden-Gasser	J. M.	Flaschenbier-dépôt Feldschlösschen	Hagenthalerstr. 16	Basel	2786	1908	74	telefonbuch_076	PTT-Archiv, P-260-1_Basel_1908	Basel
Dettwiler	Emil	Architekt, Baubureau Gschwind, Dettwyler & Co.	Steinenthortstr. 27	Basel	2475	1908	74	telefonbuch_076	PTT-Archiv, P-260-1_Basel_1908	Basel
Dettwiler-Hindermann	G.		Unt. Rheingasse 15	Basel	1266	1908	74	telefonbuch_076	PTT-Archiv, P-260-1_Basel_1908	Basel
Dettwiler-Kellerhals	Franz		Dornacherstrasse 161	Basel	3776	1908	74	telefonbuch_076	PTT-Archiv, P-260-1_Basel_1908	Basel
Deutler	Gustav	Tapezierer	Spitalstrasse 26	Basel	2874	1908	74	telefonbuch_076	PTT-Archiv, P-260-1_Basel_1908	Basel
Deutscher Arbeiterverein			Riehenthorstrasse 11	Basel	4585	1908	74	telefonbuch_076	PTT-Archiv, P-260-1_Basel_1908	Basel
Deutsches Konsulat			Drahtzugstrasse 10	Basel	3301	1908	74	telefonbuch_076	PTT-Archiv, P-260-1_Basel_1908	Basel
Dewald	André	Vertr. v. Aug. Göricke	Steinenvorstadt 23	Basel	240	1908	74	telefonbuch_076	PTT-Archiv, P-260-1_Basel_1908	Basel
Diakonenanstalt im Hirzen			Aeschenvorstadt 50	Basel	2282	1908	74	telefonbuch_076	PTT-Archiv, P-260-1_Basel_1908	Basel
Dick	R.	vorm. Jos. Burri & Cie.	Hammerstrasse 115	Basel	3456	1908	74	telefonbuch_076	PTT-Archiv, P-260-1_Basel_1908	Basel
Didio-Kuchemann		Wwe., Wasch- und Glätterei	Spalenring 162	Basel	984	1908	74	telefonbuch_076	PTT-Archiv, P-260-1_Basel_1908	Basel
Diehl Gageur & Co.			St. Albanthal 35	Basel	4297	1908	74	telefonbuch_076	PTT-Archiv, P-260-1_Basel_1908	Basel
Diehr-Asal	Rob.		Palmenstrasse 20	Basel	916	1908	74	telefonbuch_076	PTT-Archiv, P-260-1_Basel_1908	Basel
Dierks	W.		Freiestrasse 74	Basel	3749	1908	74	telefonbuch_076	PTT-Archiv, P-260-1_Basel_1908	Basel
Dietler-Baumgartner	J.	Mechaniker	Sperrstrasse 41	Basel	1005	1908	75	telefonbuch_077	PTT-Archiv, P-260-1_Basel_1908	Basel
Dietrich-Böhme	Louis	Bierbrauer, Privat	Müllheimerstr. 141	Basel	3353	1908	75	telefonbuch_077	PTT-Archiv, P-260-1_Basel_1908	Basel
Dietrich	Gebr.	Brauerei z. Greifen, Brauerei und Bureau	Amerbachstrasse 36	Basel	3355	1908	75	telefonbuch_077	PTT-Archiv, P-260-1_Basel_1908	Basel
Dietrich	Herm.	Dr. med.	Kleinhüningerstr. 169	Basel	3393	1908	75	telefonbuch_077	PTT-Archiv, P-260-1_Basel_1908	Basel
Dietrich & Co.		Bijouterie	Gerbergasse 3	Basel	1549	1908	75	telefonbuch_077	PTT-Archiv, P-260-1_Basel_1908	Basel
Dietschy-Alioth	W.		Pilgerstrasse 19	Basel	1714	1908	75	telefonbuch_077	PTT-Archiv, P-260-1_Basel_1908	Basel
Dietschy-Burckhardt	J. J.		St. Johannvorst. 22	Basel	1391	1908	75	telefonbuch_077	PTT-Archiv, P-260-1_Basel_1908	Basel
Dietschy	Richard	Dr.	Sevogelstrasse 30	Basel	4306	1908	75	telefonbuch_077	PTT-Archiv, P-260-1_Basel_1908	Basel
Dietschy, Heusler & Co.		Comptoir	St. Johannvorst. 19	Basel	1398	1908	75	telefonbuch_077	PTT-Archiv, P-260-1_Basel_1908	Basel
Dieselben		Fergstube	St. Johannvorst. 19	Basel	1397	1908	75	telefonbuch_077	PTT-Archiv, P-260-1_Basel_1908	Basel
Dietschy-Fürstenberger	W. R.		Peter Merianstr. 48	Basel	4065	1908	75	telefonbuch_077	PTT-Archiv, P-260-1_Basel_1908	Basel
Dilger-Ruh	W.	Installateur	Spalenberg 62	Basel	311	1908	75	telefonbuch_077	PTT-Archiv, P-260-1_Basel_1908	Basel
Dill	Th.	Zahnarzt	Petersgraben 49	Basel	4259	1908	75	telefonbuch_077	PTT-Archiv, P-260-1_Basel_1908	Basel
Dinser	Conrad	Architekt	Güterstrasse 277	Basel	3425	1908	75	telefonbuch_077	PTT-Archiv, P-260-1_Basel_1908	Basel
Direktion der eidg. Bauten		Baubureau	Gartenstrasse 68	Basel	242	1908	75	telefonbuch_077	PTT-Archiv, P-260-1_Basel_1908	Basel
Diriwächter	G. W.		Petersgasse 10	Basel	4535	1908	75	telefonbuch_077	PTT-Archiv, P-260-1_Basel_1908	Basel
Disch-Jaeck	Aug.		Kannenfeldstr. 23	Basel	2819	1908	75	telefonbuch_077	PTT-Archiv, P-260-1_Basel_1908	Basel
Dischler	A.	Sculpture, Ebénisterie	Luftgässlein 6	Basel	3634	1908	75	telefonbuch_077	PTT-Archiv, P-260-1_Basel_1908	Basel
Disler	F.	(Hôtel Rütli)	Theaterstrasse 24	Basel	2549	1908	75	telefonbuch_077	PTT-Archiv, P-260-1_Basel_1908	Basel
Distel-Motsch	L.	Milchhandlung	Rixheimerstrasse 12	Basel	191	1908	75	telefonbuch_077	PTT-Archiv, P-260-1_Basel_1908	Basel
Ditisheim	Alfred	Lichtdruckanstalt, Nachf. v. Henri Besson	Elisabethenstr. 41	Basel	2094	1908	75	telefonbuch_077	PTT-Archiv, P-260-1_Basel_1908	Basel
Ditisheim	Gebrüder		Güterstrasse 126	Basel	2473	1908	75	telefonbuch_077	PTT-Archiv, P-260-1_Basel_1908	Basel
Ditisheim	M.	Dr. med.	Holbeinstrasse 88	Basel	2522	1908	75	telefonbuch_077	PTT-Archiv, P-260-1_Basel_1908	Basel
Döbbelin	A.	Nachf. v. H. R. Pfisterer	Freiestrasse 40	Basel	248	1908	75	telefonbuch_077	PTT-Archiv, P-260-1_Basel_1908	Basel
Döbeli-Hofer	T.	Kantine, Kaserne	Klingenthal	Basel	1162	1908	75	telefonbuch_077	PTT-Archiv, P-260-1_Basel_1908	Basel
Dobler	Karl	Handelsgärtner	Lehenmattweg 230	Basel	855	1908	75	telefonbuch_077	PTT-Archiv, P-260-1_Basel_1908	Basel
Doebner	E.		Spalenring 83	Basel	548	1908	75	telefonbuch_077	PTT-Archiv, P-260-1_Basel_1908	Basel
Dolder	C.		Aeschenvorstadt 20	Basel	2096	1908	75	telefonbuch_077	PTT-Archiv, P-260-1_Basel_1908	Basel
Dolder-Merz	W.		Immengasse 18	Basel	644	1908	75	telefonbuch_077	PTT-Archiv, P-260-1_Basel_1908	Basel
Dollfus	R. A.		Grellingerstrasse 77	Basel	2343	1908	75	telefonbuch_077	PTT-Archiv, P-260-1_Basel_1908	Basel
Dollinger-Kölliker	Wilh.	Graveur	Malzgasse 11	Basel	2418	1908	75	telefonbuch_077	PTT-Archiv, P-260-1_Basel_1908	Basel
Domma	Rob.	Conditor	Oetlingerstrasse 63	Basel	291	1908	75	telefonbuch_077	PTT-Archiv, P-260-1_Basel_1908	Basel
Dopler	Jules H.	march.-tailleur	Kohlenberg 11	Basel	3267	1908	75	telefonbuch_077	PTT-Archiv, P-260-1_Basel_1908	Basel
Doppler	Gustav	Architekt	Müllheimerstr. 73	Basel	3347	1908	75	telefonbuch_077	PTT-Archiv, P-260-1_Basel_1908	Basel
Doppler	Heinrich	Baumeister	Allschwilerstr. 48	Basel	206	1908	75	telefonbuch_077	PTT-Archiv, P-260-1_Basel_1908	Basel
Dörflinger	Fritz	Fuhrhalter	Hägenheimerstr. 117	Basel	897	1908	75	telefonbuch_077	PTT-Archiv, P-260-1_Basel_1908	Basel
Dörflinger-Rietmann	Fr.		St. Johannvorst. 44	Basel	4011	1908	75	telefonbuch_077	PTT-Archiv, P-260-1_Basel_1908	Basel
Dornacher-Gutmann	L.	Spenglermeister	Unt. Heuberg 13	Basel	4442	1908	75	telefonbuch_077	PTT-Archiv, P-260-1_Basel_1908	Basel
Dornacher & Rottner			Falknerstrasse 7	Basel	671	1908	75	telefonbuch_077	PTT-Archiv, P-260-1_Basel_1908	Basel
Dorner	Albert		Gundoldingerstr. 410	Basel	745	1908	75	telefonbuch_077	PTT-Archiv, P-260-1_Basel_1908	Basel
Dorner & Co.		Weinimport	Reinacherstrasse 10	Basel	745	1908	75	telefonbuch_077	PTT-Archiv, P-260-1_Basel_1908	Basel
Doetsch	Richard	Apotheker	Sommergasse 38	Basel	2335	1908	75	telefonbuch_077	PTT-Archiv, P-260-1_Basel_1908	Basel
Doetschmann & Hoch			Gotthelfstrasse 26	Basel	2891	1908	75	telefonbuch_077	PTT-Archiv, P-260-1_Basel_1908	Basel
Douchain	Melle L.	Robes et Confections	Heumattstrasse 1	Basel	626	1908	75	telefonbuch_077	PTT-Archiv, P-260-1_Basel_1908	Basel
Drasdo	Otto	Buchhändler	Mittlerestrasse 206	Basel	614	1908	75	telefonbuch_077	PTT-Archiv, P-260-1_Basel_1908	Basel
Dreher	Germann		Gerbergasse 57	Basel	883	1908	75	telefonbuch_077	PTT-Archiv, P-260-1_Basel_1908	Basel
Dreher-Strahm	Wilhelm		Hardtstrasse 95	Basel	3788	1908	75	telefonbuch_077	PTT-Archiv, P-260-1_Basel_1908	Basel
Dreher-Treichler	J.	Sargfabrik, Nachf. v. C. Wassermann	Totentanz 8	Basel	1399	1908	75	telefonbuch_077	PTT-Archiv, P-260-1_Basel_1908	Basel
Dreifuss-Kahn	A.	Wwe.	Schützengraben 9	Basel	2779	1908	76	telefonbuch_078	PTT-Archiv, P-260-1_Basel_1908	Basel
Dreimann	A.		Spalenthorweg 31	Basel	2562	1908	76	telefonbuch_078	PTT-Archiv, P-260-1_Basel_1908	Basel
Drei Rosen - Schulhaus			Zähringerstrasse 30	Basel	3292	1908	76	telefonbuch_078	PTT-Archiv, P-260-1_Basel_1908	Basel
Drei Rosen		Wirtschaft (Cardinal)	Horburgstrasse 1	Basel	931	1908	76	telefonbuch_078	PTT-Archiv, P-260-1_Basel_1908	Basel
Dreispitz-Lagerplatz		siehe „Verwaltung“		Basel	4257	1908	76	telefonbuch_078	PTT-Archiv, P-260-1_Basel_1908	Basel
Dreux	Eugène	Vertreter	Reichensteinerstr. 39	Basel	4222	1908	76	telefonbuch_078	PTT-Archiv, P-260-1_Basel_1908	Basel
Dreux-Heimgartner	Chs.	Restaurant zum Güterbahnhof (Wolf)	St. Jakobstrasse 159	Basel	3995	1908	76	telefonbuch_078	PTT-Archiv, P-260-1_Basel_1908	Basel
Drexler	Camille	Hotel Roter Ochsen	Ochsengasse 10	Basel	1249	1908	76	telefonbuch_078	PTT-Archiv, P-260-1_Basel_1908	Basel
Drexler	J.	Bürsten- und Pinselfabrik	Marktplatz 3	Basel	116	1908	76	telefonbuch_078	PTT-Archiv, P-260-1_Basel_1908	Basel
Dreyfus	Alfred		Steinenvorstadt 60	Basel	2498	1908	76	telefonbuch_078	PTT-Archiv, P-260-1_Basel_1908	Basel
Dieselben		Wohnung	Steinenring 56	Basel	4366	1908	76	telefonbuch_078	PTT-Archiv, P-260-1_Basel_1908	Basel
Dreyfus-Bernheim	S.		Steinengraben 25	Basel	2890	1908	76	telefonbuch_078	PTT-Archiv, P-260-1_Basel_1908	Basel
Dreyfus-Brettauer	B. A.		Steinengraben 49	Basel	3072	1908	76	telefonbuch_078	PTT-Archiv, P-260-1_Basel_1908	Basel
Dreyfus-Brodski	Jules		St. Jakobstrasse 44	Basel	2156	1908	76	telefonbuch_078	PTT-Archiv, P-260-1_Basel_1908	Basel
Dreyfus	Charles		St. Johannring 91	Basel	2630	1908	76	telefonbuch_078	PTT-Archiv, P-260-1_Basel_1908	Basel
Dreyfus		Dr. med.	Schützenmattstr. 69	Basel	2848	1908	76	telefonbuch_078	PTT-Archiv, P-260-1_Basel_1908	Basel
Dreyfus	Ernst		Socinstrasse 35	Basel	2702	1908	76	telefonbuch_078	PTT-Archiv, P-260-1_Basel_1908	Basel
Dieselbe		Centralhalle	Streitgasse 20	Basel	884	1908	76	telefonbuch_078	PTT-Archiv, P-260-1_Basel_1908	Basel
Dreyfus-Geismar	Achilles		Nonnenweg 9	Basel	1233	1908	76	telefonbuch_078	PTT-Archiv, P-260-1_Basel_1908	Basel
Dreyfus-Heymann	Isaak	Viehhandlung	Allschwilerstr. 61	Basel	663	1908	76	telefonbuch_078	PTT-Archiv, P-260-1_Basel_1908	Basel
Dreyfus	L. de Emanuel	auch Wohnung	Spalenthorweg 20	Basel	2708	1908	76	telefonbuch_078	PTT-Archiv, P-260-1_Basel_1908	Basel
Dreyfus-Merzbacher	Ida	Wwe.	Eulerstrasse 10	Basel	2800	1908	76	telefonbuch_078	PTT-Archiv, P-260-1_Basel_1908	Basel
Dreyfus	Robert	Lederwaren	Steinenvorstadt 16	Basel	4580	1908	76	telefonbuch_078	PTT-Archiv, P-260-1_Basel_1908	Basel
Dreyfus-Rueff	M.	Frau	Burgunderstrasse 11	Basel	3543	1908	76	telefonbuch_078	PTT-Archiv, P-260-1_Basel_1908	Basel
Dreyfus-Rueff	S.		Leimenstrasse 13	Basel	2852	1908	76	telefonbuch_078	PTT-Archiv, P-260-1_Basel_1908	Basel
Dreyfus Söhne & Co.			Aeschenvorstadt 16	Basel	2075	1908	76	telefonbuch_078	PTT-Archiv, P-260-1_Basel_1908	Basel
Dieselben		Börse	Börse	Basel	101	1908	76	telefonbuch_078	PTT-Archiv, P-260-1_Basel_1908	Basel
Dieselben		Börse	Börse	Basel	491	1908	76	telefonbuch_078	PTT-Archiv, P-260-1_Basel_1908	Basel
Dreyfus-Strauss	Isaak		Schützenmattstr. 43	Basel	2769	1908	76	telefonbuch_078	PTT-Archiv, P-260-1_Basel_1908	Basel
Drissler-Eitel	Aug.	Bildhauer	Unt. Rheinweg 58	Basel	214	1908	76	telefonbuch_078	PTT-Archiv, P-260-1_Basel_1908	Basel
Driessner	Hermann		Markgräflerstr. 21	Basel	45	1908	76	telefonbuch_078	PTT-Archiv, P-260-1_Basel_1908	Basel
Droschkenanstalt, allgemeine		Gebrüder Keller	Margarethenstr. 79	Basel	2145	1908	76	telefonbuch_078	PTT-Archiv, P-260-1_Basel_1908	Basel
Dieselbe			Drahtzugstrasse 16	Basel	3470	1908	76	telefonbuch_078	PTT-Archiv, P-260-1_Basel_1908	Basel
Droschkenanstalt Settelen, Basler		Droschken und Möbeltransport	Türkheimerstr. 17	Basel	1519	1908	76	telefonbuch_078	PTT-Archiv, P-260-1_Basel_1908	Basel
Dieselbe			Türkheimerstr. 17	Basel	3946	1908	76	telefonbuch_078	PTT-Archiv, P-260-1_Basel_1908	Basel
Dröser	H. J.	& Sohn, Bürsten- u. Pinselfabrik	Eisengasse 11	Basel	1343	1908	76	telefonbuch_078	PTT-Archiv, P-260-1_Basel_1908	Basel
Dieselben		Filiale	Spalenberg 38	Basel	2649	1908	76	telefonbuch_078	PTT-Archiv, P-260-1_Basel_1908	Basel
Drüssel	Sofie	Frau, Waschanstalt	Grellingerstrasse 88	Basel	4726	1908	76	telefonbuch_078	PTT-Archiv, P-260-1_Basel_1908	Basel
Düblin	Emil	Spenglermeister	Allschwilerstrasse 34	Basel	2788	1908	76	telefonbuch_078	PTT-Archiv, P-260-1_Basel_1908	Basel
Dubois	Leopold	Delegierter des Verwaltungsrates des Schweiz. Bankvereins	Steinenring 8	Basel	633	1908	76	telefonbuch_078	PTT-Archiv, P-260-1_Basel_1908	Basel
Dukas	Eduard		Birsigstrasse 121	Basel	4334	1908	76	telefonbuch_078	PTT-Archiv, P-260-1_Basel_1908	Basel
Dukas	S.		Weiherweg 28	Basel	2998	1908	76	telefonbuch_078	PTT-Archiv, P-260-1_Basel_1908	Basel
Dukas	S.	& Co.	Freiestrasse 17	Basel	3040	1908	76	telefonbuch_078	PTT-Archiv, P-260-1_Basel_1908	Basel
Dieselben		Börse	Börse	Basel	3156	1908	76	telefonbuch_078	PTT-Archiv, P-260-1_Basel_1908	Basel
Dieselben		Börse	Börse	Basel	3141	1908	76	telefonbuch_078	PTT-Archiv, P-260-1_Basel_1908	Basel
Dunkel-Gass	M.	Milch und Butter	Homburgerstr. 22	Basel	365	1908	76	telefonbuch_078	PTT-Archiv, P-260-1_Basel_1908	Basel
Dunlop Pneumatic Tyre Co., The			Holbeinstrasse 56	Basel	3412	1908	77	telefonbuch_079	PTT-Archiv, P-260-1_Basel_1908	Basel
Durot	Ernest		Rennweg 82	Basel	3682	1908	77	telefonbuch_079	PTT-Archiv, P-260-1_Basel_1908	Basel
Dürrenberger	H.	Mechaniker	Türkheimerstr. 32	Basel	2269	1908	77	telefonbuch_079	PTT-Archiv, P-260-1_Basel_1908	Basel
Dürr	Alfred	Mineralwassergeschäft	St. Johannring 122	Basel	1442	1908	77	telefonbuch_079	PTT-Archiv, P-260-1_Basel_1908	Basel
Dürring-Kummler	R.	Wagner	Pfeffingerstrasse 61	Basel	3887	1908	77	telefonbuch_079	PTT-Archiv, P-260-1_Basel_1908	Basel
Eberhard	Hans	Bauunternehmer	Holbeinstrasse 11	Basel	2948	1908	77	telefonbuch_079	PTT-Archiv, P-260-1_Basel_1908	Basel
Derselbe		Werkhof	Hebelstrasse 47	Basel	3963	1908	77	telefonbuch_079	PTT-Archiv, P-260-1_Basel_1908	Basel
Eberhard	Hch.	Bauunternehmer	Kohlenberggasse 6	Basel	3118	1908	77	telefonbuch_079	PTT-Archiv, P-260-1_Basel_1908	Basel
Derselbe		Werkhof	Hägenheimerstr. 39	Basel	811	1908	77	telefonbuch_079	PTT-Archiv, P-260-1_Basel_1908	Basel
Eberle	Carl	Baugeschäft	Hebelstrasse 11	Basel	1539	1908	77	telefonbuch_079	PTT-Archiv, P-260-1_Basel_1908	Basel
Ebrard-Weissbrod	R.	Dr.	Spalenthorweg 17	Basel	487	1908	77	telefonbuch_079	PTT-Archiv, P-260-1_Basel_1908	Basel
Ebstein	Leopold		Mostackerstrasse 7	Basel	1770	1908	77	telefonbuch_079	PTT-Archiv, P-260-1_Basel_1908	Basel
Eckel-Labhart	Ch.		Mittlerestrasse 43	Basel	2760	1908	77	telefonbuch_079	PTT-Archiv, P-260-1_Basel_1908	Basel
Eckenstein	Louis	Pianolager	Nadelberg 20	Basel	1239	1908	77	telefonbuch_079	PTT-Archiv, P-260-1_Basel_1908	Basel
Eckenstein-Marfort	A.		Grellingerstrasse 34	Basel	90	1908	77	telefonbuch_079	PTT-Archiv, P-260-1_Basel_1908	Basel
Eckenstein-Schmidt	Rud.		Margarethenstr. 69	Basel	4045	1908	77	telefonbuch_079	PTT-Archiv, P-260-1_Basel_1908	Basel
Eckenstein-Schröter	Eduard		Dornacherstrasse 7	Basel	2340	1908	77	telefonbuch_079	PTT-Archiv, P-260-1_Basel_1908	Basel
Eckerlin-Bürgin	Gustav		Hegenheimerstr. 70	Basel	894	1908	77	telefonbuch_079	PTT-Archiv, P-260-1_Basel_1908	Basel
Eckert	Johann	Fuhrhalterei	Pfeffingerstrasse 34	Basel	3888	1908	77	telefonbuch_079	PTT-Archiv, P-260-1_Basel_1908	Basel
Eckhardt-Schwere	F.	Spezereihandlung	Tellstrasse 64	Basel	348	1908	77	telefonbuch_079	PTT-Archiv, P-260-1_Basel_1908	Basel
Ecklin	Theod.	Dr., Arzt	St Albanvorstadt 102	Basel	4277	1908	77	telefonbuch_079	PTT-Archiv, P-260-1_Basel_1908	Basel
Egg-Sieberg	H.	Oberingenieur	Güterstrasse 279	Basel	477	1908	77	telefonbuch_079	PTT-Archiv, P-260-1_Basel_1908	Basel
Egger	A.	Braumeister (Cardinal)	Schärtlingasse 4	Basel	4724	1908	77	telefonbuch_079	PTT-Archiv, P-260-1_Basel_1908	Basel
Egger	F.	Prof. Dr.	Bundesstrasse 3	Basel	2856	1908	77	telefonbuch_079	PTT-Archiv, P-260-1_Basel_1908	Basel
Egger	C.	& Co., Bureau	Steinenthörberg 18	Basel	2260	1908	77	telefonbuch_079	PTT-Archiv, P-260-1_Basel_1908	Basel
Dieselben		Lagerplatz	Dreispitz	Basel	3982	1908	77	telefonbuch_079	PTT-Archiv, P-260-1_Basel_1908	Basel
Egi	Jos.	Baumaterialien	Dornacherstr. 268	Basel	3455	1908	77	telefonbuch_079	PTT-Archiv, P-260-1_Basel_1908	Basel
Egli	Adolf	Carrosserie-Automobile	Neuwylerstrasse 44	Basel	668	1908	77	telefonbuch_079	PTT-Archiv, P-260-1_Basel_1908	Basel
Egli	Anton	Versicherungsagenturen	Kohlenberg 11	Basel	2518	1908	77	telefonbuch_079	PTT-Archiv, P-260-1_Basel_1908	Basel
Egli-Eckenstein	E. R.		Holbeinstrasse 85	Basel	972	1908	77	telefonbuch_079	PTT-Archiv, P-260-1_Basel_1908	Basel
Egli-Reinhann & Co.			Wallstrasse 22	Basel	2469	1908	77	telefonbuch_079	PTT-Archiv, P-260-1_Basel_1908	Basel
Egli-Scherer	Fritz	(Wohnung) [Bureau 3131]	Dornacherstrasse 93	Basel	3895	1908	77	telefonbuch_079	PTT-Archiv, P-260-1_Basel_1908	Basel
Eglinger-Oboussier	G.		Sonnenweg 4	Basel	3572	1908	77	telefonbuch_079	PTT-Archiv, P-260-1_Basel_1908	Basel
Ehinger-Heusler	Alph. M.		Aeschenvorstadt 15	Basel	1883	1908	77	telefonbuch_079	PTT-Archiv, P-260-1_Basel_1908	Basel
Derselbe		siehe unter „Neue Welt“		Basel	3910	1908	77	telefonbuch_079	PTT-Archiv, P-260-1_Basel_1908	Basel
Ehinger-Sarasin	L.	Dr.	St. Jakobstrasse 41	Basel	1901	1908	77	telefonbuch_079	PTT-Archiv, P-260-1_Basel_1908	Basel
Ehinger & Co.			Aeschenvorstadt 15	Basel	2028	1908	77	telefonbuch_079	PTT-Archiv, P-260-1_Basel_1908	Basel
Dieselben			Aeschenvorstadt 15	Basel	2510	1908	77	telefonbuch_079	PTT-Archiv, P-260-1_Basel_1908	Basel
Dieselben		Börse	Börse	Basel	114	1908	77	telefonbuch_079	PTT-Archiv, P-260-1_Basel_1908	Basel
Ehninger	C.	St. Clara-Apotheke	Clarastrasse 22	Basel	3532	1908	77	telefonbuch_079	PTT-Archiv, P-260-1_Basel_1908	Basel
Ehret	G.	Marchand-Tailleur	Falknerstrasse 1	Basel	1845	1908	77	telefonbuch_079	PTT-Archiv, P-260-1_Basel_1908	Basel
Ehrhardt	Adolph		Schärtlingasse 22	Basel	2573	1908	77	telefonbuch_079	PTT-Archiv, P-260-1_Basel_1908	Basel
Ehrhardt-Korte	A.	Parfümerien	Alemannengasse 72	Basel	3229	1908	77	telefonbuch_079	PTT-Archiv, P-260-1_Basel_1908	Basel
Ehrich-Fischer	Rudolf		Leimenstrasse 57	Basel	2832	1908	77	telefonbuch_079	PTT-Archiv, P-260-1_Basel_1908	Basel
Ehrich	R.	Buchdruckerei	Nadelberg 20	Basel	1584	1908	77	telefonbuch_079	PTT-Archiv, P-260-1_Basel_1908	Basel
Ehrler-Wittich	A. K.	Wwe.	Ob. Rheinweg 87	Basel	1139	1908	77	telefonbuch_079	PTT-Archiv, P-260-1_Basel_1908	Basel
Ehrsam-Fischer	W.	Agentur	St. Johannvorst. 42	Basel	1737	1908	77	telefonbuch_079	PTT-Archiv, P-260-1_Basel_1908	Basel
Ehrsam	Jean	Kaminfegermeister	Totentanz 15	Basel	1293	1908	77	telefonbuch_079	PTT-Archiv, P-260-1_Basel_1908	Basel
Eiche	Gustav	Metzger	Bläsiring 75	Basel	4335	1908	78	telefonbuch_080	PTT-Archiv, P-260-1_Basel_1908	Basel
Eichenberger	Arthur	Baumeister	Kannenfeldstr. 55	Basel	1976	1908	78	telefonbuch_080	PTT-Archiv, P-260-1_Basel_1908	Basel
Eichenberger & Pernaux			Marktplatz 31	Basel	1620	1908	78	telefonbuch_080	PTT-Archiv, P-260-1_Basel_1908	Basel
Eichenlaub	E.	Coiffeur	Stadthausgasse 23	Basel	1964	1908	78	telefonbuch_080	PTT-Archiv, P-260-1_Basel_1908	Basel
Eichin	G.	Hôtel goldenes Lamm	Ob. Rebgasse 16	Basel	1195	1908	78	telefonbuch_080	PTT-Archiv, P-260-1_Basel_1908	Basel
Eichkorn	A.	Brennmaterialienhandlung	Mattweg 31	Basel	3485	1908	78	telefonbuch_080	PTT-Archiv, P-260-1_Basel_1908	Basel
Eichstätte Basel		J. F. Linder	Petersgraben 35	Basel	369	1908	78	telefonbuch_080	PTT-Archiv, P-260-1_Basel_1908	Basel
Eidgenössische Bank A. G.			Münsterberg 1	Basel	1898	1908	78	telefonbuch_080	PTT-Archiv, P-260-1_Basel_1908	Basel
Eidgenössische Bank A. G.			Münsterberg 1	Basel	1807	1908	78	telefonbuch_080	PTT-Archiv, P-260-1_Basel_1908	Basel
Eidgenössische Bank A. G.		Börse	Börse	Basel	3537	1908	78	telefonbuch_080	PTT-Archiv, P-260-1_Basel_1908	Basel
Eidgenössische Bank A. G.		Börse	Börse	Basel	3150	1908	78	telefonbuch_080	PTT-Archiv, P-260-1_Basel_1908	Basel
Eidgenössische Bank A. G.		Wechselstube Freiestr.	Freiestrasse	Basel	518	1908	78	telefonbuch_080	PTT-Archiv, P-260-1_Basel_1908	Basel
Eidgenössische Bank A. G.		Wechselstube Bahnhof	Bundesbahnhof	Basel	3863	1908	78	telefonbuch_080	PTT-Archiv, P-260-1_Basel_1908	Basel
Eiermann	Friedr.	Fabr. chem. Produkte	Jurastrasse 30	Basel	3519	1908	78	telefonbuch_080	PTT-Archiv, P-260-1_Basel_1908	Basel
Einkaufsgenossenschaft des schweiz. Conditorenverbandes			Leonhardstrasse 18	Basel	2002	1908	78	telefonbuch_080	PTT-Archiv, P-260-1_Basel_1908	Basel
Einkaufs-Genossenschaft des Schweiz. Tapezierer-Meister-Verbandes			Hirschgasse 15	Basel	4573	1908	78	telefonbuch_080	PTT-Archiv, P-260-1_Basel_1908	Basel
Eisenbahnbank, Schweiz.			Aeschenvorstadt 16	Basel	2015	1908	78	telefonbuch_080	PTT-Archiv, P-260-1_Basel_1908	Basel
Eisenbaugeschäft Vohland & Bär, A.- G.			Kanonengasse 3	Basel	2532	1908	78	telefonbuch_080	PTT-Archiv, P-260-1_Basel_1908	Basel
Eisenhut	Ulrich	Zimmergeschäft	Ob. Rebgasse 32	Basel	4609	1908	78	telefonbuch_080	PTT-Archiv, P-260-1_Basel_1908	Basel
Eisenmann	L.		Birmannsgasse 31	Basel	2352	1908	78	telefonbuch_080	PTT-Archiv, P-260-1_Basel_1908	Basel
Eisenring	Fritz	Conditor	Heumattstrasse 3	Basel	2256	1908	78	telefonbuch_080	PTT-Archiv, P-260-1_Basel_1908	Basel
Eisenwerk Wülfel		Filiale Basel	Blumenrain 32	Basel	2206	1908	78	telefonbuch_080	PTT-Archiv, P-260-1_Basel_1908	Basel
Eisfabrik Bürgin			Unt. Rheinweg 18	Basel	1263	1908	78	telefonbuch_080	PTT-Archiv, P-260-1_Basel_1908	Basel
Eisgesellschaft, Basler		Bronner & Cie.	Nauenstrasse 1	Basel	2270	1908	78	telefonbuch_080	PTT-Archiv, P-260-1_Basel_1908	Basel
Eisinger	Fr.	Spenglerei (Bureau)	Aeschenvorst. 26/28	Basel	2073	1908	78	telefonbuch_080	PTT-Archiv, P-260-1_Basel_1908	Basel
Eisinger	Fr.	Eiskasten- und Bierbuffetsfabrik	Margarethenstr. 19	Basel	2400	1908	78	telefonbuch_080	PTT-Archiv, P-260-1_Basel_1908	Basel
Eisinger-Karle	M. E.	Wwe., Waschanstalt	Ob. Rheingasse 54	Basel	3539	1908	78	telefonbuch_080	PTT-Archiv, P-260-1_Basel_1908	Basel
Elektrizitätsgesellschaft Alioth		s. Münchenstein		Basel	1670	1908	78	telefonbuch_080	PTT-Archiv, P-260-1_Basel_1908	Basel
Elektrizitätswerk		siehe Gas- und Wasserwerk		Basel		1908	78	telefonbuch_080	PTT-Archiv, P-260-1_Basel_1908	Basel
Else-Schmidt	B.		Spalenberg 20	Basel	444	1908	78	telefonbuch_080	PTT-Archiv, P-260-1_Basel_1908	Basel
Elser		Wwe., & Sohn, Tapezierergeschäft	Schneidergasse 34	Basel	1503	1908	78	telefonbuch_080	PTT-Archiv, P-260-1_Basel_1908	Basel
Eltner	J.	Sattler und Carrossier	Klingenthalstrasse 3	Basel	3275	1908	78	telefonbuch_080	PTT-Archiv, P-260-1_Basel_1908	Basel
Emmel		Geschwister	Gerbergasse 33	Basel	2186	1908	78	telefonbuch_080	PTT-Archiv, P-260-1_Basel_1908	Basel
Enderle	Hch.	Hafner	Klingenthalstr. 68	Basel	3302	1908	78	telefonbuch_080	PTT-Archiv, P-260-1_Basel_1908	Basel
Enersen	D. T.	& Cie.	Sternengasse 21	Basel	2624	1908	78	telefonbuch_080	PTT-Archiv, P-260-1_Basel_1908	Basel
Engel-Apotheke		von E. Steiger	Bäumleingasse 4	Basel	1866	1908	78	telefonbuch_080	PTT-Archiv, P-260-1_Basel_1908	Basel
Engel-Gros	F.		Gundoldingerstr. 218	Basel	3754	1908	78	telefonbuch_080	PTT-Archiv, P-260-1_Basel_1908	Basel
Engelberger	Jos.		Freiestrasse 31	Basel	1036	1908	78	telefonbuch_080	PTT-Archiv, P-260-1_Basel_1908	Basel
Engelhof			Nadelberg 4	Basel	1476	1908	78	telefonbuch_080	PTT-Archiv, P-260-1_Basel_1908	Basel
Engeli-Schönholzer	Traugott		Kandererstrasse 31	Basel	1059	1908	78	telefonbuch_080	PTT-Archiv, P-260-1_Basel_1908	Basel
Engelmann	Dr. Th.	Apotheker	Unt. Rheingasse 2	Basel	1282	1908	78	telefonbuch_080	PTT-Archiv, P-260-1_Basel_1908	Basel
Engisch	Aug.	& Cie.	Eulerstrasse 1	Basel	2924	1908	78	telefonbuch_080	PTT-Archiv, P-260-1_Basel_1908	Basel
Engisch-Kroeber	Emma	Wwe.	Eulerstrasse 1	Basel	2924	1908	78	telefonbuch_080	PTT-Archiv, P-260-1_Basel_1908	Basel
Engler-Steiner	Albert		Spalenthorweg 43	Basel	2765	1908	78	telefonbuch_080	PTT-Archiv, P-260-1_Basel_1908	Basel
Eppens	Paul	Tapezierer	Holbeinstrasse 9	Basel	2646	1908	78	telefonbuch_080	PTT-Archiv, P-260-1_Basel_1908	Basel
Epstein		Gebrüder	Leonhardsgraben 42	Basel	2957	1908	78	telefonbuch_080	PTT-Archiv, P-260-1_Basel_1908	Basel
Epstein-Meier	M.		Leimenstrasse 59	Basel	3912	1908	78	telefonbuch_080	PTT-Archiv, P-260-1_Basel_1908	Basel
Equitable		(Direktor v. Welck)	Missionsstrasse 34	Basel	3282	1908	79	telefonbuch_081	PTT-Archiv, P-260-1_Basel_1908	Basel
Erbe & Sidler		Lithographie	Leonhardstrasse 20	Basel	3039	1908	79	telefonbuch_081	PTT-Archiv, P-260-1_Basel_1908	Basel
Erhardt	Carl		Hochbergerstr. 27	Basel	395	1908	79	telefonbuch_081	PTT-Archiv, P-260-1_Basel_1908	Basel
Erne	M.	Hôtel Schrieder z. Deutschen Hof	Bahnhofstrasse 19	Basel	3466	1908	79	telefonbuch_081	PTT-Archiv, P-260-1_Basel_1908	Basel
Erni	G. J.		Palmenstrasse 5	Basel	4341	1908	79	telefonbuch_081	PTT-Archiv, P-260-1_Basel_1908	Basel
Ernst	Gust.	Bäckerei	Erlenstrasse 44	Basel	1435	1908	79	telefonbuch_081	PTT-Archiv, P-260-1_Basel_1908	Basel
Ernst	Wilh. H.		Gundoldingerstr. 117	Basel	4239	1908	79	telefonbuch_081	PTT-Archiv, P-260-1_Basel_1908	Basel
Ersparniskasse Basel			St. Albangraben 3	Basel	1892	1908	79	telefonbuch_081	PTT-Archiv, P-260-1_Basel_1908	Basel
Ersparniskasse Basel		Filiale	Claragraben 162	Basel	3324	1908	79	telefonbuch_081	PTT-Archiv, P-260-1_Basel_1908	Basel
Erste Actienbrennerei in Basel			Margarethenstr. 59	Basel	2384	1908	79	telefonbuch_081	PTT-Archiv, P-260-1_Basel_1908	Basel
Erste Oesterreichische Actienges. zur Erzeugung von Möbeln aus gebogenem Holze, Jakob & Jos. Kohn			Leonhardstrasse 9	Basel	4004	1908	79	telefonbuch_081	PTT-Archiv, P-260-1_Basel_1908	Basel
Erste Schweiz. Cognac-Brennerei Basel			Feierabendstr. 36	Basel	3464	1908	79	telefonbuch_081	PTT-Archiv, P-260-1_Basel_1908	Basel
Erzer & Thüring		Holzhandl. u. Baumaterialien	Dreispitz	Basel	3947	1908	79	telefonbuch_081	PTT-Archiv, P-260-1_Basel_1908	Basel
Erziehungsdepartement		(Mentelinhof)	Münsterplatz 14	Basel	1063	1908	79	telefonbuch_081	PTT-Archiv, P-260-1_Basel_1908	Basel
Eschbach & Schmid			Weidengasse 25	Basel	4291	1908	79	telefonbuch_081	PTT-Archiv, P-260-1_Basel_1908	Basel
Eschbaecher	L. E.		Leimenstrasse 50	Basel	3285	1908	79	telefonbuch_081	PTT-Archiv, P-260-1_Basel_1908	Basel
Ess-Dörflinger	A.	Frau, Plazierungsbureau	Ob. Rheingasse 30	Basel	1198	1908	79	telefonbuch_081	PTT-Archiv, P-260-1_Basel_1908	Basel
Essig-Ackermann	C.	Frau	Gundoldingerstr. 87	Basel	4217	1908	79	telefonbuch_081	PTT-Archiv, P-260-1_Basel_1908	Basel
Euler-Barth	A.		Leimenstrasse 44	Basel	2953	1908	79	telefonbuch_081	PTT-Archiv, P-260-1_Basel_1908	Basel
Euler		Grand Hôtel und Hôtel (Oscar Michel)	Centralbahnplatz 14	Basel	2241	1908	79	telefonbuch_081	PTT-Archiv, P-260-1_Basel_1908	Basel
Eulert-Frey	G.	Papeterie und Buchhandlung	Klybeckstrasse 23	Basel	2268	1908	79	telefonbuch_081	PTT-Archiv, P-260-1_Basel_1908	Basel
Ewald-Steib	Ch.	Parfümeriefabrikant	Austrasse 120	Basel	2774	1908	79	telefonbuch_081	PTT-Archiv, P-260-1_Basel_1908	Basel
Ewald & Co.		Parfumerie Franco-Suisse	Kraftstrasse 11	Basel	4546	1908	79	telefonbuch_081	PTT-Archiv, P-260-1_Basel_1908	Basel
Ewig	Georges		St. Johannvorst. 31	Basel	3239	1908	79	telefonbuch_081	PTT-Archiv, P-260-1_Basel_1908	Basel
Ewig-Turneysen	Fried.	Wwe.	Grenzacherstr. 405	Basel	3866	1908	79	telefonbuch_081	PTT-Archiv, P-260-1_Basel_1908	Basel
Eybisch-Hübscher	Albert		Clarastrasse 57	Basel	1320	1908	79	telefonbuch_081	PTT-Archiv, P-260-1_Basel_1908	Basel
Facklam	Ferd. P. H.	Zahnarzt	Wallstrasse 17	Basel	2455	1908	79	telefonbuch_081	PTT-Archiv, P-260-1_Basel_1908	Basel
Fäh-Kinkelin	E.	Wwe.	Oberwilerstrasse 80	Basel	919	1908	79	telefonbuch_081	PTT-Archiv, P-260-1_Basel_1908	Basel
Fahm	J.	Dr.	Klingentalgrb. 33	Basel	1298	1908	79	telefonbuch_081	PTT-Archiv, P-260-1_Basel_1908	Basel
Fähnle-Blattner	W.	Spenglermeister	St. Albanring 204	Basel	3316	1908	79	telefonbuch_081	PTT-Archiv, P-260-1_Basel_1908	Basel
Fahrner	M.	Lithograph	St. Albanvorstadt 40	Basel	1843	1908	79	telefonbuch_081	PTT-Archiv, P-260-1_Basel_1908	Basel
Falkner	Fritz	Hutmacher	Gerbergasse 63	Basel	2036	1908	79	telefonbuch_081	PTT-Archiv, P-260-1_Basel_1908	Basel
Faller-Schlecht	R.		Thiersteinerallee 55	Basel	778	1908	79	telefonbuch_081	PTT-Archiv, P-260-1_Basel_1908	Basel
Fankhauser	Fritz		Frobensstrasse 16	Basel	2472	1908	79	telefonbuch_081	PTT-Archiv, P-260-1_Basel_1908	Basel
Fankhauser	F.	& Cie.	Malzgasse 18	Basel	1999	1908	79	telefonbuch_081	PTT-Archiv, P-260-1_Basel_1908	Basel
Fankhauser-Thommen	Joh.	Gärtner	Neuwilerstrasse 18	Basel	3462	1908	79	telefonbuch_081	PTT-Archiv, P-260-1_Basel_1908	Basel
Fankhauser	Wilhelm		Güterstrasse 112	Basel	1669	1908	79	telefonbuch_081	PTT-Archiv, P-260-1_Basel_1908	Basel
Färberei und Appreturgesellschaft		Färberei und Druckerei	Gärtnerstrasse 22	Basel	790	1908	79	telefonbuch_081	PTT-Archiv, P-260-1_Basel_1908	Basel
Färberei und Appreturgesellschaft		Appretur	Breisacherstrasse 1	Basel	1287	1908	79	telefonbuch_081	PTT-Archiv, P-260-1_Basel_1908	Basel
Färberei und Appretur Schusterinsel			Hammerstrasse 56	Basel	3714	1908	79	telefonbuch_081	PTT-Archiv, P-260-1_Basel_1908	Basel
Färbereien vorm. Jos. Schetty Söhne A.-G.			Unt. Rebgasse 4	Basel	1245	1908	79	telefonbuch_081	PTT-Archiv, P-260-1_Basel_1908	Basel
Farbwerke, vorm. L. Durand, Huguenin & Co.			Fabrikstrasse 40	Basel	1624	1908	79	telefonbuch_081	PTT-Archiv, P-260-1_Basel_1908	Basel
Faesch	Emil	Architekt	Holbeinstrasse 36	Basel	806	1908	79	telefonbuch_081	PTT-Archiv, P-260-1_Basel_1908	Basel
Faesch	Emil	(Emil Faesch-Geering), Wohnung	Sommergasse 26	Basel	802	1908	79	telefonbuch_081	PTT-Archiv, P-260-1_Basel_1908	Basel
Faesch	Fr.	elektrotechn. Installationsgeschäft	Spalenthorweg 15	Basel	2377	1908	79	telefonbuch_081	PTT-Archiv, P-260-1_Basel_1908	Basel
Faesch-Kaufmann	E.	Frau	Lohweg 6	Basel	2417	1908	79	telefonbuch_081	PTT-Archiv, P-260-1_Basel_1908	Basel
Faesch	Th. R.	Zahnarzt	Elisabethenstr. 15	Basel	1429	1908	80	telefonbuch_082	PTT-Archiv, P-260-1_Basel_1908	Basel
Faesch	Th. R.	Wohnung	Sommergasse 46	Basel	787	1908	80	telefonbuch_082	PTT-Archiv, P-260-1_Basel_1908	Basel
Fässy	Adolf	Schuhhandlung	Freiestrasse 38	Basel	1805	1908	80	telefonbuch_082	PTT-Archiv, P-260-1_Basel_1908	Basel
Faude-Walz	J.	Bäckermeister	Gerbergasse 64	Basel	2595	1908	80	telefonbuch_082	PTT-Archiv, P-260-1_Basel_1908	Basel
Fay	Ernest	Vergolder	Leonhardsgraben 18	Basel	2359	1908	80	telefonbuch_082	PTT-Archiv, P-260-1_Basel_1908	Basel
Fay	Paul		Birsigstrasse 129	Basel	1023	1908	80	telefonbuch_082	PTT-Archiv, P-260-1_Basel_1908	Basel
Fecht	C.	Comestibles	Sierenzerstrasse 5	Basel	809	1908	80	telefonbuch_082	PTT-Archiv, P-260-1_Basel_1908	Basel
Fechter	Rud.	Architekt	Sternengässlein 27	Basel	2396	1908	80	telefonbuch_082	PTT-Archiv, P-260-1_Basel_1908	Basel
Fehlmann	Emanuel		Gempenstrasse 50	Basel	2280	1908	80	telefonbuch_082	PTT-Archiv, P-260-1_Basel_1908	Basel
Feigenwinter & Joos	Ernst & Albert	Dr. & Dr., Advokaturbureau	Oberer Heuberg 12	Basel	2866	1908	80	telefonbuch_082	PTT-Archiv, P-260-1_Basel_1908	Basel
Feldschlösschen		Wirtschaft z. Landskron (W. Koch-Kiefer)	Landskronstr. 37	Basel	4472	1908	80	telefonbuch_082	PTT-Archiv, P-260-1_Basel_1908	Basel
Fenner-Matter	E.		Feierabendstr. 52	Basel	2939	1908	80	telefonbuch_082	PTT-Archiv, P-260-1_Basel_1908	Basel
Ferralli	Ch.	Hotel Habsburg	Theaterstrasse 2	Basel	2363	1908	80	telefonbuch_082	PTT-Archiv, P-260-1_Basel_1908	Basel
Festersen & Co.	F.		Gerbergasse 71	Basel	2109	1908	80	telefonbuch_082	PTT-Archiv, P-260-1_Basel_1908	Basel
Fetscherin	R.	Tierarzt	Elsässerstrasse 4	Basel	1917	1908	80	telefonbuch_082	PTT-Archiv, P-260-1_Basel_1908	Basel
Bär	F.	Kommandant	Zürcherstrasse 193	Basel	77	1908	80	telefonbuch_082	PTT-Archiv, P-260-1_Basel_1908	Basel
Horner	R.	Kommissär	Byfangweg 7	Basel	78	1908	80	telefonbuch_082	PTT-Archiv, P-260-1_Basel_1908	Basel
Feuerwache und Kommissariat		Lützelhof	Spalenvorstadt 11	Basel	79	1908	80	telefonbuch_082	PTT-Archiv, P-260-1_Basel_1908	Basel
Feuerwehrmagazin 1			Schneidergasse 2	Basel	1598	1908	80	telefonbuch_082	PTT-Archiv, P-260-1_Basel_1908	Basel
Feuerwehrmagazin 2			Wallstrasse 1	Basel	1954	1908	80	telefonbuch_082	PTT-Archiv, P-260-1_Basel_1908	Basel
Feuerwehrmagazin 3			Zeughaus	Basel	283	1908	80	telefonbuch_082	PTT-Archiv, P-260-1_Basel_1908	Basel
Feuerwehrmagazin 4			Ob. Rebgasse 3	Basel	4252	1908	80	telefonbuch_082	PTT-Archiv, P-260-1_Basel_1908	Basel
Feuerwehrmagazin 5			Hammerstrasse 190	Basel	868	1908	80	telefonbuch_082	PTT-Archiv, P-260-1_Basel_1908	Basel
Rutschmann	G.	Hauptmann	Spalenberg 53	Basel	2	1908	80	telefonbuch_082	PTT-Archiv, P-260-1_Basel_1908	Basel
Geiger	A.	Lieut.	Marktplatz 24	Basel	3	1908	80	telefonbuch_082	PTT-Archiv, P-260-1_Basel_1908	Basel
Tschan	Hermann	Wachtmeister	Schneidergasse 8	Basel	4	1908	80	telefonbuch_082	PTT-Archiv, P-260-1_Basel_1908	Basel
Fischer	Emil	Oberlieut.	Spalenberg 22	Basel	6	1908	80	telefonbuch_082	PTT-Archiv, P-260-1_Basel_1908	Basel
Wassermann	Emanuel	Lieut.	Oberer Heuberg 25	Basel	7	1908	80	telefonbuch_082	PTT-Archiv, P-260-1_Basel_1908	Basel
Lindner	Carl	Lieut.	Nadelberg 3	Basel	9	1908	80	telefonbuch_082	PTT-Archiv, P-260-1_Basel_1908	Basel
Flügel	Rud.	Lieut.	Falknerstrasse 26	Basel	10	1908	80	telefonbuch_082	PTT-Archiv, P-260-1_Basel_1908	Basel
Brand	Rud.	Lieut.	St Albanrheinweg 120	Basel	11	1908	80	telefonbuch_082	PTT-Archiv, P-260-1_Basel_1908	Basel
Abt	Heinrich	Lieut.	St. Albanvorstadt 8	Basel	12	1908	80	telefonbuch_082	PTT-Archiv, P-260-1_Basel_1908	Basel
Weisskopf	Arn.	Oberlieut.	Frobenstrasse 61	Basel	13	1908	80	telefonbuch_082	PTT-Archiv, P-260-1_Basel_1908	Basel
Sigrist	Hch.	Hauptmann	Tiersteineralle 71	Basel	14	1908	80	telefonbuch_082	PTT-Archiv, P-260-1_Basel_1908	Basel
Kölz	Julius	Feldwebel	Wallstrasse 13	Basel	16	1908	80	telefonbuch_082	PTT-Archiv, P-260-1_Basel_1908	Basel
Bürgin	Emil	Lieut.	Dornacherstrasse 47	Basel	20	1908	80	telefonbuch_082	PTT-Archiv, P-260-1_Basel_1908	Basel
Bosshardt	Theodor	Lieut.	Hint. Spitalstrasse 7	Basel	21	1908	80	telefonbuch_082	PTT-Archiv, P-260-1_Basel_1908	Basel
Brühl	Aug.	Lieut.	Spalenvorstadt 37	Basel	22	1908	80	telefonbuch_082	PTT-Archiv, P-260-1_Basel_1908	Basel
Müller	Carl	Hauptmann	Missionsstrasse 64	Basel	23	1908	80	telefonbuch_082	PTT-Archiv, P-260-1_Basel_1908	Basel
Schmidt	Georg	Oberlieut.	St. Johannring 12	Basel	24	1908	81	telefonbuch_083	PTT-Archiv, P-260-1_Basel_1908	Basel
Bürgin	Jakob	Feldwebel	Petersplatz 18	Basel	26	1908	81	telefonbuch_083	PTT-Archiv, P-260-1_Basel_1908	Basel
Kirchhofer	F.	Feldwebel	Metzerstrasse 22	Basel	27	1908	81	telefonbuch_083	PTT-Archiv, P-260-1_Basel_1908	Basel
Letzgus	Max	Wachtmeister	Hebelstrasse 82	Basel	28	1908	81	telefonbuch_083	PTT-Archiv, P-260-1_Basel_1908	Basel
Fininger	Wilh.	Lieut.	Barfüssergasse 3	Basel	29	1908	81	telefonbuch_083	PTT-Archiv, P-260-1_Basel_1908	Basel
Hindenlang	E.	Hauptmann	Utengasse 12	Basel	32	1908	81	telefonbuch_083	PTT-Archiv, P-260-1_Basel_1908	Basel
Maurer	Hans	Feldwebel	Riehenthorstr. 12	Basel	34	1908	81	telefonbuch_083	PTT-Archiv, P-260-1_Basel_1908	Basel
Höhn	Gottlieb	Oberlieut.	Drahtzugstrasse 36	Basel	35	1908	81	telefonbuch_083	PTT-Archiv, P-260-1_Basel_1908	Basel
Gutekunst	J.	Lieut.	Klybeckstrasse 42	Basel	36	1908	81	telefonbuch_083	PTT-Archiv, P-260-1_Basel_1908	Basel
Hindermann	Rud.	Wachtmeister	Mörsbergerstrasse 4	Basel	37	1908	81	telefonbuch_083	PTT-Archiv, P-260-1_Basel_1908	Basel
Rudin	Oscar	Lieut.	Utengasse 22	Basel	38	1908	81	telefonbuch_083	PTT-Archiv, P-260-1_Basel_1908	Basel
Jucker	H.	Oberlieut.	Sperrstrasse 61	Basel	40	1908	81	telefonbuch_083	PTT-Archiv, P-260-1_Basel_1908	Basel
Suter	Gottfried	Lieut.	Leuengasse 28	Basel	41	1908	81	telefonbuch_083	PTT-Archiv, P-260-1_Basel_1908	Basel
Pfrunder	Ed.	Oberlieut.	Unt. Rheinweg 146	Basel	42	1908	81	telefonbuch_083	PTT-Archiv, P-260-1_Basel_1908	Basel
Stadelmann	C.	Oberlieut.	Unt. Rheinweg 66	Basel	43	1908	81	telefonbuch_083	PTT-Archiv, P-260-1_Basel_1908	Basel
Thommen	Hans	Hauptmann	Hammerstrasse 192	Basel	44	1908	81	telefonbuch_083	PTT-Archiv, P-260-1_Basel_1908	Basel
Driessner	Herm.	Lieut.	Markgräflerstr. 21	Basel	45	1908	81	telefonbuch_083	PTT-Archiv, P-260-1_Basel_1908	Basel
Hasler	Ernst	Feldwebel	Breisacherstrasse 79	Basel	46	1908	81	telefonbuch_083	PTT-Archiv, P-260-1_Basel_1908	Basel
Sprüngli	F.	Lieut.	Burgfelderstrasse 21	Basel	50	1908	81	telefonbuch_083	PTT-Archiv, P-260-1_Basel_1908	Basel
Fichter	Fritz	Prof. Dr.	Marschalkenstr. 24	Basel	3917	1908	81	telefonbuch_083	PTT-Archiv, P-260-1_Basel_1908	Basel
Fichter-Liebi	W. H.	Architekt	Grellingerstrasse 74	Basel	3373	1908	81	telefonbuch_083	PTT-Archiv, P-260-1_Basel_1908	Basel
Fichter-Seiler	B.		Schweizerplatz 2	Basel	1590	1908	81	telefonbuch_083	PTT-Archiv, P-260-1_Basel_1908	Basel
Fiechter	Emil		Mittlerestrasse 41	Basel	789	1908	81	telefonbuch_083	PTT-Archiv, P-260-1_Basel_1908	Basel
Fiechter	H.	Mühleneinrichtungsgeschäft	Dornacherstrasse 137	Basel	4081	1908	81	telefonbuch_083	PTT-Archiv, P-260-1_Basel_1908	Basel
Fiechter-Hoellrigl	A.		Kanonengasse 31	Basel	4346	1908	81	telefonbuch_083	PTT-Archiv, P-260-1_Basel_1908	Basel
Fiechter	Louis B.		Dornacherstrasse 20	Basel	882	1908	81	telefonbuch_083	PTT-Archiv, P-260-1_Basel_1908	Basel
Fiechter	Louis B.	"siehe ""Neuewelt"""		Basel	969	1908	81	telefonbuch_083	PTT-Archiv, P-260-1_Basel_1908	Basel
Fiechter & Schmidt			Hüningerstrasse 137	Basel	4089	1908	81	telefonbuch_083	PTT-Archiv, P-260-1_Basel_1908	Basel
Fiechter & Ursprung		internationale Transporte	Elisabethenstrasse 17	Basel	2331	1908	81	telefonbuch_083	PTT-Archiv, P-260-1_Basel_1908	Basel
Fiechter & Ursprung		Dieselben, Güterbahnhof	St. Jakobstrasse	Basel	4208	1908	81	telefonbuch_083	PTT-Archiv, P-260-1_Basel_1908	Basel
Finanzdepartement			Rathaus	Basel	2390	1908	81	telefonbuch_083	PTT-Archiv, P-260-1_Basel_1908	Basel
Finckh	Dr.	& Eissner, chem. Fabrik vorm. Siegwart	Leonhardstrasse 37	Basel	911	1908	81	telefonbuch_083	PTT-Archiv, P-260-1_Basel_1908	Basel
Finckh	Ernst	Verlagsbuchhandlung	Petersgraben 63	Basel	197	1908	81	telefonbuch_083	PTT-Archiv, P-260-1_Basel_1908	Basel
Finckh	Ernst	Akadem. Buchhandl., vorm. Lendorff	Freiestrasse 84	Basel	1393	1908	81	telefonbuch_083	PTT-Archiv, P-260-1_Basel_1908	Basel
Fingerlin	Julius		Mörsbergerstr. 32	Basel	3320	1908	81	telefonbuch_083	PTT-Archiv, P-260-1_Basel_1908	Basel
Fininger-Merian	Ld.	Dr. jur.	Engelgasse 50	Basel	4159	1908	81	telefonbuch_083	PTT-Archiv, P-260-1_Basel_1908	Basel
Fininger	Wilh.		Barfüssergasse 3	Basel	29	1908	81	telefonbuch_083	PTT-Archiv, P-260-1_Basel_1908	Basel
Fininger, W., & Cie.		vorm. Ed. Werdenberg, Gasapparatefabrik	Barfüssergasse 3	Basel	29	1908	81	telefonbuch_083	PTT-Archiv, P-260-1_Basel_1908	Basel
Fisch-Kemler	Jos.	Restaurant St. Leonhard	Steinengraben 43	Basel	810	1908	81	telefonbuch_083	PTT-Archiv, P-260-1_Basel_1908	Basel
Fischer	Alfred	Dr.	Güterstrasse 83	Basel	2174	1908	81	telefonbuch_083	PTT-Archiv, P-260-1_Basel_1908	Basel
Fischer	Eduard	Optiker	Eisengasse 15	Basel	1371	1908	81	telefonbuch_083	PTT-Archiv, P-260-1_Basel_1908	Basel
Fischer	Emil	z. Wolf	Spalenberg 22	Basel	6	1908	82	telefonbuch_084	PTT-Archiv, P-260-1_Basel_1908	Basel
Fischer	Emil	Filiale	Aeschenvorstadt 23	Basel	2024	1908	82	telefonbuch_084	PTT-Archiv, P-260-1_Basel_1908	Basel
Fischer	Emil	Filiale	Therwilerstrasse 20	Basel	2614	1908	82	telefonbuch_084	PTT-Archiv, P-260-1_Basel_1908	Basel
Fischer jr.		Wechselstube Merkur	Marktgasse 24	Basel	1346	1908	82	telefonbuch_084	PTT-Archiv, P-260-1_Basel_1908	Basel
Fischer-Memmel	R.	Geschäft und Wohnung	Eisengasse 5	Basel	1349	1908	82	telefonbuch_084	PTT-Archiv, P-260-1_Basel_1908	Basel
Fischer-Preiswerk	Aug.	Bau- und Kunstschlosserei	Bärenfelserstrasse 19	Basel	3440	1908	82	telefonbuch_084	PTT-Archiv, P-260-1_Basel_1908	Basel
Fischer	Samuel	Laden, f. Stadtkunden-Gespräche	Freiestrasse 9	Basel	1434	1908	82	telefonbuch_084	PTT-Archiv, P-260-1_Basel_1908	Basel
Fischer	Samuel	nur für auswärtige Spedition und Wareneingang	Freiestrasse 9	Basel	1051	1908	82	telefonbuch_084	PTT-Archiv, P-260-1_Basel_1908	Basel
Fischer	Samuel	Filiale	Aeschenvorstadt 11	Basel	1990	1908	82	telefonbuch_084	PTT-Archiv, P-260-1_Basel_1908	Basel
Fischer	Samuel	Wohnung	Rütlistrasse 51	Basel	997	1908	82	telefonbuch_084	PTT-Archiv, P-260-1_Basel_1908	Basel
Fix	Victor		Schanzenstrasse 14	Basel	3923	1908	82	telefonbuch_084	PTT-Archiv, P-260-1_Basel_1908	Basel
Flaig-Pümpin	Jos.	Bierdepot Eberl- u. Warteckbräu	Landskronstrasse 55	Basel	212	1908	82	telefonbuch_084	PTT-Archiv, P-260-1_Basel_1908	Basel
Flammer	J.	Reparaturwerkstätte für Velos und Motorwagen	Feldbergstrasse 138	Basel	359	1908	82	telefonbuch_084	PTT-Archiv, P-260-1_Basel_1908	Basel
Fleig-Lützelschwab	A.	Bäcker	Bachlettenstrasse 11	Basel	2544	1908	82	telefonbuch_084	PTT-Archiv, P-260-1_Basel_1908	Basel
Fleiner-Schmidlin	E.		Sevogelstrasse 5	Basel	4121	1908	82	telefonbuch_084	PTT-Archiv, P-260-1_Basel_1908	Basel
Fleiner		Sohn	Kohlenberg 29	Basel	3086	1908	82	telefonbuch_084	PTT-Archiv, P-260-1_Basel_1908	Basel
Fleissig	P.	Dr., Spitalapotheker	Hebelstrasse 28	Basel	259	1908	82	telefonbuch_084	PTT-Archiv, P-260-1_Basel_1908	Basel
Floretspinnerei Ringwald			St. Albananlage 7	Basel	4254	1908	82	telefonbuch_084	PTT-Archiv, P-260-1_Basel_1908	Basel
Flubacher	A.		Austrasse 36	Basel	2946	1908	82	telefonbuch_084	PTT-Archiv, P-260-1_Basel_1908	Basel
Flubacher-Bernhard	Wilh.		Eulerstrasse 12	Basel	2754	1908	82	telefonbuch_084	PTT-Archiv, P-260-1_Basel_1908	Basel
Flubacher & Seidel		Maler	Münchensteinerstrasse 138	Basel	4029	1908	82	telefonbuch_084	PTT-Archiv, P-260-1_Basel_1908	Basel
Fluck-Brodbeck	Th.		Altkircherstrasse 19	Basel	168	1908	82	telefonbuch_084	PTT-Archiv, P-260-1_Basel_1908	Basel
Flück	C.		Schützenmattstr. 75	Basel	3392	1908	82	telefonbuch_084	PTT-Archiv, P-260-1_Basel_1908	Basel
Flügel-Georg	Rud.	Buchbinder	Gerbergasse 51	Basel	10	1908	82	telefonbuch_084	PTT-Archiv, P-260-1_Basel_1908	Basel
Flügel	Heinrich	Architekt	Burgfelderstrasse 12	Basel	3826	1908	82	telefonbuch_084	PTT-Archiv, P-260-1_Basel_1908	Basel
Flury	Urs	Steinhauermeister	Nonnenweg 51	Basel	3312	1908	82	telefonbuch_084	PTT-Archiv, P-260-1_Basel_1908	Basel
Forcart-Bachofen	Rudolf		St. Jakobsstrasse 6	Basel	1948	1908	82	telefonbuch_084	PTT-Archiv, P-260-1_Basel_1908	Basel
Forcart	M. K.	Dr., Arzt	Engelgasse 3	Basel	3800	1908	82	telefonbuch_084	PTT-Archiv, P-260-1_Basel_1908	Basel
Forcart	Louise		Langegasse 47	Basel	4155	1908	82	telefonbuch_084	PTT-Archiv, P-260-1_Basel_1908	Basel
Forrer & Hug		Dr.	Steinenthorstr. 10	Basel	670	1908	82	telefonbuch_084	PTT-Archiv, P-260-1_Basel_1908	Basel
Forster	K. E.	Präsident der Kreisdirektion der Schweiz. Bundesbahnen (Wohnung)	Missionsstrasse 17	Basel	1407	1908	82	telefonbuch_084	PTT-Archiv, P-260-1_Basel_1908	Basel
Forster	K. E.	Bureau	Ob. Heuberg 7	Basel	337	1908	82	telefonbuch_084	PTT-Archiv, P-260-1_Basel_1908	Basel
Förter	Hugo	Dr.	Florastrasse 19	Basel	1187	1908	82	telefonbuch_084	PTT-Archiv, P-260-1_Basel_1908	Basel
Fortwängler-Rupp	Karl		Sperrstrasse 33	Basel	3438	1908	82	telefonbuch_084	PTT-Archiv, P-260-1_Basel_1908	Basel
Franck	Hrch.	Söhne (Bureau, Direktorwohnung)	Horburgstrasse 109	Basel	3364	1908	82	telefonbuch_084	PTT-Archiv, P-260-1_Basel_1908	Basel
Frank-Sitterle	F.		Hammerstrasse 111	Basel	3430	1908	82	telefonbuch_084	PTT-Archiv, P-260-1_Basel_1908	Basel
Fränkel & Vœllmy		Möbelfabr. u. Bauschreinerei	Riehenstrasse 157	Basel	3833	1908	82	telefonbuch_084	PTT-Archiv, P-260-1_Basel_1908	Basel
Fränkel & Vœllmy		Privat	Riehenstrasse 157	Basel	4644	1908	82	telefonbuch_084	PTT-Archiv, P-260-1_Basel_1908	Basel
Frankenbach-Denz	G. E.		Dornacherstr. 270	Basel	4658	1908	82	telefonbuch_084	PTT-Archiv, P-260-1_Basel_1908	Basel
Frankenbach	Georg		Aeschenvorstadt 42	Basel	2062	1908	82	telefonbuch_084	PTT-Archiv, P-260-1_Basel_1908	Basel
Frankenbach	Georg		Sternengasse 10	Basel	2088	1908	82	telefonbuch_084	PTT-Archiv, P-260-1_Basel_1908	Basel
Frauenarbeitsschule			Stapfelberg 9	Basel	4627	1908	82	telefonbuch_084	PTT-Archiv, P-260-1_Basel_1908	Basel
Frauenspital			Klingelbergstr. 50	Basel	1538	1908	82	telefonbuch_084	PTT-Archiv, P-260-1_Basel_1908	Basel
Frauenverein zur Hebung der Sittlichkeit		Bureau	Herbergsgasse 1	Basel	4126	1908	82	telefonbuch_084	PTT-Archiv, P-260-1_Basel_1908	Basel
Frauenverein zur Hebung der Sittlichkeit		Kinderstation der Jugendfürsorge	Brantgasse 5	Basel	4385	1908	82	telefonbuch_084	PTT-Archiv, P-260-1_Basel_1908	Basel
Frautschi	J.		Inn. Margarethenstr. 14	Basel	4602	1908	82	telefonbuch_084	PTT-Archiv, P-260-1_Basel_1908	Basel
Frehner	J.	Buchdruckerei	Steinenthorstrasse 2	Basel	2249	1908	83	telefonbuch_085	PTT-Archiv, P-260-1_Basel_1908	Basel
Freimaurerloge Basel			Byfangweg 13	Basel	3008	1908	83	telefonbuch_085	PTT-Archiv, P-260-1_Basel_1908	Basel
Freléchoux-Weniger	K. E.	Frau	Nonnenweg 22	Basel	2869	1908	83	telefonbuch_085	PTT-Archiv, P-260-1_Basel_1908	Basel
Freudenreich-Probst	Emil		Offenburgerstr. 61	Basel	374	1908	83	telefonbuch_085	PTT-Archiv, P-260-1_Basel_1908	Basel
Freudiger	Joh.	Fuhrhalter	Gundoldingerstr. 280	Basel	1693	1908	83	telefonbuch_085	PTT-Archiv, P-260-1_Basel_1908	Basel
Freuler	K.	Passementier	Steinenthorstr. 13	Basel	2362	1908	83	telefonbuch_085	PTT-Archiv, P-260-1_Basel_1908	Basel
Frey-Bourquin	F.		Zürcherstrasse 11	Basel	4105	1908	83	telefonbuch_085	PTT-Archiv, P-260-1_Basel_1908	Basel
Frey	Carl		Kanonengasse 13	Basel	1532	1908	83	telefonbuch_085	PTT-Archiv, P-260-1_Basel_1908	Basel
Frey	Carl	Glaser, Geschäft	Marktgasse 22	Basel	1603	1908	83	telefonbuch_085	PTT-Archiv, P-260-1_Basel_1908	Basel
Frey	Carl	Wohnung	Friedensgasse 61	Basel	1455	1908	83	telefonbuch_085	PTT-Archiv, P-260-1_Basel_1908	Basel
Frey, Dr. Carl, & Schwabe, Dr. Max		Advokatur-Bureau	Schwanengasse 2	Basel	4598	1908	83	telefonbuch_085	PTT-Archiv, P-260-1_Basel_1908	Basel
Frey	E.	Vizepräsident der Kreisdirektion der Schweiz. Bundesbahnen (Wohnung)	Oberwilerstrasse 78	Basel	1675	1908	83	telefonbuch_085	PTT-Archiv, P-260-1_Basel_1908	Basel
Frey	E.	& Cie.	Malzgasse 2	Basel	1858	1908	83	telefonbuch_085	PTT-Archiv, P-260-1_Basel_1908	Basel
Frey	Emil	Ingenieur, Technisches Bureau	Greifengasse 28	Basel	3959	1908	83	telefonbuch_085	PTT-Archiv, P-260-1_Basel_1908	Basel
Frey-Bruggisser	E.	Privatwohnung	Schützengraben 31	Basel	4216	1908	83	telefonbuch_085	PTT-Archiv, P-260-1_Basel_1908	Basel
Frey	Emilie	Dr. med.	St. Albauvorstadt 58	Basel	1858	1908	83	telefonbuch_085	PTT-Archiv, P-260-1_Basel_1908	Basel
Frey-Freyvogel	Wm.		Leimenstrasse 14	Basel	2859	1908	83	telefonbuch_085	PTT-Archiv, P-260-1_Basel_1908	Basel
Frey	Fritz	Droguerie	Greifengasse 25	Basel	1342	1908	83	telefonbuch_085	PTT-Archiv, P-260-1_Basel_1908	Basel
Frey	G.		Ramsteinerstr. 16	Basel	845	1908	83	telefonbuch_085	PTT-Archiv, P-260-1_Basel_1908	Basel
Frey	Georg		Sevogelstrasse 72	Basel	3656	1908	83	telefonbuch_085	PTT-Archiv, P-260-1_Basel_1908	Basel
Frey-Gysin	E.	Wienerbäckerei u. Conditorei	Clarastrasse 18	Basel	3531	1908	83	telefonbuch_085	PTT-Archiv, P-260-1_Basel_1908	Basel
Frey-Hauser	Chr.	Bäcker	Thannerstrasse 41	Basel	389	1908	83	telefonbuch_085	PTT-Archiv, P-260-1_Basel_1908	Basel
Frey	U.	Geschäftsbureau	Klingenthalstr. 57	Basel	1586	1908	83	telefonbuch_085	PTT-Archiv, P-260-1_Basel_1908	Basel
Frey-Vogt	Emil		St. Albanring 168	Basel	4548	1908	83	telefonbuch_085	PTT-Archiv, P-260-1_Basel_1908	Basel
Frey	Wilhelm		Dornacherstr. 248	Basel	524	1908	83	telefonbuch_085	PTT-Archiv, P-260-1_Basel_1908	Basel
Frick	Hch.	Heizungsmonteur v. Gebr. Sulzer	Bartenheimerstr. 24	Basel	234	1908	83	telefonbuch_085	PTT-Archiv, P-260-1_Basel_1908	Basel
Fricker	E.	Dr.	Spalenthorweg 31	Basel	2562	1908	83	telefonbuch_085	PTT-Archiv, P-260-1_Basel_1908	Basel
Frieden-Furter	K.		Neuensteinerstr. 32	Basel	4475	1908	83	telefonbuch_085	PTT-Archiv, P-260-1_Basel_1908	Basel
Friedmann	Emil	Dr., Advokat	Gerbergasse 37	Basel	4708	1908	83	telefonbuch_085	PTT-Archiv, P-260-1_Basel_1908	Basel
Friedmatt			Milchsuppen	Basel	1477	1908	83	telefonbuch_085	PTT-Archiv, P-260-1_Basel_1908	Basel
Friedrich	Leonhard	Architekt, Bureau	Steinenberg 25	Basel	2147	1908	83	telefonbuch_085	PTT-Archiv, P-260-1_Basel_1908	Basel
Friedrich	Leonhard	Wohnung	Leonhardsgraben 45	Basel	1988	1908	83	telefonbuch_085	PTT-Archiv, P-260-1_Basel_1908	Basel
Friedrich	R.	Privatwohnung	Engelgasse 55	Basel	3675	1908	83	telefonbuch_085	PTT-Archiv, P-260-1_Basel_1908	Basel
Friedrich	Victor		Missionsstrasse 46	Basel	165	1908	83	telefonbuch_085	PTT-Archiv, P-260-1_Basel_1908	Basel
Fritsch-Dreher	Aug.	Colonialwarenhandlg.	Untere Rebgasse 7	Basel	3313	1908	83	telefonbuch_085	PTT-Archiv, P-260-1_Basel_1908	Basel
Fritz	Carl	Wwe. & Sohn, Baugeschäft	Güterstrasse 243	Basel	3891	1908	83	telefonbuch_085	PTT-Archiv, P-260-1_Basel_1908	Basel
Fritz	Emil Martin	Schweinehändler	Elsässerstrasse 38	Basel	1641	1908	83	telefonbuch_085	PTT-Archiv, P-260-1_Basel_1908	Basel
Fritz	Oscar	Kantonaler Reitlehrer	Kaserne Klingenthal	Basel	1275	1908	83	telefonbuch_085	PTT-Archiv, P-260-1_Basel_1908	Basel
Fritz	Oscar	Wohnung und Luxuspferdegeschäft	Unt. Rheinweg 40	Basel	1700	1908	83	telefonbuch_085	PTT-Archiv, P-260-1_Basel_1908	Basel
Frölicher-Emmerich	Mathilde	Frau	Schärtlingasse 26	Basel	1016	1908	83	telefonbuch_085	PTT-Archiv, P-260-1_Basel_1908	Basel
Frommlet & Huguenin			Freiestrasse 33	Basel	121	1908	83	telefonbuch_085	PTT-Archiv, P-260-1_Basel_1908	Basel
Froese & Co.		Buch- u. Kunstdruckerei	Davidsbodenstr. 11	Basel	459	1908	83	telefonbuch_085	PTT-Archiv, P-260-1_Basel_1908	Basel
Frutiger	Adolf	Dr.	Holbeinstrasse 65	Basel	3908	1908	83	telefonbuch_085	PTT-Archiv, P-260-1_Basel_1908	Basel
Fuchs-Hoch	A.	Wwe., Metzgermeister	Freiestrasse 1	Basel	1395	1908	83	telefonbuch_085	PTT-Archiv, P-260-1_Basel_1908	Basel
Fuchs	Carl	Spenglermeister	Claragraben 5	Basel	3486	1908	83	telefonbuch_085	PTT-Archiv, P-260-1_Basel_1908	Basel
Fuchs-Herre	Joh.	Wirt	Colmarerstrasse 88	Basel	829	1908	83	telefonbuch_085	PTT-Archiv, P-260-1_Basel_1908	Basel
Fueter-Gelzer	R. E.		Sevogelstrasse 7	Basel	4139	1908	83	telefonbuch_085	PTT-Archiv, P-260-1_Basel_1908	Basel
Fueg-Strub	V.		Spalenthorweg 4	Basel	2584	1908	84	telefonbuch_086	PTT-Archiv, P-260-1_Basel_1908	Basel
Füglistaller-Frey	Carl	Kaufmann	Hirzbodenweg 95	Basel	4242	1908	84	telefonbuch_086	PTT-Archiv, P-260-1_Basel_1908	Basel
Füglistaller-Schmid	B.		Schaffh. Rheinweg 73	Basel	3739	1908	84	telefonbuch_086	PTT-Archiv, P-260-1_Basel_1908	Basel
Füglistaller-Sprenger	B.		Grenzacherstr. 70	Basel	3180	1908	84	telefonbuch_086	PTT-Archiv, P-260-1_Basel_1908	Basel
Fuhrer	Carl		Dornacherstrasse 9	Basel	4528	1908	84	telefonbuch_086	PTT-Archiv, P-260-1_Basel_1908	Basel
Fünfschilling-Näf	Ernst		Unt. Rebgasse 24	Basel	3357	1908	84	telefonbuch_086	PTT-Archiv, P-260-1_Basel_1908	Basel
Furler	Adolf	Restaurant zum Blumenrain	Blumenrain 23	Basel	1089	1908	84	telefonbuch_086	PTT-Archiv, P-260-1_Basel_1908	Basel
Furrer	Wilhelm	Schweiz. Glasplakatfabrik	Schnabelgasse 6	Basel	3632	1908	84	telefonbuch_086	PTT-Archiv, P-260-1_Basel_1908	Basel
Fürstenberger	Albert		St. Albananlage 58	Basel	4115	1908	84	telefonbuch_086	PTT-Archiv, P-260-1_Basel_1908	Basel
Fürstenberger	George		Aeschenvorstadt 72	Basel	4669	1908	84	telefonbuch_086	PTT-Archiv, P-260-1_Basel_1908	Basel
Fuss-Suter	C.		Klingelbergstr. 63	Basel	1374	1908	84	telefonbuch_086	PTT-Archiv, P-260-1_Basel_1908	Basel
Füssler	Max	Bau- und Kunstschlosserei	Landskronstrasse 23	Basel	505	1908	84	telefonbuch_086	PTT-Archiv, P-260-1_Basel_1908	Basel
Futterer & Co.			Steinenthorstrasse 30	Basel	2416	1908	84	telefonbuch_086	PTT-Archiv, P-260-1_Basel_1908	Basel
Gaiser-Metzger	Ernst	Bäcker	Güterstrasse 253	Basel	3993	1908	84	telefonbuch_086	PTT-Archiv, P-260-1_Basel_1908	Basel
Galfetti	Bernardo	succ. de E. Morosini	Aeschenvorstadt 38	Basel	2308	1908	84	telefonbuch_086	PTT-Archiv, P-260-1_Basel_1908	Basel
Galliker	A.	Buchdruckerei	Haltingerstrasse 64	Basel	1265	1908	84	telefonbuch_086	PTT-Archiv, P-260-1_Basel_1908	Basel
Gally-Preiswerk	L.	Wwe., Bureau	Binningerstrasse 19	Basel	2500	1908	84	telefonbuch_086	PTT-Archiv, P-260-1_Basel_1908	Basel
Gally-Preiswerk	L.	Wohnung	Byfangweg 49	Basel	4238	1908	84	telefonbuch_086	PTT-Archiv, P-260-1_Basel_1908	Basel
Gansser	Emil	Pelzwaren- u. Hutlager	Freiestrasse 24	Basel	1800	1908	84	telefonbuch_086	PTT-Archiv, P-260-1_Basel_1908	Basel
Ganthaus		(geöffnet vormittags zwischen 8 u. 9 Uhr)	Steinenthorstrasse 7	Basel	2198	1908	84	telefonbuch_086	PTT-Archiv, P-260-1_Basel_1908	Basel
Garattini	Luigi	Wirtschaft	Schnapphahnenweg	Basel	4357	1908	84	telefonbuch_086	PTT-Archiv, P-260-1_Basel_1908	Basel
Gartenmann-Kellerhals	J. J.		St. Johannring 102	Basel	3952	1908	84	telefonbuch_086	PTT-Archiv, P-260-1_Basel_1908	Basel
Gasmotorenfabrik Deutz		Platzmonteur W. Heynen	Thiersteinerallee 60	Basel	611	1908	84	telefonbuch_086	PTT-Archiv, P-260-1_Basel_1908	Basel
Gas-, Wasser- u. Elektrizitätswerk		Direktion des Gas- und Wasserwerks und Bureau des Gaswerks	Binningerstrasse 8	Basel	76	1908	84	telefonbuch_086	PTT-Archiv, P-260-1_Basel_1908	Basel
Gas-, Wasser- u. Elektrizitätswerk		Bureau des Wasserwerks	Binningerstrasse 8	Basel	2571	1908	84	telefonbuch_086	PTT-Archiv, P-260-1_Basel_1908	Basel
Gas-, Wasser- u. Elektrizitätswerk		Materialverwaltung	Binningerstrasse 8	Basel	2132	1908	84	telefonbuch_086	PTT-Archiv, P-260-1_Basel_1908	Basel
Gas-, Wasser- u. Elektrizitätswerk		Gasfabrik	Fabrikstrasse 24	Basel	1631	1908	84	telefonbuch_086	PTT-Archiv, P-260-1_Basel_1908	Basel
Gas-, Wasser- u. Elektrizitätswerk		Wachtlokal der Anzünder	Barfüssergasse 10	Basel	1965	1908	84	telefonbuch_086	PTT-Archiv, P-260-1_Basel_1908	Basel
Gas-, Wasser- u. Elektrizitätswerk		Pumpwerk	Lange Erlen	Basel	3475	1908	84	telefonbuch_086	PTT-Archiv, P-260-1_Basel_1908	Basel
Gas-, Wasser- u. Elektrizitätswerk		Reservoir	auf dem Bruderholz	Basel	4037	1908	84	telefonbuch_086	PTT-Archiv, P-260-1_Basel_1908	Basel
Gas-, Wasser- u. Elektrizitätswerk		Wohnung von Direktor Miescher	Augustinergasse 21	Basel	3114	1908	84	telefonbuch_086	PTT-Archiv, P-260-1_Basel_1908	Basel
Gas-, Wasser- u. Elektrizitätswerk		Wohnung von Inspektor Gautschi	Heinrichsgasse 17	Basel	784	1908	84	telefonbuch_086	PTT-Archiv, P-260-1_Basel_1908	Basel
Gas-, Wasser- u. Elektrizitätswerk		Wohnung von Inspektor Bosshardt	Gundeldingerstr. 177	Basel	2493	1908	84	telefonbuch_086	PTT-Archiv, P-260-1_Basel_1908	Basel
Gas-, Wasser- u. Elektrizitätswerk		Wohnung des Materialverwalters	Elsässerstrasse 5	Basel	1727	1908	84	telefonbuch_086	PTT-Archiv, P-260-1_Basel_1908	Basel
Gas-, Wasser- u. Elektrizitätswerk		Wohnung von Brunnenmeister Zeller	St. Albankirchrain 14	Basel	4137	1908	84	telefonbuch_086	PTT-Archiv, P-260-1_Basel_1908	Basel
Gas-, Wasser- u. Elektrizitätswerk		Dienstwohnung beim Pumpwerk	Schorenweg 113	Basel	3465	1908	84	telefonbuch_086	PTT-Archiv, P-260-1_Basel_1908	Basel
Gas-, Wasser- u. Elektrizitätswerk		Direktion und Bureau des Elektrizitätswerks		Basel	2607	1908	84	telefonbuch_086	PTT-Archiv, P-260-1_Basel_1908	Basel
Gas-, Wasser- u. Elektrizitätswerk		Kraftstation	Voltastrasse	Basel	334	1908	84	telefonbuch_086	PTT-Archiv, P-260-1_Basel_1908	Basel
Gas-, Wasser- u. Elektrizitätswerk		Unterstation	Steinenbachgässl. 4	Basel	2368	1908	84	telefonbuch_086	PTT-Archiv, P-260-1_Basel_1908	Basel
Gas-, Wasser- u. Elektrizitätswerk		Schaltstation	Zürcherstrasse	Basel	4269	1908	84	telefonbuch_086	PTT-Archiv, P-260-1_Basel_1908	Basel
Gas-, Wasser- u. Elektrizitätswerk		Umformerstation	Dolderweg	Basel	4390	1908	84	telefonbuch_086	PTT-Archiv, P-260-1_Basel_1908	Basel
Gas-, Wasser- u. Elektrizitätswerk		Wohnung von Inspektor Mieg	St. Johannvorst. 84	Basel	1711	1908	84	telefonbuch_086	PTT-Archiv, P-260-1_Basel_1908	Basel
Gas-, Wasser- u. Elektrizitätswerk		Wohnung von Ingenieur Gengenbacher	Clarastrasse 15	Basel	2576	1908	84	telefonbuch_086	PTT-Archiv, P-260-1_Basel_1908	Basel
Gas-, Wasser- u. Elektrizitätswerk		Wohnung von Aufseher Fross	Kohlenberggasse 3	Basel	2376	1908	84	telefonbuch_086	PTT-Archiv, P-260-1_Basel_1908	Basel
Gass-Seiffert	A. S.	Wwe.	Birsigstrasse 36	Basel	2486	1908	85	telefonbuch_087	PTT-Archiv, P-260-1_Basel_1908	Basel
Gass	E.		St. Albananlage 4	Basel	1663	1908	85	telefonbuch_087	PTT-Archiv, P-260-1_Basel_1908	Basel
Gasser-Dopler	E.	Wirt	Habsburgerstrasse 43	Basel	801	1908	85	telefonbuch_087	PTT-Archiv, P-260-1_Basel_1908	Basel
Gasser-Lang	Fritz		Reinacherstrasse 30	Basel	1299	1908	85	telefonbuch_087	PTT-Archiv, P-260-1_Basel_1908	Basel
Gasser-Thallinger	Gottfr.	Tapezierer	Schützengraben 56	Basel	921	1908	85	telefonbuch_087	PTT-Archiv, P-260-1_Basel_1908	Basel
Gasser & Cie.		Buch- und Kunstdruckerei	Unt. Rheingasse 19	Basel	1762	1908	85	telefonbuch_087	PTT-Archiv, P-260-1_Basel_1908	Basel
Gasser		Buchdrucker	Austrasse 106	Basel	4093	1908	85	telefonbuch_087	PTT-Archiv, P-260-1_Basel_1908	Basel
Gassmann	Emma	Schuhwaren	Freiestrasse 83	Basel	2196	1908	85	telefonbuch_087	PTT-Archiv, P-260-1_Basel_1908	Basel
Gassmann	F.	Buchdruckerei	Aeschenvorstadt 32	Basel	2325	1908	85	telefonbuch_087	PTT-Archiv, P-260-1_Basel_1908	Basel
Gatty	Albert	Hotel Münchner Hof	Steinenvorstadt 75	Basel	2420	1908	85	telefonbuch_087	PTT-Archiv, P-260-1_Basel_1908	Basel
Gautschy	Henry		Malzgasse 9	Basel	2133	1908	85	telefonbuch_087	PTT-Archiv, P-260-1_Basel_1908	Basel
Gebhardt	E.	Architekt	Hammerstrasse 114	Basel	2135	1908	85	telefonbuch_087	PTT-Archiv, P-260-1_Basel_1908	Basel
Gebrüder Keller		Allgemeine Droschkenanstalt	Margarethenstr. 79	Basel	2145	1908	85	telefonbuch_087	PTT-Archiv, P-260-1_Basel_1908	Basel
Gebrüder Keller		Allgemeine Droschkenanstalt	Drahtzugstrasse 16	Basel	3470	1908	85	telefonbuch_087	PTT-Archiv, P-260-1_Basel_1908	Basel
Geering	Ad.	Basler Buch- und Antiquariatshandlung	Bäumleingasse 10	Basel	1851	1908	85	telefonbuch_087	PTT-Archiv, P-260-1_Basel_1908	Basel
Geering & Co.			Aeschengraben 6	Basel	2057	1908	85	telefonbuch_087	PTT-Archiv, P-260-1_Basel_1908	Basel
Gehrig-Hausin		Droschkenhalter, Nachfolger G. Stamm-Hausin	Hägenheimerstr. 20	Basel	830	1908	85	telefonbuch_087	PTT-Archiv, P-260-1_Basel_1908	Basel
Gehrig's Hôtel Continental			Küchegässlein 15	Basel	2272	1908	85	telefonbuch_087	PTT-Archiv, P-260-1_Basel_1908	Basel
Geiger	Fritz		Isteinerstrasse 54	Basel	3520	1908	85	telefonbuch_087	PTT-Archiv, P-260-1_Basel_1908	Basel
Geiger-Knapp		Frau Dr., Apotheker's	Kanonengasse 21	Basel	3116	1908	85	telefonbuch_087	PTT-Archiv, P-260-1_Basel_1908	Basel
Geiger-Maurer	Georg	Bäckermeister	Sennheimerstr. 20	Basel	639	1908	85	telefonbuch_087	PTT-Archiv, P-260-1_Basel_1908	Basel
Geiger-Miville	A.		Marktplatz 24	Basel	3	1908	85	telefonbuch_087	PTT-Archiv, P-260-1_Basel_1908	Basel
Geiger-Otto	H.	Dr.	Rüdengasse 1	Basel	1075	1908	85	telefonbuch_087	PTT-Archiv, P-260-1_Basel_1908	Basel
Geigy-Burckhardt	M. E.	Frau	Aeschengraben 5	Basel	2315	1908	85	telefonbuch_087	PTT-Archiv, P-260-1_Basel_1908	Basel
Geigy-Burckhardt	M. E.	Frau, siehe auch unter Münchenstein	Aeschengraben 5	Basel	3911	1908	85	telefonbuch_087	PTT-Archiv, P-260-1_Basel_1908	Basel
Geigy-Burckhardt	Karl		Kapellenstrasse 20	Basel	2365	1908	85	telefonbuch_087	PTT-Archiv, P-260-1_Basel_1908	Basel
Geigy-Buxtorf	S.	Wwe.	Leonhardsgraben 48	Basel	2989	1908	85	telefonbuch_087	PTT-Archiv, P-260-1_Basel_1908	Basel
Geigy	Rud.	Dr.	St. Albananlage 1	Basel	2079	1908	85	telefonbuch_087	PTT-Archiv, P-260-1_Basel_1908	Basel
Geigy	Rud.	Dr., Bäumlinhof	Riehenstrasse 392	Basel	3835	1908	85	telefonbuch_087	PTT-Archiv, P-260-1_Basel_1908	Basel
Geigy	Emilie	Frl.	Angensteinerstr. 17	Basel	1969	1908	85	telefonbuch_087	PTT-Archiv, P-260-1_Basel_1908	Basel
Geigy-Hagenbach	Karl		Hardstrasse 52	Basel	1428	1908	85	telefonbuch_087	PTT-Archiv, P-260-1_Basel_1908	Basel
Geigy-Hagenbach	Karl	Bäumlinhof	Riehenstrasse 392	Basel	3831	1908	85	telefonbuch_087	PTT-Archiv, P-260-1_Basel_1908	Basel
Geigy, Joh. Rud., & Co.		Anilinfarben- und Extraktfabriken, Kassa, Parterre	Bahnhofstrasse 3	Basel	3548	1908	85	telefonbuch_087	PTT-Archiv, P-260-1_Basel_1908	Basel
Geigy, Joh. Rud., & Co.		Warenabteilung u. Sped., I. Stock	Bahnhofstrasse 3	Basel	3549	1908	85	telefonbuch_087	PTT-Archiv, P-260-1_Basel_1908	Basel
Geigy, Joh. Rud., & Co.		Fabrik	Rosenthalweg 2	Basel	3618	1908	85	telefonbuch_087	PTT-Archiv, P-260-1_Basel_1908	Basel
Geigy-Merian	Rud.	Bäumlinhof	Riehenstrasse 392	Basel	3830	1908	85	telefonbuch_087	PTT-Archiv, P-260-1_Basel_1908	Basel
Geigy-Merian	Rud.		Aeschenvorstadt 13	Basel	2031	1908	85	telefonbuch_087	PTT-Archiv, P-260-1_Basel_1908	Basel
Geilenkirchen	Alf.	Hôtel Bernerhof & du Parc	Elisabethenstr. 62	Basel	2247	1908	85	telefonbuch_087	PTT-Archiv, P-260-1_Basel_1908	Basel
Geipel	C. A.	Privatwohnung	Oberwilerstrasse 36	Basel	235	1908	85	telefonbuch_087	PTT-Archiv, P-260-1_Basel_1908	Basel
Geipel, Nachf. Bayer & Röthlisberger		chemische Wäscherei und Färberei	Gerbergasse 57	Basel	2188	1908	85	telefonbuch_087	PTT-Archiv, P-260-1_Basel_1908	Basel
Geismar	Salomon		Elisabethenstr. 20	Basel	1913	1908	85	telefonbuch_087	PTT-Archiv, P-260-1_Basel_1908	Basel
Geissberger-Schorr	Alb.	Pflästerer und Erdbauunternehmer	Hegenheimerstr. 24	Basel	813	1908	85	telefonbuch_087	PTT-Archiv, P-260-1_Basel_1908	Basel
Geissler	Carl	Privat	Feierabendstrasse 22	Basel	4532	1908	86	telefonbuch_088	PTT-Archiv, P-260-1_Basel_1908	Basel
Geissler	Carl	Bureau	Centralbahnstr. 5	Basel	3017	1908	86	telefonbuch_088	PTT-Archiv, P-260-1_Basel_1908	Basel
Geissler	Carl		Centralbahnstr. 5	Basel	552	1908	86	telefonbuch_088	PTT-Archiv, P-260-1_Basel_1908	Basel
Geissler	Carl	Lagerplatz	Dreispitz	Basel	2449	1908	86	telefonbuch_088	PTT-Archiv, P-260-1_Basel_1908	Basel
Geldner		Kohlenunion, Bureau	Sternengasse 23	Basel	1885	1908	86	telefonbuch_088	PTT-Archiv, P-260-1_Basel_1908	Basel
Geldner		Kohlenunion, Lager	Dreispitz	Basel	3990	1908	86	telefonbuch_088	PTT-Archiv, P-260-1_Basel_1908	Basel
Geldner	Carl	Privat	Steinenthorberg 16	Basel	2439	1908	86	telefonbuch_088	PTT-Archiv, P-260-1_Basel_1908	Basel
Gelpke-Bleuler	Rud.		Austrasse 41	Basel	942	1908	86	telefonbuch_088	PTT-Archiv, P-260-1_Basel_1908	Basel
Gelpke	Rudolf	Ingenieur	Mühleberg 3	Basel	1769	1908	86	telefonbuch_088	PTT-Archiv, P-260-1_Basel_1908	Basel
Geitenzunft		J. Wächter-Häfeli	Marktplatz 13	Basel	771	1908	86	telefonbuch_088	PTT-Archiv, P-260-1_Basel_1908	Basel
Gempp & Unold		Blechemballagefabrik	Efningerstrasse 70	Basel	753	1908	86	telefonbuch_088	PTT-Archiv, P-260-1_Basel_1908	Basel
Gemuseus	Bertha		Aeschengraben 22	Basel	2405	1908	86	telefonbuch_088	PTT-Archiv, P-260-1_Basel_1908	Basel
Gemuseus	Carl	Agenturen und Kohlen	Grellingerstrasse 55	Basel	1143	1908	86	telefonbuch_088	PTT-Archiv, P-260-1_Basel_1908	Basel
Gemuseus-Grossmann	A.	Wwe.	Sevogelstrasse 36	Basel	4118	1908	86	telefonbuch_088	PTT-Archiv, P-260-1_Basel_1908	Basel
Gemuseus	Joh. Rud.		Aeschengraben 22	Basel	2405	1908	86	telefonbuch_088	PTT-Archiv, P-260-1_Basel_1908	Basel
Gemuseus-Passavant	Rud.		Langegasse 49	Basel	3557	1908	86	telefonbuch_088	PTT-Archiv, P-260-1_Basel_1908	Basel
Gemuseus-Simmoth	E.		Leimenstrasse 46	Basel	2923	1908	86	telefonbuch_088	PTT-Archiv, P-260-1_Basel_1908	Basel
Gemuseus & Stöcklin			Aeschenvorstadt 22	Basel	2323	1908	86	telefonbuch_088	PTT-Archiv, P-260-1_Basel_1908	Basel
Gengenbach	G.	& Co.	Spitalstrasse 17	Basel	1694	1908	86	telefonbuch_088	PTT-Archiv, P-260-1_Basel_1908	Basel
Gengenbach-Gysin	Gust.		Rütlistrasse 2	Basel	2829	1908	86	telefonbuch_088	PTT-Archiv, P-260-1_Basel_1908	Basel
Gengenbach-Labhardt	E. L.	Wwe.	Birmannsgasse 15	Basel	2641	1908	86	telefonbuch_088	PTT-Archiv, P-260-1_Basel_1908	Basel
Genossenschaft für Häute- und Fellverwertung			Elsässerstrasse 29	Basel	1862	1908	86	telefonbuch_088	PTT-Archiv, P-260-1_Basel_1908	Basel
Genossenschaft Schweiz. Gipsermeister			Alemannengasse 56	Basel	440	1908	86	telefonbuch_088	PTT-Archiv, P-260-1_Basel_1908	Basel
Genossenschafts-Buchdruckerei			Petersberg 29	Basel	1738	1908	86	telefonbuch_088	PTT-Archiv, P-260-1_Basel_1908	Basel
Genossenschaftsgärtnerei Basel		(s. Binningen)		Basel	943	1908	86	telefonbuch_088	PTT-Archiv, P-260-1_Basel_1908	Basel
Georg	Germann		Schützengraben 53	Basel	2715	1908	86	telefonbuch_088	PTT-Archiv, P-260-1_Basel_1908	Basel
Georg & Cie.		Buch- u. Kunsthandlung	Freiestrasse 10	Basel	1396	1908	86	telefonbuch_088	PTT-Archiv, P-260-1_Basel_1908	Basel
Georg-Vogel	Ed.		Dornacherstr. 157	Basel	1622	1908	86	telefonbuch_088	PTT-Archiv, P-260-1_Basel_1908	Basel
Georg-Wacker	Adèle	Wwe.	Mittlerestrasse 1	Basel	2587	1908	86	telefonbuch_088	PTT-Archiv, P-260-1_Basel_1908	Basel
Gerber	Ernst	Nachf. v. C. Ladendorff	Unt. Rebgasse 18	Basel	1242	1908	86	telefonbuch_088	PTT-Archiv, P-260-1_Basel_1908	Basel
Gerber	Max		Nadelberg 41	Basel	4324	1908	86	telefonbuch_088	PTT-Archiv, P-260-1_Basel_1908	Basel
Gerber-Oesterlin	J.	Spengler	Obere Rebgasse 7	Basel	3728	1908	86	telefonbuch_088	PTT-Archiv, P-260-1_Basel_1908	Basel
Gerhard	Fr.	Tapezierer	Utengasse 17	Basel	601	1908	86	telefonbuch_088	PTT-Archiv, P-260-1_Basel_1908	Basel
Gerhardt	D.	Prof. Dr.	Pilgerstrasse 21	Basel	545	1908	86	telefonbuch_088	PTT-Archiv, P-260-1_Basel_1908	Basel
Gerhardt	Katharina	Stellenvermittlungsbureau	Aeschenvorstadt 23	Basel	1062	1908	86	telefonbuch_088	PTT-Archiv, P-260-1_Basel_1908	Basel
Geringer-von Tobel	Charles		Feierabendstrasse 57	Basel	797	1908	86	telefonbuch_088	PTT-Archiv, P-260-1_Basel_1908	Basel
Gerspach	Carl	Droschkenanstalt	Weidengasse 19	Basel	4101	1908	86	telefonbuch_088	PTT-Archiv, P-260-1_Basel_1908	Basel
Gerspach	Jakob	Droschkenhalter	Klybeckstrasse 64	Basel	3787	1908	86	telefonbuch_088	PTT-Archiv, P-260-1_Basel_1908	Basel
Gerster	Emil	Glasmaler	Austrasse 107	Basel	208	1908	86	telefonbuch_088	PTT-Archiv, P-260-1_Basel_1908	Basel
Gerster	Julius		Bachlettenstr. 80	Basel	3032	1908	86	telefonbuch_088	PTT-Archiv, P-260-1_Basel_1908	Basel
Gerster-Schönenberg	Hans		Güterstrasse 100	Basel	971	1908	86	telefonbuch_088	PTT-Archiv, P-260-1_Basel_1908	Basel
Gerster & Wildberger		Werkstätte für Glasmalerei und Kunstverglasung	Austrasse 107	Basel	208	1908	86	telefonbuch_088	PTT-Archiv, P-260-1_Basel_1908	Basel
Gerster-Wicky	Emil	Spenglermeister	Landskronstrasse 29	Basel	154	1908	86	telefonbuch_088	PTT-Archiv, P-260-1_Basel_1908	Basel
Gerwig		Herker & Co.	Sandgrubenweg 12	Basel	3492	1908	86	telefonbuch_088	PTT-Archiv, P-260-1_Basel_1908	Basel
Gerwig-Weber	Carl		Claragraben 1	Basel	3814	1908	86	telefonbuch_088	PTT-Archiv, P-260-1_Basel_1908	Basel
Gesellschaft für Bandfabrikation			St. Johannvorstadt 33	Basel	1697	1908	86	telefonbuch_088	PTT-Archiv, P-260-1_Basel_1908	Basel
Gesellschaft für Bandfabrikation		Direktion	St. Johannvorstadt 33	Basel	3641	1908	86	telefonbuch_088	PTT-Archiv, P-260-1_Basel_1908	Basel
Gesellschaft für chem. Industrie		Bureau	Klybeckstrasse 151	Basel	3290	1908	87	telefonbuch_089	PTT-Archiv, P-260-1_Basel_1908	Basel
Gesellschaft für chem. Industrie		Fabrikpforte, während Bureauschluss	Klybeckstrasse 151	Basel	724	1908	87	telefonbuch_089	PTT-Archiv, P-260-1_Basel_1908	Basel
Gesellschaft für chem. Industrie		(auch pharmaceutische Abteilung)	Klybeckstrasse 151	Basel	3294	1908	87	telefonbuch_089	PTT-Archiv, P-260-1_Basel_1908	Basel
Gesellschaft für Holzstoffbereitung			Aeschenvorstadt 25	Basel	2128	1908	87	telefonbuch_089	PTT-Archiv, P-260-1_Basel_1908	Basel
Gesellschaft zum Löwenfels			Steinenvorstadt 36	Basel	2508	1908	87	telefonbuch_089	PTT-Archiv, P-260-1_Basel_1908	Basel
Gesellschaft für Malzfabrikation			Margarethenstr. 35	Basel	2437	1908	87	telefonbuch_089	PTT-Archiv, P-260-1_Basel_1908	Basel
Gesellschaft für moderne Anlagen der Ton- und Cementindustrie			Margarethenstr. 21	Basel	4364	1908	87	telefonbuch_089	PTT-Archiv, P-260-1_Basel_1908	Basel
Gesellschaft für Papierindustrie			Leonhardstr. 29/31	Basel	3001	1908	87	telefonbuch_089	PTT-Archiv, P-260-1_Basel_1908	Basel
Gesellschaft für Verwertung von Abfällen		vorm. T. Levy-Isliker, Hauptgeschäft	siehe Birsfelden	Basel	887	1908	87	telefonbuch_089	PTT-Archiv, P-260-1_Basel_1908	Basel
Gesellschaft für Verwertung von Abfällen		Zweiggeschäft	Dreispitz	Basel	3934	1908	87	telefonbuch_089	PTT-Archiv, P-260-1_Basel_1908	Basel
Gesellschaft zum Wettsteinhof			Claragraben 43	Basel	3803	1908	87	telefonbuch_089	PTT-Archiv, P-260-1_Basel_1908	Basel
Gessler	Andreas		Obere Rheingasse 7	Basel	1166	1908	87	telefonbuch_089	PTT-Archiv, P-260-1_Basel_1908	Basel
Gessler	Hans	Metzgermeister	Steinenvorstadt 69	Basel	2211	1908	87	telefonbuch_089	PTT-Archiv, P-260-1_Basel_1908	Basel
Gessler-Herzog	C. A.		Leimenstrasse 45	Basel	2978	1908	87	telefonbuch_089	PTT-Archiv, P-260-1_Basel_1908	Basel
Gessler	Leonhard		Petersgraben 45	Basel	1496	1908	87	telefonbuch_089	PTT-Archiv, P-260-1_Basel_1908	Basel
Gessler-Plattner	E.	Ww.	Angensteinerstr. 33	Basel	3546	1908	87	telefonbuch_089	PTT-Archiv, P-260-1_Basel_1908	Basel
Gessler-Sänger	Hans	Malermeister	Steinenvorstadt 56	Basel	2219	1908	87	telefonbuch_089	PTT-Archiv, P-260-1_Basel_1908	Basel
Gessler	Wilhelm	Bettwarenhandlung	Gerbergasse 55	Basel	2192	1908	87	telefonbuch_089	PTT-Archiv, P-260-1_Basel_1908	Basel
Gessler	Wilhelm	Wilhelm Gessler-Horner	Rütlistrasse 41	Basel	800	1908	87	telefonbuch_089	PTT-Archiv, P-260-1_Basel_1908	Basel
Gétaz-Rychen	Ls.	Fuhrhalter	Allschwilerstrasse 65	Basel	930	1908	87	telefonbuch_089	PTT-Archiv, P-260-1_Basel_1908	Basel
Geugelin	E. E.	Ww.	Clarastrasse 44	Basel	3709	1908	87	telefonbuch_089	PTT-Archiv, P-260-1_Basel_1908	Basel
Gewerbebank Basel			Theaterstrasse 22	Basel	1018	1908	87	telefonbuch_089	PTT-Archiv, P-260-1_Basel_1908	Basel
Gewerbebank Basel		Börse	Börse	Basel	3142	1908	87	telefonbuch_089	PTT-Archiv, P-260-1_Basel_1908	Basel
Gewerbehalle			Spalenvorstadt 14	Basel	1335	1908	87	telefonbuch_089	PTT-Archiv, P-260-1_Basel_1908	Basel
Gewerbe-Inspektorat			Rathaus	Basel	137	1908	87	telefonbuch_089	PTT-Archiv, P-260-1_Basel_1908	Basel
Gewerbemuseum			Spalenvorstadt 2	Basel	2611	1908	87	telefonbuch_089	PTT-Archiv, P-260-1_Basel_1908	Basel
Gewerbeschule, allgemeine			Petersgraben 52	Basel	2644	1908	87	telefonbuch_089	PTT-Archiv, P-260-1_Basel_1908	Basel
Geymüller	P.		Spitalstrasse 40	Basel	1664	1908	87	telefonbuch_089	PTT-Archiv, P-260-1_Basel_1908	Basel
Giauque	E.	Baumeister	Claragraben 139	Basel	36	1908	87	telefonbuch_089	PTT-Archiv, P-260-1_Basel_1908	Basel
Gilg-Keller	E.		Sperrstrasse 108	Basel	608	1908	87	telefonbuch_089	PTT-Archiv, P-260-1_Basel_1908	Basel
Gintzburger	R.	& fils, Holzhandlung (Vertr.: N. Valentin)	Spalenring 18	Basel	3513	1908	87	telefonbuch_089	PTT-Archiv, P-260-1_Basel_1908	Basel
Gisi	Hans	& Cie.	Oetlingerstrasse 80	Basel	2692	1908	87	telefonbuch_089	PTT-Archiv, P-260-1_Basel_1908	Basel
Gisler	Gideon	Dr.	Farnsburgerstr. 37	Basel	1177	1908	87	telefonbuch_089	PTT-Archiv, P-260-1_Basel_1908	Basel
Giss-Leberth	W.		Sandgrubenweg 2	Basel	3515	1908	87	telefonbuch_089	PTT-Archiv, P-260-1_Basel_1908	Basel
Glaser	Friedr.	Sohn	Freiestrasse 52	Basel	1154	1908	87	telefonbuch_089	PTT-Archiv, P-260-1_Basel_1908	Basel
Glaser	Friedr.	Sohn, Bureau und Wohnung	Freiestrasse 52	Basel	1956	1908	87	telefonbuch_089	PTT-Archiv, P-260-1_Basel_1908	Basel
Glaser-Haag	J.	Bäckermeister	Sempacherstrasse 10	Basel	3649	1908	87	telefonbuch_089	PTT-Archiv, P-260-1_Basel_1908	Basel
Glaser-Johannes	Wilh.		Grenzacherstr. 140	Basel	3188	1908	87	telefonbuch_089	PTT-Archiv, P-260-1_Basel_1908	Basel
Glaser	Ignaz		Marktplatz 31	Basel	1607	1908	87	telefonbuch_089	PTT-Archiv, P-260-1_Basel_1908	Basel
Glättli	Jacques	& Co.	Heumattstrasse 3	Basel	2238	1908	87	telefonbuch_089	PTT-Archiv, P-260-1_Basel_1908	Basel
Glättli-Iberg	H.		Holbeinstrasse 12	Basel	2909	1908	87	telefonbuch_089	PTT-Archiv, P-260-1_Basel_1908	Basel
Glaus-Gemuseus	Alfred		Steinenring 11	Basel	3534	1908	87	telefonbuch_089	PTT-Archiv, P-260-1_Basel_1908	Basel
Glenck	Carl		Clarastrasse 39	Basel	3509	1908	87	telefonbuch_089	PTT-Archiv, P-260-1_Basel_1908	Basel
Glenck	Carl	Dr., Advokatur und Notariat	Bäumleingasse 7	Basel	1058	1908	87	telefonbuch_089	PTT-Archiv, P-260-1_Basel_1908	Basel
von Glenck	Hugo		Grellingerstrasse 81	Basel	3954	1908	87	telefonbuch_089	PTT-Archiv, P-260-1_Basel_1908	Basel
Globus		Confection, Lippmann-Bloch & Cie.	Steinenvorstadt 12	Basel	947	1908	87	telefonbuch_089	PTT-Archiv, P-260-1_Basel_1908	Basel
Gloor	Fritz	& Co., Weinhandlung	Güterstrasse 210	Basel	3743	1908	87	telefonbuch_089	PTT-Archiv, P-260-1_Basel_1908	Basel
Gloor	Else	Frau	Socinstrasse 62	Basel	941	1908	88	telefonbuch_090	PTT-Archiv, P-260-1_Basel_1908	Basel
Glor-Haas	Joh.		Weiherweg 62	Basel	954	1908	88	telefonbuch_090	PTT-Archiv, P-260-1_Basel_1908	Basel
Gnöpff	Carl		Leonhardsgraben 32	Basel	2750	1908	88	telefonbuch_090	PTT-Archiv, P-260-1_Basel_1908	Basel
Goebel	Paul Alfred		St. Albanvorstadt 16	Basel	4616	1908	88	telefonbuch_090	PTT-Archiv, P-260-1_Basel_1908	Basel
Göber-Roser	Berthold	Schreinermeister	Solothurnerstr. 69	Basel	378	1908	88	telefonbuch_090	PTT-Archiv, P-260-1_Basel_1908	Basel
Goldene Apotheke von Dr. H. & P. Geiger			Rüdengasse 1	Basel	1075	1908	88	telefonbuch_090	PTT-Archiv, P-260-1_Basel_1908	Basel
Goldfuss-Wohnlich	R.	Wwe.	Steinengraben 42	Basel	3174	1908	88	telefonbuch_090	PTT-Archiv, P-260-1_Basel_1908	Basel
Goldinger-Dunkel	L.	Konditor	Ryffstrasse 2	Basel	1637	1908	88	telefonbuch_090	PTT-Archiv, P-260-1_Basel_1908	Basel
Goldschmidt	Samuel		Burgfelderstrasse 3	Basel	1713	1908	88	telefonbuch_090	PTT-Archiv, P-260-1_Basel_1908	Basel
Goldschmidt	Siegfried		Murtengasse 9	Basel	2797	1908	88	telefonbuch_090	PTT-Archiv, P-260-1_Basel_1908	Basel
Gollrad	J.	Kunst- und Bauschlosserei	Steinenvorstadt 16	Basel	612	1908	88	telefonbuch_090	PTT-Archiv, P-260-1_Basel_1908	Basel
Gondrand frères S. A.			Elisabethenstr. 85	Basel	4253	1908	88	telefonbuch_090	PTT-Archiv, P-260-1_Basel_1908	Basel
Gondrand frères S. A.		Güterbahnhof	St. Jakobstrasse	Basel	4207	1908	88	telefonbuch_090	PTT-Archiv, P-260-1_Basel_1908	Basel
Gondrand frères S. A.			Bad. Güterbahnhof	Basel	4427	1908	88	telefonbuch_090	PTT-Archiv, P-260-1_Basel_1908	Basel
Gönner	Alfred	Dr. med.	St. Albananlage 19	Basel	4161	1908	88	telefonbuch_090	PTT-Archiv, P-260-1_Basel_1908	Basel
von Gonten	W.	Direktor der ersten Aktienbrennerei Basel	Margarethenstr 59	Basel	2384	1908	88	telefonbuch_090	PTT-Archiv, P-260-1_Basel_1908	Basel
Goodbehere		Vertr. von Brooks & Doxey Ltd. Manchester	Dornacherstrasse 39	Basel	3286	1908	88	telefonbuch_090	PTT-Archiv, P-260-1_Basel_1908	Basel
Goepfert-Huber	Alb.	Gypsermeister	Herrengrabenweg 46	Basel	3329	1908	88	telefonbuch_090	PTT-Archiv, P-260-1_Basel_1908	Basel
Goppelsræder-LaRoche	Friedr.	Prof. Dr.	Leimenstrasse 51	Basel	3265	1908	88	telefonbuch_090	PTT-Archiv, P-260-1_Basel_1908	Basel
Göricke	Aug.	Vertreter A. Dewald	Steinenvorstadt 23	Basel	240	1908	88	telefonbuch_090	PTT-Archiv, P-260-1_Basel_1908	Basel
Gossauer	A. & E.		Holbeinstrasse 95	Basel	4072	1908	88	telefonbuch_090	PTT-Archiv, P-260-1_Basel_1908	Basel
Gossweiler-Wagner	R.		Mittlerestrasse 131	Basel	279	1908	88	telefonbuch_090	PTT-Archiv, P-260-1_Basel_1908	Basel
Goetschel	Armand		Falknerstrasse 1	Basel	1982	1908	88	telefonbuch_090	PTT-Archiv, P-260-1_Basel_1908	Basel
Götschel		Gebrüder	Schützenmattstr. 53	Basel	2705	1908	88	telefonbuch_090	PTT-Archiv, P-260-1_Basel_1908	Basel
Götschel	Léon		Gerbergrasse 42	Basel	3093	1908	88	telefonbuch_090	PTT-Archiv, P-260-1_Basel_1908	Basel
Götschel	S.		Feierabendstrasse 53	Basel	3158	1908	88	telefonbuch_090	PTT-Archiv, P-260-1_Basel_1908	Basel
Gotthelfeldschulhaus			Gotthelfplatz	Basel	229	1908	88	telefonbuch_090	PTT-Archiv, P-260-1_Basel_1908	Basel
Göttisheim	E.	Dr., Advokat, Bureau	Greifengasse 28	Basel	1244	1908	88	telefonbuch_090	PTT-Archiv, P-260-1_Basel_1908	Basel
Göttisheim	E.	Dr., Advokat, Wohnung	Unt. Rheinweg 116	Basel	1604	1908	88	telefonbuch_090	PTT-Archiv, P-260-1_Basel_1908	Basel
Göttisheim, Dr. E., & Börlin, Dr. W.		Advokatur- und Notariatsbureau	Greifengasse 28	Basel	1244	1908	88	telefonbuch_090	PTT-Archiv, P-260-1_Basel_1908	Basel
Göttisheim	Emanuel	Schlosser	Hebelstrasse 77	Basel	1492	1908	88	telefonbuch_090	PTT-Archiv, P-260-1_Basel_1908	Basel
Goetz	J. Ch.	Hotel Bayerischer Hof und Restaurant Hallauerhof	Hammerstrasse 61	Basel	139	1908	88	telefonbuch_090	PTT-Archiv, P-260-1_Basel_1908	Basel
Goetz	Karl	Lederhandlung	Ob. Rheingasse 17	Basel	495	1908	88	telefonbuch_090	PTT-Archiv, P-260-1_Basel_1908	Basel
Goetz-Straub	Georg	Spenglermeister	Friedrichstrasse 17	Basel	253	1908	88	telefonbuch_090	PTT-Archiv, P-260-1_Basel_1908	Basel
Götzinger	E. J.	Hôtel Schweizerhof	Centralbahnplatz 1	Basel	2225	1908	88	telefonbuch_090	PTT-Archiv, P-260-1_Basel_1908	Basel
Graber-Würgler	M.	Frau	Burgunderstrasse 29	Basel	409	1908	88	telefonbuch_090	PTT-Archiv, P-260-1_Basel_1908	Basel
Graedel	Herm.	Hôtel Simplon	Güterstrasse 108	Basel	4589	1908	88	telefonbuch_090	PTT-Archiv, P-260-1_Basel_1908	Basel
Graf	Arnold	Spenglermeister	Jurastrasse 4	Basel	3768	1908	88	telefonbuch_090	PTT-Archiv, P-260-1_Basel_1908	Basel
Grand Café Métropole (K. Fischer)			Barfüsserplatz 3	Basel	2048	1908	88	telefonbuch_090	PTT-Archiv, P-260-1_Basel_1908	Basel
Grand Hôtel & Hôtel Euler (Oscar Michel)			Centralbahnplatz 14	Basel	2241	1908	88	telefonbuch_090	PTT-Archiv, P-260-1_Basel_1908	Basel
Grand Hôtel Victoria & National (P. Otto)			Centralbahnplatz 4	Basel	2258	1908	88	telefonbuch_090	PTT-Archiv, P-260-1_Basel_1908	Basel
Grand Hôtel (Univers)		Aktiengesellschaft	Centralbahnstr. 7	Basel	899	1908	88	telefonbuch_090	PTT-Archiv, P-260-1_Basel_1908	Basel
Gräslin-Keller	J.	Holzhandlung	Bahnhofstrasse 121	Basel	3449	1908	88	telefonbuch_090	PTT-Archiv, P-260-1_Basel_1908	Basel
Gräter	Hermann		Luftgässlein 3	Basel	1376	1908	88	telefonbuch_090	PTT-Archiv, P-260-1_Basel_1908	Basel
Grathwol	Joh.	Wirt	Zürcherstrasse 111	Basel	777	1908	88	telefonbuch_090	PTT-Archiv, P-260-1_Basel_1908	Basel
Graetz	Emil		Greifengasse 18	Basel	4595	1908	88	telefonbuch_090	PTT-Archiv, P-260-1_Basel_1908	Basel
Grauwyler-Ammann	J. J.	Metzger	Kaufhausgasse 2	Basel	1833	1908	89	telefonbuch_091	PTT-Archiv, P-260-1_Basel_1908	Basel
Grauwyler	Aug.		Austrasse 35	Basel	1775	1908	89	telefonbuch_091	PTT-Archiv, P-260-1_Basel_1908	Basel
Grauwyler	Jakob	Sohn, Metzger	Freiestrasse 63	Basel	1043	1908	89	telefonbuch_091	PTT-Archiv, P-260-1_Basel_1908	Basel
Grenacher-Dörflinger	C.	Malermeister	Drahtzugstrasse 53	Basel	3483	1908	89	telefonbuch_091	PTT-Archiv, P-260-1_Basel_1908	Basel
Grenouillet-Riedtmann	E.	Frau	Freiestrasse 5	Basel	1033	1908	89	telefonbuch_091	PTT-Archiv, P-260-1_Basel_1908	Basel
Greppin-Mäglin	E.		Riehenstrasse 65	Basel	3705	1908	89	telefonbuch_091	PTT-Archiv, P-260-1_Basel_1908	Basel
Grether	Emil	Architekt	St. Gallerring 23	Basel	2099	1908	89	telefonbuch_091	PTT-Archiv, P-260-1_Basel_1908	Basel
Grether-Gautschy	E.	Wwe., Spenglergeschäft	Feldbergstrasse 39	Basel	3376	1908	89	telefonbuch_091	PTT-Archiv, P-260-1_Basel_1908	Basel
Grether	K.	Wäscherei und Glätterei	Jurastrasse 18	Basel	3892	1908	89	telefonbuch_091	PTT-Archiv, P-260-1_Basel_1908	Basel
Grether-Müller	Reinh.	Schreiner	Amerbachstrasse 51	Basel	3342	1908	89	telefonbuch_091	PTT-Archiv, P-260-1_Basel_1908	Basel
Greulich-Langbein	Friedr.		Klybeckstrasse 240	Basel	387	1908	89	telefonbuch_091	PTT-Archiv, P-260-1_Basel_1908	Basel
Grieder	Emanuel	Bau- und Kunstschlosserei	Klingelbergstr. 27	Basel	1499	1908	89	telefonbuch_091	PTT-Archiv, P-260-1_Basel_1908	Basel
Grieder	Hermann	Wohnung	Güterstrasse 76	Basel	742	1908	89	telefonbuch_091	PTT-Archiv, P-260-1_Basel_1908	Basel
Grieder	Hermann	sanitäre Einrichtungen	Güterstrasse 79	Basel	4407	1908	89	telefonbuch_091	PTT-Archiv, P-260-1_Basel_1908	Basel
Grimm	Robert	Spedition	Tellstrasse 23	Basel	2224	1908	89	telefonbuch_091	PTT-Archiv, P-260-1_Basel_1908	Basel
Grimm	Robert	Arbeitersekretär	Blumenrain 5	Basel	1656	1908	89	telefonbuch_091	PTT-Archiv, P-260-1_Basel_1908	Basel
Grisard	G.		Grenzacherstr. 302	Basel	1886	1908	89	telefonbuch_091	PTT-Archiv, P-260-1_Basel_1908	Basel
Groener & Co.			Leonhardstrasse 18	Basel	3023	1908	89	telefonbuch_091	PTT-Archiv, P-260-1_Basel_1908	Basel
Grogg-Wetzstein	S.	Weine und Spirituosen	Schillerstrasse 20	Basel	4508	1908	89	telefonbuch_091	PTT-Archiv, P-260-1_Basel_1908	Basel
Grosheintz	Alb.	Dr., Ohrenarzt	Socinstrasse 1a	Basel	2297	1908	89	telefonbuch_091	PTT-Archiv, P-260-1_Basel_1908	Basel
Grosheintz	E.	Dr., Zahnarzt	Holbeinstrasse 55	Basel	3077	1908	89	telefonbuch_091	PTT-Archiv, P-260-1_Basel_1908	Basel
Grosheintz	Paul	Dr. med., Arzt und Zahnarzt	Centralbahnplatz 9	Basel	4690	1908	89	telefonbuch_091	PTT-Archiv, P-260-1_Basel_1908	Basel
Gross-Wendel	W.		Güterstrasse 249	Basel	4681	1908	89	telefonbuch_091	PTT-Archiv, P-260-1_Basel_1908	Basel
Grosshardt-Hiltpolt	M.		Farnsburgersrt. 61	Basel	4499	1908	89	telefonbuch_091	PTT-Archiv, P-260-1_Basel_1908	Basel
Grossmann		Gebrüder	Elisabethenstr. 15	Basel	2326	1908	89	telefonbuch_091	PTT-Archiv, P-260-1_Basel_1908	Basel
Grossmann-Simon	Rudolf		St. Albanvorstadt 10	Basel	3624	1908	89	telefonbuch_091	PTT-Archiv, P-260-1_Basel_1908	Basel
Grossmann-Stähelin	Rudolf		Sevogelstrasse 81	Basel	3686	1908	89	telefonbuch_091	PTT-Archiv, P-260-1_Basel_1908	Basel
Grossmann-Stoll	H.	Wwe.	Sonnenweg 14	Basel	1916	1908	89	telefonbuch_091	PTT-Archiv, P-260-1_Basel_1908	Basel
Grossratssaal			Rathaus	Basel	1680	1908	89	telefonbuch_091	PTT-Archiv, P-260-1_Basel_1908	Basel
Grossratssaal		Journalistentribüne	Rathaus	Basel	1035	1908	89	telefonbuch_091	PTT-Archiv, P-260-1_Basel_1908	Basel
Grotzinger	Stephan	Glaser	Oetlingerstrasse 65	Basel	364	1908	89	telefonbuch_091	PTT-Archiv, P-260-1_Basel_1908	Basel
Grumbacher	N.		Nadelberg 8	Basel	1541	1908	89	telefonbuch_091	PTT-Archiv, P-260-1_Basel_1908	Basel
Grunauer	Adolf	& Co., Bureau	Peterspla tz 4	Basel	2637	1908	89	telefonbuch_091	PTT-Archiv, P-260-1_Basel_1908	Basel
Grunauer	Adolf	& Co., Lagerplatz	Dreispitz	Basel	3977	1908	89	telefonbuch_091	PTT-Archiv, P-260-1_Basel_1908	Basel
Grunauer	Aug.	Hutmacher	Gerbergasse 18	Basel	425	1908	89	telefonbuch_091	PTT-Archiv, P-260-1_Basel_1908	Basel
Grunauer	H.	Aelteste Basler Drechslerwarenfabrik	Vogesenstrasse 31	Basel	765	1908	89	telefonbuch_091	PTT-Archiv, P-260-1_Basel_1908	Basel
Grunauer	H.	Laden	Hutgasse 16	Basel	1431	1908	89	telefonbuch_091	PTT-Archiv, P-260-1_Basel_1908	Basel
Grunauer-Schaffner	Louise	Wwe.	Spalenring 121	Basel	404	1908	89	telefonbuch_091	PTT-Archiv, P-260-1_Basel_1908	Basel
Grundbuchgeometerbureau			Münsterplatz 11	Basel	1812	1908	89	telefonbuch_091	PTT-Archiv, P-260-1_Basel_1908	Basel
Grundbuchverwaltung und Handelsregister			Münsterplatz 11	Basel	1766	1908	89	telefonbuch_091	PTT-Archiv, P-260-1_Basel_1908	Basel
Grüneisen	Ed.	Bankdirektor	Schärtlingasse 6	Basel	2543	1908	89	telefonbuch_091	PTT-Archiv, P-260-1_Basel_1908	Basel
Gruner-His	A. K.	Frau	Nauenstrasse 9	Basel	2197	1908	89	telefonbuch_091	PTT-Archiv, P-260-1_Basel_1908	Basel
Gruner-Kern	H. E.		Maiengasse 58	Basel	3746	1908	89	telefonbuch_091	PTT-Archiv, P-260-1_Basel_1908	Basel
Grüninger-Bischoff	Rob.	Dr.	Burgunderstrasse 32	Basel	3619	1908	89	telefonbuch_091	PTT-Archiv, P-260-1_Basel_1908	Basel
Grüninger-Dalang	W.		Unt. Rheingasse 13	Basel	4332	1908	89	telefonbuch_091	PTT-Archiv, P-260-1_Basel_1908	Basel
Grüninger	Ernst	Sägewerk	Riehenstrasse 360	Basel	675	1908	89	telefonbuch_091	PTT-Archiv, P-260-1_Basel_1908	Basel
Grüninger	Fritz	Konditor	Hardstrasse 60	Basel	4586	1908	89	telefonbuch_091	PTT-Archiv, P-260-1_Basel_1908	Basel
Grüninger	R.	Fuhrhalter	Hammerstrasse 158	Basel	3406	1908	89	telefonbuch_091	PTT-Archiv, P-260-1_Basel_1908	Basel
Grüninger & Vonder Mühll			Freiestrasse 31	Basel	1156	1908	89	telefonbuch_091	PTT-Archiv, P-260-1_Basel_1908	Basel
Grütliverein Gross-Basel			Nadelberg 13	Basel	738	1908	90	telefonbuch_092	PTT-Archiv, P-260-1_Basel_1908	Basel
Güdemann	Fritz		Sempacherstrasse 7	Basel	408	1908	90	telefonbuch_092	PTT-Archiv, P-260-1_Basel_1908	Basel
Gugel-Meyn	K.	Buchdruckerei	Klarastrasse 55	Basel	4516	1908	90	telefonbuch_092	PTT-Archiv, P-260-1_Basel_1908	Basel
Guggenbühl	Charles		Utengasse 3	Basel	1385	1908	90	telefonbuch_092	PTT-Archiv, P-260-1_Basel_1908	Basel
Guggenbühl-Merian	H.		Freiestrasse 70	Basel	190	1908	90	telefonbuch_092	PTT-Archiv, P-260-1_Basel_1908	Basel
Guggenheim	A. H.		Gartenstrasse 109	Basel	2178	1908	90	telefonbuch_092	PTT-Archiv, P-260-1_Basel_1908	Basel
Guggenheim	Constant	& Co.	Elisabethenstr. 56	Basel	2248	1908	90	telefonbuch_092	PTT-Archiv, P-260-1_Basel_1908	Basel
Guggenheim-Dreyfus	Emil		Arnold Böcklinstr. 15	Basel	4512	1908	90	telefonbuch_092	PTT-Archiv, P-260-1_Basel_1908	Basel
Guggenheim	Jacques	& Co.	Güterstrasse 218	Basel	4064	1908	90	telefonbuch_092	PTT-Archiv, P-260-1_Basel_1908	Basel
Guggenheim-Lauchheimer	D.		Gerbergasse 56	Basel	413	1908	90	telefonbuch_092	PTT-Archiv, P-260-1_Basel_1908	Basel
Guggenheim	Moritz		Missionsstrasse 4	Basel	3025	1908	90	telefonbuch_092	PTT-Archiv, P-260-1_Basel_1908	Basel
Guggenheim-Reichenbach	Herm.		Nauenstrasse 37	Basel	2178	1908	90	telefonbuch_092	PTT-Archiv, P-260-1_Basel_1908	Basel
Guggenheim	Sigmund		Binningerstrasse 9	Basel	1768	1908	90	telefonbuch_092	PTT-Archiv, P-260-1_Basel_1908	Basel
Guidi-Schlageter	Carl	Eishandlung	Greifengasse 35	Basel	3283	1908	90	telefonbuch_092	PTT-Archiv, P-260-1_Basel_1908	Basel
Gundoldinger-Casino			Tellstrasse 2	Basel	3992	1908	90	telefonbuch_092	PTT-Archiv, P-260-1_Basel_1908	Basel
Gundoldinger-Schulhaus			Sempacherstrasse 60	Basel	4022	1908	90	telefonbuch_092	PTT-Archiv, P-260-1_Basel_1908	Basel
Günther-Hübner	E.		Missionsstrasse 82	Basel	4210	1908	90	telefonbuch_092	PTT-Archiv, P-260-1_Basel_1908	Basel
Günther-Heiz	Rich.	Schuhmachermeister	Imberggässlein 23	Basel	1540	1908	90	telefonbuch_092	PTT-Archiv, P-260-1_Basel_1908	Basel
Günzburger	Salomon		Schützengraben 11	Basel	2740	1908	90	telefonbuch_092	PTT-Archiv, P-260-1_Basel_1908	Basel
Günzburger & Haas			Claragraben 88/90	Basel	3305	1908	90	telefonbuch_092	PTT-Archiv, P-260-1_Basel_1908	Basel
Günzburger & Wolf			Oetlingerstrasse 75	Basel	2783	1908	90	telefonbuch_092	PTT-Archiv, P-260-1_Basel_1908	Basel
Gürlet	Otto		Binningerstrasse 9	Basel	923	1908	90	telefonbuch_092	PTT-Archiv, P-260-1_Basel_1908	Basel
Gürtler-Buser	J.	Vertreter	Thiersteineralle 85	Basel	2838	1908	90	telefonbuch_092	PTT-Archiv, P-260-1_Basel_1908	Basel
Gürtler-Hauser	J.	Bildhauer	Burgfelderstrasse 27	Basel	173	1908	90	telefonbuch_092	PTT-Archiv, P-260-1_Basel_1908	Basel
Gürtler	Henri	Gypsermeister	Rudolfstrasse 10	Basel	2839	1908	90	telefonbuch_092	PTT-Archiv, P-260-1_Basel_1908	Basel
Gusiné	Juan	spanische Weinhalle	Clarastrasse 14	Basel	3719	1908	90	telefonbuch_092	PTT-Archiv, P-260-1_Basel_1908	Basel
Gut	H.	Conditorei	Güterstrasse 96	Basel	294	1908	90	telefonbuch_092	PTT-Archiv, P-260-1_Basel_1908	Basel
Gutekunst & Giauque		Baugeschäft	Claragraben 139	Basel	36	1908	90	telefonbuch_092	PTT-Archiv, P-260-1_Basel_1908	Basel
Gutekunst & Meier		Baugeschäft	Dornacherstr. 307	Basel	1576	1908	90	telefonbuch_092	PTT-Archiv, P-260-1_Basel_1908	Basel
Gutekunst-Wehrli	J.	Schmiedmeister	Steinenthorstrasse 29	Basel	1804	1908	90	telefonbuch_092	PTT-Archiv, P-260-1_Basel_1908	Basel
Gutknecht	Fr.	Dr., prakt. Arzt	Steinenberg 5	Basel	2578	1908	90	telefonbuch_092	PTT-Archiv, P-260-1_Basel_1908	Basel
Gutknecht-Heinrich	Chs.	Bildhauermeister	Leonhardstrasse 21	Basel	3031	1908	90	telefonbuch_092	PTT-Archiv, P-260-1_Basel_1908	Basel
Gutsmann	B.	Schreinerei	Hegenheimerstr. 26	Basel	4523	1908	90	telefonbuch_092	PTT-Archiv, P-260-1_Basel_1908	Basel
Gutzwiller	C.	& Co.	Gerbergasse 11	Basel	2801	1908	90	telefonbuch_092	PTT-Archiv, P-260-1_Basel_1908	Basel
Gutzwiller, C., & Co.		Börse	Börse	Basel	3143	1908	90	telefonbuch_092	PTT-Archiv, P-260-1_Basel_1908	Basel
Gutzwiller	H.	Dr.	Austrasse 14	Basel	2983	1908	90	telefonbuch_092	PTT-Archiv, P-260-1_Basel_1908	Basel
Gutzwiller-Meyer	C.		Bundesstrasse 21	Basel	207	1908	90	telefonbuch_092	PTT-Archiv, P-260-1_Basel_1908	Basel
Gygax	Fritz		Bärschwilerstr. 26	Basel	4725	1908	90	telefonbuch_092	PTT-Archiv, P-260-1_Basel_1908	Basel
Gysin-Albrecht	S.	Wwe.	Elisabethenstr. 67	Basel	2276	1908	90	telefonbuch_092	PTT-Archiv, P-260-1_Basel_1908	Basel
Gysin	Arnold	Direktor d. Basler Strassenbahnen	Socinstrasse 81	Basel	991	1908	90	telefonbuch_092	PTT-Archiv, P-260-1_Basel_1908	Basel
Gysin, Hartmann & Co.			Riimelinbachweg 55	Basel	2484	1908	90	telefonbuch_092	PTT-Archiv, P-260-1_Basel_1908	Basel
Gysin-Hindermann	V.	Wwe.	Austrasse 12	Basel	3046	1908	90	telefonbuch_092	PTT-Archiv, P-260-1_Basel_1908	Basel
Gysin-Meissner	J. J.		Nonnenweg 15	Basel	2558	1908	90	telefonbuch_092	PTT-Archiv, P-260-1_Basel_1908	Basel
Gysin-Marmier	Wilhelm		Margarethenstr. 73	Basel	4023	1908	90	telefonbuch_092	PTT-Archiv, P-260-1_Basel_1908	Basel
Gysin	Rudolf		Steinenthorst. 14	Basel	2271	1908	90	telefonbuch_092	PTT-Archiv, P-260-1_Basel_1908	Basel
Gysin-Savary	Fr.		Birsigstrasse 102	Basel	368	1908	90	telefonbuch_092	PTT-Archiv, P-260-1_Basel_1908	Basel
Gysin-Schück	Ad.	Spenglermeister	Mattweg 43	Basel	3491	1908	91	telefonbuch_093	PTT-Archiv, P-260-1_Basel_1908	Basel
Gysin & Co.		Schuhwaren en gros	Elisabethenstr. 41	Basel	2009	1908	91	telefonbuch_093	PTT-Archiv, P-260-1_Basel_1908	Basel
Gysin & Maisenhölder		C. Keckeis Nachfolger	Clarahofweg 5	Basel	3630	1908	91	telefonbuch_093	PTT-Archiv, P-260-1_Basel_1908	Basel
Haag	Fritz	Schmiedmeister	St. Albanvorstadt 76	Basel	812	1908	91	telefonbuch_093	PTT-Archiv, P-260-1_Basel_1908	Basel
Haag-Höhn	L.		Nauenstrasse 39	Basel	2149	1908	91	telefonbuch_093	PTT-Archiv, P-260-1_Basel_1908	Basel
Haagen		Dr.	Langegasse 37	Basel	1082	1908	91	telefonbuch_093	PTT-Archiv, P-260-1_Basel_1908	Basel
Haas	Anton		Gartenstrasse 60	Basel	195	1908	91	telefonbuch_093	PTT-Archiv, P-260-1_Basel_1908	Basel
Haas-Bernheim	Raphael		Steinenring 4	Basel	995	1908	91	telefonbuch_093	PTT-Archiv, P-260-1_Basel_1908	Basel
Haas		Gebrüder	Leimenstrasse 24	Basel	2833	1908	91	telefonbuch_093	PTT-Archiv, P-260-1_Basel_1908	Basel
Haas	Karl	Dr., Greifenapotheke	Greifengasse 34	Basel	4342	1908	91	telefonbuch_093	PTT-Archiv, P-260-1_Basel_1908	Basel
Haas-Moch		Wwe.	Petersgraben 73	Basel	2596	1908	91	telefonbuch_093	PTT-Archiv, P-260-1_Basel_1908	Basel
Haas	Otto	Installationsgeschäft	Clarastrasse 57	Basel	1012	1908	91	telefonbuch_093	PTT-Archiv, P-260-1_Basel_1908	Basel
Haas'sche Schriftgiesserei		Inh. M. Krayer & Cie.	Holbeinstrasse 35	Basel	3055	1908	91	telefonbuch_093	PTT-Archiv, P-260-1_Basel_1908	Basel
Haas-Weill	E.		Feierabendstrasse 41	Basel	4700	1908	91	telefonbuch_093	PTT-Archiv, P-260-1_Basel_1908	Basel
Haasenstein & Vogler		(L. Treu), Bureau	Gerbergasse 38	Basel	3065	1908	91	telefonbuch_093	PTT-Archiv, P-260-1_Basel_1908	Basel
Haasenstein & Vogler		(L. Treu), Wohnung	Maiengasse 64	Basel	1467	1908	91	telefonbuch_093	PTT-Archiv, P-260-1_Basel_1908	Basel
Haass-Haerle	Th.		Elisabethenstr. 85	Basel	3821	1908	91	telefonbuch_093	PTT-Archiv, P-260-1_Basel_1908	Basel
Habé-Ott	Jos.	Restaurateur	Heumattstrasse 5	Basel	2257	1908	91	telefonbuch_093	PTT-Archiv, P-260-1_Basel_1908	Basel
Haberbusch	Joh.		Ochsenstrasse 9	Basel	1580	1908	91	telefonbuch_093	PTT-Archiv, P-260-1_Basel_1908	Basel
Haeberlen & Wentz			Freiestrasse 93	Basel	4604	1908	91	telefonbuch_093	PTT-Archiv, P-260-1_Basel_1908	Basel
Haberthür-Rogenmoser	A.	Wirt	Spalenberg 21	Basel	2360	1908	91	telefonbuch_093	PTT-Archiv, P-260-1_Basel_1908	Basel
Haberthür	Seb.	Gypsermeister	Frobenstrasse 10	Basel	2454	1908	91	telefonbuch_093	PTT-Archiv, P-260-1_Basel_1908	Basel
Habisreitinger	Wilh.	Schweinehändler	St. Johannsplatz 27	Basel	1629	1908	91	telefonbuch_093	PTT-Archiv, P-260-1_Basel_1908	Basel
Haefele	G.	Coiffeur	Holbeinstrasse 49	Basel	4624	1908	91	telefonbuch_093	PTT-Archiv, P-260-1_Basel_1908	Basel
Haefely	Emil	(Fabrik)	Laufenstrasse 5	Basel	4510	1908	91	telefonbuch_093	PTT-Archiv, P-260-1_Basel_1908	Basel
Haefely	Emil	(Wohnung)	Bundesstrasse 29	Basel	4525	1908	91	telefonbuch_093	PTT-Archiv, P-260-1_Basel_1908	Basel
Haefliger	Kaspar	Metzger	Hüningerstrasse 82	Basel	3415	1908	91	telefonbuch_093	PTT-Archiv, P-260-1_Basel_1908	Basel
Hagenbach-Bischoff	Ed.	Prof. Dr.	Missionsstrasse 20	Basel	2631	1908	91	telefonbuch_093	PTT-Archiv, P-260-1_Basel_1908	Basel
Hagenbach-Burckhardt	E.	Prof. Dr.	Leimenstrasse 12	Basel	2826	1908	91	telefonbuch_093	PTT-Archiv, P-260-1_Basel_1908	Basel
Hagenbach	Karl	Dr.	Steinengraben 75	Basel	2560	1908	91	telefonbuch_093	PTT-Archiv, P-260-1_Basel_1908	Basel
Hagenbach-Merian	E.	Dr. med	Schützenmattstr. 51	Basel	4461	1908	91	telefonbuch_093	PTT-Archiv, P-260-1_Basel_1908	Basel
Hagenbach-Merian	E.	Dr. med, Chirurg. Privatklinik	Socinstrasse 13	Basel	2682	1908	91	telefonbuch_093	PTT-Archiv, P-260-1_Basel_1908	Basel
Hagenbach-Von der Mühll	Hans	Dr.	Petersgraben 27	Basel	282	1908	91	telefonbuch_093	PTT-Archiv, P-260-1_Basel_1908	Basel
Hagens-Wölfflin	B. F.		Elisabethenstr. 38	Basel	2398	1908	91	telefonbuch_093	PTT-Archiv, P-260-1_Basel_1908	Basel
Hägi-Böhme	Emil	Fahrplanverlag	Belchenstrasse 2	Basel	4702	1908	91	telefonbuch_093	PTT-Archiv, P-260-1_Basel_1908	Basel
Hagist	Fritz	Wein und Spirituosen	Grünpfahlgässlein 5	Basel	3015	1908	91	telefonbuch_093	PTT-Archiv, P-260-1_Basel_1908	Basel
Hägler-à Wengen	Adolf	Dr.	Peter Merianstr. 19	Basel	2263	1908	91	telefonbuch_093	PTT-Archiv, P-260-1_Basel_1908	Basel
Hägler-Gutzwiller	Adolf	Dr.	Elisabethenanlage 43	Basel	2240	1908	91	telefonbuch_093	PTT-Archiv, P-260-1_Basel_1908	Basel
Haegler	C.	Prof., Andlauerklinik (Sprechstunde)	Petersgraben 11	Basel	1702	1908	91	telefonbuch_093	PTT-Archiv, P-260-1_Basel_1908	Basel
Haegler	C.	Privatwohnung	Petersgraben 1	Basel	1542	1908	91	telefonbuch_093	PTT-Archiv, P-260-1_Basel_1908	Basel
Hahn-Schmidter	Daniel		Hagenthalerstr. 45	Basel	4221	1908	91	telefonbuch_093	PTT-Archiv, P-260-1_Basel_1908	Basel
Haldimann	G.	z. Sevogelgarten (Gebr. Dietrich)	Hardstrasse 62	Basel	609	1908	91	telefonbuch_093	PTT-Archiv, P-260-1_Basel_1908	Basel
Halff	J.	& Co.	Hutgasse 15	Basel	2789	1908	91	telefonbuch_093	PTT-Archiv, P-260-1_Basel_1908	Basel
Hallauer	O.	Dr med. (s. auch unter Privatklinik)	Spalenring 147	Basel	2916	1908	91	telefonbuch_093	PTT-Archiv, P-260-1_Basel_1908	Basel
Haller-Bolliger	J.	Mineralwasserfabrik	Hegenheimerstr. 135	Basel	1138	1908	91	telefonbuch_093	PTT-Archiv, P-260-1_Basel_1908	Basel
Haller	V.	Söhne	Engelgasse 93	Basel	3972	1908	91	telefonbuch_093	PTT-Archiv, P-260-1_Basel_1908	Basel
Haller-Willig	J.	Fuhrhalter	Güterstrasse 97	Basel	398	1908	91	telefonbuch_093	PTT-Archiv, P-260-1_Basel_1908	Basel
Hamburg-Amerika-Linie		(Bronner & Co.)	Nauenstrasse 1	Basel	2877	1908	91	telefonbuch_093	PTT-Archiv, P-260-1_Basel_1908	Basel
Handelsbank		Basler	Freiestrasse 96	Basel	1962	1908	92	telefonbuch_094	PTT-Archiv, P-260-1_Basel_1908	Basel
Dieselbe			Freiestrasse 96	Basel	1955	1908	92	telefonbuch_094	PTT-Archiv, P-260-1_Basel_1908	Basel
Dieselbe			Freiestrasse 96	Basel	103	1908	92	telefonbuch_094	PTT-Archiv, P-260-1_Basel_1908	Basel
Dieselbe			Freiestrasse 96	Basel	104	1908	92	telefonbuch_094	PTT-Archiv, P-260-1_Basel_1908	Basel
Dieselbe		Börse	Börse	Basel	3152	1908	92	telefonbuch_094	PTT-Archiv, P-260-1_Basel_1908	Basel
Dieselbe		Börse	Börse	Basel	3186	1908	92	telefonbuch_094	PTT-Archiv, P-260-1_Basel_1908	Basel
Dieselbe		Börse	Börse	Basel	102	1908	92	telefonbuch_094	PTT-Archiv, P-260-1_Basel_1908	Basel
Dieselbe		Wechselstube	Freiestrasse 88	Basel	1995	1908	92	telefonbuch_094	PTT-Archiv, P-260-1_Basel_1908	Basel
Handelskammer Basel			Börsengebäude	Basel	2029	1908	92	telefonbuch_094	PTT-Archiv, P-260-1_Basel_1908	Basel
Handelsregister		Domhof	Münsterplatz 12	Basel	1766	1908	92	telefonbuch_094	PTT-Archiv, P-260-1_Basel_1908	Basel
Handelsschule			Kohlenberg 13	Basel	2488	1908	92	telefonbuch_094	PTT-Archiv, P-260-1_Basel_1908	Basel
Handelszeitung		Neue Basler	Marktgasse 24	Basel	2131	1908	92	telefonbuch_094	PTT-Archiv, P-260-1_Basel_1908	Basel
Handmann	Rud.	Pfarrer	Langegasse 21	Basel	3873	1908	92	telefonbuch_094	PTT-Archiv, P-260-1_Basel_1908	Basel
Handschin	Dr. Walter	Arzt	Austrasse 108	Basel	4234	1908	92	telefonbuch_094	PTT-Archiv, P-260-1_Basel_1908	Basel
Handschin	J.	Armaturenfabrik	Dornacherstrasse 146	Basel	3764	1908	92	telefonbuch_094	PTT-Archiv, P-260-1_Basel_1908	Basel
Handschin-Stohler	Hans		Hutgasse 2	Basel	3748	1908	92	telefonbuch_094	PTT-Archiv, P-260-1_Basel_1908	Basel
Handwerkerbank Basel			St. Albangraben 1	Basel	2020	1908	92	telefonbuch_094	PTT-Archiv, P-260-1_Basel_1908	Basel
Dieselbe		Filiale	Untere Rebgasse 5	Basel	1256	1908	92	telefonbuch_094	PTT-Archiv, P-260-1_Basel_1908	Basel
Handwerker- und Gewerbeverein			Nonnenweg 6	Basel	840	1908	92	telefonbuch_094	PTT-Archiv, P-260-1_Basel_1908	Basel
Haering & Merz		Farbengeschäft	Klybeckstrasse 63	Basel	3388	1908	92	telefonbuch_094	PTT-Archiv, P-260-1_Basel_1908	Basel
Haerle-Metzler	Wilh.		Rheinschanze 12	Basel	1715	1908	92	telefonbuch_094	PTT-Archiv, P-260-1_Basel_1908	Basel
Haerle, Simonius, Strohl & Cie.			Nadelberg 24	Basel	2695	1908	92	telefonbuch_094	PTT-Archiv, P-260-1_Basel_1908	Basel
Hartmann	H.		Spalenring 42	Basel	876	1908	92	telefonbuch_094	PTT-Archiv, P-260-1_Basel_1908	Basel
Hartmann	Hch.	Schreiner	Leonhardsgraben 16	Basel	2898	1908	92	telefonbuch_094	PTT-Archiv, P-260-1_Basel_1908	Basel
Hartmann	L.		Kluserstrasse 2	Basel	975	1908	92	telefonbuch_094	PTT-Archiv, P-260-1_Basel_1908	Basel
Hartmann-Loosli	G.	Schinkengeschäft	Spalenberg 12	Basel	273	1908	92	telefonbuch_094	PTT-Archiv, P-260-1_Basel_1908	Basel
Hartmann	Oskar	Coiffeur	Barfüsserplatz 22	Basel	4534	1908	92	telefonbuch_094	PTT-Archiv, P-260-1_Basel_1908	Basel
Hartmann-Philipp	Joh.	Schmiedmeister	Kirchgasse 1	Basel	4674	1908	92	telefonbuch_094	PTT-Archiv, P-260-1_Basel_1908	Basel
Hartmann-Rehm	H.		Elsässerstrasse 138	Basel	238	1908	92	telefonbuch_094	PTT-Archiv, P-260-1_Basel_1908	Basel
Hartmann-Rey	Wwe. Th.		Hägenheimstr. 14	Basel	860	1908	92	telefonbuch_094	PTT-Archiv, P-260-1_Basel_1908	Basel
Hartmann-Schaffner	Friedr.		Lichtstrasse 27	Basel	2791	1908	92	telefonbuch_094	PTT-Archiv, P-260-1_Basel_1908	Basel
Hartmann-Wintsch	Aline	Modes	Freiestrasse 66	Basel	1354	1908	92	telefonbuch_094	PTT-Archiv, P-260-1_Basel_1908	Basel
Hartter-Rösch	W.	Bäckerei	Offenburgerstr. 41	Basel	3886	1908	92	telefonbuch_094	PTT-Archiv, P-260-1_Basel_1908	Basel
Hasler-Kaeser	Ernst		Breisacherstr. 79	Basel	46	1908	92	telefonbuch_094	PTT-Archiv, P-260-1_Basel_1908	Basel
Hassert	J. D.		Müllheimerstrasse 53	Basel	3241	1908	92	telefonbuch_094	PTT-Archiv, P-260-1_Basel_1908	Basel
Hassfeld-Kiefer	Th.		Webergasse 25	Basel	1228	1908	92	telefonbuch_094	PTT-Archiv, P-260-1_Basel_1908	Basel
Hässig	R.	Flaschenbierhdlg. u. Limonadenfabr.	Elsässerstrasse 13	Basel	3490	1908	92	telefonbuch_094	PTT-Archiv, P-260-1_Basel_1908	Basel
Hatzinger-Helfesrieder	Karl		Clarastrasse 1	Basel	3181	1908	92	telefonbuch_094	PTT-Archiv, P-260-1_Basel_1908	Basel
Haubensak	Friedrich	Samenhandlung	Sattelgasse 6	Basel	1430	1908	92	telefonbuch_094	PTT-Archiv, P-260-1_Basel_1908	Basel
Haubensak	W.	Wirt	Bahnhofstrasse 21	Basel	3472	1908	92	telefonbuch_094	PTT-Archiv, P-260-1_Basel_1908	Basel
Haubensak-Springer	E.		Hammerstrasse 76	Basel	3424	1908	92	telefonbuch_094	PTT-Archiv, P-260-1_Basel_1908	Basel
Haubensak	Karl	Samenhandlung	Zürcherstrasse 135	Basel	651	1908	92	telefonbuch_094	PTT-Archiv, P-260-1_Basel_1908	Basel
Hauck	M.	Schreinermeister	Türkheimerstr. 75	Basel	981	1908	92	telefonbuch_094	PTT-Archiv, P-260-1_Basel_1908	Basel
Haug	J. F.		Grenzacherstrasse 1	Basel	3446	1908	92	telefonbuch_094	PTT-Archiv, P-260-1_Basel_1908	Basel
Haus & Cie.		Apparate für Elektrotechnik-, Gas- und Wasserfach	Güterstrasse 104	Basel	4082	1908	92	telefonbuch_094	PTT-Archiv, P-260-1_Basel_1908	Basel
Hausamann	J. R.		Aeschenvorstadt 47	Basel	4356	1908	92	telefonbuch_094	PTT-Archiv, P-260-1_Basel_1908	Basel
Hausbesitzer-Verein			Stadthausgasse 10	Basel	950	1908	92	telefonbuch_094	PTT-Archiv, P-260-1_Basel_1908	Basel
Hauser-Amans	Rud.		Burgunderstrasse 44	Basel	2942	1908	92	telefonbuch_094	PTT-Archiv, P-260-1_Basel_1908	Basel
Hauser	Conrad		Austrasse 39	Basel	1792	1908	93	telefonbuch_095	PTT-Archiv, P-260-1_Basel_1908	Basel
Hauser	R.	& Co.	St. Albanvorstadt 12	Basel	1820	1908	93	telefonbuch_095	PTT-Archiv, P-260-1_Basel_1908	Basel
Hauser	Rud. C.		Sevogelstrasse 56	Basel	4108	1908	93	telefonbuch_095	PTT-Archiv, P-260-1_Basel_1908	Basel
Hauser-Schmidlin	Ed.	Hôtel garni	Pfeffingerstrasse 8	Basel	3899	1908	93	telefonbuch_095	PTT-Archiv, P-260-1_Basel_1908	Basel
Hauser-Schüssler	O.	Bäckermeister	Aeschenvorstadt 49	Basel	1951	1908	93	telefonbuch_095	PTT-Archiv, P-260-1_Basel_1908	Basel
Hauser-Vogt	Oskar	Wirtschaft beim Allschwiler Weiher		Basel	607	1908	93	telefonbuch_095	PTT-Archiv, P-260-1_Basel_1908	Basel
Hauser-Wohnlich	J.	Wwe.	Feierabendstrasse 15	Basel	3099	1908	93	telefonbuch_095	PTT-Archiv, P-260-1_Basel_1908	Basel
Häusler	Otto	Gärtnermeister	Lehenmattstr. 203	Basel	1020	1908	93	telefonbuch_095	PTT-Archiv, P-260-1_Basel_1908	Basel
Hausmann		Sanitätsgeschäft, A.-G.	Freiestrasse 15	Basel	1486	1908	93	telefonbuch_095	PTT-Archiv, P-260-1_Basel_1908	Basel
Haussmann	M.	Wechselsensal	Güterstrasse 87	Basel	2442	1908	93	telefonbuch_095	PTT-Archiv, P-260-1_Basel_1908	Basel
Heck	Fritz	Bäckerei und Conditor	Missionsstrasse 57	Basel	4110	1908	93	telefonbuch_095	PTT-Archiv, P-260-1_Basel_1908	Basel
Heck-Gasser	J. A.	Metzger	Klingenthalstr. 81	Basel	3308	1908	93	telefonbuch_095	PTT-Archiv, P-260-1_Basel_1908	Basel
Heck-Gasser	J. A.	Metzger	Hutgasse 21	Basel	1933	1908	93	telefonbuch_095	PTT-Archiv, P-260-1_Basel_1908	Basel
Heckendorn-Läger	Alb.	Spenglermeister	Gempenstrasse 8	Basel	3904	1908	93	telefonbuch_095	PTT-Archiv, P-260-1_Basel_1908	Basel
Hediger	A.	Cigarrenhandlung	Steinenvorstadt 73	Basel	2519	1908	93	telefonbuch_095	PTT-Archiv, P-260-1_Basel_1908	Basel
Hediger-Jecker	Rudolf		Schützenmattstr. 81	Basel	306	1908	93	telefonbuch_095	PTT-Archiv, P-260-1_Basel_1908	Basel
Hediger-Knecht	W.		Allschwilerstrasse 8	Basel	2810	1908	93	telefonbuch_095	PTT-Archiv, P-260-1_Basel_1908	Basel
Hediger		& Co.	Claragraben 54	Basel	3715	1908	93	telefonbuch_095	PTT-Archiv, P-260-1_Basel_1908	Basel
Hediger		& Co., Güterbahnhof	Bad. Bahnhof	Basel	1755	1908	93	telefonbuch_095	PTT-Archiv, P-260-1_Basel_1908	Basel
Hediger-Trueb	Alfred		Bundesstrasse 15	Basel	3716	1908	93	telefonbuch_095	PTT-Archiv, P-260-1_Basel_1908	Basel
Hedinger-Benz	E.		Spalenvorstadt 12	Basel	2623	1908	93	telefonbuch_095	PTT-Archiv, P-260-1_Basel_1908	Basel
Hedinger-Benz	E.		Steinengraben 28	Basel	3024	1908	93	telefonbuch_095	PTT-Archiv, P-260-1_Basel_1908	Basel
Heer	Emil	Hutmacher	Gerbergasse 27	Basel	2187	1908	93	telefonbuch_095	PTT-Archiv, P-260-1_Basel_1908	Basel
Heer	Emil	Hutmacher, Wohnung	Neubadstrasse 23	Basel	913	1908	93	telefonbuch_095	PTT-Archiv, P-260-1_Basel_1908	Basel
Heer	Jakob	Malermeister	Spalenring 160	Basel	202	1908	93	telefonbuch_095	PTT-Archiv, P-260-1_Basel_1908	Basel
Hegar	O.	Flügel- und Pianolager	Bäumleingasse 7	Basel	1741	1908	93	telefonbuch_095	PTT-Archiv, P-260-1_Basel_1908	Basel
Hegar	Robert	Musikalienhandlung	Steinenberg 3	Basel	1072	1908	93	telefonbuch_095	PTT-Archiv, P-260-1_Basel_1908	Basel
Heidlauff	Paul		Feierabendstrasse 59	Basel	1934	1908	93	telefonbuch_095	PTT-Archiv, P-260-1_Basel_1908	Basel
Heierle	K.	Buchbinderei	Freiestrasse 82	Basel	1959	1908	93	telefonbuch_095	PTT-Archiv, P-260-1_Basel_1908	Basel
Heilsarmee			Erasmusplatz 14	Basel	3918	1908	93	telefonbuch_095	PTT-Archiv, P-260-1_Basel_1908	Basel
Heilsarmee		Arbeiterheim	Ob. Rheingasse 81	Basel	871	1908	93	telefonbuch_095	PTT-Archiv, P-260-1_Basel_1908	Basel
Heilsarmee		Mädchenheim	Gundoldingerstr. 446	Basel	4605	1908	93	telefonbuch_095	PTT-Archiv, P-260-1_Basel_1908	Basel
Heim-Rosenberg	H.		Heumattstrasse 10	Basel	846	1908	93	telefonbuch_095	PTT-Archiv, P-260-1_Basel_1908	Basel
Heimberger	Fr.	Nähmaschinen und Fahrräder	Hammerstrasse 101	Basel	153	1908	93	telefonbuch_095	PTT-Archiv, P-260-1_Basel_1908	Basel
Heimburger	Chs.	Carrossier	Spitalstrasse 26	Basel	1523	1908	93	telefonbuch_095	PTT-Archiv, P-260-1_Basel_1908	Basel
Heimerdinger-Bohny	O.		Florastrasse 21	Basel	1224	1908	93	telefonbuch_095	PTT-Archiv, P-260-1_Basel_1908	Basel
Heimpel	H. O.		Steinengraben 41	Basel	3237	1908	93	telefonbuch_095	PTT-Archiv, P-260-1_Basel_1908	Basel
Hein	P.	Fleuriste	Schützenmattstr. 9	Basel	1653	1908	93	telefonbuch_095	PTT-Archiv, P-260-1_Basel_1908	Basel
Heiniger-Tschirren	Fritz		Schauenburgerstr. 24	Basel	1158	1908	93	telefonbuch_095	PTT-Archiv, P-260-1_Basel_1908	Basel
Heinz	Jak.	Schlossermeister	St. Johannring 130	Basel	1449	1908	93	telefonbuch_095	PTT-Archiv, P-260-1_Basel_1908	Basel
Heinzelmann-Mory	O.	zur Kronenhalle	Centralbahnplatz 10	Basel	1795	1908	93	telefonbuch_095	PTT-Archiv, P-260-1_Basel_1908	Basel
Heitz	Carl	mech. Drechslerei	Untere Rebgasse 8	Basel	1253	1908	93	telefonbuch_095	PTT-Archiv, P-260-1_Basel_1908	Basel
Heitz		Geschwister, Nachf. v. Gustav Heitz Wwe.	Freiestrasse 117	Basel	1893	1908	93	telefonbuch_095	PTT-Archiv, P-260-1_Basel_1908	Basel
Heitz		Geschwister, siehe unter „Riehen“		Basel	4659	1908	93	telefonbuch_095	PTT-Archiv, P-260-1_Basel_1908	Basel
Heitz	Louis	Handelsgärtnerei, Blumenladen	Freiestrasse 36	Basel	2403	1908	93	telefonbuch_095	PTT-Archiv, P-260-1_Basel_1908	Basel
Heitz	Louis	siehe unter „Kleinhüningen“		Basel	3334	1908	93	telefonbuch_095	PTT-Archiv, P-260-1_Basel_1908	Basel
Helbing & Lichtenhahn		vorm. Reich-Detloff	Freiestrasse 40	Basel	1551	1908	93	telefonbuch_095	PTT-Archiv, P-260-1_Basel_1908	Basel
Helfenberger	H.	Modes	Steinenberg 3	Basel	723	1908	93	telefonbuch_095	PTT-Archiv, P-260-1_Basel_1908	Basel
Helfenberger	Ida		Freiestrasse 53	Basel	376	1908	93	telefonbuch_095	PTT-Archiv, P-260-1_Basel_1908	Basel
Helfenberger & Co.		Colonialwaren	Margarethenstr. 89	Basel	2025	1908	94	telefonbuch_096	PTT-Archiv, P-260-1_Basel_1908	Basel
Dieselben		Weinhandlung	Feierabendstrasse 51	Basel	4452	1908	94	telefonbuch_096	PTT-Archiv, P-260-1_Basel_1908	Basel
Helmerking	E.	Comestibles	Schneidergasse 4	Basel	1457	1908	94	telefonbuch_096	PTT-Archiv, P-260-1_Basel_1908	Basel
Hemann	Erwin	Architekt	Mittlerestrasse 201	Basel	2903	1908	94	telefonbuch_096	PTT-Archiv, P-260-1_Basel_1908	Basel
Hemmer-Ruf	Karl		Matthäusstrasse 7	Basel	722	1908	94	telefonbuch_096	PTT-Archiv, P-260-1_Basel_1908	Basel
Hengelhaupt	O. R.	Hôtel Simon	Spalenvorstadt 5	Basel	2717	1908	94	telefonbuch_096	PTT-Archiv, P-260-1_Basel_1908	Basel
Hennlein & Dippe			St. Johannring 133	Basel	2803	1908	94	telefonbuch_096	PTT-Archiv, P-260-1_Basel_1908	Basel
Henrici-Veillard	C.		Austrasse 25	Basel	3052	1908	94	telefonbuch_096	PTT-Archiv, P-260-1_Basel_1908	Basel
Hensel	Jean	Basler Margarin-Talgschmelze	Pilgerstrasse 33	Basel	3429	1908	94	telefonbuch_096	PTT-Archiv, P-260-1_Basel_1908	Basel
Hentz-Dreyfuss	Ed.		Feierabendstrasse 69	Basel	4566	1908	94	telefonbuch_096	PTT-Archiv, P-260-1_Basel_1908	Basel
Herbold	Albert	& Cie., Internat. Auskunftei	Greifengasse 25	Basel	3453	1908	94	telefonbuch_096	PTT-Archiv, P-260-1_Basel_1908	Basel
von Herff	O.	Prof. Dr.	Maiengasse 62	Basel	3755	1908	94	telefonbuch_096	PTT-Archiv, P-260-1_Basel_1908	Basel
Hermann	C.	Apotheker	Centralbahnplatz 13	Basel	2274	1908	94	telefonbuch_096	PTT-Archiv, P-260-1_Basel_1908	Basel
Hertenstein-Wittich	W.	Metzger	Greifengasse 26	Basel	1164	1908	94	telefonbuch_096	PTT-Archiv, P-260-1_Basel_1908	Basel
Herter-Gutjahr	H.	Traiteur	Schweizergasse 49	Basel	2991	1908	94	telefonbuch_096	PTT-Archiv, P-260-1_Basel_1908	Basel
von Herzer-Dollfus	E.		Peter Merianstr. 38	Basel	3865	1908	94	telefonbuch_096	PTT-Archiv, P-260-1_Basel_1908	Basel
Herzog-Miville	Marie	Frau	Feierabendstrasse 70	Basel	2854	1908	94	telefonbuch_096	PTT-Archiv, P-260-1_Basel_1908	Basel
Herzog-Wick	Aug.		Birmannsgasse 24	Basel	3622	1908	94	telefonbuch_096	PTT-Archiv, P-260-1_Basel_1908	Basel
Hess-Amiet	Carl Fr.		Friedensgasse 19	Basel	4007	1908	94	telefonbuch_096	PTT-Archiv, P-260-1_Basel_1908	Basel
Hess frères		S. A. à la ville de Mulhouse	Fischmarkt 3	Basel	1571	1908	94	telefonbuch_096	PTT-Archiv, P-260-1_Basel_1908	Basel
Hess	Jean		Mülheimerstrasse 89	Basel	2415	1908	94	telefonbuch_096	PTT-Archiv, P-260-1_Basel_1908	Basel
Hess-Ruf	Emanuel		Leimenstrasse 21	Basel	2693	1908	94	telefonbuch_096	PTT-Archiv, P-260-1_Basel_1908	Basel
Hess-Wolf	A.		Socinstrasse 37	Basel	247	1908	94	telefonbuch_096	PTT-Archiv, P-260-1_Basel_1908	Basel
Heusler-Bischoff	R.		Hirzbodenweg 84	Basel	3583	1908	94	telefonbuch_096	PTT-Archiv, P-260-1_Basel_1908	Basel
Heusler-Christ	D.		St. Albangraben 8	Basel	1785	1908	94	telefonbuch_096	PTT-Archiv, P-260-1_Basel_1908	Basel
Heusler-Veillon	R.		Peter Merianstr. 23	Basel	3869	1908	94	telefonbuch_096	PTT-Archiv, P-260-1_Basel_1908	Basel
Heusler-Vonder Mühll	Wilh.		St. Albanvorstadt 36	Basel	1850	1908	94	telefonbuch_096	PTT-Archiv, P-260-1_Basel_1908	Basel
Heusser	Emil	Holzhandlung	Mittlerestrasse 102	Basel	133	1908	94	telefonbuch_096	PTT-Archiv, P-260-1_Basel_1908	Basel
Heymann	R.	& Co., Commission u. Exportation	Steinenvorstadt 71	Basel	2535	1908	94	telefonbuch_096	PTT-Archiv, P-260-1_Basel_1908	Basel
Dieselben			Holbeinstrasse 63	Basel	3723	1908	94	telefonbuch_096	PTT-Archiv, P-260-1_Basel_1908	Basel
Heynen	Wilh.	Platzmonteur der Gasmotorenfabrik Deutz	Thiersteinerallee 60	Basel	611	1908	94	telefonbuch_096	PTT-Archiv, P-260-1_Basel_1908	Basel
Hibbert	Robert	Bureau	Margarethenstr. 29	Basel	1742	1908	94	telefonbuch_096	PTT-Archiv, P-260-1_Basel_1908	Basel
Derselbe		Maschinenausstellung	St. Johannvorst. 16	Basel	407	1908	94	telefonbuch_096	PTT-Archiv, P-260-1_Basel_1908	Basel
Hidber-Curti	M.	Wwe., Stellenvermittlung	Nadelberg 19	Basel	4560	1908	94	telefonbuch_096	PTT-Archiv, P-260-1_Basel_1908	Basel
Hilfskomitee für jüdische Auswanderer			Hochstrasse 34	Basel	486	1908	94	telefonbuch_096	PTT-Archiv, P-260-1_Basel_1908	Basel
Hiller	J. J.	Bäcker	Kleinhüningerstr. 197	Basel	3344	1908	94	telefonbuch_096	PTT-Archiv, P-260-1_Basel_1908	Basel
Himmely	Jacques	junior	Rothbergerstrasse 25	Basel	2964	1908	94	telefonbuch_096	PTT-Archiv, P-260-1_Basel_1908	Basel
Hinden-Jäggi	Joh.	Wirt	Grenzacherstr. 60	Basel	181	1908	94	telefonbuch_096	PTT-Archiv, P-260-1_Basel_1908	Basel
Hindenlang-Völlmy	E.	Küfermeister	Utengasse 12	Basel	32	1908	94	telefonbuch_096	PTT-Archiv, P-260-1_Basel_1908	Basel
Hindermann		Lithographie	Friedensgasse 52	Basel	2005	1908	94	telefonbuch_096	PTT-Archiv, P-260-1_Basel_1908	Basel
Hindermann	Max		Laufenstrasse 13	Basel	3864	1908	94	telefonbuch_096	PTT-Archiv, P-260-1_Basel_1908	Basel
Hindermann	R.	mech. Wagnerei	Mörsbergerstrasse 4	Basel	37	1908	94	telefonbuch_096	PTT-Archiv, P-260-1_Basel_1908	Basel
Hinlein	Adolf		Holbeinstrasse 29	Basel	3058	1908	94	telefonbuch_096	PTT-Archiv, P-260-1_Basel_1908	Basel
Hintermann-Braig	S. Ad.	Kaminfegermeister	Sperrstrasse 87	Basel	3522	1908	94	telefonbuch_096	PTT-Archiv, P-260-1_Basel_1908	Basel
Hipp	Gustav		St. Albanvorstadt 66	Basel	4682	1908	94	telefonbuch_096	PTT-Archiv, P-260-1_Basel_1908	Basel
Hipp	Karl	Baugesch., vorm. R. Friedrich & Co.	Hardtstrasse 92	Basel	3783	1908	94	telefonbuch_096	PTT-Archiv, P-260-1_Basel_1908	Basel
Derselbe		Wohnung	Grellingerstrasse 57	Basel	3577	1908	94	telefonbuch_096	PTT-Archiv, P-260-1_Basel_1908	Basel
Hirscheneck		Restaurant (Feldschlösschen)	Riehenthorstrasse 9	Basel	1136	1908	94	telefonbuch_096	PTT-Archiv, P-260-1_Basel_1908	Basel
His-Bell	Ernst	Ingenieur	Arnold Böcklinstr. 46	Basel	4438	1908	95	telefonbuch_097	PTT-Archiv, P-260-1_Basel_1908	Basel
His-Burckhardt	Frau E.		Petersplatz 13	Basel	1529	1908	95	telefonbuch_097	PTT-Archiv, P-260-1_Basel_1908	Basel
Dieselbe		siehe unter „Riechen“		Basel		1908	95	telefonbuch_097	PTT-Archiv, P-260-1_Basel_1908	Basel
His, Imboden & Co.			Kirschgartenstr. 12	Basel	2388	1908	95	telefonbuch_097	PTT-Archiv, P-260-1_Basel_1908	Basel
His-Schlumberger	Ed.		Engelgasse 83	Basel	3692	1908	95	telefonbuch_097	PTT-Archiv, P-260-1_Basel_1908	Basel
His-Veillon	Albert		Gartenstrasse 5	Basel	1927	1908	95	telefonbuch_097	PTT-Archiv, P-260-1_Basel_1908	Basel
Hiss	J.	Bäckermeister	Solothurnerstr. 31	Basel	3642	1908	95	telefonbuch_097	PTT-Archiv, P-260-1_Basel_1908	Basel
Historisches Museum (Verwaltung)			Steinenberg 4	Basel	2346	1908	95	telefonbuch_097	PTT-Archiv, P-260-1_Basel_1908	Basel
Hitschler	Georges	prakt. Zahnarzt	Eisengasse 9	Basel	4365	1908	95	telefonbuch_097	PTT-Archiv, P-260-1_Basel_1908	Basel
Hoch-Bihrer	Ernst	siehe Seidenhaus Hoch	Stadthausgasse 24	Basel	2117	1908	95	telefonbuch_097	PTT-Archiv, P-260-1_Basel_1908	Basel
Hoch	Charlotte und Lydia	Pension	Missionsstrasse 3	Basel	4347	1908	95	telefonbuch_097	PTT-Archiv, P-260-1_Basel_1908	Basel
Hoch	Fanny	Fussarzt	Steinenvorstadt 6	Basel	4703	1908	95	telefonbuch_097	PTT-Archiv, P-260-1_Basel_1908	Basel
Höchli	Gottfried	Baumeister	Belchenstrasse 4	Basel	2805	1908	95	telefonbuch_097	PTT-Archiv, P-260-1_Basel_1908	Basel
Höchstetter	N.		Eulerstrasse 50	Basel	1681	1908	95	telefonbuch_097	PTT-Archiv, P-260-1_Basel_1908	Basel
Hockenjos	H.	jr.	Birsigstrasse 109	Basel	3248	1908	95	telefonbuch_097	PTT-Archiv, P-260-1_Basel_1908	Basel
Hockenjos-Kaufmann	Hch.		Byfangweg 31	Basel	3051	1908	95	telefonbuch_097	PTT-Archiv, P-260-1_Basel_1908	Basel
Hodel	F.	Wohnung	Eulerstrasse 44	Basel	3467	1908	95	telefonbuch_097	PTT-Archiv, P-260-1_Basel_1908	Basel
Dieselbe		Bureau	Falknerstrasse 4	Basel	2925	1908	95	telefonbuch_097	PTT-Archiv, P-260-1_Basel_1908	Basel
Hofer	A.	& Co.	Dornacherstrasse 15	Basel	4015	1908	95	telefonbuch_097	PTT-Archiv, P-260-1_Basel_1908	Basel
Hofer	Gebr.	Hôtel Drei Könige	Blumenrain 8	Basel	1328	1908	95	telefonbuch_097	PTT-Archiv, P-260-1_Basel_1908	Basel
Hofer-Schär	Alfred		St. Johannvorstadt 71	Basel	469	1908	95	telefonbuch_097	PTT-Archiv, P-260-1_Basel_1908	Basel
Hofer-Seiffert	C.		Margarethenstr. 67	Basel	3840	1908	95	telefonbuch_097	PTT-Archiv, P-260-1_Basel_1908	Basel
Hoeferlin-Heiz	Wwe. E.	Metzgerei	Rappoltshof 17	Basel	3445	1908	95	telefonbuch_097	PTT-Archiv, P-260-1_Basel_1908	Basel
Hofmann & Cie.			Elisabethenstr. 27	Basel	2019	1908	95	telefonbuch_097	PTT-Archiv, P-260-1_Basel_1908	Basel
Hofmann	W.		Holbeinstrasse 76	Basel	625	1908	95	telefonbuch_097	PTT-Archiv, P-260-1_Basel_1908	Basel
Höfflin	Christian	Metzger..	Rudolfstrasse 27	Basel	2812	1908	95	telefonbuch_097	PTT-Archiv, P-260-1_Basel_1908	Basel
Hoffmann	A.	Dr. med.	Dufourstrasse 23	Basel	1834	1908	95	telefonbuch_097	PTT-Archiv, P-260-1_Basel_1908	Basel
Hoffmann	Albert A.		Hirzbodenweg 89	Basel	4258	1908	95	telefonbuch_097	PTT-Archiv, P-260-1_Basel_1908	Basel
Hoffmann	Aug.	Blumenbinderei	Petersgasse 50	Basel	1554	1908	95	telefonbuch_097	PTT-Archiv, P-260-1_Basel_1908	Basel
Hoffmann-Bachmann	E.	Conditor	Spalenvorstadt 39	Basel	2703	1908	95	telefonbuch_097	PTT-Archiv, P-260-1_Basel_1908	Basel
Hoffmann-Burckhardt	Frau A.	Bureau	Rittergasse 21	Basel	1053	1908	95	telefonbuch_097	PTT-Archiv, P-260-1_Basel_1908	Basel
Dieselbe		Wohnung	Rittergasse 21	Basel	1047	1908	95	telefonbuch_097	PTT-Archiv, P-260-1_Basel_1908	Basel
Dieselbe		Solitude	Grenzacherstr. 206	Basel	3225	1908	95	telefonbuch_097	PTT-Archiv, P-260-1_Basel_1908	Basel
Dieselbe		Kleine Solitude	Grenzacherstr. 186	Basel	3226	1908	95	telefonbuch_097	PTT-Archiv, P-260-1_Basel_1908	Basel
Dieselbe		Gärtnerwohnung	Grenzacherstr. 258	Basel	3335	1908	95	telefonbuch_097	PTT-Archiv, P-260-1_Basel_1908	Basel
Hoffmann	Dr. Karl R.	Kinderarzt	St. Albananlage 27	Basel	842	1908	95	telefonbuch_097	PTT-Archiv, P-260-1_Basel_1908	Basel
Hoffmann-Eglin's	Wwe. Kath.	Erben	St. Albanvorstadt 12	Basel	1794	1908	95	telefonbuch_097	PTT-Archiv, P-260-1_Basel_1908	Basel
Hoffmann-Fleiner	E.		Kapellenstrasse 30	Basel	1811	1908	95	telefonbuch_097	PTT-Archiv, P-260-1_Basel_1908	Basel
Hoffmann	Fritz	Privat	Grenzacherstr. 184	Basel	2502	1908	95	telefonbuch_097	PTT-Archiv, P-260-1_Basel_1908	Basel
Hoffmann-Krayer	Prof. Dr. E.		Hirzbodenweg 44	Basel	3693	1908	95	telefonbuch_097	PTT-Archiv, P-260-1_Basel_1908	Basel
Hoffmann-LaRoche	F.		Gellertstrasse 9	Basel	4059	1908	95	telefonbuch_097	PTT-Archiv, P-260-1_Basel_1908	Basel
Hoffmann-LaRoche	F.	& Co., chem. Fabrik	Grenzacherstr. 184	Basel	3195	1908	95	telefonbuch_097	PTT-Archiv, P-260-1_Basel_1908	Basel
Hoffmann-Merian	Wwe E.		St. Albananlage 27	Basel	842	1908	95	telefonbuch_097	PTT-Archiv, P-260-1_Basel_1908	Basel
Hoffmann-Preiswerk	Hans		Schaffh.-Rheinweg 79	Basel	3182	1908	95	telefonbuch_097	PTT-Archiv, P-260-1_Basel_1908	Basel
Hoffmann	Robert's Wwe.		Ob. Rebgasse 17	Basel	3610	1908	95	telefonbuch_097	PTT-Archiv, P-260-1_Basel_1908	Basel
Hoffmann	Rosalie		Holbeinstrasse 40	Basel	2986	1908	95	telefonbuch_097	PTT-Archiv, P-260-1_Basel_1908	Basel
Hoffmann	Th.	Photograph	Clarastrasse 36	Basel	3718	1908	95	telefonbuch_097	PTT-Archiv, P-260-1_Basel_1908	Basel
Hoefler-Harbrecht	H.	Wirt	Hammerstrasse 108	Basel	1101	1908	95	telefonbuch_097	PTT-Archiv, P-260-1_Basel_1908	Basel
Höflinger	August	Photograph	Blumenrain 32	Basel	1333	1908	95	telefonbuch_097	PTT-Archiv, P-260-1_Basel_1908	Basel
Hofmann	Phil.	Bäckermeister	Feldbergstrasse 30	Basel	1219	1908	96	telefonbuch_098	PTT-Archiv, P-260-1_Basel_1908	Basel
Hofstetter	August	Schreinermeister	Malzgasse 9	Basel	4142	1908	96	telefonbuch_098	PTT-Archiv, P-260-1_Basel_1908	Basel
Höhn	Heinrich	Bäckermeister	Zürcherstrasse 145	Basel	2928	1908	96	telefonbuch_098	PTT-Archiv, P-260-1_Basel_1908	Basel
Höhn-Kramer	Gottl.	Spenglermeister	Drahtzugstrasse 36	Basel	35	1908	96	telefonbuch_098	PTT-Archiv, P-260-1_Basel_1908	Basel
Holbeinapotheke		Dr. E. Katz	Oberwilerstrasse 7	Basel	3011	1908	96	telefonbuch_098	PTT-Archiv, P-260-1_Basel_1908	Basel
Holenstein	Alois	Wirt	Feldbergstrasse 47	Basel	507	1908	96	telefonbuch_098	PTT-Archiv, P-260-1_Basel_1908	Basel
Holland	C. F.		Elisabethenstr. 85	Basel	2089	1908	96	telefonbuch_098	PTT-Archiv, P-260-1_Basel_1908	Basel
Hollenweger	Heinrich		Klybeckstrasse 20	Basel	3352	1908	96	telefonbuch_098	PTT-Archiv, P-260-1_Basel_1908	Basel
Hollstein	Max		Burgweg 35	Basel	1172	1908	96	telefonbuch_098	PTT-Archiv, P-260-1_Basel_1908	Basel
Holzach	Dr F.	Inspektor d. Knabenprimarschule	Hardstrasse 105	Basel	3646	1908	96	telefonbuch_098	PTT-Archiv, P-260-1_Basel_1908	Basel
Holzach	Hortense		Freiestrasse 103	Basel	2051	1908	96	telefonbuch_098	PTT-Archiv, P-260-1_Basel_1908	Basel
Holzscheiter	G.	& Co., Laden	Freiestrasse 51	Basel	1784	1908	96	telefonbuch_098	PTT-Archiv, P-260-1_Basel_1908	Basel
Holzscheiter	G.	& Co., Bureau	Bruderholzstr. 31	Basel	2334	1908	96	telefonbuch_098	PTT-Archiv, P-260-1_Basel_1908	Basel
Holzwarth-Gränicher	Fr.	Rest. z. Farnsburg	Barfüsserplatz 9	Basel	293	1908	96	telefonbuch_098	PTT-Archiv, P-260-1_Basel_1908	Basel
Holzwollfabrik Louis Stöcklin		(siehe „Binningen“)		Basel	3585	1908	96	telefonbuch_098	PTT-Archiv, P-260-1_Basel_1908	Basel
Höner-Rauber	C.		Mostackerstrasse 10	Basel	3183	1908	96	telefonbuch_098	PTT-Archiv, P-260-1_Basel_1908	Basel
Hopf	J.	(Bureau)	Gartenstrasse 109	Basel	3933	1908	96	telefonbuch_098	PTT-Archiv, P-260-1_Basel_1908	Basel
Hopf-Schnewlin	J.	(Wohnung)	Murtengasse 11	Basel	2429	1908	96	telefonbuch_098	PTT-Archiv, P-260-1_Basel_1908	Basel
Hörig-Wittwer	G.	Fuhrhalter	Allschwilerstr. 10	Basel	2794	1908	96	telefonbuch_098	PTT-Archiv, P-260-1_Basel_1908	Basel
Hörler-Jundt	Fritz	Konditorei	Greifengasse 13	Basel	1230	1908	96	telefonbuch_098	PTT-Archiv, P-260-1_Basel_1908	Basel
Hörler-Kehrer	Th.	Konditor	Barfüsserplatz 18	Basel	2554	1908	96	telefonbuch_098	PTT-Archiv, P-260-1_Basel_1908	Basel
Horner-Merian	Rud.		Byfangweg 7	Basel	78	1908	96	telefonbuch_098	PTT-Archiv, P-260-1_Basel_1908	Basel
Hosch	F.	Buchbinderei	Luftgässlein 1	Basel	1748	1908	96	telefonbuch_098	PTT-Archiv, P-260-1_Basel_1908	Basel
Hosch	F.	Privat	Luftgässlein 1	Basel	1748	1908	96	telefonbuch_098	PTT-Archiv, P-260-1_Basel_1908	Basel
Hosch-Georg	Alfred		Metzerstrasse 67	Basel	645	1908	96	telefonbuch_098	PTT-Archiv, P-260-1_Basel_1908	Basel
Hosch-Gessler	C.		Angensteinerstr. 5	Basel	3687	1908	96	telefonbuch_098	PTT-Archiv, P-260-1_Basel_1908	Basel
Hosch-Jacquel		Frau Prof.	Holbeinstrasse 44	Basel	3059	1908	96	telefonbuch_098	PTT-Archiv, P-260-1_Basel_1908	Basel
Hosch-Simonius	Alfred		Rennweg 78	Basel	2776	1908	96	telefonbuch_098	PTT-Archiv, P-260-1_Basel_1908	Basel
Hosch & Schöpflin			Claragraben 58	Basel	501	1908	96	telefonbuch_098	PTT-Archiv, P-260-1_Basel_1908	Basel
Hosslin	Dr. R.	Arzt	Güterstrasse 180	Basel	4378	1908	96	telefonbuch_098	PTT-Archiv, P-260-1_Basel_1908	Basel
Hôtel Badischer Hof		(K. Bea)	Bahnhofstrasse 55	Basel	3310	1908	96	telefonbuch_098	PTT-Archiv, P-260-1_Basel_1908	Basel
Hôtel des Balances		(G. Strohl-Schweizer)	Gerbergasse 76	Basel	2181	1908	96	telefonbuch_098	PTT-Archiv, P-260-1_Basel_1908	Basel
Hôtel Bären		(G. Sedlmayr)	Aeschenvorstadt 55	Basel	4551	1908	96	telefonbuch_098	PTT-Archiv, P-260-1_Basel_1908	Basel
Hôtel Basler Hof		(Oskar Türke)	Clarastrasse 38	Basel	3702	1908	96	telefonbuch_098	PTT-Archiv, P-260-1_Basel_1908	Basel
Hôtel Bauer		(F. A. Blecher)	Blumenrain 12	Basel	1302	1908	96	telefonbuch_098	PTT-Archiv, P-260-1_Basel_1908	Basel
Hôtel Bayerischer Hof		(J. Ch. Goetz)	Hammerstrasse 61	Basel	139	1908	96	telefonbuch_098	PTT-Archiv, P-260-1_Basel_1908	Basel
Hôtel Bernerhof & du Parc		(Alf. Geilenkirchen)	Elisabethenstr. 62	Basel	2247	1908	96	telefonbuch_098	PTT-Archiv, P-260-1_Basel_1908	Basel
Hôtel Blaukreuzhaus		(Joh. Hasler, Verwalter)	Petersgraben 23	Basel	1577	1908	96	telefonbuch_098	PTT-Archiv, P-260-1_Basel_1908	Basel
Hôtel Blume und Basler Volkshaus			Schwanengasse 4	Basel	1695	1908	96	telefonbuch_098	PTT-Archiv, P-260-1_Basel_1908	Basel
Hôtel Breisgauerhof		(R. Rais)	Hüningerstrasse 2	Basel	1416	1908	96	telefonbuch_098	PTT-Archiv, P-260-1_Basel_1908	Basel
Hôtel Bristol		(Ulmer & Knecht)	Centralbahnstr. 15	Basel	1002	1908	96	telefonbuch_098	PTT-Archiv, P-260-1_Basel_1908	Basel
Hôtel Central		(G. Wehrle)	Falknerstrasse 3	Basel	1073	1908	96	telefonbuch_098	PTT-Archiv, P-260-1_Basel_1908	Basel
Hôtel Continental		(R. Gehrig)	Küchegässlein 15	Basel	2272	1908	96	telefonbuch_098	PTT-Archiv, P-260-1_Basel_1908	Basel
Hôtel de la gare		(Schmid-Kopp)	Gartenstrasse 117	Basel	3948	1908	96	telefonbuch_098	PTT-Archiv, P-260-1_Basel_1908	Basel
Hôtel Drei Könige		(Gebr. Hofer)	Blumenrain 8	Basel	1328	1908	96	telefonbuch_098	PTT-Archiv, P-260-1_Basel_1908	Basel
Hôtel Euler & Grand Hôtel		(Oscar Michel)	Centralbahnplatz 14	Basel	2241	1908	96	telefonbuch_098	PTT-Archiv, P-260-1_Basel_1908	Basel
Hôtel Falken		(F. Disler)	Theaterstrasse 24	Basel	2549	1908	96	telefonbuch_098	PTT-Archiv, P-260-1_Basel_1908	Basel
Hôtel Freiburgerhof		(J. Ineichen)	Ob. Rebgasse 2	Basel	3252	1908	96	telefonbuch_098	PTT-Archiv, P-260-1_Basel_1908	Basel
Hôtel garni		Ed. Hauser	Pfeffingerstrasse 8	Basel	3899	1908	96	telefonbuch_098	PTT-Archiv, P-260-1_Basel_1908	Basel
Hôtel Goldener Hirsch		(Julius Kummerer)	Bahnhofstrasse 37	Basel	4713	1908	97	telefonbuch_099	PTT-Archiv, P-260-1_Basel_1908	Basel
Hôtel Goldener Stern		(Wwe. Kissel)	Aeschenvorstadt 44	Basel	2293	1908	97	telefonbuch_099	PTT-Archiv, P-260-1_Basel_1908	Basel
Hôtel Goldenes Lamm		(G. Eichin)	Obere Rebgasse 16	Basel	1195	1908	97	telefonbuch_099	PTT-Archiv, P-260-1_Basel_1908	Basel
Hôtel Habsburg		(Ch. Ferralli)	Theaterstrasse 2	Basel	2363	1908	97	telefonbuch_099	PTT-Archiv, P-260-1_Basel_1908	Basel
Hôtel Hofer		(A. Schirrer)	Centralbahnstr. 11	Basel	2278	1908	97	telefonbuch_099	PTT-Archiv, P-260-1_Basel_1908	Basel
Hôtel Jura		(Schirrer & Co.)	Centralbahnplatz 11	Basel	2246	1908	97	telefonbuch_099	PTT-Archiv, P-260-1_Basel_1908	Basel
Hôtel Krafft		(Joh. Steger-Koch)	Obere Rheingasse 12	Basel	1186	1908	97	telefonbuch_099	PTT-Archiv, P-260-1_Basel_1908	Basel
Hôtel Metropol & Monopol		(L. Bazzell)	Barfüsserplatz 3	Basel	2353	1908	97	telefonbuch_099	PTT-Archiv, P-260-1_Basel_1908	Basel
Hôtel Münchner Hof		(Alb. Gatty)	Steinenvorstadt 75	Basel	2420	1908	97	telefonbuch_099	PTT-Archiv, P-260-1_Basel_1908	Basel
Hôtel National		(Paul Otto)	Centralbahnplatz 3	Basel	2231	1908	97	telefonbuch_099	PTT-Archiv, P-260-1_Basel_1908	Basel
Hôtel du Nord		(E. Barbe-Hauser)	Centralbahnstr. 17	Basel	2835	1908	97	telefonbuch_099	PTT-Archiv, P-260-1_Basel_1908	Basel
Hôtel du Pont		(Joh. Meyer)	Ob. Rheingasse 8	Basel	3516	1908	97	telefonbuch_099	PTT-Archiv, P-260-1_Basel_1908	Basel
Hôtel Roter Ochsen		(Camille Drexler)	Ochsengasse 10	Basel	1249	1908	97	telefonbuch_099	PTT-Archiv, P-260-1_Basel_1908	Basel
Hôtel St. Gotthard-Terminus		(O. Vogt-Gehrig)	Centralbahnstr. 13	Basel	3928	1908	97	telefonbuch_099	PTT-Archiv, P-260-1_Basel_1908	Basel
Hôtel Schrieder zum deutschen Hof		(M. Erne)	Bahnhofstrasse 19	Basel	3466	1908	97	telefonbuch_099	PTT-Archiv, P-260-1_Basel_1908	Basel
Hôtel Schwarzer Ochsen		(G. Lüscher)	Schützenmattstr. 2	Basel	2301	1908	97	telefonbuch_099	PTT-Archiv, P-260-1_Basel_1908	Basel
Hôtel Schweizerhof		(E. J. Götzinger)	Centralbahnplatz 1	Basel	2225	1908	97	telefonbuch_099	PTT-Archiv, P-260-1_Basel_1908	Basel
Hôtel Simon		(O. R. Hengelhaupt)	Spalenvorstadt 5	Basel	2717	1908	97	telefonbuch_099	PTT-Archiv, P-260-1_Basel_1908	Basel
Hôtel Simplon		(Herm. Graedel)	Güterstrasse 108	Basel	4589	1908	97	telefonbuch_099	PTT-Archiv, P-260-1_Basel_1908	Basel
Hôtel Sonne		(E. Baumann)	Obere Rheingasse 25	Basel	1221	1908	97	telefonbuch_099	PTT-Archiv, P-260-1_Basel_1908	Basel
Hôtel Stadthof		(J. Rümmele)	Gerbergasse 84	Basel	3410	1908	97	telefonbuch_099	PTT-Archiv, P-260-1_Basel_1908	Basel
Hôtel Storchen		(Aktiengesellschaft)	Stadthausgasse 25	Basel	1563	1908	97	telefonbuch_099	PTT-Archiv, P-260-1_Basel_1908	Basel
Hôtel Storchen		(A.-G.)	Stadthausgasse 25	Basel	2409	1908	97	telefonbuch_099	PTT-Archiv, P-260-1_Basel_1908	Basel
Hôtel Univers		(Grand Hotel), A.-G.	Centralbahnstr. 7	Basel	899	1908	97	telefonbuch_099	PTT-Archiv, P-260-1_Basel_1908	Basel
Hôtel Victoria		(Paul Otto)	Centralbahnplatz 4	Basel	2258	1908	97	telefonbuch_099	PTT-Archiv, P-260-1_Basel_1908	Basel
Hôtel Vogt		(E. Vogt-Aeschbach)	Küchegässlein 22	Basel	2345	1908	97	telefonbuch_099	PTT-Archiv, P-260-1_Basel_1908	Basel
Hôtelier-Verein		schweiz., Centralbureau (O. Amsler-Aubert)	St. Jakobstrasse 11	Basel	2406	1908	97	telefonbuch_099	PTT-Archiv, P-260-1_Basel_1908	Basel
Hotziger	Gottlieb		Greifengasse 16	Basel	4387	1908	97	telefonbuch_099	PTT-Archiv, P-260-1_Basel_1908	Basel
Hottinger-Bélat	Ad.		Hirzbodenweg 47	Basel	3580	1908	97	telefonbuch_099	PTT-Archiv, P-260-1_Basel_1908	Basel
Hottinger	Fr.	Ingenieur	Gundoldingerstr. 209	Basel	4601	1908	97	telefonbuch_099	PTT-Archiv, P-260-1_Basel_1908	Basel
Hotz	Dr. Rud.		Schanzenstrasse 27	Basel	792	1908	97	telefonbuch_099	PTT-Archiv, P-260-1_Basel_1908	Basel
Huber-Burckhardt	Dr. A.	Advokaturbureau	Streitgasse 5	Basel	4319	1908	97	telefonbuch_099	PTT-Archiv, P-260-1_Basel_1908	Basel
Huber-Burckhardt	Dr. A.	Wohnung	Socinstrasse 45	Basel	4478	1908	97	telefonbuch_099	PTT-Archiv, P-260-1_Basel_1908	Basel
Huber	C.	vorm. C. Huber & Co.	Schnabelgasse 8	Basel	4592	1908	97	telefonbuch_099	PTT-Archiv, P-260-1_Basel_1908	Basel
Huber-Freistetter	Fr.	Handelsgärtner	St. Albanringweg 173	Basel	3742	1908	97	telefonbuch_099	PTT-Archiv, P-260-1_Basel_1908	Basel
Huber	Hermann	Schreibmaschinen Underwood	Inn. Margarethenstr. 10	Basel	87	1908	97	telefonbuch_099	PTT-Archiv, P-260-1_Basel_1908	Basel
Huber-Kuhn	A.	Bayr. Bierhalle St. Johann	Feldbergstrasse 2	Basel	4000	1908	97	telefonbuch_099	PTT-Archiv, P-260-1_Basel_1908	Basel
Huber-Petzold	Hans		Angensteinerstr. 30	Basel	3556	1908	97	telefonbuch_099	PTT-Archiv, P-260-1_Basel_1908	Basel
Huber-Schulz	Fr.		Elsässerstrasse 43	Basel	462	1908	97	telefonbuch_099	PTT-Archiv, P-260-1_Basel_1908	Basel
Hübsch	F.	(Bureau)	Totengässlein 6	Basel	1516	1908	97	telefonbuch_099	PTT-Archiv, P-260-1_Basel_1908	Basel
Hübsch	F.		Maiengasse 2	Basel	1547	1908	97	telefonbuch_099	PTT-Archiv, P-260-1_Basel_1908	Basel
Hübscher-Fackler	Dr. C.		Elisabethenstr. 28	Basel	3488	1908	97	telefonbuch_099	PTT-Archiv, P-260-1_Basel_1908	Basel
Hübscher-Schiess	Dr. Carl	Arzt	St. Johannvorst. 88	Basel	1716	1908	97	telefonbuch_099	PTT-Archiv, P-260-1_Basel_1908	Basel
Hübscher-Schiess	Dr. Carl	Sprechstunde u. orthopäd. Institut	Rheinschanze 2	Basel	3168	1908	97	telefonbuch_099	PTT-Archiv, P-260-1_Basel_1908	Basel
Hübscher-Stauber	H.	Agenturen	Schützenmattstr. 32	Basel	3902	1908	97	telefonbuch_099	PTT-Archiv, P-260-1_Basel_1908	Basel
Hug & Cie.		vorm. Gebr. Hug & Cie., Musikalienhandl.	Kaufhausgasse 1	Basel	1924	1908	97	telefonbuch_099	PTT-Archiv, P-260-1_Basel_1908	Basel
Hug-Keller		Wwe., zum Birseckerhof	Binningerstrasse 15	Basel	1044	1908	97	telefonbuch_099	PTT-Archiv, P-260-1_Basel_1908	Basel
Hugelshofer	Dr. Albert		Hammerstrasse 18	Basel	3809	1908	97	telefonbuch_099	PTT-Archiv, P-260-1_Basel_1908	Basel
Hugentobler	Paul	Baumeister	St. Johannvorstadt 2	Basel	1040	1908	97	telefonbuch_099	PTT-Archiv, P-260-1_Basel_1908	Basel
Hugentobler & Huber		Marmorindustrie	Mattweg 30	Basel	428	1908	98	telefonbuch_100	PTT-Archiv, P-260-1_Basel_1908	Basel
Hügin		Pension	Spitalstrasse 38	Basel	1009	1908	98	telefonbuch_100	PTT-Archiv, P-260-1_Basel_1908	Basel
Hugo Gebrüder		Nachf. Diehl Gageur & Co.	St. Albanthal 35	Basel	4297	1908	98	telefonbuch_100	PTT-Archiv, P-260-1_Basel_1908	Basel
Huguenin	E.		Schützenmattstr. 59	Basel	2870	1908	98	telefonbuch_100	PTT-Archiv, P-260-1_Basel_1908	Basel
Hui	J.	Director d. Schweiz. Bundesbahnen (Wohng.)	Feierabendstrasse 10	Basel	1408	1908	98	telefonbuch_100	PTT-Archiv, P-260-1_Basel_1908	Basel
Hülfsspital			Burgfelderstr. 101	Basel	895	1908	98	telefonbuch_100	PTT-Archiv, P-260-1_Basel_1908	Basel
Humitzsch	W.	Agenturen in Manufakturwaren	Mittlerestrasse 141	Basel	1832	1908	98	telefonbuch_100	PTT-Archiv, P-260-1_Basel_1908	Basel
Hummel	Adolf		Marktplatz 22	Basel	4671	1908	98	telefonbuch_100	PTT-Archiv, P-260-1_Basel_1908	Basel
Hummel-Müller	Carl	Schuhmachermeister	Birmannsgasse 20	Basel	442	1908	98	telefonbuch_100	PTT-Archiv, P-260-1_Basel_1908	Basel
Hungerbühler-Züllig	Jakob		Clarastrasse 19	Basel	1017	1908	98	telefonbuch_100	PTT-Archiv, P-260-1_Basel_1908	Basel
Hunziger-Kessler	Joh.		Amerbachstrasse 41	Basel	4434	1908	98	telefonbuch_100	PTT-Archiv, P-260-1_Basel_1908	Basel
Hunziker-Gerber	Gottl.		Rütimeyerstrasse 27	Basel	1806	1908	98	telefonbuch_100	PTT-Archiv, P-260-1_Basel_1908	Basel
Hunziker	Hans	Dr. med.	Wettsteinplatz 11	Basel	4348	1908	98	telefonbuch_100	PTT-Archiv, P-260-1_Basel_1908	Basel
Hunziker-Moser	Jb.	Maurer- u. Gipsermeister	Haltingerstrasse 34	Basel	484	1908	98	telefonbuch_100	PTT-Archiv, P-260-1_Basel_1908	Basel
Hunziker-Siegrist	S.	Vertreter d. Aktienbrauerei Feldschlösschen Rheinfelden	Güterstrasse 245	Basel	3797	1908	98	telefonbuch_100	PTT-Archiv, P-260-1_Basel_1908	Basel
Hürlimann-Huber	Karl		Breisacherstrasse 73	Basel	1724	1908	98	telefonbuch_100	PTT-Archiv, P-260-1_Basel_1908	Basel
Hürlimann	J. J.		Münchensteinerstrasse 120	Basel	4073	1908	98	telefonbuch_100	PTT-Archiv, P-260-1_Basel_1908	Basel
Hutte-Schweizer	O.		Kembserweg 6	Basel	2038	1908	98	telefonbuch_100	PTT-Archiv, P-260-1_Basel_1908	Basel
Hygienische Anstalt			Petersplatz 10	Basel	261	1908	98	telefonbuch_100	PTT-Archiv, P-260-1_Basel_1908	Basel
Hypothekenbank			Elisabethenstr. 30	Basel	2209	1908	98	telefonbuch_100	PTT-Archiv, P-260-1_Basel_1908	Basel
Hypothekenbank		Basellandschaftliche	Elisabethenstr. 42	Basel	2208	1908	98	telefonbuch_100	PTT-Archiv, P-260-1_Basel_1908	Basel
Iberg	G.	Optiker	Freiestrasse 65	Basel	1993	1908	98	telefonbuch_100	PTT-Archiv, P-260-1_Basel_1908	Basel
Ilg	Emma	Wäscherei und Glätterei	Riehentstrasse 163	Basel	4648	1908	98	telefonbuch_100	PTT-Archiv, P-260-1_Basel_1908	Basel
Ilg	Heinrich	Schlossermeister	Allschwilerstr. 15	Basel	3266	1908	98	telefonbuch_100	PTT-Archiv, P-260-1_Basel_1908	Basel
Im Hof - Bronner	Fr. C.		Nauenstrasse 1	Basel	443	1908	98	telefonbuch_100	PTT-Archiv, P-260-1_Basel_1908	Basel
Im Hof - Erb	M.		Leimenstrasse 23	Basel	1922	1908	98	telefonbuch_100	PTT-Archiv, P-260-1_Basel_1908	Basel
Im Hof - Raemy		Frau Wwe.	Birmannsgasse 8	Basel	2655	1908	98	telefonbuch_100	PTT-Archiv, P-260-1_Basel_1908	Basel
Im-Hof & Schaefer			Gerbergasse 44	Basel	2184	1908	98	telefonbuch_100	PTT-Archiv, P-260-1_Basel_1908	Basel
Im-Hof & Schaefer			Mülhauserstrasse 26	Basel	350	1908	98	telefonbuch_100	PTT-Archiv, P-260-1_Basel_1908	Basel
Imhoff-Ernst	Fritz		Birmannsgasse 10	Basel	2648	1908	98	telefonbuch_100	PTT-Archiv, P-260-1_Basel_1908	Basel
Imhoff-Hübscher	J.	Frau	Eulerstrasse 60	Basel	2728	1908	98	telefonbuch_100	PTT-Archiv, P-260-1_Basel_1908	Basel
Imhoff - Im Hof	E.		Weiherweg 12	Basel	2828	1908	98	telefonbuch_100	PTT-Archiv, P-260-1_Basel_1908	Basel
Imhoff-Lüscher	E.	Frau	Bundesstrasse 23	Basel	4154	1908	98	telefonbuch_100	PTT-Archiv, P-260-1_Basel_1908	Basel
Imhoff-Settelen	E.		Bruderholzstrasse 12	Basel	2506	1908	98	telefonbuch_100	PTT-Archiv, P-260-1_Basel_1908	Basel
Imhoff zum roten Turm			Freiestrasse 11	Basel	1574	1908	98	telefonbuch_100	PTT-Archiv, P-260-1_Basel_1908	Basel
Immer-Klein		Versandlager Basel	Elisabethenstr. 41	Basel	929	1908	98	telefonbuch_100	PTT-Archiv, P-260-1_Basel_1908	Basel
Im Obersteg	A.	Dr., Advokat und Consulat der Republik Argentinien	Freiestrasse 82	Basel	2319	1908	98	telefonbuch_100	PTT-Archiv, P-260-1_Basel_1908	Basel
Im Obersteg	C.	„Urbaine“, Versicherungsbureau	Centralbahnplatz 9	Basel	3201	1908	98	telefonbuch_100	PTT-Archiv, P-260-1_Basel_1908	Basel
Im Obersteg-Gygax	Samuel		Solothurnerstr. 73	Basel	4689	1908	98	telefonbuch_100	PTT-Archiv, P-260-1_Basel_1908	Basel
Im Obersteg	Karl	(Wohnung)	Bundesstrasse 19	Basel	1552	1908	98	telefonbuch_100	PTT-Archiv, P-260-1_Basel_1908	Basel
Im Obersteg	J.		Aeschengraben 28	Basel	4075	1908	98	telefonbuch_100	PTT-Archiv, P-260-1_Basel_1908	Basel
Im Obersteg & Co.		Spedition und Commission	Aeschengraben 28	Basel	2158	1908	98	telefonbuch_100	PTT-Archiv, P-260-1_Basel_1908	Basel
Im Obersteg & Co.		Import	Aeschengraben 28	Basel	4282	1908	98	telefonbuch_100	PTT-Archiv, P-260-1_Basel_1908	Basel
Im Obersteg & Co.		Güterbahnhof	St. Jakobstrasse	Basel	4205	1908	98	telefonbuch_100	PTT-Archiv, P-260-1_Basel_1908	Basel
Im Obersteg & Co.			Bad. Güterbahnhof	Basel	4426	1908	98	telefonbuch_100	PTT-Archiv, P-260-1_Basel_1908	Basel
In Albon-Lorentz	Jules	Weinessig- und Senffabrik	Drahtzugstrasse 69	Basel	3514	1908	98	telefonbuch_100	PTT-Archiv, P-260-1_Basel_1908	Basel
Industriegesellschaft für Schappe		Bureau	Isteinerstrasse 50	Basel	3600	1908	99	telefonbuch_101	PTT-Archiv, P-260-1_Basel_1908	Basel
Industriegesellschaft für Schappe		Fabrik	Isteinerstrasse 32	Basel	3601	1908	99	telefonbuch_101	PTT-Archiv, P-260-1_Basel_1908	Basel
Industriegesellschaft für Schappe		Spinnerei Rappoltshof	Rappoltshof 9	Basel	3279	1908	99	telefonbuch_101	PTT-Archiv, P-260-1_Basel_1908	Basel
Ineichen-Plüss	J.	Hotel Freiburgerhof	Ob. Rebgasse 2	Basel	3252	1908	99	telefonbuch_101	PTT-Archiv, P-260-1_Basel_1908	Basel
Ingold	P.	Bandagist	St. Johannvorst. 8	Basel	164	1908	99	telefonbuch_101	PTT-Archiv, P-260-1_Basel_1908	Basel
Inkassobureau C. Huber		vorm. C. Huber & Cie.	Schnabelgasse 8	Basel	4592	1908	99	telefonbuch_101	PTT-Archiv, P-260-1_Basel_1908	Basel
Inspektorat der Kleinkinder-Anstalten			Kanonengasse 7	Basel	3255	1908	99	telefonbuch_101	PTT-Archiv, P-260-1_Basel_1908	Basel
Inspektorat der Knaben-Primarschule		Wohnung von Dr. F. Holzach, Inspektor	Hardstrasse 105	Basel	3646	1908	99	telefonbuch_101	PTT-Archiv, P-260-1_Basel_1908	Basel
Inspektorat der Mädchenprimarschule		Wohnung von A. Tuchschmid, Inspektor	Schaffh. Rheinweg 71	Basel	987	1908	99	telefonbuch_101	PTT-Archiv, P-260-1_Basel_1908	Basel
Institut für physikalische Therapie			Missionsstrasse 17	Basel	3049	1908	99	telefonbuch_101	PTT-Archiv, P-260-1_Basel_1908	Basel
Internationales Arbeitsamt		Direktor Prof. Bauer	Obere Rebgasse 1	Basel	1919	1908	99	telefonbuch_101	PTT-Archiv, P-260-1_Basel_1908	Basel
Internationales Reisebureau			Inn. Margarethenstr. 5	Basel	2539	1908	99	telefonbuch_101	PTT-Archiv, P-260-1_Basel_1908	Basel
Internationale Transport-Gesellschaft			Zürcherstrasse 93	Basel	4615	1908	99	telefonbuch_101	PTT-Archiv, P-260-1_Basel_1908	Basel
Iselin	Emanuel		Rittergasse 17	Basel	485	1908	99	telefonbuch_101	PTT-Archiv, P-260-1_Basel_1908	Basel
Iselin-His	Frau E.		Mittlerestrasse 19	Basel	1417	1908	99	telefonbuch_101	PTT-Archiv, P-260-1_Basel_1908	Basel
Iselin-Kern	Dr. Isaak H.	Rechtsanwalt u. Notar	Aeschenvorstadt 11	Basel	667	1908	99	telefonbuch_101	PTT-Archiv, P-260-1_Basel_1908	Basel
Iselin-Kern	Dr. Isaak H.	Wohnung	St. Albangraben 3	Basel	1723	1908	99	telefonbuch_101	PTT-Archiv, P-260-1_Basel_1908	Basel
Iselin-LaRoche	Frau A. M.		Elisabethenanlage 39	Basel	535	1908	99	telefonbuch_101	PTT-Archiv, P-260-1_Basel_1908	Basel
Iselin-Merian	Alfr.		Steinengraben 69	Basel	3117	1908	99	telefonbuch_101	PTT-Archiv, P-260-1_Basel_1908	Basel
Iselin-Merian	Wwe. M.	Stallung	Nauenstrasse 5	Basel	536	1908	99	telefonbuch_101	PTT-Archiv, P-260-1_Basel_1908	Basel
Iselin-Passavant		Seidenhof	Blumenrain 34	Basel	1332	1908	99	telefonbuch_101	PTT-Archiv, P-260-1_Basel_1908	Basel
Iselin	Rudolf		Aeschengraben 27	Basel	2136	1908	99	telefonbuch_101	PTT-Archiv, P-260-1_Basel_1908	Basel
Iselin-Sarasin	Dr. Isaak		Engelgasse 43	Basel	3699	1908	99	telefonbuch_101	PTT-Archiv, P-260-1_Basel_1908	Basel
Iselin & Co.			Rittergasse 22	Basel	1066	1908	99	telefonbuch_101	PTT-Archiv, P-260-1_Basel_1908	Basel
Iselin-Vischer	Alfred		Gartenstrasse 95	Basel	2956	1908	99	telefonbuch_101	PTT-Archiv, P-260-1_Basel_1908	Basel
Israelitische Gemeinde Basel			Eulerstrasse 6	Basel	288	1908	99	telefonbuch_101	PTT-Archiv, P-260-1_Basel_1908	Basel
Israelitischer Spitalverein			Buchenstrasse 56	Basel	512	1908	99	telefonbuch_101	PTT-Archiv, P-260-1_Basel_1908	Basel
Istler-Schweinlin	Wilh.		Grenzacherhorn 121	Basel	3477	1908	99	telefonbuch_101	PTT-Archiv, P-260-1_Basel_1908	Basel
Itin-Wernli	Emil	Metzger	Solothurnerstr. 17	Basel	3883	1908	99	telefonbuch_101	PTT-Archiv, P-260-1_Basel_1908	Basel
Jacky-Mangold	Charles		Spalenring 149	Basel	1001	1908	99	telefonbuch_101	PTT-Archiv, P-260-1_Basel_1908	Basel
Jacky, Summerer & Cie.			Wallstrasse 8	Basel	2210	1908	99	telefonbuch_101	PTT-Archiv, P-260-1_Basel_1908	Basel
Jacky, Summerer & Cie.			Wallstrasse 8	Basel	2204	1908	99	telefonbuch_101	PTT-Archiv, P-260-1_Basel_1908	Basel
Jacky, Summerer & Cie.		Güterbahnhof S. B. B.	St. Jakobstrasse	Basel	4212	1908	99	telefonbuch_101	PTT-Archiv, P-260-1_Basel_1908	Basel
Jacky, Summerer & Cie.			Bad. Güterbahnhof	Basel	4430	1908	99	telefonbuch_101	PTT-Archiv, P-260-1_Basel_1908	Basel
Jaecklé	A.		Holbeinstrasse 38	Basel	1596	1908	99	telefonbuch_101	PTT-Archiv, P-260-1_Basel_1908	Basel
Jaecklé	Dr. Alphons		Austrasse 94	Basel	3916	1908	99	telefonbuch_101	PTT-Archiv, P-260-1_Basel_1908	Basel
Jäcklin	Gebrüder	Maschinenbau-Werkstätte	Vogesenstrasse 81	Basel	1502	1908	99	telefonbuch_101	PTT-Archiv, P-260-1_Basel_1908	Basel
Jacob-Angele	Aug.	Coiffeur	St. Johannring 145	Basel	194	1908	99	telefonbuch_101	PTT-Archiv, P-260-1_Basel_1908	Basel
Jacob-Wagner	Carl	Coiffeur	Heumattstrasse 3	Basel	392	1908	99	telefonbuch_101	PTT-Archiv, P-260-1_Basel_1908	Basel
Jacobson	Otto		Missionsstrasse 4	Basel	2530	1908	99	telefonbuch_101	PTT-Archiv, P-260-1_Basel_1908	Basel
Jacobsohn	M.	Papeterie, Lithographie	Aeschenvorstadt 52	Basel	2064	1908	99	telefonbuch_101	PTT-Archiv, P-260-1_Basel_1908	Basel
Jäger-Liebrich	Ludw.	Buchbinder	Weissegasse 3	Basel	2004	1908	99	telefonbuch_101	PTT-Archiv, P-260-1_Basel_1908	Basel
Jagerspacher	Dr. C.		Rheinfelderstr. 32	Basel	3528	1908	99	telefonbuch_101	PTT-Archiv, P-260-1_Basel_1908	Basel
Jäggi-Büttiker	B.	Verwalter des Verbandes schweizerischer Konsumvereine, Wohnung	Delsbergerallee 29	Basel	4349	1908	99	telefonbuch_101	PTT-Archiv, P-260-1_Basel_1908	Basel
Jäggi	Emil	Coiffeur	Clarastrasse 49	Basel	3421	1908	99	telefonbuch_101	PTT-Archiv, P-260-1_Basel_1908	Basel
Jaisli-Caflisch	Ch.	Wwe., Kaminfegergeschäft	Unt. Heuberg 3	Basel	4469	1908	100	telefonbuch_102	PTT-Archiv, P-260-1_Basel_1908	Basel
Jakob-Kapp	Ludw.	Bäcker	Bläsiringweg 74	Basel	211	1908	100	telefonbuch_102	PTT-Archiv, P-260-1_Basel_1908	Basel
Jakob	Karl	Bäcker	St. Johannvorst. 63	Basel	1699	1908	100	telefonbuch_102	PTT-Archiv, P-260-1_Basel_1908	Basel
Jalon	M.		Austrasse 81	Basel	89	1908	100	telefonbuch_102	PTT-Archiv, P-260-1_Basel_1908	Basel
Jaquet	Alfred	Prof. Dr.	Mostackerstrasse 13	Basel	175	1908	100	telefonbuch_102	PTT-Archiv, P-260-1_Basel_1908	Basel
Jardini	P. & S.	Bauunternehmer	Thiersteinerallee 34	Basel	757	1908	100	telefonbuch_102	PTT-Archiv, P-260-1_Basel_1908	Basel
Jauch & Henn		Steinmetzbetrieb	Wiesenschanzweg	Basel	542	1908	100	telefonbuch_102	PTT-Archiv, P-260-1_Basel_1908	Basel
Jauslin	A. F.		Palmenstrasse 4	Basel	4719	1908	100	telefonbuch_102	PTT-Archiv, P-260-1_Basel_1908	Basel
Jauslin	Charles Aug.	Confiseur	Austrasse 29	Basel	3022	1908	100	telefonbuch_102	PTT-Archiv, P-260-1_Basel_1908	Basel
Jauslin	Jacques		Tellstrasse 25	Basel	2466	1908	100	telefonbuch_102	PTT-Archiv, P-260-1_Basel_1908	Basel
Jautz-Abele	Engelbert	Wirt	Spalenring 90	Basel	422	1908	100	telefonbuch_102	PTT-Archiv, P-260-1_Basel_1908	Basel
Jecker	Casimir	Antiquar	Aeschengraben 29	Basel	3260	1908	100	telefonbuch_102	PTT-Archiv, P-260-1_Basel_1908	Basel
Jehle	August	Photograph	Klybeckstrasse 1	Basel	3360	1908	100	telefonbuch_102	PTT-Archiv, P-260-1_Basel_1908	Basel
Jeltsch	A.	& Cie., zum Kaffeebaum	Gerbergasse 93	Basel	2130	1908	100	telefonbuch_102	PTT-Archiv, P-260-1_Basel_1908	Basel
Jeltsch	A.	& Cie., zum Kaffeebaum (Dieselben)	Barfüsserplatz 20	Basel	2130	1908	100	telefonbuch_102	PTT-Archiv, P-260-1_Basel_1908	Basel
Jeltsch-Heizmann	A.	Wohnung	Schweizergasse 25	Basel	2959	1908	100	telefonbuch_102	PTT-Archiv, P-260-1_Basel_1908	Basel
Jenny-Flubacher	Hch.		Grellingerstrasse 76	Basel	3966	1908	100	telefonbuch_102	PTT-Archiv, P-260-1_Basel_1908	Basel
Jenny-Hindermann			Steinengraben 23	Basel	2895	1908	100	telefonbuch_102	PTT-Archiv, P-260-1_Basel_1908	Basel
Jenny-Saxer	St.	Frau	Schützenmattstr. 30	Basel	327	1908	100	telefonbuch_102	PTT-Archiv, P-260-1_Basel_1908	Basel
Jezler-Lorenz	Heinrich		Rütimeyerstrasse 47	Basel	343	1908	100	telefonbuch_102	PTT-Archiv, P-260-1_Basel_1908	Basel
Jeuch	Eugen	& Cie.	Hardtstrasse 14	Basel	3589	1908	100	telefonbuch_102	PTT-Archiv, P-260-1_Basel_1908	Basel
St. Johann-Apotheke		v. Dr. A. Haefliger	St. Johannvorst. 56	Basel	260	1908	100	telefonbuch_102	PTT-Archiv, P-260-1_Basel_1908	Basel
St. Johann-Schulhaus			Pestalozzistrasse 10	Basel	1535	1908	100	telefonbuch_102	PTT-Archiv, P-260-1_Basel_1908	Basel
Johanni	Ulrich	Dr., prakt. Arzt	St. Johannvorst. 46	Basel	289	1908	100	telefonbuch_102	PTT-Archiv, P-260-1_Basel_1908	Basel
Johannitergarten		Rest. zum (P. Grimm-Jakob)	Elsässerstrasse 16	Basel	237	1908	100	telefonbuch_102	PTT-Archiv, P-260-1_Basel_1908	Basel
Jonasch-Haldi	Frz.	Confiserie	St. Johannring 120	Basel	3256	1908	100	telefonbuch_102	PTT-Archiv, P-260-1_Basel_1908	Basel
Joos	Albert	Dr. (Bureau 28 66)	Sommergasse 48	Basel	805	1908	100	telefonbuch_102	PTT-Archiv, P-260-1_Basel_1908	Basel
Joos-Fattet	Louis		Austrasse 114	Basel	3263	1908	100	telefonbuch_102	PTT-Archiv, P-260-1_Basel_1908	Basel
Joos	Gebrüder	Eisenhandlung	Spalenvorstadt 24	Basel	2620	1908	100	telefonbuch_102	PTT-Archiv, P-260-1_Basel_1908	Basel
Joos-Hohler	Ch.		Austrasse 68	Basel	2873	1908	100	telefonbuch_102	PTT-Archiv, P-260-1_Basel_1908	Basel
Jörin-Graf	Friedr.	Fuhrhalter	Gasstrasse 14	Basel	1636	1908	100	telefonbuch_102	PTT-Archiv, P-260-1_Basel_1908	Basel
Jörin-Suter	J.		Bundesplatz 10	Basel	3097	1908	100	telefonbuch_102	PTT-Archiv, P-260-1_Basel_1908	Basel
Josephskirche		Pfarr-Rektorat	Amerbachstrasse 11	Basel	731	1908	100	telefonbuch_102	PTT-Archiv, P-260-1_Basel_1908	Basel
Jost-Fritz	A.	Gallerten- und Pastetengeschäft	Hutgasse 11	Basel	1325	1908	100	telefonbuch_102	PTT-Archiv, P-260-1_Basel_1908	Basel
Jost-Meister	Alfr.	Metzgermeister	Bläsiringweg 142	Basel	3403	1908	100	telefonbuch_102	PTT-Archiv, P-260-1_Basel_1908	Basel
Jouve	G.	Schirmfabrikant	Stadthausgasse 3	Basel	1638	1908	100	telefonbuch_102	PTT-Archiv, P-260-1_Basel_1908	Basel
Jucker-Madörin	Fr.	Tapezieer	Byfangweg 34	Basel	1932	1908	100	telefonbuch_102	PTT-Archiv, P-260-1_Basel_1908	Basel
Jucker-Meier	G.	Schneidermeister	Solothurnerstr. 52	Basel	1510	1908	100	telefonbuch_102	PTT-Archiv, P-260-1_Basel_1908	Basel
Jucker-Reutter	H.		Sperrstrasse 61	Basel	40	1908	100	telefonbuch_102	PTT-Archiv, P-260-1_Basel_1908	Basel
Jucker-Schaefer	B.		Missionsstrasse 62	Basel	2613	1908	100	telefonbuch_102	PTT-Archiv, P-260-1_Basel_1908	Basel
Juillerat-Bohny	P.	Wirt	Leuengasse 2	Basel	1718	1908	100	telefonbuch_102	PTT-Archiv, P-260-1_Basel_1908	Basel
Juillerat-Vion	P.		Kaufhausgasse 3	Basel	1894	1908	100	telefonbuch_102	PTT-Archiv, P-260-1_Basel_1908	Basel
Jundt	E.	Amtmann	Münsterplatz 14	Basel	3639	1908	100	telefonbuch_102	PTT-Archiv, P-260-1_Basel_1908	Basel
Jung	Jules		Clarastrasse 10	Basel	976	1908	100	telefonbuch_102	PTT-Archiv, P-260-1_Basel_1908	Basel
Jung	Rudolf		Austrasse 57	Basel	4664	1908	100	telefonbuch_102	PTT-Archiv, P-260-1_Basel_1908	Basel
Jünglingsvereinsbureau			Byfangweg 19	Basel	733	1908	100	telefonbuch_102	PTT-Archiv, P-260-1_Basel_1908	Basel
Junker	Carl	Bäckermeister	Aeschenvorstadt 22	Basel	1734	1908	100	telefonbuch_102	PTT-Archiv, P-260-1_Basel_1908	Basel
Justizdepartement		Mentelinhof	Elsässerstrasse 14	Basel	1063	1908	100	telefonbuch_102	PTT-Archiv, P-260-1_Basel_1908	Basel
Anatomisches Institut (Vesalianum)			Vesalgasse 1	Basel	2604	1908	101	telefonbuch_103	PTT-Archiv, P-260-1_Basel_1908	Basel
Appellationsgericht			Bäumleingasse 1	Basel	4359	1908	101	telefonbuch_103	PTT-Archiv, P-260-1_Basel_1908	Basel
Arbeitsnachweisbureau			Totengässlein 1/3	Basel	1495	1908	101	telefonbuch_103	PTT-Archiv, P-260-1_Basel_1908	Basel
Armenamt, Bürgerliches			Stadthausgasse 13	Basel	4712	1908	101	telefonbuch_103	PTT-Archiv, P-260-1_Basel_1908	Basel
Bestattungswesen			Domhof	Basel	2165	1908	101	telefonbuch_103	PTT-Archiv, P-260-1_Basel_1908	Basel
Bibliothek, Oeffentliche			Schönbeinstrasse 20	Basel	2636	1908	101	telefonbuch_103	PTT-Archiv, P-260-1_Basel_1908	Basel
Botanisches Institut			Schönbeinstrasse 6	Basel	3151	1908	101	telefonbuch_103	PTT-Archiv, P-260-1_Basel_1908	Basel
Brandversicherungsanstalt			Rathaus	Basel	2318	1908	101	telefonbuch_103	PTT-Archiv, P-260-1_Basel_1908	Basel
Brausebad			Spalenring 133	Basel	201	1908	101	telefonbuch_103	PTT-Archiv, P-260-1_Basel_1908	Basel
Brausebad			St. Johannplatz	Basel	521	1908	101	telefonbuch_103	PTT-Archiv, P-260-1_Basel_1908	Basel
Brausebad			Claragraben 96	Basel	560	1908	101	telefonbuch_103	PTT-Archiv, P-260-1_Basel_1908	Basel
Chemische Anstalt der Universität			Bernoullianum	Basel	178	1908	101	telefonbuch_103	PTT-Archiv, P-260-1_Basel_1908	Basel
Chemisches Laboratorium der Universität, II. Abt.			Unt. Rheingasse 19	Basel	1254	1908	101	telefonbuch_103	PTT-Archiv, P-260-1_Basel_1908	Basel
Civilgerichtsschreiberei			Bäumleingasse 1	Basel	1847	1908	101	telefonbuch_103	PTT-Archiv, P-260-1_Basel_1908	Basel
Civilstandsbureau			Domhof	Basel	1799	1908	101	telefonbuch_103	PTT-Archiv, P-260-1_Basel_1908	Basel
Departement des Innern			Rathaus	Basel	1387	1908	101	telefonbuch_103	PTT-Archiv, P-260-1_Basel_1908	Basel
Erziehungsdepartement		Mentelinhof	Münsterplatz 14	Basel	1063	1908	101	telefonbuch_103	PTT-Archiv, P-260-1_Basel_1908	Basel
Erziehungsdepartement		Kleiderverteilung	Klein Klingenthal 19	Basel	391	1908	101	telefonbuch_103	PTT-Archiv, P-260-1_Basel_1908	Basel
Finanzdepartement			Rathaus	Basel	2390	1908	101	telefonbuch_103	PTT-Archiv, P-260-1_Basel_1908	Basel
Frauenspital			Klingelbergstr. 50	Basel	1538	1908	101	telefonbuch_103	PTT-Archiv, P-260-1_Basel_1908	Basel
Friedmatt, Heil- und Pflegeanstalt			Milchsuppen	Basel	1477	1908	101	telefonbuch_103	PTT-Archiv, P-260-1_Basel_1908	Basel
Ganthaus		geöffnet vormittags zwischen 8 u. 9 Uhr	Steinenthorstrasse 7	Basel	2198	1908	101	telefonbuch_103	PTT-Archiv, P-260-1_Basel_1908	Basel
Gewerbe-Inspektorat			Rathaus	Basel	137	1908	101	telefonbuch_103	PTT-Archiv, P-260-1_Basel_1908	Basel
Gewerbemuseum			Spalenvorstadt 2	Basel	2611	1908	101	telefonbuch_103	PTT-Archiv, P-260-1_Basel_1908	Basel
Grossratssaal			Rathaus	Basel	1680	1908	101	telefonbuch_103	PTT-Archiv, P-260-1_Basel_1908	Basel
Grossratssaal		Journalistentribüne	Rathaus	Basel	1035	1908	101	telefonbuch_103	PTT-Archiv, P-260-1_Basel_1908	Basel
Grundbuchgeometerbureau			Münsterplatz 11	Basel	1812	1908	101	telefonbuch_103	PTT-Archiv, P-260-1_Basel_1908	Basel
Grundbuchverwaltung			Münsterplatz 11	Basel	1766	1908	101	telefonbuch_103	PTT-Archiv, P-260-1_Basel_1908	Basel
Handelsregister			Münsterplatz 11	Basel	1766	1908	101	telefonbuch_103	PTT-Archiv, P-260-1_Basel_1908	Basel
Historisches Museum (Verwaltung)			Steinenberg 4	Basel	2346	1908	101	telefonbuch_103	PTT-Archiv, P-260-1_Basel_1908	Basel
Hülfsspital			Burgfelderstr. 101	Basel	895	1908	101	telefonbuch_103	PTT-Archiv, P-260-1_Basel_1908	Basel
Hygienische Anstalt			Petersplatz 10	Basel	261	1908	101	telefonbuch_103	PTT-Archiv, P-260-1_Basel_1908	Basel
Inspektorat der Knabenprimarschule	F.	Wohnung von Dr. Holzach, Inspektor	Hardstrasse 105	Basel	3646	1908	101	telefonbuch_103	PTT-Archiv, P-260-1_Basel_1908	Basel
Inspektorat der Mädchenprimarschule	A.	Wohnung von Tuchschmid, Inspektor	Schaffh. Rheinweg 71	Basel	987	1908	101	telefonbuch_103	PTT-Archiv, P-260-1_Basel_1908	Basel
Justizdepartement		Mentelinhof	Münsterplatz 14	Basel	1063	1908	101	telefonbuch_103	PTT-Archiv, P-260-1_Basel_1908	Basel
Kanalisationsbureau			Münsterplatz 10	Basel	1826	1908	101	telefonbuch_103	PTT-Archiv, P-260-1_Basel_1908	Basel
Kantonalbank, Basler			Blumenrain 2	Basel	1336	1908	101	telefonbuch_103	PTT-Archiv, P-260-1_Basel_1908	Basel
Kantonalbank, Basler		Spezialdienst	Blumenrain 2	Basel	177	1908	101	telefonbuch_103	PTT-Archiv, P-260-1_Basel_1908	Basel
Kantons-Chemiker	H.	Prof. Dr. Kreis	Petersplatz 10	Basel	1422	1908	101	telefonbuch_103	PTT-Archiv, P-260-1_Basel_1908	Basel
Kantons-Tierarzt			Münsterplatz 11	Basel	1660	1908	101	telefonbuch_103	PTT-Archiv, P-260-1_Basel_1908	Basel
Kaserne		Bureau des Schulkommandos	Klingenthal	Basel	1264	1908	101	telefonbuch_103	PTT-Archiv, P-260-1_Basel_1908	Basel
Kasernenverwaltung	F.	Zweig	Klingenthal	Basel	1272	1908	102	telefonbuch_104	PTT-Archiv, P-260-1_Basel_1908	Basel
Kleinkinder-Anstalten		Inspektorat	Kanonengasse 7	Basel	3255	1908	102	telefonbuch_104	PTT-Archiv, P-260-1_Basel_1908	Basel
Konkursamt			Bäumleingasse 3	Basel	1747	1908	102	telefonbuch_104	PTT-Archiv, P-260-1_Basel_1908	Basel
Kontrollbureau			Lohnhof	Basel	2367	1908	102	telefonbuch_104	PTT-Archiv, P-260-1_Basel_1908	Basel
Kreiskommando			Petersgraben 46	Basel	1426	1908	102	telefonbuch_104	PTT-Archiv, P-260-1_Basel_1908	Basel
Mineralogisch-geologische Anstalt der Universität			Münsterplatz 7	Basel	1054	1908	102	telefonbuch_104	PTT-Archiv, P-260-1_Basel_1908	Basel
Museum			Augustinergasse 2	Basel	1155	1908	102	telefonbuch_104	PTT-Archiv, P-260-1_Basel_1908	Basel
Museum		Kunstsammlung	Augustinergasse 2	Basel	433	1908	102	telefonbuch_104	PTT-Archiv, P-260-1_Basel_1908	Basel
Pathologisch-anatomische Anstalt			Hebelstrasse 2	Basel	122	1908	102	telefonbuch_104	PTT-Archiv, P-260-1_Basel_1908	Basel
Physikalische Anstalt			Bernoullianum	Basel	1451	1908	102	telefonbuch_104	PTT-Archiv, P-260-1_Basel_1908	Basel
Poliklinik		Allgemeine	Hebelstrasse 1	Basel	1421	1908	102	telefonbuch_104	PTT-Archiv, P-260-1_Basel_1908	Basel
Poliklinik		geburtsh.-gynaecolog.	Johanniterstrasse 81	Basel	1538	1908	102	telefonbuch_104	PTT-Archiv, P-260-1_Basel_1908	Basel
Polizeidepartement		Polizeikommando, Hauptwache u. Journalbur.	Lohnhof	Basel	51	1908	102	telefonbuch_104	PTT-Archiv, P-260-1_Basel_1908	Basel
Polizeidepartement		Administrativ- und Strafsachenabteilung	Lohnhof	Basel	403	1908	102	telefonbuch_104	PTT-Archiv, P-260-1_Basel_1908	Basel
Polizeigericht			Bäumleingasse 1	Basel	1765	1908	102	telefonbuch_104	PTT-Archiv, P-260-1_Basel_1908	Basel
Primarschulinspektoren		Bureau	Münsterplatz 19	Basel	124	1908	102	telefonbuch_104	PTT-Archiv, P-260-1_Basel_1908	Basel
Müller	Herm.	Rektorat der Mädchensekundarschule, Rektor	Neubadstrasse 17	Basel	371	1908	102	telefonbuch_104	PTT-Archiv, P-260-1_Basel_1908	Basel
Rettungsanstalt		kantonale	Klosterfichten	Basel	4038	1908	102	telefonbuch_104	PTT-Archiv, P-260-1_Basel_1908	Basel
Salzfaktorat Basel-Stadt			Dreispitz	Basel	4257	1908	102	telefonbuch_104	PTT-Archiv, P-260-1_Basel_1908	Basel
Sanitätsdepartement			Münsterplatz 20	Basel	1757	1908	102	telefonbuch_104	PTT-Archiv, P-260-1_Basel_1908	Basel
Sanitätskommissär II			Klein Klingenthal 19	Basel	1281	1908	102	telefonbuch_104	PTT-Archiv, P-260-1_Basel_1908	Basel
Schiessplatz		neuer (Abwartwohnung)	Allschwilerweiher	Basel	3128	1908	102	telefonbuch_104	PTT-Archiv, P-260-1_Basel_1908	Basel
Schlachthaus		Bureau der Viehrampe	Elsässerstrasse 4	Basel	323	1908	102	telefonbuch_104	PTT-Archiv, P-260-1_Basel_1908	Basel
Schlachthausverwaltung			Elsässerstrasse 4	Basel	1735	1908	102	telefonbuch_104	PTT-Archiv, P-260-1_Basel_1908	Basel
Staatsanwaltschaft			Lohnhof	Basel	3119	1908	102	telefonbuch_104	PTT-Archiv, P-260-1_Basel_1908	Basel
Staatsarchiv			Martinsgasse 2	Basel	1331	1908	102	telefonbuch_104	PTT-Archiv, P-260-1_Basel_1908	Basel
Staatskasse Basel-Stadt			Rathaus	Basel	2390	1908	102	telefonbuch_104	PTT-Archiv, P-260-1_Basel_1908	Basel
Staatskanzlei			Rathaus	Basel	1387	1908	102	telefonbuch_104	PTT-Archiv, P-260-1_Basel_1908	Basel
Statistisches Amt Basel-Stadt			Rathaus	Basel	1288	1908	102	telefonbuch_104	PTT-Archiv, P-260-1_Basel_1908	Basel
Stempelamt			Rathaus	Basel	2318	1908	102	telefonbuch_104	PTT-Archiv, P-260-1_Basel_1908	Basel
Steuerverwaltung I		(Einkommens-, Vermögens- und Erbschaftssteuer)	Rathaus	Basel	2404	1908	102	telefonbuch_104	PTT-Archiv, P-260-1_Basel_1908	Basel
Steuerverwaltung II		(Städtische Gemeindesteuer, Feuerwehr-, Beleuchtungs- u. Reinigungssteuer)	Rathaus	Basel	1649	1908	102	telefonbuch_104	PTT-Archiv, P-260-1_Basel_1908	Basel
Strafgericht			Bäumleingasse 1	Basel	1754	1908	102	telefonbuch_104	PTT-Archiv, P-260-1_Basel_1908	Basel
Strafanstalt		Direktion	Strafanstalt	Basel	1665	1908	102	telefonbuch_104	PTT-Archiv, P-260-1_Basel_1908	Basel
Strasseninspektorat		Bureau	Münsterplatz 11	Basel	3218	1908	102	telefonbuch_104	PTT-Archiv, P-260-1_Basel_1908	Basel
Strasseninspektorat		Wohnung des Inspektors	Oberwilerstrasse 26	Basel	271	1908	102	telefonbuch_104	PTT-Archiv, P-260-1_Basel_1908	Basel
Unfallbureau			Rathaus	Basel	137	1908	102	telefonbuch_104	PTT-Archiv, P-260-1_Basel_1908	Basel
Universität			Rheinsprung 7	Basel	1169	1908	102	telefonbuch_104	PTT-Archiv, P-260-1_Basel_1908	Basel
Verwaltung der öffentlichen Materiallagerplätze			Dreispitz	Basel	4257	1908	102	telefonbuch_104	PTT-Archiv, P-260-1_Basel_1908	Basel
Waisenamt		(Mentelinhof)	Münsterplatz 14	Basel	1070	1908	102	telefonbuch_104	PTT-Archiv, P-260-1_Basel_1908	Basel
Waisenhaus		(Waisenvater)	Theodorskirchplatz 7	Basel	1153	1908	102	telefonbuch_104	PTT-Archiv, P-260-1_Basel_1908	Basel
Waisenhaus		(Verwalterbureau)	Theodorskirchplatz 7	Basel	1132	1908	102	telefonbuch_104	PTT-Archiv, P-260-1_Basel_1908	Basel
Wasenmeisterei			Fabrikstrasse 50	Basel	335	1908	102	telefonbuch_104	PTT-Archiv, P-260-1_Basel_1908	Basel
Zeughausverwaltung			Petersgraben 44	Basel	1781	1908	102	telefonbuch_104	PTT-Archiv, P-260-1_Basel_1908	Basel
Käch-Scherrer	Fr.	Dr.	Thiersteinerallee 31	Basel	3897	1908	103	telefonbuch_105	PTT-Archiv, P-260-1_Basel_1908	Basel
Kachler	Gotthilf	Metzgermeister	Amerbachstrasse 22	Basel	3288	1908	103	telefonbuch_105	PTT-Archiv, P-260-1_Basel_1908	Basel
Kaffeewirtschaft zu St. Margarethen			Gundoldingerstr. 1	Basel	4053	1908	103	telefonbuch_105	PTT-Archiv, P-260-1_Basel_1908	Basel
Kägi	J. J.	& Sohn, Kupferschmiede	Breisacherstrasse 66	Basel	791	1908	103	telefonbuch_105	PTT-Archiv, P-260-1_Basel_1908	Basel
Kahn	Albert	Weinhandlung	Nonnenweg 4	Basel	4448	1908	103	telefonbuch_105	PTT-Archiv, P-260-1_Basel_1908	Basel
Kahn	Berthold	Alleinverkauf der A.-G. der Ver. Oesterr. u. Ung. Bugholzmöbelfabriken	Leonhardsgraben 10	Basel	3397	1908	103	telefonbuch_105	PTT-Archiv, P-260-1_Basel_1908	Basel
Kahn	Berthold	Alleinverkauf der A.-G. der Ver. Oesterr. u. Ung. Bugholzmöbelfabriken	Burgunderstrasse 13	Basel	4168	1908	103	telefonbuch_105	PTT-Archiv, P-260-1_Basel_1908	Basel
Kahn-Burger	Daniel	Wohnung	Austrasse 87	Basel	4459	1908	103	telefonbuch_105	PTT-Archiv, P-260-1_Basel_1908	Basel
Kahn	D.	Weinhandlung, Bureau	Hint. Spitalstr. 2	Basel	2696	1908	103	telefonbuch_105	PTT-Archiv, P-260-1_Basel_1908	Basel
Kahn		Restaurant	Schützengraben 16	Basel	2718	1908	103	telefonbuch_105	PTT-Archiv, P-260-1_Basel_1908	Basel
Kahn	S.	Weinhandlung	Austrasse 83	Basel	944	1908	103	telefonbuch_105	PTT-Archiv, P-260-1_Basel_1908	Basel
Kaiser	J. Louis	Costumier	Utengasse 21	Basel	1258	1908	103	telefonbuch_105	PTT-Archiv, P-260-1_Basel_1908	Basel
Kaiser's Kaffeegeschäft			Güterstrasse 309	Basel	3704	1908	103	telefonbuch_105	PTT-Archiv, P-260-1_Basel_1908	Basel
Kaiser & Cie.		vorm. Louis Kaiser	Elisabethenstr. 58	Basel	2237	1908	103	telefonbuch_105	PTT-Archiv, P-260-1_Basel_1908	Basel
Kaelin	A.	schweiz. Oel-Importhaus	Freiburgerstrasse 13	Basel	4035	1908	103	telefonbuch_105	PTT-Archiv, P-260-1_Basel_1908	Basel
Kaelin-Sagnol	Jos.		Thiersteinerallee 38	Basel	616	1908	103	telefonbuch_105	PTT-Archiv, P-260-1_Basel_1908	Basel
Kaller	Jos.	Erster Schweiz. Hutbazar	Gerbergasse 51	Basel	1861	1908	103	telefonbuch_105	PTT-Archiv, P-260-1_Basel_1908	Basel
Kaltenbach-Lang	E.	Wwe.	Bahnhofstrasse 1	Basel	3372	1908	103	telefonbuch_105	PTT-Archiv, P-260-1_Basel_1908	Basel
Kämpf	Emil	Konditor	Spalenberg 35	Basel	2642	1908	103	telefonbuch_105	PTT-Archiv, P-260-1_Basel_1908	Basel
Kanalisationsbureau			Münsterplatz 10	Basel	1826	1908	103	telefonbuch_105	PTT-Archiv, P-260-1_Basel_1908	Basel
Kanderner Thonwarenfabrik	E. Kammüller		Drahtzugstrasse 14	Basel	746	1908	103	telefonbuch_105	PTT-Archiv, P-260-1_Basel_1908	Basel
Kantonalbank, Basler			Blumenrain 2	Basel	1336	1908	103	telefonbuch_105	PTT-Archiv, P-260-1_Basel_1908	Basel
Kantonalbank, Basler		Spezialdienst	Blumenrain 2	Basel	177	1908	103	telefonbuch_105	PTT-Archiv, P-260-1_Basel_1908	Basel
Kantons-Chemiker		(Prof. Dr. H. Kreis)	Petersplatz 10	Basel	1422	1908	103	telefonbuch_105	PTT-Archiv, P-260-1_Basel_1908	Basel
Kantonstierarzt			Münsterplatz 11	Basel	1660	1908	103	telefonbuch_105	PTT-Archiv, P-260-1_Basel_1908	Basel
Kapfer	Xaver		St. Johannring 6	Basel	1081	1908	103	telefonbuch_105	PTT-Archiv, P-260-1_Basel_1908	Basel
Kapp	Emil		Schützenmattstr. 9	Basel	2570	1908	103	telefonbuch_105	PTT-Archiv, P-260-1_Basel_1908	Basel
Karch-Baumann	Joh.		Münchensteinerstr. 36	Basel	4066	1908	103	telefonbuch_105	PTT-Archiv, P-260-1_Basel_1908	Basel
Karcher	Hans	Dr. med.	Eulerstrasse 33	Basel	2044	1908	103	telefonbuch_105	PTT-Archiv, P-260-1_Basel_1908	Basel
Karcher	Jacques		Kanonengasse 21	Basel	2755	1908	103	telefonbuch_105	PTT-Archiv, P-260-1_Basel_1908	Basel
Karl-Nussbaumer	Fritz		Leonhardsgraben 20	Basel	2761	1908	103	telefonbuch_105	PTT-Archiv, P-260-1_Basel_1908	Basel
Karli	W.		Ochsengasse 3	Basel	1255	1908	103	telefonbuch_105	PTT-Archiv, P-260-1_Basel_1908	Basel
Karli	W.	Filiale	Schneidergasse 26	Basel	1107	1908	103	telefonbuch_105	PTT-Archiv, P-260-1_Basel_1908	Basel
Karli	W.	Filiale	Bachlettenstr. 47	Basel	2221	1908	103	telefonbuch_105	PTT-Archiv, P-260-1_Basel_1908	Basel
Kartonnagenfabrik J. Kestenholz Söhne			Elisabethenstr. 41	Basel	2383	1908	103	telefonbuch_105	PTT-Archiv, P-260-1_Basel_1908	Basel
Kaserne		Bureau des Schulkommandos (nur während der Militärkurse)	Klingenthal	Basel	1264	1908	103	telefonbuch_105	PTT-Archiv, P-260-1_Basel_1908	Basel
Kasernenverwaltung		(F. Zweig)	Klingenthal	Basel	1272	1908	103	telefonbuch_105	PTT-Archiv, P-260-1_Basel_1908	Basel
Katholische Landeskirche		(Pfr. Weckerle)	Friedensgasse 40	Basel	2517	1908	103	telefonbuch_105	PTT-Archiv, P-260-1_Basel_1908	Basel
Katholische Landeskirche		Pfr. Küry	Klingenthal 13	Basel	1721	1908	103	telefonbuch_105	PTT-Archiv, P-260-1_Basel_1908	Basel
Katz	E.	Dr., Holbein-Apotheke	Oberwilerstrasse 7	Basel	3011	1908	103	telefonbuch_105	PTT-Archiv, P-260-1_Basel_1908	Basel
Katz-Haas	Justine	Wwe.	Eulerstrasse 20	Basel	4370	1908	103	telefonbuch_105	PTT-Archiv, P-260-1_Basel_1908	Basel
Katz-Weil	J.		Birsigstrasse 112	Basel	4374	1908	103	telefonbuch_105	PTT-Archiv, P-260-1_Basel_1908	Basel
Kauffmann-Gerber	F.		Klybeckstrasse 69	Basel	3291	1908	103	telefonbuch_105	PTT-Archiv, P-260-1_Basel_1908	Basel
Kaufmann	Adolph		Mostackerstrasse 11	Basel	4123	1908	103	telefonbuch_105	PTT-Archiv, P-260-1_Basel_1908	Basel
Kaufmann-Burckhardt	J.	Wwe.	Zürcherstrasse 65	Basel	762	1908	103	telefonbuch_105	PTT-Archiv, P-260-1_Basel_1908	Basel
Kaufmann	Jakob	Wirt	Amerbachstrasse 14	Basel	302	1908	103	telefonbuch_105	PTT-Archiv, P-260-1_Basel_1908	Basel
Kaufmann-Lieberg	D.		Weiherweg 32	Basel	988	1908	103	telefonbuch_105	PTT-Archiv, P-260-1_Basel_1908	Basel
Kaufmann	R.	feine Lederwaren	Freiestrasse 97	Basel	1903	1908	104	telefonbuch_106	PTT-Archiv, P-260-1_Basel_1908	Basel
Kaufmann-Streckeisen	Alfred		Engelgasse 115	Basel	3578	1908	104	telefonbuch_106	PTT-Archiv, P-260-1_Basel_1908	Basel
Kaufmann-Sturm	J.	Wirt	Isteinerstrasse 70	Basel	3503	1908	104	telefonbuch_106	PTT-Archiv, P-260-1_Basel_1908	Basel
Kaufmann & Dorner			Reinacherstrasse 10	Basel	4026	1908	104	telefonbuch_106	PTT-Archiv, P-260-1_Basel_1908	Basel
Kaufmännischer Verein Basel		Sekretariat, Stellenvermittlung	Kornhausgasse 2	Basel	4417	1908	104	telefonbuch_106	PTT-Archiv, P-260-1_Basel_1908	Basel
Kaufmännischer Verein Basel		Handelsschule: Rektorat	Kornhausgasse 2	Basel	4417	1908	104	telefonbuch_106	PTT-Archiv, P-260-1_Basel_1908	Basel
Käumlen	M.	Handelsgärtner	Landskronstrasse 80	Basel	1444	1908	104	telefonbuch_106	PTT-Archiv, P-260-1_Basel_1908	Basel
Kaus-Brodbeck	A.	Wwe.	Aeschenvorstadt 57	Basel	1945	1908	104	telefonbuch_106	PTT-Archiv, P-260-1_Basel_1908	Basel
Keckeis	Th.	Wwe.	Bundesstrasse 11	Basel	3314	1908	104	telefonbuch_106	PTT-Archiv, P-260-1_Basel_1908	Basel
Kehlstadt-Bauler	Louis	Tapezierer	Gerbergasse 38	Basel	3026	1908	104	telefonbuch_106	PTT-Archiv, P-260-1_Basel_1908	Basel
Kehlstadt-David	W.	Metzgermeister	Aeschenvorstadt 46	Basel	2070	1908	104	telefonbuch_106	PTT-Archiv, P-260-1_Basel_1908	Basel
Kehlstadt-Hindermann	Adolf		Missionsstrasse 48	Basel	869	1908	104	telefonbuch_106	PTT-Archiv, P-260-1_Basel_1908	Basel
Kehlstadt-Schilling	L.	Wohnung	Schützenmattstr. 77	Basel	961	1908	104	telefonbuch_106	PTT-Archiv, P-260-1_Basel_1908	Basel
Keller	Albert	Tierarzt	Margarethenstr. 79	Basel	2145	1908	104	telefonbuch_106	PTT-Archiv, P-260-1_Basel_1908	Basel
Keller	Fr.	Basler Stempelfabrik	Bäumleingasse 12	Basel	209	1908	104	telefonbuch_106	PTT-Archiv, P-260-1_Basel_1908	Basel
Keller		Gebrüder, allgemeine Droschkenanstalt	Margarethenstr. 79	Basel	2145	1908	104	telefonbuch_106	PTT-Archiv, P-260-1_Basel_1908	Basel
Keller		Gebrüder, allgemeine Droschkenanstalt	Drahtzugstrasse 16	Basel	3470	1908	104	telefonbuch_106	PTT-Archiv, P-260-1_Basel_1908	Basel
Keller		Gebrüder, allgemeine Droschkenanstalt	Margarethenstr. 79	Basel	4001	1908	104	telefonbuch_106	PTT-Archiv, P-260-1_Basel_1908	Basel
Keller		Gebrüder, allgemeine Droschkenanstalt	Drahtzugstrasse 16	Basel	3356	1908	104	telefonbuch_106	PTT-Archiv, P-260-1_Basel_1908	Basel
Keller-Hartmann	J. H.	Gold- u. Silberhandlung	Eisengasse 32	Basel	1782	1908	104	telefonbuch_106	PTT-Archiv, P-260-1_Basel_1908	Basel
Keller-Jutzler	K.	Schuhgeschäft	St. Johannring 95	Basel	835	1908	104	telefonbuch_106	PTT-Archiv, P-260-1_Basel_1908	Basel
Keller-Kilchenmann	Ernst	Zahnarzt	Socinstrasse 6	Basel	2622	1908	104	telefonbuch_106	PTT-Archiv, P-260-1_Basel_1908	Basel
Keller-Linder	Adam	Wirt	Bahnhofstrasse 151	Basel	662	1908	104	telefonbuch_106	PTT-Archiv, P-260-1_Basel_1908	Basel
Keller-Schacher	Wilh.	Fuhrhalter	Lothringerstrasse 30	Basel	1648	1908	104	telefonbuch_106	PTT-Archiv, P-260-1_Basel_1908	Basel
Keller-Schmid	J.	Wwe.	Steinenvorstadt 10	Basel	1359	1908	104	telefonbuch_106	PTT-Archiv, P-260-1_Basel_1908	Basel
Kellerhals, Bellasio & Cie.			Unt. Rebgasse 11/13	Basel	1160	1908	104	telefonbuch_106	PTT-Archiv, P-260-1_Basel_1908	Basel
Kellerhals-Braun	Th.		Peterskirchplatz 12	Basel	513	1908	104	telefonbuch_106	PTT-Archiv, P-260-1_Basel_1908	Basel
Kellerhals-Uhlmann	J. C.		Feierabendstr. 65	Basel	2609	1908	104	telefonbuch_106	PTT-Archiv, P-260-1_Basel_1908	Basel
Kelterborn	G. & J.	Architekten	Blumenrain 22	Basel	1334	1908	104	telefonbuch_106	PTT-Archiv, P-260-1_Basel_1908	Basel
Kelterborn-Krayer	C.		Spalenring 156	Basel	268	1908	104	telefonbuch_106	PTT-Archiv, P-260-1_Basel_1908	Basel
Kern	A.	Dr.	Burgunderstrasse 42	Basel	2843	1908	104	telefonbuch_106	PTT-Archiv, P-260-1_Basel_1908	Basel
Kern-Alioth			St. Albananlage 38	Basel	1900	1908	104	telefonbuch_106	PTT-Archiv, P-260-1_Basel_1908	Basel
Kern	Aug.	Sohn von Kern-Schalch, Bauschlosserei und Eisenmöbelfabrik	Elsässerstrasse 130	Basel	881	1908	104	telefonbuch_106	PTT-Archiv, P-260-1_Basel_1908	Basel
Kern-His	Ed.	Dr., (Wohnung)	Petersplatz 12	Basel	1536	1908	104	telefonbuch_106	PTT-Archiv, P-260-1_Basel_1908	Basel
Kern	J. Rud.	Cigarrenhandlung	Greifengasse 19	Basel	1251	1908	104	telefonbuch_106	PTT-Archiv, P-260-1_Basel_1908	Basel
Kern	J. Rud.	Cigarrenhandlung	Freiestrasse 38	Basel	1810	1908	104	telefonbuch_106	PTT-Archiv, P-260-1_Basel_1908	Basel
Kern	Maria		Steinenring 42	Basel	1522	1908	104	telefonbuch_106	PTT-Archiv, P-260-1_Basel_1908	Basel
Kern	Oskar	St. Clara - Droguerie	Rebgasse 10	Basel	233	1908	104	telefonbuch_106	PTT-Archiv, P-260-1_Basel_1908	Basel
Kern-Ryhiner	A.		St. Johannvorstadt 5	Basel	1300	1908	104	telefonbuch_106	PTT-Archiv, P-260-1_Basel_1908	Basel
Kern Sohn & Co.			Spitalstrasse 4	Basel	1365	1908	104	telefonbuch_106	PTT-Archiv, P-260-1_Basel_1908	Basel
Kernen-Heer	Rob.		Aeschenvorstadt 75	Basel	2451	1908	104	telefonbuch_106	PTT-Archiv, P-260-1_Basel_1908	Basel
Kessler	Daniel	Architekt	Mittlerestrasse 78	Basel	4092	1908	104	telefonbuch_106	PTT-Archiv, P-260-1_Basel_1908	Basel
Kessler	Flora	Frau, Lebensmittelhandlung	Feldbergstrasse 72	Basel	4399	1908	104	telefonbuch_106	PTT-Archiv, P-260-1_Basel_1908	Basel
Kessler	Ludwig		Greifengasse 32	Basel	3401	1908	104	telefonbuch_106	PTT-Archiv, P-260-1_Basel_1908	Basel
Kessler	Hans	Baumeister	Breisacherstrasse 81	Basel	3338	1908	104	telefonbuch_106	PTT-Archiv, P-260-1_Basel_1908	Basel
Kestenholz Söhne	J.	Kartonnagenfabrik	Elisabethenstr. 41	Basel	2383	1908	104	telefonbuch_106	PTT-Archiv, P-260-1_Basel_1908	Basel
Kestenholz-Weber	K.		Nadelberg 18	Basel	314	1908	104	telefonbuch_106	PTT-Archiv, P-260-1_Basel_1908	Basel
Kiebele-Meyer	Aug.	Bäckermeister	Dornacherstrasse 258	Basel	618	1908	105	telefonbuch_107	PTT-Archiv, P-260-1_Basel_1908	Basel
Kiefer-Brüderlin	E.	Adjunkt des Direktors der Basler Strassenbahnen	Kandererstrasse 32	Basel	91	1908	105	telefonbuch_107	PTT-Archiv, P-260-1_Basel_1908	Basel
Kiefer	Charles		Clarastrasse 16	Basel	1984	1908	105	telefonbuch_107	PTT-Archiv, P-260-1_Basel_1908	Basel
Kiefer	Georg		Münchensteinerstr. 69	Basel	3983	1908	105	telefonbuch_107	PTT-Archiv, P-260-1_Basel_1908	Basel
Kiefer	G.	& Co.	Gerbergasse 14	Basel	1520	1908	105	telefonbuch_107	PTT-Archiv, P-260-1_Basel_1908	Basel
Dieselben			Freiestrasse 23	Basel	1209	1908	105	telefonbuch_107	PTT-Archiv, P-260-1_Basel_1908	Basel
Kiefer-Henke	A.		Spalenberg 59	Basel	2003	1908	105	telefonbuch_107	PTT-Archiv, P-260-1_Basel_1908	Basel
Kiefer-Herde	Joseph		Elsässerstrasse 39	Basel	338	1908	105	telefonbuch_107	PTT-Archiv, P-260-1_Basel_1908	Basel
Kiefer	Hermann	Cigarrenhandlung	Aeschenvorstadt 2	Basel	581	1908	105	telefonbuch_107	PTT-Archiv, P-260-1_Basel_1908	Basel
Kiefer-Lehner	K. F.		Isteinerstrasse 102	Basel	1042	1908	105	telefonbuch_107	PTT-Archiv, P-260-1_Basel_1908	Basel
Kieffer	Léon	Blumengeschäft	Spalenvorstadt 29	Basel	4368	1908	105	telefonbuch_107	PTT-Archiv, P-260-1_Basel_1908	Basel
Kienast-Blattner	E.	Wwe., Spenglergeschäft	Klingenthalstr. 55	Basel	3458	1908	105	telefonbuch_107	PTT-Archiv, P-260-1_Basel_1908	Basel
Kienast	L.		Aeschenvorstadt 4	Basel	2569	1908	105	telefonbuch_107	PTT-Archiv, P-260-1_Basel_1908	Basel
Kieser	Alfred		Münsterberg 1	Basel	4591	1908	105	telefonbuch_107	PTT-Archiv, P-260-1_Basel_1908	Basel
Kinderhorte der Primarschulen		Leitung: P. Baumann	Ob. Rheinweg 93	Basel	3262	1908	105	telefonbuch_107	PTT-Archiv, P-260-1_Basel_1908	Basel
Kinderspital			Burgweg 22	Basel	1128	1908	105	telefonbuch_107	PTT-Archiv, P-260-1_Basel_1908	Basel
Kinderstation der Jugendfürsorge			Brantgasse 5	Basel	4385	1908	105	telefonbuch_107	PTT-Archiv, P-260-1_Basel_1908	Basel
Kindhauser-Gebhardt	R.		Eisengasse 9	Basel	170	1908	105	telefonbuch_107	PTT-Archiv, P-260-1_Basel_1908	Basel
Kirchhofer	F.		Metzerstrasse 22	Basel	27	1908	105	telefonbuch_107	PTT-Archiv, P-260-1_Basel_1908	Basel
Kissel		Wwe., Hotel goldener Stern	Aeschenvorstadt 44	Basel	2293	1908	105	telefonbuch_107	PTT-Archiv, P-260-1_Basel_1908	Basel
Kissner-Meier	Fr.	Fassholzhauerei	Feldbergstrasse 53	Basel	2698	1908	105	telefonbuch_107	PTT-Archiv, P-260-1_Basel_1908	Basel
Kist-Marquardt	Lukas	Küfermeister	Güterstrasse 96	Basel	863	1908	105	telefonbuch_107	PTT-Archiv, P-260-1_Basel_1908	Basel
Kitt	Aug.	Bäckermeister	Klingenthalstr. 87	Basel	3471	1908	105	telefonbuch_107	PTT-Archiv, P-260-1_Basel_1908	Basel
Klaiber-Desponds	Louis		Güterstrasse 88	Basel	4077	1908	105	telefonbuch_107	PTT-Archiv, P-260-1_Basel_1908	Basel
Klaiber-Dettinger	Emma	Wwe.	Spalenthorweg 34	Basel	4177	1908	105	telefonbuch_107	PTT-Archiv, P-260-1_Basel_1908	Basel
Klaiber	R.		Feierabendstrasse 12	Basel	2431	1908	105	telefonbuch_107	PTT-Archiv, P-260-1_Basel_1908	Basel
Klaiber-Vest	Richard		Feierabendstrasse 12	Basel	2431	1908	105	telefonbuch_107	PTT-Archiv, P-260-1_Basel_1908	Basel
Klaraschulhaus			Claragraben 59	Basel	3638	1908	105	telefonbuch_107	PTT-Archiv, P-260-1_Basel_1908	Basel
Kleeb-Willi		Spezerei- und Schinkenhandlung	Mittlerestrasse 67	Basel	1466	1908	105	telefonbuch_107	PTT-Archiv, P-260-1_Basel_1908	Basel
Kleiber	Louis	Chem. Wäscherei und Färberei	Gempenstrasse 11	Basel	4505	1908	105	telefonbuch_107	PTT-Archiv, P-260-1_Basel_1908	Basel
Klessen	A.	Automobiles	Austrasse 102	Basel	4488	1908	105	telefonbuch_107	PTT-Archiv, P-260-1_Basel_1908	Basel
Klein	H.	Zinngiesserei und Glashandlung	Schneidergasse 30	Basel	2867	1908	105	telefonbuch_107	PTT-Archiv, P-260-1_Basel_1908	Basel
Kling-Jenny	Carl	Photographie	Petersgraben 17	Basel	1440	1908	105	telefonbuch_107	PTT-Archiv, P-260-1_Basel_1908	Basel
Kling-Kündig	Oscar	zur Bernerhalle	Spalenring 132	Basel	2809	1908	105	telefonbuch_107	PTT-Archiv, P-260-1_Basel_1908	Basel
Klingelfuss	Fr.	& Co., elektrotechnische Fabrik	Petersgasse 7	Basel	1686	1908	105	telefonbuch_107	PTT-Archiv, P-260-1_Basel_1908	Basel
Kloetzer	Ferd. C.	Dr., American Dentist, Praxis	Freiestrasse 70	Basel	963	1908	105	telefonbuch_107	PTT-Archiv, P-260-1_Basel_1908	Basel
Derselbe		Wohnung	Mittlerestrasse 104	Basel	1026	1908	105	telefonbuch_107	PTT-Archiv, P-260-1_Basel_1908	Basel
Klumpp-Scheeder	Gust.	Metzger	Blumenrain 25	Basel	1382	1908	105	telefonbuch_107	PTT-Archiv, P-260-1_Basel_1908	Basel
Derselbe			St. Johannring 48	Basel	385	1908	105	telefonbuch_107	PTT-Archiv, P-260-1_Basel_1908	Basel
Klybeck-Kasino			Klybeckstrasse 34	Basel	3278	1908	105	telefonbuch_107	PTT-Archiv, P-260-1_Basel_1908	Basel
Knabensekundarschule z. Mücke			Münsterplatz 18	Basel	1092	1908	105	telefonbuch_107	PTT-Archiv, P-260-1_Basel_1908	Basel
Dieselbe		Pestalozzischulhaus	St. Johannplatz 9	Basel	1666	1908	105	telefonbuch_107	PTT-Archiv, P-260-1_Basel_1908	Basel
Dieselbe		Wettsteinschulhaus	Clarahofweg 4	Basel	3807	1908	105	telefonbuch_107	PTT-Archiv, P-260-1_Basel_1908	Basel
Knapp	Carl	Droguerie	Güterstrasse 155	Basel	780	1908	105	telefonbuch_107	PTT-Archiv, P-260-1_Basel_1908	Basel
Knapp	Paul	Dr.	Klingenthalgraben 31	Basel	2112	1908	105	telefonbuch_107	PTT-Archiv, P-260-1_Basel_1908	Basel
Knapp	Th.	Dr., Apotheker	Solothurnerstr. 39	Basel	3965	1908	105	telefonbuch_107	PTT-Archiv, P-260-1_Basel_1908	Basel
Knecht-Bringold	E.	zum Steineneck	Steinenthorstr. 40	Basel	2555	1908	105	telefonbuch_107	PTT-Archiv, P-260-1_Basel_1908	Basel
Knell-Meier	H.		Birsigstrasse 120	Basel	4321	1908	105	telefonbuch_107	PTT-Archiv, P-260-1_Basel_1908	Basel
Kneubühler-Meier	Ad.	Wirt	Hägenheimerstr. 10	Basel	877	1908	105	telefonbuch_107	PTT-Archiv, P-260-1_Basel_1908	Basel
Knittel	Alphons	zur Markgräflerhalle	Clarastrasse 56	Basel	620	1908	106	telefonbuch_108	PTT-Archiv, P-260-1_Basel_1908	Basel
Knobel & Cie.			Horburgstrasse 99	Basel	922	1908	106	telefonbuch_108	PTT-Archiv, P-260-1_Basel_1908	Basel
Knöbel	Frau Th.	fabr. d'instr. de chirurgie	Holbeinstrasse 31	Basel	2634	1908	106	telefonbuch_108	PTT-Archiv, P-260-1_Basel_1908	Basel
Knopf	S.		Freiestrasse 49	Basel	1808	1908	106	telefonbuch_108	PTT-Archiv, P-260-1_Basel_1908	Basel
Knopf	S.	Filiale	Greifengasse 24	Basel	3254	1908	106	telefonbuch_108	PTT-Archiv, P-260-1_Basel_1908	Basel
Knörr	Dr. J.	Advokaturbureau	Freiestrasse 91	Basel	1774	1908	106	telefonbuch_108	PTT-Archiv, P-260-1_Basel_1908	Basel
Kober	C. F.	Spittlers Nachfolger	Schlüsselberg 3	Basel	1200	1908	106	telefonbuch_108	PTT-Archiv, P-260-1_Basel_1908	Basel
Kober-Gobat	Frau Marie		Socinstrasse 17	Basel	470	1908	106	telefonbuch_108	PTT-Archiv, P-260-1_Basel_1908	Basel
Koch	Albert	Conditor	Freiestrasse 93	Basel	1761	1908	106	telefonbuch_108	PTT-Archiv, P-260-1_Basel_1908	Basel
Koch-Müller	Aug.	Bäcker	Friedrichstrasse 14	Basel	906	1908	106	telefonbuch_108	PTT-Archiv, P-260-1_Basel_1908	Basel
Kochs Confiserie		Nachf. H. Spillmann	Eisengasse 3	Basel	1316	1908	106	telefonbuch_108	PTT-Archiv, P-260-1_Basel_1908	Basel
Koch-Sixt	Hans		Murtengasse 14	Basel	2966	1908	106	telefonbuch_108	PTT-Archiv, P-260-1_Basel_1908	Basel
Koch & Cie.		vorm. E. Baumberger & Koch, Hauptbureau	Reinacherstrasse 64	Basel	2977	1908	106	telefonbuch_108	PTT-Archiv, P-260-1_Basel_1908	Basel
Koch & Cie.		Filiallager	Hammerstrasse 20	Basel	3808	1908	106	telefonbuch_108	PTT-Archiv, P-260-1_Basel_1908	Basel
Koch-Wortmann	Emil		Klingenthalgrab. 35	Basel	4584	1908	106	telefonbuch_108	PTT-Archiv, P-260-1_Basel_1908	Basel
Koch-Zeller	Reinh.	Weinhandlung	Mittlerestrasse 40	Basel	1498	1908	106	telefonbuch_108	PTT-Archiv, P-260-1_Basel_1908	Basel
Kocherhans-Schaub	Jak.		Spalenthorweg 16	Basel	2647	1908	106	telefonbuch_108	PTT-Archiv, P-260-1_Basel_1908	Basel
Köchli-Gloor	Karl	Wirt	Allschwilerstrasse 2	Basel	297	1908	106	telefonbuch_108	PTT-Archiv, P-260-1_Basel_1908	Basel
Köchlin-Burckhardt	Ernst	(Wohnung)	Hirzbodenweg 49	Basel	3591	1908	106	telefonbuch_108	PTT-Archiv, P-260-1_Basel_1908	Basel
Köchlin, Burckhardt & Co.			Isteinerstrasse 24	Basel	1881	1908	106	telefonbuch_108	PTT-Archiv, P-260-1_Basel_1908	Basel
Köchlin, Burckhardt & Co.			Riehenteichweg 8	Basel	3602	1908	106	telefonbuch_108	PTT-Archiv, P-260-1_Basel_1908	Basel
Köchlin-Hagenbach	Eugen		Kapellenstrasse 16	Basel	2092	1908	106	telefonbuch_108	PTT-Archiv, P-260-1_Basel_1908	Basel
Köchlin-Hoffmann	Albert		Gellertstrasse 17	Basel	2228	1908	106	telefonbuch_108	PTT-Archiv, P-260-1_Basel_1908	Basel
Köchlin-Iselin	Carl		Engelgasse 51	Basel	3698	1908	106	telefonbuch_108	PTT-Archiv, P-260-1_Basel_1908	Basel
Köchlin	Dr. Paul	Apotheker	Elisabethenstr. 18	Basel	2408	1908	106	telefonbuch_108	PTT-Archiv, P-260-1_Basel_1908	Basel
Köchlin	Paul Emil		Rennweg 53	Basel	3553	1908	106	telefonbuch_108	PTT-Archiv, P-260-1_Basel_1908	Basel
Koechlin	René		Nauenstrasse 2	Basel	874	1908	106	telefonbuch_108	PTT-Archiv, P-260-1_Basel_1908	Basel
Köchlin-Schneeli	Alf.		Römergasse 5	Basel	1135	1908	106	telefonbuch_108	PTT-Archiv, P-260-1_Basel_1908	Basel
Köchlin-Staehelin	Alb. G.		St. Albanvorstadt 25	Basel	4447	1908	106	telefonbuch_108	PTT-Archiv, P-260-1_Basel_1908	Basel
Köchlin & Lichtenhahn		Notariat und Advokatur	St. Albangraben 1	Basel	2154	1908	106	telefonbuch_108	PTT-Archiv, P-260-1_Basel_1908	Basel
Kofler	M.	Handschuhgeschäft	Stadthausgasse 7	Basel	1616	1908	106	telefonbuch_108	PTT-Archiv, P-260-1_Basel_1908	Basel
Koger	Gustav		Dornacherstr. 41	Basel	4264	1908	106	telefonbuch_108	PTT-Archiv, P-260-1_Basel_1908	Basel
Koger-Kuny	Ludw. Gust.	mech. Werkstätte	St. Johannring 116	Basel	351	1908	106	telefonbuch_108	PTT-Archiv, P-260-1_Basel_1908	Basel
Köhle-Scherzinger	A.	Wirt	St. Johannring 34	Basel	3073	1908	106	telefonbuch_108	PTT-Archiv, P-260-1_Basel_1908	Basel
Kohlensäurefabrik Bürgin			Unt. Rheinweg 18	Basel	1263	1908	106	telefonbuch_108	PTT-Archiv, P-260-1_Basel_1908	Basel
Kohlenunion Geldner			Sternengasse 23	Basel	1885	1908	106	telefonbuch_108	PTT-Archiv, P-260-1_Basel_1908	Basel
Kohlenunion Geldner		Lagerplatz	Dreispitz	Basel	3990	1908	106	telefonbuch_108	PTT-Archiv, P-260-1_Basel_1908	Basel
Kohler-Brunner	Wwe., & Söhne	Entleerungsgeschäft	Riehenstrasse 96	Basel	3847	1908	106	telefonbuch_108	PTT-Archiv, P-260-1_Basel_1908	Basel
Kohler-Burow	E.		Solothurnerstr. 44	Basel	3861	1908	106	telefonbuch_108	PTT-Archiv, P-260-1_Basel_1908	Basel
Kohler-Dörflinger	Ed.	Fuhrhalter	Mattenstrasse 58	Basel	522	1908	106	telefonbuch_108	PTT-Archiv, P-260-1_Basel_1908	Basel
Kohler-Eger	Camille		Rebgasse 64	Basel	4382	1908	106	telefonbuch_108	PTT-Archiv, P-260-1_Basel_1908	Basel
Kohler	Gottl.	Ameublements	Mittlerestrasse 30	Basel	4027	1908	106	telefonbuch_108	PTT-Archiv, P-260-1_Basel_1908	Basel
Kohler	Melchior	Schuhmacher	Spalenberg 8	Basel	2639	1908	106	telefonbuch_108	PTT-Archiv, P-260-1_Basel_1908	Basel
Köhler & Bosshardt		Kupferschmiedwerkstätte	Obere Rebgasse 20	Basel	1202	1908	106	telefonbuch_108	PTT-Archiv, P-260-1_Basel_1908	Basel
Kohlhepp	J.	Buchdruckerei	St. Johannvorst. 48	Basel	3524	1908	106	telefonbuch_108	PTT-Archiv, P-260-1_Basel_1908	Basel
Kohn, Jacob & Josef, A. G.			Leonhardstrasse 9	Basel	4004	1908	106	telefonbuch_108	PTT-Archiv, P-260-1_Basel_1908	Basel
Köhnlein-Sigrist	K.		Sommergasse 44	Basel	909	1908	106	telefonbuch_108	PTT-Archiv, P-260-1_Basel_1908	Basel
Kölla-Stänz	C. R.		Sonnenweg 11	Basel	1661	1908	106	telefonbuch_108	PTT-Archiv, P-260-1_Basel_1908	Basel
Kölliker	P. A.	& Cie.	Freiestrasse 103	Basel	2321	1908	107	telefonbuch_109	PTT-Archiv, P-260-1_Basel_1908	Basel
Kölz	Julius		Wallstrasse 13	Basel	16	1908	107	telefonbuch_109	PTT-Archiv, P-260-1_Basel_1908	Basel
Köng	Alfred	Mech. Werkstätte	Hebelstrasse 60	Basel	4325	1908	107	telefonbuch_109	PTT-Archiv, P-260-1_Basel_1908	Basel
König		Oberingenieur der S. B. B.	Grellingerstrasse 78	Basel	4388	1908	107	telefonbuch_109	PTT-Archiv, P-260-1_Basel_1908	Basel
Konkursamt			Bäumleingasse 3	Basel	1747	1908	107	telefonbuch_109	PTT-Archiv, P-260-1_Basel_1908	Basel
Kontrollbureau des Kantons Basel-Stadt			Lohnhof	Basel	2367	1908	107	telefonbuch_109	PTT-Archiv, P-260-1_Basel_1908	Basel
Köpf-Klein	Ch.		Oetlingerstrasse 163	Basel	4665	1908	107	telefonbuch_109	PTT-Archiv, P-260-1_Basel_1908	Basel
Kopfmann	W.	Swiss-American Trading Co.	Falknerstrasse 4	Basel	934	1908	107	telefonbuch_109	PTT-Archiv, P-260-1_Basel_1908	Basel
Körner-Mäglin	V.		Leimenstrasse 69	Basel	2976	1908	107	telefonbuch_109	PTT-Archiv, P-260-1_Basel_1908	Basel
Kornfeld	Wilhelm		Florastrasse 32	Basel	4476	1908	107	telefonbuch_109	PTT-Archiv, P-260-1_Basel_1908	Basel
Korporation der Kleinbasler Teichinteressenten		Wohnung des Wasserknechtes	Schliesse Lange Erlen	Basel	3827	1908	107	telefonbuch_109	PTT-Archiv, P-260-1_Basel_1908	Basel
Kost	Leonhard's Wwe.	Bürstenfabrikation	Freiestrasse 51	Basel	1791	1908	107	telefonbuch_109	PTT-Archiv, P-260-1_Basel_1908	Basel
Krafft	Carl		Güterstrasse 85	Basel	2588	1908	107	telefonbuch_109	PTT-Archiv, P-260-1_Basel_1908	Basel
Krämer	Heinr.	Bäckermeister	Jurastrasse 25	Basel	3753	1908	107	telefonbuch_109	PTT-Archiv, P-260-1_Basel_1908	Basel
Kramer-Reinhardt	Karl	Wirt	Kleinhüningerstr. 112	Basel	3837	1908	107	telefonbuch_109	PTT-Archiv, P-260-1_Basel_1908	Basel
Kramer-Rohr	H.	Wirt	Maulbeerweg 48	Basel	3894	1908	107	telefonbuch_109	PTT-Archiv, P-260-1_Basel_1908	Basel
Kränacher-Bienger	Karl		Kannenfeldstr. 57	Basel	390	1908	107	telefonbuch_109	PTT-Archiv, P-260-1_Basel_1908	Basel
Kratz	W.	Gundoldinger-Apotheke	Dornacherstrasse 83	Basel	4094	1908	107	telefonbuch_109	PTT-Archiv, P-260-1_Basel_1908	Basel
Krauss-Haberstroh	M.	Wirt	Bahnhofstrasse 11	Basel	3614	1908	107	telefonbuch_109	PTT-Archiv, P-260-1_Basel_1908	Basel
Krayer-Burckhardt	A.		Wartenbergstr. 41	Basel	3542	1908	107	telefonbuch_109	PTT-Archiv, P-260-1_Basel_1908	Basel
Krayer	F.	Sohn	Spalenring 156	Basel	268	1908	107	telefonbuch_109	PTT-Archiv, P-260-1_Basel_1908	Basel
Krayer-Förster	H. A.	Wwe.	Sevogelstrasse 32	Basel	4102	1908	107	telefonbuch_109	PTT-Archiv, P-260-1_Basel_1908	Basel
Krayer-Kelterborn	Friedr.		Schützenmattstr. 27	Basel	958	1908	107	telefonbuch_109	PTT-Archiv, P-260-1_Basel_1908	Basel
Krayer-LaRoche	M. E. G.		Angensteinerstr. 22	Basel	3660	1908	107	telefonbuch_109	PTT-Archiv, P-260-1_Basel_1908	Basel
Krayer	M.		Holbeinstrasse 35	Basel	3055	1908	107	telefonbuch_109	PTT-Archiv, P-260-1_Basel_1908	Basel
Krayer-Ramsperger's Nachf.		Mineralwasser- & Colonialwarenh.	Freiestrasse 39	Basel	1057	1908	107	telefonbuch_109	PTT-Archiv, P-260-1_Basel_1908	Basel
Krebs	G.	Buchdrucker	Steinenthorstr. 13	Basel	1617	1908	107	telefonbuch_109	PTT-Archiv, P-260-1_Basel_1908	Basel
Krebs & Siebenmann			Wallstrasse 9	Basel	4318	1908	107	telefonbuch_109	PTT-Archiv, P-260-1_Basel_1908	Basel
Krebs	H.	vorm. J. Krebs-Weiss, Bettwarengeschäft	Gerbergässlein 10	Basel	3004	1908	107	telefonbuch_109	PTT-Archiv, P-260-1_Basel_1908	Basel
Kreis		Buchdruckerei	Petersgraben 21	Basel	1514	1908	107	telefonbuch_109	PTT-Archiv, P-260-1_Basel_1908	Basel
Kreis	H.	Prof. Dr., Kantons-Chemiker	Petersplatz 10	Basel	1422	1908	107	telefonbuch_109	PTT-Archiv, P-260-1_Basel_1908	Basel
Kreis	Hermann		Steinengraben 79	Basel	2501	1908	107	telefonbuch_109	PTT-Archiv, P-260-1_Basel_1908	Basel
Kreis	Oscar	Dr. med.	Steinengraben 20	Basel	3621	1908	107	telefonbuch_109	PTT-Archiv, P-260-1_Basel_1908	Basel
Kreis	Th.	Damenkleiderstoffe	Barfüsserplatz 3	Basel	2052	1908	107	telefonbuch_109	PTT-Archiv, P-260-1_Basel_1908	Basel
Kreiskommando Basel			Petersgraben 46	Basel	1426	1908	107	telefonbuch_109	PTT-Archiv, P-260-1_Basel_1908	Basel
Kreispostdirektion			Postgebäude	Basel	3161	1908	107	telefonbuch_109	PTT-Archiv, P-260-1_Basel_1908	Basel
Kretz-Behrle	Andreas		Hochstrasse 80	Basel	3349	1908	107	telefonbuch_109	PTT-Archiv, P-260-1_Basel_1908	Basel
Kromer	Karl		Spalenring 160	Basel	4597	1908	107	telefonbuch_109	PTT-Archiv, P-260-1_Basel_1908	Basel
Kron-Waechter	J.		Sommergasse 34	Basel	4467	1908	107	telefonbuch_109	PTT-Archiv, P-260-1_Basel_1908	Basel
Kronenhalle		(O. Heinzelmann)	Centralbahnplatz 10	Basel	1795	1908	107	telefonbuch_109	PTT-Archiv, P-260-1_Basel_1908	Basel
Kropf-Werthmüller	Joh.	Metzgermeister	Erlenweg 52	Basel	808	1908	107	telefonbuch_109	PTT-Archiv, P-260-1_Basel_1908	Basel
Krug	Heinrich	Ing. Patentanwalt	Freiestrasse 32	Basel	4330	1908	107	telefonbuch_109	PTT-Archiv, P-260-1_Basel_1908	Basel
Krüger-Zimmermann	B.		Freiestrasse 84	Basel	2001	1908	107	telefonbuch_109	PTT-Archiv, P-260-1_Basel_1908	Basel
Krüsi	Hermann	Buchdruckerei	Kohlenberg 7	Basel	2509	1908	107	telefonbuch_109	PTT-Archiv, P-260-1_Basel_1908	Basel
Krummenacher	Emil	Wirt	Amerbachstrasse 2	Basel	3274	1908	107	telefonbuch_109	PTT-Archiv, P-260-1_Basel_1908	Basel
Kübler-Heissinger	W.		Schweizerplatz 1	Basel	2772	1908	107	telefonbuch_109	PTT-Archiv, P-260-1_Basel_1908	Basel
Kübler Söhne			Freiestrasse 68	Basel	1986	1908	108	telefonbuch_110	PTT-Archiv, P-260-1_Basel_1908	Basel
Dieselben			Gerbergasse 53	Basel	2189	1908	108	telefonbuch_110	PTT-Archiv, P-260-1_Basel_1908	Basel
Dieselben			Greifengasse 7	Basel	992	1908	108	telefonbuch_110	PTT-Archiv, P-260-1_Basel_1908	Basel
Kuebler	Robert		Leonhardsberg 1	Basel	301	1908	108	telefonbuch_110	PTT-Archiv, P-260-1_Basel_1908	Basel
Küchlin	K.	Cardinal-Theater	Petersgraben 49	Basel	4672	1908	108	telefonbuch_110	PTT-Archiv, P-260-1_Basel_1908	Basel
Derselbe		Kasse, von 7 1/4 Uhr an geöffnet	Freiestrasse 36	Basel	4676	1908	108	telefonbuch_110	PTT-Archiv, P-260-1_Basel_1908	Basel
Kuentzy-Kübler	F.		Schweizerplatz 1	Basel	2772	1908	108	telefonbuch_110	PTT-Archiv, P-260-1_Basel_1908	Basel
Kueny-Meich	Albert	Agentur	Mittlerestrasse 107	Basel	751	1908	108	telefonbuch_110	PTT-Archiv, P-260-1_Basel_1908	Basel
Kugler	Alfred	Photograph	Stadthausgasse 24	Basel	458	1908	108	telefonbuch_110	PTT-Archiv, P-260-1_Basel_1908	Basel
Kugler	J. G.		Rütlistrasse 50	Basel	999	1908	108	telefonbuch_110	PTT-Archiv, P-260-1_Basel_1908	Basel
Kugler	T.		Birsigstrasse 80	Basel	3102	1908	108	telefonbuch_110	PTT-Archiv, P-260-1_Basel_1908	Basel
Kuhn, Gerrer & Co.		Glasmalerei	Klingenthalstr. 69	Basel	3463	1908	108	telefonbuch_110	PTT-Archiv, P-260-1_Basel_1908	Basel
Kuhn	W.	Eisen und Haushaltungsartikel	Solothurnerstrasse 47	Basel	3875	1908	108	telefonbuch_110	PTT-Archiv, P-260-1_Basel_1908	Basel
Kühne-Wiesendanger	M.	Metzgermeister	Spalenvorstadt 23	Basel	2668	1908	108	telefonbuch_110	PTT-Archiv, P-260-1_Basel_1908	Basel
Kühner	Ch.		Elsässerstrasse 254	Basel	1930	1908	108	telefonbuch_110	PTT-Archiv, P-260-1_Basel_1908	Basel
Kully	Othmar	Dr., Advokat	Gerbergasse 11	Basel	2327	1908	108	telefonbuch_110	PTT-Archiv, P-260-1_Basel_1908	Basel
Kummer	Rud.		Byfangweg 3	Basel	3000	1908	108	telefonbuch_110	PTT-Archiv, P-260-1_Basel_1908	Basel
Kummerer	J.	Hotel zum goldenen Hirsch	Bahnhofstrasse 37	Basel	4713	1908	108	telefonbuch_110	PTT-Archiv, P-260-1_Basel_1908	Basel
Kümmich	A.	Bierdépôt	Elisabethenstr. 41	Basel	2399	1908	108	telefonbuch_110	PTT-Archiv, P-260-1_Basel_1908	Basel
Kündig	Aug.	Dr.	Leimenstrasse 35	Basel	2950	1908	108	telefonbuch_110	PTT-Archiv, P-260-1_Basel_1908	Basel
Kündig	R.	Dr., Wohnung	Sevogelstrasse 74	Basel	3951	1908	108	telefonbuch_110	PTT-Archiv, P-260-1_Basel_1908	Basel
Kündig & Stumm	Rud. & Herm.	Dr. & Dr.	Bäumleingasse 16	Basel	2054	1908	108	telefonbuch_110	PTT-Archiv, P-260-1_Basel_1908	Basel
Kündig-VonSpeyr	E.	Wwe.	Socinstrasse 1	Basel	1459	1908	108	telefonbuch_110	PTT-Archiv, P-260-1_Basel_1908	Basel
von Künsberg-Senn	M. A.	Frau	Leimenstrasse 60	Basel	2980	1908	108	telefonbuch_110	PTT-Archiv, P-260-1_Basel_1908	Basel
Kunsthalle-Restaurant		(Peter)	Steinenberg 7	Basel	2372	1908	108	telefonbuch_110	PTT-Archiv, P-260-1_Basel_1908	Basel
Kunstsammlung		öffentliche, Museum	Augustinergasse 2	Basel	433	1908	108	telefonbuch_110	PTT-Archiv, P-260-1_Basel_1908	Basel
Kunz	P.		Sternengässlein 17	Basel	2332	1908	108	telefonbuch_110	PTT-Archiv, P-260-1_Basel_1908	Basel
Künzi-Glauser	K.	Kaminfegermeister	Gempenstrasse 39	Basel	310	1908	108	telefonbuch_110	PTT-Archiv, P-260-1_Basel_1908	Basel
Künzli-Egg	Fr.	Bäckermeister	Aeschenvorstadt 6	Basel	2077	1908	108	telefonbuch_110	PTT-Archiv, P-260-1_Basel_1908	Basel
Künzli-Mahler	Otto	Fuhrhalter	Sierenzerstrasse 40	Basel	823	1908	108	telefonbuch_110	PTT-Archiv, P-260-1_Basel_1908	Basel
Küry	Adolf	Pfarrer	Klingenthal 13	Basel	1721	1908	108	telefonbuch_110	PTT-Archiv, P-260-1_Basel_1908	Basel
Küry	Ernst	Dr., Wohnung	Thiersteinerallee 55	Basel	1674	1908	108	telefonbuch_110	PTT-Archiv, P-260-1_Basel_1908	Basel
Derselbe		Bureau	Marktgasse 23	Basel	2021	1908	108	telefonbuch_110	PTT-Archiv, P-260-1_Basel_1908	Basel
Kuttruff & Frefel		mech. Werkstätte	St. Albanthal 6	Basel	4132	1908	108	telefonbuch_110	PTT-Archiv, P-260-1_Basel_1908	Basel
Labhardt	Alfred	Dr. med., Arzt	Klingelbergstr. 31	Basel	4323	1908	108	telefonbuch_110	PTT-Archiv, P-260-1_Basel_1908	Basel
Labhardt	B.	Frau Wwe.	Therwilerstrasse 33	Basel	2758	1908	108	telefonbuch_110	PTT-Archiv, P-260-1_Basel_1908	Basel
Labhardt-Thommen	E.	Dr.	Missionsstrasse 53	Basel	3414	1908	108	telefonbuch_110	PTT-Archiv, P-260-1_Basel_1908	Basel
Lachenmeier	R.	Möbelschreinerei	Maulbeerweg 24	Basel	3501	1908	108	telefonbuch_110	PTT-Archiv, P-260-1_Basel_1908	Basel
Ladendorff	E. Gerber	Nachf.	Untere Rebgasse 18	Basel	1242	1908	108	telefonbuch_110	PTT-Archiv, P-260-1_Basel_1908	Basel
Lagerhausverwaltung der S. B. B.			Güterbahnhof	Basel	2479	1908	108	telefonbuch_110	PTT-Archiv, P-260-1_Basel_1908	Basel
Lagerplätze, öffentliche		auf dem Dreispitz		Basel	4257	1908	108	telefonbuch_110	PTT-Archiv, P-260-1_Basel_1908	Basel
Lais	August	Schlosserei	St. Albanvorstadt 16	Basel	1838	1908	108	telefonbuch_110	PTT-Archiv, P-260-1_Basel_1908	Basel
Lamm-Mollinet	Fr.	Droguerie	Sennheimerstrasse 45	Basel	151	1908	108	telefonbuch_110	PTT-Archiv, P-260-1_Basel_1908	Basel
Lämmle-Schmid	Siegfr.	Wirt	Ob. Rebgasse 49	Basel	3071	1908	108	telefonbuch_110	PTT-Archiv, P-260-1_Basel_1908	Basel
Landsrath	Emil	Schieferdeckermeister	Weissegasse 22	Basel	2059	1908	108	telefonbuch_110	PTT-Archiv, P-260-1_Basel_1908	Basel
Lang	J.		Missionsstrasse 68	Basel	891	1908	108	telefonbuch_110	PTT-Archiv, P-260-1_Basel_1908	Basel
Lang	Joseph	Metzger	Elsässerstrasse 6	Basel	1725	1908	108	telefonbuch_110	PTT-Archiv, P-260-1_Basel_1908	Basel
Lang-Kunz	Ernst		Angensteinerstr. 27	Basel	3569	1908	108	telefonbuch_110	PTT-Archiv, P-260-1_Basel_1908	Basel
Lang-Lauer	Louis	Wirt	Elsässerstrasse 1	Basel	1647	1908	109	telefonbuch_111	PTT-Archiv, P-260-1_Basel_1908	Basel
Lang	Mathias	Fuhr- und Droschkenhalter	Mülhauserstrasse 68	Basel	1645	1908	109	telefonbuch_111	PTT-Archiv, P-260-1_Basel_1908	Basel
Lang-Müller	Georg	Wirt	Spalenvorstadt 45	Basel	2671	1908	109	telefonbuch_111	PTT-Archiv, P-260-1_Basel_1908	Basel
Lang	Siegfried	Weinhandlung	Steinenvorstadt 67	Basel	2468	1908	109	telefonbuch_111	PTT-Archiv, P-260-1_Basel_1908	Basel
Lang	Siegfried	Eisenhandlung	Steinenvorstadt 67	Basel	2468	1908	109	telefonbuch_111	PTT-Archiv, P-260-1_Basel_1908	Basel
Langbein	Karl	Wwe.	Klybeckstrasse 16	Basel	673	1908	109	telefonbuch_111	PTT-Archiv, P-260-1_Basel_1908	Basel
Längin-Ankelin	Joh.	Schuhhandlung	Rheingasse 52	Basel	1180	1908	109	telefonbuch_111	PTT-Archiv, P-260-1_Basel_1908	Basel
Längin	E. & F.	Fuhrhalter	Gasstrasse 46	Basel	1508	1908	109	telefonbuch_111	PTT-Archiv, P-260-1_Basel_1908	Basel
Langmesser-Dennler	J.	Seilerei	Vogelsangweg 6	Basel	2134	1908	109	telefonbuch_111	PTT-Archiv, P-260-1_Basel_1908	Basel
LaRoche-Burckhardt	H.	Frau	Münchensteinerstr. 4	Basel	3981	1908	109	telefonbuch_111	PTT-Archiv, P-260-1_Basel_1908	Basel
LaRoche-Burckhardt	Louis		Gellertstrasse 20	Basel	1048	1908	109	telefonbuch_111	PTT-Archiv, P-260-1_Basel_1908	Basel
LaRoche Sohn & Cie.			Luftgässlein 1	Basel	2014	1908	109	telefonbuch_111	PTT-Archiv, P-260-1_Basel_1908	Basel
LaRoche	Hermann		Gellertstrasse 27	Basel	4106	1908	109	telefonbuch_111	PTT-Archiv, P-260-1_Basel_1908	Basel
LaRoche-Heusler	Emanuel		Gellertstrasse 14	Basel	3666	1908	109	telefonbuch_111	PTT-Archiv, P-260-1_Basel_1908	Basel
LaRoche-Iselin	A.	Dr.	Angensteinerstr. 12	Basel	3957	1908	109	telefonbuch_111	PTT-Archiv, P-260-1_Basel_1908	Basel
LaRoche Sohn & Cie.		Bureau	Luftgässlein 1	Basel	2014	1908	109	telefonbuch_111	PTT-Archiv, P-260-1_Basel_1908	Basel
LaRoche-Merian	Fritz		St. Albanvorstadt 83	Basel	1821	1908	109	telefonbuch_111	PTT-Archiv, P-260-1_Basel_1908	Basel
LaRoche-Merian	Fritz		Riehenstrasse 170	Basel	3811	1908	109	telefonbuch_111	PTT-Archiv, P-260-1_Basel_1908	Basel
LaRoche-Paravicini	E.		Kapellenstrasse 18	Basel	3668	1908	109	telefonbuch_111	PTT-Archiv, P-260-1_Basel_1908	Basel
LaRoche-Paravicini	E.	Stallung	St. Albanring 233	Basel	4394	1908	109	telefonbuch_111	PTT-Archiv, P-260-1_Basel_1908	Basel
LaRoche-Passavant	A.		St. Jakobstrasse 94	Basel	3997	1908	109	telefonbuch_111	PTT-Archiv, P-260-1_Basel_1908	Basel
LaRoche-Ringwald			Steinenring 23	Basel	2969	1908	109	telefonbuch_111	PTT-Archiv, P-260-1_Basel_1908	Basel
LaRoche-Ryhiner	R.		Gellertstrasse 3	Basel	4111	1908	109	telefonbuch_111	PTT-Archiv, P-260-1_Basel_1908	Basel
LaRoche, Stähelin & Co.			Malzgasse 16	Basel	4290	1908	109	telefonbuch_111	PTT-Archiv, P-260-1_Basel_1908	Basel
LaRoche & Co.			Sternengasse 10	Basel	1835	1908	109	telefonbuch_111	PTT-Archiv, P-260-1_Basel_1908	Basel
LaRoche & Co.		Börse	Börse	Basel	4630	1908	109	telefonbuch_111	PTT-Archiv, P-260-1_Basel_1908	Basel
LaRoche	Th.		Nonnenweg 16	Basel	2662	1908	109	telefonbuch_111	PTT-Archiv, P-260-1_Basel_1908	Basel
LaRoche-VonderMühll	R.		Rennweg 32	Basel	1985	1908	109	telefonbuch_111	PTT-Archiv, P-260-1_Basel_1908	Basel
Lattner	Hermann	Ingenieur	Güterstrasse 79	Basel	4407	1908	109	telefonbuch_111	PTT-Archiv, P-260-1_Basel_1908	Basel
Laub	Adolf		Elsässerstrasse 47	Basel	305	1908	109	telefonbuch_111	PTT-Archiv, P-260-1_Basel_1908	Basel
Laube-Blanchard	Rud.		Clarahofweg 34	Basel	3703	1908	109	telefonbuch_111	PTT-Archiv, P-260-1_Basel_1908	Basel
Laube	Ed.	vorm. Laube Söhne	Clarahofweg 36	Basel	3708	1908	109	telefonbuch_111	PTT-Archiv, P-260-1_Basel_1908	Basel
Laube-Labhardt	E.		Riehenstrasse 57	Basel	3629	1908	109	telefonbuch_111	PTT-Archiv, P-260-1_Basel_1908	Basel
Laubscher	G.	fabr. d'instruments de chirurgie	Petersgraben 20	Basel	1528	1908	109	telefonbuch_111	PTT-Archiv, P-260-1_Basel_1908	Basel
Lauer	Ernst	Baugeschäft	Kleinhüningerstr. 198	Basel	3358	1908	109	telefonbuch_111	PTT-Archiv, P-260-1_Basel_1908	Basel
Laufeneck, Restauration zum		(F. Sparmann)	Münchensteinerstr. 134	Basel	3504	1908	109	telefonbuch_111	PTT-Archiv, P-260-1_Basel_1908	Basel
Lauly, J. A., & Cie.		(Comptoir Th. Eckel)	Blumenrain 10	Basel	1329	1908	109	telefonbuch_111	PTT-Archiv, P-260-1_Basel_1908	Basel
Lauper	M.	Reklame-Institut	Delsbergerallee 38	Basel	4668	1908	109	telefonbuch_111	PTT-Archiv, P-260-1_Basel_1908	Basel
Laurin	Richard	Uhrenhandlung	Freiestrasse 105	Basel	1873	1908	109	telefonbuch_111	PTT-Archiv, P-260-1_Basel_1908	Basel
Leber	Aug.		Schützenmattstr. 15	Basel	2968	1908	109	telefonbuch_111	PTT-Archiv, P-260-1_Basel_1908	Basel
Leber	Otto	Restaurant Feldschlösschen	Spalenberg 11	Basel	3767	1908	109	telefonbuch_111	PTT-Archiv, P-260-1_Basel_1908	Basel
Lebert	Edgar		Sommergasse 29	Basel	2597	1908	109	telefonbuch_111	PTT-Archiv, P-260-1_Basel_1908	Basel
Leder	W.	Direktor der Birsigthalbahn	Rothbergerstr. 2	Basel	604	1908	109	telefonbuch_111	PTT-Archiv, P-260-1_Basel_1908	Basel
Lederer-Weidenbach		Bäcker	Güterstrasse 210	Basel	3765	1908	109	telefonbuch_111	PTT-Archiv, P-260-1_Basel_1908	Basel
Lederle	Rud.	Spenglermeister	Feldbergstrasse 122	Basel	4320	1908	109	telefonbuch_111	PTT-Archiv, P-260-1_Basel_1908	Basel
Lefebvre-Holzach	S.	Wwe.	Socinstrasse 2	Basel	1772	1908	109	telefonbuch_111	PTT-Archiv, P-260-1_Basel_1908	Basel
Lehmann-Mutschler		Parqueterie	Breisacherstrasse 30	Basel	1234	1908	109	telefonbuch_111	PTT-Archiv, P-260-1_Basel_1908	Basel
Lehmeier	L.		Leonhardstrasse 10	Basel	2524	1908	109	telefonbuch_111	PTT-Archiv, P-260-1_Basel_1908	Basel
Lehner, Pfisterer & Co.			Schützengraben 38	Basel	2723	1908	109	telefonbuch_111	PTT-Archiv, P-260-1_Basel_1908	Basel
Lehner-Rohrer	J.	Handelsgärtner	Klybeckstrasse 13	Basel	4268	1908	110	telefonbuch_112	PTT-Archiv, P-260-1_Basel_1908	Basel
Leimgruber	Ernestine	Damenschneiderin	Steinenthorstr. 2	Basel	3637	1908	110	telefonbuch_112	PTT-Archiv, P-260-1_Basel_1908	Basel
Leisinger-Blum	J.	Elektriker	Gerbergässlein 12	Basel	935	1908	110	telefonbuch_112	PTT-Archiv, P-260-1_Basel_1908	Basel
Leitner	Rob.	Architekt	Spalenring 87	Basel	473	1908	110	telefonbuch_112	PTT-Archiv, P-260-1_Basel_1908	Basel
Lemle	N.		Leonhardstrasse 45	Basel	2350	1908	110	telefonbuch_112	PTT-Archiv, P-260-1_Basel_1908	Basel
Lendorff			Zürcherstrasse 15	Basel	4333	1908	110	telefonbuch_112	PTT-Archiv, P-260-1_Basel_1908	Basel
Lenz & Cie.			St. Johannring 141	Basel	736	1908	110	telefonbuch_112	PTT-Archiv, P-260-1_Basel_1908	Basel
St. Leonhards - Schulhaus			Kanonengasse 1	Basel	2082	1908	110	telefonbuch_112	PTT-Archiv, P-260-1_Basel_1908	Basel
Leonhardt	Ernst		Riehenthorstrasse 27	Basel	1504	1908	110	telefonbuch_112	PTT-Archiv, P-260-1_Basel_1908	Basel
Lesegesellschaft		allgemeine	Münsterplatz 8	Basel	1049	1908	110	telefonbuch_112	PTT-Archiv, P-260-1_Basel_1908	Basel
Letzgus-Weber	Max	Schmiedmeister	Hebelstrasse 82	Basel	28	1908	110	telefonbuch_112	PTT-Archiv, P-260-1_Basel_1908	Basel
Leu-Aby	Eduard	Malermeister	Laufenstrasse 78	Basel	2722	1908	110	telefonbuch_112	PTT-Archiv, P-260-1_Basel_1908	Basel
Leu-Lerch	Jakob	Gärtner	Rheinfelderstrasse 9	Basel	3817	1908	110	telefonbuch_112	PTT-Archiv, P-260-1_Basel_1908	Basel
Leuenberger-Grauwyler		Gebrüder, Metzgermstr.	Aeschenvorstadt 71	Basel	1942	1908	110	telefonbuch_112	PTT-Archiv, P-260-1_Basel_1908	Basel
Leuenberger-Grauwyler		Dieselben	St. Albanvorstadt 56	Basel	1822	1908	110	telefonbuch_112	PTT-Archiv, P-260-1_Basel_1908	Basel
Leumann-Spyri	Alb.	Dr. phil.	Solothurnerstr. 89	Basel	2981	1908	110	telefonbuch_112	PTT-Archiv, P-260-1_Basel_1908	Basel
Leupin-Gaille	Hans	Wirt	Centralbahnplatz 7	Basel	508	1908	110	telefonbuch_112	PTT-Archiv, P-260-1_Basel_1908	Basel
Levaillant	B.	& Co.	Schützengraben 34	Basel	2851	1908	110	telefonbuch_112	PTT-Archiv, P-260-1_Basel_1908	Basel
Levaillant-Bollag	S.		Steinengraben 12	Basel	2984	1908	110	telefonbuch_112	PTT-Archiv, P-260-1_Basel_1908	Basel
Levaillant	H.	Pferdehändler	Spalenring 56	Basel	2678	1908	110	telefonbuch_112	PTT-Archiv, P-260-1_Basel_1908	Basel
Levaillant-Levy	B.		Feierabendstrasse 57	Basel	4637	1908	110	telefonbuch_112	PTT-Archiv, P-260-1_Basel_1908	Basel
Levy	Albert		Holbeinstrasse 17	Basel	853	1908	110	telefonbuch_112	PTT-Archiv, P-260-1_Basel_1908	Basel
Levy		B. & S., Anglo-American Steel Works	Birsigstrasse 18	Basel	4363	1908	110	telefonbuch_112	PTT-Archiv, P-260-1_Basel_1908	Basel
Levy-Brunschwig	P.		Heumattstrasse 15	Basel	2170	1908	110	telefonbuch_112	PTT-Archiv, P-260-1_Basel_1908	Basel
Levy	Charles	Wein- und Spirituosenhandlung	Bahnhofstrasse 77	Basel	3318	1908	110	telefonbuch_112	PTT-Archiv, P-260-1_Basel_1908	Basel
Levy		fils	Lothringerstr. 167	Basel	3940	1908	110	telefonbuch_112	PTT-Archiv, P-260-1_Basel_1908	Basel
Levy frères		Papierhandlung	Solothurnerstr. 48	Basel	4091	1908	110	telefonbuch_112	PTT-Archiv, P-260-1_Basel_1908	Basel
Levy	Gabriel		Austrasse 3	Basel	1113	1908	110	telefonbuch_112	PTT-Archiv, P-260-1_Basel_1908	Basel
Levy	Gaston	Pferdehandlung	Kannenteldstr. 22	Basel	4074	1908	110	telefonbuch_112	PTT-Archiv, P-260-1_Basel_1908	Basel
Levy-Isliker	T.	Wohnung	Bachlettenstrasse 86	Basel	2527	1908	110	telefonbuch_112	PTT-Archiv, P-260-1_Basel_1908	Basel
Levy-Levy	J.		Sperrstrasse 3	Basel	3791	1908	110	telefonbuch_112	PTT-Archiv, P-260-1_Basel_1908	Basel
Levy	Marx		Arnold Böcklinstr. 23	Basel	3725	1908	110	telefonbuch_112	PTT-Archiv, P-260-1_Basel_1908	Basel
Levy-Oettinger	C.		Oberwilerstrasse 19	Basel	1127	1908	110	telefonbuch_112	PTT-Archiv, P-260-1_Basel_1908	Basel
Levy-Picard	J.	Metzgermeister	Missionsstrasse 54	Basel	4694	1908	110	telefonbuch_112	PTT-Archiv, P-260-1_Basel_1908	Basel
Levy	Robert		Hirzbodenweg 102	Basel	218	1908	110	telefonbuch_112	PTT-Archiv, P-260-1_Basel_1908	Basel
Levy-Wahl	Leon		Spalenthorweg 4	Basel	2599	1908	110	telefonbuch_112	PTT-Archiv, P-260-1_Basel_1908	Basel
Leyensätter	P.	Koffer- und Lederwaren	St. Johannvorst. 76	Basel	562	1908	110	telefonbuch_112	PTT-Archiv, P-260-1_Basel_1908	Basel
Lichtenberg	G. F.	Zahnarzt	St. Jakobstrasse 18	Basel	2305	1908	110	telefonbuch_112	PTT-Archiv, P-260-1_Basel_1908	Basel
Lichtenhahn-AWengen	Carl	Dr. jur., Advokat	Engelgasse 103	Basel	4186	1908	110	telefonbuch_112	PTT-Archiv, P-260-1_Basel_1908	Basel
Lichtenhahn-AWengen	Carl	Derselbe, Bureau	St. Albangraben 1	Basel	2154	1908	110	telefonbuch_112	PTT-Archiv, P-260-1_Basel_1908	Basel
Lichtenhahn	Hans	Buchhändler	Bättwilerstrasse 10	Basel	1271	1908	110	telefonbuch_112	PTT-Archiv, P-260-1_Basel_1908	Basel
Lichtenhahn-Hauser	J.	Wwe.	Engelgasse 5	Basel	1909	1908	110	telefonbuch_112	PTT-Archiv, P-260-1_Basel_1908	Basel
Lichtenhahn-Müller			Angensteinerstr. 14	Basel	3960	1908	110	telefonbuch_112	PTT-Archiv, P-260-1_Basel_1908	Basel
Lichtenhahn	Paul		Oberwilerstrasse 11	Basel	326	1908	110	telefonbuch_112	PTT-Archiv, P-260-1_Basel_1908	Basel
Lichtenhahn-von Wattenwyl	D.	Frau Pfr.	Bättwilerstrasse 10	Basel	1271	1908	110	telefonbuch_112	PTT-Archiv, P-260-1_Basel_1908	Basel
Lichtensteiger	Fr.	Kreispostdirektor	Mittlerestrasse 63	Basel	4607	1908	110	telefonbuch_112	PTT-Archiv, P-260-1_Basel_1908	Basel
Lichti	A.	Bureau II von Jules Ziegler	St Albanrheinweg 166	Basel	565	1908	110	telefonbuch_112	PTT-Archiv, P-260-1_Basel_1908	Basel
Lieb-Burckhardt	Susa	Frau	Birmannsgasse 13	Basel	2658	1908	110	telefonbuch_112	PTT-Archiv, P-260-1_Basel_1908	Basel
Lieb-Burckhardt	Lina	Wwe.	Socinstrasse 22	Basel	2673	1908	110	telefonbuch_112	PTT-Archiv, P-260-1_Basel_1908	Basel
Liebi-Pettermand		Waschanstalt	St. Albanthal 52	Basel	4286	1908	111	telefonbuch_113	PTT-Archiv, P-260-1_Basel_1908	Basel
Liebmann		Gebrüder, & Oehme	Steinenthorstr. 12	Basel	2250	1908	111	telefonbuch_113	PTT-Archiv, P-260-1_Basel_1908	Basel
Liebrich-Frey	H.		Rüdengasse 1	Basel	1877	1908	111	telefonbuch_113	PTT-Archiv, P-260-1_Basel_1908	Basel
Liechtenhan-Burckhardt	R. E.	Wwe.	Kanonengasse 25	Basel	540	1908	111	telefonbuch_113	PTT-Archiv, P-260-1_Basel_1908	Basel
Liechti-Burckhardt	H.		Davidsbodenstr. 59	Basel	1509	1908	111	telefonbuch_113	PTT-Archiv, P-260-1_Basel_1908	Basel
Liechti		Gebrüder, Landwirte	Singerweg 2	Basel	1732	1908	111	telefonbuch_113	PTT-Archiv, P-260-1_Basel_1908	Basel
Liechti	J. G.	& Cie.	Petersgraben 3	Basel	3816	1908	111	telefonbuch_113	PTT-Archiv, P-260-1_Basel_1908	Basel
Lierow	A.	& Co., Lithograph	Nadelberg 12	Basel	1401	1908	111	telefonbuch_113	PTT-Archiv, P-260-1_Basel_1908	Basel
Ligibel	Ch.	Md.-Tailleur	Bruderholzstrasse 49	Basel	3243	1908	111	telefonbuch_113	PTT-Archiv, P-260-1_Basel_1908	Basel
Lindenmeyer-Müller	E.	Wwe.	Missionsstrasse 12	Basel	2617	1908	111	telefonbuch_113	PTT-Archiv, P-260-1_Basel_1908	Basel
Lindenmeyer-Seiler	Fritz		Mittlerestrasse 5	Basel	851	1908	111	telefonbuch_113	PTT-Archiv, P-260-1_Basel_1908	Basel
Lindenmeyer-Seiler	Fritz	Derselbe, siehe unter „Riehen“		Basel		1908	111	telefonbuch_113	PTT-Archiv, P-260-1_Basel_1908	Basel
Linder	J. J.	Billo & Co.	St. Johannvorst. 10	Basel	621	1908	111	telefonbuch_113	PTT-Archiv, P-260-1_Basel_1908	Basel
Linder	J. J.	Dieselben, Zettlerei	Oetlingerstrasse 75	Basel	3007	1908	111	telefonbuch_113	PTT-Archiv, P-260-1_Basel_1908	Basel
Linder	Rudolf	Wohnung	Wettsteinplatz 8	Basel	3727	1908	111	telefonbuch_113	PTT-Archiv, P-260-1_Basel_1908	Basel
Linder	Rudolf	Derselbe, Architekturbureau	Wettsteinplatz 8	Basel	264	1908	111	telefonbuch_113	PTT-Archiv, P-260-1_Basel_1908	Basel
Linder-Hopf	L.	Wwe.	Missionsstrasse 31	Basel	2628	1908	111	telefonbuch_113	PTT-Archiv, P-260-1_Basel_1908	Basel
Linder-Kummer	R.		Austrasse 37	Basel	2979	1908	111	telefonbuch_113	PTT-Archiv, P-260-1_Basel_1908	Basel
Linder	Paul	Dr., Advokaturbureau	Freiestrasse 6	Basel	1159	1908	111	telefonbuch_113	PTT-Archiv, P-260-1_Basel_1908	Basel
Linder-Preiswerk	H.		Mittlerestrasse 39	Basel	84	1908	111	telefonbuch_113	PTT-Archiv, P-260-1_Basel_1908	Basel
Lindner	Carl	Buchbindermeister	Nadelberg 3	Basel	9	1908	111	telefonbuch_113	PTT-Archiv, P-260-1_Basel_1908	Basel
Link	Fritz	Schreiner	Petersgasse 48	Basel	1562	1908	111	telefonbuch_113	PTT-Archiv, P-260-1_Basel_1908	Basel
Lippmann	S.	Ausstattungsmagazin	Steinenvorstadt 58	Basel	2490	1908	111	telefonbuch_113	PTT-Archiv, P-260-1_Basel_1908	Basel
Lippmann	Leop.	Weinhandlung u. Spirituosen	Steinenthorstr. 27	Basel	3068	1908	111	telefonbuch_113	PTT-Archiv, P-260-1_Basel_1908	Basel
Lips-Boss	Rud.	Malermeister	Petersgraben 47	Basel	1433	1908	111	telefonbuch_113	PTT-Archiv, P-260-1_Basel_1908	Basel
Lips		Gebrüder, Lithographen	Nadelberg 37	Basel	2656	1908	111	telefonbuch_113	PTT-Archiv, P-260-1_Basel_1908	Basel
Lips-Rauch	Jb.	Glasermeister	Thannerstrasse 7	Basel	990	1908	111	telefonbuch_113	PTT-Archiv, P-260-1_Basel_1908	Basel
Lithographie Wolf			Unt. Heuberg 2	Basel	2853	1908	111	telefonbuch_113	PTT-Archiv, P-260-1_Basel_1908	Basel
Litzler & Keller		Feuerwerker, Bureau	Socinstrasse 15	Basel	892	1908	111	telefonbuch_113	PTT-Archiv, P-260-1_Basel_1908	Basel
Litzler & Keller		Dieselben, Werkhof und Magazin	Klybeckstrasse 124	Basel	775	1908	111	telefonbuch_113	PTT-Archiv, P-260-1_Basel_1908	Basel
Loeb		Gebrüder, Söhne	Eisengasse 21	Basel	1583	1908	111	telefonbuch_113	PTT-Archiv, P-260-1_Basel_1908	Basel
Löb-Schwarz	Justus		Spalenthorweg 54	Basel	2684	1908	111	telefonbuch_113	PTT-Archiv, P-260-1_Basel_1908	Basel
Locher-Vögeli	G.	zum Colmarerhof	Colmarerstrasse 42	Basel	471	1908	111	telefonbuch_113	PTT-Archiv, P-260-1_Basel_1908	Basel
Lodewig	Wilh.	Architekt	Leonhardstrasse 10	Basel	2914	1908	111	telefonbuch_113	PTT-Archiv, P-260-1_Basel_1908	Basel
Löffel	Wilhelm	Baugeschäft	Vogesenstrasse 140	Basel	1318	1908	111	telefonbuch_113	PTT-Archiv, P-260-1_Basel_1908	Basel
Löffler	Carl		Steinengraben 8	Basel	2940	1908	111	telefonbuch_113	PTT-Archiv, P-260-1_Basel_1908	Basel
Löffler & Co.			Gerbergasse 2	Basel	1438	1908	111	telefonbuch_113	PTT-Archiv, P-260-1_Basel_1908	Basel
Löffler & Co.		Dieselben, Magazin, Güterbahnhof	St. Johann	Basel	222	1908	111	telefonbuch_113	PTT-Archiv, P-260-1_Basel_1908	Basel
Lohner	J.	Malermeister	St. Albanthal 40	Basel	4146	1908	111	telefonbuch_113	PTT-Archiv, P-260-1_Basel_1908	Basel
Löhrer-Gysin	Jb.	Baugeschäft	Sperrstrasse 91	Basel	3322	1908	111	telefonbuch_113	PTT-Archiv, P-260-1_Basel_1908	Basel
Löhrich-Brombacher	H.		Bahnhofstrasse 107	Basel	83	1908	111	telefonbuch_113	PTT-Archiv, P-260-1_Basel_1908	Basel
Löliger-Jenny	Fritz		Margarethenstr. 99	Basel	3016	1908	111	telefonbuch_113	PTT-Archiv, P-260-1_Basel_1908	Basel
London Tea Company			Petersgraben 37	Basel	1450	1908	111	telefonbuch_113	PTT-Archiv, P-260-1_Basel_1908	Basel
London Union		Vertr.: A. Schmid	Inn. Margarethenstr. 22	Basel	4395	1908	111	telefonbuch_113	PTT-Archiv, P-260-1_Basel_1908	Basel
Lorenz	Ed.	Kürschner und Pelzhandlung	Spalenberg 9	Basel	2600	1908	111	telefonbuch_113	PTT-Archiv, P-260-1_Basel_1908	Basel
Lorétan-Huguenin	H.		Wartenbergstr. 28	Basel	1625	1908	111	telefonbuch_113	PTT-Archiv, P-260-1_Basel_1908	Basel
Lörtscher	Gottfried	Wirtschaft	Rebgasse 4	Basel	4640	1908	111	telefonbuch_113	PTT-Archiv, P-260-1_Basel_1908	Basel
Lotz	Albert	Dr., prakt. Arzt	Austrasse 40	Basel	418	1908	111	telefonbuch_113	PTT-Archiv, P-260-1_Basel_1908	Basel
Lotz	Arnold	Dr. med.	Austrasse 2	Basel	3061	1908	111	telefonbuch_113	PTT-Archiv, P-260-1_Basel_1908	Basel
Lotz	A.	& Co.	Rheingasse 33	Basel	1184	1908	112	telefonbuch_114	PTT-Archiv, P-260-1_Basel_1908	Basel
Lotz-Gocht	P.	Frau	Hebelstrasse 14	Basel	628	1908	112	telefonbuch_114	PTT-Archiv, P-260-1_Basel_1908	Basel
Lotz-Landerer	Th.	Dr. med.	Leonhardstrasse 4	Basel	2987	1908	112	telefonbuch_114	PTT-Archiv, P-260-1_Basel_1908	Basel
Lotze-Lips	G.	Spenglermeister	Grellingerstrasse 41	Basel	3592	1908	112	telefonbuch_114	PTT-Archiv, P-260-1_Basel_1908	Basel
Löw & Spreyermann			Birmannsgasse 17	Basel	3194	1908	112	telefonbuch_114	PTT-Archiv, P-260-1_Basel_1908	Basel
Löwenbräu		Basler	Grenzacherstr. 124	Basel	3175	1908	112	telefonbuch_114	PTT-Archiv, P-260-1_Basel_1908	Basel
Löwenbräu		Oscar Türke	Clarastrasse 2	Basel	3527	1908	112	telefonbuch_114	PTT-Archiv, P-260-1_Basel_1908	Basel
Löwenbräu			Aeschenvorstadt 45	Basel	1946	1908	112	telefonbuch_114	PTT-Archiv, P-260-1_Basel_1908	Basel
Löwenbräu			Bahnhofstrasse 51	Basel	3420	1908	112	telefonbuch_114	PTT-Archiv, P-260-1_Basel_1908	Basel
Löwenbräu			Amerbachstrasse 67	Basel	380	1908	112	telefonbuch_114	PTT-Archiv, P-260-1_Basel_1908	Basel
Löwenbräu			Erlenpark	Basel	740	1908	112	telefonbuch_114	PTT-Archiv, P-260-1_Basel_1908	Basel
Lüber-Bell	W.	Dr.	Grellingerstrasse 84	Basel	4243	1908	112	telefonbuch_114	PTT-Archiv, P-260-1_Basel_1908	Basel
Lüchinger	Jakob	Eierhandlung	Dornacherstrasse 36	Basel	4095	1908	112	telefonbuch_114	PTT-Archiv, P-260-1_Basel_1908	Basel
Ludin	Fritz	Conditor	Streitgasse 7	Basel	1963	1908	112	telefonbuch_114	PTT-Archiv, P-260-1_Basel_1908	Basel
Ludin-Bachert	Ludwig	Wirt	Falknerstrasse 31	Basel	1797	1908	112	telefonbuch_114	PTT-Archiv, P-260-1_Basel_1908	Basel
Lüdin-Jundt	H.		Eulerstrasse 62	Basel	2701	1908	112	telefonbuch_114	PTT-Archiv, P-260-1_Basel_1908	Basel
Lumpert	Albert	Schuhhandlung	Eisengasse 34	Basel	1383	1908	112	telefonbuch_114	PTT-Archiv, P-260-1_Basel_1908	Basel
Lüscher-Burckhardt	Rud.		Aeschengraben 16	Basel	1972	1908	112	telefonbuch_114	PTT-Archiv, P-260-1_Basel_1908	Basel
Lüscher		& Co.	Freiestrasse 74	Basel	2338	1908	112	telefonbuch_114	PTT-Archiv, P-260-1_Basel_1908	Basel
Lüscher		Börse	Börse	Basel	3148	1908	112	telefonbuch_114	PTT-Archiv, P-260-1_Basel_1908	Basel
Lüscher		Börse	Börse	Basel	3145	1908	112	telefonbuch_114	PTT-Archiv, P-260-1_Basel_1908	Basel
Lüscher	Gust.	Hotel Schwarzer Ochsen	Schützenmattstr. 2	Basel	2301	1908	112	telefonbuch_114	PTT-Archiv, P-260-1_Basel_1908	Basel
Lüscher	J. A.	Metzger	Schneidergasse 9	Basel	1609	1908	112	telefonbuch_114	PTT-Archiv, P-260-1_Basel_1908	Basel
Lüscher-Streckeisen	C.		Aeschengraben 13	Basel	2304	1908	112	telefonbuch_114	PTT-Archiv, P-260-1_Basel_1908	Basel
Lüscher-Wieland	W.		Leonhardstrasse 2	Basel	2996	1908	112	telefonbuch_114	PTT-Archiv, P-260-1_Basel_1908	Basel
Luschka	A.		Oberwilerstrasse 68	Basel	3066	1908	112	telefonbuch_114	PTT-Archiv, P-260-1_Basel_1908	Basel
Lüssi	J. J.		Nonnenweg 6	Basel	840	1908	112	telefonbuch_114	PTT-Archiv, P-260-1_Basel_1908	Basel
Lüssy-Gemuseus	Rob.	Dr.	Angensteinerstr. 28	Basel	3530	1908	112	telefonbuch_114	PTT-Archiv, P-260-1_Basel_1908	Basel
Lüthy-Aichner	E.		Schanzenstrasse 22	Basel	1740	1908	112	telefonbuch_114	PTT-Archiv, P-260-1_Basel_1908	Basel
Lüthy-Albrecht	Samuel	Säger	Elsässerstrasse 36	Basel	3461	1908	112	telefonbuch_114	PTT-Archiv, P-260-1_Basel_1908	Basel
Lüthy	Gottlieb	Charcuterie	Gerbergasse 52	Basel	2572	1908	112	telefonbuch_114	PTT-Archiv, P-260-1_Basel_1908	Basel
Lüthy-Spühler	J. C.		Centralbahnstr. 3	Basel	1010	1908	112	telefonbuch_114	PTT-Archiv, P-260-1_Basel_1908	Basel
Lutz	Otto	Dr., Advokat (Bureau)	Aeschenvorstadt 36	Basel	2348	1908	112	telefonbuch_114	PTT-Archiv, P-260-1_Basel_1908	Basel
Lutz	Otto	Wohnung	Feierabendstrasse 31	Basel	3906	1908	112	telefonbuch_114	PTT-Archiv, P-260-1_Basel_1908	Basel
Lutz-Georg	Th.	Architekt	St. Johannring 105	Basel	1488	1908	112	telefonbuch_114	PTT-Archiv, P-260-1_Basel_1908	Basel
Lutz & Schraemli			Güterstrasse 142	Basel	4063	1908	112	telefonbuch_114	PTT-Archiv, P-260-1_Basel_1908	Basel
Maas	Franz	Papierhandlung	Schneidergasse 28	Basel	567	1908	112	telefonbuch_114	PTT-Archiv, P-260-1_Basel_1908	Basel
Mackenthun	E.	& Co.	St. Johannvorst. 42	Basel	1837	1908	112	telefonbuch_114	PTT-Archiv, P-260-1_Basel_1908	Basel
Madörin	F. A.		Klingenthal 5	Basel	1291	1908	112	telefonbuch_114	PTT-Archiv, P-260-1_Basel_1908	Basel
Madöry	Hermann		Leonhardstrasse 24	Basel	2594	1908	112	telefonbuch_114	PTT-Archiv, P-260-1_Basel_1908	Basel
Maeder-Burkhalter	A.		Birmannsgasse 37	Basel	2142	1908	112	telefonbuch_114	PTT-Archiv, P-260-1_Basel_1908	Basel
Maeder	D.	Söhne, Parfumerie-Magazin	Freiestrasse 101	Basel	1865	1908	112	telefonbuch_114	PTT-Archiv, P-260-1_Basel_1908	Basel
Maeder	D.	Wohnung	Schaffh. Rheinweg 67	Basel	1116	1908	112	telefonbuch_114	PTT-Archiv, P-260-1_Basel_1908	Basel
Maeder	Fritz	Vertr. von A. Schnebli, Baden	Hirschgasse 15	Basel	516	1908	112	telefonbuch_114	PTT-Archiv, P-260-1_Basel_1908	Basel
Maeder-Salathé	Adolf		Arnold Böcklinstr. 29	Basel	3094	1908	112	telefonbuch_114	PTT-Archiv, P-260-1_Basel_1908	Basel
Magazine zu den vier Jahreszeiten		(vormals A. Eppens Sohn)	Clarastrasse 7	Basel	3506	1908	112	telefonbuch_114	PTT-Archiv, P-260-1_Basel_1908	Basel
Magazine zu den vier Jahreszeiten			Eisengasse 28	Basel	1592	1908	112	telefonbuch_114	PTT-Archiv, P-260-1_Basel_1908	Basel
Magazine zu den vier Jahreszeiten			Eisengasse 30	Basel	1556	1908	112	telefonbuch_114	PTT-Archiv, P-260-1_Basel_1908	Basel
Magazine zum Globus A. G.			Marktplatz 1/2	Basel	1730	1908	113	telefonbuch_115	PTT-Archiv, P-260-1_Basel_1908	Basel
Magazine zum wilden Mann		vorm. Jakob Sutter	Freiestrasse 35	Basel	1074	1908	113	telefonbuch_115	PTT-Archiv, P-260-1_Basel_1908	Basel
zur Mägd	Jules Weber	Restaurateur	St. Johannvorst. 29	Basel	3935	1908	113	telefonbuch_115	PTT-Archiv, P-260-1_Basel_1908	Basel
Mäglin-Grunauer	E.	Wwe.	Florastrasse 2	Basel	3337	1908	113	telefonbuch_115	PTT-Archiv, P-260-1_Basel_1908	Basel
Mäglin	J. J.	Wwe., Weinhandlung	Schützenmattstr. 16	Basel	2737	1908	113	telefonbuch_115	PTT-Archiv, P-260-1_Basel_1908	Basel
Mähly-Brenner	J.	Prof. Dr.	Sevogelstrasse 64	Basel	4248	1908	113	telefonbuch_115	PTT-Archiv, P-260-1_Basel_1908	Basel
Mähly-Eglinger	J.	Dr.	Sonnenweg 2	Basel	3625	1908	113	telefonbuch_115	PTT-Archiv, P-260-1_Basel_1908	Basel
Mähly-Sessler	Friedr.		Arnold Böcklinstr. 44	Basel	2855	1908	113	telefonbuch_115	PTT-Archiv, P-260-1_Basel_1908	Basel
Maier-Brunner	F.	Restaurateur, Rebleutenzunft	Freiestrasse 50	Basel	1906	1908	113	telefonbuch_115	PTT-Archiv, P-260-1_Basel_1908	Basel
Maier-Engler	Ed.	Wirt	Grenzacherstr. 276	Basel	3231	1908	113	telefonbuch_115	PTT-Archiv, P-260-1_Basel_1908	Basel
Maier	G. A.	Agentur	Dornacherstr. 185	Basel	2762	1908	113	telefonbuch_115	PTT-Archiv, P-260-1_Basel_1908	Basel
Maier, Jacques, & Co.			Marktgasse 16	Basel	1553	1908	113	telefonbuch_115	PTT-Archiv, P-260-1_Basel_1908	Basel
Maier	Karl	Agentur	Inn. Margarethenstr. 10	Basel	3269	1908	113	telefonbuch_115	PTT-Archiv, P-260-1_Basel_1908	Basel
Mailänder Gardinenfabrik Francesco Gola & Soci		Vertr. R. Moor	Wintergasse 18	Basel	3547	1908	113	telefonbuch_115	PTT-Archiv, P-260-1_Basel_1908	Basel
Majer	Philipp	Farbwaren	Claragraben 82	Basel	1163	1908	113	telefonbuch_115	PTT-Archiv, P-260-1_Basel_1908	Basel
Mamier	Leo	Metzger	Hardstrasse 58	Basel	3340	1908	113	telefonbuch_115	PTT-Archiv, P-260-1_Basel_1908	Basel
Mandowsky	A.	Nachf. G. Seligmann	Marktplatz 4	Basel	2464	1908	113	telefonbuch_115	PTT-Archiv, P-260-1_Basel_1908	Basel
Manger	Emil		Sempacherstrasse 17	Basel	4096	1908	113	telefonbuch_115	PTT-Archiv, P-260-1_Basel_1908	Basel
Manger	Fritz		Gerbergasse 81	Basel	2122	1908	113	telefonbuch_115	PTT-Archiv, P-260-1_Basel_1908	Basel
Mangold, Emondts & Cie.		chem. Waschanstalt und Färberei	Birsigstrasse 5	Basel	4554	1908	113	telefonbuch_115	PTT-Archiv, P-260-1_Basel_1908	Basel
Mangold & Co.			Hammerstrasse 144	Basel	3447	1908	113	telefonbuch_115	PTT-Archiv, P-260-1_Basel_1908	Basel
Mangold-Hoffner	M.	Wwe.	Hammerstrasse 144	Basel	3447	1908	113	telefonbuch_115	PTT-Archiv, P-260-1_Basel_1908	Basel
Manissadjian & Cie.		Bureaux	Nonnenweg 88	Basel	1798	1908	113	telefonbuch_115	PTT-Archiv, P-260-1_Basel_1908	Basel
Mannheimer Lagerhausgesellschaft		Filiale Basel	Klybeckstrasse 74	Basel	1137	1908	113	telefonbuch_115	PTT-Archiv, P-260-1_Basel_1908	Basel
Mannheimer Lagerhausgesellschaft		Dieselbe	Bad. Güterbahnhof	Basel	4425	1908	113	telefonbuch_115	PTT-Archiv, P-260-1_Basel_1908	Basel
Marchal	M.		Wallstrasse 11	Basel	2202	1908	113	telefonbuch_115	PTT-Archiv, P-260-1_Basel_1908	Basel
Marchetti-Trinkler	P.	Comestibles	Aeschenvorstadt 22	Basel	2090	1908	113	telefonbuch_115	PTT-Archiv, P-260-1_Basel_1908	Basel
Marck-Stahl	Wilh.	Architekt	Allschwilerstr. 57	Basel	4527	1908	113	telefonbuch_115	PTT-Archiv, P-260-1_Basel_1908	Basel
Marcolli	Cesar	Bauunternehmer	Pfeffelstrasse 30	Basel	966	1908	113	telefonbuch_115	PTT-Archiv, P-260-1_Basel_1908	Basel
Marfort	Alb.		Freiestrasse 37	Basel	1077	1908	113	telefonbuch_115	PTT-Archiv, P-260-1_Basel_1908	Basel
Margarethen-Kaffeewirtschaft			Gundoldingerstr. 1	Basel	4053	1908	113	telefonbuch_115	PTT-Archiv, P-260-1_Basel_1908	Basel
Margulies	Heinrich	Eier-Export und Import	Solothurnerstr. 50	Basel	3391	1908	113	telefonbuch_115	PTT-Archiv, P-260-1_Basel_1908	Basel
Marienhaus (Institut Ingenbohl)			Horburgstrasse 54	Basel	3361	1908	113	telefonbuch_115	PTT-Archiv, P-260-1_Basel_1908	Basel
Marienkirche		Pfarr-Rektorat	Austrasse 30	Basel	3019	1908	113	telefonbuch_115	PTT-Archiv, P-260-1_Basel_1908	Basel
Mark	André	Dr.	Mühlenberg 7	Basel	509	1908	113	telefonbuch_115	PTT-Archiv, P-260-1_Basel_1908	Basel
Markees	E.	Dr., prakt. Arzt	Winkelriedplatz 9	Basel	4014	1908	113	telefonbuch_115	PTT-Archiv, P-260-1_Basel_1908	Basel
Markees	Ed.	Dr., Apotheker	Sevogelstrasse 51	Basel	3560	1908	113	telefonbuch_115	PTT-Archiv, P-260-1_Basel_1908	Basel
Markees-Jecklin	Johanna	Frau	Byfangweg 12	Basel	2994	1908	113	telefonbuch_115	PTT-Archiv, P-260-1_Basel_1908	Basel
Markewitz	J. & F.		Steinenvorstadt 5	Basel	526	1908	113	telefonbuch_115	PTT-Archiv, P-260-1_Basel_1908	Basel
Märklin-Spirgi	E.	Malermeister	Kohlenberggasse 8	Basel	4396	1908	113	telefonbuch_115	PTT-Archiv, P-260-1_Basel_1908	Basel
Martin-Birk	J. K.	Wirt	Bachlettenstrasse 19	Basel	2551	1908	113	telefonbuch_115	PTT-Archiv, P-260-1_Basel_1908	Basel
Martin-Bollinger	C.	Buchbinderei und Papeterie	Kohlenberg 4	Basel	2460	1908	113	telefonbuch_115	PTT-Archiv, P-260-1_Basel_1908	Basel
Martin	Heinrich	Sohn, Maler	Ob. Rebgasse 24	Basel	1199	1908	113	telefonbuch_115	PTT-Archiv, P-260-1_Basel_1908	Basel
Maritz-Spiess	S.	Frau	Mühlenberg 3	Basel	4157	1908	113	telefonbuch_115	PTT-Archiv, P-260-1_Basel_1908	Basel
Marx	Adolph		Leimenstrasse 62	Basel	2920	1908	113	telefonbuch_115	PTT-Archiv, P-260-1_Basel_1908	Basel
Maschinenbau-Gesellschaft			Hochstrasse 34	Basel	3919	1908	113	telefonbuch_115	PTT-Archiv, P-260-1_Basel_1908	Basel
Maschinenfabrik Burckhardt A.-G.			Dornacherstr. 192	Basel	3757	1908	113	telefonbuch_115	PTT-Archiv, P-260-1_Basel_1908	Basel
Mascioni-Eckenstein	B.	Dr.	St. Johannring 90	Basel	1103	1908	114	telefonbuch_116	PTT-Archiv, P-260-1_Basel_1908	Basel
Maser-Hofer	Jean	Wirt	Ryffstrasse 5	Basel	1728	1908	114	telefonbuch_116	PTT-Archiv, P-260-1_Basel_1908	Basel
Maser-Hofer	Jean	Metzgerei	Breisacherstrasse 90	Basel	550	1908	114	telefonbuch_116	PTT-Archiv, P-260-1_Basel_1908	Basel
Maser-Leberth	Chr.	Wirt	Horburgstrasse 30	Basel	4443	1908	114	telefonbuch_116	PTT-Archiv, P-260-1_Basel_1908	Basel
Massini	Hans	Ingenieur	St. Albananlage 6	Basel	4236	1908	114	telefonbuch_116	PTT-Archiv, P-260-1_Basel_1908	Basel
Massini		Frau Prof. Dr.	Steinengraben 71	Basel	2553	1908	114	telefonbuch_116	PTT-Archiv, P-260-1_Basel_1908	Basel
Massmünster-Düblin	Ad.		Margarethenstr. 21	Basel	4564	1908	114	telefonbuch_116	PTT-Archiv, P-260-1_Basel_1908	Basel
Mast	Jakob	Ingenieur	Grenzacherstrasse 3	Basel	3245	1908	114	telefonbuch_116	PTT-Archiv, P-260-1_Basel_1908	Basel
Mast-Strobel	Hans	Malermeister	Dornacherstrasse 238	Basel	4520	1908	114	telefonbuch_116	PTT-Archiv, P-260-1_Basel_1908	Basel
Masüger	A.	Dr. med.	Feldbergstrasse 88	Basel	1991	1908	114	telefonbuch_116	PTT-Archiv, P-260-1_Basel_1908	Basel
Mathis-Ammann	J.	Milch-, Käse- u. Butterhdlg.	Blumenrain 26	Basel	318	1908	114	telefonbuch_116	PTT-Archiv, P-260-1_Basel_1908	Basel
Mathiss	Emil		Schützenmattstr. 16	Basel	2847	1908	114	telefonbuch_116	PTT-Archiv, P-260-1_Basel_1908	Basel
Matthey-Meier & Co.		Sargmagazin und Desinfektionsanstalt	Steinenvorstadt 25	Basel	2199	1908	114	telefonbuch_116	PTT-Archiv, P-260-1_Basel_1908	Basel
Matthey-Meier & Co.		Dieselben	Ob. Rebgasse 25	Basel	1211	1908	114	telefonbuch_116	PTT-Archiv, P-260-1_Basel_1908	Basel
Mattmüller-Glatt	Aug.		Farbstrasse 35	Basel	386	1908	114	telefonbuch_116	PTT-Archiv, P-260-1_Basel_1908	Basel
Matzinger	Julius	Dr.	Margarethenstr. 49	Basel	4040	1908	114	telefonbuch_116	PTT-Archiv, P-260-1_Basel_1908	Basel
Matzinger	F.	Linoleumhandlung	Steinenberg 25	Basel	2126	1908	114	telefonbuch_116	PTT-Archiv, P-260-1_Basel_1908	Basel
Maune	G.	Küferei und Weinhandlung	Obere Rebgasse 21	Basel	3250	1908	114	telefonbuch_116	PTT-Archiv, P-260-1_Basel_1908	Basel
Maurer	Gottlieb	Lackfabr., Leimexport-Import	Heumattstrasse 13	Basel	1124	1908	114	telefonbuch_116	PTT-Archiv, P-260-1_Basel_1908	Basel
Maurer	H.		Riehenthorstr. 12	Basel	34	1908	114	telefonbuch_116	PTT-Archiv, P-260-1_Basel_1908	Basel
Maurer-Schenk	G.	Bäckerei	Färberstrasse 5	Basel	3793	1908	114	telefonbuch_116	PTT-Archiv, P-260-1_Basel_1908	Basel
Maurerverband der Schweiz			Blumenrain 5	Basel	1656	1908	114	telefonbuch_116	PTT-Archiv, P-260-1_Basel_1908	Basel
Mauthe-Schlenker	Joh.	Wirt	Burgfelderstrasse 2	Basel	1268	1908	114	telefonbuch_116	PTT-Archiv, P-260-1_Basel_1908	Basel
Mautz-Dahler	S.	Wwe.	Wiesendamm 1	Basel	904	1908	114	telefonbuch_116	PTT-Archiv, P-260-1_Basel_1908	Basel
Mavrogordato		Société anonyme pour l'exploitation des brevets Mavrogordato	Güterstrasse 146	Basel	1779	1908	114	telefonbuch_116	PTT-Archiv, P-260-1_Basel_1908	Basel
May	August	Buchbinder	Spalenvorstadt 21	Basel	2688	1908	114	telefonbuch_116	PTT-Archiv, P-260-1_Basel_1908	Basel
May	Camille		Feierabendstr. 39	Basel	4437	1908	114	telefonbuch_116	PTT-Archiv, P-260-1_Basel_1908	Basel
Mayer-Besels	H.	Wwe.	Austrasse 110	Basel	2589	1908	114	telefonbuch_116	PTT-Archiv, P-260-1_Basel_1908	Basel
Mayer-Holz	Friedr.	Wirt	Feldbergstrasse 23	Basel	1222	1908	114	telefonbuch_116	PTT-Archiv, P-260-1_Basel_1908	Basel
Mayer	J. de A.		Austrasse 52	Basel	2883	1908	114	telefonbuch_116	PTT-Archiv, P-260-1_Basel_1908	Basel
Mayer-Kirchhofer	Jos.	Bäcker	Unterer Heuberg 21	Basel	2160	1908	114	telefonbuch_116	PTT-Archiv, P-260-1_Basel_1908	Basel
Mayer	Louis	Wwe., & Co.	Vogesenstrasse 137	Basel	3893	1908	114	telefonbuch_116	PTT-Archiv, P-260-1_Basel_1908	Basel
Mayer-Sommer	M.		Steinenthorberg 8	Basel	530	1908	114	telefonbuch_116	PTT-Archiv, P-260-1_Basel_1908	Basel
Mayor	A. H.	Fleurs naturelles	Sattelgasse 19	Basel	174	1908	114	telefonbuch_116	PTT-Archiv, P-260-1_Basel_1908	Basel
Mechel-Pfaff	A.	Weinhandlung	Obere Rebgasse 28	Basel	1215	1908	114	telefonbuch_116	PTT-Archiv, P-260-1_Basel_1908	Basel
Mechel	R.	Söhne	Unt. Rheingasse 17	Basel	1267	1908	114	telefonbuch_116	PTT-Archiv, P-260-1_Basel_1908	Basel
Mechel-Rosenmund	Alb.	Wwe.	Schaffh. Rheinweg 77	Basel	3735	1908	114	telefonbuch_116	PTT-Archiv, P-260-1_Basel_1908	Basel
von Mechel - von Sprecher	A.		Angensteinerstr. 19	Basel	205	1908	114	telefonbuch_116	PTT-Archiv, P-260-1_Basel_1908	Basel
Meder	G.	Buchdruckerei u. Schreibmaterialien	St. Johannvorst. 23	Basel	3281	1908	114	telefonbuch_116	PTT-Archiv, P-260-1_Basel_1908	Basel
Meerwein	Fr.		St. Albanvorstadt 18	Basel	1846	1908	114	telefonbuch_116	PTT-Archiv, P-260-1_Basel_1908	Basel
Meerwein	Hans	Dr., Arzt	Missionsstrasse 16	Basel	4695	1908	114	telefonbuch_116	PTT-Archiv, P-260-1_Basel_1908	Basel
Meichsner-Stulz	Rob.		Theaterstrasse 18	Basel	2341	1908	114	telefonbuch_116	PTT-Archiv, P-260-1_Basel_1908	Basel
Meidinger	G.	& Cie., Bureau	Maiengasse 12	Basel	1572	1908	114	telefonbuch_116	PTT-Archiv, P-260-1_Basel_1908	Basel
Meier	F.	Dr.	St. Johannvorst. 44	Basel	1277	1908	114	telefonbuch_116	PTT-Archiv, P-260-1_Basel_1908	Basel
Meier-Meier	Frz.	Milch- und Spezereihandlg.	Müllheimerstr. 142	Basel	3343	1908	114	telefonbuch_116	PTT-Archiv, P-260-1_Basel_1908	Basel
Meier	John	Prof. Dr.	Pilgerstrasse 45	Basel	744	1908	114	telefonbuch_116	PTT-Archiv, P-260-1_Basel_1908	Basel
Meier-Trinkler	J.		Bahnhofstrasse 165	Basel	2523	1908	114	telefonbuch_116	PTT-Archiv, P-260-1_Basel_1908	Basel
Meili	Carl	Ingenieur	Mittlerestrasse 148	Basel	4729	1908	114	telefonbuch_116	PTT-Archiv, P-260-1_Basel_1908	Basel
Meili	Louise	Café Helm	Fischmarkt 4	Basel	1566	1908	115	telefonbuch_117	PTT-Archiv, P-260-1_Basel_1908	Basel
Meister	Jos.	(Bureau)	Utengasse 15	Basel	4619	1908	115	telefonbuch_117	PTT-Archiv, P-260-1_Basel_1908	Basel
Meister-Wittmann	Jos.	Wohnung	Lehenmattweg 232	Basel	1194	1908	115	telefonbuch_117	PTT-Archiv, P-260-1_Basel_1908	Basel
Mellinger	Carl	Dr., Prof.	Holbeinstrasse 1	Basel	2756	1908	115	telefonbuch_117	PTT-Archiv, P-260-1_Basel_1908	Basel
Mellinger	Karl	Holz- und Kohlenhandlung	Holbeinstrasse 36	Basel	2342	1908	115	telefonbuch_117	PTT-Archiv, P-260-1_Basel_1908	Basel
Melter		Gebrüder	Steinenvorstadt 52	Basel	480	1908	115	telefonbuch_117	PTT-Archiv, P-260-1_Basel_1908	Basel
Memmel	M. E.	Kautschukstempel-Fabrik	Bäumleingasse 14	Basel	1874	1908	115	telefonbuch_117	PTT-Archiv, P-260-1_Basel_1908	Basel
Memminger	Chr.	Metzger	Güterstrasse 321	Basel	3782	1908	115	telefonbuch_117	PTT-Archiv, P-260-1_Basel_1908	Basel
Meng-Leimgruber	Daniel	Malermeister	Pfeffingerstrasse 78	Basel	4446	1908	115	telefonbuch_117	PTT-Archiv, P-260-1_Basel_1908	Basel
Menton	Alfred	Bäckerei und Conditorei	Feldbergstrasse 31	Basel	1232	1908	115	telefonbuch_117	PTT-Archiv, P-260-1_Basel_1908	Basel
Merian	Albert		Mostackerstrasse 5	Basel	1667	1908	115	telefonbuch_117	PTT-Archiv, P-260-1_Basel_1908	Basel
Merian-Burckhardt	Sophie	Wwe.	Rittergasse 20	Basel	1815	1908	115	telefonbuch_117	PTT-Archiv, P-260-1_Basel_1908	Basel
Merian (Chr.)'sche Stiftung			Elisabethenstrasse 8	Basel	1423	1908	115	telefonbuch_117	PTT-Archiv, P-260-1_Basel_1908	Basel
Merian (Chr.)'sche Stiftung		Dieselbe	Reinacherstrasse 260	Basel	769	1908	115	telefonbuch_117	PTT-Archiv, P-260-1_Basel_1908	Basel
Merian (Chr.)'sche Stiftung		"Dieselbe, siehe unter ""St. Jakob"""		Basel	3565	1908	115	telefonbuch_117	PTT-Archiv, P-260-1_Basel_1908	Basel
Merian-Heusler	W.		Grenzacherstr. 325	Basel	3233	1908	115	telefonbuch_117	PTT-Archiv, P-260-1_Basel_1908	Basel
Merian	Julie Marg.		Langegasse 23	Basel	1904	1908	115	telefonbuch_117	PTT-Archiv, P-260-1_Basel_1908	Basel
Merian-Müller	Maria	Wwe.	Therwilerstrasse 40	Basel	3109	1908	115	telefonbuch_117	PTT-Archiv, P-260-1_Basel_1908	Basel
Merian-Paravicini	Hch.		St. Albanvorst. 82	Basel	4284	1908	115	telefonbuch_117	PTT-Archiv, P-260-1_Basel_1908	Basel
Merian-Paravicini	Hch.	Derselbe	Vogelsangweg 3	Basel	3836	1908	115	telefonbuch_117	PTT-Archiv, P-260-1_Basel_1908	Basel
Merian-Preiswerk	E. K.	Wwe.	Sevogelstrasse 58	Basel	3588	1908	115	telefonbuch_117	PTT-Archiv, P-260-1_Basel_1908	Basel
Merian	Rud.	Dr.	Riehenstrasse 154	Basel	1125	1908	115	telefonbuch_117	PTT-Archiv, P-260-1_Basel_1908	Basel
Merian	Sam. T.		Engelgasse 109	Basel	4544	1908	115	telefonbuch_117	PTT-Archiv, P-260-1_Basel_1908	Basel
Merian	R. O.	Gut Bellevue	Allmendweg 31	Basel	3842	1908	115	telefonbuch_117	PTT-Archiv, P-260-1_Basel_1908	Basel
Merian-Strauss	W.		St. Johannring 98	Basel	4594	1908	115	telefonbuch_117	PTT-Archiv, P-260-1_Basel_1908	Basel
Merian-Thurneysen	Alfred		Riehenstr. 234/246	Basel	3839	1908	115	telefonbuch_117	PTT-Archiv, P-260-1_Basel_1908	Basel
Merian-Thurneysen	Alfred	"Derselbe, Villa ""Surinam"""	Riehenstrasse 275	Basel	216	1908	115	telefonbuch_117	PTT-Archiv, P-260-1_Basel_1908	Basel
Merian-Thurneysen	Alfred	Derselbe	Münsterplatz 17	Basel	1090	1908	115	telefonbuch_117	PTT-Archiv, P-260-1_Basel_1908	Basel
Merian & Lüthy		Ingenieur-Bureau	Falknerstrasse 1	Basel	605	1908	115	telefonbuch_117	PTT-Archiv, P-260-1_Basel_1908	Basel
Merian-Weber	Friedrich		Rennweg 2	Basel	3149	1908	115	telefonbuch_117	PTT-Archiv, P-260-1_Basel_1908	Basel
Merian-Zaeslin	S. K.	Wwe.	Missionsstrasse 24	Basel	2619	1908	115	telefonbuch_117	PTT-Archiv, P-260-1_Basel_1908	Basel
Merk	A.	Schreinermeister	Sternengasse 29	Basel	2402	1908	115	telefonbuch_117	PTT-Archiv, P-260-1_Basel_1908	Basel
Merk	K.	Rektor	Bachlettenstrasse 56	Basel	2958	1908	115	telefonbuch_117	PTT-Archiv, P-260-1_Basel_1908	Basel
Merke-Hediger	M.	Wwe.	Gartenstrasse 101	Basel	1105	1908	115	telefonbuch_117	PTT-Archiv, P-260-1_Basel_1908	Basel
Merkle-Imbach	Ed.		Missionsstrasse 9	Basel	2632	1908	115	telefonbuch_117	PTT-Archiv, P-260-1_Basel_1908	Basel
Merkle & Co.			Falknerstrasse 2	Basel	3111	1908	115	telefonbuch_117	PTT-Archiv, P-260-1_Basel_1908	Basel
Merkt-Schmutz	A.	Metzger	Spalenberg 60	Basel	2686	1908	115	telefonbuch_117	PTT-Archiv, P-260-1_Basel_1908	Basel
Merkur		Schweizer Chocoladen- u. Colonialhaus	Elisabethenstrasse 1	Basel	4547	1908	115	telefonbuch_117	PTT-Archiv, P-260-1_Basel_1908	Basel
Mertz	Emil		Weidengasse 5	Basel	4298	1908	115	telefonbuch_117	PTT-Archiv, P-260-1_Basel_1908	Basel
Merz	Bernhard	elektr. Anlagen (Wohn. 3312)	Steinenthorstrasse 25	Basel	3443	1908	115	telefonbuch_117	PTT-Archiv, P-260-1_Basel_1908	Basel
Merz	Hans	Dr., Arzt	St. Johannring 16	Basel	761	1908	115	telefonbuch_117	PTT-Archiv, P-260-1_Basel_1908	Basel
Merz	Lina	Cigarrenhandlung	Eisengasse 34	Basel	1602	1908	115	telefonbuch_117	PTT-Archiv, P-260-1_Basel_1908	Basel
Messageries Anglo-Suisses			Holbeinstrasse 6	Basel	511	1908	115	telefonbuch_117	PTT-Archiv, P-260-1_Basel_1908	Basel
Métraux-Bucherer		vormals Karl Bucherer	Freiestrasse 28	Basel	1929	1908	115	telefonbuch_117	PTT-Archiv, P-260-1_Basel_1908	Basel
Metz	G.	vorm Gebr. Metz, Kunstverlag	Reichensteinerstr. 18	Basel	3533	1908	115	telefonbuch_117	PTT-Archiv, P-260-1_Basel_1908	Basel
Metzger	Adolf	Papierhandlung	Thiersteinerallee 9	Basel	4006	1908	115	telefonbuch_117	PTT-Archiv, P-260-1_Basel_1908	Basel
Metzger	E.	Entleerungsgeschäft	Leuengasse 36	Basel	3197	1908	115	telefonbuch_117	PTT-Archiv, P-260-1_Basel_1908	Basel
Metzger	Fritz	Agentur in Chemikalien, Lacke und Farben	Palmenstrasse 7	Basel	4350	1908	115	telefonbuch_117	PTT-Archiv, P-260-1_Basel_1908	Basel
Metzger	Gust.	Chemiserie-, Wäsche- und Weisswarenmagazin	Münsterberg 2	Basel	1827	1908	116	telefonbuch_118	PTT-Archiv, P-260-1_Basel_1908	Basel
Metzger	Gust.	mech. Wäschefabrik	Thiersteinerallee 23	Basel	3930	1908	116	telefonbuch_118	PTT-Archiv, P-260-1_Basel_1908	Basel
Metzger-Hugenschmidt	B.	Schreinermeister	Hammerstrasse 57	Basel	3631	1908	116	telefonbuch_118	PTT-Archiv, P-260-1_Basel_1908	Basel
Meyenrock	Fr.		Austrasse 116	Basel	4468	1908	116	telefonbuch_118	PTT-Archiv, P-260-1_Basel_1908	Basel
Meyer-Tobler	Adolf	Vertreter	Thiersteinerallee 61	Basel	4353	1908	116	telefonbuch_118	PTT-Archiv, P-260-1_Basel_1908	Basel
Meyer-Altwegg	Heinr.	Dr. med.	Petersgraben 63	Basel	2712	1908	116	telefonbuch_118	PTT-Archiv, P-260-1_Basel_1908	Basel
Meyer-Altorfer	H.	Frau	Schützenmattstr. 44	Basel	4538	1908	116	telefonbuch_118	PTT-Archiv, P-260-1_Basel_1908	Basel
Meyer	Anny		Thiersteinerallee 44	Basel	4513	1908	116	telefonbuch_118	PTT-Archiv, P-260-1_Basel_1908	Basel
Meyer	August		Rebgasse 42	Basel	1123	1908	116	telefonbuch_118	PTT-Archiv, P-260-1_Basel_1908	Basel
Meyer-Brügger	J.		Burgunderstrasse 38	Basel	2937	1908	116	telefonbuch_118	PTT-Archiv, P-260-1_Basel_1908	Basel
Meyer	Casimir		Steinenthorstr. 30	Basel	3012	1908	116	telefonbuch_118	PTT-Archiv, P-260-1_Basel_1908	Basel
Meyer	C. F.	Dr., Frauenarzt	Mittlerestrasse 35	Basel	946	1908	116	telefonbuch_118	PTT-Archiv, P-260-1_Basel_1908	Basel
Meyer	C. J. & E.		Güterstrasse 146	Basel	333	1908	116	telefonbuch_118	PTT-Archiv, P-260-1_Basel_1908	Basel
Meyer	Eduard	Dr., Zahnarzt	Steinenring 52	Basel	1957	1908	116	telefonbuch_118	PTT-Archiv, P-260-1_Basel_1908	Basel
Meyer	Fritz	Basler Margarin-Talgschmelze	Mülhauserstrasse 24	Basel	356	1908	116	telefonbuch_118	PTT-Archiv, P-260-1_Basel_1908	Basel
Meyer	Gebrüder	Baugeschäft	Allschwilerstr. 63	Basel	2677	1908	116	telefonbuch_118	PTT-Archiv, P-260-1_Basel_1908	Basel
Meyer	Hans	Bäcker	St. Albanvorst. 41	Basel	1767	1908	116	telefonbuch_118	PTT-Archiv, P-260-1_Basel_1908	Basel
Meyer-Hauser	Fr.	Fuhrhalterei u. off. Camionnage S. B. B.	Solothurnerstr. 12	Basel	2140	1908	116	telefonbuch_118	PTT-Archiv, P-260-1_Basel_1908	Basel
Meyer-Hauser	Fr.	Wohnung	Binningerstrasse 15	Basel	2627	1908	116	telefonbuch_118	PTT-Archiv, P-260-1_Basel_1908	Basel
Meyer-Hauser	Fr.	Camionnagebureau für Frachtgüter	Güterbahnhof S.B.B.	Basel	2421	1908	116	telefonbuch_118	PTT-Archiv, P-260-1_Basel_1908	Basel
Meyer-Hauser	Fr.	Eil- und Expressgüter	Personenbahnh. S.B.B.	Basel	2474	1908	116	telefonbuch_118	PTT-Archiv, P-260-1_Basel_1908	Basel
Meyer-Honegger	C.	Holzhändler	Hegenheimerstr. 70	Basel	827	1908	116	telefonbuch_118	PTT-Archiv, P-260-1_Basel_1908	Basel
Meyer-Hort	Luise	Schuhwarenhandlung	Güterstrasse 164	Basel	3955	1908	116	telefonbuch_118	PTT-Archiv, P-260-1_Basel_1908	Basel
Meyer	Joh.	Hôtel du Pont	Ob. Rheingasse 8	Basel	3516	1908	116	telefonbuch_118	PTT-Archiv, P-260-1_Basel_1908	Basel
Meyer	Jos.	Architekt, Bureau	Inn. Margarethenstr. 14	Basel	2328	1908	116	telefonbuch_118	PTT-Archiv, P-260-1_Basel_1908	Basel
Meyer-Kistler	Herm.	Spenglermeister	Unt. Heuberg 11	Basel	2440	1908	116	telefonbuch_118	PTT-Archiv, P-260-1_Basel_1908	Basel
Meyer-Kläsi	Eduard		Engelgasse 95	Basel	4193	1908	116	telefonbuch_118	PTT-Archiv, P-260-1_Basel_1908	Basel
Meyer-Lichtenhahn	Th.	(Bureau)	Elisabethenstr. 20	Basel	2139	1908	116	telefonbuch_118	PTT-Archiv, P-260-1_Basel_1908	Basel
Meyer-Lichtenhahn	Th.	(Wohnung)	Pfeffingerstrasse 107	Basel	3985	1908	116	telefonbuch_118	PTT-Archiv, P-260-1_Basel_1908	Basel
Meyer-Lieb	Paul	Dr.	Birsigstrasse 96	Basel	2223	1908	116	telefonbuch_118	PTT-Archiv, P-260-1_Basel_1908	Basel
Meyer-Märkt	Barb.	Wwe.	Steinengraben 22	Basel	2988	1908	116	telefonbuch_118	PTT-Archiv, P-260-1_Basel_1908	Basel
Meyer	Max		Birsigstrasse 120	Basel	737	1908	116	telefonbuch_118	PTT-Archiv, P-260-1_Basel_1908	Basel
Meyer-von Mechel	Eug.		Thiersteinerallee 19	Basel	4575	1908	116	telefonbuch_118	PTT-Archiv, P-260-1_Basel_1908	Basel
Meyer	Oskar	Dr., Advokat	Falknerstrasse 4/6	Basel	2354	1908	116	telefonbuch_118	PTT-Archiv, P-260-1_Basel_1908	Basel
Meyer-Pflüger	Jos.	Malermeister	Burgfelderstrasse 30	Basel	1474	1908	116	telefonbuch_118	PTT-Archiv, P-260-1_Basel_1908	Basel
Meyer	René	& Co.	Leimenstrasse 39	Basel	2944	1908	116	telefonbuch_118	PTT-Archiv, P-260-1_Basel_1908	Basel
Meyer's	J. C.	Wwe. & Co.	Gerbergässlein 22	Basel	3112	1908	116	telefonbuch_118	PTT-Archiv, P-260-1_Basel_1908	Basel
Meyer's	J. C.	Dieselben, siehe unter Pratteln		Basel		1908	116	telefonbuch_118	PTT-Archiv, P-260-1_Basel_1908	Basel
Meyer-Schaal	E.	Bäcker	Webergasse 35	Basel	1217	1908	116	telefonbuch_118	PTT-Archiv, P-260-1_Basel_1908	Basel
Meyer-Schmid	Carl	Prof. Dr.	Feierabendstrasse 71	Basel	2176	1908	116	telefonbuch_118	PTT-Archiv, P-260-1_Basel_1908	Basel
Meyer-Siegrist	A.		Pilgerstrasse 15	Basel	2782	1908	116	telefonbuch_118	PTT-Archiv, P-260-1_Basel_1908	Basel
Meyer Söhne		Weinhandlung	Leimenstrasse 22	Basel	2845	1908	116	telefonbuch_118	PTT-Archiv, P-260-1_Basel_1908	Basel
Meyer-Spoerry	A.		Sonnenweg 18	Basel	1403	1908	116	telefonbuch_118	PTT-Archiv, P-260-1_Basel_1908	Basel
Meyer-Stöcklin	Joh.	Schneidermeister	Schützengraben 58	Basel	3389	1908	116	telefonbuch_118	PTT-Archiv, P-260-1_Basel_1908	Basel
Meyer	Titus	Dr., Advokatur und Inkasso	Freiestrasse 72	Basel	1970	1908	116	telefonbuch_118	PTT-Archiv, P-260-1_Basel_1908	Basel
Meyer & Goetschel			Eulerstrasse 77	Basel	2546	1908	116	telefonbuch_118	PTT-Archiv, P-260-1_Basel_1908	Basel
Meyer-Vogel	M.	Wwe.	Steinengraben 40	Basel	3084	1908	116	telefonbuch_118	PTT-Archiv, P-260-1_Basel_1908	Basel
Meyer-von Schmid	L. H.	Wwe.	Holbeinstrasse 86	Basel	3069	1908	116	telefonbuch_118	PTT-Archiv, P-260-1_Basel_1908	Basel
Mez	A.	Prof.	Hardstrasse 164	Basel	4372	1908	116	telefonbuch_118	PTT-Archiv, P-260-1_Basel_1908	Basel
Mezger-Hersberger	J.		Hochbergerweg 23	Basel	3363	1908	117	telefonbuch_119	PTT-Archiv, P-260-1_Basel_1908	Basel
Michel	Oscar	Grand Hôtel und Hôtel Euler	Centralbahnplatz 14	Basel	2241	1908	117	telefonbuch_119	PTT-Archiv, P-260-1_Basel_1908	Basel
Mick-Bähler	Fritz	Konditor und Traiteur	Spalenring 152	Basel	952	1908	117	telefonbuch_119	PTT-Archiv, P-260-1_Basel_1908	Basel
Mick-Gschwind	Louis	Bäckermeister	Leonhardstrasse 40	Basel	4506	1908	117	telefonbuch_119	PTT-Archiv, P-260-1_Basel_1908	Basel
Mieg-Buser	Emanuel		Rothbergerstr. 27	Basel	1111	1908	117	telefonbuch_119	PTT-Archiv, P-260-1_Basel_1908	Basel
Mieg	Charles		St. Albananlage 11	Basel	292	1908	117	telefonbuch_119	PTT-Archiv, P-260-1_Basel_1908	Basel
Mieg	Emanuel		Kanonengasse 15	Basel	2481	1908	117	telefonbuch_119	PTT-Archiv, P-260-1_Basel_1908	Basel
Miescher-Berner	M.	Frau	Feierabendstrasse 25	Basel	1206	1908	117	telefonbuch_119	PTT-Archiv, P-260-1_Basel_1908	Basel
Miescher	Paul		Augustinergasse 21	Basel	3114	1908	117	telefonbuch_119	PTT-Archiv, P-260-1_Basel_1908	Basel
Miescher-Rüsch	M.	Frau	Grellingerstrasse 13	Basel	4386	1908	117	telefonbuch_119	PTT-Archiv, P-260-1_Basel_1908	Basel
Milchkuranstalt Schmid			Schönbeinstrasse 36	Basel	2592	1908	117	telefonbuch_119	PTT-Archiv, P-260-1_Basel_1908	Basel
Mineralogisch-geologische Anstalt der Universität			Münsterplatz 7	Basel	1054	1908	117	telefonbuch_119	PTT-Archiv, P-260-1_Basel_1908	Basel
Mineralwasser- und Colonialwarenhandlung		vorm. E. Krayer-Ramspérger	Freiestrasse 39	Basel	1057	1908	117	telefonbuch_119	PTT-Archiv, P-260-1_Basel_1908	Basel
Mislin	A.		Pilgerstrasse 17	Basel	3268	1908	117	telefonbuch_119	PTT-Archiv, P-260-1_Basel_1908	Basel
Missionsbuchhandlung			Missionsstrasse 21	Basel	854	1908	117	telefonbuch_119	PTT-Archiv, P-260-1_Basel_1908	Basel
Missionsbuchhandlung		Dieselbe	Eisengasse 7	Basel	1500	1908	117	telefonbuch_119	PTT-Archiv, P-260-1_Basel_1908	Basel
Missionshandlungsgesellschaft			Nonnenweg 21	Basel	2669	1908	117	telefonbuch_119	PTT-Archiv, P-260-1_Basel_1908	Basel
Missionsverwaltung			Missionsstrasse 21	Basel	2625	1908	117	telefonbuch_119	PTT-Archiv, P-260-1_Basel_1908	Basel
Misslin-Mahrer’s Erben			Leonhardstrasse 11	Basel	1479	1908	117	telefonbuch_119	PTT-Archiv, P-260-1_Basel_1908	Basel
Miville-Burckhardt	Rud.		St. Jakobsstrasse 16	Basel	1836	1908	117	telefonbuch_119	PTT-Archiv, P-260-1_Basel_1908	Basel
Miville-Iselin	R.		Gartenstrasse 73	Basel	2310	1908	117	telefonbuch_119	PTT-Archiv, P-260-1_Basel_1908	Basel
Moebius	H.	& fils, siehe unter „Kleinhüningen“		Basel	3327	1908	117	telefonbuch_119	PTT-Archiv, P-260-1_Basel_1908	Basel
Mock-Huber	F.	Kunstmaler	Leimenstrasse 79	Basel	4145	1908	117	telefonbuch_119	PTT-Archiv, P-260-1_Basel_1908	Basel
Mohler	Adolf	Cigarrenhandlung	Leonhardsgraben 2	Basel	2299	1908	117	telefonbuch_119	PTT-Archiv, P-260-1_Basel_1908	Basel
Mohler-Jauslin	Emil	Glasreinigungsgeschäft	Spiegelgasse 12	Basel	551	1908	117	telefonbuch_119	PTT-Archiv, P-260-1_Basel_1908	Basel
Möhrle	Hermann	Velofabrik	Ob. Rheingasse 23	Basel	455	1908	117	telefonbuch_119	PTT-Archiv, P-260-1_Basel_1908	Basel
Mondet-Weiler	R.	Wwe.	Gerbergasse 75	Basel	4152	1908	117	telefonbuch_119	PTT-Archiv, P-260-1_Basel_1908	Basel
Mondet-Zehnder	Louis		Gerbergasse 78	Basel	2115	1908	117	telefonbuch_119	PTT-Archiv, P-260-1_Basel_1908	Basel
Montangesellschaft Kling & Cie.			Gundoldingerstr. 177	Basel	383	1908	117	telefonbuch_119	PTT-Archiv, P-260-1_Basel_1908	Basel
Moor	Rudolf		Wintergasse 18	Basel	3547	1908	117	telefonbuch_119	PTT-Archiv, P-260-1_Basel_1908	Basel
Moor-Voss	Wilh.	Vicedirekt. d. Kantonalbank	Delsbergerallee 8	Basel	4650	1908	117	telefonbuch_119	PTT-Archiv, P-260-1_Basel_1908	Basel
Moppert-Roth	C.		Steinenthorstr. 38	Basel	2428	1908	117	telefonbuch_119	PTT-Archiv, P-260-1_Basel_1908	Basel
Morath	J.	Spenglermeister	Hammerstrasse 44	Basel	3712	1908	117	telefonbuch_119	PTT-Archiv, P-260-1_Basel_1908	Basel
Morel-Vischer	A.		Rittergasse 19	Basel	1802	1908	117	telefonbuch_119	PTT-Archiv, P-260-1_Basel_1908	Basel
Morf-Gutfleisch	J.	Wwe.	Austrasse 59	Basel	2485	1908	117	telefonbuch_119	PTT-Archiv, P-260-1_Basel_1908	Basel
Morf	J. J.	Lithographie	Petersgraben 61	Basel	1481	1908	117	telefonbuch_119	PTT-Archiv, P-260-1_Basel_1908	Basel
Mörikofer	P.		Johanniterstrasse 19	Basel	1698	1908	117	telefonbuch_119	PTT-Archiv, P-260-1_Basel_1908	Basel
Morin	Frédéric		Solothurnerstr. 41	Basel	624	1908	117	telefonbuch_119	PTT-Archiv, P-260-1_Basel_1908	Basel
Morlock	Friedr.	Zimmermeister	Landskronstr. 40	Basel	1231	1908	117	telefonbuch_119	PTT-Archiv, P-260-1_Basel_1908	Basel
Morosini		successeur B. Galfetti	Aeschenvorstadt 38	Basel	2308	1908	117	telefonbuch_119	PTT-Archiv, P-260-1_Basel_1908	Basel
Mory-Madoery	Samuel		Grellingerstrasse 9	Basel	2105	1908	117	telefonbuch_119	PTT-Archiv, P-260-1_Basel_1908	Basel
Möschinger	J.	Verbandstoffe, Sanitäts- und Gummiwaren	Spalenberg 6	Basel	1406	1908	117	telefonbuch_119	PTT-Archiv, P-260-1_Basel_1908	Basel
Möschlin	F. X.	J. A. Tritschler’s Nachf., Handelsauskunfts- und Inkassobureau	Falknerstrasse 7	Basel	1967	1908	117	telefonbuch_119	PTT-Archiv, P-260-1_Basel_1908	Basel
Moser-Ebell	Adolf		Leonhardstrasse 24	Basel	1024	1908	117	telefonbuch_119	PTT-Archiv, P-260-1_Basel_1908	Basel
Moser	Hermann	Graveur	Spalenberg 29	Basel	2496	1908	117	telefonbuch_119	PTT-Archiv, P-260-1_Basel_1908	Basel
Moser-Massini	R.		Steinengraben 21	Basel	2863	1908	117	telefonbuch_119	PTT-Archiv, P-260-1_Basel_1908	Basel
Mosse	Rudolf	Annoncen-Expedition	Freiestrasse 42	Basel	2831	1908	117	telefonbuch_119	PTT-Archiv, P-260-1_Basel_1908	Basel
Motorlastwagen Soller A.-G.			Clarastrasse 43	Basel	3481	1908	118	telefonbuch_120	PTT-Archiv, P-260-1_Basel_1908	Basel
Dieselbe		Techn. Bureau	Hochstrasse 34	Basel	4418	1908	118	telefonbuch_120	PTT-Archiv, P-260-1_Basel_1908	Basel
Mühlberg	Ernst	Papierhandlung	Greifengasse 27	Basel	1276	1908	118	telefonbuch_120	PTT-Archiv, P-260-1_Basel_1908	Basel
Mühlemann	Ernst		Bachlettenstrasse 1	Basel	228	1908	118	telefonbuch_120	PTT-Archiv, P-260-1_Basel_1908	Basel
Mühlethaler	R.	& Söhne, Droguerie	Freiestrasse 15	Basel	1344	1908	118	telefonbuch_120	PTT-Archiv, P-260-1_Basel_1908	Basel
Mühlhäusser	L.	Pfarrer	Missionsstrasse 21	Basel	543	1908	118	telefonbuch_120	PTT-Archiv, P-260-1_Basel_1908	Basel
Müller	Adam	Dr., Advokaturbureau	Klybeckstrasse 9	Basel	4662	1908	118	telefonbuch_120	PTT-Archiv, P-260-1_Basel_1908	Basel
Müller	Arnold	Gipsermeister	Leonhardsgraben 52	Basel	2888	1908	118	telefonbuch_120	PTT-Archiv, P-260-1_Basel_1908	Basel
Müller	August	Spenglermeister	Lehenmattweg 53	Basel	1108	1908	118	telefonbuch_120	PTT-Archiv, P-260-1_Basel_1908	Basel
Müller	Carl	& Vogt, Gypser	Margarethenstr. 65	Basel	4010	1908	118	telefonbuch_120	PTT-Archiv, P-260-1_Basel_1908	Basel
Müller	Emil	Handelsgärtner	Aeschenvorstadt 11	Basel	2026	1908	118	telefonbuch_120	PTT-Archiv, P-260-1_Basel_1908	Basel
Derselbe			St. Albanringw. 204	Basel	3593	1908	118	telefonbuch_120	PTT-Archiv, P-260-1_Basel_1908	Basel
Müller-Fader	Edwin		Rosshofgasse 10	Basel	296	1908	118	telefonbuch_120	PTT-Archiv, P-260-1_Basel_1908	Basel
Müller	Gust.	& Co., Weinhandlung	Utengasse 5	Basel	1165	1908	118	telefonbuch_120	PTT-Archiv, P-260-1_Basel_1908	Basel
Müller-Haberstich	F.		Marschalkenstr. 29	Basel	3843	1908	118	telefonbuch_120	PTT-Archiv, P-260-1_Basel_1908	Basel
Müller	Hans	Wirt	Erlenweg 59	Basel	393	1908	118	telefonbuch_120	PTT-Archiv, P-260-1_Basel_1908	Basel
Müller-Heer	E.	Restaurateur	Bad. Bahnhof	Basel	3469	1908	118	telefonbuch_120	PTT-Archiv, P-260-1_Basel_1908	Basel
Müller	Heinrich		Maulbeerweg 7	Basel	3511	1908	118	telefonbuch_120	PTT-Archiv, P-260-1_Basel_1908	Basel
Müller	Heinrich	Konditor	Dornacherstrasse 67	Basel	4078	1908	118	telefonbuch_120	PTT-Archiv, P-260-1_Basel_1908	Basel
Müller-Hindenlang & Co.		Käsehandlung, Bureau	Socinstrasse 42	Basel	2652	1908	118	telefonbuch_120	PTT-Archiv, P-260-1_Basel_1908	Basel
Müller	J.	Schirmfabrikant	Freiestrasse 85	Basel	1867	1908	118	telefonbuch_120	PTT-Archiv, P-260-1_Basel_1908	Basel
Derselbe			Kaufhausgasse 4	Basel	3205	1908	118	telefonbuch_120	PTT-Archiv, P-260-1_Basel_1908	Basel
Müller-Kaefer	Karl		Efringerstrasse 18	Basel	481	1908	118	telefonbuch_120	PTT-Archiv, P-260-1_Basel_1908	Basel
Müller-Kelterborn	E.	Wwe.	Ob. Heuberg 22	Basel	770	1908	118	telefonbuch_120	PTT-Archiv, P-260-1_Basel_1908	Basel
Müller-Köpf	Herm.		Sperrstrasse 85	Basel	3450	1908	118	telefonbuch_120	PTT-Archiv, P-260-1_Basel_1908	Basel
Müller-Krauer	J.	Wwe.	Hardtstrasse 36	Basel	3599	1908	118	telefonbuch_120	PTT-Archiv, P-260-1_Basel_1908	Basel
Müller-Leimgruber	J.	Frau, Hebamme	Hammerstrasse 99	Basel	1676	1908	118	telefonbuch_120	PTT-Archiv, P-260-1_Basel_1908	Basel
Müller-Lütolf	Fritz	Spenglermeister	Oetlingerstrasse 187	Basel	490	1908	118	telefonbuch_120	PTT-Archiv, P-260-1_Basel_1908	Basel
Müller	Max	Feinbäckerei und Konditorei	Steinenvorstadt 2	Basel	2457	1908	118	telefonbuch_120	PTT-Archiv, P-260-1_Basel_1908	Basel
Müller-Mechel	Aug.		Grenzacherstr. 65	Basel	2602	1908	118	telefonbuch_120	PTT-Archiv, P-260-1_Basel_1908	Basel
Müller-Oberer	Carl	Baugeschäft	Missionsstrasse 64	Basel	23	1908	118	telefonbuch_120	PTT-Archiv, P-260-1_Basel_1908	Basel
Müller		Dr., & Rosenberg	St. Johannvorst. 23	Basel	4436	1908	118	telefonbuch_120	PTT-Archiv, P-260-1_Basel_1908	Basel
Müller-Schmid	Aug.	Lithograph und Buchdruckereibesitzer	St. Johannvorst. 44	Basel	3303	1908	118	telefonbuch_120	PTT-Archiv, P-260-1_Basel_1908	Basel
Müller-Schurter	Th.		Sternenbergerstr. 1	Basel	3482	1908	118	telefonbuch_120	PTT-Archiv, P-260-1_Basel_1908	Basel
Müller-Senn	W.	Droguerie	Aeschenvorstadt 75	Basel	1888	1908	118	telefonbuch_120	PTT-Archiv, P-260-1_Basel_1908	Basel
Müller-Stücklin	A.	Cigarren, Tabak	Dornacherstrasse 75	Basel	850	1908	118	telefonbuch_120	PTT-Archiv, P-260-1_Basel_1908	Basel
Müller & Cie.		Bankgeschäft	Gerbergasse 24	Basel	2107	1908	118	telefonbuch_120	PTT-Archiv, P-260-1_Basel_1908	Basel
Dieselben		Börse	Börse	Basel	112	1908	118	telefonbuch_120	PTT-Archiv, P-260-1_Basel_1908	Basel
Dieselben		Börse	Börse	Basel	483	1908	118	telefonbuch_120	PTT-Archiv, P-260-1_Basel_1908	Basel
Müller & Hess		Baugeschäft	Schanzenstrasse 31	Basel	4685	1908	118	telefonbuch_120	PTT-Archiv, P-260-1_Basel_1908	Basel
Müller & Hofstetter		Metallgiesserei u. Armaturenfabr.	Steinengraben 80	Basel	2504	1908	118	telefonbuch_120	PTT-Archiv, P-260-1_Basel_1908	Basel
Münch	Alph.		Breisacherstrasse 60	Basel	3354	1908	118	telefonbuch_120	PTT-Archiv, P-260-1_Basel_1908	Basel
Muntwyler	Wilh.	Schmiedmeister	Pfeffingerstrasse 27	Basel	3999	1908	118	telefonbuch_120	PTT-Archiv, P-260-1_Basel_1908	Basel
Munz	Joh.	Glaser	Hammerstrasse 90	Basel	3431	1908	118	telefonbuch_120	PTT-Archiv, P-260-1_Basel_1908	Basel
Münzer		Professor	Marschalkenstr. 26	Basel	4501	1908	118	telefonbuch_120	PTT-Archiv, P-260-1_Basel_1908	Basel
Mürner-Zysset	Ad.		Efringerstrasse 7	Basel	4054	1908	118	telefonbuch_120	PTT-Archiv, P-260-1_Basel_1908	Basel
Müry	Alb.	Dr. med.	Nonnenweg 29	Basel	732	1908	118	telefonbuch_120	PTT-Archiv, P-260-1_Basel_1908	Basel
Müry-Dietschy	E.		Rütimeyerstrasse 10	Basel	2564	1908	118	telefonbuch_120	PTT-Archiv, P-260-1_Basel_1908	Basel
Müry	E.	& Cie.	Eisengasse 6	Basel	1370	1908	118	telefonbuch_120	PTT-Archiv, P-260-1_Basel_1908	Basel
Müry-Flück	Emil		Nonnenweg 29	Basel	732	1908	119	telefonbuch_121	PTT-Archiv, P-260-1_Basel_1908	Basel
Müry-Streit	R.	Droguen u. Farbwaren en gros	Davidsbodenstr. 26	Basel	4727	1908	119	telefonbuch_121	PTT-Archiv, P-260-1_Basel_1908	Basel
Musante	S.	Kolonialwaren	Türkheimerstr. 48	Basel	1471	1908	119	telefonbuch_121	PTT-Archiv, P-260-1_Basel_1908	Basel
Museum			Augustinergasse 2	Basel	1155	1908	119	telefonbuch_121	PTT-Archiv, P-260-1_Basel_1908	Basel
Museum		Kunstsammlung	Augustinergasse 2	Basel	433	1908	119	telefonbuch_121	PTT-Archiv, P-260-1_Basel_1908	Basel
Muspach-Ruckle	W.	Vertr. d. Brauerei Warteck	Eulerstrasse 46	Basel	2704	1908	119	telefonbuch_121	PTT-Archiv, P-260-1_Basel_1908	Basel
Mylius	A.		Langegasse 90	Basel	3559	1908	119	telefonbuch_121	PTT-Archiv, P-260-1_Basel_1908	Basel
Mylius-Passavant	Dr. Albert		Kapellenstrasse 32	Basel	3737	1908	119	telefonbuch_121	PTT-Archiv, P-260-1_Basel_1908	Basel
Mylius-Passavant	Dr. Albert	Stallung	Brunngässlein 7	Basel	3648	1908	119	telefonbuch_121	PTT-Archiv, P-260-1_Basel_1908	Basel
Nadolny & Cie.		pharmaceut. Specialitäten	Spitalstrasse 9	Basel	1079	1908	119	telefonbuch_121	PTT-Archiv, P-260-1_Basel_1908	Basel
Näf	O.	zum Bienenkorb	Schneidergasse 1	Basel	1526	1908	119	telefonbuch_121	PTT-Archiv, P-260-1_Basel_1908	Basel
Nagel-Precht	Wilh.		Hammerstrasse 155	Basel	3378	1908	119	telefonbuch_121	PTT-Archiv, P-260-1_Basel_1908	Basel
Nägelin-Müller	J.	Maurermeister	Brantgasse 10	Basel	3306	1908	119	telefonbuch_121	PTT-Archiv, P-260-1_Basel_1908	Basel
Nägelin	Samuel	Handelsgärtner	Neuwylerstrasse 78	Basel	3147	1908	119	telefonbuch_121	PTT-Archiv, P-260-1_Basel_1908	Basel
Nagler	Prof. Dr. Johannes		Sonnenweg 21	Basel	4688	1908	119	telefonbuch_121	PTT-Archiv, P-260-1_Basel_1908	Basel
Napp	C.	& Co.	Nauenstrasse 10	Basel	2748	1908	119	telefonbuch_121	PTT-Archiv, P-260-1_Basel_1908	Basel
Nater	Jakob		Bahnhofstrasse 23	Basel	1753	1908	119	telefonbuch_121	PTT-Archiv, P-260-1_Basel_1908	Basel
Nathan	Dr. A.		St. Albangraben 1	Basel	1925	1908	119	telefonbuch_121	PTT-Archiv, P-260-1_Basel_1908	Basel
Nathan	Ed.		Spalenvorstadt 3	Basel	4308	1908	119	telefonbuch_121	PTT-Archiv, P-260-1_Basel_1908	Basel
National-Zeitung		Exp. (Inserate u. Abonnement)	Marktplatz 6	Basel	1704	1908	119	telefonbuch_121	PTT-Archiv, P-260-1_Basel_1908	Basel
National-Zeitung		Redaktion, politischer Teil	Marktplatz 6	Basel	1688	1908	119	telefonbuch_121	PTT-Archiv, P-260-1_Basel_1908	Basel
Natural	A.	Le Coultre & Cie.	Hochstrasse 31	Basel	4511	1908	119	telefonbuch_121	PTT-Archiv, P-260-1_Basel_1908	Basel
Nebel-Stortz	Jos.	Milch- und Butterhandlung	Farnsburgerstr. 30	Basel	1021	1908	119	telefonbuch_121	PTT-Archiv, P-260-1_Basel_1908	Basel
Neddermann	R.	Gummiwaren	Steinenthortrasse 11	Basel	1980	1908	119	telefonbuch_121	PTT-Archiv, P-260-1_Basel_1908	Basel
Nees-Gärtner	Hch.	Baumeister	Klybeckstrasse 234	Basel	4473	1908	119	telefonbuch_121	PTT-Archiv, P-260-1_Basel_1908	Basel
Nef	Dr. Karl		Reichensteinerstr. 33	Basel	556	1908	119	telefonbuch_121	PTT-Archiv, P-260-1_Basel_1908	Basel
Neff	J.	Milchkuranstalt	Aeuss. Allschwilerstrasse 38	Basel	933	1908	119	telefonbuch_121	PTT-Archiv, P-260-1_Basel_1908	Basel
Neth-Weltin	Georg	Bäckerei	Elsässerstrasse 136	Basel	313	1908	119	telefonbuch_121	PTT-Archiv, P-260-1_Basel_1908	Basel
Neu-Althof	S.		Schweizergasse 53	Basel	4720	1908	119	telefonbuch_121	PTT-Archiv, P-260-1_Basel_1908	Basel
Neuenschwander	R.		Elsässerstrasse 34	Basel	319	1908	119	telefonbuch_121	PTT-Archiv, P-260-1_Basel_1908	Basel
Neuer Cercle			Schützengraben 16	Basel	2718	1908	119	telefonbuch_121	PTT-Archiv, P-260-1_Basel_1908	Basel
Neukomm	Hermann	Architekt	Leimenstrasse 57	Basel	3323	1908	119	telefonbuch_121	PTT-Archiv, P-260-1_Basel_1908	Basel
Neumaier-Schürpf	Ph.		Oetlingerstrasse 64	Basel	3271	1908	119	telefonbuch_121	PTT-Archiv, P-260-1_Basel_1908	Basel
Neumann	Siegm.		Freiestrasse 82	Basel	4673	1908	119	telefonbuch_121	PTT-Archiv, P-260-1_Basel_1908	Basel
Neu-Selters	Hch. Ammann		Barfüsserplatz 5	Basel	546	1908	119	telefonbuch_121	PTT-Archiv, P-260-1_Basel_1908	Basel
Nicod	A.		Claragraben 117	Basel	3277	1908	119	telefonbuch_121	PTT-Archiv, P-260-1_Basel_1908	Basel
Nicola	Charles		Hirzbodenweg 91	Basel	4477	1908	119	telefonbuch_121	PTT-Archiv, P-260-1_Basel_1908	Basel
Nicolaï	Karl		Dufourstrasse 50	Basel	1559	1908	119	telefonbuch_121	PTT-Archiv, P-260-1_Basel_1908	Basel
Nicolet-Heusser	Paul	Spezierer	Tellstrasse 1	Basel	3941	1908	119	telefonbuch_121	PTT-Archiv, P-260-1_Basel_1908	Basel
Nidecker	C. F.		Elisabethenstr. 40	Basel	4684	1908	119	telefonbuch_121	PTT-Archiv, P-260-1_Basel_1908	Basel
Niebergall	E.	Dr. med.	Steinenring 2	Basel	1083	1908	119	telefonbuch_121	PTT-Archiv, P-260-1_Basel_1908	Basel
Niebergall-Siegfried	A.		Oberwilerstrasse 7	Basel	3219	1908	119	telefonbuch_121	PTT-Archiv, P-260-1_Basel_1908	Basel
Niebergall & Goth		Export	Aeschengraben 12	Basel	2339	1908	119	telefonbuch_121	PTT-Archiv, P-260-1_Basel_1908	Basel
Niebergall & Goth		Import	Aeschengraben 12	Basel	2288	1908	119	telefonbuch_121	PTT-Archiv, P-260-1_Basel_1908	Basel
Niebergall & Goth		Güterbahnhof	St. Jakobstrasse	Basel	4100	1908	119	telefonbuch_121	PTT-Archiv, P-260-1_Basel_1908	Basel
Niebergall & Goth			Bad. Güterbahnhof	Basel	4423	1908	119	telefonbuch_121	PTT-Archiv, P-260-1_Basel_1908	Basel
Niebergall-Wahl	M. L.	Wwe.	Schützenmattstr. 83	Basel	2905	1908	120	telefonbuch_122	PTT-Archiv, P-260-1_Basel_1908	Basel
Niederhauser	Heinrich	Dr.	Steinenvorstadt 57	Basel	2233	1908	120	telefonbuch_122	PTT-Archiv, P-260-1_Basel_1908	Basel
Niederhauser	Fritz	Dienstmänneranstalt	Steinenvorstadt 28	Basel	2426	1908	120	telefonbuch_122	PTT-Archiv, P-260-1_Basel_1908	Basel
Niedermoser	Chr.	Holzbildhauer	St. Johannvorst. 28	Basel	189	1908	120	telefonbuch_122	PTT-Archiv, P-260-1_Basel_1908	Basel
Nielsen-Bohny	Hans	Zimmermeister	Chrischonastrasse 41	Basel	3734	1908	120	telefonbuch_122	PTT-Archiv, P-260-1_Basel_1908	Basel
Nienhaus	Casimir	Löwenapotheke	Greifengasse 20	Basel	1257	1908	120	telefonbuch_122	PTT-Archiv, P-260-1_Basel_1908	Basel
Nietzki	R.	Prof. Dr. (Wohnung)	Austrasse 96	Basel	2665	1908	120	telefonbuch_122	PTT-Archiv, P-260-1_Basel_1908	Basel
Nievergelt-Künzler	J.		Claragraben 160	Basel	3867	1908	120	telefonbuch_122	PTT-Archiv, P-260-1_Basel_1908	Basel
Noack	Karl	Apotheker	Fischmarkt 11	Basel	1612	1908	120	telefonbuch_122	PTT-Archiv, P-260-1_Basel_1908	Basel
Nober-Rieger	Friedr.	Wirt	Müllheimerstr. 154	Basel	3729	1908	120	telefonbuch_122	PTT-Archiv, P-260-1_Basel_1908	Basel
Noll-Emele	J.	Schneidermeister	Sattelgasse 10	Basel	774	1908	120	telefonbuch_122	PTT-Archiv, P-260-1_Basel_1908	Basel
Noll-Jakob	Karl		Sperrstrasse 97	Basel	3518	1908	120	telefonbuch_122	PTT-Archiv, P-260-1_Basel_1908	Basel
Nolting	Carl	Vertr. von R. Neddermann	Steinenthortstr. 11	Basel	1980	1908	120	telefonbuch_122	PTT-Archiv, P-260-1_Basel_1908	Basel
Norddeutscher Lloyd	Conr. Schneebeli	Hauptagentur	Elisabethenstr. 54	Basel	2235	1908	120	telefonbuch_122	PTT-Archiv, P-260-1_Basel_1908	Basel
Nordmann	Charles		Kornhausgasse 8	Basel	3187	1908	120	telefonbuch_122	PTT-Archiv, P-260-1_Basel_1908	Basel
Nordmann	Achilles	Dr.	Steinenring 40	Basel	2768	1908	120	telefonbuch_122	PTT-Archiv, P-260-1_Basel_1908	Basel
Noetzlin-Werthemann	Rud.		Schützenmattstr. 67	Basel	955	1908	120	telefonbuch_122	PTT-Archiv, P-260-1_Basel_1908	Basel
Nunnenmacher	B.		Spalenthorweg 45	Basel	2017	1908	120	telefonbuch_122	PTT-Archiv, P-260-1_Basel_1908	Basel
Nunnenmacher & Co.			Elisabethenstr. 41	Basel	2392	1908	120	telefonbuch_122	PTT-Archiv, P-260-1_Basel_1908	Basel
Nussbaum	Jak.	Haferhandlung	Mattweg 39	Basel	3558	1908	120	telefonbuch_122	PTT-Archiv, P-260-1_Basel_1908	Basel
Nussbaumer		Schwestern, Wirtschaft	Leonhardsgraben 20	Basel	2761	1908	120	telefonbuch_122	PTT-Archiv, P-260-1_Basel_1908	Basel
Nüsseler's Wwe.	Th.	Papeterie u. Buchbinderei	Greifengasse 11	Basel	888	1908	120	telefonbuch_122	PTT-Archiv, P-260-1_Basel_1908	Basel
Obere Realschule		Rektorat	DeWettestrasse	Basel	1121	1908	120	telefonbuch_122	PTT-Archiv, P-260-1_Basel_1908	Basel
Oberer	A.	Hauptagentur der schweiz. Mobiliarversicherungsgesellschaft	Bäumleingasse 9	Basel	1771	1908	120	telefonbuch_122	PTT-Archiv, P-260-1_Basel_1908	Basel
Oberer	J.	Dr. med.	Solothurnerstr. 45	Basel	3885	1908	120	telefonbuch_122	PTT-Archiv, P-260-1_Basel_1908	Basel
Oberrheinische Industrie-Gesellschaft Pfister & Cie.			St. Johannvorst. 31	Basel	1505	1908	120	telefonbuch_122	PTT-Archiv, P-260-1_Basel_1908	Basel
Obrist-Fäsler	Paul	Viktualienhandlung	Rümelinsplatz 7	Basel	2846	1908	120	telefonbuch_122	PTT-Archiv, P-260-1_Basel_1908	Basel
Obst- und Weinbau-Genossenschaft am Zürichsee			Sempacherstrasse 7	Basel	1197	1908	120	telefonbuch_122	PTT-Archiv, P-260-1_Basel_1908	Basel
Odd Fellows & St. Jakobsloge No. 6			Nadelberg 8	Basel	661	1908	120	telefonbuch_122	PTT-Archiv, P-260-1_Basel_1908	Basel
Ofenfabrik Sursee		A.-G., Filiale Basel	Steinenvorstadt 21	Basel	1409	1908	120	telefonbuch_122	PTT-Archiv, P-260-1_Basel_1908	Basel
Oggenfuss	Emilie		Lindenberg 19	Basel	316	1908	120	telefonbuch_122	PTT-Archiv, P-260-1_Basel_1908	Basel
Oehninger	Hch.		Güterstrasse 116	Basel	3398	1908	120	telefonbuch_122	PTT-Archiv, P-260-1_Basel_1908	Basel
Ohnymus	E.	Theaterfriseur	Steinenthorstr. 21	Basel	4738	1908	120	telefonbuch_122	PTT-Archiv, P-260-1_Basel_1908	Basel
Olbert-Meynecke	Georg		Streitgasse 3	Basel	1936	1908	120	telefonbuch_122	PTT-Archiv, P-260-1_Basel_1908	Basel
Old England	L. Corréard		Gerbergasse 36	Basel	3006	1908	120	telefonbuch_122	PTT-Archiv, P-260-1_Basel_1908	Basel
Old	Johann	Baugeschäft	Oetlingerstrasse 7	Basel	432	1908	120	telefonbuch_122	PTT-Archiv, P-260-1_Basel_1908	Basel
Oelhafen-Bähler	Emil	Architekt	Schaffh. Rheinweg 5	Basel	1119	1908	120	telefonbuch_122	PTT-Archiv, P-260-1_Basel_1908	Basel
Oelhafen	Max	Architekt	Steinenvorstadt 12	Basel	4549	1908	120	telefonbuch_122	PTT-Archiv, P-260-1_Basel_1908	Basel
Oppikofer	Ernst	Dr.	Petersgraben 20	Basel	130	1908	120	telefonbuch_122	PTT-Archiv, P-260-1_Basel_1908	Basel
Orell Füssli & Co.			Gerbergasse 89	Basel	2185	1908	120	telefonbuch_122	PTT-Archiv, P-260-1_Basel_1908	Basel
v. Orelli	K.	Prof. Dr.	Bernoullistrasse 6	Basel	303	1908	120	telefonbuch_122	PTT-Archiv, P-260-1_Basel_1908	Basel
Oeri	R.	Dr.	St. Albanvorstadt 19	Basel	1778	1908	120	telefonbuch_122	PTT-Archiv, P-260-1_Basel_1908	Basel
Oeri-Oschwald	J. J.	Dr.	Leonhardstrasse 57	Basel	3697	1908	120	telefonbuch_122	PTT-Archiv, P-260-1_Basel_1908	Basel
Orth	Hermann	Metzger	Dornacherstrasse 89	Basel	4098	1908	120	telefonbuch_122	PTT-Archiv, P-260-1_Basel_1908	Basel
Orthopädisches Institut u. Privatklinik v. Dr. C. Hübscher			Rheinschanze 2	Basel	3168	1908	120	telefonbuch_122	PTT-Archiv, P-260-1_Basel_1908	Basel
Ortler	J. B.	Wwe., Eierhandlung	Gerbergässlein 3	Basel	3027	1908	120	telefonbuch_122	PTT-Archiv, P-260-1_Basel_1908	Basel
Ortstein	A.		Nadelberg 18	Basel	4675	1908	120	telefonbuch_122	PTT-Archiv, P-260-1_Basel_1908	Basel
Orzel	R.		Schützenmattstr. 7	Basel	278	1908	120	telefonbuch_122	PTT-Archiv, P-260-1_Basel_1908	Basel
Oesch	Albert	Dr., Arzt	Hutgasse 1	Basel	3311	1908	121	telefonbuch_123	PTT-Archiv, P-260-1_Basel_1908	Basel
Oser	Wilh.	Dr., Vogesenapotheke & Laborator.	Colmarerstrasse 22	Basel	803	1908	121	telefonbuch_123	PTT-Archiv, P-260-1_Basel_1908	Basel
Oser	Rud.	Handelsgärtner	St. Albanringweg 189	Basel	3562	1908	121	telefonbuch_123	PTT-Archiv, P-260-1_Basel_1908	Basel
Oser		Blumenladen	Freiestrasse 41	Basel	1056	1908	121	telefonbuch_123	PTT-Archiv, P-260-1_Basel_1908	Basel
Oser	Th.	Spenglermeister	Pfluggasse 7	Basel	2106	1908	121	telefonbuch_123	PTT-Archiv, P-260-1_Basel_1908	Basel
Oser-Thurneysen & Co.			St. Albanthal 36	Basel	4294	1908	121	telefonbuch_123	PTT-Archiv, P-260-1_Basel_1908	Basel
Oester	Joh.	Bäckermeister	Steinenvorstadt 35	Basel	2056	1908	121	telefonbuch_123	PTT-Archiv, P-260-1_Basel_1908	Basel
Oesterlin & Cie.			Bruderholzstrasse 40	Basel	3942	1908	121	telefonbuch_123	PTT-Archiv, P-260-1_Basel_1908	Basel
Oesterlin & Cie.		Filiale	Hutgasse 14	Basel	4522	1908	121	telefonbuch_123	PTT-Archiv, P-260-1_Basel_1908	Basel
Oesterlin & Cie.		Centralhalle	Streitgasse 20	Basel	134	1908	121	telefonbuch_123	PTT-Archiv, P-260-1_Basel_1908	Basel
Ostertag-Strütt	Konrad		St. Johannvorst. 13	Basel	1372	1908	121	telefonbuch_123	PTT-Archiv, P-260-1_Basel_1908	Basel
Oswald	Ernst	Dr.	Spalenberg 63	Basel	2841	1908	121	telefonbuch_123	PTT-Archiv, P-260-1_Basel_1908	Basel
Oswald-Fleiner	C.	Dr.	Sevogelstrasse 62	Basel	4251	1908	121	telefonbuch_123	PTT-Archiv, P-260-1_Basel_1908	Basel
Oswald		Gebrüder	Münsterberg 9	Basel	1831	1908	121	telefonbuch_123	PTT-Archiv, P-260-1_Basel_1908	Basel
Oswald		Gebrüder, Börse	Börse	Basel	4632	1908	121	telefonbuch_123	PTT-Archiv, P-260-1_Basel_1908	Basel
Oswald-Hindermann	P.		Steinengraben 27	Basel	2771	1908	121	telefonbuch_123	PTT-Archiv, P-260-1_Basel_1908	Basel
Oswald-Meyer	M.		Steinengraben 44	Basel	3104	1908	121	telefonbuch_123	PTT-Archiv, P-260-1_Basel_1908	Basel
Oswald, Paravicini & Co.			Barfüssergasse 6	Basel	857	1908	121	telefonbuch_123	PTT-Archiv, P-260-1_Basel_1908	Basel
Oswald, Paravicini & Co.		Börse	Börse	Basel	3153	1908	121	telefonbuch_123	PTT-Archiv, P-260-1_Basel_1908	Basel
Ott-Eckert	Emil	Architekt	Güterstrasse 151	Basel	541	1908	121	telefonbuch_123	PTT-Archiv, P-260-1_Basel_1908	Basel
Ott-Mahlerwein	P.	Lothringerhof	Ryffstrasse 31	Basel	4362	1908	121	telefonbuch_123	PTT-Archiv, P-260-1_Basel_1908	Basel
Oettel-Meister	Gabr.		St. Albanvorstadt 53	Basel	4256	1908	121	telefonbuch_123	PTT-Archiv, P-260-1_Basel_1908	Basel
Oettinger	Max		Eisengasse 9	Basel	1357	1908	121	telefonbuch_123	PTT-Archiv, P-260-1_Basel_1908	Basel
Oettinger	Max		Falknerstrasse 2	Basel	4247	1908	121	telefonbuch_123	PTT-Archiv, P-260-1_Basel_1908	Basel
Otto	Paul	Grand Hôtel Victoria & National	Centralbahnplatz 4	Basel	2258	1908	121	telefonbuch_123	PTT-Archiv, P-260-1_Basel_1908	Basel
Otto	Paul	Grand Hôtel Victoria & National	Centralbahnplatz 3	Basel	2231	1908	121	telefonbuch_123	PTT-Archiv, P-260-1_Basel_1908	Basel
Otto	Paul	Wohnhaus	Margarethenstr. 63	Basel	852	1908	121	telefonbuch_123	PTT-Archiv, P-260-1_Basel_1908	Basel
Panten	R.	Direktor	Oberwilerstrasse 15	Basel	2907	1908	121	telefonbuch_123	PTT-Archiv, P-260-1_Basel_1908	Basel
Pape	A. F.		Immengasse 1	Basel	1643	1908	121	telefonbuch_123	PTT-Archiv, P-260-1_Basel_1908	Basel
Pape	Aug.	Dr.	Unt. Rheinweg 102	Basel	1226	1908	121	telefonbuch_123	PTT-Archiv, P-260-1_Basel_1908	Basel
Paraf	Josué		St. Jakobstrasse 9	Basel	2182	1908	121	telefonbuch_123	PTT-Archiv, P-260-1_Basel_1908	Basel
Paravicini-Bachofen	E.	Frau	St. Jakobstrasse 20	Basel	4050	1908	121	telefonbuch_123	PTT-Archiv, P-260-1_Basel_1908	Basel
Paravicini-Engel	E.		Engelgasse 107	Basel	4233	1908	121	telefonbuch_123	PTT-Archiv, P-260-1_Basel_1908	Basel
Paravicini-Heusler	E.		St. Jakobstrasse 110	Basel	3996	1908	121	telefonbuch_123	PTT-Archiv, P-260-1_Basel_1908	Basel
Paravicini-Meyer	S. Marg.	Wwe.	Holbeinstrasse 3	Basel	2910	1908	121	telefonbuch_123	PTT-Archiv, P-260-1_Basel_1908	Basel
Paravicini		Bandfabrik	Elisabethenstr. 21	Basel	2329	1908	121	telefonbuch_123	PTT-Archiv, P-260-1_Basel_1908	Basel
Paravicini-Vischer	J.	Wwe.	Elisabethenstr. 19	Basel	2322	1908	121	telefonbuch_123	PTT-Archiv, P-260-1_Basel_1908	Basel
Paravicini & Co.		Brauerei-Artikel	Petersplatz 3	Basel	2585	1908	121	telefonbuch_123	PTT-Archiv, P-260-1_Basel_1908	Basel
Parfumerie Franco-Suisse		Ewald & Co.	Kraftstrasse 11	Basel	4546	1908	121	telefonbuch_123	PTT-Archiv, P-260-1_Basel_1908	Basel
Pariser Neuwäscherei u. Glätteanstalt		Hennlein & Dippe	St. Johannring 133	Basel	2803	1908	121	telefonbuch_123	PTT-Archiv, P-260-1_Basel_1908	Basel
Parmentier-Straumann	B.	Bäcker	Elisabethenstrasse 9	Basel	2091	1908	121	telefonbuch_123	PTT-Archiv, P-260-1_Basel_1908	Basel
Paronella	Fr.	spanische Bodega	Obere Rebgasse 6	Basel	3258	1908	121	telefonbuch_123	PTT-Archiv, P-260-1_Basel_1908	Basel
Paronella	Fr.	spanische Weinhalle	Barfüsserplatz 16	Basel	2533	1908	121	telefonbuch_123	PTT-Archiv, P-260-1_Basel_1908	Basel
Pasqualini	L.	Commission und Agenturen	Aeschenvorstadt 67	Basel	1544	1908	121	telefonbuch_123	PTT-Archiv, P-260-1_Basel_1908	Basel
Passavant-Allemandi	E.		Gartenstrasse 1	Basel	1928	1908	121	telefonbuch_123	PTT-Archiv, P-260-1_Basel_1908	Basel
Passavant		Gebrüder	Steinenvorstadt 1	Basel	2166	1908	121	telefonbuch_123	PTT-Archiv, P-260-1_Basel_1908	Basel
Passavant	Georges		Gellertstrasse 21	Basel	4130	1908	121	telefonbuch_123	PTT-Archiv, P-260-1_Basel_1908	Basel
Passavant Georges & Co.			Freiestrasse 91	Basel	1080	1908	121	telefonbuch_123	PTT-Archiv, P-260-1_Basel_1908	Basel
Passavant	Hans Franz		Elisabethenanlage 41	Basel	2275	1908	122	telefonbuch_124	PTT-Archiv, P-260-1_Basel_1908	Basel
Passavant-Iselin & Co.			Küchegässlein 5	Basel	2476	1908	122	telefonbuch_124	PTT-Archiv, P-260-1_Basel_1908	Basel
Dieselben		"siehe auch unter ""Allschwil"""		Basel	3132	1908	122	telefonbuch_124	PTT-Archiv, P-260-1_Basel_1908	Basel
Passavant & Co.			Rheinsprung 22	Basel	1308	1908	122	telefonbuch_124	PTT-Archiv, P-260-1_Basel_1908	Basel
Pathologisch-anatomische Anstalt			Hebelstrasse 2	Basel	122	1908	122	telefonbuch_124	PTT-Archiv, P-260-1_Basel_1908	Basel
Pedrina	Antonio		Spalenberg 50	Basel	4500	1908	122	telefonbuch_124	PTT-Archiv, P-260-1_Basel_1908	Basel
Peisker	August	Goldschmied	Gerbergasse 41	Basel	132	1908	122	telefonbuch_124	PTT-Archiv, P-260-1_Basel_1908	Basel
Pension Hoch			Missionsstrasse 3	Basel	4347	1908	122	telefonbuch_124	PTT-Archiv, P-260-1_Basel_1908	Basel
Pestalozzi-Gesellschaft		Kleiderverteilung	Kleines Klingenthal 19	Basel	391	1908	122	telefonbuch_124	PTT-Archiv, P-260-1_Basel_1908	Basel
Perzy-Huber	F.	Geschäftsleiter der Basler Druck- und Verlagsanstalt	Schweizergasse 29	Basel	290	1908	122	telefonbuch_124	PTT-Archiv, P-260-1_Basel_1908	Basel
Peter-Borner	Dr. Emil	Wohnung	Gartenstrasse 103	Basel	1173	1908	122	telefonbuch_124	PTT-Archiv, P-260-1_Basel_1908	Basel
Peter	Louis		Inn. Margarethenstr. 5	Basel	4405	1908	122	telefonbuch_124	PTT-Archiv, P-260-1_Basel_1908	Basel
Peter-Sennhauser	Jakob	Lithographie	Alemannengasse 11	Basel	3222	1908	122	telefonbuch_124	PTT-Archiv, P-260-1_Basel_1908	Basel
Peter & Brüderlin		Advokatur und Notariat	Rheinsprung 1	Basel	793	1908	122	telefonbuch_124	PTT-Archiv, P-260-1_Basel_1908	Basel
Peter & Cie.	G.		Hammerstrasse 35	Basel	3823	1908	122	telefonbuch_124	PTT-Archiv, P-260-1_Basel_1908	Basel
Petersen	Axel		Missionsstrasse 6	Basel	4587	1908	122	telefonbuch_124	PTT-Archiv, P-260-1_Basel_1908	Basel
Petersen-Mayer	G.		Grellingerstrasse 30	Basel	3571	1908	122	telefonbuch_124	PTT-Archiv, P-260-1_Basel_1908	Basel
Petersen-Müller	F.		Grellingerstrasse 61	Basel	506	1908	122	telefonbuch_124	PTT-Archiv, P-260-1_Basel_1908	Basel
Petersschulhaus			Nadelberg 2	Basel	252	1908	122	telefonbuch_124	PTT-Archiv, P-260-1_Basel_1908	Basel
Petitjean-Baumann	A.		Güterstrasse 304	Basel	227	1908	122	telefonbuch_124	PTT-Archiv, P-260-1_Basel_1908	Basel
Petitjean-Bischoff	J.		Steinenthorstrasse 35	Basel	2446	1908	122	telefonbuch_124	PTT-Archiv, P-260-1_Basel_1908	Basel
Petitjean-Pabst	Andreas		Missionsstrasse 82	Basel	849	1908	122	telefonbuch_124	PTT-Archiv, P-260-1_Basel_1908	Basel
Petitpierre	Fanny		Kirschgartenstr. 12	Basel	322	1908	122	telefonbuch_124	PTT-Archiv, P-260-1_Basel_1908	Basel
Petroleum-Handelsgesellschaft		schweiz.	Tellstrasse 11	Basel	3984	1908	122	telefonbuch_124	PTT-Archiv, P-260-1_Basel_1908	Basel
Petroleum-Import-Cie.			Steinenthorberg 8	Basel	2411	1908	122	telefonbuch_124	PTT-Archiv, P-260-1_Basel_1908	Basel
Pfandleihanstalt		Basler	Luftgässlein 5	Basel	1751	1908	122	telefonbuch_124	PTT-Archiv, P-260-1_Basel_1908	Basel
Pfannenschwarz	Wilh.	Bäcker	Hegenheimerstr. 64	Basel	832	1908	122	telefonbuch_124	PTT-Archiv, P-260-1_Basel_1908	Basel
Pfau-Dürholz	Herm.	St. Albanapotheke	St. Albanvorstadt 42	Basel	1849	1908	122	telefonbuch_124	PTT-Archiv, P-260-1_Basel_1908	Basel
Pfeiffer	Albert		Güterstrasse 275	Basel	4479	1908	122	telefonbuch_124	PTT-Archiv, P-260-1_Basel_1908	Basel
Pfeiffer	Gustav	Gypsermeister	Alemannengasse 56	Basel	1152	1908	122	telefonbuch_124	PTT-Archiv, P-260-1_Basel_1908	Basel
Pfeiffer	Wilhelm	Konditor	Aeschenvorstadt 62	Basel	2061	1908	122	telefonbuch_124	PTT-Archiv, P-260-1_Basel_1908	Basel
Pfenniger	L.	Amtmann	Gerbergasse 48	Basel	510	1908	122	telefonbuch_124	PTT-Archiv, P-260-1_Basel_1908	Basel
Pfirter	Alfons	Spenglermeister	Schauenburgerstr. 21	Basel	4492	1908	122	telefonbuch_124	PTT-Archiv, P-260-1_Basel_1908	Basel
Pfister	Alfr.	Milch-, Käse- und Butterhandlung	Schweizergasse 8	Basel	1339	1908	122	telefonbuch_124	PTT-Archiv, P-260-1_Basel_1908	Basel
Pfister	Arnold		Neubadstrasse 25	Basel	2823	1908	122	telefonbuch_124	PTT-Archiv, P-260-1_Basel_1908	Basel
Pfister	Ch. H.	& Co., bautechnische Produkte und Unternehmungen	Leonhardsgraben 34	Basel	1114	1908	122	telefonbuch_124	PTT-Archiv, P-260-1_Basel_1908	Basel
Pfister-Christen	J.	Bettwarenhandlung	Unt. Rheingasse 10	Basel	1273	1908	122	telefonbuch_124	PTT-Archiv, P-260-1_Basel_1908	Basel
Pfister-Schilling	J. A.	Wwe.	Efringerstrasse 1	Basel	3371	1908	122	telefonbuch_124	PTT-Archiv, P-260-1_Basel_1908	Basel
Pfisterer's (H. R.) Nachf. A. Döbbelin			Freiestrasse 47	Basel	248	1908	122	telefonbuch_124	PTT-Archiv, P-260-1_Basel_1908	Basel
Pfleiderer	Chr.	Handelsgärtner	Kleinhüningerstr. 39	Basel	1279	1908	122	telefonbuch_124	PTT-Archiv, P-260-1_Basel_1908	Basel
Pfleiderer	Chr.	Handelsgärtner	Schneidergasse 7	Basel	251	1908	122	telefonbuch_124	PTT-Archiv, P-260-1_Basel_1908	Basel
Pfleiderer-Josenhans	C.	Geschäftsführer der Missionshandlungsgesellschaft	Nonnenweg 21	Basel	2669	1908	122	telefonbuch_124	PTT-Archiv, P-260-1_Basel_1908	Basel
Pflüger	Albert	Spenglermeister	Breisacherstrasse 41	Basel	1286	1908	122	telefonbuch_124	PTT-Archiv, P-260-1_Basel_1908	Basel
Pflüger-Büchelin	E.	Metzger	Feldbergstrasse 26	Basel	1285	1908	122	telefonbuch_124	PTT-Archiv, P-260-1_Basel_1908	Basel
Pflüger	Louis	Nachf. v. Emil Bastady	Hegenheimerstr. 1	Basel	4310	1908	122	telefonbuch_124	PTT-Archiv, P-260-1_Basel_1908	Basel
Pflüger-Walter	Alb.	Metzger	Güterstrasse 298	Basel	2279	1908	122	telefonbuch_124	PTT-Archiv, P-260-1_Basel_1908	Basel
Pfrunder	Ed.	Architekt, Bureau	Greifengasse 28	Basel	361	1908	123	telefonbuch_125	PTT-Archiv, P-260-1_Basel_1908	Basel
Pfrunder	Ed.	Wohnung	Unt. Rheinweg 146	Basel	42	1908	123	telefonbuch_125	PTT-Archiv, P-260-1_Basel_1908	Basel
Pfulmann	Ernst	Baugeschäft	Blauensteinerstr. 34	Basel	3035	1908	123	telefonbuch_125	PTT-Archiv, P-260-1_Basel_1908	Basel
Philippi & Hermann			Petersgraben 27	Basel	2393	1908	123	telefonbuch_125	PTT-Archiv, P-260-1_Basel_1908	Basel
Philippi	Maria	Konzertsängerin	Grellingerstrasse 32	Basel	3587	1908	123	telefonbuch_125	PTT-Archiv, P-260-1_Basel_1908	Basel
Philippi-Mauley	Rob.		Wartenbergstr. 39	Basel	3845	1908	123	telefonbuch_125	PTT-Archiv, P-260-1_Basel_1908	Basel
Philippson	Carl		Schwanengasse 6	Basel	1375	1908	123	telefonbuch_125	PTT-Archiv, P-260-1_Basel_1908	Basel
Phönix		franz. Feuervers.-Gesellschaft in Paris	Freiestrasse 33	Basel	121	1908	123	telefonbuch_125	PTT-Archiv, P-260-1_Basel_1908	Basel
Photographie Kling-Jenny			Petersgraben 17	Basel	1440	1908	123	telefonbuch_125	PTT-Archiv, P-260-1_Basel_1908	Basel
Physikalische Anstalt			Bernoullistrasse 60	Basel	1451	1908	123	telefonbuch_125	PTT-Archiv, P-260-1_Basel_1908	Basel
Picard	Paul		Gartenstrasse 60	Basel	3848	1908	123	telefonbuch_125	PTT-Archiv, P-260-1_Basel_1908	Basel
Pichonnaz-Martin	A. L.		Birsigstrasse 4	Basel	3498	1908	123	telefonbuch_125	PTT-Archiv, P-260-1_Basel_1908	Basel
Piguet	Alfred	Dr.	Schanzenstrasse 14	Basel	4670	1908	123	telefonbuch_125	PTT-Archiv, P-260-1_Basel_1908	Basel
Pildner-Linder	M.	Uhrenmacher	Spalenvorstadt 31	Basel	2889	1908	123	telefonbuch_125	PTT-Archiv, P-260-1_Basel_1908	Basel
Pilloud	Simon	Sattlermeister	Münchensteinerstrasse 148	Basel	3828	1908	123	telefonbuch_125	PTT-Archiv, P-260-1_Basel_1908	Basel
Plachner	Ph.	Restaurant Continental	Küchegässlein 15	Basel	4495	1908	123	telefonbuch_125	PTT-Archiv, P-260-1_Basel_1908	Basel
von Planta	Hermann		Spalenring 143	Basel	3387	1908	123	telefonbuch_125	PTT-Archiv, P-260-1_Basel_1908	Basel
Plattner-Oswald		Tierarzt (Wohnung)	Schönbeinstrasse 34	Basel	394	1908	123	telefonbuch_125	PTT-Archiv, P-260-1_Basel_1908	Basel
Plattner-Oswald		Bureau und Stallung	Davidsgasse 8	Basel	1524	1908	123	telefonbuch_125	PTT-Archiv, P-260-1_Basel_1908	Basel
Plattner	Rud.	Architekt	Weiherweg 66	Basel	948	1908	123	telefonbuch_125	PTT-Archiv, P-260-1_Basel_1908	Basel
Plüss	Ernst	Eier- und Butterhandlung	Spalenberg 4	Basel	1414	1908	123	telefonbuch_125	PTT-Archiv, P-260-1_Basel_1908	Basel
Pohl-Wohnlich	Max	Musikalienhandlung	Gerbergasse 40	Basel	397	1908	123	telefonbuch_125	PTT-Archiv, P-260-1_Basel_1908	Basel
Polak-Perret	H.		Freiestrasse 38	Basel	617	1908	123	telefonbuch_125	PTT-Archiv, P-260-1_Basel_1908	Basel
Poliklinik		allgemeine	Hebelstrasse 1	Basel	1421	1908	123	telefonbuch_125	PTT-Archiv, P-260-1_Basel_1908	Basel
Poliklinik		geburtsh.-gynaecolog.	Johanniterstrasse 81	Basel	1538	1908	123	telefonbuch_125	PTT-Archiv, P-260-1_Basel_1908	Basel
Polizeigericht			Bäumleingasse 1	Basel	1765	1908	123	telefonbuch_125	PTT-Archiv, P-260-1_Basel_1908	Basel
Polizeidepartement		Polizeikommando, Hauptwache und Journalbureau	Lohnhof	Basel	51	1908	123	telefonbuch_125	PTT-Archiv, P-260-1_Basel_1908	Basel
Polizeidepartement		Administrativ- und Strafsachen-Abteilung	Lohnhof	Basel	403	1908	123	telefonbuch_125	PTT-Archiv, P-260-1_Basel_1908	Basel
Polizeiposten		Marktplatz	Rathaus	Basel	57	1908	123	telefonbuch_125	PTT-Archiv, P-260-1_Basel_1908	Basel
Polizeiposten		Rheinbrücke	Eisengasse 1	Basel	58	1908	123	telefonbuch_125	PTT-Archiv, P-260-1_Basel_1908	Basel
Polizeiposten		St. Clara	Claraplatz 4	Basel	61	1908	123	telefonbuch_125	PTT-Archiv, P-260-1_Basel_1908	Basel
Polizeiposten		Aeschen	St. Jakobstrasse 4	Basel	55	1908	123	telefonbuch_125	PTT-Archiv, P-260-1_Basel_1908	Basel
Polizeiposten		Spalen	Schönbeinstrasse 2	Basel	60	1908	123	telefonbuch_125	PTT-Archiv, P-260-1_Basel_1908	Basel
Polizeiposten		St. Johann	St. Johannvorstadt 90	Basel	59	1908	123	telefonbuch_125	PTT-Archiv, P-260-1_Basel_1908	Basel
Polizeiposten		Steinen	Steinenthorstr. 43	Basel	52	1908	123	telefonbuch_125	PTT-Archiv, P-260-1_Basel_1908	Basel
Polizeiposten		St. Albanthor	St. Albanvorst. 101	Basel	56	1908	123	telefonbuch_125	PTT-Archiv, P-260-1_Basel_1908	Basel
Polizeiposten		Bahnhof S. B. B.	Bahnhof S. B. B.	Basel	53	1908	123	telefonbuch_125	PTT-Archiv, P-260-1_Basel_1908	Basel
Polizeiposten		Unt. Rheinweg	Kaserne	Basel	62	1908	123	telefonbuch_125	PTT-Archiv, P-260-1_Basel_1908	Basel
Polizeiposten		Gundoldingen	Pfeffingerstrasse 49	Basel	54	1908	123	telefonbuch_125	PTT-Archiv, P-260-1_Basel_1908	Basel
Polizeiposten		Horburg	Hammerstrasse 184	Basel	63	1908	123	telefonbuch_125	PTT-Archiv, P-260-1_Basel_1908	Basel
Polizeiposten		Hägenheimer	Birkenstrasse 1	Basel	64	1908	123	telefonbuch_125	PTT-Archiv, P-260-1_Basel_1908	Basel
Polizeiposten		Breite	Zürcherstrasse 152	Basel	65	1908	123	telefonbuch_125	PTT-Archiv, P-260-1_Basel_1908	Basel
Polizeiposten		Kleinhüningen	Kleinhüningen	Basel	66	1908	123	telefonbuch_125	PTT-Archiv, P-260-1_Basel_1908	Basel
Polizeiposten		Schoren	Maulbeerweg 31	Basel	67	1908	123	telefonbuch_125	PTT-Archiv, P-260-1_Basel_1908	Basel
Polizeiposten		Bad. Bahnhof	Bad. Bahnhof	Basel	68	1908	123	telefonbuch_125	PTT-Archiv, P-260-1_Basel_1908	Basel
Portmann	August		Riehenstrasse 159	Basel	4311	1908	124	telefonbuch_126	PTT-Archiv, P-260-1_Basel_1908	Basel
Portmann-Schetty	M.	Handelsmühle	Klingenthal 7	Basel	1274	1908	124	telefonbuch_126	PTT-Archiv, P-260-1_Basel_1908	Basel
Portmann-Steiger	M.	Wohnung	Schaffh. Rheinweg 53	Basel	3191	1908	124	telefonbuch_126	PTT-Archiv, P-260-1_Basel_1908	Basel
Poeschol-Gesellschaft A. G.			Sattelgasse 6	Basel	4717	1908	124	telefonbuch_126	PTT-Archiv, P-260-1_Basel_1908	Basel
Pradella-Burckhardt	C.	Dr.	Hirzbodenweg 81	Basel	360	1908	124	telefonbuch_126	PTT-Archiv, P-260-1_Basel_1908	Basel
Preiswerk	Adolf	Dr. med.	Missionsstrasse 41	Basel	2638	1908	124	telefonbuch_126	PTT-Archiv, P-260-1_Basel_1908	Basel
Preiswerk-Bernoulli	Ed.		Missionsstrasse 42	Basel	879	1908	124	telefonbuch_126	PTT-Archiv, P-260-1_Basel_1908	Basel
Preiswerk-Biry	B.	Büchsenmacher	Kaufhausgasse 6	Basel	2267	1908	124	telefonbuch_126	PTT-Archiv, P-260-1_Basel_1908	Basel
Preiswerk-Burckhardt	Rud.		St. Albananlage 56	Basel	4116	1908	124	telefonbuch_126	PTT-Archiv, P-260-1_Basel_1908	Basel
Preiswerk-Buxtorf	A. M.	Wwe.	St. Albananlage 6	Basel	2813	1908	124	telefonbuch_126	PTT-Archiv, P-260-1_Basel_1908	Basel
Preiswerk, Esser & Cie.			Mattweg 63	Basel	2436	1908	124	telefonbuch_126	PTT-Archiv, P-260-1_Basel_1908	Basel
Preiswerk-Friedrich	Ed.	Pfr.	Leonhardskirchpl. 2	Basel	1632	1908	124	telefonbuch_126	PTT-Archiv, P-260-1_Basel_1908	Basel
Preiswerk		Gebrüder	Rheinsprung 20	Basel	1313	1908	124	telefonbuch_126	PTT-Archiv, P-260-1_Basel_1908	Basel
Preiswerk-Groben			Maiengasse 63	Basel	2612	1908	124	telefonbuch_126	PTT-Archiv, P-260-1_Basel_1908	Basel
Preiswerk-Haller	Ed.	Gärtnermeister	Lehenmattstr. 224	Basel	3574	1908	124	telefonbuch_126	PTT-Archiv, P-260-1_Basel_1908	Basel
Preiswerk-Haller	Ed.		Hirzbodenweg 92	Basel	3657	1908	124	telefonbuch_126	PTT-Archiv, P-260-1_Basel_1908	Basel
Preiswerk	H. & V.		St. Albananlage 5	Basel	4618	1908	124	telefonbuch_126	PTT-Archiv, P-260-1_Basel_1908	Basel
Preiswerk-Imhoff	W.		Missionsstrasse 23	Basel	2635	1908	124	telefonbuch_126	PTT-Archiv, P-260-1_Basel_1908	Basel
Preiswerk-Maggi	G.	Dr. med. Zahnarzt (Praxis)	Leonhardsgraben 34	Basel	2864	1908	124	telefonbuch_126	PTT-Archiv, P-260-1_Basel_1908	Basel
Preiswerk-Maggi	G.	Wohnung	Neusatzweg 2	Basel	4487	1908	124	telefonbuch_126	PTT-Archiv, P-260-1_Basel_1908	Basel
Preiswerk-Ringwald	R.		St. Albanvorst. 108	Basel	4275	1908	124	telefonbuch_126	PTT-Archiv, P-260-1_Basel_1908	Basel
Preiswerk-Ryhiner	Alfr.		St. Albanvorstadt 13	Basel	1743	1908	124	telefonbuch_126	PTT-Archiv, P-260-1_Basel_1908	Basel
Preiswerk-Sarasin	Samuel		Hirzbodenweg 107	Basel	3667	1908	124	telefonbuch_126	PTT-Archiv, P-260-1_Basel_1908	Basel
Preiswerk-Schaefer	E.	Wwe.	Missionsstrasse 41	Basel	2638	1908	124	telefonbuch_126	PTT-Archiv, P-260-1_Basel_1908	Basel
Preiswerk Söhne		Colonialwaren	Schneidergasse 34	Basel	2694	1908	124	telefonbuch_126	PTT-Archiv, P-260-1_Basel_1908	Basel
Preiswerk Söhne		Filiale	Elisabethenstr. 36	Basel	1987	1908	124	telefonbuch_126	PTT-Archiv, P-260-1_Basel_1908	Basel
Preiswerk Söhne		Filiale	Missionsstrasse 39	Basel	858	1908	124	telefonbuch_126	PTT-Archiv, P-260-1_Basel_1908	Basel
Preiswerk Söhne		Filiale	Unt. Rheingasse 4	Basel	1290	1908	124	telefonbuch_126	PTT-Archiv, P-260-1_Basel_1908	Basel
Preiswerk Söhne		Filiale Centralhalle	Streitgasse 20	Basel	150	1908	124	telefonbuch_126	PTT-Archiv, P-260-1_Basel_1908	Basel
Preiswerk-Stähelin	Paul		Steinenring 10	Basel	2651	1908	124	telefonbuch_126	PTT-Archiv, P-260-1_Basel_1908	Basel
Preiswerk & Co.		Baugeschäft	Missionsstrasse 43	Basel	2626	1908	124	telefonbuch_126	PTT-Archiv, P-260-1_Basel_1908	Basel
Preiswerk & Co.		Holzlagerplatz und Stallung	Burgfelderstr. 205	Basel	739	1908	124	telefonbuch_126	PTT-Archiv, P-260-1_Basel_1908	Basel
Primarschulinspektoren		Bureaux	Münsterplatz 19	Basel	124	1908	124	telefonbuch_126	PTT-Archiv, P-260-1_Basel_1908	Basel
"""au Printemps"""	H. Bodenheimer	Damenkonfektion	Freiestrasse 45	Basel	467	1908	124	telefonbuch_126	PTT-Archiv, P-260-1_Basel_1908	Basel
Privatklinik Andlauerhof		(Prof. Haegler)	Petersgraben 11	Basel	1702	1908	124	telefonbuch_126	PTT-Archiv, P-260-1_Basel_1908	Basel
Privatklinik	Dr. Suter & Dr. Hagenbach	Chirurg.	Socinstrasse 13	Basel	2682	1908	124	telefonbuch_126	PTT-Archiv, P-260-1_Basel_1908	Basel
Privatklinik	Dr. O. Hallauer	Augenärztl.	Socinstrasse 13	Basel	2682	1908	124	telefonbuch_126	PTT-Archiv, P-260-1_Basel_1908	Basel
Privatklinik und Orthopäd. Institut	Dr. Hübscher		Rheinschanze 2	Basel	3168	1908	124	telefonbuch_126	PTT-Archiv, P-260-1_Basel_1908	Basel
Privatkrankenhaus			Mostackerstrasse 13	Basel	2775	1908	124	telefonbuch_126	PTT-Archiv, P-260-1_Basel_1908	Basel
Privatspital für Frauenkrankheiten und Geburtshilfe von Dr. Niebergall			Steinenring 2	Basel	1083	1908	124	telefonbuch_126	PTT-Archiv, P-260-1_Basel_1908	Basel
Privat-Telefon-Gesellschaft		Filiale Basel	Küchegässlein 5	Basel	1014	1908	124	telefonbuch_126	PTT-Archiv, P-260-1_Basel_1908	Basel
Probst-Bauer	A.	photogr. Artikel	Bäumleingasse 12	Basel	1703	1908	124	telefonbuch_126	PTT-Archiv, P-260-1_Basel_1908	Basel
Probst-Brunner	J.	Cigarrenhandlung	Kohlenberg 1	Basel	2227	1908	124	telefonbuch_126	PTT-Archiv, P-260-1_Basel_1908	Basel
Probst	E.	& Co., Bankgeschäft	Freiestrasse 44	Basel	3125	1908	124	telefonbuch_126	PTT-Archiv, P-260-1_Basel_1908	Basel
Probst	J.	Pfarrer	Klingelbergstr. 57	Basel	4574	1908	124	telefonbuch_126	PTT-Archiv, P-260-1_Basel_1908	Basel
Probst-Lotz	Ed.		Steinengraben 48	Basel	3115	1908	124	telefonbuch_126	PTT-Archiv, P-260-1_Basel_1908	Basel
Probst-Müller		Materialhandlung	Spalenberg 51	Basel	2899	1908	124	telefonbuch_126	PTT-Archiv, P-260-1_Basel_1908	Basel
Probst-Müller		Wohnung	Nonnenweg 56	Basel	4518	1908	124	telefonbuch_126	PTT-Archiv, P-260-1_Basel_1908	Basel
Probst-Schilling	G.		Nonnenweg 35	Basel	2550	1908	125	telefonbuch_127	PTT-Archiv, P-260-1_Basel_1908	Basel
Probst-Schmidt	Em.	Dr.	Socinstrasse 53	Basel	985	1908	125	telefonbuch_127	PTT-Archiv, P-260-1_Basel_1908	Basel
Pure Oil Company		(Pennsyl. Petroleum)	Sennheimerstr. 45	Basel	151	1908	125	telefonbuch_127	PTT-Archiv, P-260-1_Basel_1908	Basel
Raillard-Schmidt	Aug.		Unt. Rheinweg 48	Basel	1204	1908	125	telefonbuch_127	PTT-Archiv, P-260-1_Basel_1908	Basel
Raillard	Th.		Grellingerstrasse 43	Basel	3014	1908	125	telefonbuch_127	PTT-Archiv, P-260-1_Basel_1908	Basel
Raillard & Schaefer			Rheingasse 39	Basel	1191	1908	125	telefonbuch_127	PTT-Archiv, P-260-1_Basel_1908	Basel
Rais-Fräulein	R.	Hotel Breisgauerhof	Hüningerstrasse 2	Basel	1416	1908	125	telefonbuch_127	PTT-Archiv, P-260-1_Basel_1908	Basel
Ranft	St.	& Söhne, Handelsgärtner	Mittlerestrasse 159	Basel	1478	1908	125	telefonbuch_127	PTT-Archiv, P-260-1_Basel_1908	Basel
Dieselben		Baumschule, siehe „Neu-Allschwil“		Basel	453	1908	125	telefonbuch_127	PTT-Archiv, P-260-1_Basel_1908	Basel
Rapp-Bührer	Joachim		Hochstrasse 94	Basel	4190	1908	125	telefonbuch_127	PTT-Archiv, P-260-1_Basel_1908	Basel
Rapp-Müller	Wilh.		Hochstrasse 101	Basel	3968	1908	125	telefonbuch_127	PTT-Archiv, P-260-1_Basel_1908	Basel
Rapp	W. & J.	Baugeschäft	Hochstrasse 96	Basel	3924	1908	125	telefonbuch_127	PTT-Archiv, P-260-1_Basel_1908	Basel
Rappaz		Dr. med.	Klingelbergstrasse 3	Basel	388	1908	125	telefonbuch_127	PTT-Archiv, P-260-1_Basel_1908	Basel
Rasser	E.	Baugeschäft	Ahornstrasse 39	Basel	902	1908	125	telefonbuch_127	PTT-Archiv, P-260-1_Basel_1908	Basel
Rath	Fr.	Kunsthandlung und Vergolderei	Aeschenvorstadt 37	Basel	2295	1908	125	telefonbuch_127	PTT-Archiv, P-260-1_Basel_1908	Basel
Rathe-Fehlmann			Kohlenberggasse 8	Basel	2379	1908	125	telefonbuch_127	PTT-Archiv, P-260-1_Basel_1908	Basel
Rauch	Emil	Dr.	Kohlenberg 27	Basel	3110	1908	125	telefonbuch_127	PTT-Archiv, P-260-1_Basel_1908	Basel
Rauch-Fuss	M.	Wwe.	Klybeckstrasse 65	Basel	332	1908	125	telefonbuch_127	PTT-Archiv, P-260-1_Basel_1908	Basel
Rauch-Georg	Othmar	Dr.	Grellingerstrasse 62	Basel	4202	1908	125	telefonbuch_127	PTT-Archiv, P-260-1_Basel_1908	Basel
Raymond-Risser	W.		Elisabethenstr. 54	Basel	4600	1908	125	telefonbuch_127	PTT-Archiv, P-260-1_Basel_1908	Basel
Reber-Burckhardt	Paul	Architekt, Wohnhaus	Missionsstrasse 44	Basel	2583	1908	125	telefonbuch_127	PTT-Archiv, P-260-1_Basel_1908	Basel
Derselbe		Bureaux (Preiswerk & Co.)	Missionsstrasse 43	Basel	2626	1908	125	telefonbuch_127	PTT-Archiv, P-260-1_Basel_1908	Basel
Reber	Max	Dr. med.	Schützengraben 7	Basel	82	1908	125	telefonbuch_127	PTT-Archiv, P-260-1_Basel_1908	Basel
Rebhaus			Riehenthorstrasse 11	Basel	4585	1908	125	telefonbuch_127	PTT-Archiv, P-260-1_Basel_1908	Basel
Rebleutenzunft	F.	Maier-Brunner, Restaurateur	Freiestrasse 50	Basel	1906	1908	125	telefonbuch_127	PTT-Archiv, P-260-1_Basel_1908	Basel
Reese	H.	alt-Regierungsrat	Rütlistrasse 47	Basel	4583	1908	125	telefonbuch_127	PTT-Archiv, P-260-1_Basel_1908	Basel
Refardt-Bischoff	Arnold		Engelgasse 119	Basel	1813	1908	125	telefonbuch_127	PTT-Archiv, P-260-1_Basel_1908	Basel
Refardt-Köchlin	Edgar	Dr.	Marschalkenstr. 61	Basel	4331	1908	125	telefonbuch_127	PTT-Archiv, P-260-1_Basel_1908	Basel
Reichenbach	Hermann	Tierarzt	Römergasse 36	Basel	1220	1908	125	telefonbuch_127	PTT-Archiv, P-260-1_Basel_1908	Basel
Reimann	Otto		St. Johannring 123	Basel	531	1908	125	telefonbuch_127	PTT-Archiv, P-260-1_Basel_1908	Basel
Reinbold	Fritz	Elektriker	Drahtzugstrasse 47	Basel	155	1908	125	telefonbuch_127	PTT-Archiv, P-260-1_Basel_1908	Basel
Reinbolt & Christe		Nachfolger v. Kauffmann	Elsässerstrasse 59	Basel	1644	1908	125	telefonbuch_127	PTT-Archiv, P-260-1_Basel_1908	Basel
Reinger-Bruder	F.		Spalenthorweg 39	Basel	2766	1908	125	telefonbuch_127	PTT-Archiv, P-260-1_Basel_1908	Basel
Reinhardt	Friedrich	Buchdruckerei u. Privat	Missionsstrasse 36	Basel	2041	1908	125	telefonbuch_127	PTT-Archiv, P-260-1_Basel_1908	Basel
Reinhardt	Georg	Schlossermeister	Markgräflerstr. 48	Basel	325	1908	125	telefonbuch_127	PTT-Archiv, P-260-1_Basel_1908	Basel
Reinhardt	Ludwig	Dr. med., Arzt	Spalenvorstadt 6	Basel	2773	1908	125	telefonbuch_127	PTT-Archiv, P-260-1_Basel_1908	Basel
Reinhold	N.		Birsigstrasse 117	Basel	2862	1908	125	telefonbuch_127	PTT-Archiv, P-260-1_Basel_1908	Basel
Reis-Kaiser	Emil		Thiersteinerallee 29	Basel	2191	1908	125	telefonbuch_127	PTT-Archiv, P-260-1_Basel_1908	Basel
Reisebureau der Hamburg-Amerika-Linie		(Bronner & Co.)	Aeschengraben 33	Basel	2877	1908	125	telefonbuch_127	PTT-Archiv, P-260-1_Basel_1908	Basel
Reiter	Ernst		Hirzbodenweg 46	Basel	3582	1908	125	telefonbuch_127	PTT-Archiv, P-260-1_Basel_1908	Basel
Rektorat der Mädchensekundarschule		Wohnung von H. Müller, Rektor	Neubadstrasse 17	Basel	371	1908	125	telefonbuch_127	PTT-Archiv, P-260-1_Basel_1908	Basel
Rektorat der untern Realschule			Rittergasse 4	Basel	1759	1908	125	telefonbuch_127	PTT-Archiv, P-260-1_Basel_1908	Basel
Rellstab	H.	Dienstmänneranstalt	Kohlenberg 11	Basel	2525	1908	125	telefonbuch_127	PTT-Archiv, P-260-1_Basel_1908	Basel
Rensch	G.	Gewürz-, Droguen- u. Getreidemühle	St. Albanthal 8	Basel	735	1908	125	telefonbuch_127	PTT-Archiv, P-260-1_Basel_1908	Basel
Rensch-Huber		Wwe., Fleischhandlung	Sattelgasse 7	Basel	1436	1908	125	telefonbuch_127	PTT-Archiv, P-260-1_Basel_1908	Basel
Rensch-Miville & Sohn		Tafelsenf-fabrik	Mühleberg 21	Basel	4135	1908	125	telefonbuch_127	PTT-Archiv, P-260-1_Basel_1908	Basel
Renz	Th.	& Cie.	Münzgässlein 1	Basel	1134	1908	125	telefonbuch_127	PTT-Archiv, P-260-1_Basel_1908	Basel
Resch	Wilh.	Spenglermeister	Hardtstrasse 83	Basel	3786	1908	125	telefonbuch_127	PTT-Archiv, P-260-1_Basel_1908	Basel
Respinger	Emil	Ingenieur	Aeschengraben 10	Basel	2355	1908	126	telefonbuch_128	PTT-Archiv, P-260-1_Basel_1908	Basel
Respinger	H. B.	Dr., Zahnarzt, Wohnung	Marschalkenstr. 39	Basel	3140	1908	126	telefonbuch_128	PTT-Archiv, P-260-1_Basel_1908	Basel
Respinger	H. B.	Dr., Privatpraxis	St. Albananlage 5	Basel	2032	1908	126	telefonbuch_128	PTT-Archiv, P-260-1_Basel_1908	Basel
Respinger-His	Cécile	Wwe.	Socinstrasse 32	Basel	2700	1908	126	telefonbuch_128	PTT-Archiv, P-260-1_Basel_1908	Basel
Respinger-Jaques	B.		Langegasse 17	Basel	4199	1908	126	telefonbuch_128	PTT-Archiv, P-260-1_Basel_1908	Basel
Respinger-Kiefer	A. E.	Wwe.	Grellingerstrasse 92	Basel	3973	1908	126	telefonbuch_128	PTT-Archiv, P-260-1_Basel_1908	Basel
Respinger-Passavant	E.	Wwe.	Totentanz 10	Basel	1348	1908	126	telefonbuch_128	PTT-Archiv, P-260-1_Basel_1908	Basel
Respinger-Senn	M.	Wwe.	Birmannsgasse 4	Basel	3257	1908	126	telefonbuch_128	PTT-Archiv, P-260-1_Basel_1908	Basel
Respinger	Wilh.	Dr. med.	Schweizerplatz 1	Basel	4180	1908	126	telefonbuch_128	PTT-Archiv, P-260-1_Basel_1908	Basel
Restaurant z. Nordbahnhof		(Karl Flösser)	Mühlhauserstr. 123	Basel	4458	1908	126	telefonbuch_128	PTT-Archiv, P-260-1_Basel_1908	Basel
Rettungsanstalt		kantonale	Klosterfiechten	Basel	4038	1908	126	telefonbuch_128	PTT-Archiv, P-260-1_Basel_1908	Basel
Rey	Isidor		Blotzheimerw. 29/31	Basel	898	1908	126	telefonbuch_128	PTT-Archiv, P-260-1_Basel_1908	Basel
Rhein	Aron		Birsigstrasse 84	Basel	3108	1908	126	telefonbuch_128	PTT-Archiv, P-260-1_Basel_1908	Basel
Rhein		Gebrüder	Bäumleingasse 5	Basel	1758	1908	126	telefonbuch_128	PTT-Archiv, P-260-1_Basel_1908	Basel
Rheinhafen-Aktiengesellschaft Basel			Elsässerrheinweg	Basel	4737	1908	126	telefonbuch_128	PTT-Archiv, P-260-1_Basel_1908	Basel
Reinhold & Cie.		(Franz Dehne)	Riehenstrasse 8	Basel	3428	1908	126	telefonbuch_128	PTT-Archiv, P-260-1_Basel_1908	Basel
Rheinschifffahrtsverein			Börsengebäude	Basel	2029	1908	126	telefonbuch_128	PTT-Archiv, P-260-1_Basel_1908	Basel
Rheinschule			Unt. Rheinweg 160	Basel	1078	1908	126	telefonbuch_128	PTT-Archiv, P-260-1_Basel_1908	Basel
Rhyner	Emma	Dr.	Feierabendstr. 33	Basel	4305	1908	126	telefonbuch_128	PTT-Archiv, P-260-1_Basel_1908	Basel
Richter-Bienz	C. A.		Holbeinstrasse 60	Basel	4228	1908	126	telefonbuch_128	PTT-Archiv, P-260-1_Basel_1908	Basel
Richter-Rickert	P.	Bettwarengeschäft	Rheinsprung 7	Basel	1301	1908	126	telefonbuch_128	PTT-Archiv, P-260-1_Basel_1908	Basel
Rickenbach	G.	Büchsenmacher	Bäumleingasse 8	Basel	1872	1908	126	telefonbuch_128	PTT-Archiv, P-260-1_Basel_1908	Basel
Rickert-Daetwyler	P.	Architekt	Neubadstrasse 49	Basel	3208	1908	126	telefonbuch_128	PTT-Archiv, P-260-1_Basel_1908	Basel
Rickli-Linder	G.		Missionsstrasse 34	Basel	1453	1908	126	telefonbuch_128	PTT-Archiv, P-260-1_Basel_1908	Basel
Rieber	Henri		Aeschenvorstadt 41	Basel	1952	1908	126	telefonbuch_128	PTT-Archiv, P-260-1_Basel_1908	Basel
Riedtmann	E.	Dr.	Eulerstrasse 51	Basel	2752	1908	126	telefonbuch_128	PTT-Archiv, P-260-1_Basel_1908	Basel
Riedtmann-Ostertag	R.	Bäcker	Aeschenvorstadt 60	Basel	2072	1908	126	telefonbuch_128	PTT-Archiv, P-260-1_Basel_1908	Basel
Riedweg	K.	Wwe.	Andreasplatz 16	Basel	1000	1908	126	telefonbuch_128	PTT-Archiv, P-260-1_Basel_1908	Basel
Ries-Welti	Jos.	Restaurant Schützenhaus	Schützenmattstr. 56	Basel	2999	1908	126	telefonbuch_128	PTT-Archiv, P-260-1_Basel_1908	Basel
Riesterer-Asmus		Zimmermeister	Klingenthalstr. 77	Basel	3309	1908	126	telefonbuch_128	PTT-Archiv, P-260-1_Basel_1908	Basel
Riesterer-Grüninger	Fritz	Baugeschäft	Vogesenstrasse 27	Basel	276	1908	126	telefonbuch_128	PTT-Archiv, P-260-1_Basel_1908	Basel
Rieter-Herzog	Marie	Frau	Grellingerstrasse 23	Basel	3551	1908	126	telefonbuch_128	PTT-Archiv, P-260-1_Basel_1908	Basel
Rietmann-Dörflinger	E.		Margarethenstr. 47	Basel	239	1908	126	telefonbuch_128	PTT-Archiv, P-260-1_Basel_1908	Basel
Riggenbach	Adolf	Bäckerei	St. Johannvorst. 11	Basel	1381	1908	126	telefonbuch_128	PTT-Archiv, P-260-1_Basel_1908	Basel
Riggenbach	Alb.	Spenglerei und Installation	Spalenring 158	Basel	1353	1908	126	telefonbuch_128	PTT-Archiv, P-260-1_Basel_1908	Basel
Riggenbach-Burckhardt	A.	Prof. Dr.	Bernoullistrasse 20	Basel	799	1908	126	telefonbuch_128	PTT-Archiv, P-260-1_Basel_1908	Basel
Riggenbach	Ed.	Ingenieur	St. Albanvorstadt 72	Basel	1890	1908	126	telefonbuch_128	PTT-Archiv, P-260-1_Basel_1908	Basel
Riggenbach	Ed.	Papeterie	Rüdengasse 3	Basel	1351	1908	126	telefonbuch_128	PTT-Archiv, P-260-1_Basel_1908	Basel
Riggenbach		Gebrüder, & Cie., zum Arm	Clarastrasse 30	Basel	3701	1908	126	telefonbuch_128	PTT-Archiv, P-260-1_Basel_1908	Basel
Riggenbach		Gebrüder, & Cie., zum Arm	Marktplatz 5	Basel	1601	1908	126	telefonbuch_128	PTT-Archiv, P-260-1_Basel_1908	Basel
Riggenbach		Gebrüder, & Cie., zum Arm	St. Albanvorstadt 59	Basel	1816	1908	126	telefonbuch_128	PTT-Archiv, P-260-1_Basel_1908	Basel
Riggenbach		Gebrüder, & Cie., zum Arm	Petersgraben 18	Basel	1525	1908	126	telefonbuch_128	PTT-Archiv, P-260-1_Basel_1908	Basel
Riggenbach		Gebrüder, & Cie., zum Arm	Angensteinerstr. 48	Basel	3568	1908	126	telefonbuch_128	PTT-Archiv, P-260-1_Basel_1908	Basel
Riggenbach-Hegar	N.		Spalenthorweg 13	Basel	4715	1908	126	telefonbuch_128	PTT-Archiv, P-260-1_Basel_1908	Basel
Riggenbach-Iselin	A.		Wallstrasse 16	Basel	2216	1908	126	telefonbuch_128	PTT-Archiv, P-260-1_Basel_1908	Basel
Riggenbach-Oser	A.	Wwe.	Leimenstrasse 48	Basel	2901	1908	126	telefonbuch_128	PTT-Archiv, P-260-1_Basel_1908	Basel
Riggenbach-Preiswerk	Chr.	Wwe.	St. Albananlage 63	Basel	4285	1908	126	telefonbuch_128	PTT-Archiv, P-260-1_Basel_1908	Basel
Riggenbach-Thurneysen	Ed.	Prof. D.	Langegasse 13	Basel	2098	1908	126	telefonbuch_128	PTT-Archiv, P-260-1_Basel_1908	Basel
Riggenbach	W.	Weblitzenfabrik	Elisabethenstr. 41	Basel	924	1908	126	telefonbuch_128	PTT-Archiv, P-260-1_Basel_1908	Basel
Riggenbach-Woringer	Aug.		Herbstgasse 7	Basel	4182	1908	127	telefonbuch_129	PTT-Archiv, P-260-1_Basel_1908	Basel
Riggenbach-Zollinger	E.	Wwe.	Birsigstrasse 30	Basel	4260	1908	127	telefonbuch_129	PTT-Archiv, P-260-1_Basel_1908	Basel
Rilliet	Victor		Thiersteinerallee 40	Basel	3091	1908	127	telefonbuch_129	PTT-Archiv, P-260-1_Basel_1908	Basel
Rilling	Fritz	Spenglermeister	Lothringerstrasse 82	Basel	169	1908	127	telefonbuch_129	PTT-Archiv, P-260-1_Basel_1908	Basel
Rimathé	A.	Pfr.	Thiersteinerallee 61	Basel	4197	1908	127	telefonbuch_129	PTT-Archiv, P-260-1_Basel_1908	Basel
Rinderspacher	Louis	Gärtnerei	Klybeckstrasse 73	Basel	3298	1908	127	telefonbuch_129	PTT-Archiv, P-260-1_Basel_1908	Basel
Ringeisen-Lamotte	E.	Vve.	Hochstrasse 118	Basel	4338	1908	127	telefonbuch_129	PTT-Archiv, P-260-1_Basel_1908	Basel
Ringier	Emil		Birsigstrasse 75	Basel	3670	1908	127	telefonbuch_129	PTT-Archiv, P-260-1_Basel_1908	Basel
Riniker, Strübin & Cie.			Jurastrasse 42	Basel	3771	1908	127	telefonbuch_129	PTT-Archiv, P-260-1_Basel_1908	Basel
Rising-Herwaerts	M. A.	Frau	Freiestrasse 89	Basel	4456	1908	127	telefonbuch_129	PTT-Archiv, P-260-1_Basel_1908	Basel
Rising-Herwaerts	Ad.	Dr.	St. Albanvorstadt 15	Basel	4354	1908	127	telefonbuch_129	PTT-Archiv, P-260-1_Basel_1908	Basel
Rissel	Julius		Maulbeerweg 2	Basel	315	1908	127	telefonbuch_129	PTT-Archiv, P-260-1_Basel_1908	Basel
Ritter	A.	Ingenieur und Patentanwalt	Birsigstrasse 2	Basel	2487	1908	127	telefonbuch_129	PTT-Archiv, P-260-1_Basel_1908	Basel
Ritter	Alex.	Schlosserei und Mechaniker	Isteinerstrasse 114	Basel	3435	1908	127	telefonbuch_129	PTT-Archiv, P-260-1_Basel_1908	Basel
Ritter	Hans	Buchbindermeister	Nadelberg 23	Basel	1777	1908	127	telefonbuch_129	PTT-Archiv, P-260-1_Basel_1908	Basel
Ritter	R. B.	Ingenieur-Conseil	Kartausgasse 11	Basel	2007	1908	127	telefonbuch_129	PTT-Archiv, P-260-1_Basel_1908	Basel
Ritter	R. B.	Wohnung	Missionsstrasse 35	Basel	4515	1908	127	telefonbuch_129	PTT-Archiv, P-260-1_Basel_1908	Basel
Ritter & Uhlmann		Broncewaren-Fabrik	Clarastrasse 4	Basel	3526	1908	127	telefonbuch_129	PTT-Archiv, P-260-1_Basel_1908	Basel
Ritter-Wehrle	O.		Murtengasse 10	Basel	1027	1908	127	telefonbuch_129	PTT-Archiv, P-260-1_Basel_1908	Basel
Rittmann	Adolf	Zahnarzt	Mittlerestrasse 27	Basel	161	1908	127	telefonbuch_129	PTT-Archiv, P-260-1_Basel_1908	Basel
Rittmann	Hch.	Zahnarzt	Leonhardsgraben 8	Basel	1614	1908	127	telefonbuch_129	PTT-Archiv, P-260-1_Basel_1908	Basel
Rittmann-Urech	Aug.	Sohn, Zahnarzt	Augustinergasse 5	Basel	1147	1908	127	telefonbuch_129	PTT-Archiv, P-260-1_Basel_1908	Basel
Rittmann-Urech	Aug.	Wohnung	Güterstrasse 72	Basel	2430	1908	127	telefonbuch_129	PTT-Archiv, P-260-1_Basel_1908	Basel
Ritzmann	Emil	Brennmaterialien	Güterstrasse 205	Basel	3756	1908	127	telefonbuch_129	PTT-Archiv, P-260-1_Basel_1908	Basel
Röchling		Gebrüder	St. Jakobstrasse 22	Basel	2424	1908	127	telefonbuch_129	PTT-Archiv, P-260-1_Basel_1908	Basel
Röchling		Gebrüder	St. Jakobstrasse 22	Basel	2316	1908	127	telefonbuch_129	PTT-Archiv, P-260-1_Basel_1908	Basel
Röchling		Gebrüder, Lagerplatz	Dreispitz	Basel	4218	1908	127	telefonbuch_129	PTT-Archiv, P-260-1_Basel_1908	Basel
Röchling	Otto		St. Jakobstrasse 22	Basel	2358	1908	127	telefonbuch_129	PTT-Archiv, P-260-1_Basel_1908	Basel
Röckel	Jos.		Rennweg 57	Basel	1411	1908	127	telefonbuch_129	PTT-Archiv, P-260-1_Basel_1908	Basel
Rogg-Baumgartner	L.	Gärtner	Riehenstrasse 180	Basel	3851	1908	127	telefonbuch_129	PTT-Archiv, P-260-1_Basel_1908	Basel
Rognon-Schönbein	E.		Münchensteinerstr. 39	Basel	3998	1908	127	telefonbuch_129	PTT-Archiv, P-260-1_Basel_1908	Basel
Rognon-Zimmerli	E.	Wwe.	St. Jakobstrasse 23	Basel	186	1908	127	telefonbuch_129	PTT-Archiv, P-260-1_Basel_1908	Basel
Rohr-Duthaler	Hch.		Luftgässlein 5	Basel	1751	1908	127	telefonbuch_129	PTT-Archiv, P-260-1_Basel_1908	Basel
Romang	A.		Utengasse 31	Basel	1183	1908	127	telefonbuch_129	PTT-Archiv, P-260-1_Basel_1908	Basel
Römisch-katholische Krankenanstalt			Hammerstrasse 43	Basel	3805	1908	127	telefonbuch_129	PTT-Archiv, P-260-1_Basel_1908	Basel
Römisch-katholische Pfarrei			Lindenberg 12	Basel	1146	1908	127	telefonbuch_129	PTT-Archiv, P-260-1_Basel_1908	Basel
Rommel & Co.			Centralbahnplatz 12	Basel	2242	1908	127	telefonbuch_129	PTT-Archiv, P-260-1_Basel_1908	Basel
Ronus-Bœringer	C.		Grellingerstrasse 66	Basel	1171	1908	127	telefonbuch_129	PTT-Archiv, P-260-1_Basel_1908	Basel
Ronus-Kœchlin	R.		Dufourstrasse 50	Basel	4606	1908	127	telefonbuch_129	PTT-Archiv, P-260-1_Basel_1908	Basel
Ronus-von Speyr	V.	Wwe.	Aeschengraben 9	Basel	2306	1908	127	telefonbuch_129	PTT-Archiv, P-260-1_Basel_1908	Basel
Ronus-Wegner	K. El.	Wwe.	Angensteinerstr. 24	Basel	3669	1908	127	telefonbuch_129	PTT-Archiv, P-260-1_Basel_1908	Basel
Roos	J.		Hutgasse 17	Basel	2356	1908	127	telefonbuch_129	PTT-Archiv, P-260-1_Basel_1908	Basel
Rordorf		Apotheke	Ob. Spalenberg 63	Basel	2885	1908	127	telefonbuch_129	PTT-Archiv, P-260-1_Basel_1908	Basel
Rordorf		Sanitas	Ob. Spalenberg 63	Basel	2885	1908	127	telefonbuch_129	PTT-Archiv, P-260-1_Basel_1908	Basel
Rordorf	Hartm.	(Wohnung)	Burgunderstrasse 18	Basel	2821	1908	127	telefonbuch_129	PTT-Archiv, P-260-1_Basel_1908	Basel
Rosen-Apotheke		Heer & Cie.	Rudolfstrasse 2	Basel	2753	1908	127	telefonbuch_129	PTT-Archiv, P-260-1_Basel_1908	Basel
Rosenberg	Edgar		Vogesenstrasse 27	Basel	468	1908	127	telefonbuch_129	PTT-Archiv, P-260-1_Basel_1908	Basel
Rosenmund		Bettwarengeschäft	Spalenring 166	Basel	2960	1908	127	telefonbuch_129	PTT-Archiv, P-260-1_Basel_1908	Basel
Rosenmund	Hugo	Dr. med.	Güterstrasse 214	Basel	4361	1908	127	telefonbuch_129	PTT-Archiv, P-260-1_Basel_1908	Basel
Rosenthal-Schulhaus			Isteinerstrasse 10	Basel	3645	1908	128	telefonbuch_130	PTT-Archiv, P-260-1_Basel_1908	Basel
Rosinski-Beeger	Ferd.	Kürschner	Freiestrasse 91	Basel	492	1908	128	telefonbuch_130	PTT-Archiv, P-260-1_Basel_1908	Basel
Rossier	Albert		Feierabendstrasse 11	Basel	446	1908	128	telefonbuch_130	PTT-Archiv, P-260-1_Basel_1908	Basel
Rössiger & Co.			Dornacherstr. 101	Basel	4097	1908	128	telefonbuch_130	PTT-Archiv, P-260-1_Basel_1908	Basel
Roth-Bischoff	Herm.		Nonnenweg 31	Basel	2657	1908	128	telefonbuch_130	PTT-Archiv, P-260-1_Basel_1908	Basel
Röth	H.		Gerbergässlein 24	Basel	1717	1908	128	telefonbuch_130	PTT-Archiv, P-260-1_Basel_1908	Basel
Roth	Hans	Dr.	Spitalstrasse 38	Basel	1009	1908	128	telefonbuch_130	PTT-Archiv, P-260-1_Basel_1908	Basel
Roth	Hermann	Tapezierer	Hochstrasse 6	Basel	3653	1908	128	telefonbuch_130	PTT-Archiv, P-260-1_Basel_1908	Basel
Roth-Kündig	M.	Frau	Wallstrasse 26	Basel	2643	1908	128	telefonbuch_130	PTT-Archiv, P-260-1_Basel_1908	Basel
Roth-Schwarzer	M.		Herbstgasse 5	Basel	606	1908	128	telefonbuch_130	PTT-Archiv, P-260-1_Basel_1908	Basel
Roth-Stecher	Ach.	Veltlinerhalle	Gerbergasse 26	Basel	2894	1908	128	telefonbuch_130	PTT-Archiv, P-260-1_Basel_1908	Basel
Roth-Thommet	Fritz	Bäckerei	Brombacherstr. 36	Basel	2333	1908	128	telefonbuch_130	PTT-Archiv, P-260-1_Basel_1908	Basel
Roth	Traugott	Tapezierer	Dufourstrasse 48	Basel	4147	1908	128	telefonbuch_130	PTT-Archiv, P-260-1_Basel_1908	Basel
Rothe-Suter	Heinrich		Zürcherstrasse 172	Basel	1038	1908	128	telefonbuch_130	PTT-Archiv, P-260-1_Basel_1908	Basel
Rothenberger-Klein	Chr.	Dr., Advokat (Bureau)	Falknerstrasse 35	Basel	1860	1908	128	telefonbuch_130	PTT-Archiv, P-260-1_Basel_1908	Basel
Rothenberger-Klein	Chr.	Wohnung	Rennweg 80	Basel	3300	1908	128	telefonbuch_130	PTT-Archiv, P-260-1_Basel_1908	Basel
Rübelmann-Dold	A.	Schreiner	Spitalstrasse 42	Basel	1621	1908	128	telefonbuch_130	PTT-Archiv, P-260-1_Basel_1908	Basel
Rückert-Aegerter	Camille		Thiersteinerallee 62	Basel	4692	1908	128	telefonbuch_130	PTT-Archiv, P-260-1_Basel_1908	Basel
Ruckhäberle	E.	Dr.	Socinstrasse 9	Basel	204	1908	128	telefonbuch_130	PTT-Archiv, P-260-1_Basel_1908	Basel
Ruckhäberle	M. O.		Nauenstrasse 22	Basel	2177	1908	128	telefonbuch_130	PTT-Archiv, P-260-1_Basel_1908	Basel
Rukstuhl	J.	Centralheizungsgeschäft	Rümelinbachweg 6/8	Basel	2896	1908	128	telefonbuch_130	PTT-Archiv, P-260-1_Basel_1908	Basel
Rudin	Emil		Oetlingerstrasse 152	Basel	1413	1908	128	telefonbuch_130	PTT-Archiv, P-260-1_Basel_1908	Basel
Rudin-Gabriel	H.		Kannenfeldstr. 15	Basel	2116	1908	128	telefonbuch_130	PTT-Archiv, P-260-1_Basel_1908	Basel
Rudin	Hans	Dr., Advokaturbureau	Birmannsgasse 19	Basel	1373	1908	128	telefonbuch_130	PTT-Archiv, P-260-1_Basel_1908	Basel
Rudin-Rudin	Oscar		Untere Rheingasse 8	Basel	38	1908	128	telefonbuch_130	PTT-Archiv, P-260-1_Basel_1908	Basel
Rudin	Theophil	Lithograph	St. Johannvorstadt 70	Basel	1708	1908	128	telefonbuch_130	PTT-Archiv, P-260-1_Basel_1908	Basel
Rüdisühli	Rudolf	Confiseur	Eulerstrasse 38	Basel	2736	1908	128	telefonbuch_130	PTT-Archiv, P-260-1_Basel_1908	Basel
Rueb-Lapp	Fr.		Stadthausgasse 20	Basel	321	1908	128	telefonbuch_130	PTT-Archiv, P-260-1_Basel_1908	Basel
Rueff	F.		Leonhardstrasse 36	Basel	2902	1908	128	telefonbuch_130	PTT-Archiv, P-260-1_Basel_1908	Basel
Rueff	F.	& Cie., Caoutchoucwaren	Leonhardstrasse 26	Basel	3209	1908	128	telefonbuch_130	PTT-Archiv, P-260-1_Basel_1908	Basel
Rueff	Jos.	Getreide	Kornhausgasse 10	Basel	2739	1908	128	telefonbuch_130	PTT-Archiv, P-260-1_Basel_1908	Basel
Rueff-Weil	J.		Burgfelderstrasse 8	Basel	180	1908	128	telefonbuch_130	PTT-Archiv, P-260-1_Basel_1908	Basel
Rueff-Weiller	Jules		Mostackerstrasse 16	Basel	4613	1908	128	telefonbuch_130	PTT-Archiv, P-260-1_Basel_1908	Basel
Ruegg	Carl	Dr., Zahnarzt	Leonhardstrasse 59	Basel	2917	1908	128	telefonbuch_130	PTT-Archiv, P-260-1_Basel_1908	Basel
Ruegg-Krayer	S.	Wwe.	Feierabendstrasse 80	Basel	2973	1908	128	telefonbuch_130	PTT-Archiv, P-260-1_Basel_1908	Basel
Ruegger	E. G.	Chemische Produkte	Frobenstrasse 40	Basel	4653	1908	128	telefonbuch_130	PTT-Archiv, P-260-1_Basel_1908	Basel
Ruegger	Jak.	Eisenbau, Maschinenfabrik	Lehenmattstr. 353	Basel	2458	1908	128	telefonbuch_130	PTT-Archiv, P-260-1_Basel_1908	Basel
Ruegger	Jak.	Wohnung	Steinenvorstadt 63	Basel	1974	1908	128	telefonbuch_130	PTT-Archiv, P-260-1_Basel_1908	Basel
Ruf	C.	& Pfützner, Photographen	Steinenthorberg 20	Basel	2433	1908	128	telefonbuch_130	PTT-Archiv, P-260-1_Basel_1908	Basel
Ruf-Martin	Paul		Leonhardsgraben 20	Basel	3636	1908	128	telefonbuch_130	PTT-Archiv, P-260-1_Basel_1908	Basel
Ruf & Witz			Dornacherstr. 74	Basel	3154	1908	128	telefonbuch_130	PTT-Archiv, P-260-1_Basel_1908	Basel
Rufer-Hartmann	C.	Handelsgärtner	Holeestrasse 115	Basel	2729	1908	128	telefonbuch_130	PTT-Archiv, P-260-1_Basel_1908	Basel
Ruffio	Achilles		Gerbergasse 50	Basel	3626	1908	128	telefonbuch_130	PTT-Archiv, P-260-1_Basel_1908	Basel
Ruh	Ed.	Schreinermeister	Leonhardsberg 14	Basel	2309	1908	128	telefonbuch_130	PTT-Archiv, P-260-1_Basel_1908	Basel
Rümmele	J.	Hotel Stadthof	Gerbergasse 84	Basel	3410	1908	128	telefonbuch_130	PTT-Archiv, P-260-1_Basel_1908	Basel
Rumpf-von Salis	Werner		Maiengasse 55	Basel	1454	1908	128	telefonbuch_130	PTT-Archiv, P-260-1_Basel_1908	Basel
Rumpf'sche Kreppweberei A.-G.			Maulbeerweg 87	Basel	3517	1908	128	telefonbuch_130	PTT-Archiv, P-260-1_Basel_1908	Basel
Rumpf'sche Kreppweberei A.-G.			Schorenweg 16	Basel	4150	1908	128	telefonbuch_130	PTT-Archiv, P-260-1_Basel_1908	Basel
Runge	F. O.		Elisabethenstr. 56	Basel	3986	1908	128	telefonbuch_130	PTT-Archiv, P-260-1_Basel_1908	Basel
Ruoff	Fried.	Direktor	Marschalkenstr. 25	Basel	3484	1908	129	telefonbuch_131	PTT-Archiv, P-260-1_Basel_1908	Basel
Rupe-Fischer	C. M.	Wwe.	Feierabendstrasse 8	Basel	2347	1908	129	telefonbuch_131	PTT-Archiv, P-260-1_Basel_1908	Basel
Ruppmann	Ferd.		Thiersteineralle 40	Basel	4678	1908	129	telefonbuch_131	PTT-Archiv, P-260-1_Basel_1908	Basel
Rupprecht	Philipp	Waschanstalt	Hammerstrasse 23	Basel	3812	1908	129	telefonbuch_131	PTT-Archiv, P-260-1_Basel_1908	Basel
Rüsch-Burckhardt	Ferd.		Elisabethenstr. 27	Basel	2410	1908	129	telefonbuch_131	PTT-Archiv, P-260-1_Basel_1908	Basel
Russ	M.	Möbelschreinerei	Elsässerstrasse 36	Basel	953	1908	129	telefonbuch_131	PTT-Archiv, P-260-1_Basel_1908	Basel
Rütimeyer	L.	Dr.	Socinstrasse 25	Basel	2670	1908	129	telefonbuch_131	PTT-Archiv, P-260-1_Basel_1908	Basel
Rutschmann	Ferd.		Allschwilerstr. 43	Basel	2164	1908	129	telefonbuch_131	PTT-Archiv, P-260-1_Basel_1908	Basel
Rutschmann	G.		Spalenberg 53	Basel	2	1908	129	telefonbuch_131	PTT-Archiv, P-260-1_Basel_1908	Basel
Ruutz	H.	Dr., Zahnarzt	Leonhardstrasse 16	Basel	3013	1908	129	telefonbuch_131	PTT-Archiv, P-260-1_Basel_1908	Basel
Ryffel	H.	Cigarrenhandlung	Greifengasse 30	Basel	3200	1908	129	telefonbuch_131	PTT-Archiv, P-260-1_Basel_1908	Basel
Ryhiner-Heusler		Frau	Gartenstrasse 46	Basel	1973	1908	129	telefonbuch_131	PTT-Archiv, P-260-1_Basel_1908	Basel
Ryhiner	Louise		Gellertstrasse 6	Basel	1560	1908	129	telefonbuch_131	PTT-Archiv, P-260-1_Basel_1908	Basel
Ryhiner-Merian	C.		Engelgasse 9	Basel	1907	1908	129	telefonbuch_131	PTT-Archiv, P-260-1_Basel_1908	Basel
Ryhiner-Stehlin	Alb.		St. Albananlage 14	Basel	4176	1908	129	telefonbuch_131	PTT-Archiv, P-260-1_Basel_1908	Basel
Ryhiner-VonderMühll	C.		Engelgasse 105	Basel	3604	1908	129	telefonbuch_131	PTT-Archiv, P-260-1_Basel_1908	Basel
Saass	Johann	Kohlenhandlung	Mühlhauserstr. 100	Basel	4435	1908	129	telefonbuch_131	PTT-Archiv, P-260-1_Basel_1908	Basel
Saass	Johann	Lagerplatz	St. Johann - Bahnhof	Basel	1790	1908	129	telefonbuch_131	PTT-Archiv, P-260-1_Basel_1908	Basel
Safranzunft			Gerbergasse 11	Basel	1465	1908	129	telefonbuch_131	PTT-Archiv, P-260-1_Basel_1908	Basel
Salathé-Bärwart	Dor.	Wwe.	Birsigstrasse 134	Basel	1780	1908	129	telefonbuch_131	PTT-Archiv, P-260-1_Basel_1908	Basel
Salathé	E.	& Co.	Margarethenstr. 1	Basel	3002	1908	129	telefonbuch_131	PTT-Archiv, P-260-1_Basel_1908	Basel
v. Salis	Arnold	Antistes	Münsterhof 2	Basel	979	1908	129	telefonbuch_131	PTT-Archiv, P-260-1_Basel_1908	Basel
Salmeck		Restauration, G. Schächtelin	Vogesenstrasse 143	Basel	277	1908	129	telefonbuch_131	PTT-Archiv, P-260-1_Basel_1908	Basel
Salmenbräu Rheinfelden		Depot Basel, Vertreter E. Burkart	Vogesenstrasse 141	Basel	184	1908	129	telefonbuch_131	PTT-Archiv, P-260-1_Basel_1908	Basel
Salmenbräu Rheinfelden		Wirtschaft	Steinenthortr. 40	Basel	2555	1908	129	telefonbuch_131	PTT-Archiv, P-260-1_Basel_1908	Basel
Salmen	G.	Lang-Müller, Wirt	Spalenvorstadt 45	Basel	2671	1908	129	telefonbuch_131	PTT-Archiv, P-260-1_Basel_1908	Basel
Salzfaktorat Basel-Stadt			Dreispitz	Basel	4257	1908	129	telefonbuch_131	PTT-Archiv, P-260-1_Basel_1908	Basel
Samuel	E.		Spalenring 15	Basel	959	1908	129	telefonbuch_131	PTT-Archiv, P-260-1_Basel_1908	Basel
Sanatorium Leimenstrasse Basel			Leimenstrasse 67	Basel	2975	1908	129	telefonbuch_131	PTT-Archiv, P-260-1_Basel_1908	Basel
Sandreuter	Emanuel	Spenglermeister	Davidsgasse 10	Basel	1424	1908	129	telefonbuch_131	PTT-Archiv, P-260-1_Basel_1908	Basel
Sandreuter-Grüninger	Ad.	Bau- und Kunstschlosserei	Leonhardstrasse 12	Basel	2919	1908	129	telefonbuch_131	PTT-Archiv, P-260-1_Basel_1908	Basel
Sandreuter	J. W.	Agenturen	Sommergasse 31	Basel	920	1908	129	telefonbuch_131	PTT-Archiv, P-260-1_Basel_1908	Basel
Sandreuter-Jundt	R.	Architekt	Sommergasse 13	Basel	1140	1908	129	telefonbuch_131	PTT-Archiv, P-260-1_Basel_1908	Basel
Sandreuter-Kündig	Eml.		Sevogelstrasse 69	Basel	3974	1908	129	telefonbuch_131	PTT-Archiv, P-260-1_Basel_1908	Basel
Sandreuter	Rud.	Kupferschmied	Gundoldingerstr. 123	Basel	3713	1908	129	telefonbuch_131	PTT-Archiv, P-260-1_Basel_1908	Basel
Sandreuter & Lang		Nachf. v. Nikl. Brüderlin	Eisengasse 14	Basel	1589	1908	129	telefonbuch_131	PTT-Archiv, P-260-1_Basel_1908	Basel
Sænger-Jaeckle	Otto		Pfeffingerstrasse 104	Basel	764	1908	129	telefonbuch_131	PTT-Archiv, P-260-1_Basel_1908	Basel
Saenger-Ritter	Ernst		Rütimeyerstrasse 12	Basel	910	1908	129	telefonbuch_131	PTT-Archiv, P-260-1_Basel_1908	Basel
Saenger & Co.			Pfeffingerstrasse 83	Basel	3759	1908	129	telefonbuch_131	PTT-Archiv, P-260-1_Basel_1908	Basel
Sanitas Rordorf			Ob. Spalenberg 63	Basel	2885	1908	129	telefonbuch_131	PTT-Archiv, P-260-1_Basel_1908	Basel
Sanitätsgeschäft Hausmann		A.-G.	Freiestrasse 15	Basel	1486	1908	129	telefonbuch_131	PTT-Archiv, P-260-1_Basel_1908	Basel
Sanitäts- und Gummiwarengeschäft J. Möschinger			Spalenberg 6	Basel	1406	1908	129	telefonbuch_131	PTT-Archiv, P-260-1_Basel_1908	Basel
Sanitätsdepartement			Münsterplatz 20	Basel	1757	1908	129	telefonbuch_131	PTT-Archiv, P-260-1_Basel_1908	Basel
Sanitätskommissär II			Klein. Klingenthal 19	Basel	1281	1908	129	telefonbuch_131	PTT-Archiv, P-260-1_Basel_1908	Basel
Santschi	H. E.		Münzgasse 1	Basel	456	1908	129	telefonbuch_131	PTT-Archiv, P-260-1_Basel_1908	Basel
Sarasin	A.	& Cie.	Freiestrasse 107	Basel	2037	1908	129	telefonbuch_131	PTT-Archiv, P-260-1_Basel_1908	Basel
Sarasin	A.	& Cie., Börse	Börse	Basel	111	1908	129	telefonbuch_131	PTT-Archiv, P-260-1_Basel_1908	Basel
Sarasin-Alioth	J. E.	Wwe.	St. Albananlage 24	Basel	4138	1908	130	telefonbuch_132	PTT-Archiv, P-260-1_Basel_1908	Basel
Sarasin-Alioth	Peter	zum Lautengarten	Malzgasse 30	Basel	1953	1908	130	telefonbuch_132	PTT-Archiv, P-260-1_Basel_1908	Basel
Sarasin-Bischoff	Th.		St. Albanvorstadt 32	Basel	1814	1908	130	telefonbuch_132	PTT-Archiv, P-260-1_Basel_1908	Basel
Sarasin-Bischoff	Th.	siehe unter „Riehen“		Basel		1908	130	telefonbuch_132	PTT-Archiv, P-260-1_Basel_1908	Basel
Sarasin-Brunner	Ros.	Frau	Münchensteinerstr. 8	Basel	3978	1908	130	telefonbuch_132	PTT-Archiv, P-260-1_Basel_1908	Basel
Sarasin-Brunner	Ros.	Frau	St. Albanvorstadt 49	Basel	1786	1908	130	telefonbuch_132	PTT-Archiv, P-260-1_Basel_1908	Basel
Sarasin	P. & F.	Dr.	Spitalstrasse 22	Basel	1712	1908	130	telefonbuch_132	PTT-Archiv, P-260-1_Basel_1908	Basel
Sarasin-Hoffmann	Carl Ed.		Elisabethenstr. 26	Basel	534	1908	130	telefonbuch_132	PTT-Archiv, P-260-1_Basel_1908	Basel
Sarasin-Iselin	Alfred		Langegasse 80	Basel	3688	1908	130	telefonbuch_132	PTT-Archiv, P-260-1_Basel_1908	Basel
Sarasin-Iselin	Wilh.		St. Jakobstrasse 14	Basel	2294	1908	130	telefonbuch_132	PTT-Archiv, P-260-1_Basel_1908	Basel
Sarasin	Rudolf	& Co., Comptoir	Bäumleingasse 18	Basel	1787	1908	130	telefonbuch_132	PTT-Archiv, P-260-1_Basel_1908	Basel
Sarasin	Rudolf	& Co.	Waldenburgerstr. 1	Basel	2380	1908	130	telefonbuch_132	PTT-Archiv, P-260-1_Basel_1908	Basel
Sarasin	Rudolf	& Co.	Luftgässlein 4	Basel	1855	1908	130	telefonbuch_132	PTT-Archiv, P-260-1_Basel_1908	Basel
Sarasin-Schlumberger	J.		Gartenstrasse 28	Basel	2120	1908	130	telefonbuch_132	PTT-Archiv, P-260-1_Basel_1908	Basel
Sarasin Söhne		(Bureau)	St. Johannvorstadt 3	Basel	3775	1908	130	telefonbuch_132	PTT-Archiv, P-260-1_Basel_1908	Basel
Sarasin Söhne		Bergstube	Spitalstrasse 2	Basel	833	1908	130	telefonbuch_132	PTT-Archiv, P-260-1_Basel_1908	Basel
Sarasin Söhne		Zettlerei	Elsässerstrasse 248	Basel	912	1908	130	telefonbuch_132	PTT-Archiv, P-260-1_Basel_1908	Basel
Sarasin Stähelin & Co.			St. Albanvorstadt 49	Basel	1793	1908	130	telefonbuch_132	PTT-Archiv, P-260-1_Basel_1908	Basel
Sarasin-Thiersch	Anna L.	Frau	Grellingerstrasse 64	Basel	4170	1908	130	telefonbuch_132	PTT-Archiv, P-260-1_Basel_1908	Basel
Sarasin-Thurneysen	C.	Frau	St. Albanvorstadt 90	Basel	734	1908	130	telefonbuch_132	PTT-Archiv, P-260-1_Basel_1908	Basel
Sarasin-Vischer	Rud.		St. Albanvorstadt 17	Basel	1763	1908	130	telefonbuch_132	PTT-Archiv, P-260-1_Basel_1908	Basel
Sarasin-VonderMühll	Ernst		Rittergasse 25	Basel	772	1908	130	telefonbuch_132	PTT-Archiv, P-260-1_Basel_1908	Basel
Sarasin-Warnery	Reinhold		St. Albananlage 26	Basel	3661	1908	130	telefonbuch_132	PTT-Archiv, P-260-1_Basel_1908	Basel
Sarasin	W.	& Cie.	St. Albanvorstadt 93	Basel	4279	1908	130	telefonbuch_132	PTT-Archiv, P-260-1_Basel_1908	Basel
Sartorius-Burckhardt	Joh.	Wwe.	Nonnenweg 60	Basel	785	1908	130	telefonbuch_132	PTT-Archiv, P-260-1_Basel_1908	Basel
Sartorius-Staehelin	A.	Frau	Nonnenweg 58	Basel	4403	1908	130	telefonbuch_132	PTT-Archiv, P-260-1_Basel_1908	Basel
Sattler's	Alb.	Wwe., Münzen- und Antiquitätenhandlung	Blumenrain 7	Basel	1326	1908	130	telefonbuch_132	PTT-Archiv, P-260-1_Basel_1908	Basel
Säuglingsheim			Hardstrasse 87	Basel	632	1908	130	telefonbuch_132	PTT-Archiv, P-260-1_Basel_1908	Basel
Sauter-Elmer	E.		Drahtzugstrasse 34	Basel	4561	1908	130	telefonbuch_132	PTT-Archiv, P-260-1_Basel_1908	Basel
Sauter	Jos.	Buchbinder	Barfüsserplatz 14	Basel	2489	1908	130	telefonbuch_132	PTT-Archiv, P-260-1_Basel_1908	Basel
Sauter-Münch	G.	mech. Möbelschreinerei	Haltingerstrasse 40	Basel	4555	1908	130	telefonbuch_132	PTT-Archiv, P-260-1_Basel_1908	Basel
Sauter	U.	Goldschmied	Freiestrasse 44	Basel	720	1908	130	telefonbuch_132	PTT-Archiv, P-260-1_Basel_1908	Basel
Schabelitz-Steinmann	W.	(Wohnung)	Socinstrasse 52	Basel	962	1908	130	telefonbuch_132	PTT-Archiv, P-260-1_Basel_1908	Basel
Schächtelin	D.	Spengler	Claragraben 14	Basel	3813	1908	130	telefonbuch_132	PTT-Archiv, P-260-1_Basel_1908	Basel
Schäfer-Denger	E.	Wwe., Bäckermeister	Aeschenvorstadt 18	Basel	2093	1908	130	telefonbuch_132	PTT-Archiv, P-260-1_Basel_1908	Basel
Schäfer	E.		Oberwilerstrasse 50	Basel	3075	1908	130	telefonbuch_132	PTT-Archiv, P-260-1_Basel_1908	Basel
Schäfer	Emil	Glasmaler	Grenzacherstrasse 91	Basel	3818	1908	130	telefonbuch_132	PTT-Archiv, P-260-1_Basel_1908	Basel
Schaefer-Schmidt	H.		Römergasse 1	Basel	1141	1908	130	telefonbuch_132	PTT-Archiv, P-260-1_Basel_1908	Basel
Schaffner	G.	Dr.	Schützengraben 24	Basel	2423	1908	130	telefonbuch_132	PTT-Archiv, P-260-1_Basel_1908	Basel
Schamböck	S.	Tapezierer	Aeschenvorstadt 56	Basel	2030	1908	130	telefonbuch_132	PTT-Archiv, P-260-1_Basel_1908	Basel
Schaer-Gysin	E.		Greifengasse 27	Basel	4697	1908	130	telefonbuch_132	PTT-Archiv, P-260-1_Basel_1908	Basel
Schär-Haller	Oskar	Dr.	Bachlettenstr. 60	Basel	1129	1908	130	telefonbuch_132	PTT-Archiv, P-260-1_Basel_1908	Basel
Schaerer	Ed.	Hafner	Küchegässlein 7	Basel	2254	1908	130	telefonbuch_132	PTT-Archiv, P-260-1_Basel_1908	Basel
Schärer-Grunauer	E.		Leonhardstrasse 12	Basel	649	1908	130	telefonbuch_132	PTT-Archiv, P-260-1_Basel_1908	Basel
Schardt	P.		Eulerstrasse 74	Basel	3536	1908	130	telefonbuch_132	PTT-Archiv, P-260-1_Basel_1908	Basel
Scharf-Seiffert	K.	Hafnermeister	Nadelberg 26	Basel	2616	1908	130	telefonbuch_132	PTT-Archiv, P-260-1_Basel_1908	Basel
Schatz	Severin	Bierhalle (Brauerei Warteck)	Heumattstrasse 25	Basel	3938	1908	130	telefonbuch_132	PTT-Archiv, P-260-1_Basel_1908	Basel
Schätzle-Kümmerle	F.	Wirt, (Filiale Brauerei Sternenberg)	Alemannengasse 1	Basel	1131	1908	130	telefonbuch_132	PTT-Archiv, P-260-1_Basel_1908	Basel
Schaub-Leupe	J.		Centralbahnplatz 8	Basel	3434	1908	131	telefonbuch_133	PTT-Archiv, P-260-1_Basel_1908	Basel
Schaub-Lüssi	A.	Plazierungsbureau	Riehenthorstrasse 14	Basel	1175	1908	131	telefonbuch_133	PTT-Archiv, P-260-1_Basel_1908	Basel
Schaub	Paul	Spengler	Schützenmattstr. 5	Basel	2714	1908	131	telefonbuch_133	PTT-Archiv, P-260-1_Basel_1908	Basel
Schaub	P. R.		Binningerstrasse 11	Basel	4232	1908	131	telefonbuch_133	PTT-Archiv, P-260-1_Basel_1908	Basel
Schaub-Ryser	J. J.	Malermeister	Gartenstrasse 64	Basel	2168	1908	131	telefonbuch_133	PTT-Archiv, P-260-1_Basel_1908	Basel
Schäublin	J. R.		Austrasse 61	Basel	2884	1908	131	telefonbuch_133	PTT-Archiv, P-260-1_Basel_1908	Basel
Schäublin-Jordan	Eug.		Burgfelderstrasse 1	Basel	4384	1908	131	telefonbuch_133	PTT-Archiv, P-260-1_Basel_1908	Basel
Schäublin-Senn	H.	Mineralwasser	Allschwilerstr. 71	Basel	2792	1908	131	telefonbuch_133	PTT-Archiv, P-260-1_Basel_1908	Basel
Schaupp-Beausire	Alb.	Bäckermeister	Hardtstrasse 66	Basel	3781	1908	131	telefonbuch_133	PTT-Archiv, P-260-1_Basel_1908	Basel
Scheidecker	C. & E.	mech. Werkstätte und Messinggiesserei	Klybeckstrasse 45	Basel	3273	1908	131	telefonbuch_133	PTT-Archiv, P-260-1_Basel_1908	Basel
Scheidegger	E.	Dr. med.	Schützenmattstr. 35	Basel	81	1908	131	telefonbuch_133	PTT-Archiv, P-260-1_Basel_1908	Basel
Scheidegger & Cie.			Färberstrasse 30	Basel	786	1908	131	telefonbuch_133	PTT-Archiv, P-260-1_Basel_1908	Basel
Scheidt	P.		Vogesenstrasse 104	Basel	603	1908	131	telefonbuch_133	PTT-Archiv, P-260-1_Basel_1908	Basel
Schellenberg	A.		Güterstrasse 80	Basel	2480	1908	131	telefonbuch_133	PTT-Archiv, P-260-1_Basel_1908	Basel
Schenitza	Ph.		Birsigstrasse 140	Basel	1978	1908	131	telefonbuch_133	PTT-Archiv, P-260-1_Basel_1908	Basel
Schenk	H.	march.-tailleur	Luftgässlein 1	Basel	2050	1908	131	telefonbuch_133	PTT-Archiv, P-260-1_Basel_1908	Basel
Schenk-Wyss	H.		Burgfelderstrasse 25	Basel	4576	1908	131	telefonbuch_133	PTT-Archiv, P-260-1_Basel_1908	Basel
Scherer-Jundt	A.		Gartenstrasse 72	Basel	3868	1908	131	telefonbuch_133	PTT-Archiv, P-260-1_Basel_1908	Basel
Scherer	Victor Emil	Dr.	Therwilerstrasse 36	Basel	441	1908	131	telefonbuch_133	PTT-Archiv, P-260-1_Basel_1908	Basel
Scherrer	Paul	Dr	Angensteinerstr. 11	Basel	3690	1908	131	telefonbuch_133	PTT-Archiv, P-260-1_Basel_1908	Basel
Scherrer, Fischer, Thalmann & ImObersteg	Paul, Alfred, Ernst, A.	Notariats- u. Advokaturbureau, Dr, Dr, Dr, Dr	Freiestrasse 82	Basel	2319	1908	131	telefonbuch_133	PTT-Archiv, P-260-1_Basel_1908	Basel
Scherrer	C.		Zürcherstrasse 41	Basel	4127	1908	131	telefonbuch_133	PTT-Archiv, P-260-1_Basel_1908	Basel
Scherrer-Heidet	Fred. Ed.		Oberwilerstrasse 38	Basel	3120	1908	131	telefonbuch_133	PTT-Archiv, P-260-1_Basel_1908	Basel
Schetty	Fr.	Dr.	Claragraben 49	Basel	3825	1908	131	telefonbuch_133	PTT-Archiv, P-260-1_Basel_1908	Basel
Schetty-Eisenlohr	Aug.		Rappoltshof 16	Basel	3296	1908	131	telefonbuch_133	PTT-Archiv, P-260-1_Basel_1908	Basel
Schetty		Fräulein	Klybeckstrasse 22	Basel	3380	1908	131	telefonbuch_133	PTT-Archiv, P-260-1_Basel_1908	Basel
Schetty-Haas	Paul		Klybeckstrasse 5	Basel	3368	1908	131	telefonbuch_133	PTT-Archiv, P-260-1_Basel_1908	Basel
Schetty-Haberstich	Alb.		Claraplatz 3	Basel	1243	1908	131	telefonbuch_133	PTT-Archiv, P-260-1_Basel_1908	Basel
Schetty-Oechslin	Carl		Claraplatz 2	Basel	3299	1908	131	telefonbuch_133	PTT-Archiv, P-260-1_Basel_1908	Basel
Schetty-Riesterer	Fr.		Clarastrasse 15	Basel	2081	1908	131	telefonbuch_133	PTT-Archiv, P-260-1_Basel_1908	Basel
Schetty-Wybert	Rudolf		Rappoltshof 16	Basel	415	1908	131	telefonbuch_133	PTT-Archiv, P-260-1_Basel_1908	Basel
Scheuchzer-Dür	A.	privatim	Friedensgasse 64	Basel	1405	1908	131	telefonbuch_133	PTT-Archiv, P-260-1_Basel_1908	Basel
Scheuchzer & Cie.		Handlung	Petersgraben 19	Basel	1530	1908	131	telefonbuch_133	PTT-Archiv, P-260-1_Basel_1908	Basel
Scheuermann	Beda	Dr., Bläsi-Apotheke	Klybeckstrasse 98	Basel	4679	1908	131	telefonbuch_133	PTT-Archiv, P-260-1_Basel_1908	Basel
Scheuring	A.	(in Firma Heinrich Franck Söhne)	Horburgstrasse 109	Basel	3364	1908	131	telefonbuch_133	PTT-Archiv, P-260-1_Basel_1908	Basel
Scheven	Auguste	Frau	Wartenbergstr. 47	Basel	3691	1908	131	telefonbuch_133	PTT-Archiv, P-260-1_Basel_1908	Basel
Schibli-Buser	H.	Tapezierermeister	Missionsstrasse 67	Basel	274	1908	131	telefonbuch_133	PTT-Archiv, P-260-1_Basel_1908	Basel
Schielé-Lorenz	Ch.		Kanonengasse 23	Basel	3478	1908	131	telefonbuch_133	PTT-Archiv, P-260-1_Basel_1908	Basel
Schiess	H.	Prof. Dr.	Missionsstrasse 28	Basel	2580	1908	131	telefonbuch_133	PTT-Archiv, P-260-1_Basel_1908	Basel
Schiesser	E.	Wwe., Confiserie	Marktplatz 26	Basel	1561	1908	131	telefonbuch_133	PTT-Archiv, P-260-1_Basel_1908	Basel
Schiessplatz, neuer		(Abwartwohnung)	b. Allschwilerweiher	Basel	3128	1908	131	telefonbuch_133	PTT-Archiv, P-260-1_Basel_1908	Basel
Schietinger	Karl	Brod- und Feinbäckerei	Hebelstrasse 121	Basel	373	1908	131	telefonbuch_133	PTT-Archiv, P-260-1_Basel_1908	Basel
Schill-Ernst	Ed.		Feierabendstrasse 58	Basel	2906	1908	131	telefonbuch_133	PTT-Archiv, P-260-1_Basel_1908	Basel
Schilling-Rosenmund	A.	Bettwarengeschäft	Fischmarkt 9	Basel	1564	1908	131	telefonbuch_133	PTT-Archiv, P-260-1_Basel_1908	Basel
Schillinger	Georg	Bäckermeister	Amerbachstrasse 78	Basel	3500	1908	131	telefonbuch_133	PTT-Archiv, P-260-1_Basel_1908	Basel
Schillinger-Lang	Karl	Wirt	Brombacherstr. 30	Basel	3829	1908	131	telefonbuch_133	PTT-Archiv, P-260-1_Basel_1908	Basel
Schirmer	Aug.	Glasreinigungsgeschäft	Haltingerstrasse 2	Basel	2936	1908	131	telefonbuch_133	PTT-Archiv, P-260-1_Basel_1908	Basel
Schirmer-Lang	A.	Bäckerei	Claragraben 139	Basel	602	1908	132	telefonbuch_134	PTT-Archiv, P-260-1_Basel_1908	Basel
Schirrer	Aug.	Hotel Hofer	Centralbahnstr. 11	Basel	2278	1908	132	telefonbuch_134	PTT-Archiv, P-260-1_Basel_1908	Basel
Schirrer & Co.		Hôtel Jura	Centralbahnplatz 11	Basel	2246	1908	132	telefonbuch_134	PTT-Archiv, P-260-1_Basel_1908	Basel
Schlachter	Fried.		Allschwilerstrasse 15	Basel	4326	1908	132	telefonbuch_134	PTT-Archiv, P-260-1_Basel_1908	Basel
Schlachthaus		Bureau der Viehrampe	Elsässerstrasse 4	Basel	323	1908	132	telefonbuch_134	PTT-Archiv, P-260-1_Basel_1908	Basel
Schlachthaus-Verwaltung		der Stadt Basel	Elsässerstrasse 4	Basel	1735	1908	132	telefonbuch_134	PTT-Archiv, P-260-1_Basel_1908	Basel
Schladerer	Leopold	Tapezierer	Petersplatz 17	Basel	493	1908	132	telefonbuch_134	PTT-Archiv, P-260-1_Basel_1908	Basel
Schlager-Baumgärtner	Ernst		Elsässerstrasse 259	Basel	309	1908	132	telefonbuch_134	PTT-Archiv, P-260-1_Basel_1908	Basel
Schlageter-Hartmann	Karl	Schuhmachermeister	Münsterberg 10	Basel	1690	1908	132	telefonbuch_134	PTT-Archiv, P-260-1_Basel_1908	Basel
Schlageter	J.	Amtmann	Bäumleingasse 12	Basel	1905	1908	132	telefonbuch_134	PTT-Archiv, P-260-1_Basel_1908	Basel
Schlageter	J.	Wohnung	Rötelerstrasse 10	Basel	3246	1908	132	telefonbuch_134	PTT-Archiv, P-260-1_Basel_1908	Basel
Schlaepfer	Rudolf		Alemannengasse 62	Basel	676	1908	132	telefonbuch_134	PTT-Archiv, P-260-1_Basel_1908	Basel
Schläppi-Plattner		Fleischwarenhandlung	Spalenberg 24	Basel	2763	1908	132	telefonbuch_134	PTT-Archiv, P-260-1_Basel_1908	Basel
Schleh-Matzinger	Aug.		Utengasse 6	Basel	4397	1908	132	telefonbuch_134	PTT-Archiv, P-260-1_Basel_1908	Basel
Schleuss	Rudolf		Wallstrasse 15	Basel	2445	1908	132	telefonbuch_134	PTT-Archiv, P-260-1_Basel_1908	Basel
Schlichtholz-Schwarz	Friedr.	Spenglermeister	Rappoltshof 7	Basel	2817	1908	132	telefonbuch_134	PTT-Archiv, P-260-1_Basel_1908	Basel
Schlienger-Berlinger	Jos.		Münchensteinerstr. 126	Basel	3939	1908	132	telefonbuch_134	PTT-Archiv, P-260-1_Basel_1908	Basel
Schlienger	Hermann	Butterhandlung	Pfeffingerstrasse 100	Basel	755	1908	132	telefonbuch_134	PTT-Archiv, P-260-1_Basel_1908	Basel
Schlimme	F.	Kürschner	Gerbergasse 72	Basel	2540	1908	132	telefonbuch_134	PTT-Archiv, P-260-1_Basel_1908	Basel
Schlosser	Albert		Grenzacherstrasse 87	Basel	3733	1908	132	telefonbuch_134	PTT-Archiv, P-260-1_Basel_1908	Basel
Schlosser-Bendel	S. R.		Augustinergasse 13	Basel	1068	1908	132	telefonbuch_134	PTT-Archiv, P-260-1_Basel_1908	Basel
Schlosser	Dr. Hans		Missionsstrasse 52	Basel	873	1908	132	telefonbuch_134	PTT-Archiv, P-260-1_Basel_1908	Basel
Schlosser-Hunziker	Jos.		Hammerstrasse 128	Basel	1460	1908	132	telefonbuch_134	PTT-Archiv, P-260-1_Basel_1908	Basel
Schloeth-Burckhardt	R.		Spalenvorstadt 10	Basel	2699	1908	132	telefonbuch_134	PTT-Archiv, P-260-1_Basel_1908	Basel
Schlotterbeck	C.	Bureau und Laden	Steinenring 45	Basel	1842	1908	132	telefonbuch_134	PTT-Archiv, P-260-1_Basel_1908	Basel
Schlotterbeck	C.		Petersgasse 28	Basel	654	1908	132	telefonbuch_134	PTT-Archiv, P-260-1_Basel_1908	Basel
Schlotterer	Wilh.	Metzger	Hägenheimerstr. 8	Basel	2633	1908	132	telefonbuch_134	PTT-Archiv, P-260-1_Basel_1908	Basel
Schloz	G.	Bierdépôt Feldschlösschen	Bleicheweg 7	Basel	1238	1908	132	telefonbuch_134	PTT-Archiv, P-260-1_Basel_1908	Basel
Schlumberger-Ehinger	Wwe. F.		St. Jakobstrasse 29	Basel	2289	1908	132	telefonbuch_134	PTT-Archiv, P-260-1_Basel_1908	Basel
Schlumberger	J.		Delsbergerallee 34	Basel	3321	1908	132	telefonbuch_134	PTT-Archiv, P-260-1_Basel_1908	Basel
Schlumberger-Le Grand	Wwe. A. M.		Feierabendstrasse 68	Basel	3036	1908	132	telefonbuch_134	PTT-Archiv, P-260-1_Basel_1908	Basel
Schlumberger-Vischer	Ch.		St. Jakobstrasse 25	Basel	3794	1908	132	telefonbuch_134	PTT-Archiv, P-260-1_Basel_1908	Basel
Schlüsselzunft		(J. Bätschi)	Freiestrasse 25	Basel	1216	1908	132	telefonbuch_134	PTT-Archiv, P-260-1_Basel_1908	Basel
Schmassmann & Cie.			Spaltenthorweg 15	Basel	4608	1908	132	telefonbuch_134	PTT-Archiv, P-260-1_Basel_1908	Basel
Schmid	A.	Versicherungs-Inspektor	Inn. Margarethenstr. 22	Basel	4395	1908	132	telefonbuch_134	PTT-Archiv, P-260-1_Basel_1908	Basel
Schmid	Adolph	Papeterie	Leonhardsgraben 2	Basel	2941	1908	132	telefonbuch_134	PTT-Archiv, P-260-1_Basel_1908	Basel
Schmid	Ad.	Schreinermeister	Rebgasse 46	Basel	1145	1908	132	telefonbuch_134	PTT-Archiv, P-260-1_Basel_1908	Basel
Schmid		Milchkuranstalt	Schönbeinstrasse 36	Basel	2592	1908	132	telefonbuch_134	PTT-Archiv, P-260-1_Basel_1908	Basel
Schmid-Ballié	J.		Engelgasse 79	Basel	3677	1908	132	telefonbuch_134	PTT-Archiv, P-260-1_Basel_1908	Basel
Schmid-Behringer	J.		Haltingerstrasse 13	Basel	3487	1908	132	telefonbuch_134	PTT-Archiv, P-260-1_Basel_1908	Basel
Schmid	Edi	Bayrische Bierhalle	Steinenvorstadt 13	Basel	3407	1908	132	telefonbuch_134	PTT-Archiv, P-260-1_Basel_1908	Basel
Schmid-Frey	Joh.	Wirt	Clarastrasse 27	Basel	4391	1908	132	telefonbuch_134	PTT-Archiv, P-260-1_Basel_1908	Basel
Schmid-Glardon	Fritz		Thiersteinerallee 19	Basel	3029	1908	132	telefonbuch_134	PTT-Archiv, P-260-1_Basel_1908	Basel
Schmid		Gebrüder	Rittergasse 33	Basel	1067	1908	132	telefonbuch_134	PTT-Archiv, P-260-1_Basel_1908	Basel
Schmid-Kistler	Ch.	Konditor	Spalenberg 55	Basel	2893	1908	132	telefonbuch_134	PTT-Archiv, P-260-1_Basel_1908	Basel
Schmid-Kopp	T.	(Hôtel de la gare)	Gartenstrasse 117	Basel	3948	1908	132	telefonbuch_134	PTT-Archiv, P-260-1_Basel_1908	Basel
Schmid-Müller	Frau A.	Hebamme	Spalenberg 23	Basel	4667	1908	132	telefonbuch_134	PTT-Archiv, P-260-1_Basel_1908	Basel
Schmid-Paganini	Dr. J.		Oetlingerstrasse 2	Basel	3206	1908	132	telefonbuch_134	PTT-Archiv, P-260-1_Basel_1908	Basel
Schmid-Recher	Frau E.		Murtengasse 2	Basel	4076	1908	132	telefonbuch_134	PTT-Archiv, P-260-1_Basel_1908	Basel
Schmid-Rhiner	Kath.	Wwe.	Schlettstadterstr. 12	Basel	826	1908	133	telefonbuch_135	PTT-Archiv, P-260-1_Basel_1908	Basel
Schmid-Rickenbacher	T.		Ob. Rebgasse 39	Basel	270	1908	133	telefonbuch_135	PTT-Archiv, P-260-1_Basel_1908	Basel
Schmid-Roth	J.	Bäckermeister	St. Albanvorstadt 57	Basel	1823	1908	133	telefonbuch_135	PTT-Archiv, P-260-1_Basel_1908	Basel
Schmid-Rufer	F.	Bouquets- u. Kranzbinderei	Allschwilerstr. 29	Basel	2787	1908	133	telefonbuch_135	PTT-Archiv, P-260-1_Basel_1908	Basel
Schmid-Weber	Peter		Peter Merianstr. 34	Basel	3859	1908	133	telefonbuch_135	PTT-Archiv, P-260-1_Basel_1908	Basel
Schmidlin-Hottinger	Rud.	Spenglermeister	Sempacherstrasse 6	Basel	533	1908	133	telefonbuch_135	PTT-Archiv, P-260-1_Basel_1908	Basel
Schmidlin-Müller	W.		Rennweg 34	Basel	3662	1908	133	telefonbuch_135	PTT-Archiv, P-260-1_Basel_1908	Basel
Schmidlin-Rath	J.		Feierabendstrasse 9	Basel	3045	1908	133	telefonbuch_135	PTT-Archiv, P-260-1_Basel_1908	Basel
Schmidlin-VonderMühll	Bertha	Frau	Rennweg 60	Basel	244	1908	133	telefonbuch_135	PTT-Archiv, P-260-1_Basel_1908	Basel
Schmidt	A.	Tapezierer- und Möbelgeschäft	Leonhardstrasse 1	Basel	2747	1908	133	telefonbuch_135	PTT-Archiv, P-260-1_Basel_1908	Basel
Schmidt	Anton	Zahnarzt	St. Albananlage 3	Basel	937	1908	133	telefonbuch_135	PTT-Archiv, P-260-1_Basel_1908	Basel
Schmidt-Auer	Ant.	Bäcker	Horburgstrasse 89	Basel	192	1908	133	telefonbuch_135	PTT-Archiv, P-260-1_Basel_1908	Basel
Schmidt-Burckhard	L.	Handels- und Landschaftsgärtnerei	Bruderholzstr. 112	Basel	4626	1908	133	telefonbuch_135	PTT-Archiv, P-260-1_Basel_1908	Basel
Schmidt	Gustav	Spengler	Heumattstrasse 17	Basel	2236	1908	133	telefonbuch_135	PTT-Archiv, P-260-1_Basel_1908	Basel
Schmidt-Hagenbuch	Ph.		Malzgasse 18	Basel	4289	1908	133	telefonbuch_135	PTT-Archiv, P-260-1_Basel_1908	Basel
Schmidt	Kath.		Missionsstrasse 22	Basel	4539	1908	133	telefonbuch_135	PTT-Archiv, P-260-1_Basel_1908	Basel
Schmidt-Maier	Ed.		Leimenstrasse 74	Basel	559	1908	133	telefonbuch_135	PTT-Archiv, P-260-1_Basel_1908	Basel
Schmidt	Maria		Eulerstrasse 14	Basel	2520	1908	133	telefonbuch_135	PTT-Archiv, P-260-1_Basel_1908	Basel
Schmidt	Karl	Prof. Dr.	Hardstrasse 107	Basel	3576	1908	133	telefonbuch_135	PTT-Archiv, P-260-1_Basel_1908	Basel
Schmidt		Söhne, Holzhandlung	Grenzacherstr. 187	Basel	3227	1908	133	telefonbuch_135	PTT-Archiv, P-260-1_Basel_1908	Basel
Schmidt & Sigrist			Freiestrasse 86	Basel	1179	1908	133	telefonbuch_135	PTT-Archiv, P-260-1_Basel_1908	Basel
Schmidt & Staehelin			Freiestrasse 42	Basel	2831	1908	133	telefonbuch_135	PTT-Archiv, P-260-1_Basel_1908	Basel
Schmidt-Widmann	Georg		St. Johannring 12	Basel	24	1908	133	telefonbuch_135	PTT-Archiv, P-260-1_Basel_1908	Basel
Schmidtmann	E. C.	Verlagsbuchhandlg., Harmoniumlager	Gundeldingerstr. 434	Basel	741	1908	133	telefonbuch_135	PTT-Archiv, P-260-1_Basel_1908	Basel
Schmitt	Eug.	Architekt	Kannenfeldstr. 56	Basel	986	1908	133	telefonbuch_135	PTT-Archiv, P-260-1_Basel_1908	Basel
Schmitt-Mannok	B.	Frau, Wascherei u. Glätterei	Kolmarerstrasse 38	Basel	821	1908	133	telefonbuch_135	PTT-Archiv, P-260-1_Basel_1908	Basel
Schmitz	R.	Ingenieur	Bahnhofstrasse 7	Basel	3611	1908	133	telefonbuch_135	PTT-Archiv, P-260-1_Basel_1908	Basel
Schmoll		fils & Cie.	Eulerstrasse 85	Basel	2653	1908	133	telefonbuch_135	PTT-Archiv, P-260-1_Basel_1908	Basel
Schmoll	Sylvain	fils	Schützengraben 5	Basel	3375	1908	133	telefonbuch_135	PTT-Archiv, P-260-1_Basel_1908	Basel
Schmoll-Hartmann	M.	Wwe.	Münchensteinerstr. 130	Basel	2780	1908	133	telefonbuch_135	PTT-Archiv, P-260-1_Basel_1908	Basel
Schmoll		& Co., Bureau	b. St. Johannbahnhof	Basel	295	1908	133	telefonbuch_135	PTT-Archiv, P-260-1_Basel_1908	Basel
Schmoll		& Co.	Schützengraben 24	Basel	2985	1908	133	telefonbuch_135	PTT-Archiv, P-260-1_Basel_1908	Basel
Schmutz	Adolf	Bäckermeister	Dornacherstr. 274	Basel	4392	1908	133	telefonbuch_135	PTT-Archiv, P-260-1_Basel_1908	Basel
Schneebeli	Conrad		Elisabethenstr. 54	Basel	2235	1908	133	telefonbuch_135	PTT-Archiv, P-260-1_Basel_1908	Basel
Schneeberger	Hans	& Co.	Gerbergasse 16	Basel	1404	1908	133	telefonbuch_135	PTT-Archiv, P-260-1_Basel_1908	Basel
Schneider-Degen	David	Elektriker	Sperrstrasse 37	Basel	1149	1908	133	telefonbuch_135	PTT-Archiv, P-260-1_Basel_1908	Basel
Schneider	Emil	Antiquar	Steinenberg 1	Basel	2016	1908	133	telefonbuch_135	PTT-Archiv, P-260-1_Basel_1908	Basel
Schneider	Erhard	& Cie.	Totentanz 17/18	Basel	1392	1908	133	telefonbuch_135	PTT-Archiv, P-260-1_Basel_1908	Basel
Schneider	Erhard	& Cie.	Bad. Güterbahnhof	Basel	4420	1908	133	telefonbuch_135	PTT-Archiv, P-260-1_Basel_1908	Basel
Schneider	Ernst	Droguerie	Feldbergstrasse 86	Basel	3348	1908	133	telefonbuch_135	PTT-Archiv, P-260-1_Basel_1908	Basel
Schneider	Ernst	Filiale	Klybeckstrasse 59	Basel	4647	1908	133	telefonbuch_135	PTT-Archiv, P-260-1_Basel_1908	Basel
Schneider	Ferd.	Tapezierer und Dekorationsgeschäft	Austrasse 44	Basel	2945	1908	133	telefonbuch_135	PTT-Archiv, P-260-1_Basel_1908	Basel
Schneider-Fininger	E.		Leimenstrasse 56	Basel	2930	1908	133	telefonbuch_135	PTT-Archiv, P-260-1_Basel_1908	Basel
Schneider-Gengenbacher	E.	Bäckerei u. Conditorei	Clarastrasse 23	Basel	3627	1908	133	telefonbuch_135	PTT-Archiv, P-260-1_Basel_1908	Basel
Schneider	Hermann	Putz- und Blumengeschäft	Hammerstrasse 130	Basel	3404	1908	133	telefonbuch_135	PTT-Archiv, P-260-1_Basel_1908	Basel
Schneider-Huber	Fr.		Hebelstrasse 22	Basel	4610	1908	133	telefonbuch_135	PTT-Archiv, P-260-1_Basel_1908	Basel
Schneider-Huber	Wilh.	Küfermeister	Grenzacherstr. 177	Basel	4596	1908	133	telefonbuch_135	PTT-Archiv, P-260-1_Basel_1908	Basel
Schneider	Jakob	Metzgermeister	Bärschwilerstr. 8	Basel	4181	1908	133	telefonbuch_135	PTT-Archiv, P-260-1_Basel_1908	Basel
Schneider	Karl	Dr. med.	Leimenstrasse 72	Basel	653	1908	134	telefonbuch_136	PTT-Archiv, P-260-1_Basel_1908	Basel
Schneider-Kellerhals	K.		Bruderholzweg 10	Basel	4731	1908	134	telefonbuch_136	PTT-Archiv, P-260-1_Basel_1908	Basel
Schneider-Merian	Fritz		Friedensgasse 63	Basel	1441	1908	134	telefonbuch_136	PTT-Archiv, P-260-1_Basel_1908	Basel
Schneider-Mouturat	Jacques	Weinhandlung	Thannerstrasse 80	Basel	284	1908	134	telefonbuch_136	PTT-Archiv, P-260-1_Basel_1908	Basel
Schneider-Rühlin	Marg.	Frau	Feierabendstrasse 7	Basel	2435	1908	134	telefonbuch_136	PTT-Archiv, P-260-1_Basel_1908	Basel
Schneider-Wiedmann	Rud.	Tapezierer	Ob. Heuberg 4	Basel	725	1908	134	telefonbuch_136	PTT-Archiv, P-260-1_Basel_1908	Basel
Schneider	Wilh.	Kunst- und Handelsgärtner	Lothringerstrasse 30	Basel	1623	1908	134	telefonbuch_136	PTT-Archiv, P-260-1_Basel_1908	Basel
Schneider	Wilh.	Centralhalle	Streitgasse 20	Basel	4635	1908	134	telefonbuch_136	PTT-Archiv, P-260-1_Basel_1908	Basel
Schneider & Schmid		Schreinerei	Davidsbodenstr. 32	Basel	4489	1908	134	telefonbuch_136	PTT-Archiv, P-260-1_Basel_1908	Basel
Schneller	Marie	Wwe., Spezereihandlung	St. Albanthal 26	Basel	2971	1908	134	telefonbuch_136	PTT-Archiv, P-260-1_Basel_1908	Basel
Schneller	Jak.	elektrotechn. Installationsgesch.	St. Albanthal 26	Basel	2971	1908	134	telefonbuch_136	PTT-Archiv, P-260-1_Basel_1908	Basel
Schnetzler	Adolf	Baugesch., vorm. Tschaggeny	Bahnhofstrasse 95	Basel	3436	1908	134	telefonbuch_136	PTT-Archiv, P-260-1_Basel_1908	Basel
Schnetzler	J.	Wwe.	Petersgraben 7	Basel	1683	1908	134	telefonbuch_136	PTT-Archiv, P-260-1_Basel_1908	Basel
Schnider-Bloch	K.	Wwe., Fuhrhalterei	Mattweg 37	Basel	384	1908	134	telefonbuch_136	PTT-Archiv, P-260-1_Basel_1908	Basel
Schnitzler-Kirner	J.		Reichensteinerstr. 31	Basel	4355	1908	134	telefonbuch_136	PTT-Archiv, P-260-1_Basel_1908	Basel
Schnurr	Georg	Maurermeister	Breisacherstrasse 54	Basel	3213	1908	134	telefonbuch_136	PTT-Archiv, P-260-1_Basel_1908	Basel
Schoeberlein-Brupbacher	Joh.		Sulzerstrasse 12	Basel	767	1908	134	telefonbuch_136	PTT-Archiv, P-260-1_Basel_1908	Basel
Schoch	Ernst	Bureau	Gerbergasse 12	Basel	1490	1908	134	telefonbuch_136	PTT-Archiv, P-260-1_Basel_1908	Basel
Schoch	Ernst	Bureau	Gerbergasse 12	Basel	1582	1908	134	telefonbuch_136	PTT-Archiv, P-260-1_Basel_1908	Basel
Schoch	Ernst	Magazin	Elsässerstrasse 174	Basel	726	1908	134	telefonbuch_136	PTT-Archiv, P-260-1_Basel_1908	Basel
Schoch	Ernst		Elsässerstrasse 174	Basel	3235	1908	134	telefonbuch_136	PTT-Archiv, P-260-1_Basel_1908	Basel
Schoch	M.	Südfrüchtehandlung	Steinenbachgässl. 38	Basel	1975	1908	134	telefonbuch_136	PTT-Archiv, P-260-1_Basel_1908	Basel
Scholer	E.		Clarastrasse 1	Basel	39	1908	134	telefonbuch_136	PTT-Archiv, P-260-1_Basel_1908	Basel
Scholer-Schiesser	Alb.	Landschaftsgärtner	Burgfelderstrasse 6	Basel	2720	1908	134	telefonbuch_136	PTT-Archiv, P-260-1_Basel_1908	Basel
Scholer-Zandt	Theodor		Birsigstrasse 8	Basel	2438	1908	134	telefonbuch_136	PTT-Archiv, P-260-1_Basel_1908	Basel
Schöllkopf	Chs.		Austrasse 102	Basel	2264	1908	134	telefonbuch_136	PTT-Archiv, P-260-1_Basel_1908	Basel
Schönauer	Otto		Langegasse 35	Basel	3674	1908	134	telefonbuch_136	PTT-Archiv, P-260-1_Basel_1908	Basel
Schöneberger	Wm.	Annoncenexpedition	Dornacherstrasse 56	Basel	499	1908	134	telefonbuch_136	PTT-Archiv, P-260-1_Basel_1908	Basel
Schönenberger	J.	Konditorei	Zürcherstrasse 109	Basel	674	1908	134	telefonbuch_136	PTT-Archiv, P-260-1_Basel_1908	Basel
Schönholzer	Joh.	Bäckermeister	Zürcherstrasse 91	Basel	355	1908	134	telefonbuch_136	PTT-Archiv, P-260-1_Basel_1908	Basel
Schönholzer & Brenner			Aeschenvorstadt 25	Basel	1069	1908	134	telefonbuch_136	PTT-Archiv, P-260-1_Basel_1908	Basel
Schonlau		Gebrüder	Clarastrasse 21	Basel	1360	1908	134	telefonbuch_136	PTT-Archiv, P-260-1_Basel_1908	Basel
Schopfer	G. H.	Tapeten und Linoleum	Ob. Rheinweg 93	Basel	1749	1908	134	telefonbuch_136	PTT-Archiv, P-260-1_Basel_1908	Basel
Schrameck-Brunschwig	Abraham		Burgfelderstrasse 5	Basel	2591	1908	134	telefonbuch_136	PTT-Archiv, P-260-1_Basel_1908	Basel
Schrameck-Meyer	K.	Wwe.	Gundoldingerstr. 111	Basel	2724	1908	134	telefonbuch_136	PTT-Archiv, P-260-1_Basel_1908	Basel
Schrameck-Ullmann	R.	Wwe.	Schützengraben 35	Basel	847	1908	134	telefonbuch_136	PTT-Archiv, P-260-1_Basel_1908	Basel
Schreibmaschinengeschäft Burri-Thommen			Oberer Heuberg 17	Basel	3417	1908	134	telefonbuch_136	PTT-Archiv, P-260-1_Basel_1908	Basel
Schreibmaschinen Underwood		H. Huber	Inn. Margarethenstr. 10	Basel	87	1908	134	telefonbuch_136	PTT-Archiv, P-260-1_Basel_1908	Basel
Schreibstube für Arbeitslose			Rheinsprung 21	Basel	1055	1908	134	telefonbuch_136	PTT-Archiv, P-260-1_Basel_1908	Basel
Schreiter-Bauer	R.	Schuhmagazin zum Fuchs	Steinenvorst. 29/31	Basel	2370	1908	134	telefonbuch_136	PTT-Archiv, P-260-1_Basel_1908	Basel
Schubarth	A.		Dornacherstr. 112	Basel	4009	1908	134	telefonbuch_136	PTT-Archiv, P-260-1_Basel_1908	Basel
Schuhmacher	Louis	Wirt	Riehenstrasse 106	Basel	3853	1908	134	telefonbuch_136	PTT-Archiv, P-260-1_Basel_1908	Basel
Allgemeine Gewerbeschule		Schulhaus	Petersgraben 52	Basel	2644	1908	134	telefonbuch_136	PTT-Archiv, P-260-1_Basel_1908	Basel
Bläsischulhaus			Bläsiringweg 110	Basel	3369	1908	134	telefonbuch_136	PTT-Archiv, P-260-1_Basel_1908	Basel
Drei Rosen - Schulhaus			Zähringerstrasse 30	Basel	3292	1908	134	telefonbuch_136	PTT-Archiv, P-260-1_Basel_1908	Basel
Gotthelfschulhaus			Gotthelfplatz	Basel	229	1908	134	telefonbuch_136	PTT-Archiv, P-260-1_Basel_1908	Basel
Gundoldingerschulhaus			Sempacherstrasse 60	Basel	4022	1908	134	telefonbuch_136	PTT-Archiv, P-260-1_Basel_1908	Basel
Klaraschulhaus			Klaragraben 59	Basel	3638	1908	135	telefonbuch_137	PTT-Archiv, P-260-1_Basel_1908	Basel
Kleinhüningerschule			Kleinhüningen	Basel	362	1908	135	telefonbuch_137	PTT-Archiv, P-260-1_Basel_1908	Basel
zur Mücke		Knabensekundarschule	Münsterplatz 18	Basel	1092	1908	135	telefonbuch_137	PTT-Archiv, P-260-1_Basel_1908	Basel
Obere Realschule		Rektorat	De Wettestrasse	Basel	1121	1908	135	telefonbuch_137	PTT-Archiv, P-260-1_Basel_1908	Basel
Pestalozzischulhaus		Knaben-Sek.-Schule	St. Johannplatz 9	Basel	1666	1908	135	telefonbuch_137	PTT-Archiv, P-260-1_Basel_1908	Basel
Petersschulhaus			Nadelberg 2	Basel	252	1908	135	telefonbuch_137	PTT-Archiv, P-260-1_Basel_1908	Basel
Rheinschule			Unt. Rheinweg 160	Basel	1078	1908	135	telefonbuch_137	PTT-Archiv, P-260-1_Basel_1908	Basel
Rosenthalschulhaus			Isteinerstrasse 10	Basel	3645	1908	135	telefonbuch_137	PTT-Archiv, P-260-1_Basel_1908	Basel
St. Johannschulhaus			Pestalozzistr. 10	Basel	1535	1908	135	telefonbuch_137	PTT-Archiv, P-260-1_Basel_1908	Basel
St. Leonhardsschulhaus			Kanonengasse 1	Basel	2082	1908	135	telefonbuch_137	PTT-Archiv, P-260-1_Basel_1908	Basel
Sevogelschulhaus			Sevogelstrasse 61	Basel	3970	1908	135	telefonbuch_137	PTT-Archiv, P-260-1_Basel_1908	Basel
Spalenschulhaus			Schützengraben 42	Basel	4165	1908	135	telefonbuch_137	PTT-Archiv, P-260-1_Basel_1908	Basel
Steinenschulhaus			Theaterstrasse 5	Basel	2137	1908	135	telefonbuch_137	PTT-Archiv, P-260-1_Basel_1908	Basel
Steinenschulhaus		Abwart	Theaterstrasse 5	Basel	1788	1908	135	telefonbuch_137	PTT-Archiv, P-260-1_Basel_1908	Basel
Theodorsschulhaus			Theodorskirchplatz 3	Basel	4179	1908	135	telefonbuch_137	PTT-Archiv, P-260-1_Basel_1908	Basel
Thomas Platter - Schulhaus			Claragraben 40	Basel	656	1908	135	telefonbuch_137	PTT-Archiv, P-260-1_Basel_1908	Basel
Töchterschule			Kanonengasse 10	Basel	3064	1908	135	telefonbuch_137	PTT-Archiv, P-260-1_Basel_1908	Basel
Untere Realschule		Rektorat	Rittergasse 4	Basel	1759	1908	135	telefonbuch_137	PTT-Archiv, P-260-1_Basel_1908	Basel
Wettsteinschulhaus		Knaben-Sek.-Schule	Clarahofweg 4	Basel	3807	1908	135	telefonbuch_137	PTT-Archiv, P-260-1_Basel_1908	Basel
Schuller	Jean	Sattlermeister	Spalenvorstadt 25	Basel	1593	1908	135	telefonbuch_137	PTT-Archiv, P-260-1_Basel_1908	Basel
Schulthess	C. O.	Dr., Zahnarzt	Leonhardstrasse 23	Basel	3050	1908	135	telefonbuch_137	PTT-Archiv, P-260-1_Basel_1908	Basel
Schulthess	F.	Tapezierer	Aeschenvorstadt 34	Basel	1896	1908	135	telefonbuch_137	PTT-Archiv, P-260-1_Basel_1908	Basel
Schulthess & Co.			Steinenthortrasse 20	Basel	2266	1908	135	telefonbuch_137	PTT-Archiv, P-260-1_Basel_1908	Basel
Schulz	Gust.	Rohrmöbel	Hagentalerstr. 37	Basel	4577	1908	135	telefonbuch_137	PTT-Archiv, P-260-1_Basel_1908	Basel
Schulz-Lutz	Karl	Metzgermeister	Maulbeerweg 8	Basel	1004	1908	135	telefonbuch_137	PTT-Archiv, P-260-1_Basel_1908	Basel
Schumacher	F.	Dr.	Steinenthorberg 2	Basel	2492	1908	135	telefonbuch_137	PTT-Archiv, P-260-1_Basel_1908	Basel
Schurr	Andreas	Wirt	Steinenthorstrasse 34	Basel	4638	1908	135	telefonbuch_137	PTT-Archiv, P-260-1_Basel_1908	Basel
Schützenhaus		(J. Ries-Welti)	Schützenmattstr. 56	Basel	2999	1908	135	telefonbuch_137	PTT-Archiv, P-260-1_Basel_1908	Basel
Schützenpark		Wirtschaft	Blauenstrasse 90	Basel	1112	1908	135	telefonbuch_137	PTT-Archiv, P-260-1_Basel_1908	Basel
Schwabe	Benno	Sortiment	Schwanengasse 2	Basel	2213	1908	135	telefonbuch_137	PTT-Archiv, P-260-1_Basel_1908	Basel
Schwabe-Hegar	Hugo		Elisabethenstr. 43	Basel	2123	1908	135	telefonbuch_137	PTT-Archiv, P-260-1_Basel_1908	Basel
Schwabe	Max	Dr., Advokaturbureau	Schwanengasse 2	Basel	4598	1908	135	telefonbuch_137	PTT-Archiv, P-260-1_Basel_1908	Basel
Schwariz-Köchlin	O.		Engelgasse 65	Basel	4055	1908	135	telefonbuch_137	PTT-Archiv, P-260-1_Basel_1908	Basel
Schwartz	Oskar	Bureau	Freiestrasse 107	Basel	2931	1908	135	telefonbuch_137	PTT-Archiv, P-260-1_Basel_1908	Basel
Schwarz-Keller	Ed.	Ingenieur	Byfangweg 2	Basel	138	1908	135	telefonbuch_137	PTT-Archiv, P-260-1_Basel_1908	Basel
Schwarz-Müller	A.	Baugeschäft	St. Albanvorst. 104	Basel	4278	1908	135	telefonbuch_137	PTT-Archiv, P-260-1_Basel_1908	Basel
Schwarz	Rud.	Zahnarzt	Hutgasse 1	Basel	2559	1908	135	telefonbuch_137	PTT-Archiv, P-260-1_Basel_1908	Basel
Schwarz-Suter	Joh.	Baugeschäft	Socinstrasse 7	Basel	2574	1908	135	telefonbuch_137	PTT-Archiv, P-260-1_Basel_1908	Basel
Schwarz	Theodor	& Co., elektr. Install.-Gesch.	Aeschengraben 8	Basel	2078	1908	135	telefonbuch_137	PTT-Archiv, P-260-1_Basel_1908	Basel
Schwarz	Theodor	Wohnung	Kanonengasse 13	Basel	4317	1908	135	telefonbuch_137	PTT-Archiv, P-260-1_Basel_1908	Basel
Schwarzer-Meyer	E.	Wwe.	Burgunderstrasse 9	Basel	2912	1908	135	telefonbuch_137	PTT-Archiv, P-260-1_Basel_1908	Basel
Schweitzer	Hans		Aeschenvorstadt 43	Basel	423	1908	135	telefonbuch_137	PTT-Archiv, P-260-1_Basel_1908	Basel
Schweitzer	J. B.		Ahornstrasse 33	Basel	4444	1908	135	telefonbuch_137	PTT-Archiv, P-260-1_Basel_1908	Basel
Schweizer	Heinrich		Rebgasse 70	Basel	4214	1908	135	telefonbuch_137	PTT-Archiv, P-260-1_Basel_1908	Basel
Schweizer-Hosslin	Wilh.	Gerbstoff- und Lederhandlung	Petersgasse 17	Basel	1658	1908	135	telefonbuch_137	PTT-Archiv, P-260-1_Basel_1908	Basel
Schweizer	R.	& Sohn, Maler	Grellingerstrasse 11	Basel	3605	1908	135	telefonbuch_137	PTT-Archiv, P-260-1_Basel_1908	Basel
Schweizer	Rudolf	Traiteur	Freiestrasse 87	Basel	1938	1908	135	telefonbuch_137	PTT-Archiv, P-260-1_Basel_1908	Basel
Schweizer	Samuel	Schlosserei u. Kochherdfabr.	Petersberg 23	Basel	1673	1908	135	telefonbuch_137	PTT-Archiv, P-260-1_Basel_1908	Basel
Schweizer-Suter	Rud.	Md.-Tailleur	Weissegasse 15	Basel	610	1908	136	telefonbuch_138	PTT-Archiv, P-260-1_Basel_1908	Basel
Schweizer-Troesch	Herm.		Kannenfeldstr. 20	Basel	85	1908	136	telefonbuch_138	PTT-Archiv, P-260-1_Basel_1908	Basel
Schweizerischer Bankverein		Direktion	Aeschenvorstadt 72	Basel	4329	1908	136	telefonbuch_138	PTT-Archiv, P-260-1_Basel_1908	Basel
Schweizerischer Bankverein		Inspektorat	Aeschenvorstadt 72	Basel	4629	1908	136	telefonbuch_138	PTT-Archiv, P-260-1_Basel_1908	Basel
Schweizerischer Bankverein		Börsen- und Devisenabteilung	Aeschenvorstadt 72	Basel	2281	1908	136	telefonbuch_138	PTT-Archiv, P-260-1_Basel_1908	Basel
Schweizerischer Bankverein		Börsen- und Devisenabteilung	Aeschenvorstadt 72	Basel	2095	1908	136	telefonbuch_138	PTT-Archiv, P-260-1_Basel_1908	Basel
Schweizerischer Bankverein		Sekretariat	Aeschenvorstadt 72	Basel	2083	1908	136	telefonbuch_138	PTT-Archiv, P-260-1_Basel_1908	Basel
Schweizerischer Bankverein		Geld- und Titelkasse	Aeschenvorstadt 72	Basel	4545	1908	136	telefonbuch_138	PTT-Archiv, P-260-1_Basel_1908	Basel
Schweizerischer Bankverein		Offene Depositen	Aeschenvorstadt 72	Basel	4563	1908	136	telefonbuch_138	PTT-Archiv, P-260-1_Basel_1908	Basel
Schweizerischer Bankverein		Börsensaal	Börse	Basel	119	1908	136	telefonbuch_138	PTT-Archiv, P-260-1_Basel_1908	Basel
Schweizerischer Bankverein		Börsensaal	Börse	Basel	118	1908	136	telefonbuch_138	PTT-Archiv, P-260-1_Basel_1908	Basel
Schweizerischer Bankverein		Depositenkasse I und Wechselstube	Marktplatz 14	Basel	1931	1908	136	telefonbuch_138	PTT-Archiv, P-260-1_Basel_1908	Basel
Schweizerischer Bankverein		Depositenkasse II und Wechselstube	Clarastrasse 32	Basel	172	1908	136	telefonbuch_138	PTT-Archiv, P-260-1_Basel_1908	Basel
Schweiz. Bretzel- und Zwiebackfabrik	Ch. Singer		Clarastrasse 13	Basel	3480	1908	136	telefonbuch_138	PTT-Archiv, P-260-1_Basel_1908	Basel
Schweiz. Briket-Import-Gesellschaft			Aeschengraben 8	Basel	1682	1908	136	telefonbuch_138	PTT-Archiv, P-260-1_Basel_1908	Basel
Schweizerische Bundesbahnen		Kreisdirektion II, Allgemeine Verwaltung, Finanz- und Rechtsdepartement	Spiesshof, Ob. Heuberg 7	Basel	2770	1908	136	telefonbuch_138	PTT-Archiv, P-260-1_Basel_1908	Basel
Schweizerische Bundesbahnen		Kreisdirektion II, Betriebsdepartement	Leonhardsgraben 36	Basel	2865	1908	136	telefonbuch_138	PTT-Archiv, P-260-1_Basel_1908	Basel
Schweizerische Bundesbahnen		Kreisdirektion II, Baudepartement und Obering. f. d. Bahnbau u. Unterhalt	Leimenstrasse 2	Basel	245	1908	136	telefonbuch_138	PTT-Archiv, P-260-1_Basel_1908	Basel
Schweizerische Bundesbahnen		Materialverwaltung	Güterstrasse 109	Basel	2778	1908	136	telefonbuch_138	PTT-Archiv, P-260-1_Basel_1908	Basel
Schweizerische Bundesbahnen		Rechtsbureau	Spiesshof, Ob. Heuberg 7	Basel	3098	1908	136	telefonbuch_138	PTT-Archiv, P-260-1_Basel_1908	Basel
Schweizerische Bundesbahnen		Tarifbeamter	Ob. Heuberg 16	Basel	2887	1908	136	telefonbuch_138	PTT-Archiv, P-260-1_Basel_1908	Basel
Schweizerische Bundesbahnen		Bureau des Bahningenieurs	Bahnhof S. B. B.	Basel	2465	1908	136	telefonbuch_138	PTT-Archiv, P-260-1_Basel_1908	Basel
Schweizerische Bundesbahnen		Depotchef, Bureau	Nauenstrasse 180	Basel	1032	1908	136	telefonbuch_138	PTT-Archiv, P-260-1_Basel_1908	Basel
Schweizerische Bundesbahnen		Obermaschineningenieur, Bureau	Ob. Heuberg 16	Basel	3390	1908	136	telefonbuch_138	PTT-Archiv, P-260-1_Basel_1908	Basel
Schweizerische Bundesbahnen		Bahnhofumbau, Baubureau	Wallstrasse 19	Basel	1545	1908	136	telefonbuch_138	PTT-Archiv, P-260-1_Basel_1908	Basel
Schweiz. Darmproduktions- und Handelsgesellschaft A.-G.			Mülhauserstrasse 49	Basel	1736	1908	136	telefonbuch_138	PTT-Archiv, P-260-1_Basel_1908	Basel
Schweizer. Depeschenagentur		Deutsches Bureau	St. Jakobstrasse 11	Basel	1295	1908	136	telefonbuch_138	PTT-Archiv, P-260-1_Basel_1908	Basel
Schweizer. Depeschenagentur		Deutsches Bureau	St. Jakobstrasse 11	Basel	1262	1908	136	telefonbuch_138	PTT-Archiv, P-260-1_Basel_1908	Basel
Schweizer. Depeschenagentur		Deutsches Bureau	St. Jakobstrasse 11	Basel	1296	1908	136	telefonbuch_138	PTT-Archiv, P-260-1_Basel_1908	Basel
Schweizer. Depeschenagentur		Französisches Bureau	St. Jakobstrasse 11	Basel	640	1908	136	telefonbuch_138	PTT-Archiv, P-260-1_Basel_1908	Basel
Schweizer. Depeschenagentur		Französisches Bureau	St. Jakobstrasse 11	Basel	641	1908	136	telefonbuch_138	PTT-Archiv, P-260-1_Basel_1908	Basel
Schweizer. Depeschenagentur		Französisches Bureau	St. Jakobstrasse 11	Basel	637	1908	136	telefonbuch_138	PTT-Archiv, P-260-1_Basel_1908	Basel
Schweizer. Depeschenagentur		Bureauchef	St. Jakobstrasse 11	Basel	1294	1908	136	telefonbuch_138	PTT-Archiv, P-260-1_Basel_1908	Basel
Schweiz. Fischereigesellschaft Nordsee			Streitgasse 11	Basel	525	1908	136	telefonbuch_138	PTT-Archiv, P-260-1_Basel_1908	Basel
Schweizer. Gesellschaft für elektrische Industrie			Freiestrasse 96	Basel	2039	1908	136	telefonbuch_138	PTT-Archiv, P-260-1_Basel_1908	Basel
Schweiz. Holzarbeiterverband			Ob. Rebgasse 52	Basel	494	1908	136	telefonbuch_138	PTT-Archiv, P-260-1_Basel_1908	Basel
Schweiz. Israelitisches Waisenhaus			Gotthelfstrasse 98	Basel	230	1908	136	telefonbuch_138	PTT-Archiv, P-260-1_Basel_1908	Basel
Schweiz. Kaffee-Versand Helvetia	E. Jakubowitsch		Colmarerstrasse 31	Basel	1739	1908	136	telefonbuch_138	PTT-Archiv, P-260-1_Basel_1908	Basel
Schweiz. Kaufmännischer Verein		Stellenvermittlg.	Gerbergasse 24	Basel	4417	1908	136	telefonbuch_138	PTT-Archiv, P-260-1_Basel_1908	Basel
Schweiz. Kreditanstalt			Freiestrasse 109	Basel	2080	1908	136	telefonbuch_138	PTT-Archiv, P-260-1_Basel_1908	Basel
Schweiz. Kreditanstalt			Freiestrasse 109	Basel	4229	1908	136	telefonbuch_138	PTT-Archiv, P-260-1_Basel_1908	Basel
Schweiz. Kreditanstalt			Freiestrasse 109	Basel	341	1908	136	telefonbuch_138	PTT-Archiv, P-260-1_Basel_1908	Basel
Schweiz. Kreditanstalt		Börse	Börse	Basel	3173	1908	136	telefonbuch_138	PTT-Archiv, P-260-1_Basel_1908	Basel
Schweiz. Kreditanstalt		Börse	Börse	Basel	115	1908	136	telefonbuch_138	PTT-Archiv, P-260-1_Basel_1908	Basel
Schweiz. Lebensversicherungsverein			Theaterstrasse 22	Basel	2141	1908	137	telefonbuch_139	PTT-Archiv, P-260-1_Basel_1908	Basel
Schweiz. Metallurgische Gesellschaft			Rümelinbachweg 10	Basel	1829	1908	137	telefonbuch_139	PTT-Archiv, P-260-1_Basel_1908	Basel
Schweiz. Nähmaschinenfabrik Luzern		Filiale	Kohlenberg 7	Basel	410	1908	137	telefonbuch_139	PTT-Archiv, P-260-1_Basel_1908	Basel
Schweizerische Nationalbank			Marktplatz 11	Basel	1605	1908	137	telefonbuch_139	PTT-Archiv, P-260-1_Basel_1908	Basel
Dieselbe			Marktplatz 11	Basel	1319	1908	137	telefonbuch_139	PTT-Archiv, P-260-1_Basel_1908	Basel
Schweiz. National-Versicherungs-Gesellschaft			Steinengraben 39	Basel	1921	1908	137	telefonbuch_139	PTT-Archiv, P-260-1_Basel_1908	Basel
Schweiz. Obst-Export-Gesellschaft			Socinstrasse 35	Basel	2702	1908	137	telefonbuch_139	PTT-Archiv, P-260-1_Basel_1908	Basel
Schweiz. Oel-Import-Haus	A.	Kälin	Freiburgerstrasse 13	Basel	4035	1908	137	telefonbuch_139	PTT-Archiv, P-260-1_Basel_1908	Basel
Schweiz. Petroleum-Handel-Gesellschaft			Tellstrasse 11	Basel	3984	1908	137	telefonbuch_139	PTT-Archiv, P-260-1_Basel_1908	Basel
Schweiz. Rollladenfabrik Basel	A.	Zivy	Efringerstrasse 7	Basel	4054	1908	137	telefonbuch_139	PTT-Archiv, P-260-1_Basel_1908	Basel
Schweiz. Sterbe- und Alterskasse			Kaufhausgasse 3	Basel	1960	1908	137	telefonbuch_139	PTT-Archiv, P-260-1_Basel_1908	Basel
Schweiz. Treuhand-Gesellschaft			St. Albananlage 5	Basel	647	1908	137	telefonbuch_139	PTT-Archiv, P-260-1_Basel_1908	Basel
Schweiz. Verlagsdruckerei	G.	Böhm	Leonhardstrasse 10	Basel	2511	1908	137	telefonbuch_139	PTT-Archiv, P-260-1_Basel_1908	Basel
Schweizerische Volksbank		Direktion	Gerbergasse 36	Basel	3028	1908	137	telefonbuch_139	PTT-Archiv, P-260-1_Basel_1908	Basel
Dieselbe		Kasse und Titelverwaltung	Gerbergasse 36	Basel	4646	1908	137	telefonbuch_139	PTT-Archiv, P-260-1_Basel_1908	Basel
Dieselbe		Börse	Börse	Basel	4631	1908	137	telefonbuch_139	PTT-Archiv, P-260-1_Basel_1908	Basel
Schweiz. Weinbaugenossenschaft			Dufourstrasse 52	Basel	4358	1908	137	telefonbuch_139	PTT-Archiv, P-260-1_Basel_1908	Basel
Schweiz. Werkzeug-Industriegesellschaft		Katz & Co	Freiestrasse 103	Basel	657	1908	137	telefonbuch_139	PTT-Archiv, P-260-1_Basel_1908	Basel
Schwendt-Eschbaecher	A.	Dr.	Leimenstrasse 43	Basel	2951	1908	137	telefonbuch_139	PTT-Archiv, P-260-1_Basel_1908	Basel
Schwere-Erne	F.	Wirt	Solothurnerstr. 37	Basel	3898	1908	137	telefonbuch_139	PTT-Archiv, P-260-1_Basel_1908	Basel
Schwob-Halff	B.	Wwe.	Leonhardsstrasse 32	Basel	1061	1908	137	telefonbuch_139	PTT-Archiv, P-260-1_Basel_1908	Basel
Schwob	Paul	Schuhwaren	Hutgasse 19	Basel	834	1908	137	telefonbuch_139	PTT-Archiv, P-260-1_Basel_1908	Basel
Seckinger-Stump	E.	Wwe.	Amerbachstrasse 66	Basel	1731	1908	137	telefonbuch_139	PTT-Archiv, P-260-1_Basel_1908	Basel
Sedlmayr	Gabriel	Hotel Bären	Aeschenvorstadt 55	Basel	4551	1908	137	telefonbuch_139	PTT-Archiv, P-260-1_Basel_1908	Basel
Seeber-Gysin	Fr.	Schreinermstr., Sargmagazin	Petersgasse 9	Basel	817	1908	137	telefonbuch_139	PTT-Archiv, P-260-1_Basel_1908	Basel
Segretariato Operaio Italiano			Rümelinbachweg 14	Basel	915	1908	137	telefonbuch_139	PTT-Archiv, P-260-1_Basel_1908	Basel
Seiberth	Jean		Freiestrasse 74	Basel	1941	1908	137	telefonbuch_139	PTT-Archiv, P-260-1_Basel_1908	Basel
Seidenhaus Hoch		vorm. Aug. Tobler	Fischmarkt	Basel	2117	1908	137	telefonbuch_139	PTT-Archiv, P-260-1_Basel_1908	Basel
Seidentrocknungsanstalt Basel				Basel		1908	137	telefonbuch_139	PTT-Archiv, P-260-1_Basel_1908	Basel
Seidentrocknungsanstalt Basel		Trocknungsanstalt	Kirschgartenstr. 1	Basel	2414	1908	137	telefonbuch_139	PTT-Archiv, P-260-1_Basel_1908	Basel
Seidentrocknungsanstalt Basel		Titrieranstalt	Kirschgartenstr. 1	Basel	2413	1908	137	telefonbuch_139	PTT-Archiv, P-260-1_Basel_1908	Basel
Seiffert-Dill	F.		Freiestrasse 77	Basel	1876	1908	137	telefonbuch_139	PTT-Archiv, P-260-1_Basel_1908	Basel
Seiffert	Gust.	Rümelinsmühle	Rümelinsplatz 1	Basel	2875	1908	137	telefonbuch_139	PTT-Archiv, P-260-1_Basel_1908	Basel
Seiffert-Jenny	J.	Wirt	Gerbergasse 50	Basel	1997	1908	137	telefonbuch_139	PTT-Archiv, P-260-1_Basel_1908	Basel
Seiler-Bähler	Fritz	Metzger	Rheingasse 3	Basel	1259	1908	137	telefonbuch_139	PTT-Archiv, P-260-1_Basel_1908	Basel
Seiler	Charles		Marktplatz 14	Basel	1323	1908	137	telefonbuch_139	PTT-Archiv, P-260-1_Basel_1908	Basel
Seiler-Hauser	D.	Frau	Gellertstrasse 5	Basel	4104	1908	137	telefonbuch_139	PTT-Archiv, P-260-1_Basel_1908	Basel
Seiler	Jean	Gummiwaren	Clarastrasse 5	Basel	3454	1908	137	telefonbuch_139	PTT-Archiv, P-260-1_Basel_1908	Basel
Seiler-Jess	Ed.	Tierarzt	Claragraben 21	Basel	1213	1908	137	telefonbuch_139	PTT-Archiv, P-260-1_Basel_1908	Basel
Seiler-LaRoche	E.		Angensteinerstr. 26	Basel	3597	1908	137	telefonbuch_139	PTT-Archiv, P-260-1_Basel_1908	Basel
Seiler-Müller	Ad.	Wirt	St. Jakobstrasse 364	Basel	4337	1908	137	telefonbuch_139	PTT-Archiv, P-260-1_Basel_1908	Basel
Seiler-Schelling	Emil		Pfeffingerstrasse 46	Basel	3877	1908	137	telefonbuch_139	PTT-Archiv, P-260-1_Basel_1908	Basel
Seiler & Co.			St. Albanvorstadt 80	Basel	1828	1908	137	telefonbuch_139	PTT-Archiv, P-260-1_Basel_1908	Basel
Dieselben			St. Albanvorstadt 80	Basel	1412	1908	137	telefonbuch_139	PTT-Archiv, P-260-1_Basel_1908	Basel
Seiler-Wirz		Café-Restaurant Central	Leonhardsgraben 1	Basel	2716	1908	137	telefonbuch_139	PTT-Archiv, P-260-1_Basel_1908	Basel
Sekretariat der Regenz		Prof. Wendland	Palmenstrasse 1	Basel	630	1908	137	telefonbuch_139	PTT-Archiv, P-260-1_Basel_1908	Basel
Seligmann	G.	vorm. A. Mandowsky	Marktplatz 4	Basel	2464	1908	137	telefonbuch_139	PTT-Archiv, P-260-1_Basel_1908	Basel
Selinger-Hipp	G.	Coiffeur	Aeschenvorstadt 58	Basel	3439	1908	137	telefonbuch_139	PTT-Archiv, P-260-1_Basel_1908	Basel
Selinger-Rieder	St.	Chirurg und Fussarzt	Thiersteinerallee 11	Basel	2084	1908	137	telefonbuch_139	PTT-Archiv, P-260-1_Basel_1908	Basel
Senft	E.		Klybeckstrasse 17	Basel	3253	1908	138	telefonbuch_140	PTT-Archiv, P-260-1_Basel_1908	Basel
Senglet	Arnold		Leonhardsberg 1	Basel	2767	1908	138	telefonbuch_140	PTT-Archiv, P-260-1_Basel_1908	Basel
Senglet	F. & A.	& Co.	Gerbergasse 4	Basel	1608	1908	138	telefonbuch_140	PTT-Archiv, P-260-1_Basel_1908	Basel
Senn-Beier	Jakob	Milch- und Spezereihandlg.	Markgräflerstr. 70	Basel	539	1908	138	telefonbuch_140	PTT-Archiv, P-260-1_Basel_1908	Basel
Senn	Emil	Uhrenhandlung	Gerbergasse 31	Basel	2407	1908	138	telefonbuch_140	PTT-Archiv, P-260-1_Basel_1908	Basel
Senn	E.	Senn-Bürgin	Byfangweg 35	Basel	3076	1908	138	telefonbuch_140	PTT-Archiv, P-260-1_Basel_1908	Basel
Senn-Gruner	O.		Bundesstrasse 31	Basel	2892	1908	138	telefonbuch_140	PTT-Archiv, P-260-1_Basel_1908	Basel
Senn-Otto	M. E.	Wwe.	Grellingerstrasse 12	Basel	4204	1908	138	telefonbuch_140	PTT-Archiv, P-260-1_Basel_1908	Basel
Senn-Simmoth	L.	Frau	Socinstrasse 16	Basel	2565	1908	138	telefonbuch_140	PTT-Archiv, P-260-1_Basel_1908	Basel
Senn & Co.			St. Johannvorst. 17	Basel	1367	1908	138	telefonbuch_140	PTT-Archiv, P-260-1_Basel_1908	Basel
Senti & Cie.			Steinenvorstadt 9	Basel	4188	1908	138	telefonbuch_140	PTT-Archiv, P-260-1_Basel_1908	Basel
Sesseli	Gottlieb	mech. Papierschneiderei	Klingelbergstr. 27	Basel	1668	1908	138	telefonbuch_140	PTT-Archiv, P-260-1_Basel_1908	Basel
Settelen	O.	Dr., american dentist	Steinenberg 1	Basel	2085	1908	138	telefonbuch_140	PTT-Archiv, P-260-1_Basel_1908	Basel
Settelen	O.	Dr., Wohnung	Birsigstrasse 118	Basel	2261	1908	138	telefonbuch_140	PTT-Archiv, P-260-1_Basel_1908	Basel
Settelen	Emil	& Cie., Bureau	Leonhardstrasse 26	Basel	2222	1908	138	telefonbuch_140	PTT-Archiv, P-260-1_Basel_1908	Basel
Settelen	Emil	Wohnung	Feierabendstr. 54	Basel	2904	1908	138	telefonbuch_140	PTT-Archiv, P-260-1_Basel_1908	Basel
Settelen	Ernst		Oberwilerstrasse 65	Basel	1534	1908	138	telefonbuch_140	PTT-Archiv, P-260-1_Basel_1908	Basel
Settelen		Basler Droschkenanstalt, Droschken und Möbeltransport	Türkheimerstr. 17	Basel	1519	1908	138	telefonbuch_140	PTT-Archiv, P-260-1_Basel_1908	Basel
Settelen		Basler Droschkenanstalt	Türkheimerstr. 17	Basel	3946	1908	138	telefonbuch_140	PTT-Archiv, P-260-1_Basel_1908	Basel
Settelen-Imhoff	Jules		Hebelstrasse 44	Basel	183	1908	138	telefonbuch_140	PTT-Archiv, P-260-1_Basel_1908	Basel
Settelen	Victor		Gerbergasse 4	Basel	1261	1908	138	telefonbuch_140	PTT-Archiv, P-260-1_Basel_1908	Basel
Settelen	Victor		Oberwilerstrasse 62	Basel	2285	1908	138	telefonbuch_140	PTT-Archiv, P-260-1_Basel_1908	Basel
Sevogelschulhaus			Sevogelstrasse 61	Basel	3970	1908	138	telefonbuch_140	PTT-Archiv, P-260-1_Basel_1908	Basel
Siber	Wilhelm		Spalenhorweg 23	Basel	3123	1908	138	telefonbuch_140	PTT-Archiv, P-260-1_Basel_1908	Basel
Sibold & Müller			Kaufhausgasse 4	Basel	179	1908	138	telefonbuch_140	PTT-Archiv, P-260-1_Basel_1908	Basel
Sichel	S.	Alleinverkauf der Herz-Schuhwaren	Gerbergasse 27	Basel	945	1908	138	telefonbuch_140	PTT-Archiv, P-260-1_Basel_1908	Basel
Siebenhaar	Alfred	(Firma Cavin & Siebenhaar)	Falknerstrasse 2	Basel	4244	1908	138	telefonbuch_140	PTT-Archiv, P-260-1_Basel_1908	Basel
Siebenmann	Friedr.	Prof. Dr.	Bernoullistrasse 8	Basel	1506	1908	138	telefonbuch_140	PTT-Archiv, P-260-1_Basel_1908	Basel
Sieber	Fritz	Dr. jur.	Feierabendstrasse 13	Basel	2849	1908	138	telefonbuch_140	PTT-Archiv, P-260-1_Basel_1908	Basel
Siebert	Emil	Baumaterialien, Bureau	Claragraben 131	Basel	3400	1908	138	telefonbuch_140	PTT-Archiv, P-260-1_Basel_1908	Basel
Siebert	Emil	Engroslager	St. Johannbahnhof	Basel	3020	1908	138	telefonbuch_140	PTT-Archiv, P-260-1_Basel_1908	Basel
Siebert	Hans		Schützengraben 31	Basel	4416	1908	138	telefonbuch_140	PTT-Archiv, P-260-1_Basel_1908	Basel
Siebold	Richard	Droguerie	Klybeckstrasse 76	Basel	3223	1908	138	telefonbuch_140	PTT-Archiv, P-260-1_Basel_1908	Basel
Siegfried	Ch. & G.	fils	Güterstrasse 127	Basel	3925	1908	138	telefonbuch_140	PTT-Archiv, P-260-1_Basel_1908	Basel
Siegfried-Seiler	C. A.		Mittlerestrasse 155	Basel	281	1908	138	telefonbuch_140	PTT-Archiv, P-260-1_Basel_1908	Basel
Sieglin-Tschudin	Wilh.	Fuhrhalterei	Neuwylerstrasse 41	Basel	1028	1908	138	telefonbuch_140	PTT-Archiv, P-260-1_Basel_1908	Basel
Siegmund	Hubert		Hardstrasse 142	Basel	3654	1908	138	telefonbuch_140	PTT-Archiv, P-260-1_Basel_1908	Basel
Siegrist	A.		Birsigstrasse 18	Basel	1355	1908	138	telefonbuch_140	PTT-Archiv, P-260-1_Basel_1908	Basel
Siegrist	Hermann	Dr., Advokat, und Alioth, Dr. Alfred, Notar	Gerbergasse 42	Basel	3264	1908	138	telefonbuch_140	PTT-Archiv, P-260-1_Basel_1908	Basel
Siegrist-Oehninger	A.	Frau Dr.	Leimenstrasse 18	Basel	2913	1908	138	telefonbuch_140	PTT-Archiv, P-260-1_Basel_1908	Basel
Siegrist	P.	Agenturen, Install. v. Gasglühlicht	Vogesenstrasse 3	Basel	1427	1908	138	telefonbuch_140	PTT-Archiv, P-260-1_Basel_1908	Basel
Siegwart	Ed.		Gundoldingerstr. 115	Basel	758	1908	138	telefonbuch_140	PTT-Archiv, P-260-1_Basel_1908	Basel
Sigrist-Götz	H.	Generalagent der Helvetia	Thiersteinerallee 71	Basel	14	1908	138	telefonbuch_140	PTT-Archiv, P-260-1_Basel_1908	Basel
Sigrist-Riedlin	Eugen		Leimenstrasse 72	Basel	3157	1908	138	telefonbuch_140	PTT-Archiv, P-260-1_Basel_1908	Basel
Silbereissen	F.		Hüningerstrasse 80	Basel	2878	1908	138	telefonbuch_140	PTT-Archiv, P-260-1_Basel_1908	Basel
Silbernagel	Adolf	Ingenieur	Sommergasse 22	Basel	3790	1908	138	telefonbuch_140	PTT-Archiv, P-260-1_Basel_1908	Basel
Silbernagel	J.	& Co.	Austrasse 122	Basel	2798	1908	139	telefonbuch_141	PTT-Archiv, P-260-1_Basel_1908	Basel
Silbernagel-Jäger	M. K.	Wwe.	St. Johannring 50	Basel	3230	1908	139	telefonbuch_141	PTT-Archiv, P-260-1_Basel_1908	Basel
Simmoth	Fritz	Dr. jur.	Eulerstrasse 26	Basel	2351	1908	139	telefonbuch_141	PTT-Archiv, P-260-1_Basel_1908	Basel
Simmoth-Meyer		Wwe.	Austrasse 95	Basel	2830	1908	139	telefonbuch_141	PTT-Archiv, P-260-1_Basel_1908	Basel
Simon-Kuegler	Chs.		St. Albananlage 13	Basel	4171	1908	139	telefonbuch_141	PTT-Archiv, P-260-1_Basel_1908	Basel
Simon	Ad.	fils, Glas- und Porzellanhandlg.	Rosshofgasse 7	Basel	2822	1908	139	telefonbuch_141	PTT-Archiv, P-260-1_Basel_1908	Basel
Simon-Mylius	Jacques		Dufourstrasse 39	Basel	566	1908	139	telefonbuch_141	PTT-Archiv, P-260-1_Basel_1908	Basel
Simon-Sichler	A.		Zürcherstrasse 13	Basel	4292	1908	139	telefonbuch_141	PTT-Archiv, P-260-1_Basel_1908	Basel
Simon & Mürner		Baugeschäft	Efringerstrasse 7	Basel	4054	1908	139	telefonbuch_141	PTT-Archiv, P-260-1_Basel_1908	Basel
Simonius-Blumer	A.		St. Jakobstrasse 36	Basel	664	1908	139	telefonbuch_141	PTT-Archiv, P-260-1_Basel_1908	Basel
Simonius-Burckhardt			Hardtstrasse 4	Basel	3681	1908	139	telefonbuch_141	PTT-Archiv, P-260-1_Basel_1908	Basel
Singer	Ch.	Bäckerei	Clarastrasse 13	Basel	3480	1908	139	telefonbuch_141	PTT-Archiv, P-260-1_Basel_1908	Basel
Singer	Ch.		Fischmarkt 12	Basel	1615	1908	139	telefonbuch_141	PTT-Archiv, P-260-1_Basel_1908	Basel
Singer Compagnie		Laden und Bureau	Gerbergasse 93	Basel	2503	1908	139	telefonbuch_141	PTT-Archiv, P-260-1_Basel_1908	Basel
Singer Compagnie		Werkstätte	Laufenstrasse 41	Basel	3849	1908	139	telefonbuch_141	PTT-Archiv, P-260-1_Basel_1908	Basel
Singer-Selinger	G.	Fussarzt	Hardstrasse 97	Basel	4661	1908	139	telefonbuch_141	PTT-Archiv, P-260-1_Basel_1908	Basel
Singer's Weinstube			Fischmarkt 10	Basel	1581	1908	139	telefonbuch_141	PTT-Archiv, P-260-1_Basel_1908	Basel
Smith Premier Typewriter Co.		The	Freiestrasse 82	Basel	1013	1908	139	telefonbuch_141	PTT-Archiv, P-260-1_Basel_1908	Basel
Société anonyme internationale de transports Gondrand frères			Elisabethenstr. 85	Basel	4253	1908	139	telefonbuch_141	PTT-Archiv, P-260-1_Basel_1908	Basel
Société anonyme internationale de transports Gondrand frères		Güterbahnhof	St. Jakobsstrasse	Basel	4207	1908	139	telefonbuch_141	PTT-Archiv, P-260-1_Basel_1908	Basel
Société anonyme internationale de transports Gondrand frères			Bad. Güterbahnhof	Basel	4427	1908	139	telefonbuch_141	PTT-Archiv, P-260-1_Basel_1908	Basel
Société anonyme pour l'exploitation des brevets Mavrogordato			Güterstrasse 146	Basel	1779	1908	139	telefonbuch_141	PTT-Archiv, P-260-1_Basel_1908	Basel
Socin	C. A.	Dr.	Hebelstrasse 7	Basel	1425	1908	139	telefonbuch_141	PTT-Archiv, P-260-1_Basel_1908	Basel
Socin-His	Ros.	Wwe.	Kapellenstrasse 28	Basel	3671	1908	139	telefonbuch_141	PTT-Archiv, P-260-1_Basel_1908	Basel
Socin-Kaufmann	B.	Wwe.	Hebelstrasse 7	Basel	1425	1908	139	telefonbuch_141	PTT-Archiv, P-260-1_Basel_1908	Basel
Socin & Riggenbach		Advokaturbureau	Bäumleingasse 14	Basel	4504	1908	139	telefonbuch_141	PTT-Archiv, P-260-1_Basel_1908	Basel
Soder-Traber	Rich.	Fuhrhalter	Mülhauserstrasse 30	Basel	1646	1908	139	telefonbuch_141	PTT-Archiv, P-260-1_Basel_1908	Basel
Söll-Petitjean	Jos.	Bauunternehmer	Burgfelderstr. 23	Basel	3080	1908	139	telefonbuch_141	PTT-Archiv, P-260-1_Basel_1908	Basel
Soller	Eugen		Clarastrasse 43	Basel	3481	1908	139	telefonbuch_141	PTT-Archiv, P-260-1_Basel_1908	Basel
Sommer		Professor	Mittlerestrasse 152	Basel	643	1908	139	telefonbuch_141	PTT-Archiv, P-260-1_Basel_1908	Basel
Sommer	L.	Lederlager	Birsigstrasse 94	Basel	2820	1908	139	telefonbuch_141	PTT-Archiv, P-260-1_Basel_1908	Basel
Sommercasino		(A. Clar)	Münchensteinerstr. 1	Basel	3673	1908	139	telefonbuch_141	PTT-Archiv, P-260-1_Basel_1908	Basel
Sommerhalder	P.	Söhne	Unt. Rheinweg 96	Basel	357	1908	139	telefonbuch_141	PTT-Archiv, P-260-1_Basel_1908	Basel
Spahr-Bensel	L.	Sattlermeister	Unt. Rebgasse 9	Basel	3244	1908	139	telefonbuch_141	PTT-Archiv, P-260-1_Basel_1908	Basel
Spalenschulhaus			Schützengraben 42	Basel	4165	1908	139	telefonbuch_141	PTT-Archiv, P-260-1_Basel_1908	Basel
Spaeter	Carl	G. m. b. H.	Heumattstrasse 21	Basel	86	1908	139	telefonbuch_141	PTT-Archiv, P-260-1_Basel_1908	Basel
Spätig-Stebler	J.	Wirt	Steinenthorstrasse 31	Basel	2218	1908	139	telefonbuch_141	PTT-Archiv, P-260-1_Basel_1908	Basel
Specht	Jacques		Thiersteinerallee 21	Basel	4524	1908	139	telefonbuch_141	PTT-Archiv, P-260-1_Basel_1908	Basel
Speisehalle Claragraben			Claragraben 123	Basel	3409	1908	139	telefonbuch_141	PTT-Archiv, P-260-1_Basel_1908	Basel
Speiser	F. J.	Conditor	Freiestrasse 61	Basel	1041	1908	139	telefonbuch_141	PTT-Archiv, P-260-1_Basel_1908	Basel
Speiser	H.	Lichtdruckanstalt	Austrasse 102	Basel	3018	1908	139	telefonbuch_141	PTT-Archiv, P-260-1_Basel_1908	Basel
Speiser-Sarasin	Paul	Dr.	Langegasse 86	Basel	3555	1908	139	telefonbuch_141	PTT-Archiv, P-260-1_Basel_1908	Basel
Speiser-Strohl	Wm.		Langegasse 39	Basel	1910	1908	139	telefonbuch_141	PTT-Archiv, P-260-1_Basel_1908	Basel
Speiser	William	Bureau	St. Albanvorstadt 40	Basel	2387	1908	139	telefonbuch_141	PTT-Archiv, P-260-1_Basel_1908	Basel
von Speyr		Anstalt	Holeestrasse 62	Basel	3130	1908	139	telefonbuch_141	PTT-Archiv, P-260-1_Basel_1908	Basel
von Speyr - Bernoulli	Carl		Peter Merianstr. 40	Basel	3221	1908	139	telefonbuch_141	PTT-Archiv, P-260-1_Basel_1908	Basel
von Speyr - Bölger	Albert		St. Albananlage 31	Basel	2144	1908	139	telefonbuch_141	PTT-Archiv, P-260-1_Basel_1908	Basel
von Speyr & Co.		A.-G., Bank	Freiestrasse 56	Basel	1943	1908	140	telefonbuch_142	PTT-Archiv, P-260-1_Basel_1908	Basel
Dieselben		Bank, Börse	Börse	Basel	4300	1908	140	telefonbuch_142	PTT-Archiv, P-260-1_Basel_1908	Basel
Dieselben		Bank, Börse	Börse	Basel	4301	1908	140	telefonbuch_142	PTT-Archiv, P-260-1_Basel_1908	Basel
Dieselben		Bank	Freiestrasse 56	Basel	1950	1908	140	telefonbuch_142	PTT-Archiv, P-260-1_Basel_1908	Basel
Dieselben		u. Abwart (während Bureauanschluss)	Freiestrasse 56	Basel	4550	1908	140	telefonbuch_142	PTT-Archiv, P-260-1_Basel_1908	Basel
Dieselben		Spedition	Kirschgartenstr. 12	Basel	2395	1908	140	telefonbuch_142	PTT-Archiv, P-260-1_Basel_1908	Basel
Dieselben		Spedition, Güterbahnhof	St. Jakobstrasse	Basel	4169	1908	140	telefonbuch_142	PTT-Archiv, P-260-1_Basel_1908	Basel
Dieselben		Spedition	Bad. Güterbahnhof	Basel	4422	1908	140	telefonbuch_142	PTT-Archiv, P-260-1_Basel_1908	Basel
Spichtin	J.		Hägenheimerstr. 211	Basel	896	1908	140	telefonbuch_142	PTT-Archiv, P-260-1_Basel_1908	Basel
Spiess	Emil		Steinenvorstadt 10	Basel	2291	1908	140	telefonbuch_142	PTT-Archiv, P-260-1_Basel_1908	Basel
Spiller	J.	Buchbinderei und Papeterie	Streitgasse 4	Basel	1996	1908	140	telefonbuch_142	PTT-Archiv, P-260-1_Basel_1908	Basel
Spiller-Sacher	J.		Freiestrasse 65	Basel	1809	1908	140	telefonbuch_142	PTT-Archiv, P-260-1_Basel_1908	Basel
Spillmann-Kellerhals	J.	Restaurant	Müllheimerstrasse 42	Basel	752	1908	140	telefonbuch_142	PTT-Archiv, P-260-1_Basel_1908	Basel
Spindler	Aug.		St. Johannvorst. 84	Basel	1485	1908	140	telefonbuch_142	PTT-Archiv, P-260-1_Basel_1908	Basel
Spindler-Bruder	Aug.		Eulerstrasse 76	Basel	553	1908	140	telefonbuch_142	PTT-Archiv, P-260-1_Basel_1908	Basel
Spinnler-Lutz	F.		Sommergasse 33	Basel	1377	1908	140	telefonbuch_142	PTT-Archiv, P-260-1_Basel_1908	Basel
Spira	Jules		Petersgraben 61	Basel	557	1908	140	telefonbuch_142	PTT-Archiv, P-260-1_Basel_1908	Basel
Spira & Cie.			St. Albanvorstadt 28	Basel	2097	1908	140	telefonbuch_142	PTT-Archiv, P-260-1_Basel_1908	Basel
Spitalapotheke			Hebelstrasse 2	Basel	225	1908	140	telefonbuch_142	PTT-Archiv, P-260-1_Basel_1908	Basel
Spleiss	Heinrich	Hufschmied	Malzgasse 7	Basel	4143	1908	140	telefonbuch_142	PTT-Archiv, P-260-1_Basel_1908	Basel
Spohn	Julius		Bahnhofstrasse 9	Basel	3606	1908	140	telefonbuch_142	PTT-Archiv, P-260-1_Basel_1908	Basel
Spreng-Gersbach	Rob.	Photograph	Clarastrasse 54	Basel	3612	1908	140	telefonbuch_142	PTT-Archiv, P-260-1_Basel_1908	Basel
Sprenger	Fr.	Cigarrenhandlung	Feldbergstrasse 110	Basel	3441	1908	140	telefonbuch_142	PTT-Archiv, P-260-1_Basel_1908	Basel
Spreuermann	Rud.	Agenturen	Reinacherstrasse 4	Basel	925	1908	140	telefonbuch_142	PTT-Archiv, P-260-1_Basel_1908	Basel
Spreyermann	Hch.	Sohn, Bäckerei	Spalenvorstadt 7	Basel	3044	1908	140	telefonbuch_142	PTT-Archiv, P-260-1_Basel_1908	Basel
Spreyermann-Stump	H.	Bäckermeister	Steinenvorstadt 4	Basel	2448	1908	140	telefonbuch_142	PTT-Archiv, P-260-1_Basel_1908	Basel
Springer	M.	Möbelfabrik	Clarastrasse 19	Basel	3394	1908	140	telefonbuch_142	PTT-Archiv, P-260-1_Basel_1908	Basel
Sprüngli	F.	Handelsgärtner	Burgfelderstrasse 21	Basel	50	1908	140	telefonbuch_142	PTT-Archiv, P-260-1_Basel_1908	Basel
Staatsanwaltschaft			Lohnhof	Basel	3119	1908	140	telefonbuch_142	PTT-Archiv, P-260-1_Basel_1908	Basel
Staatsarchiv			Martinsgasse 2	Basel	1331	1908	140	telefonbuch_142	PTT-Archiv, P-260-1_Basel_1908	Basel
Staatskasse Basel-Stadt			Rathaus	Basel	2390	1908	140	telefonbuch_142	PTT-Archiv, P-260-1_Basel_1908	Basel
Staatskanzlei			Rathaus	Basel	1387	1908	140	telefonbuch_142	PTT-Archiv, P-260-1_Basel_1908	Basel
Stächelin	G.	Baumeister	Austrasse 77	Basel	2844	1908	140	telefonbuch_142	PTT-Archiv, P-260-1_Basel_1908	Basel
Derselbe		Werkhof	Elsässerstrasse	Basel	1733	1908	140	telefonbuch_142	PTT-Archiv, P-260-1_Basel_1908	Basel
Derselbe		Bau- und Privatbureau	Totengässlein 14	Basel	1565	1908	140	telefonbuch_142	PTT-Archiv, P-260-1_Basel_1908	Basel
Stadelmann	C.		Unt. Rheinweg 66	Basel	43	1908	140	telefonbuch_142	PTT-Archiv, P-260-1_Basel_1908	Basel
Stadtcasino		Café-Restaurant	Stadtcasino	Basel	2320	1908	140	telefonbuch_142	PTT-Archiv, P-260-1_Basel_1908	Basel
Stadtcasino		A. & E. Clar, Bureau und Service, Stadt und auswärts	Stadtcasino	Basel	2049	1908	140	telefonbuch_142	PTT-Archiv, P-260-1_Basel_1908	Basel
Stadtgärtnerei		Bureau	Elsässerstrasse 2	Basel	1640	1908	140	telefonbuch_142	PTT-Archiv, P-260-1_Basel_1908	Basel
Stähelin	Anna		St. Albanvorstadt 25	Basel	1744	1908	140	telefonbuch_142	PTT-Archiv, P-260-1_Basel_1908	Basel
Stähelin	B. de B.	& Co.	Leonhardsgraben 42	Basel	2927	1908	140	telefonbuch_142	PTT-Archiv, P-260-1_Basel_1908	Basel
Stähelin-Bernoulli	J. Fritz		Kanonengasse 27	Basel	4401	1908	140	telefonbuch_142	PTT-Archiv, P-260-1_Basel_1908	Basel
Stähelin-Bischoff	Aug.		Wettsteinplatz 7	Basel	460	1908	140	telefonbuch_142	PTT-Archiv, P-260-1_Basel_1908	Basel
Stähelin-Burckhardt	Benedikt		Kapellenstrasse 33	Basel	3590	1908	140	telefonbuch_142	PTT-Archiv, P-260-1_Basel_1908	Basel
Stähelin-Burckhardt	C.		St. Albananlage 64	Basel	4124	1908	140	telefonbuch_142	PTT-Archiv, P-260-1_Basel_1908	Basel
Stähelin-Burckhardt	Theodor		Sevogelstrasse 60	Basel	4167	1908	140	telefonbuch_142	PTT-Archiv, P-260-1_Basel_1908	Basel
Stähelin-Burckhardt	M.	Wwe.	Münchensteinerstr. 49	Basel	3988	1908	140	telefonbuch_142	PTT-Archiv, P-260-1_Basel_1908	Basel
Stähelin	Aug.	Dr.	Dufourstrasse 37	Basel	4272	1908	140	telefonbuch_142	PTT-Archiv, P-260-1_Basel_1908	Basel
Stähelin-Grossmann	C.		Malzgasse 17	Basel	1857	1908	140	telefonbuch_142	PTT-Archiv, P-260-1_Basel_1908	Basel
Stähelin-Gruner	Alf.		Hirzbodenweg 103	Basel	3598	1908	141	telefonbuch_143	PTT-Archiv, P-260-1_Basel_1908	Basel
Stähelin	Laure		Aeschengraben 6	Basel	4120	1908	141	telefonbuch_143	PTT-Archiv, P-260-1_Basel_1908	Basel
Stähelin-Lieb	G.	Pfarrer	Allschwilerstr. 62	Basel	905	1908	141	telefonbuch_143	PTT-Archiv, P-260-1_Basel_1908	Basel
Stähelin	Max	Dr.	Thiersteinerallee 7	Basel	665	1908	141	telefonbuch_143	PTT-Archiv, P-260-1_Basel_1908	Basel
Stähelin-Merian	Ernst	Pfarrer	Rheinfelderstr. 11	Basel	3238	1908	141	telefonbuch_143	PTT-Archiv, P-260-1_Basel_1908	Basel
Stähelin-Preiswerk	Paul		Feierabendstrasse 34	Basel	2997	1908	141	telefonbuch_143	PTT-Archiv, P-260-1_Basel_1908	Basel
Staehelin-Reber	B.	Wwe.	Austrasse 91	Basel	4440	1908	141	telefonbuch_143	PTT-Archiv, P-260-1_Basel_1908	Basel
Staehelin	Sophie		Missionsstrasse 27	Basel	3030	1908	141	telefonbuch_143	PTT-Archiv, P-260-1_Basel_1908	Basel
Stähelin-Stockmeyer	M.	Wwe.	Bernoullistrasse 26	Basel	167	1908	141	telefonbuch_143	PTT-Archiv, P-260-1_Basel_1908	Basel
Stähelin & Merz			Leonhardsgraben 42	Basel	2935	1908	141	telefonbuch_143	PTT-Archiv, P-260-1_Basel_1908	Basel
Stähelin-Vischer	A.		Gellertstrasse 40	Basel	4112	1908	141	telefonbuch_143	PTT-Archiv, P-260-1_Basel_1908	Basel
Stähelin-VonderMühll	Ch.		Aeschengraben 7	Basel	2074	1908	141	telefonbuch_143	PTT-Archiv, P-260-1_Basel_1908	Basel
Staehelin - v. Enzberg	C. W.		Riehenstrasse 46	Basel	3801	1908	141	telefonbuch_143	PTT-Archiv, P-260-1_Basel_1908	Basel
Staehli	Charles	Agenturen in Rohtabak	Heumattstrasse 13	Basel	236	1908	141	telefonbuch_143	PTT-Archiv, P-260-1_Basel_1908	Basel
Stähling	Ch.	Dr.	Kandererstrasse 30	Basel	619	1908	141	telefonbuch_143	PTT-Archiv, P-260-1_Basel_1908	Basel
Stamm-Bruckner	G.		Steinenring 41	Basel	783	1908	141	telefonbuch_143	PTT-Archiv, P-260-1_Basel_1908	Basel
Stamm		Gebrüder, Baugeschäft (Bureau)	Bachlettenstrasse 20	Basel	3106	1908	141	telefonbuch_143	PTT-Archiv, P-260-1_Basel_1908	Basel
Stamm-Hausin	G.	Droschkenhalter	Hägenheimerstr. 20	Basel	830	1908	141	telefonbuch_143	PTT-Archiv, P-260-1_Basel_1908	Basel
Stamm-Meyer	M. E.	Wwe.	Bachlettenstrasse 62	Basel	4309	1908	141	telefonbuch_143	PTT-Archiv, P-260-1_Basel_1908	Basel
Stamm-Napp	Aug.		Trillengässlein 2	Basel	3495	1908	141	telefonbuch_143	PTT-Archiv, P-260-1_Basel_1908	Basel
Stamm-Preiswerk	J.	Baumeister	Dornacherstr. 35	Basel	2477	1908	141	telefonbuch_143	PTT-Archiv, P-260-1_Basel_1908	Basel
Stampfer	Hans		Herbergsgasse 4	Basel	3426	1908	141	telefonbuch_143	PTT-Archiv, P-260-1_Basel_1908	Basel
Stappung	E.		Ochsengasse 14	Basel	1241	1908	141	telefonbuch_143	PTT-Archiv, P-260-1_Basel_1908	Basel
Stärk	Richard	Musiklehrer	Pfirtergasse 27	Basel	3074	1908	141	telefonbuch_143	PTT-Archiv, P-260-1_Basel_1908	Basel
Stärkefabrik Elektra			Sternengasse 21	Basel	4657	1908	141	telefonbuch_143	PTT-Archiv, P-260-1_Basel_1908	Basel
Starkemann	Joh.		Lothringerstrasse 11	Basel	3185	1908	141	telefonbuch_143	PTT-Archiv, P-260-1_Basel_1908	Basel
Statistisches Amt Basel-Stadt			Rathaus	Basel	1288	1908	141	telefonbuch_143	PTT-Archiv, P-260-1_Basel_1908	Basel
Stauber-Hirsbrunner	Ad.	Bäckerei u. Conditorei	Dornacherstr. 141	Basel	4156	1908	141	telefonbuch_143	PTT-Archiv, P-260-1_Basel_1908	Basel
Stauber-Schweighauser	T.	Bäckermeister	Spalenvorstadt 8	Basel	2606	1908	141	telefonbuch_143	PTT-Archiv, P-260-1_Basel_1908	Basel
Stauffacher-Reber	W.		Oberwilerstrasse 64	Basel	1110	1908	141	telefonbuch_143	PTT-Archiv, P-260-1_Basel_1908	Basel
Stefan-Fritschy	Jos.		Tellstrasse 54	Basel	347	1908	141	telefonbuch_143	PTT-Archiv, P-260-1_Basel_1908	Basel
Steffen-Bruckner	K.	Direktor der Kantonalbank	Margarethenstr. 61	Basel	788	1908	141	telefonbuch_143	PTT-Archiv, P-260-1_Basel_1908	Basel
Steffen	J.	Sattler	St. Albanvorstadt 62	Basel	4235	1908	141	telefonbuch_143	PTT-Archiv, P-260-1_Basel_1908	Basel
Stegemann	H.		Sevogelstrasse 51	Basel	4579	1908	141	telefonbuch_143	PTT-Archiv, P-260-1_Basel_1908	Basel
Steger-Koch	J.	Hôtel Krafft	Obere Rheingasse 12	Basel	1186	1908	141	telefonbuch_143	PTT-Archiv, P-260-1_Basel_1908	Basel
Stehelin	Gustav	& Co.	Leonhardstrasse 53	Basel	2995	1908	141	telefonbuch_143	PTT-Archiv, P-260-1_Basel_1908	Basel
Stehelin	Gustav	Wohnung	Leimenstrasse 29	Basel	2995	1908	141	telefonbuch_143	PTT-Archiv, P-260-1_Basel_1908	Basel
Stehelin	Jérôme	& fils	Klingelbergstr. 23	Basel	1480	1908	141	telefonbuch_143	PTT-Archiv, P-260-1_Basel_1908	Basel
Stehelin-Werlin	Alfr.		Austrasse 99	Basel	2781	1908	141	telefonbuch_143	PTT-Archiv, P-260-1_Basel_1908	Basel
Stehle	Carl	vorm. Casp. Krug	Freiestrasse 8	Basel	1569	1908	141	telefonbuch_143	PTT-Archiv, P-260-1_Basel_1908	Basel
Stehle & Gutknecht		Basler Centralheizungsfabrik	Bärenfelserstr. 47	Basel	2369	1908	141	telefonbuch_143	PTT-Archiv, P-260-1_Basel_1908	Basel
Stehlin	Karl	Dr.	St. Albanvorstadt 69	Basel	4175	1908	141	telefonbuch_143	PTT-Archiv, P-260-1_Basel_1908	Basel
Stehlin	Fritz	Architekt (Bureau)	St. Albanvorstadt 69	Basel	864	1908	141	telefonbuch_143	PTT-Archiv, P-260-1_Basel_1908	Basel
Stehlin	Fritz	Wohnung	St. Albanvorstadt 71	Basel	4166	1908	141	telefonbuch_143	PTT-Archiv, P-260-1_Basel_1908	Basel
Stehlin-Merian	Cécile	Wwe.	St. Albananlage 14	Basel	4191	1908	141	telefonbuch_143	PTT-Archiv, P-260-1_Basel_1908	Basel
Stehlin-Miville		Wwe.	Gartenstrasse 89	Basel	2125	1908	141	telefonbuch_143	PTT-Archiv, P-260-1_Basel_1908	Basel
Stehlin-Pfister	A.		Greifengasse 40	Basel	406	1908	141	telefonbuch_143	PTT-Archiv, P-260-1_Basel_1908	Basel
Steib		Gebrüder, Basler Bürsten- u. Pinselfabrik	Pfeffingerstr. 101	Basel	3858	1908	141	telefonbuch_143	PTT-Archiv, P-260-1_Basel_1908	Basel
Steib	G.		Unt. Rheingasse 15	Basel	1266	1908	141	telefonbuch_143	PTT-Archiv, P-260-1_Basel_1908	Basel
Steib-Ritzenthaler	J. E.	Kassenfabrik, Bureau und Lager	Holbeinstrasse 58	Basel	3374	1908	142	telefonbuch_144	PTT-Archiv, P-260-1_Basel_1908	Basel
Steib-Ritzenthaler	J. E.	Werkstätte	Holeestrasse 153	Basel	4533	1908	142	telefonbuch_144	PTT-Archiv, P-260-1_Basel_1908	Basel
Steiger	Emil	Apotheker	Bäumleingasse 4	Basel	1866	1908	142	telefonbuch_144	PTT-Archiv, P-260-1_Basel_1908	Basel
Steiger	F.	Schirmfabrik	Freiestrasse 44	Basel	1868	1908	142	telefonbuch_144	PTT-Archiv, P-260-1_Basel_1908	Basel
Steiger	J. J.	sel. Erben, Leckerligeschäft	St. Johannvorst. 63	Basel	1699	1908	142	telefonbuch_144	PTT-Archiv, P-260-1_Basel_1908	Basel
Steiger-Richter			Theodorsgraben 8	Basel	1188	1908	142	telefonbuch_144	PTT-Archiv, P-260-1_Basel_1908	Basel
Steigmeier & Cie.			Aeschenvorstadt 22	Basel	3989	1908	142	telefonbuch_144	PTT-Archiv, P-260-1_Basel_1908	Basel
Stein	Adolphe		Hirzbodenweg 79	Basel	4568	1908	142	telefonbuch_144	PTT-Archiv, P-260-1_Basel_1908	Basel
Stein	Louis	(Bureau)	Dornacherstrasse 38	Basel	4012	1908	142	telefonbuch_144	PTT-Archiv, P-260-1_Basel_1908	Basel
Stein-Reichenberger	Louis	(Wohnung)	Austrasse 7	Basel	2541	1908	142	telefonbuch_144	PTT-Archiv, P-260-1_Basel_1908	Basel
Steinacher & Rueff		(45 71 Hr. Stocker)	Elisabethenstr. 56	Basel	4028	1908	142	telefonbuch_144	PTT-Archiv, P-260-1_Basel_1908	Basel
Steinacher & Rueff		Güterbahnhof S. B. B.	Wolf, St. Jakobstr.	Basel	4429	1908	142	telefonbuch_144	PTT-Archiv, P-260-1_Basel_1908	Basel
Steinbach	Emil	Papierhandlung	Mittlerestrasse 62	Basel	2967	1908	142	telefonbuch_144	PTT-Archiv, P-260-1_Basel_1908	Basel
Steinbach-Schultheiss	J.	Restaurant	Spitalstrasse 13	Basel	1039	1908	142	telefonbuch_144	PTT-Archiv, P-260-1_Basel_1908	Basel
Steinegger	J. R.	Weinhandlung	Reichensteinerstr. 41	Basel	4569	1908	142	telefonbuch_144	PTT-Archiv, P-260-1_Basel_1908	Basel
Steinegger & Co.			Güterstrasse 137	Basel	3945	1908	142	telefonbuch_144	PTT-Archiv, P-260-1_Basel_1908	Basel
Steinenschulhaus			Theaterstrasse 5	Basel	2137	1908	142	telefonbuch_144	PTT-Archiv, P-260-1_Basel_1908	Basel
Steinenschulhaus		Abwart	Theaterstrasse 5	Basel	1788	1908	142	telefonbuch_144	PTT-Archiv, P-260-1_Basel_1908	Basel
Steiner	Emanuel	Buchbinder	Rümelinsplatz 11	Basel	2827	1908	142	telefonbuch_144	PTT-Archiv, P-260-1_Basel_1908	Basel
Steiner	Emanuel		Angensteinerstr. 32	Basel	4316	1908	142	telefonbuch_144	PTT-Archiv, P-260-1_Basel_1908	Basel
Steiner	Jean	& Co.	Pfeffingerstrasse 27	Basel	3913	1908	142	telefonbuch_144	PTT-Archiv, P-260-1_Basel_1908	Basel
Steiner	R.	Zahnarzt	Clarastrasse 10	Basel	417	1908	142	telefonbuch_144	PTT-Archiv, P-260-1_Basel_1908	Basel
Steiner	Robert	Konstrukteur	Dornacherstr. 255	Basel	4691	1908	142	telefonbuch_144	PTT-Archiv, P-260-1_Basel_1908	Basel
Steiner-Willi	Jean		Peter Merianstr. 56	Basel	4032	1908	142	telefonbuch_144	PTT-Archiv, P-260-1_Basel_1908	Basel
Steinmann	E.	Spenglermeister	Kanonengasse 13	Basel	1037	1908	142	telefonbuch_144	PTT-Archiv, P-260-1_Basel_1908	Basel
Steinmann	Emil	Weinagentur	Wallstrasse 7	Basel	760	1908	142	telefonbuch_144	PTT-Archiv, P-260-1_Basel_1908	Basel
Steinmann	Fr.	Gérant d. Verbandstoff-Fabrik Schaffhausen, Fil. Basel	Gerbergasse 38	Basel	3005	1908	142	telefonbuch_144	PTT-Archiv, P-260-1_Basel_1908	Basel
Steinmann	Hch.	Tapezierer	Claraplatz 1	Basel	1252	1908	142	telefonbuch_144	PTT-Archiv, P-260-1_Basel_1908	Basel
Steinmann		Parketfabrik	St. Johannring 133	Basel	4412	1908	142	telefonbuch_144	PTT-Archiv, P-260-1_Basel_1908	Basel
Steinmann	W.	& Cie., Weinhandlung	Rümelinbachweg 16	Basel	2483	1908	142	telefonbuch_144	PTT-Archiv, P-260-1_Basel_1908	Basel
Steinmann	W.	Ablage	Freiestrasse 38	Basel	1817	1908	142	telefonbuch_144	PTT-Archiv, P-260-1_Basel_1908	Basel
Stempelamt			Rathaus	Basel	2318	1908	142	telefonbuch_144	PTT-Archiv, P-260-1_Basel_1908	Basel
Stempfle-Glattfelder	A.		Gerbergässlein 1	Basel	131	1908	142	telefonbuch_144	PTT-Archiv, P-260-1_Basel_1908	Basel
Stenger	C.		Spalenring 137	Basel	3769	1908	142	telefonbuch_144	PTT-Archiv, P-260-1_Basel_1908	Basel
Sternwarte, Restaurant zur			Mittlerestrasse 11	Basel	272	1908	142	telefonbuch_144	PTT-Archiv, P-260-1_Basel_1908	Basel
Steuer-Jenne	H.		Mörsbergerstrasse 36	Basel	3350	1908	142	telefonbuch_144	PTT-Archiv, P-260-1_Basel_1908	Basel
Steuer	L. E.		Arnold Böcklinstr. 25	Basel	2212	1908	142	telefonbuch_144	PTT-Archiv, P-260-1_Basel_1908	Basel
Steuer's Möbelhaus		(E. Steuer-Müller)	Feldbergstrasse 89	Basel	1084	1908	142	telefonbuch_144	PTT-Archiv, P-260-1_Basel_1908	Basel
Steuer & Cie.			Nadelberg 10	Basel	1432	1908	142	telefonbuch_144	PTT-Archiv, P-260-1_Basel_1908	Basel
Steuerverwaltung I		(Einkommens-, Vermögens- und Erbschaftssteuer)	Rathaus	Basel	2404	1908	142	telefonbuch_144	PTT-Archiv, P-260-1_Basel_1908	Basel
Steuerverwaltung II		(Städtische Gemeindesteuer, Feuerwehr-, Beleuchtungs- u. Reinigungssteuer)	Rathaus	Basel	1649	1908	142	telefonbuch_144	PTT-Archiv, P-260-1_Basel_1908	Basel
Steyer-Graf	E.	Handelsgärtner	Kleinhüningerstr. 148	Basel	3325	1908	142	telefonbuch_144	PTT-Archiv, P-260-1_Basel_1908	Basel
Stickelberger	Hans	Ingenieur u. Patentanwalt	Leonhardstrasse 34	Basel	2934	1908	142	telefonbuch_144	PTT-Archiv, P-260-1_Basel_1908	Basel
Stieber	G.	Spengler	Webergasse 32	Basel	3214	1908	142	telefonbuch_144	PTT-Archiv, P-260-1_Basel_1908	Basel
Stingelin-Zürcher	H.		Freiestrasse 88	Basel	1923	1908	142	telefonbuch_144	PTT-Archiv, P-260-1_Basel_1908	Basel
Stöbe-Werner	W.	Möbelschreinerei	St. Johannvorstadt 69	Basel	4714	1908	143	telefonbuch_145	PTT-Archiv, P-260-1_Basel_1908	Basel
Stocker-Maser	B.	Blattmacher	Frobenstrasse 11	Basel	4565	1908	143	telefonbuch_145	PTT-Archiv, P-260-1_Basel_1908	Basel
Stocker-Tobler	J.		Gundeldingerstr. 191	Basel	4571	1908	143	telefonbuch_145	PTT-Archiv, P-260-1_Basel_1908	Basel
Stöckli-Suppiger	A.	Restaurant z. Wolf	St. Jakobstrasse 118	Basel	1685	1908	143	telefonbuch_145	PTT-Archiv, P-260-1_Basel_1908	Basel
Stöcklin	E.	Dr. (Bureau)	Gerbergasse 36	Basel	3033	1908	143	telefonbuch_145	PTT-Archiv, P-260-1_Basel_1908	Basel
Stöcklin	E.	(Wohnung)	Byfangweg 33	Basel	3054	1908	143	telefonbuch_145	PTT-Archiv, P-260-1_Basel_1908	Basel
Stöcklin-Hilsenbeck	Sam.		Engelgasse 97	Basel	3658	1908	143	telefonbuch_145	PTT-Archiv, P-260-1_Basel_1908	Basel
Stöcklin	Louis	"Holzwollfabrik, s. ""Binningen"""		Basel	3585	1908	143	telefonbuch_145	PTT-Archiv, P-260-1_Basel_1908	Basel
Stöcklin & Co.			St. Albanthal 4	Basel	4133	1908	143	telefonbuch_145	PTT-Archiv, P-260-1_Basel_1908	Basel
Stockmeyer-Preiswerk	Karl	Pfarrer	Hebelstrasse 17	Basel	544	1908	143	telefonbuch_145	PTT-Archiv, P-260-1_Basel_1908	Basel
Stoffel	B.		Wallstrasse 5	Basel	2232	1908	143	telefonbuch_145	PTT-Archiv, P-260-1_Basel_1908	Basel
Stohler-Kiefer	Rudolf		Gempenstrasse 62	Basel	300	1908	143	telefonbuch_145	PTT-Archiv, P-260-1_Basel_1908	Basel
Stohrer-Recher	G.	Schreinermeister	Spalenring 114	Basel	939	1908	143	telefonbuch_145	PTT-Archiv, P-260-1_Basel_1908	Basel
Stoeckle	Otto	Uhren- und Bijouterie	Klybeckstrasse 33	Basel	3259	1908	143	telefonbuch_145	PTT-Archiv, P-260-1_Basel_1908	Basel
Stöklin & Thüring			Pfeffingerstrasse 65	Basel	3260	1908	143	telefonbuch_145	PTT-Archiv, P-260-1_Basel_1908	Basel
Störr-Hummel	Eug.	mech. Werkstätte	Mattenstrasse 74	Basel	4656	1908	143	telefonbuch_145	PTT-Archiv, P-260-1_Basel_1908	Basel
Storz-Schlachter	C.	Landesprodukte	Hammerstrasse 174	Basel	182	1908	143	telefonbuch_145	PTT-Archiv, P-260-1_Basel_1908	Basel
Stortz-Hänni	Fritz	Metzger	Güterstrasse 242	Basel	2482	1908	143	telefonbuch_145	PTT-Archiv, P-260-1_Basel_1908	Basel
Stortz-Münch	Georg	Bäcker	Ochsengasse 7	Basel	1208	1908	143	telefonbuch_145	PTT-Archiv, P-260-1_Basel_1908	Basel
Stössel	J.	Sanitäts- und Gummiwarengeschäft	Güterstrasse 140	Basel	4246	1908	143	telefonbuch_145	PTT-Archiv, P-260-1_Basel_1908	Basel
Stotz	H. Conrad	Tapezierer	Malzgasse 7	Basel	4143	1908	143	telefonbuch_145	PTT-Archiv, P-260-1_Basel_1908	Basel
Strafgericht			Bäumleingasse 1	Basel	1754	1908	143	telefonbuch_145	PTT-Archiv, P-260-1_Basel_1908	Basel
Strafanstalt		Direktion	Strafanstalt	Basel	1665	1908	143	telefonbuch_145	PTT-Archiv, P-260-1_Basel_1908	Basel
Strahm-Böcklin	M.	Frau	Grenzacherstrasse 9	Basel	4493	1908	143	telefonbuch_145	PTT-Archiv, P-260-1_Basel_1908	Basel
Strahm	E.	Eisenhandlung	Greifengasse 38	Basel	3207	1908	143	telefonbuch_145	PTT-Archiv, P-260-1_Basel_1908	Basel
Strasseninspektorat			Münsterplatz 11	Basel	3218	1908	143	telefonbuch_145	PTT-Archiv, P-260-1_Basel_1908	Basel
Strasseninspektorat		Hauptmagazin d. Strassenreinigung	Blumenrain 5	Basel	652	1908	143	telefonbuch_145	PTT-Archiv, P-260-1_Basel_1908	Basel
Strasser	Emil		Blumenrain 16	Basel	1181	1908	143	telefonbuch_145	PTT-Archiv, P-260-1_Basel_1908	Basel
Straub	F.	Spengler	Eimeldingerweg 23	Basel	1321	1908	143	telefonbuch_145	PTT-Archiv, P-260-1_Basel_1908	Basel
Straub's Bäckerei			Drahtzugstrasse 65	Basel	2840	1908	143	telefonbuch_145	PTT-Archiv, P-260-1_Basel_1908	Basel
Straub & Büchler			Sternengässlein 19	Basel	2337	1908	143	telefonbuch_145	PTT-Archiv, P-260-1_Basel_1908	Basel
Straumann	Heinrich	Spengler	St. Albanvorstadt 52	Basel	1819	1908	143	telefonbuch_145	PTT-Archiv, P-260-1_Basel_1908	Basel
Streckeisen	A.	Dr.	Aeschengraben 11	Basel	2312	1908	143	telefonbuch_145	PTT-Archiv, P-260-1_Basel_1908	Basel
Streckeisen	Julie		Sevogelstrasse 49	Basel	3678	1908	143	telefonbuch_145	PTT-Archiv, P-260-1_Basel_1908	Basel
Streichenberg	Arthur		Kapellenstrasse 24	Basel	3563	1908	143	telefonbuch_145	PTT-Archiv, P-260-1_Basel_1908	Basel
Stricker-Müller	J.		Birsigstrasse 136	Basel	4707	1908	143	telefonbuch_145	PTT-Archiv, P-260-1_Basel_1908	Basel
Stritt	S.	Sattler, Geschäft	Spalenberg 15	Basel	2680	1908	143	telefonbuch_145	PTT-Archiv, P-260-1_Basel_1908	Basel
Stritt	S.	Wohnung	Klingelbergstr. 35	Basel	166	1908	143	telefonbuch_145	PTT-Archiv, P-260-1_Basel_1908	Basel
Strittmatter	August	Spengler	Spalenring 34	Basel	978	1908	143	telefonbuch_145	PTT-Archiv, P-260-1_Basel_1908	Basel
Strohl	C. V.		Burgunderstrasse 40	Basel	3079	1908	143	telefonbuch_145	PTT-Archiv, P-260-1_Basel_1908	Basel
Strohl-Schweizer	G.	Hôtel des balances	Gerbergasse 76	Basel	2181	1908	143	telefonbuch_145	PTT-Archiv, P-260-1_Basel_1908	Basel
Strub-Amberg	M.	Wwe.	Schneidergasse 7	Basel	1610	1908	143	telefonbuch_145	PTT-Archiv, P-260-1_Basel_1908	Basel
Strub	Henri	Cigarrenhandlung	Nadelberg 36	Basel	2757	1908	143	telefonbuch_145	PTT-Archiv, P-260-1_Basel_1908	Basel
Strub-Ruf	A. M.	Wwe.	Barfüsserplatz 11	Basel	2153	1908	143	telefonbuch_145	PTT-Archiv, P-260-1_Basel_1908	Basel
Strub-Walder	Ed.		Steinenvorstadt 8	Basel	2243	1908	143	telefonbuch_145	PTT-Archiv, P-260-1_Basel_1908	Basel
Strübin	Carl	Kommission und Spedition	Bahnhofstrasse 93	Basel	466	1908	143	telefonbuch_145	PTT-Archiv, P-260-1_Basel_1908	Basel
Strübin-Gschwind	Fritz		Ob. Rebgasse 19	Basel	3507	1908	143	telefonbuch_145	PTT-Archiv, P-260-1_Basel_1908	Basel
Strübin	H.	& Sohn, Optiker	Gerbergasse 25	Basel	454	1908	143	telefonbuch_145	PTT-Archiv, P-260-1_Basel_1908	Basel
Strübin-Schardt	J. E.		Jurastrasse 42	Basel	3771	1908	144	telefonbuch_146	PTT-Archiv, P-260-1_Basel_1908	Basel
Strübin-Spiess	H.		Socinstrasse 43	Basel	3635	1908	144	telefonbuch_146	PTT-Archiv, P-260-1_Basel_1908	Basel
Strübin	T. & A.	Cementsteinfabrik	Kleinhüningerstr. 180	Basel	3198	1908	144	telefonbuch_146	PTT-Archiv, P-260-1_Basel_1908	Basel
Strütt	S.	Wwe., Privatwohnung	Untere Rebgasse 17	Basel	1161	1908	144	telefonbuch_146	PTT-Archiv, P-260-1_Basel_1908	Basel
Stübi	Ed.	Wirt	Aeschenvorstadt 66	Basel	2344	1908	144	telefonbuch_146	PTT-Archiv, P-260-1_Basel_1908	Basel
Stückelberg	Alfr.	Dr., Advokat (Bureau Burckhardt & Stückelberg)	Gerbergasse 24	Basel	1796	1908	144	telefonbuch_146	PTT-Archiv, P-260-1_Basel_1908	Basel
Stückelberger	K.	Pfarrer	Pilgerstrasse 25	Basel	4651	1908	144	telefonbuch_146	PTT-Archiv, P-260-1_Basel_1908	Basel
Stuckert	Otto		Augustinergasse 17	Basel	1088	1908	144	telefonbuch_146	PTT-Archiv, P-260-1_Basel_1908	Basel
Studer-Bischoff	Ignaz	Fuhrhalter	Buschwilerweg 24	Basel	2790	1908	144	telefonbuch_146	PTT-Archiv, P-260-1_Basel_1908	Basel
Studer-Hilser	Alex.		Hochstrasse 56	Basel	4315	1908	144	telefonbuch_146	PTT-Archiv, P-260-1_Basel_1908	Basel
Stumm	Carl	Sohn, Bureau	Gartenstrasse 113	Basel	1511	1908	144	telefonbuch_146	PTT-Archiv, P-260-1_Basel_1908	Basel
Stumm	Carl	Sohn, Wohnung	Grellingerstrasse 59	Basel	3750	1908	144	telefonbuch_146	PTT-Archiv, P-260-1_Basel_1908	Basel
Stumm	Herm.	Dr., Wohnung (Bureau 2054)	Austrasse 126	Basel	918	1908	144	telefonbuch_146	PTT-Archiv, P-260-1_Basel_1908	Basel
Stumm	Gustav	Bierdépôt u. Spezereihandlung	Eulerstrasse 56	Basel	2721	1908	144	telefonbuch_146	PTT-Archiv, P-260-1_Basel_1908	Basel
Stumpf-Bechtel	A.		Feldbergstrasse 95	Basel	430	1908	144	telefonbuch_146	PTT-Archiv, P-260-1_Basel_1908	Basel
Sünzi	Carl	zum Clarabad	Clarastrasse 29	Basel	3489	1908	144	telefonbuch_146	PTT-Archiv, P-260-1_Basel_1908	Basel
Stupanus	Alfred	Metzger	Feldbergstrasse 100	Basel	3700	1908	144	telefonbuch_146	PTT-Archiv, P-260-1_Basel_1908	Basel
Stupanus	J.	Sohn	Claragraben 60	Basel	4273	1908	144	telefonbuch_146	PTT-Archiv, P-260-1_Basel_1908	Basel
Stupanus-Schelling	Rud.	Bäckerei u. Konditorei	Austrasse 47	Basel	2915	1908	144	telefonbuch_146	PTT-Archiv, P-260-1_Basel_1908	Basel
Sturzenegger	Eduard		Freiestrasse 64	Basel	1887	1908	144	telefonbuch_146	PTT-Archiv, P-260-1_Basel_1908	Basel
Sturzenegger	J. C.	Mineralwasserfabrik	Webergasse 15	Basel	1237	1908	144	telefonbuch_146	PTT-Archiv, P-260-1_Basel_1908	Basel
Stüssi	R.	photogr. Artikel	Theaterstrasse 18	Basel	1940	1908	144	telefonbuch_146	PTT-Archiv, P-260-1_Basel_1908	Basel
Stutz	A.	stellv. Direktor	Holbeinstrasse 74	Basel	3121	1908	144	telefonbuch_146	PTT-Archiv, P-260-1_Basel_1908	Basel
Stutz-Stadelmann	Carl	Coiffeur und Spezialist	Küchegässlein 14	Basel	4453	1908	144	telefonbuch_146	PTT-Archiv, P-260-1_Basel_1908	Basel
Suhner & Cie.			Oetlingerstrasse 75	Basel	2018	1908	144	telefonbuch_146	PTT-Archiv, P-260-1_Basel_1908	Basel
Sulger	Aug.	Dr., Advokat und Notar (Bureau)	Blumenrain 16	Basel	1341	1908	144	telefonbuch_146	PTT-Archiv, P-260-1_Basel_1908	Basel
Sulger	Aug.	Dr., Advokat und Notar, Wohnung	Malzgasse 21	Basel	4287	1908	144	telefonbuch_146	PTT-Archiv, P-260-1_Basel_1908	Basel
Sulzer	Gebr.	Winterthur (Platzmonteur H. Frick)	Bartenheimerstr. 24	Basel	234	1908	144	telefonbuch_146	PTT-Archiv, P-260-1_Basel_1908	Basel
Sumser	Jos.	Wirt	Bahnhofstrasse 13	Basel	1297	1908	144	telefonbuch_146	PTT-Archiv, P-260-1_Basel_1908	Basel
Surbeck	J. G.	Konditor	Greifengasse 39	Basel	3284	1908	144	telefonbuch_146	PTT-Archiv, P-260-1_Basel_1908	Basel
Suter	Adolf		Gartenstrasse 66	Basel	2046	1908	144	telefonbuch_146	PTT-Archiv, P-260-1_Basel_1908	Basel
Suter	A.	& Cie., f. hiesige Kohlenbestellungen	Austrasse 4	Basel	3063	1908	144	telefonbuch_146	PTT-Archiv, P-260-1_Basel_1908	Basel
Suter	A.	& Cie., Hauptbureau	Austrasse 4	Basel	3047	1908	144	telefonbuch_146	PTT-Archiv, P-260-1_Basel_1908	Basel
Suter	A.	& Cie., Lagerplatz	Dreispitz	Basel	3991	1908	144	telefonbuch_146	PTT-Archiv, P-260-1_Basel_1908	Basel
Suter	A.	& Cie., Stallung	Engelgasse 126	Basel	3684	1908	144	telefonbuch_146	PTT-Archiv, P-260-1_Basel_1908	Basel
Suter-Breitenstein & Co.			Leonhardsgraben 4	Basel	1347	1908	144	telefonbuch_146	PTT-Archiv, P-260-1_Basel_1908	Basel
Suter	Carl	St. Theodors-Droguerie	Grenzacherstrasse 4	Basel	3178	1908	144	telefonbuch_146	PTT-Archiv, P-260-1_Basel_1908	Basel
Suter-Christ	M.	Wwe.	Rheinfelderstr 12	Basel	3804	1908	144	telefonbuch_146	PTT-Archiv, P-260-1_Basel_1908	Basel
Suter	F.	Dr. med. (s. auch unter Privatklinik)	Missionsstrasse 33	Basel	878	1908	144	telefonbuch_146	PTT-Archiv, P-260-1_Basel_1908	Basel
Suter	E.	optische Anstalt	Feierabendstrasse 32	Basel	2993	1908	144	telefonbuch_146	PTT-Archiv, P-260-1_Basel_1908	Basel
Suter	Fr.	Spengler	Schützenmattstr. 19	Basel	2689	1908	144	telefonbuch_146	PTT-Archiv, P-260-1_Basel_1908	Basel
Suter-Glogg	G.		Leuengasse 28	Basel	41	1908	144	telefonbuch_146	PTT-Archiv, P-260-1_Basel_1908	Basel
Suter	Hermann	Musikdirektor	Heinrichsgasse 8	Basel	3944	1908	144	telefonbuch_146	PTT-Archiv, P-260-1_Basel_1908	Basel
Suter-Ludwig	Arnold	Privat	Austrasse 6	Basel	3092	1908	144	telefonbuch_146	PTT-Archiv, P-260-1_Basel_1908	Basel
Suter-Oeri	Rud.	Architekt	Rittergasse 23	Basel	3199	1908	144	telefonbuch_146	PTT-Archiv, P-260-1_Basel_1908	Basel
Suter-Oes	G.		Thiersteinerallee 13	Basel	3881	1908	144	telefonbuch_146	PTT-Archiv, P-260-1_Basel_1908	Basel
Suter-Rietschle	Rud.		St. Johannring 108	Basel	838	1908	145	telefonbuch_147	PTT-Archiv, P-260-1_Basel_1908	Basel
Suter & Burckhardt		Architekten	Bäumleingasse 7	Basel	1878	1908	145	telefonbuch_147	PTT-Archiv, P-260-1_Basel_1908	Basel
Sutter-Bickel	Ludwig	Metzger	Hegenheimerstr. 61	Basel	844	1908	145	telefonbuch_147	PTT-Archiv, P-260-1_Basel_1908	Basel
Sutter	Ernst		Sommergasse 21	Basel	1706	1908	145	telefonbuch_147	PTT-Archiv, P-260-1_Basel_1908	Basel
Sutter	R.	fils	Freiestrasse 53	Basel	1937	1908	145	telefonbuch_147	PTT-Archiv, P-260-1_Basel_1908	Basel
Sutter	Reinh. Andr.	Wirt	Kembserweg 13	Basel	3345	1908	145	telefonbuch_147	PTT-Archiv, P-260-1_Basel_1908	Basel
Sutter-Siméon	J.		Missionsstrasse 14	Basel	4503	1908	145	telefonbuch_147	PTT-Archiv, P-260-1_Basel_1908	Basel
Sutter Söhne Nachf.		Handelsgärtnerei u. Sandwerk Schänzli	Lehenmattstr. 122	Basel	796	1908	145	telefonbuch_147	PTT-Archiv, P-260-1_Basel_1908	Basel
Sutter	Theodor	Hausseifenfabrik	Mülhauserstr. 70	Basel	1639	1908	145	telefonbuch_147	PTT-Archiv, P-260-1_Basel_1908	Basel
Sütterlin	Max	heliogr. Atelier	Allschwilerstrasse 67	Basel	908	1908	145	telefonbuch_147	PTT-Archiv, P-260-1_Basel_1908	Basel
Swiss-American Trading Co.			Falknerstrasse 4	Basel	934	1908	145	telefonbuch_147	PTT-Archiv, P-260-1_Basel_1908	Basel
Tanner-Müller	H. A.		Immengasse 8	Basel	549	1908	145	telefonbuch_147	PTT-Archiv, P-260-1_Basel_1908	Basel
Tarifauskunftsstelle der Verkehrs-Inspektion E. L. B.			Bahnhof S. B. B.	Basel	2217	1908	145	telefonbuch_147	PTT-Archiv, P-260-1_Basel_1908	Basel
Täuber-Gisin	Alb.	Conditor	Feldbergstrasse 70	Basel	964	1908	145	telefonbuch_147	PTT-Archiv, P-260-1_Basel_1908	Basel
Täuber & Cie.			St. Johannring 32	Basel	1578	1908	145	telefonbuch_147	PTT-Archiv, P-260-1_Basel_1908	Basel
Täuber & Cie.		Laden	Marktgasse 3	Basel	434	1908	145	telefonbuch_147	PTT-Archiv, P-260-1_Basel_1908	Basel
Tea Planters Ltd.			Thiersteinerallee 24	Basel	1358	1908	145	telefonbuch_147	PTT-Archiv, P-260-1_Basel_1908	Basel
Telephon-Verwaltung		Bureau des Chefs	Blumenrain 2	Basel	73	1908	145	telefonbuch_147	PTT-Archiv, P-260-1_Basel_1908	Basel
Telephon-Verwaltung		Wohnung des Chefs	Mittlerestrasse 78	Basel	95	1908	145	telefonbuch_147	PTT-Archiv, P-260-1_Basel_1908	Basel
Telephon-Verwaltung		Auskunftsbureau	Blumenrain 2	Basel	71	1908	145	telefonbuch_147	PTT-Archiv, P-260-1_Basel_1908	Basel
Telephon-Verwaltung		Technische Abteilung	Blumenrain 2	Basel	73	1908	145	telefonbuch_147	PTT-Archiv, P-260-1_Basel_1908	Basel
Temme	Richard	Dr.	Austrasse 5	Basel	3089	1908	145	telefonbuch_147	PTT-Archiv, P-260-1_Basel_1908	Basel
Temme, Kern & Albrecht			Kaufhausgasse 5	Basel	1966	1908	145	telefonbuch_147	PTT-Archiv, P-260-1_Basel_1908	Basel
Teufel	Philipp	Journalist	Hebelplatz 3	Basel	358	1908	145	telefonbuch_147	PTT-Archiv, P-260-1_Basel_1908	Basel
Teuteberg-Irmler	Heinrich		Elsässerstrasse 11	Basel	970	1908	145	telefonbuch_147	PTT-Archiv, P-260-1_Basel_1908	Basel
Thalmann	Ernst	Dr., Advokat	Freiestrasse 82	Basel	2319	1908	145	telefonbuch_147	PTT-Archiv, P-260-1_Basel_1908	Basel
Theater-Kassenverwaltung			Theaterstrasse 10	Basel	2364	1908	145	telefonbuch_147	PTT-Archiv, P-260-1_Basel_1908	Basel
Theodorsschulhaus			Theodorskirchpl. 3	Basel	4179	1908	145	telefonbuch_147	PTT-Archiv, P-260-1_Basel_1908	Basel
Theuerkauf-Lippe	E.	Plazierungsb. u. Agenturen	Steinenvorstadt 4	Basel	4660	1908	145	telefonbuch_147	PTT-Archiv, P-260-1_Basel_1908	Basel
Thiele & Co.			Steinenthörstrasse 22	Basel	2432	1908	145	telefonbuch_147	PTT-Archiv, P-260-1_Basel_1908	Basel
Thierry & Co.			Spalenring 167	Basel	226	1908	145	telefonbuch_147	PTT-Archiv, P-260-1_Basel_1908	Basel
Thoma	H.	Bierbrauerei, Bureau	St. Jakobstrasse 3	Basel	2042	1908	145	telefonbuch_147	PTT-Archiv, P-260-1_Basel_1908	Basel
Thoma	H.	Wirtschaft	St. Jakobstrasse 3	Basel	3722	1908	145	telefonbuch_147	PTT-Archiv, P-260-1_Basel_1908	Basel
Thomann	Georg	Metzger	Webergasse 38	Basel	1227	1908	145	telefonbuch_147	PTT-Archiv, P-260-1_Basel_1908	Basel
Thomas Platter-Schulhaus			Claragraben 40	Basel	656	1908	145	telefonbuch_147	PTT-Archiv, P-260-1_Basel_1908	Basel
Thommen-Flubacher	George		Thiersteinerallee 33	Basel	3979	1908	145	telefonbuch_147	PTT-Archiv, P-260-1_Basel_1908	Basel
Thommen	Hans	Baugeschäft	Hammerstrasse 192	Basel	44	1908	145	telefonbuch_147	PTT-Archiv, P-260-1_Basel_1908	Basel
Thommen Sohn	Joh.		Freiestrasse 88	Basel	1912	1908	145	telefonbuch_147	PTT-Archiv, P-260-1_Basel_1908	Basel
Thommen-Meyer	M.	Wwe.	Grenzacherstrasse 82	Basel	3176	1908	145	telefonbuch_147	PTT-Archiv, P-260-1_Basel_1908	Basel
Thommen	Rudolf		Römergasse 7	Basel	1151	1908	145	telefonbuch_147	PTT-Archiv, P-260-1_Basel_1908	Basel
Thommen	Rud.	Dr.	Angensteinerstr. 21	Basel	3676	1908	145	telefonbuch_147	PTT-Archiv, P-260-1_Basel_1908	Basel
Thommen-Vogt	Alb.	Emigranten-Asyl	Hochstrasse 34	Basel	1518	1908	145	telefonbuch_147	PTT-Archiv, P-260-1_Basel_1908	Basel
Thommen-Weissenberger	Adèle	Frau Dr., prakt. Aerztin	Holbeinstrasse 57	Basel	3096	1908	145	telefonbuch_147	PTT-Archiv, P-260-1_Basel_1908	Basel
Thommen-Wilhelm	G.	Metzger	Birsigstrasse 88	Basel	2552	1908	145	telefonbuch_147	PTT-Archiv, P-260-1_Basel_1908	Basel
Thöni-Brutschin	P.	Bäckermeister	Sattelgasse 8	Basel	1550	1908	145	telefonbuch_147	PTT-Archiv, P-260-1_Basel_1908	Basel
Thürkauf-Frank	Emil	Wirt	Webergasse 23	Basel	1203	1908	145	telefonbuch_147	PTT-Archiv, P-260-1_Basel_1908	Basel
Thurneysen-Hoffmann	A.	Wwe.	St. Albanvorstadt 87	Basel	4136	1908	146	telefonbuch_148	PTT-Archiv, P-260-1_Basel_1908	Basel
Thurneysen	Lydia	Wasch- und Glätterei	Rudolfstrasse 44	Basel	267	1908	146	telefonbuch_148	PTT-Archiv, P-260-1_Basel_1908	Basel
Thurneysen & Co.			Rittergasse 12	Basel	1756	1908	146	telefonbuch_148	PTT-Archiv, P-260-1_Basel_1908	Basel
Dieselben			Eptingerstrasse 4	Basel	2143	1908	146	telefonbuch_148	PTT-Archiv, P-260-1_Basel_1908	Basel
Tibi & Zoller		Fabrik chem.-techn. Produkte	Clarastrasse 32	Basel	4351	1908	146	telefonbuch_148	PTT-Archiv, P-260-1_Basel_1908	Basel
Tissot	Ed.	Dr.	Wartenbergstrasse 9	Basel	1096	1908	146	telefonbuch_148	PTT-Archiv, P-260-1_Basel_1908	Basel
Tobler	Adolf		Burgfelderstrasse 7	Basel	839	1908	146	telefonbuch_148	PTT-Archiv, P-260-1_Basel_1908	Basel
Tobler-Nussbaum	Henri		Clarastrasse 39	Basel	2434	1908	146	telefonbuch_148	PTT-Archiv, P-260-1_Basel_1908	Basel
Tobler	Victor		Dornacherstrasse 26	Basel	3900	1908	146	telefonbuch_148	PTT-Archiv, P-260-1_Basel_1908	Basel
Töchterschule			Kanonengasse 10	Basel	3064	1908	146	telefonbuch_148	PTT-Archiv, P-260-1_Basel_1908	Basel
Töchterunion Basel		Abteilung Krankenpflege-Vermittlung	Pilgerstrasse 31	Basel	4628	1908	146	telefonbuch_148	PTT-Archiv, P-260-1_Basel_1908	Basel
Torrisi-Meyer	N.		Herrengrabenweg 13	Basel	127	1908	146	telefonbuch_148	PTT-Archiv, P-260-1_Basel_1908	Basel
Tourailles	D.	de la maison Bardet & Cie, Genève	Theaterstrasse 10	Basel	457	1908	146	telefonbuch_148	PTT-Archiv, P-260-1_Basel_1908	Basel
Tramèr	D.	Dr. med.	Klingenthalgr. 37	Basel	1225	1908	146	telefonbuch_148	PTT-Archiv, P-260-1_Basel_1908	Basel
Träris	Friedr.	Küferei und Weinhandlung	Petersgasse 38	Basel	1719	1908	146	telefonbuch_148	PTT-Archiv, P-260-1_Basel_1908	Basel
Traub-Müller	E.	Wwe., Bäckerei	Elsässerstrasse 46	Basel	269	1908	146	telefonbuch_148	PTT-Archiv, P-260-1_Basel_1908	Basel
Trautmann-Lange	W.	Metzger	Unt. Rheinweg 90	Basel	3362	1908	146	telefonbuch_148	PTT-Archiv, P-260-1_Basel_1908	Basel
Trautwein	C.		Spalenring 125	Basel	3085	1908	146	telefonbuch_148	PTT-Archiv, P-260-1_Basel_1908	Basel
Treichler-Müller	W.		Margarethenstr. 103	Basel	4611	1908	146	telefonbuch_148	PTT-Archiv, P-260-1_Basel_1908	Basel
Treu-Neukomm	L.	(Haasenstein & Vogler)	Maiengasse 64	Basel	1467	1908	146	telefonbuch_148	PTT-Archiv, P-260-1_Basel_1908	Basel
de Trey	V.	Dr.	St. Albanvorstadt 42	Basel	1844	1908	146	telefonbuch_148	PTT-Archiv, P-260-1_Basel_1908	Basel
Derselbe		Wohnung	Hirzbodenweg 34	Basel	4328	1908	146	telefonbuch_148	PTT-Archiv, P-260-1_Basel_1908	Basel
Trinler-Hosch	W.		Austrasse 90	Basel	1025	1908	146	telefonbuch_148	PTT-Archiv, P-260-1_Basel_1908	Basel
Tripet	Jul.	Agent	Florastrasse 13	Basel	1289	1908	146	telefonbuch_148	PTT-Archiv, P-260-1_Basel_1908	Basel
Tritschler	Jos.		Strassburgerallee 13	Basel	2659	1908	146	telefonbuch_148	PTT-Archiv, P-260-1_Basel_1908	Basel
Tritschler	F. X.	Möschlin Nachf., Erkundigungsanstalt	Falknerstrasse 7	Basel	1967	1908	146	telefonbuch_148	PTT-Archiv, P-260-1_Basel_1908	Basel
Trœndle	Joseph	Metzger	Birsigstrasse 90	Basel	2974	1908	146	telefonbuch_148	PTT-Archiv, P-260-1_Basel_1908	Basel
Troendle	K.		Thiersteinerallee 81	Basel	1635	1908	146	telefonbuch_148	PTT-Archiv, P-260-1_Basel_1908	Basel
Troxler-von Speyr	Alb.	Direktor der Bâloise	Peter Merianstr. 54	Basel	2150	1908	146	telefonbuch_148	PTT-Archiv, P-260-1_Basel_1908	Basel
Trueb-Gassler	J.		Mittlerestrasse 55	Basel	1472	1908	146	telefonbuch_148	PTT-Archiv, P-260-1_Basel_1908	Basel
Trüdinger	Philipp		Rennweg 2	Basel	3798	1908	146	telefonbuch_148	PTT-Archiv, P-260-1_Basel_1908	Basel
Trüdinger & Cons.		(siehe Basler Bandfabrik)		Basel	2194	1908	146	telefonbuch_148	PTT-Archiv, P-260-1_Basel_1908	Basel
Trussi	Giac.	Comestibles	Güterstrasse 118	Basel	2663	1908	146	telefonbuch_148	PTT-Archiv, P-260-1_Basel_1908	Basel
Tschan	H.	Glasermeister	Schneidergasse 8	Basel	4	1908	146	telefonbuch_148	PTT-Archiv, P-260-1_Basel_1908	Basel
Tschann	S.	Wwe., Ofenbauer	Holbeinstrasse 54	Basel	2963	1908	146	telefonbuch_148	PTT-Archiv, P-260-1_Basel_1908	Basel
Tscherter	Friedr.	Baugeschäft	Davidsbodenstr. 13	Basel	3346	1908	146	telefonbuch_148	PTT-Archiv, P-260-1_Basel_1908	Basel
Tschopp-Bruckner	Wilhelm		Austrasse 45	Basel	743	1908	146	telefonbuch_148	PTT-Archiv, P-260-1_Basel_1908	Basel
Tschopp	Jacob	Architekt	Sempacherstrasse 34	Basel	414	1908	146	telefonbuch_148	PTT-Archiv, P-260-1_Basel_1908	Basel
Tschopp	W.	vorm. Gebr. Tschopp	Steinenthorstrasse 1	Basel	2173	1908	146	telefonbuch_148	PTT-Archiv, P-260-1_Basel_1908	Basel
Tschudi-Haag	Elise	Wwe.	Leonhardstrasse 37	Basel	3034	1908	146	telefonbuch_148	PTT-Archiv, P-260-1_Basel_1908	Basel
Tschudi	Otto		Gartenstrasse 70	Basel	3929	1908	146	telefonbuch_148	PTT-Archiv, P-260-1_Basel_1908	Basel
Tschudy-Pümpin	W.		Solothurnerstr. 93	Basel	4194	1908	146	telefonbuch_148	PTT-Archiv, P-260-1_Basel_1908	Basel
Türke	Oskar	Hotel Basler Hof	Clarastrasse 38	Basel	3702	1908	146	telefonbuch_148	PTT-Archiv, P-260-1_Basel_1908	Basel
Typographia-Druckerei			Aeschenvorstadt 34	Basel	2697	1908	146	telefonbuch_148	PTT-Archiv, P-260-1_Basel_1908	Basel
Uebele-Ammann	Herm.	Wirt	Spalenring 98	Basel	3862	1908	146	telefonbuch_148	PTT-Archiv, P-260-1_Basel_1908	Basel
Uebelin	Fr. W.	Baumeister	Güterstrasse 92	Basel	2447	1908	146	telefonbuch_148	PTT-Archiv, P-260-1_Basel_1908	Basel
Uehlinger-Heussy	H.		Feierabendstr. 63	Basel	2152	1908	146	telefonbuch_148	PTT-Archiv, P-260-1_Basel_1908	Basel
Uehlinger	J. J.	Seiler	Greifengasse 8	Basel	1260	1908	147	telefonbuch_149	PTT-Archiv, P-260-1_Basel_1908	Basel
Uehlinger		Wwe., & Sohn, Sattlermeister	Leonhardsgraben 43	Basel	2180	1908	147	telefonbuch_149	PTT-Archiv, P-260-1_Basel_1908	Basel
Uhlmann-Becker	L.	Frau	Missionsstrasse 7	Basel	2629	1908	147	telefonbuch_149	PTT-Archiv, P-260-1_Basel_1908	Basel
Uhlmann	Wilhelm	Marmor- u. Granitwerke	Delsbergerallee 5	Basel	4086	1908	147	telefonbuch_149	PTT-Archiv, P-260-1_Basel_1908	Basel
Ullmann	M.		Leimenstrasse 22	Basel	3402	1908	147	telefonbuch_149	PTT-Archiv, P-260-1_Basel_1908	Basel
Ulmer & Knecht		A.-G., Bier-Import	Güterstrasse 176	Basel	4352	1908	147	telefonbuch_149	PTT-Archiv, P-260-1_Basel_1908	Basel
Ulmo	A.		Freiestrasse 3	Basel	1322	1908	147	telefonbuch_149	PTT-Archiv, P-260-1_Basel_1908	Basel
Umbeer-Hunkeler	H.	Bäckerei	Klingenthalstr. 53	Basel	825	1908	147	telefonbuch_149	PTT-Archiv, P-260-1_Basel_1908	Basel
Unfallbureau			Rathaus	Basel	137	1908	147	telefonbuch_149	PTT-Archiv, P-260-1_Basel_1908	Basel
Union-Club			Steinenberg 7	Basel	1979	1908	147	telefonbuch_149	PTT-Archiv, P-260-1_Basel_1908	Basel
Union-Reklame			Güterstrasse 259	Basel	4419	1908	147	telefonbuch_149	PTT-Archiv, P-260-1_Basel_1908	Basel
Union Ticket Office		(H. Demeestere)	Heumattstrasse 21	Basel	627	1908	147	telefonbuch_149	PTT-Archiv, P-260-1_Basel_1908	Basel
Univers Hôtel (Grand Hôtel) A.-G.			Centralbahnstrasse 7	Basel	899	1908	147	telefonbuch_149	PTT-Archiv, P-260-1_Basel_1908	Basel
Universität			Rheinsprung 7	Basel	1169	1908	147	telefonbuch_149	PTT-Archiv, P-260-1_Basel_1908	Basel
Universität		Dieselbe, siehe Sekretariat der Regenz		Basel		1908	147	telefonbuch_149	PTT-Archiv, P-260-1_Basel_1908	Basel
Ursprung-Fiechter			Rheingasse 68	Basel	1190	1908	147	telefonbuch_149	PTT-Archiv, P-260-1_Basel_1908	Basel
Ursprung	L.		Binningerstrasse 9	Basel	4128	1908	147	telefonbuch_149	PTT-Archiv, P-260-1_Basel_1908	Basel
Valentin	N.	Vertr. v. R. Gintzburger & fils	Spalenring 18	Basel	3513	1908	147	telefonbuch_149	PTT-Archiv, P-260-1_Basel_1908	Basel
VanBærle-Maué	F.	(Wohnung)	Gundoldingerstr. 125	Basel	3508	1908	147	telefonbuch_149	PTT-Archiv, P-260-1_Basel_1908	Basel
Vanderborght frères		(Agent T. Wirz-Lüscher)	Holbeinstrasse 58	Basel	3062	1908	147	telefonbuch_149	PTT-Archiv, P-260-1_Basel_1908	Basel
Veillon-Burckhardt	Johanna	Wwe.	Gartenstrasse 9	Basel	2296	1908	147	telefonbuch_149	PTT-Archiv, P-260-1_Basel_1908	Basel
Veit	Albert Emil		Hardstrasse 103	Basel	143	1908	147	telefonbuch_149	PTT-Archiv, P-260-1_Basel_1908	Basel
Veit	E.	& Co., Cigarrenfabrik	Itelpfad 1	Basel	3852	1908	147	telefonbuch_149	PTT-Archiv, P-260-1_Basel_1908	Basel
Veit	Gustav		Gartenstrasse 58	Basel	4241	1908	147	telefonbuch_149	PTT-Archiv, P-260-1_Basel_1908	Basel
Veit-Levintass	R.	Wwe.	Sonnenweg 12	Basel	3366	1908	147	telefonbuch_149	PTT-Archiv, P-260-1_Basel_1908	Basel
Veit	Rudolf		Langegasse 9	Basel	1588	1908	147	telefonbuch_149	PTT-Archiv, P-260-1_Basel_1908	Basel
Verband schweiz. Konsumvereine			Thiersteinerallee 14	Basel	2162	1908	147	telefonbuch_149	PTT-Archiv, P-260-1_Basel_1908	Basel
Verband schweiz. Konsumvereine		Sekretariat	Thiersteinerallee 14	Basel	3659	1908	147	telefonbuch_149	PTT-Archiv, P-260-1_Basel_1908	Basel
Verband schweiz. Konsumvereine		Verwalter-Wohnung	Delsbergerallee 29	Basel	4349	1908	147	telefonbuch_149	PTT-Archiv, P-260-1_Basel_1908	Basel
Verband schweiz. Konsumvereine		siehe Pratteln		Basel	708	1908	147	telefonbuch_149	PTT-Archiv, P-260-1_Basel_1908	Basel
Verbandstoff-Fabrik Schaffhausen		Filiale Basel	Gerbergasse 38	Basel	3005	1908	147	telefonbuch_149	PTT-Archiv, P-260-1_Basel_1908	Basel
Vereinigte Mineralwasserfabriken		Schopfer, Winter & Wildprath, Inh. Th. Wildprath	Müllheimerstrasse 89	Basel	3476	1908	147	telefonbuch_149	PTT-Archiv, P-260-1_Basel_1908	Basel
Vereinshaus, christliches			Nadelberg 6	Basel	1420	1908	147	telefonbuch_149	PTT-Archiv, P-260-1_Basel_1908	Basel
Verkehrsbureau, öffentliches			Falknerstrasse 2	Basel	1324	1908	147	telefonbuch_149	PTT-Archiv, P-260-1_Basel_1908	Basel
Verkehrs-Insp.	E. L. B.	siehe Tarifauskunftsstelle		Basel	2217	1908	147	telefonbuch_149	PTT-Archiv, P-260-1_Basel_1908	Basel
Verlagsdruckerei, schweiz.			Leonhardstrasse 10	Basel	2511	1908	147	telefonbuch_149	PTT-Archiv, P-260-1_Basel_1908	Basel
Verwaltung der öffentlichen Materiallagerplätze			auf dem Dreispitz	Basel	4257	1908	147	telefonbuch_149	PTT-Archiv, P-260-1_Basel_1908	Basel
Vest	Arnold		Freiestrasse 24	Basel	2035	1908	147	telefonbuch_149	PTT-Archiv, P-260-1_Basel_1908	Basel
Vest Eckel & Co.		Bank	Freiestrasse 38	Basel	2022	1908	147	telefonbuch_149	PTT-Archiv, P-260-1_Basel_1908	Basel
Vest Eckel & Co.		Börse	Börse	Basel	1418	1908	147	telefonbuch_149	PTT-Archiv, P-260-1_Basel_1908	Basel
Vest Eckel & Co.		Börse	Börse	Basel	747	1908	147	telefonbuch_149	PTT-Archiv, P-260-1_Basel_1908	Basel
Vest-Greppin	Rud.		Austrasse 33	Basel	3078	1908	147	telefonbuch_149	PTT-Archiv, P-260-1_Basel_1908	Basel
Vest-Gysin	G. Rudolf		Steinenring 12	Basel	2970	1908	147	telefonbuch_149	PTT-Archiv, P-260-1_Basel_1908	Basel
Vetter-Stocker	Ferd.	Schlosserei	Hebelstrasse 52	Basel	1567	1908	147	telefonbuch_149	PTT-Archiv, P-260-1_Basel_1908	Basel
Vettiger	Carl	Dr., Arzt, Praxis	Mostackerstrasse 10	Basel	3183	1908	147	telefonbuch_149	PTT-Archiv, P-260-1_Basel_1908	Basel
Vettiger	Carl	Wohnung	Petersgraben 61	Basel	232	1908	147	telefonbuch_149	PTT-Archiv, P-260-1_Basel_1908	Basel
Vicarino	C.	Ingenieur	Holbeinstrasse 75	Basel	2537	1908	147	telefonbuch_149	PTT-Archiv, P-260-1_Basel_1908	Basel
Vicarino	Emile		Therwilerstrasse 31	Basel	2858	1908	148	telefonbuch_150	PTT-Archiv, P-260-1_Basel_1908	Basel
Viehoff	Hermann D.	Consulat der Niederlande	Burgunderstrasse 5	Basel	3081	1908	148	telefonbuch_150	PTT-Archiv, P-260-1_Basel_1908	Basel
Villa-Fischer	A.	Baugeschäft	Strassburgerallee 80	Basel	3901	1908	148	telefonbuch_150	PTT-Archiv, P-260-1_Basel_1908	Basel
Villiger-Beltz	J.	Tapezierer	Spalenthorweg 14	Basel	2357	1908	148	telefonbuch_150	PTT-Archiv, P-260-1_Basel_1908	Basel
Villiger	E.	Dr., Arzt	Freiestrasse 42	Basel	188	1908	148	telefonbuch_150	PTT-Archiv, P-260-1_Basel_1908	Basel
Vischer-Bachofen	Fritz		Rittergasse 19	Basel	1046	1908	148	telefonbuch_150	PTT-Archiv, P-260-1_Basel_1908	Basel
Vischer-Beck	Bertha	Wwe.	Gartenstrasse 93	Basel	4304	1908	148	telefonbuch_150	PTT-Archiv, P-260-1_Basel_1908	Basel
Vischer-Bölger	A.		Aeschengraben 31	Basel	2151	1908	148	telefonbuch_150	PTT-Archiv, P-260-1_Basel_1908	Basel
Vischer-Burckhardt	P.		Rittergasse 35	Basel	1776	1908	148	telefonbuch_150	PTT-Archiv, P-260-1_Basel_1908	Basel
Vischer-Burckhardt	P.		Riehenstrasse 274	Basel	3838	1908	148	telefonbuch_150	PTT-Archiv, P-260-1_Basel_1908	Basel
Vischer-Burckhardt	Rudolf		Sevogelstrasse 11	Basel	3595	1908	148	telefonbuch_150	PTT-Archiv, P-260-1_Basel_1908	Basel
Vischer-Burckhardt	Rudolf	Stallung	Sevogelstrasse 11	Basel	3779	1908	148	telefonbuch_150	PTT-Archiv, P-260-1_Basel_1908	Basel
Vischer-Christ	Rud.		St. Jakobstrasse 55	Basel	3683	1908	148	telefonbuch_150	PTT-Archiv, P-260-1_Basel_1908	Basel
Vischer	E.	Architekt	Langegasse 88	Basel	3799	1908	148	telefonbuch_150	PTT-Archiv, P-260-1_Basel_1908	Basel
Vischer-Heussler	S.	Frau	Nauenstrasse 43	Basel	2157	1908	148	telefonbuch_150	PTT-Archiv, P-260-1_Basel_1908	Basel
Vischer-Iselin	Wilh.	Dr., Advokat und Notar	Rittergasse 31	Basel	4280	1908	148	telefonbuch_150	PTT-Archiv, P-260-1_Basel_1908	Basel
Vischer-Iselin	G.	Wwe.	Gartenstrasse 22	Basel	2311	1908	148	telefonbuch_150	PTT-Archiv, P-260-1_Basel_1908	Basel
Vischer-Köchlin	E.	Prof.	Sevogelstrasse 70	Basel	3953	1908	148	telefonbuch_150	PTT-Archiv, P-260-1_Basel_1908	Basel
Vischer-Krayer	A.		Rennweg 40	Basel	472	1908	148	telefonbuch_150	PTT-Archiv, P-260-1_Basel_1908	Basel
Vischer-Passavant	Th.	Frau Dr.	St. Albanvorst. 45	Basel	1853	1908	148	telefonbuch_150	PTT-Archiv, P-260-1_Basel_1908	Basel
Vischer	Peter		Angensteinerstr. 7	Basel	3971	1908	148	telefonbuch_150	PTT-Archiv, P-260-1_Basel_1908	Basel
Vischer	Peter	Stallung	Hardstrasse 43	Basel	1284	1908	148	telefonbuch_150	PTT-Archiv, P-260-1_Basel_1908	Basel
Vischer-Speiser	C. E.		Peter Merianstr. 26	Basel	3967	1908	148	telefonbuch_150	PTT-Archiv, P-260-1_Basel_1908	Basel
Vischer & Co.		Comptoir	Rheinsprung 16	Basel	1305	1908	148	telefonbuch_150	PTT-Archiv, P-260-1_Basel_1908	Basel
Vischer & Co.		Fergstube	Martinsgasse 6	Basel	1303	1908	148	telefonbuch_150	PTT-Archiv, P-260-1_Basel_1908	Basel
Vischer & Co.		Fabrik	Sperrstrasse 46	Basel	3297	1908	148	telefonbuch_150	PTT-Archiv, P-260-1_Basel_1908	Basel
Vischer & Co.		Winderei	Oberwilerstrasse 133	Basel	2529	1908	148	telefonbuch_150	PTT-Archiv, P-260-1_Basel_1908	Basel
Vischer-Vischer	Carl		Sevogelstrasse 54	Basel	1178	1908	148	telefonbuch_150	PTT-Archiv, P-260-1_Basel_1908	Basel
Vischer-VonderMühll	Carl		Gellertstrasse 45	Basel	3594	1908	148	telefonbuch_150	PTT-Archiv, P-260-1_Basel_1908	Basel
Vischer-VonderMühll	Carl		Rheinsprung 16	Basel	1312	1908	148	telefonbuch_150	PTT-Archiv, P-260-1_Basel_1908	Basel
Vischer-VonderMühll	Th.		St. Albanvorstadt 5	Basel	781	1908	148	telefonbuch_150	PTT-Archiv, P-260-1_Basel_1908	Basel
Vitek	J. C.	Schwarzwald-Apotheke	Maulbeerweg 9	Basel	3379	1908	148	telefonbuch_150	PTT-Archiv, P-260-1_Basel_1908	Basel
Vogel	R.	Dr.	St. Albananlage 50	Basel	867	1908	148	telefonbuch_150	PTT-Archiv, P-260-1_Basel_1908	Basel
Vogel	Theophil		Ob. Rheinweg 91	Basel	3643	1908	148	telefonbuch_150	PTT-Archiv, P-260-1_Basel_1908	Basel
Vogelbach	Hans	Dr.	Aeschengraben 32	Basel	2034	1908	148	telefonbuch_150	PTT-Archiv, P-260-1_Basel_1908	Basel
Vogelbach	M.	Agentur	Inn. Margaretentr. 14	Basel	1705	1908	148	telefonbuch_150	PTT-Archiv, P-260-1_Basel_1908	Basel
Vogelsang	J.	Gärtnermeister	Spalenberg 28	Basel	1619	1908	148	telefonbuch_150	PTT-Archiv, P-260-1_Basel_1908	Basel
Vogt-Aeschbach	E.	Hotel Vogt	Küchegässlein 22	Basel	2345	1908	148	telefonbuch_150	PTT-Archiv, P-260-1_Basel_1908	Basel
Vogt-Diringer	B.	Wwe.	Landskronstrasse 1	Basel	2992	1908	148	telefonbuch_150	PTT-Archiv, P-260-1_Basel_1908	Basel
Vogt-Gehrig	O.	Hôtel St. Gotthard-Terminus	Centralbahnstr. 13	Basel	3928	1908	148	telefonbuch_150	PTT-Archiv, P-260-1_Basel_1908	Basel
Vogt	J.	Malermeister	Unterer Heuberg 25	Basel	3087	1908	148	telefonbuch_150	PTT-Archiv, P-260-1_Basel_1908	Basel
Vogt-Vogt	J.		Holbeinstrasse 5	Basel	2706	1908	148	telefonbuch_150	PTT-Archiv, P-260-1_Basel_1908	Basel
Vogt-Werdenberg	A.	Baugeschäft	Bärenfelserstr. 18	Basel	3336	1908	148	telefonbuch_150	PTT-Archiv, P-260-1_Basel_1908	Basel
Vogt-Werdenberg	A.	Wohnung	Marschalkenstr. 21	Basel	4018	1908	148	telefonbuch_150	PTT-Archiv, P-260-1_Basel_1908	Basel
Vohland & Bär		A.-G., Eisenbaugeschäft	Kanonengasse 3	Basel	2532	1908	148	telefonbuch_150	PTT-Archiv, P-260-1_Basel_1908	Basel
Vohrer-Leimbacher	G.	Konditor	Blumenrain 18	Basel	1378	1908	148	telefonbuch_150	PTT-Archiv, P-260-1_Basel_1908	Basel
Voigt	E. & O.		Freiestrasse 91	Basel	3319	1908	148	telefonbuch_150	PTT-Archiv, P-260-1_Basel_1908	Basel
Vorderauer	C.		Mittlerestrasse 58	Basel	1461	1908	148	telefonbuch_150	PTT-Archiv, P-260-1_Basel_1908	Basel
Völker		Gebrüder	Sattelgasse 11	Basel	1557	1908	148	telefonbuch_150	PTT-Archiv, P-260-1_Basel_1908	Basel
Völker-Jehle	L.		Clarastrasse 47	Basel	4343	1908	149	telefonbuch_151	PTT-Archiv, P-260-1_Basel_1908	Basel
Volkmer & Huber			Holeestrasse 105	Basel	241	1908	149	telefonbuch_151	PTT-Archiv, P-260-1_Basel_1908	Basel
Völlmin-Herzig	Ad.	Holz- und Kohlenhandlung	Hardstrasse 88	Basel	2962	1908	149	telefonbuch_151	PTT-Archiv, P-260-1_Basel_1908	Basel
Völlmy	Hans	Dr.	Hirzbodenweg 98	Basel	3905	1908	149	telefonbuch_151	PTT-Archiv, P-260-1_Basel_1908	Basel
VonderMühll	A. M.		Sempacherstrasse 59	Basel	4013	1908	149	telefonbuch_151	PTT-Archiv, P-260-1_Basel_1908	Basel
VonderMühll-Bachofen			St. Jakobstrasse 12	Basel	2317	1908	149	telefonbuch_151	PTT-Archiv, P-260-1_Basel_1908	Basel
VonderMühll-Burckhardt	C.		Gellertstrasse 25	Basel	4107	1908	149	telefonbuch_151	PTT-Archiv, P-260-1_Basel_1908	Basel
VonderMühll-Christ	Aug.		Gellertstrasse 16	Basel	4060	1908	149	telefonbuch_151	PTT-Archiv, P-260-1_Basel_1908	Basel
VonderMühll	P.	Dr. med.	Aeschengraben 20	Basel	2336	1908	149	telefonbuch_151	PTT-Archiv, P-260-1_Basel_1908	Basel
VonderMühll	Elisabeth		St. Albanvorstadt 2	Basel	1722	1908	149	telefonbuch_151	PTT-Archiv, P-260-1_Basel_1908	Basel
VonderMühll-Kern	Wilh.	Dr.	St. Albanvorstadt 24	Basel	1825	1908	149	telefonbuch_151	PTT-Archiv, P-260-1_Basel_1908	Basel
VonderMühll	Marie		Sevogelstrasse 1	Basel	4200	1908	149	telefonbuch_151	PTT-Archiv, P-260-1_Basel_1908	Basel
VonderMühll-Merian	A.		St. Jakobstrasse 8	Basel	2071	1908	149	telefonbuch_151	PTT-Archiv, P-260-1_Basel_1908	Basel
VonderMühll-Merian	Wilh.	Dr.	St. Albangraben 6	Basel	1891	1908	149	telefonbuch_151	PTT-Archiv, P-260-1_Basel_1908	Basel
VonderMühll	Karl	Prof.	Rittergasse 10	Basel	1060	1908	149	telefonbuch_151	PTT-Archiv, P-260-1_Basel_1908	Basel
VonderMühll-Ryhiner	A.		Hirzbodenweg 83	Basel	4261	1908	149	telefonbuch_151	PTT-Archiv, P-260-1_Basel_1908	Basel
VonderMühll	A.	Sohn	Eisengasse 23	Basel	1585	1908	149	telefonbuch_151	PTT-Archiv, P-260-1_Basel_1908	Basel
VonderMühll-Vischer	F.		Engelgasse 77	Basel	3663	1908	149	telefonbuch_151	PTT-Archiv, P-260-1_Basel_1908	Basel
Vonkilch	Georg		Mittlerestrasse 48	Basel	1468	1908	149	telefonbuch_151	PTT-Archiv, P-260-1_Basel_1908	Basel
Von Rufs	H.	Spenglerei	St. Johannvorst. 25	Basel	1388	1908	149	telefonbuch_151	PTT-Archiv, P-260-1_Basel_1908	Basel
Vortisch-Burckhardt	R.		Utengasse 48	Basel	1144	1908	149	telefonbuch_151	PTT-Archiv, P-260-1_Basel_1908	Basel
Vortisch	F.		Falknerstrasse 2	Basel	2808	1908	149	telefonbuch_151	PTT-Archiv, P-260-1_Basel_1908	Basel
Voss-Mehlhorn	Th.	Tapezierermeister	Rudolfstrasse 33	Basel	949	1908	149	telefonbuch_151	PTT-Archiv, P-260-1_Basel_1908	Basel
Vuilleumier	O.	St. Jakobs-Apotheke	Aeschenvorstadt 68	Basel	2065	1908	149	telefonbuch_151	PTT-Archiv, P-260-1_Basel_1908	Basel
Wachendorf	L.		Freiestrasse 26	Basel	2023	1908	149	telefonbuch_151	PTT-Archiv, P-260-1_Basel_1908	Basel
Wachter & Beck			Spiegelgasse 2	Basel	1362	1908	149	telefonbuch_151	PTT-Archiv, P-260-1_Basel_1908	Basel
Wachter-Huber	S. L.	Wwe.	Eulerstrasse 11	Basel	152	1908	149	telefonbuch_151	PTT-Archiv, P-260-1_Basel_1908	Basel
Wächter-Bohrer & Sohn		Holzhandlung	Kannenfeldstr. 24	Basel	1445	1908	149	telefonbuch_151	PTT-Archiv, P-260-1_Basel_1908	Basel
Wächter & Co.			Güterstrasse 172	Basel	3774	1908	149	telefonbuch_151	PTT-Archiv, P-260-1_Basel_1908	Basel
Waechter-Ullmann	Hans		Freiestrasse 9	Basel	4409	1908	149	telefonbuch_151	PTT-Archiv, P-260-1_Basel_1908	Basel
Wacker-Waldmeier	P. F.		Elisabethenstr. 53	Basel	2155	1908	149	telefonbuch_151	PTT-Archiv, P-260-1_Basel_1908	Basel
Wackernagel-Kellermann	C. R.		Maiengasse 60	Basel	1628	1908	149	telefonbuch_151	PTT-Archiv, P-260-1_Basel_1908	Basel
Wackernagel	Rud.	Dr.	Brunngasse 11	Basel	1915	1908	149	telefonbuch_151	PTT-Archiv, P-260-1_Basel_1908	Basel
Wackernagel-Merian	G.		Langegasse 74	Basel	3685	1908	149	telefonbuch_151	PTT-Archiv, P-260-1_Basel_1908	Basel
Wackernagel-Oser	M.	Wwe.	Birmannsgasse 39	Basel	1548	1908	149	telefonbuch_151	PTT-Archiv, P-260-1_Basel_1908	Basel
Waffenschmidt	K.	Charcuterie	Spalenberg 37	Basel	2777	1908	149	telefonbuch_151	PTT-Archiv, P-260-1_Basel_1908	Basel
Wäffler	Arthur		Martinsgasse 15	Basel	4057	1908	149	telefonbuch_151	PTT-Archiv, P-260-1_Basel_1908	Basel
Waeffler-Bachmann	A.	Wwe.	Lothringerstrasse 17	Basel	4158	1908	149	telefonbuch_151	PTT-Archiv, P-260-1_Basel_1908	Basel
Wäffler-Brand	Hans		Neubadstrasse 49	Basel	4639	1908	149	telefonbuch_151	PTT-Archiv, P-260-1_Basel_1908	Basel
Wäffler-Sevin	Hans		Arnold Böcklinstr. 11	Basel	157	1908	149	telefonbuch_151	PTT-Archiv, P-260-1_Basel_1908	Basel
Wäffler & Wybert			Martinsgasse 13	Basel	1311	1908	149	telefonbuch_151	PTT-Archiv, P-260-1_Basel_1908	Basel
Wagner	August	Autogarage	Elsässerstrasse 128	Basel	3212	1908	149	telefonbuch_151	PTT-Archiv, P-260-1_Basel_1908	Basel
Wagner-Bürgin	Gust.		Sternengasse 27	Basel	3540	1908	149	telefonbuch_151	PTT-Archiv, P-260-1_Basel_1908	Basel
Wagner	F.	Dr. med., Arzt	Falknerstrasse 4	Basel	4701	1908	149	telefonbuch_151	PTT-Archiv, P-260-1_Basel_1908	Basel
Wagner, Hermann & Co.		Basler Möbelfabrik	Mittlerestrasse 30	Basel	2640	1908	149	telefonbuch_151	PTT-Archiv, P-260-1_Basel_1908	Basel
Wagner-Wagner	Hermann	Wohnung	Holbeinstrasse 56	Basel	807	1908	149	telefonbuch_151	PTT-Archiv, P-260-1_Basel_1908	Basel
Wahl	Jacques	Schlossermeister	Steinenbachgässl. 20	Basel	2375	1908	149	telefonbuch_151	PTT-Archiv, P-260-1_Basel_1908	Basel
Waehrer	Jean		Friedrichstrasse 24	Basel	2645	1908	149	telefonbuch_151	PTT-Archiv, P-260-1_Basel_1908	Basel
Waibel	A.		Sempacherstrasse 24	Basel	4005	1908	150	telefonbuch_152	PTT-Archiv, P-260-1_Basel_1908	Basel
Waibel-Schneider	M.	Frau, Hebamme	Schnabelgasse 8	Basel	498	1908	150	telefonbuch_152	PTT-Archiv, P-260-1_Basel_1908	Basel
Waisenamt		(Mentelinhof)	Münsterplatz 14	Basel	1070	1908	150	telefonbuch_152	PTT-Archiv, P-260-1_Basel_1908	Basel
Waisenhaus		(Bürgerl. Waisenanstalt), Waisenvater	Theodorskirchplatz 7	Basel	1153	1908	150	telefonbuch_152	PTT-Archiv, P-260-1_Basel_1908	Basel
Dasselbe		(Verwalterbureau)	Theodorskirchplatz 7	Basel	1132	1908	150	telefonbuch_152	PTT-Archiv, P-260-1_Basel_1908	Basel
Waiz-Gardin		Frau Wwe.	Binningerstrasse 35	Basel	2290	1908	150	telefonbuch_152	PTT-Archiv, P-260-1_Basel_1908	Basel
von Waldkirch	Erwin	Ingenieur S. B. B.	Neubadstrasse 7	Basel	3652	1908	150	telefonbuch_152	PTT-Archiv, P-260-1_Basel_1908	Basel
Waldsburger-Schlatter	Jb.		Hägenheimerstr. 27k	Basel	199	1908	150	telefonbuch_152	PTT-Archiv, P-260-1_Basel_1908	Basel
Wallburg-Mäglin	Th.	Gärtnermeister	Solothurnerstr. 78	Basel	795	1908	150	telefonbuch_152	PTT-Archiv, P-260-1_Basel_1908	Basel
Walser	Friedr.	Architekt	Schönbeinstrasse 21	Basel	2605	1908	150	telefonbuch_152	PTT-Archiv, P-260-1_Basel_1908	Basel
Walser-Behr	W.	Möbelschreinerie	Hammerstrasse 104	Basel	280	1908	150	telefonbuch_152	PTT-Archiv, P-260-1_Basel_1908	Basel
Walter-Biondetti	C.		Bäumleingasse 12	Basel	1840	1908	150	telefonbuch_152	PTT-Archiv, P-260-1_Basel_1908	Basel
Walter-Reifer	Eduard	Maler	Schützengraben 37	Basel	2730	1908	150	telefonbuch_152	PTT-Archiv, P-260-1_Basel_1908	Basel
Walz & Cie.		Stearin- und Seifenfabrik	Mattweg 72	Basel	3510	1908	150	telefonbuch_152	PTT-Archiv, P-260-1_Basel_1908	Basel
Walz-Fernbach	F. J.	Wohnung	Sperrstrasse 102	Basel	727	1908	150	telefonbuch_152	PTT-Archiv, P-260-1_Basel_1908	Basel
Walz & Miéville		Buchdrucker	Breisacherstrasse 8	Basel	1278	1908	150	telefonbuch_152	PTT-Archiv, P-260-1_Basel_1908	Basel
Walz-Hoch	E.	Geschäft	Güterstrasse 149	Basel	4031	1908	150	telefonbuch_152	PTT-Archiv, P-260-1_Basel_1908	Basel
Wanger	E.	Zahnarzt	Austrasse 10	Basel	794	1908	150	telefonbuch_152	PTT-Archiv, P-260-1_Basel_1908	Basel
Wanner	A.	Lack- und Farbengeschäft	Jurastrasse 30	Basel	3519	1908	150	telefonbuch_152	PTT-Archiv, P-260-1_Basel_1908	Basel
Wanner	Jos.		Oetlingerstrasse 152	Basel	650	1908	150	telefonbuch_152	PTT-Archiv, P-260-1_Basel_1908	Basel
Wanner	Maria Elisabeth		Münsterplatz 1	Basel	129	1908	150	telefonbuch_152	PTT-Archiv, P-260-1_Basel_1908	Basel
Wanner	Verena	vorm. Julie His, Wäscherei	Klybeckstrasse 59	Basel	1235	1908	150	telefonbuch_152	PTT-Archiv, P-260-1_Basel_1908	Basel
Wannier	E.	Dr., Advokat u. Notar (Bureau)	Eisengasse 34	Basel	1627	1908	150	telefonbuch_152	PTT-Archiv, P-260-1_Basel_1908	Basel
Wannier-Stächelin	E.	Dr. (Wohnung)	Missionsstrasse 11	Basel	3872	1908	150	telefonbuch_152	PTT-Archiv, P-260-1_Basel_1908	Basel
Warnery	E.	Stallgebäude	Sevogelstrasse 52	Basel	4153	1908	150	telefonbuch_152	PTT-Archiv, P-260-1_Basel_1908	Basel
Warnery	E. & R.		Hardstrasse 2	Basel	3544	1908	150	telefonbuch_152	PTT-Archiv, P-260-1_Basel_1908	Basel
Warth	Paul	Glas- u. Porzellanwarenhandlg.	Schnabelgasse 8	Basel	2681	1908	150	telefonbuch_152	PTT-Archiv, P-260-1_Basel_1908	Basel
Wartmann	Emil		Isteinerstrasse 92	Basel	4699	1908	150	telefonbuch_152	PTT-Archiv, P-260-1_Basel_1908	Basel
Wartner	Carl	Bildhauer-Atelier	Hirschgasse 9	Basel	927	1908	150	telefonbuch_152	PTT-Archiv, P-260-1_Basel_1908	Basel
Waschanstalt St. Klara		(Bosshardt, R.)	Clarastrasse 39	Basel	3523	1908	150	telefonbuch_152	PTT-Archiv, P-260-1_Basel_1908	Basel
Wasenmeisterei			Fabrikstrasse 50	Basel	335	1908	150	telefonbuch_152	PTT-Archiv, P-260-1_Basel_1908	Basel
Wassermann-Fischer	Emanuel	Kaminfegermstr.	Oberer Heuberg 25	Basel	7	1908	150	telefonbuch_152	PTT-Archiv, P-260-1_Basel_1908	Basel
Wassermann-Krebs	Rudolf		Bachlettenstrasse 74	Basel	3042	1908	150	telefonbuch_152	PTT-Archiv, P-260-1_Basel_1908	Basel
Wassermann-Munding	R.	Kaminfegermeister	Hardstrasse 58	Basel	2068	1908	150	telefonbuch_152	PTT-Archiv, P-260-1_Basel_1908	Basel
Wassermann & Schäublin		Lithogr. u. Typogr.	Leonhardstrasse 5	Basel	1310	1908	150	telefonbuch_152	PTT-Archiv, P-260-1_Basel_1908	Basel
Wassermann-Widmer	R.		Feldbergstrasse 27	Basel	4172	1908	150	telefonbuch_152	PTT-Archiv, P-260-1_Basel_1908	Basel
Wazniewsky	J.		Gerbergasse 73	Basel	2108	1908	150	telefonbuch_152	PTT-Archiv, P-260-1_Basel_1908	Basel
Weber-Ackermann	D.		Schweizergasse 15	Basel	4641	1908	150	telefonbuch_152	PTT-Archiv, P-260-1_Basel_1908	Basel
Weber	Bruno	Gärtnermeister	Lehenmattstr. 131	Basel	1102	1908	150	telefonbuch_152	PTT-Archiv, P-260-1_Basel_1908	Basel
Weber	Ernst		Elsässerstrasse 167	Basel	4312	1908	150	telefonbuch_152	PTT-Archiv, P-260-1_Basel_1908	Basel
Weber	Hans	Maler	Steinenvorstadt 61	Basel	2366	1908	150	telefonbuch_152	PTT-Archiv, P-260-1_Basel_1908	Basel
Weber-Imhof	Ad.		Hirzbodenweg 38	Basel	3689	1908	150	telefonbuch_152	PTT-Archiv, P-260-1_Basel_1908	Basel
Weber	Jules	Restaurant zur Mägd	St. Johannvorst. 29	Basel	3935	1908	150	telefonbuch_152	PTT-Archiv, P-260-1_Basel_1908	Basel
Weber-Reber	J.		Barfüsserplatz 6	Basel	2053	1908	150	telefonbuch_152	PTT-Archiv, P-260-1_Basel_1908	Basel
Weber's Neue Münchner Bierhalle		(Wwe Weber-Schneider)	Falknerstrasse 35	Basel	861	1908	150	telefonbuch_152	PTT-Archiv, P-260-1_Basel_1908	Basel
Wechselstube der Basler Handelsbank			Freiestrasse 90	Basel	1995	1908	150	telefonbuch_152	PTT-Archiv, P-260-1_Basel_1908	Basel
Wechselstube Merkur		Fischer jr.	Marktgasse 24	Basel	1346	1908	150	telefonbuch_152	PTT-Archiv, P-260-1_Basel_1908	Basel
Weckerle	K.	Pfarrer	Friedensgasse 40	Basel	2517	1908	150	telefonbuch_152	PTT-Archiv, P-260-1_Basel_1908	Basel
Wedemeyer	George M.		Dornacherstr. 131	Basel	4198	1908	150	telefonbuch_152	PTT-Archiv, P-260-1_Basel_1908	Basel
Wehrle	August	Dr., Zahnarzt	Steinengraben 6	Basel	1363	1908	151	telefonbuch_153	PTT-Archiv, P-260-1_Basel_1908	Basel
Wehrle	R.	Dr., Arzt	Spalenring 123	Basel	982	1908	151	telefonbuch_153	PTT-Archiv, P-260-1_Basel_1908	Basel
Wehrle	G.	Hôtel Central	Falknerstrasse 3	Basel	1073	1908	151	telefonbuch_153	PTT-Archiv, P-260-1_Basel_1908	Basel
Wehrli	Conrad	Kammradmühle	Webergasse 21	Basel	1248	1908	151	telefonbuch_153	PTT-Archiv, P-260-1_Basel_1908	Basel
Wehrly	Albert		Alemannengasse 2	Basel	3444	1908	151	telefonbuch_153	PTT-Archiv, P-260-1_Basel_1908	Basel
Weibel-Thoma	R.	Wwe., Lebensmittelhandlg.	Ochsengasse 23	Basel	1229	1908	151	telefonbuch_153	PTT-Archiv, P-260-1_Basel_1908	Basel
Weibel & Co.			Hirzbodenweg 9	Basel	2190	1908	151	telefonbuch_153	PTT-Archiv, P-260-1_Basel_1908	Basel
Weibel-Zillig	Wilh.		Hirzbodenweg 86	Basel	482	1908	151	telefonbuch_153	PTT-Archiv, P-260-1_Basel_1908	Basel
Weidenmann-Jenny	Aug.	Ingenieur	Friedensgasse 23	Basel	1493	1908	151	telefonbuch_153	PTT-Archiv, P-260-1_Basel_1908	Basel
Weidmannn	L.	Cigarrenhandlung	Stadthausgasse 21	Basel	1364	1908	151	telefonbuch_153	PTT-Archiv, P-260-1_Basel_1908	Basel
Weydmann - von Salis	M.	Wwe.	Leimenstrasse 36	Basel	4494	1908	151	telefonbuch_153	PTT-Archiv, P-260-1_Basel_1908	Basel
Weil	Alexander		Theaterstrasse 16	Basel	2255	1908	151	telefonbuch_153	PTT-Archiv, P-260-1_Basel_1908	Basel
Weil-Brunschwig	David		Byfangweg 23	Basel	3240	1908	151	telefonbuch_153	PTT-Archiv, P-260-1_Basel_1908	Basel
Weil frères			Solothurnerstr. 18	Basel	4085	1908	151	telefonbuch_153	PTT-Archiv, P-260-1_Basel_1908	Basel
Weil	Joël		Feierabendstrasse 36	Basel	3464	1908	151	telefonbuch_153	PTT-Archiv, P-260-1_Basel_1908	Basel
Weil-Mayer	Julius		Spalenthorweg 8	Basel	4680	1908	151	telefonbuch_153	PTT-Archiv, P-260-1_Basel_1908	Basel
Weiss	Arthur	Kürschner	Sattelgasse 22	Basel	1968	1908	151	telefonbuch_153	PTT-Archiv, P-260-1_Basel_1908	Basel
Weiss	Gustav	Metzgermeister	Türkheimerstrasse 2	Basel	815	1908	151	telefonbuch_153	PTT-Archiv, P-260-1_Basel_1908	Basel
Weiss	Hermann	Bankgeschäft	Marktgasse 24	Basel	2131	1908	151	telefonbuch_153	PTT-Archiv, P-260-1_Basel_1908	Basel
Weiss	Jacques	Photograph	Elisabethenstrasse 4	Basel	2349	1908	151	telefonbuch_153	PTT-Archiv, P-260-1_Basel_1908	Basel
Weiss-Kübler	Emanuel		Streitgasse 12	Basel	1981	1908	151	telefonbuch_153	PTT-Archiv, P-260-1_Basel_1908	Basel
Weisser	Balduin		Clarastrasse 48	Basel	3717	1908	151	telefonbuch_153	PTT-Archiv, P-260-1_Basel_1908	Basel
Weysser	Aug.	Spenglermeister	Mülhauserstr. 119	Basel	223	1908	151	telefonbuch_153	PTT-Archiv, P-260-1_Basel_1908	Basel
Weisskopf	Arn.		Frobenstrasse 61	Basel	13	1908	151	telefonbuch_153	PTT-Archiv, P-260-1_Basel_1908	Basel
Weist	O.	Uhren und Bijouterien	Spalenberg 49	Basel	1052	1908	151	telefonbuch_153	PTT-Archiv, P-260-1_Basel_1908	Basel
Weitnauer	Ad.	& Co., Cigarrenhandlung	Freiestrasse 27	Basel	1157	1908	151	telefonbuch_153	PTT-Archiv, P-260-1_Basel_1908	Basel
Weitnauer-Grossberger	A.	Baumeister	Birsigstrasse 77	Basel	3100	1908	151	telefonbuch_153	PTT-Archiv, P-260-1_Basel_1908	Basel
Weitnauer-Hubel	R.	Wwe.	Leimenstrasse 63	Basel	2921	1908	151	telefonbuch_153	PTT-Archiv, P-260-1_Basel_1908	Basel
Weitnauer-Kehlstadt	Carl		Schützenmattstr. 41	Basel	2824	1908	151	telefonbuch_153	PTT-Archiv, P-260-1_Basel_1908	Basel
Weitnauer-Lemoine	Fr.		Aeschenvorstadt 25	Basel	2547	1908	151	telefonbuch_153	PTT-Archiv, P-260-1_Basel_1908	Basel
Weitnauer-Preiswerk	Aug.		Missionsstrasse 5	Basel	2738	1908	151	telefonbuch_153	PTT-Archiv, P-260-1_Basel_1908	Basel
von Welck		"Direktor der ""Equitable"""	Sommergasse 11	Basel	3282	1908	151	telefonbuch_153	PTT-Archiv, P-260-1_Basel_1908	Basel
Wellauer	Gust.	Betriebsinspektor der Basler Strassenbahnen	Ob. Rebgasse 1/3	Basel	3819	1908	151	telefonbuch_153	PTT-Archiv, P-260-1_Basel_1908	Basel
Welte	Otto		Leimenstrasse 57	Basel	973	1908	151	telefonbuch_153	PTT-Archiv, P-260-1_Basel_1908	Basel
Welter	J.	Comp. cosmographique	Gerbergasse 55	Basel	2834	1908	151	telefonbuch_153	PTT-Archiv, P-260-1_Basel_1908	Basel
Derselbe			Kanonengasse 35	Basel	3095	1908	151	telefonbuch_153	PTT-Archiv, P-260-1_Basel_1908	Basel
Welti	Henry	vorm. Anton Waltisbühl	Steinenberg 1	Basel	2006	1908	151	telefonbuch_153	PTT-Archiv, P-260-1_Basel_1908	Basel
Derselbe	H.	Welti-Schneider, Wohnung	Missionsstrasse 50	Basel	870	1908	151	telefonbuch_153	PTT-Archiv, P-260-1_Basel_1908	Basel
Wendland		Professor	Palmenstrasse 1	Basel	630	1908	151	telefonbuch_153	PTT-Archiv, P-260-1_Basel_1908	Basel
Wenger-Joder	D.		Aeschenvorstadt 9	Basel	4125	1908	151	telefonbuch_153	PTT-Archiv, P-260-1_Basel_1908	Basel
Wenger-Ruutz	Theodor		Bättwilerstrasse 8	Basel	4457	1908	151	telefonbuch_153	PTT-Archiv, P-260-1_Basel_1908	Basel
Wenk	Carl	Küferei und Weinhandlung	Herrengrabenweg 53	Basel	957	1908	151	telefonbuch_153	PTT-Archiv, P-260-1_Basel_1908	Basel
Wenk-Rüefli	E.	Wwe., Fabr. d. Waschmaschinen	Petersgraben 37	Basel	1599	1908	151	telefonbuch_153	PTT-Archiv, P-260-1_Basel_1908	Basel
Wenk-Mayer		Wwe., Spengler	Breisacherstrasse 61	Basel	3236	1908	151	telefonbuch_153	PTT-Archiv, P-260-1_Basel_1908	Basel
Wenk-Thommen	E.		Angensteinerstr. 23	Basel	3567	1908	151	telefonbuch_153	PTT-Archiv, P-260-1_Basel_1908	Basel
Wenzinger	Aug.	Bierdépôt u. Mineralwasser	Amerbachstrasse 10	Basel	3385	1908	151	telefonbuch_153	PTT-Archiv, P-260-1_Basel_1908	Basel
Wepf	B.	& Cie., Buchhandlung	Eisengasse 19	Basel	1684	1908	151	telefonbuch_153	PTT-Archiv, P-260-1_Basel_1908	Basel
Werdenberg's (Ed.) Nachf.		W. Fininger & Cie., Gasapparatefabrik	Barfüssergasse 3	Basel	29	1908	152	telefonbuch_154	PTT-Archiv, P-260-1_Basel_1908	Basel
Werdenberg-Respinger	Ed.		St. Albananlage 52	Basel	1671	1908	152	telefonbuch_154	PTT-Archiv, P-260-1_Basel_1908	Basel
W.-R. (Müller)			Lehenmattstr. 146	Basel	885	1908	152	telefonbuch_154	PTT-Archiv, P-260-1_Basel_1908	Basel
Werenfels	Frz.	Spenglermeister	Hebelstrasse 62	Basel	1483	1908	152	telefonbuch_154	PTT-Archiv, P-260-1_Basel_1908	Basel
Werner	C.	& Co., Weinhandlung	Güterstrasse 248	Basel	2462	1908	152	telefonbuch_154	PTT-Archiv, P-260-1_Basel_1908	Basel
Werner-Riehm	M.	Buchdrucker	Kanonengasse 32	Basel	3056	1908	152	telefonbuch_154	PTT-Archiv, P-260-1_Basel_1908	Basel
Derselbe		Wohnung	Oberwilerstrasse 21	Basel	3744	1908	152	telefonbuch_154	PTT-Archiv, P-260-1_Basel_1908	Basel
Werner-Wekemann	J.	Rolladengeschäft und Schlosserei	Feldbergstrasse 45	Basel	4590	1908	152	telefonbuch_154	PTT-Archiv, P-260-1_Basel_1908	Basel
Werthemann	Anna		Burgunderstrasse 25	Basel	4379	1908	152	telefonbuch_154	PTT-Archiv, P-260-1_Basel_1908	Basel
Werthemann	Botty & Co.		Hebelstrasse 5	Basel	554	1908	152	telefonbuch_154	PTT-Archiv, P-260-1_Basel_1908	Basel
Werthemann-Burckhardt	A.		Angensteinerstr. 18	Basel	3586	1908	152	telefonbuch_154	PTT-Archiv, P-260-1_Basel_1908	Basel
Werthemann-Ehinger			Sevogelstrasse 40	Basel	4119	1908	152	telefonbuch_154	PTT-Archiv, P-260-1_Basel_1908	Basel
Werzinger	Emil		Birsigstrasse 116	Basel	865	1908	152	telefonbuch_154	PTT-Archiv, P-260-1_Basel_1908	Basel
Werzinger	L.		Leimenstrasse 1	Basel	2743	1908	152	telefonbuch_154	PTT-Archiv, P-260-1_Basel_1908	Basel
Werzinger-Mähly	Albert		Leimenstrasse 3	Basel	2806	1908	152	telefonbuch_154	PTT-Archiv, P-260-1_Basel_1908	Basel
Wessier	Emil	Wirt	Spalenring 170	Basel	998	1908	152	telefonbuch_154	PTT-Archiv, P-260-1_Basel_1908	Basel
de Wette	Emma		Malzgasse 29	Basel	1475	1908	152	telefonbuch_154	PTT-Archiv, P-260-1_Basel_1908	Basel
Wetterlé	L.	Spalenapotheke	Spalenvorstadt 19	Basel	2593	1908	152	telefonbuch_154	PTT-Archiv, P-260-1_Basel_1908	Basel
Wetzel	Paul	Malermeister	Blauenstrasse 36	Basel	4445	1908	152	telefonbuch_154	PTT-Archiv, P-260-1_Basel_1908	Basel
Weydmann - von Salis	M.	Wwe.	Leimenstrasse 36	Basel	4494	1908	152	telefonbuch_154	PTT-Archiv, P-260-1_Basel_1908	Basel
Wezstein & Schenk		Maass- u. Konfektionsgesch.	Freiestrasse 32	Basel	1752	1908	152	telefonbuch_154	PTT-Archiv, P-260-1_Basel_1908	Basel
Wick-Merian	Carl		Nauenstrasse 14	Basel	2169	1908	152	telefonbuch_154	PTT-Archiv, P-260-1_Basel_1908	Basel
Wick-Peters	Fr.	Bäckermeister	St. Johannring 106	Basel	4581	1908	152	telefonbuch_154	PTT-Archiv, P-260-1_Basel_1908	Basel
Widemann's Handelsschule			Kohlenberg 13	Basel	2488	1908	152	telefonbuch_154	PTT-Archiv, P-260-1_Basel_1908	Basel
Wider-Rohr	Johann		Spalenring 111	Basel	2850	1908	152	telefonbuch_154	PTT-Archiv, P-260-1_Basel_1908	Basel
Widler	Kathy	Frl.	Weiherweg 24	Basel	3451	1908	152	telefonbuch_154	PTT-Archiv, P-260-1_Basel_1908	Basel
Widmann-Wettlin	Carl	Zimmermeister	Thannerstrasse 17	Basel	2836	1908	152	telefonbuch_154	PTT-Archiv, P-260-1_Basel_1908	Basel
Widmer	D.	Direktor der Strafanstalt	Strafanstalt	Basel	1665	1908	152	telefonbuch_154	PTT-Archiv, P-260-1_Basel_1908	Basel
Widmer	G.	Dr. med.	Petersgraben 9	Basel	1642	1908	152	telefonbuch_154	PTT-Archiv, P-260-1_Basel_1908	Basel
Widmer-Huppertz	J.	Spenglermeister	Rümelinsplatz 8	Basel	2661	1908	152	telefonbuch_154	PTT-Archiv, P-260-1_Basel_1908	Basel
Widmer-Ursprung	Aug.		Jurastrasse 44	Basel	4178	1908	152	telefonbuch_154	PTT-Archiv, P-260-1_Basel_1908	Basel
Widmer & Erlacher		Architekten	Leonhardsstrasse 30	Basel	4322	1908	152	telefonbuch_154	PTT-Archiv, P-260-1_Basel_1908	Basel
Wieland	Alfred	Dr., & Glenck, Dr. Carl, Advokatur und Notariat	Bäumleingasse 7	Basel	1058	1908	152	telefonbuch_154	PTT-Archiv, P-260-1_Basel_1908	Basel
Wieland	August Hch.	Dr. (Bureau)	Blumenrain 16	Basel	1341	1908	152	telefonbuch_154	PTT-Archiv, P-260-1_Basel_1908	Basel
Derselbe		(Wohnung)	Neubadstrasse 21	Basel	914	1908	152	telefonbuch_154	PTT-Archiv, P-260-1_Basel_1908	Basel
Wieland	Carl	Küfermeister	Jurastrasse 55	Basel	2683	1908	152	telefonbuch_154	PTT-Archiv, P-260-1_Basel_1908	Basel
Wieland	Carl Albert	Prof. Dr.	Hirzbodenweg 87	Basel	3672	1908	152	telefonbuch_154	PTT-Archiv, P-260-1_Basel_1908	Basel
Wieland-Dietschy	Anna	Wwe.	Eulerstrasse 42	Basel	2709	1908	152	telefonbuch_154	PTT-Archiv, P-260-1_Basel_1908	Basel
Wieland	Emil	Dr., Arzt	St. Albanvorstadt 94	Basel	4140	1908	152	telefonbuch_154	PTT-Archiv, P-260-1_Basel_1908	Basel
Wieland		Gebr., Möbelschreinerei	Landskronstrasse 40	Basel	4698	1908	152	telefonbuch_154	PTT-Archiv, P-260-1_Basel_1908	Basel
Wieland-Gemuseus	A. M.	Wwe.	Gellertstrasse 6	Basel	4113	1908	152	telefonbuch_154	PTT-Archiv, P-260-1_Basel_1908	Basel
Wieland	P. & N.	Möbelschreiner	St. Albanvorstadt 61	Basel	1839	1908	152	telefonbuch_154	PTT-Archiv, P-260-1_Basel_1908	Basel
Wieland-Zahn	Alfred	Dr.	Lindenweg 15	Basel	4223	1908	152	telefonbuch_154	PTT-Archiv, P-260-1_Basel_1908	Basel
Wiemken	Heinr.	Lithograph	Steinenbachgasse 34	Basel	3550	1908	152	telefonbuch_154	PTT-Archiv, P-260-1_Basel_1908	Basel
Wien	Hans Felix	Gold- u. Silberwaren en gros	Falknerstrasse 4	Basel	4380	1908	152	telefonbuch_154	PTT-Archiv, P-260-1_Basel_1908	Basel
Wiesendanger	A.	Schuhhandlung	Greifengasse 33	Basel	1250	1908	152	telefonbuch_154	PTT-Archiv, P-260-1_Basel_1908	Basel
Wieser		Frau Pfr.	Herbergsgasse 1	Basel	4126	1908	152	telefonbuch_154	PTT-Archiv, P-260-1_Basel_1908	Basel
Wiesler	E.	Vater	Hammerstrasse 111	Basel	4666	1908	153	telefonbuch_155	PTT-Archiv, P-260-1_Basel_1908	Basel
Wiesler-Keller	J.	Marinieranstalt u. Ochsenmaulsalatfabr.	Drahtzugstrasse 28	Basel	1193	1908	153	telefonbuch_155	PTT-Archiv, P-260-1_Basel_1908	Basel
Wiessner	H.	Handschuhgeschäft	Freiestrasse 101	Basel	1864	1908	153	telefonbuch_155	PTT-Archiv, P-260-1_Basel_1908	Basel
Wild-Weber	Jak.	Dienstmänneranstalt	Webergasse 29	Basel	146	1908	153	telefonbuch_155	PTT-Archiv, P-260-1_Basel_1908	Basel
Wildberger & Co.		Weinhandlung, Bureau	Solothurnerstr. 22	Basel	1192	1908	153	telefonbuch_155	PTT-Archiv, P-260-1_Basel_1908	Basel
Wildberger-Georg	Jakob	Privat	Solothurnerstr. 22	Basel	1448	1908	153	telefonbuch_155	PTT-Archiv, P-260-1_Basel_1908	Basel
Wildprath	Th.	vorm Vereinigte Mineralwasserfabriken Schopfer, Winter & Wildprath	Müllheimerstr. 89	Basel	3476	1908	153	telefonbuch_155	PTT-Archiv, P-260-1_Basel_1908	Basel
Wilhelm		Frau, Coiffeuse	Eisengasse 13	Basel	1696	1908	153	telefonbuch_155	PTT-Archiv, P-260-1_Basel_1908	Basel
Willar	M.		Missionsstrasse 4	Basel	2610	1908	153	telefonbuch_155	PTT-Archiv, P-260-1_Basel_1908	Basel
Willareth-Meng	Ed.		Marktplatz 29	Basel	1595	1908	153	telefonbuch_155	PTT-Archiv, P-260-1_Basel_1908	Basel
Willareth-Meng	Ed.		Ob. Rheingasse 17	Basel	4271	1908	153	telefonbuch_155	PTT-Archiv, P-260-1_Basel_1908	Basel
Willen	L.	Adler-Apotheke	Gerbergasse 39	Basel	3137	1908	153	telefonbuch_155	PTT-Archiv, P-260-1_Basel_1908	Basel
Willfratt	Aug.		Kleinhüningerstr. 215	Basel	479	1908	153	telefonbuch_155	PTT-Archiv, P-260-1_Basel_1908	Basel
Willi	S.	Wirt, Restaurant Thiersteinerh f	Münchensteinerstr. 116	Basel	125	1908	153	telefonbuch_155	PTT-Archiv, P-260-1_Basel_1908	Basel
Willi-Huber	Chr.	Bäckermeister	Schweizergasse 42	Basel	936	1908	153	telefonbuch_155	PTT-Archiv, P-260-1_Basel_1908	Basel
Wilms	M.	Prof. Dr.	Hebelstrasse 21	Basel	160	1908	153	telefonbuch_155	PTT-Archiv, P-260-1_Basel_1908	Basel
Winter		Gebrüder, C. & J.	Steinenbachgässli 40	Basel	2514	1908	153	telefonbuch_155	PTT-Archiv, P-260-1_Basel_1908	Basel
Winter-Jaeggi	F.		Rennweg 84	Basel	246	1908	153	telefonbuch_155	PTT-Archiv, P-260-1_Basel_1908	Basel
Winter	G.	& Cie.	Steinenvorstadt 62	Basel	1871	1908	153	telefonbuch_155	PTT-Archiv, P-260-1_Basel_1908	Basel
Wirtebureau Basel		Gisel & Bächtold	Falknerstrasse 13	Basel	3113	1908	153	telefonbuch_155	PTT-Archiv, P-260-1_Basel_1908	Basel
Wirteverein Basel			Dornacherstr. 47	Basel	4625	1908	153	telefonbuch_155	PTT-Archiv, P-260-1_Basel_1908	Basel
Wirz	Adolf	Metzgermeister	Stadthausgasse 11	Basel	1443	1908	153	telefonbuch_155	PTT-Archiv, P-260-1_Basel_1908	Basel
Wirz	Anna	Cigarrenhandlung	Greifengasse 5	Basel	1280	1908	153	telefonbuch_155	PTT-Archiv, P-260-1_Basel_1908	Basel
Wirz, Baader & Cie.			Aeschenvorstadt 25	Basel	1050	1908	153	telefonbuch_155	PTT-Archiv, P-260-1_Basel_1908	Basel
Wirz-Jenny	Math.	Schlossermeister	Hochstrasse 50	Basel	3914	1908	153	telefonbuch_155	PTT-Archiv, P-260-1_Basel_1908	Basel
Wirz	L.		Gundoldingerstr. 99	Basel	2230	1908	153	telefonbuch_155	PTT-Archiv, P-260-1_Basel_1908	Basel
Wirz-Löw	M.		Gundoldingerstr. 97	Basel	4049	1908	153	telefonbuch_155	PTT-Archiv, P-260-1_Basel_1908	Basel
Wirz-Lüscher	T.	(Vertr. v. Vanderborght frères)	Holbeinstrasse 58	Basel	3062	1908	153	telefonbuch_155	PTT-Archiv, P-260-1_Basel_1908	Basel
Wirz-Troesch	Joh.	Weinhandlung	St. Albananlage 6	Basel	4185	1908	153	telefonbuch_155	PTT-Archiv, P-260-1_Basel_1908	Basel
Wirz-Wirz	W.	Tapetenhandlung	Freiestrasse 71	Basel	1852	1908	153	telefonbuch_155	PTT-Archiv, P-260-1_Basel_1908	Basel
Wittig	W.	Barfüsserapotheke	Steinenvorstadt 6	Basel	2265	1908	153	telefonbuch_155	PTT-Archiv, P-260-1_Basel_1908	Basel
Wittlin-Hänle	E.		Steinenvorstadt 59	Basel	4677	1908	153	telefonbuch_155	PTT-Archiv, P-260-1_Basel_1908	Basel
Wittmer	Franz	Buchdruckerei	Schlüsselberg 5	Basel	1126	1908	153	telefonbuch_155	PTT-Archiv, P-260-1_Basel_1908	Basel
Wittmer-Ruch	B. E.	Wwe.	Theodorsgraben 32	Basel	3552	1908	153	telefonbuch_155	PTT-Archiv, P-260-1_Basel_1908	Basel
Wittwer-Matthys	Peter		Austrasse 34	Basel	3494	1908	153	telefonbuch_155	PTT-Archiv, P-260-1_Basel_1908	Basel
Wittwer-Weber	Rob.		Colmarerstrasse 10	Basel	3396	1908	153	telefonbuch_155	PTT-Archiv, P-260-1_Basel_1908	Basel
Witzig	Ernst	Dr., Advokat	Weiherweg 52	Basel	2837	1908	153	telefonbuch_155	PTT-Archiv, P-260-1_Basel_1908	Basel
Witzig	Paul	Dr., Zahnarzt	Schlüsselberg 17	Basel	1087	1908	153	telefonbuch_155	PTT-Archiv, P-260-1_Basel_1908	Basel
Witzinger	M.	Dr.	Leimenstrasse 41	Basel	2943	1908	153	telefonbuch_155	PTT-Archiv, P-260-1_Basel_1908	Basel
Wixler		Gebrüder, Viehhändler	Leonhardstrasse 38	Basel	1803	1908	153	telefonbuch_155	PTT-Archiv, P-260-1_Basel_1908	Basel
Wixler	J.	Viehhandlung	Binningerstrasse 9	Basel	2687	1908	153	telefonbuch_155	PTT-Archiv, P-260-1_Basel_1908	Basel
Wixler	Lucien		Marschalkenstr. 15	Basel	438	1908	153	telefonbuch_155	PTT-Archiv, P-260-1_Basel_1908	Basel
Wixler & Cie.		vorm. H. F. Gernsheim	Güterstrasse 141	Basel	4090	1908	153	telefonbuch_155	PTT-Archiv, P-260-1_Basel_1908	Basel
Wohlgemuth	Aug.	Bäckerei	Allschwilerstrasse 6	Basel	2795	1908	153	telefonbuch_155	PTT-Archiv, P-260-1_Basel_1908	Basel
Wohlschlegel	Georg	Bau- u. Möbelschreinerei	Bartenheimerstr. 39	Basel	782	1908	153	telefonbuch_155	PTT-Archiv, P-260-1_Basel_1908	Basel
Wolf	B.	photogr. Bedarfsartikel	Hutgasse 8	Basel	1415	1908	153	telefonbuch_155	PTT-Archiv, P-260-1_Basel_1908	Basel
Wolf-Dietisheim	Ph.	Wwe.	Nonnenweg 7	Basel	2749	1908	153	telefonbuch_155	PTT-Archiv, P-260-1_Basel_1908	Basel
Wolf	Dr. P.	Advokat	Hirzbodenweg 77	Basel	3964	1908	154	telefonbuch_156	PTT-Archiv, P-260-1_Basel_1908	Basel
Wolf		Lithographie	Unt. Heuberg 2	Basel	2853	1908	154	telefonbuch_156	PTT-Archiv, P-260-1_Basel_1908	Basel
Wolf-Löhler	Frau L.	Blumenmagazin	Spalenberg 44	Basel	1651	1908	154	telefonbuch_156	PTT-Archiv, P-260-1_Basel_1908	Basel
Wolf-Nebel	Ernst	Wagenbauer	Spalenring 10	Basel	140	1908	154	telefonbuch_156	PTT-Archiv, P-260-1_Basel_1908	Basel
Wolf & Glatz		succ. de Louis Bürgi	Hebelstrasse 45	Basel	1463	1908	154	telefonbuch_156	PTT-Archiv, P-260-1_Basel_1908	Basel
Wolfensberger-Lutz	J. H.		St. Johannring 20	Basel	1655	1908	154	telefonbuch_156	PTT-Archiv, P-260-1_Basel_1908	Basel
Wolfensberger	J. H.	& Co.	Immengasse 9	Basel	4376	1908	154	telefonbuch_156	PTT-Archiv, P-260-1_Basel_1908	Basel
Wolff	Oscar	Söhne, Bureau	Oberwilerstrasse 28	Basel	3628	1908	154	telefonbuch_156	PTT-Archiv, P-260-1_Basel_1908	Basel
Wolff-Stöhr	Guido		Oberwilerstrasse 28	Basel	3628	1908	154	telefonbuch_156	PTT-Archiv, P-260-1_Basel_1908	Basel
Wolff-Troetschler			Sommergasse 7	Basel	1597	1908	154	telefonbuch_156	PTT-Archiv, P-260-1_Basel_1908	Basel
Wölfflin	Dr. Ernst	Augenarzt	Steinenring 48	Basel	903	1908	154	telefonbuch_156	PTT-Archiv, P-260-1_Basel_1908	Basel
Wölfflin	Elisabeth		Steinenring 50	Basel	4723	1908	154	telefonbuch_156	PTT-Archiv, P-260-1_Basel_1908	Basel
Woltersdorf-Kasper	Fr.	Schlossermeister	Gempenstrasse 16	Basel	2461	1908	154	telefonbuch_156	PTT-Archiv, P-260-1_Basel_1908	Basel
Woog-Bloch	Charles		Güterstrasse 217	Basel	3623	1908	154	telefonbuch_156	PTT-Archiv, P-260-1_Basel_1908	Basel
Wormann		Söhne	Eisengasse 17	Basel	1394	1908	154	telefonbuch_156	PTT-Archiv, P-260-1_Basel_1908	Basel
Wormser	Edm.	Dr. med.	Leonhardsgraben 10	Basel	1543	1908	154	telefonbuch_156	PTT-Archiv, P-260-1_Basel_1908	Basel
Wormser	Karl		Hebelstrasse 90	Basel	2195	1908	154	telefonbuch_156	PTT-Archiv, P-260-1_Basel_1908	Basel
Wormser	Léon	& Co.	Elisabethenstr. 44	Basel	2203	1908	154	telefonbuch_156	PTT-Archiv, P-260-1_Basel_1908	Basel
Wormser	Marcel		Leimenstrasse 55	Basel	967	1908	154	telefonbuch_156	PTT-Archiv, P-260-1_Basel_1908	Basel
Wortmann	Ferd.		Mittlerestrasse 143	Basel	4237	1908	154	telefonbuch_156	PTT-Archiv, P-260-1_Basel_1908	Basel
Wullhorst-Bauer	Fritz		Blauensteinerstr. 4	Basel	4655	1908	154	telefonbuch_156	PTT-Archiv, P-260-1_Basel_1908	Basel
Wunderle-Lauber	Friedr.	Mineralwasserfabrik	Haltingerstrasse 65	Basel	3468	1908	154	telefonbuch_156	PTT-Archiv, P-260-1_Basel_1908	Basel
Wunderle	S.	chem. Waschanstalt u. Färberei	Birmannsgasse 30	Basel	193	1908	154	telefonbuch_156	PTT-Archiv, P-260-1_Basel_1908	Basel
Würfel	Alois	Cycle Hall	Hammerstrasse 13	Basel	3437	1908	154	telefonbuch_156	PTT-Archiv, P-260-1_Basel_1908	Basel
Würgler	H.	Camionnage und Spedition	Feldbergstrasse 56	Basel	3890	1908	154	telefonbuch_156	PTT-Archiv, P-260-1_Basel_1908	Basel
Würgler-Wenger	Jak.	Landwirt	St. Jakobstrasse 157	Basel	3575	1908	154	telefonbuch_156	PTT-Archiv, P-260-1_Basel_1908	Basel
Wurster	Daniel	Bäckermeister	Hint. Spitalstrasse 4	Basel	3909	1908	154	telefonbuch_156	PTT-Archiv, P-260-1_Basel_1908	Basel
Wüst		Geschwister	Austrasse 32	Basel	3010	1908	154	telefonbuch_156	PTT-Archiv, P-260-1_Basel_1908	Basel
Wüthrich & Burkhart		Basler Buchdruckerei	Unt. Heuberg 19	Basel	2478	1908	154	telefonbuch_156	PTT-Archiv, P-260-1_Basel_1908	Basel
Wybert-Klein	F.		Grenzacherstr. 75	Basel	3732	1908	154	telefonbuch_156	PTT-Archiv, P-260-1_Basel_1908	Basel
Wydler	Gottl.		Rheinfelderstr. 34	Basel	3736	1908	154	telefonbuch_156	PTT-Archiv, P-260-1_Basel_1908	Basel
Wyler	Eman.	Metzgermeister	Spalenberg 39	Basel	2746	1908	154	telefonbuch_156	PTT-Archiv, P-260-1_Basel_1908	Basel
Wyler		Gebrüder	Johanniterstrasse 5	Basel	1701	1908	154	telefonbuch_156	PTT-Archiv, P-260-1_Basel_1908	Basel
Wyler-Guggenheim	S.		Gempenstrasse 69	Basel	4612	1908	154	telefonbuch_156	PTT-Archiv, P-260-1_Basel_1908	Basel
Wyler-Oppenheimer	Felix	Möbelhandlung	Rosshofgasse 8	Basel	3832	1908	154	telefonbuch_156	PTT-Archiv, P-260-1_Basel_1908	Basel
Wyler	Saly	Weine und Spirituosen	Birsigstrasse 10	Basel	80	1908	154	telefonbuch_156	PTT-Archiv, P-260-1_Basel_1908	Basel
Wysard	Emil	Comestibles	Spalenberg 13	Basel	298	1908	154	telefonbuch_156	PTT-Archiv, P-260-1_Basel_1908	Basel
Wyss	K. J.	Buchdruckerei	Freiestrasse 28	Basel	1863	1908	154	telefonbuch_156	PTT-Archiv, P-260-1_Basel_1908	Basel
Wyss	Ul.	vorm. Wyss & Senn	Gerbergasse 62	Basel	2183	1908	154	telefonbuch_156	PTT-Archiv, P-260-1_Basel_1908	Basel
Zacharias-Brückner	H.		Ramsteinerstrasse 20	Basel	993	1908	154	telefonbuch_156	PTT-Archiv, P-260-1_Basel_1908	Basel
Zahn-Burckhardt	C.		St. Albananlage 36	Basel	1908	1908	154	telefonbuch_156	PTT-Archiv, P-260-1_Basel_1908	Basel
Zahn-Geigy	F.		Bäumlihof	Basel	3834	1908	154	telefonbuch_156	PTT-Archiv, P-260-1_Basel_1908	Basel
Zahn-Geigy	F.	Derselbe	St. Albangraben 5	Basel	1870	1908	154	telefonbuch_156	PTT-Archiv, P-260-1_Basel_1908	Basel
Zahn-Rognon	Frau E.		Aeschengraben 15	Basel	2303	1908	154	telefonbuch_156	PTT-Archiv, P-260-1_Basel_1908	Basel
Zahn & Co.			St. Albangraben 5	Basel	1869	1908	154	telefonbuch_156	PTT-Archiv, P-260-1_Basel_1908	Basel
Zahn & Co.		Dieselben, Börse	Börse	Basel	113	1908	154	telefonbuch_156	PTT-Archiv, P-260-1_Basel_1908	Basel
Zaeslin	Carl		Feierabendstrasse 46	Basel	2872	1908	154	telefonbuch_156	PTT-Archiv, P-260-1_Basel_1908	Basel
Zaeslin-Fäsch	Dan.		Socinstrasse 14	Basel	2674	1908	154	telefonbuch_156	PTT-Archiv, P-260-1_Basel_1908	Basel
Zaeslin-Hartmann	Dl.		Missionsstrasse 40	Basel	2654	1908	155	telefonbuch_157	PTT-Archiv, P-260-1_Basel_1908	Basel
Zaeslin-Sulzer	Hans	(Bureau: No. 2664)	Missionsstrasse 38	Basel	2582	1908	155	telefonbuch_157	PTT-Archiv, P-260-1_Basel_1908	Basel
Zaeslin-Thurneysen	Frau S.		St. Johannvorst. 43	Basel	2664	1908	155	telefonbuch_157	PTT-Archiv, P-260-1_Basel_1908	Basel
Zaeslin		Sohn	Grellingerstrasse 9	Basel	1689	1908	155	telefonbuch_157	PTT-Archiv, P-260-1_Basel_1908	Basel
Zaeslin-Wacker	E.		Rütimeyerplatz 2	Basel	265	1908	155	telefonbuch_157	PTT-Archiv, P-260-1_Basel_1908	Basel
Zbinden	R. G.	Buchdruckerei	Rheinsprung 5	Basel	2494	1908	155	telefonbuch_157	PTT-Archiv, P-260-1_Basel_1908	Basel
Zehnder	Wwe. W.	Bäckerei	Sperrstrasse 5	Basel	3289	1908	155	telefonbuch_157	PTT-Archiv, P-260-1_Basel_1908	Basel
Zeiger	Emil	Kochherdfabrik	Clarastrasse 17	Basel	3411	1908	155	telefonbuch_157	PTT-Archiv, P-260-1_Basel_1908	Basel
Zeller	J.		Mostackerstrasse 15	Basel	1630	1908	155	telefonbuch_157	PTT-Archiv, P-260-1_Basel_1908	Basel
Zellweger-Preiswerk	Wwe. E.		Rittergasse 20	Basel	2314	1908	155	telefonbuch_157	PTT-Archiv, P-260-1_Basel_1908	Basel
Zellweger	E.	& Co., A.-G.	Rittergasse 29	Basel	1065	1908	155	telefonbuch_157	PTT-Archiv, P-260-1_Basel_1908	Basel
Zellweger	O.	Redaktor	Angensteinerstr. 16	Basel	3655	1908	155	telefonbuch_157	PTT-Archiv, P-260-1_Basel_1908	Basel
Zellweger	Ulrich		Wartenbergstr. 45	Basel	4303	1908	155	telefonbuch_157	PTT-Archiv, P-260-1_Basel_1908	Basel
Zender & Sohn		Cartonnage	Haltingerstrasse 32	Basel	4706	1908	155	telefonbuch_157	PTT-Archiv, P-260-1_Basel_1908	Basel
Zeughausverwaltung Basel-Stadt			Petersgraben 44	Basel	1781	1908	155	telefonbuch_157	PTT-Archiv, P-260-1_Basel_1908	Basel
Zeugin-Leuthardt	W.		St. Johannring 26	Basel	2842	1908	155	telefonbuch_157	PTT-Archiv, P-260-1_Basel_1908	Basel
Ziegler	A.	& Co.	Leonhardsgraben 8	Basel	3088	1908	155	telefonbuch_157	PTT-Archiv, P-260-1_Basel_1908	Basel
Dieselben	A. Ziegler-Schneider	Privat	Schützengraben 27	Basel	3088	1908	155	telefonbuch_157	PTT-Archiv, P-260-1_Basel_1908	Basel
Ziegler	Dr. Ed.		Maiengasse 59	Basel	872	1908	155	telefonbuch_157	PTT-Archiv, P-260-1_Basel_1908	Basel
Ziegler	Emil		Klingelbergstr. 15	Basel	1100	1908	155	telefonbuch_157	PTT-Archiv, P-260-1_Basel_1908	Basel
Ziegler	Jules	elektrotechn. Installationsgesch.	St. Albankirchrain 2	Basel	4299	1908	155	telefonbuch_157	PTT-Archiv, P-260-1_Basel_1908	Basel
Zillig	F.	Metzger	Austrasse 109	Basel	2825	1908	155	telefonbuch_157	PTT-Archiv, P-260-1_Basel_1908	Basel
Zimmerlin-Bölger	G.		Peter Merianstr. 50	Basel	3874	1908	155	telefonbuch_157	PTT-Archiv, P-260-1_Basel_1908	Basel
Zimmerlin, Forcart & Co.		(Nachf. v. Marcus Bölger), Schappespinnerei	Rittergasse 20	Basel	1773	1908	155	telefonbuch_157	PTT-Archiv, P-260-1_Basel_1908	Basel
Zimmermann	Aug.	Malermeister	Ryffstrasse 12	Basel	3844	1908	155	telefonbuch_157	PTT-Archiv, P-260-1_Basel_1908	Basel
Zimmermann-Benkler	L.	Schuhgeschäft	Güterstrasse 275	Basel		1908	155	telefonbuch_157	PTT-Archiv, P-260-1_Basel_1908	Basel
Zimmermann	Wwe. E.		Pfeffingerstrasse 64	Basel	3896	1908	155	telefonbuch_157	PTT-Archiv, P-260-1_Basel_1908	Basel
Zimmermann	Emma	robes	Leimenstrasse 41	Basel	4480	1908	155	telefonbuch_157	PTT-Archiv, P-260-1_Basel_1908	Basel
Zimmermann-Furrer	Alex.		Hochstrasse 70	Basel	424	1908	155	telefonbuch_157	PTT-Archiv, P-260-1_Basel_1908	Basel
Zimmermann-Grossenbacher	G.	Butterhandlg.	Feldbergstrasse 115	Basel	3644	1908	155	telefonbuch_157	PTT-Archiv, P-260-1_Basel_1908	Basel
Zimmermann	Hermann		Sonnenweg 25	Basel	353	1908	155	telefonbuch_157	PTT-Archiv, P-260-1_Basel_1908	Basel
Zimmermann	Jos.	Bäckermeister	Pfeffingerstrasse 38	Basel	3884	1908	155	telefonbuch_157	PTT-Archiv, P-260-1_Basel_1908	Basel
Zimmermann	Max	Pfarrer	Rebgasse 38	Basel	156	1908	155	telefonbuch_157	PTT-Archiv, P-260-1_Basel_1908	Basel
Zimmermann-Rebstock	N.	Maler	Davidsbodenstr. 19	Basel	1654	1908	155	telefonbuch_157	PTT-Archiv, P-260-1_Basel_1908	Basel
Zimmermann & Olloz			Reichensteinerstr. 16	Basel	3706	1908	155	telefonbuch_157	PTT-Archiv, P-260-1_Basel_1908	Basel
Zinsstag	A.	Zahnarzt, Dr. D. S.	St. Albananlage 8	Basel	2450	1908	155	telefonbuch_157	PTT-Archiv, P-260-1_Basel_1908	Basel
Zinsstag	Dr. Wilhelm		Totentanz 11	Basel	1380	1908	155	telefonbuch_157	PTT-Archiv, P-260-1_Basel_1908	Basel
Zinsstag-Preiswerk	A.	Juwelier	Gerbergasse 45	Basel	329	1908	155	telefonbuch_157	PTT-Archiv, P-260-1_Basel_1908	Basel
Zipf-Schelling	E.	Bäckermeister	Clarastrasse 53	Basel	3497	1908	155	telefonbuch_157	PTT-Archiv, P-260-1_Basel_1908	Basel
Zitt-Bressler	Wwe. M.		Riehenstrasse 18	Basel	2814	1908	155	telefonbuch_157	PTT-Archiv, P-260-1_Basel_1908	Basel
Zivy	H.	& Sohn	Schützengraben 36	Basel	4296	1908	155	telefonbuch_157	PTT-Archiv, P-260-1_Basel_1908	Basel
Zolldirektion			Elisabethenstr. 31	Basel	105	1908	155	telefonbuch_157	PTT-Archiv, P-260-1_Basel_1908	Basel
Zoller	Dr. Otto	Advokaturbureau	Stadthausgasse 24	Basel	4389	1908	155	telefonbuch_157	PTT-Archiv, P-260-1_Basel_1908	Basel
Derselbe		Wohnung	Güterstrasse 227	Basel	3720	1908	155	telefonbuch_157	PTT-Archiv, P-260-1_Basel_1908	Basel
Zoller-Kälin	Wwe.	Schieferdeckergeschäft	Steinenvorstadt 47	Basel	2262	1908	155	telefonbuch_157	PTT-Archiv, P-260-1_Basel_1908	Basel
Zoologischer Garten		Direktion		Basel	2531	1908	155	telefonbuch_157	PTT-Archiv, P-260-1_Basel_1908	Basel
Derselbe	R. Krebs	(Restauration)		Basel	3317	1908	155	telefonbuch_157	PTT-Archiv, P-260-1_Basel_1908	Basel
Zschokke-Dietschy	Prof. Dr. F.		Missionsstrasse 13	Basel	2726	1908	155	telefonbuch_157	PTT-Archiv, P-260-1_Basel_1908	Basel
Zschokke-Köllner	H.	Chemiker	Riehenteichweg 96	Basel	1109	1908	155	telefonbuch_157	PTT-Archiv, P-260-1_Basel_1908	Basel
Zübelen-Vogt	Dr. J.		Rötelerstrasse 4	Basel	3773	1908	156	telefonbuch_158	PTT-Archiv, P-260-1_Basel_1908	Basel
Zuberbühler & Cie.		Weisswaren u. Stickereien	Steinenberg 29	Basel	2102	1908	156	telefonbuch_158	PTT-Archiv, P-260-1_Basel_1908	Basel
Zuck	Josef	Zimmermeister	Dornacherstr. 249	Basel	3766	1908	156	telefonbuch_158	PTT-Archiv, P-260-1_Basel_1908	Basel
Zucker	Phil.	Velo-Geschäft	Steinenthorstr. 25	Basel	3307	1908	156	telefonbuch_158	PTT-Archiv, P-260-1_Basel_1908	Basel
Zufluchtshaus			Holeestrasse 119	Basel	1019	1908	156	telefonbuch_158	PTT-Archiv, P-260-1_Basel_1908	Basel
Zumbühl-Roth	C.		Blauenstrasse 40	Basel	773	1908	156	telefonbuch_158	PTT-Archiv, P-260-1_Basel_1908	Basel
Zumkehr	Joh.	Buchbinderei	Gerbergasse 60	Basel	4267	1908	156	telefonbuch_158	PTT-Archiv, P-260-1_Basel_1908	Basel
Zumkeller	Arnold		Unt. Rebgasse 15	Basel	215	1908	156	telefonbuch_158	PTT-Archiv, P-260-1_Basel_1908	Basel
Zundel-Girling	Wwe. F.	Hebamme	Bruderholzstrasse 18	Basel	3134	1908	156	telefonbuch_158	PTT-Archiv, P-260-1_Basel_1908	Basel
Zutt	Max		Eulerstrasse 25	Basel	1464	1908	156	telefonbuch_158	PTT-Archiv, P-260-1_Basel_1908	Basel
Zutt	Dr. Rich.	Reg.-Rat	Socinstrasse 24	Basel	3053	1908	156	telefonbuch_158	PTT-Archiv, P-260-1_Basel_1908	Basel
Zweifel-Bienz	Wwe. M. E.		St. Johannvorst. 74	Basel	1691	1908	156	telefonbuch_158	PTT-Archiv, P-260-1_Basel_1908	Basel
Zweifel-Hollenweger	Henry		Steinenthorberg 8	Basel	558	1908	156	telefonbuch_158	PTT-Archiv, P-260-1_Basel_1908	Basel
Zwicky-Abert	Jakob	Bierdepot	Margarethenstr. 14	Basel	926	1908	156	telefonbuch_158	PTT-Archiv, P-260-1_Basel_1908	Basel
Zwilchenbart			Küchegässlein 16	Basel	2252	1908	156	telefonbuch_158	PTT-Archiv, P-260-1_Basel_1908	Basel
Actienmühle Basel und Augst				Baselaugst	708	1908	156	telefonbuch_158	PTT-Archiv, P-260-1_Basel_1908	Basel
Bürgi-Haller	Adolf	Metzgermeister		Baselaugst	708	1908	156	telefonbuch_158	PTT-Archiv, P-260-1_Basel_1908	Basel
Kleiber	Anton	zum Ochsen		Benken	709	1908	156	telefonbuch_158	PTT-Archiv, P-260-1_Basel_1908	Basel
Kleiber-Rueger	A.			Benken	709	1908	156	telefonbuch_158	PTT-Archiv, P-260-1_Basel_1908	Basel
Gemeindestation		(s. Seite 52)		Bettingen	707	1908	156	telefonbuch_158	PTT-Archiv, P-260-1_Basel_1908	Basel
Heyer	Joh.	Wirt		Biel	709	1908	156	telefonbuch_158	PTT-Archiv, P-260-1_Basel_1908	Basel
Abt	Dr. Otto			Binningen	2742	1908	156	telefonbuch_158	PTT-Archiv, P-260-1_Basel_1908	Basel
Bäuerle-Thimig	Gustav	Maler	Unt. Hauptstrasse 16	Binningen	4570	1908	156	telefonbuch_158	PTT-Archiv, P-260-1_Basel_1908	Basel
Bezirksschreiberei Binningen			Postgebäude	Binningen	4084	1908	156	telefonbuch_158	PTT-Archiv, P-260-1_Basel_1908	Basel
Birmann	Rud.	Metzgermeister	Ob. Hauptstrasse 450	Binningen	339	1908	156	telefonbuch_158	PTT-Archiv, P-260-1_Basel_1908	Basel
Birseck'sche Produktions- und Consumgenossenschaft Oberwil			Schlosshof	Binningen	2521	1908	156	telefonbuch_158	PTT-Archiv, P-260-1_Basel_1908	Basel
Brändlin-Goetz	Wwe. R.		Unt. Hauptstrasse 28	Binningen	503	1908	156	telefonbuch_158	PTT-Archiv, P-260-1_Basel_1908	Basel
Dalcorso	Wwe. Math.	Geflügelhandlung	Schlossgasse 203	Binningen	4114	1908	156	telefonbuch_158	PTT-Archiv, P-260-1_Basel_1908	Basel
Denz	Wilh.	Pfarrer		Binningen	4051	1908	156	telefonbuch_158	PTT-Archiv, P-260-1_Basel_1908	Basel
Eglin	J. M.	Holzhandlung	Ob. Hauptstrasse 558	Binningen	3129	1908	156	telefonbuch_158	PTT-Archiv, P-260-1_Basel_1908	Basel
Enderlen	Hubert	Apotheker	Ob. Hauptstrasse 526	Binningen	2536	1908	156	telefonbuch_158	PTT-Archiv, P-260-1_Basel_1908	Basel
Fidel-Riggenbach	Ad.	Hôtel Hirschen		Binningen	4039	1908	156	telefonbuch_158	PTT-Archiv, P-260-1_Basel_1908	Basel
Fleury	J.	Basler Teppichreinigungsanstalt	Bottminger-Mühle	Binningen	370	1908	156	telefonbuch_158	PTT-Archiv, P-260-1_Basel_1908	Basel
Frenn-Tschopp	Wwe. S.		Kirchweg 39	Binningen	4020	1908	156	telefonbuch_158	PTT-Archiv, P-260-1_Basel_1908	Basel
Genossenschaftsgärtnerei Binningen			Ob. Hauptstrasse 247a	Binningen	943	1908	156	telefonbuch_158	PTT-Archiv, P-260-1_Basel_1908	Basel
Gerhart	G.	Wirt	Bottmingermühle	Binningen	4056	1908	156	telefonbuch_158	PTT-Archiv, P-260-1_Basel_1908	Basel
Glaser-Grieder	Heinr.	Baumeister	Ob. Hauptstrasse 446	Binningen	635	1908	156	telefonbuch_158	PTT-Archiv, P-260-1_Basel_1908	Basel
Göttig	Dr. Jos.		Bruderholzstrasse 92	Binningen	148	1908	156	telefonbuch_158	PTT-Archiv, P-260-1_Basel_1908	Basel
Graf-Eglin	Bernhard		Ob. Hauptstrasse 525	Binningen	3127	1908	156	telefonbuch_158	PTT-Archiv, P-260-1_Basel_1908	Basel
Gröninger & Cie.	Ch. & M.	Aluminiumwerk	Bottmingermühle	Binningen	4541	1908	156	telefonbuch_158	PTT-Archiv, P-260-1_Basel_1908	Basel
Grüter-Wissler	Alfr.		Kirchweg 37	Binningen	4529	1908	156	telefonbuch_158	PTT-Archiv, P-260-1_Basel_1908	Basel
Hartmann	A.	Häute-, Fell- und Lederhandlung	Ob. Hauptstr. 560	Binningen	3135	1908	156	telefonbuch_158	PTT-Archiv, P-260-1_Basel_1908	Basel
Hauser-Vogt	O.	beim Allschwilerweiher		Binningen	607	1908	157	telefonbuch_159	PTT-Archiv, P-260-1_Basel_1908	Basel
Hiller	J. J.	Handelsgärtner	Oberwilerstrasse 270	Binningen	4230	1908	157	telefonbuch_159	PTT-Archiv, P-260-1_Basel_1908	Basel
Joder	Jos.	Restaurant zum Schwyzerhüsli		Binningen	4543	1908	157	telefonbuch_159	PTT-Archiv, P-260-1_Basel_1908	Basel
Jundt-Higy	C.	mech. Ziegelei		Binningen	3139	1908	157	telefonbuch_159	PTT-Archiv, P-260-1_Basel_1908	Basel
Klumpp-Klein	Joh.	zum Wilden Mann		Binningen	3740	1908	157	telefonbuch_159	PTT-Archiv, P-260-1_Basel_1908	Basel
Knutty	D.	zur Binningermühle		Binningen	2938	1908	157	telefonbuch_159	PTT-Archiv, P-260-1_Basel_1908	Basel
Lüdin	J.	Buchdruckerei		Binningen	4047	1908	157	telefonbuch_159	PTT-Archiv, P-260-1_Basel_1908	Basel
Neubad		A. Perrottet, Besitzer		Binningen	3133	1908	157	telefonbuch_159	PTT-Archiv, P-260-1_Basel_1908	Basel
Perrottet	A.	zum Neubad		Binningen	3133	1908	157	telefonbuch_159	PTT-Archiv, P-260-1_Basel_1908	Basel
Polizeiposten			Ob. Hauptstrasse 412	Binningen	4021	1908	157	telefonbuch_159	PTT-Archiv, P-260-1_Basel_1908	Basel
Reichold & Cie.		chemische Fabrik		Binningen	1594	1908	157	telefonbuch_159	PTT-Archiv, P-260-1_Basel_1908	Basel
Rensch-Lang	A.	Wwe.	Ob. Hauptstrasse 563	Binningen	2526	1908	157	telefonbuch_159	PTT-Archiv, P-260-1_Basel_1908	Basel
Resch	Aug.	Zahnarzt	Ob. Hauptstrasse 535	Binningen	3367	1908	157	telefonbuch_159	PTT-Archiv, P-260-1_Basel_1908	Basel
Richter	Fritz	zum Schlüssel		Binningen	4041	1908	157	telefonbuch_159	PTT-Archiv, P-260-1_Basel_1908	Basel
Rost	W.	Bäckermeister	Ob. Hauptstrasse 579	Binningen	3126	1908	157	telefonbuch_159	PTT-Archiv, P-260-1_Basel_1908	Basel
Schär	W. Fr.	Dr. med.	Ob. Hauptstrasse 542	Binningen	3665	1908	157	telefonbuch_159	PTT-Archiv, P-260-1_Basel_1908	Basel
Scherer	Theodor	Wirtschaft zur Post		Binningen	187	1908	157	telefonbuch_159	PTT-Archiv, P-260-1_Basel_1908	Basel
Schwob	Emil	Metzger	Ob. Hauptstrasse 546	Binningen	3333	1908	157	telefonbuch_159	PTT-Archiv, P-260-1_Basel_1908	Basel
Seiler	Ernst	Spengler	Ob. Hauptstrasse 583	Binningen	2548	1908	157	telefonbuch_159	PTT-Archiv, P-260-1_Basel_1908	Basel
Siegrist	Th.	Baumaterialien	Ob. Hauptstrasse 555	Binningen	2513	1908	157	telefonbuch_159	PTT-Archiv, P-260-1_Basel_1908	Basel
Stöcklin	Louis	Holzwollfabrik	Bottmingerstrasse 172	Binningen	3585	1908	157	telefonbuch_159	PTT-Archiv, P-260-1_Basel_1908	Basel
Suter-Herzog	J. E.	zum Binninger Schlössli		Binningen	3846	1908	157	telefonbuch_159	PTT-Archiv, P-260-1_Basel_1908	Basel
Suter-Sutter	Rudolf	Camionneur		Binningen	3882	1908	157	telefonbuch_159	PTT-Archiv, P-260-1_Basel_1908	Basel
Trefzger-Dihlmann	Karl		Ob. Hauptstrasse 547	Binningen	382	1908	157	telefonbuch_159	PTT-Archiv, P-260-1_Basel_1908	Basel
Wenger-Grey	Ch.	zum Rössli		Binningen	3107	1908	157	telefonbuch_159	PTT-Archiv, P-260-1_Basel_1908	Basel
Wenzel	Heinrich	Bäcker	Ob. Hauptstrasse 458	Binningen	4149	1908	157	telefonbuch_159	PTT-Archiv, P-260-1_Basel_1908	Basel
Wernhard	Karl	Handelsgärtnerei, Bottmingermühle		Binningen	4683	1908	157	telefonbuch_159	PTT-Archiv, P-260-1_Basel_1908	Basel
Wiesendanger	R.	Zahnarzt		Binningen	4048	1908	157	telefonbuch_159	PTT-Archiv, P-260-1_Basel_1908	Basel
Wössner-Pfeiffer	G.	Holeeschlosswirtschaft		Binningen	3184	1908	157	telefonbuch_159	PTT-Archiv, P-260-1_Basel_1908	Basel
Wüest-Germann	M.	Frau		Binningen	1626	1908	157	telefonbuch_159	PTT-Archiv, P-260-1_Basel_1908	Basel
Ackermann	E.	Agentur	Hauptstrasse 269	Birsfelden	875	1908	157	telefonbuch_159	PTT-Archiv, P-260-1_Basel_1908	Basel
Apotheker	J.	zum Bären		Birsfelden	1099	1908	157	telefonbuch_159	PTT-Archiv, P-260-1_Basel_1908	Basel
Bauer	Conrad	Gasthof zum Ochsen		Birsfelden	766	1908	157	telefonbuch_159	PTT-Archiv, P-260-1_Basel_1908	Basel
Bauer-Meier	J.	Metzger		Birsfelden	1098	1908	157	telefonbuch_159	PTT-Archiv, P-260-1_Basel_1908	Basel
Bellevue		Restaurant, G. Sotzin-Gisin		Birsfelden	3937	1908	157	telefonbuch_159	PTT-Archiv, P-260-1_Basel_1908	Basel
Bratteler-Neukomm	E.	Waldhaus in der Hardt		Birsfelden	4517	1908	157	telefonbuch_159	PTT-Archiv, P-260-1_Basel_1908	Basel
Breil	Hans	Zahnarzt		Birsfelden	366	1908	157	telefonbuch_159	PTT-Archiv, P-260-1_Basel_1908	Basel
Consumverein Birsfelden			Hauptstrasse 54	Birsfelden	1076	1908	157	telefonbuch_159	PTT-Archiv, P-260-1_Basel_1908	Basel
Enocari	E.	Wwe., Cement- und Baugeschäft		Birsfelden	3105	1908	157	telefonbuch_159	PTT-Archiv, P-260-1_Basel_1908	Basel
Erzer, Marco Rosa, Monti & Cie.		Cementgeschäft		Birsfelden	932	1908	157	telefonbuch_159	PTT-Archiv, P-260-1_Basel_1908	Basel
Fröhlich	Fr.	Pferdemetzger	Hardstrasse 356	Birsfelden	4693	1908	157	telefonbuch_159	PTT-Archiv, P-260-1_Basel_1908	Basel
Gemeindesprechstation		Postbureau		Birsfelden	4131	1908	157	telefonbuch_159	PTT-Archiv, P-260-1_Basel_1908	Basel
Gesellschaft für Verwertung von Abfällen		vorm. T. Levy-Isliker		Birsfelden	887	1908	157	telefonbuch_159	PTT-Archiv, P-260-1_Basel_1908	Basel
Hipp-Jeck	J.	Schlosserei	Gartenstrasse 288	Birsfelden	1011	1908	157	telefonbuch_159	PTT-Archiv, P-260-1_Basel_1908	Basel
Kellerhals	Heinrich	Fuhrhalter		Birsfelden	1106	1908	157	telefonbuch_159	PTT-Archiv, P-260-1_Basel_1908	Basel
Kellerhals-Portmann	W.	Hagnau		Birsfelden	3413	1908	157	telefonbuch_159	PTT-Archiv, P-260-1_Basel_1908	Basel
König	J. G.	zur Brücke		Birsfelden	3295	1908	157	telefonbuch_159	PTT-Archiv, P-260-1_Basel_1908	Basel
Meier	Victor	Sandlieferant	Gartenstrasse 295	Birsfelden	196	1908	157	telefonbuch_159	PTT-Archiv, P-260-1_Basel_1908	Basel
Messner-Kramer	J.		Baslerstrasse 456	Birsfelden	4227	1908	158	telefonbuch_160	PTT-Archiv, P-260-1_Basel_1908	Basel
Meyer	Hanna	Wirtschaft zur Hardt		Birsfelden	1709	1908	158	telefonbuch_160	PTT-Archiv, P-260-1_Basel_1908	Basel
Polizeiposten			Hauptstrasse 254	Birsfelden	763	1908	158	telefonbuch_160	PTT-Archiv, P-260-1_Basel_1908	Basel
Schmid	J. F.	Bäckerei und Mineralwasserfabrik	Hauptstrasse 59	Birsfelden	798	1908	158	telefonbuch_160	PTT-Archiv, P-260-1_Basel_1908	Basel
Schöpflin-Belser	Aug.			Birsfelden	3038	1908	158	telefonbuch_160	PTT-Archiv, P-260-1_Basel_1908	Basel
Urech-Kaiser	J.	Postbureau		Birsfelden	4131	1908	158	telefonbuch_160	PTT-Archiv, P-260-1_Basel_1908	Basel
Urech-Marti	W.	gemischtes Warengeschäft	Hauptstrasse 53	Birsfelden	1097	1908	158	telefonbuch_160	PTT-Archiv, P-260-1_Basel_1908	Basel
Welter	Eug.	Eisenhandlung	Rheinstrasse 481	Birsfelden	983	1908	158	telefonbuch_160	PTT-Archiv, P-260-1_Basel_1908	Basel
Kellerhals-Schaub	J. J.			Bottmingen	4225	1908	158	telefonbuch_160	PTT-Archiv, P-260-1_Basel_1908	Basel
Ritter	W.	Schloss Bottmingen		Bottmingen	2528	1908	158	telefonbuch_160	PTT-Archiv, P-260-1_Basel_1908	Basel
Stöcklin	Hans	zur Sonne		Bottmingen	448	1908	158	telefonbuch_160	PTT-Archiv, P-260-1_Basel_1908	Basel
Weiss-Dunkel	J. A.			Bottmingen	447	1908	158	telefonbuch_160	PTT-Archiv, P-260-1_Basel_1908	Basel
Eicher	Joh.	Mühle		Brüglingen	3535	1908	158	telefonbuch_160	PTT-Archiv, P-260-1_Basel_1908	Basel
Reconvalescentenstation des Bürgerspitals				Brüglingen	3554	1908	158	telefonbuch_160	PTT-Archiv, P-260-1_Basel_1908	Basel
Mersing	Jos.	Kunstgewerbliche Anstalt		Dornach	705	1908	158	telefonbuch_160	PTT-Archiv, P-260-1_Basel_1908	Basel
Muttenzer	Joseph	Gemeindeammann		Dornach	705	1908	158	telefonbuch_160	PTT-Archiv, P-260-1_Basel_1908	Basel
Rumpel	J.	Kantonsrat, zum Engel		Dornach	705	1908	158	telefonbuch_160	PTT-Archiv, P-260-1_Basel_1908	Basel
Schneider	Erhard	Spediteur		Dornach	705	1908	158	telefonbuch_160	PTT-Archiv, P-260-1_Basel_1908	Basel
Schneider-Preiswerk	J.	Frau Dr.		Dornach	705	1908	158	telefonbuch_160	PTT-Archiv, P-260-1_Basel_1908	Basel
Schweizerische Metallwerke Dornach				Dornach	705	1908	158	telefonbuch_160	PTT-Archiv, P-260-1_Basel_1908	Basel
Zeltner	Ferd.	Wirt zum Metallwerk		Dornach	705	1908	158	telefonbuch_160	PTT-Archiv, P-260-1_Basel_1908	Basel
Amthaus				Dornachbrugg	705	1908	158	telefonbuch_160	PTT-Archiv, P-260-1_Basel_1908	Basel
Boder	C.	Soloth. Kantonalbank-Agentur		Dornachbrugg	705	1908	158	telefonbuch_160	PTT-Archiv, P-260-1_Basel_1908	Basel
Eckinger	Friedr.	Ingenieur		Dornachbrugg	705	1908	158	telefonbuch_160	PTT-Archiv, P-260-1_Basel_1908	Basel
Erzer	Arthur	Cementwarenfabrikation		Dornachbrugg	705	1908	158	telefonbuch_160	PTT-Archiv, P-260-1_Basel_1908	Basel
Gasser-Ramstein	L.	Metzger und Wirt		Dornachbrugg	705	1908	158	telefonbuch_160	PTT-Archiv, P-260-1_Basel_1908	Basel
Henzi	Louis			Dornachbrugg	705	1908	158	telefonbuch_160	PTT-Archiv, P-260-1_Basel_1908	Basel
Hotel Bahnhof		Ferd. Meister-Dietler		Dornachbrugg	705	1908	158	telefonbuch_160	PTT-Archiv, P-260-1_Basel_1908	Basel
La Salle	Edouard			Dornachbrugg	705	1908	158	telefonbuch_160	PTT-Archiv, P-260-1_Basel_1908	Basel
Matter-Saager	D.	Gasthof zum Ochsen		Dornachbrugg	705	1908	158	telefonbuch_160	PTT-Archiv, P-260-1_Basel_1908	Basel
Schedler		Dr. med.		Dornachbrugg	705	1908	158	telefonbuch_160	PTT-Archiv, P-260-1_Basel_1908	Basel
Stationsvorstand				Dornachbrugg	705	1908	158	telefonbuch_160	PTT-Archiv, P-260-1_Basel_1908	Basel
Von Arx	Otto	Rechtsanwalt		Dornachbrugg	705	1908	158	telefonbuch_160	PTT-Archiv, P-260-1_Basel_1908	Basel
VonderMühll	Marguerite			Dornachbrugg	705	1908	158	telefonbuch_160	PTT-Archiv, P-260-1_Basel_1908	Basel
Wiesendanger-Brücker	Alb.			Dornachbrugg	705	1908	158	telefonbuch_160	PTT-Archiv, P-260-1_Basel_1908	Basel
Gemeindestation		(s. Seite 52)		Duggingen	705	1908	158	telefonbuch_160	PTT-Archiv, P-260-1_Basel_1908	Basel
Bad Ettingen		L. Spitz, Propr.		Ettingen	709	1908	158	telefonbuch_160	PTT-Archiv, P-260-1_Basel_1908	Basel
Brodmann	Richard	Bürstenfabrik		Ettingen	709	1908	158	telefonbuch_160	PTT-Archiv, P-260-1_Basel_1908	Basel
Gemeindestation		(s. Seite 52)		Ettingen	709	1908	158	telefonbuch_160	PTT-Archiv, P-260-1_Basel_1908	Basel
Moeschlin	Emil	Wirt		Ettingen	709	1908	158	telefonbuch_160	PTT-Archiv, P-260-1_Basel_1908	Basel
Schaub	Emil	Gemeindepräsident		Ettingen	709	1908	158	telefonbuch_160	PTT-Archiv, P-260-1_Basel_1908	Basel
Thüring	Ed.	Baumaterialien		Ettingen	709	1908	158	telefonbuch_160	PTT-Archiv, P-260-1_Basel_1908	Basel
Thüring	Emil	Bäcker		Ettingen	709	1908	158	telefonbuch_160	PTT-Archiv, P-260-1_Basel_1908	Basel
Gemeindestation		(s. Seite 52)		Gempen	705	1908	159	telefonbuch_161	PTT-Archiv, P-260-1_Basel_1908	Basel
Burgunder	Emil	zum Storchen		Grellingen	705	1908	159	telefonbuch_161	PTT-Archiv, P-260-1_Basel_1908	Basel
Frepp	Geschwister	Hôtel Bären		Grellingen	705	1908	159	telefonbuch_161	PTT-Archiv, P-260-1_Basel_1908	Basel
Gas-, Wasser- und Elektrizitätswerk Basel		Wohnung v. Brunnenmstr. Vögtlin		Grellingen	705	1908	159	telefonbuch_161	PTT-Archiv, P-260-1_Basel_1908	Basel
Industriegesellschaft für Schappe		Bureau und Direktorwohnung		Grellingen	705	1908	159	telefonbuch_161	PTT-Archiv, P-260-1_Basel_1908	Basel
Richterich	Eugen	Restaurant Bahnhof		Grellingen	705	1908	159	telefonbuch_161	PTT-Archiv, P-260-1_Basel_1908	Basel
Ziegler & Co.	Alb.	Papierfabrik		Grellingen	705	1908	159	telefonbuch_161	PTT-Archiv, P-260-1_Basel_1908	Basel
Gemeindestation		(s. Seite 52)		Himmelried	705	1908	159	telefonbuch_161	PTT-Archiv, P-260-1_Basel_1908	Basel
Gemeindestation		(s. Seite 52)		Hochwald	705	1908	159	telefonbuch_161	PTT-Archiv, P-260-1_Basel_1908	Basel
Bausteinfabrik Kaiseraugst				Kaiseraugst	708	1908	159	telefonbuch_161	PTT-Archiv, P-260-1_Basel_1908	Basel
Frey	F.	Salinenverwalter		Kaiseraugst	708	1908	159	telefonbuch_161	PTT-Archiv, P-260-1_Basel_1908	Basel
Kunz	Alph.	Bahnhofrestauration		Kaiseraugst	708	1908	159	telefonbuch_161	PTT-Archiv, P-260-1_Basel_1908	Basel
Saline Kaiseraugst				Kaiseraugst	708	1908	159	telefonbuch_161	PTT-Archiv, P-260-1_Basel_1908	Basel
Schonlau	Gebrüder	Cellulosefabrik		Kaiseraugst	708	1908	159	telefonbuch_161	PTT-Archiv, P-260-1_Basel_1908	Basel
Basler chemische Fabrik				Kleinhüningen	3332	1908	159	telefonbuch_161	PTT-Archiv, P-260-1_Basel_1908	Basel
Bertolf	Julie	Spezereihandlung		Kleinhüningen	3331	1908	159	telefonbuch_161	PTT-Archiv, P-260-1_Basel_1908	Basel
Clavel-Merian	A.	Landgut		Kleinhüningen	299	1908	159	telefonbuch_161	PTT-Archiv, P-260-1_Basel_1908	Basel
Dettwyler	Theodor	Metzger	Dorfstrasse 44	Kleinhüningen	263	1908	159	telefonbuch_161	PTT-Archiv, P-260-1_Basel_1908	Basel
Frey-Lapp	Seb.	zur Krone		Kleinhüningen	2129	1908	159	telefonbuch_161	PTT-Archiv, P-260-1_Basel_1908	Basel
Gemeindestation		(s. Seite 52)		Kleinhüningen	3328	1908	159	telefonbuch_161	PTT-Archiv, P-260-1_Basel_1908	Basel
Güdemann	Friedrich		Neuhausstrasse 145	Kleinhüningen	349	1908	159	telefonbuch_161	PTT-Archiv, P-260-1_Basel_1908	Basel
Heitz	Louis	Handelsgärtner		Kleinhüningen	3334	1908	159	telefonbuch_161	PTT-Archiv, P-260-1_Basel_1908	Basel
Höfflin	Fritz	Metzger		Kleinhüningen	3326	1908	159	telefonbuch_161	PTT-Archiv, P-260-1_Basel_1908	Basel
Lipps-Portmann	Wilh.	Fuhrhalter		Kleinhüningen	363	1908	159	telefonbuch_161	PTT-Archiv, P-260-1_Basel_1908	Basel
Moebius	H.	& fils, Knochenöle und Buchdruck-Walzenmasse		Kleinhüningen	3327	1908	159	telefonbuch_161	PTT-Archiv, P-260-1_Basel_1908	Basel
Polizeiposten				Kleinhüningen	66	1908	159	telefonbuch_161	PTT-Archiv, P-260-1_Basel_1908	Basel
Schulhaus				Kleinhüningen	362	1908	159	telefonbuch_161	PTT-Archiv, P-260-1_Basel_1908	Basel
Basler Baugesellschaft		Steinbruchbetrieb und Kalkbrennerei		Münchenstein	705	1908	159	telefonbuch_161	PTT-Archiv, P-260-1_Basel_1908	Basel
Brunner-Salathé	Wilh.	Handlung		Münchenstein	705	1908	159	telefonbuch_161	PTT-Archiv, P-260-1_Basel_1908	Basel
Burckhardt	W.	Pfarrer		Münchenstein	705	1908	159	telefonbuch_161	PTT-Archiv, P-260-1_Basel_1908	Basel
Elektrizitätsgesellschaft Alioth				Münchenstein	1670	1908	159	telefonbuch_161	PTT-Archiv, P-260-1_Basel_1908	Basel
Erholungsstation Hofmatt				Münchenstein	705	1908	159	telefonbuch_161	PTT-Archiv, P-260-1_Basel_1908	Basel
Geigy-Burckhardt	Frau M. E.	Bruckgut		Münchenstein	3911	1908	159	telefonbuch_161	PTT-Archiv, P-260-1_Basel_1908	Basel
Hotel zum Reichensteinerschloss				Münchenstein	705	1908	159	telefonbuch_161	PTT-Archiv, P-260-1_Basel_1908	Basel
„Jura“		Restauration (Basler Löwenbräu)		Münchenstein	705	1908	159	telefonbuch_161	PTT-Archiv, P-260-1_Basel_1908	Basel
Müry-Flück	E.	Asphof		Münchenstein	705	1908	159	telefonbuch_161	PTT-Archiv, P-260-1_Basel_1908	Basel
Portland-Cementfabrik Laufen		Fabrik		Münchenstein	705	1908	159	telefonbuch_161	PTT-Archiv, P-260-1_Basel_1908	Basel
Ruch-Keller				Münchenstein	705	1908	159	telefonbuch_161	PTT-Archiv, P-260-1_Basel_1908	Basel
Sulger	Dr. August	Oberes Gruth		Münchenstein	705	1908	159	telefonbuch_161	PTT-Archiv, P-260-1_Basel_1908	Basel
Thürkauf	Emil	zum Birseckbahnhof		Münchenstein	705	1908	159	telefonbuch_161	PTT-Archiv, P-260-1_Basel_1908	Basel
Van Baerle	Gebrüder			Münchenstein	705	1908	159	telefonbuch_161	PTT-Archiv, P-260-1_Basel_1908	Basel
Vogel	Xaver	Restaurant beim Bahnhof		Münchenstein	705	1908	159	telefonbuch_161	PTT-Archiv, P-260-1_Basel_1908	Basel
Wagner-Bay	Ernst			Münchenstein	705	1908	159	telefonbuch_161	PTT-Archiv, P-260-1_Basel_1908	Basel
Wagner	Louis	zum Rössli		Münchenstein	705	1908	159	telefonbuch_161	PTT-Archiv, P-260-1_Basel_1908	Basel
Ammann	Henri	Handelsgärtnerei		Muttenz	678	1908	160	telefonbuch_162	PTT-Archiv, P-260-1_Basel_1908	Basel
Basler & Cie.		Fabrik		Muttenz	678	1908	160	telefonbuch_162	PTT-Archiv, P-260-1_Basel_1908	Basel
Brüderlin-Bornhauser	A.			Muttenz	678	1908	160	telefonbuch_162	PTT-Archiv, P-260-1_Basel_1908	Basel
Buser	Joh.	Metzger und Wirt		Muttenz	678	1908	160	telefonbuch_162	PTT-Archiv, P-260-1_Basel_1908	Basel
Bundesbahnen		Schweizer., Station		Muttenz	678	1908	160	telefonbuch_162	PTT-Archiv, P-260-1_Basel_1908	Basel
Eglin-Kübler	J.	Baumeister		Muttenz	678	1908	160	telefonbuch_162	PTT-Archiv, P-260-1_Basel_1908	Basel
Gradt-Dossmann	Jak.	Bahnhofrestaurant		Muttenz	678	1908	160	telefonbuch_162	PTT-Archiv, P-260-1_Basel_1908	Basel
Haass	Th.	& Co., mech. Holzwarenfabrik		Muttenz	678	1908	160	telefonbuch_162	PTT-Archiv, P-260-1_Basel_1908	Basel
Helfesrieder	Bernh.	zum Bären		Muttenz	678	1908	160	telefonbuch_162	PTT-Archiv, P-260-1_Basel_1908	Basel
Hübscher	E.	Arzt		Muttenz	678	1908	160	telefonbuch_162	PTT-Archiv, P-260-1_Basel_1908	Basel
Jourdan	Sam.	Maurermeister		Muttenz	678	1908	160	telefonbuch_162	PTT-Archiv, P-260-1_Basel_1908	Basel
Lange	F.	& Co.		Muttenz	678	1908	160	telefonbuch_162	PTT-Archiv, P-260-1_Basel_1908	Basel
Meyer	Gottlieb	Schlosser		Muttenz	678	1908	160	telefonbuch_162	PTT-Archiv, P-260-1_Basel_1908	Basel
Pfirter	G.			Muttenz	678	1908	160	telefonbuch_162	PTT-Archiv, P-260-1_Basel_1908	Basel
Ramstein		zum Rebstock		Muttenz	678	1908	160	telefonbuch_162	PTT-Archiv, P-260-1_Basel_1908	Basel
Schaub-Suter	Alb.			Muttenz	678	1908	160	telefonbuch_162	PTT-Archiv, P-260-1_Basel_1908	Basel
Schorr	Fritz	zum Rössli		Muttenz	678	1908	160	telefonbuch_162	PTT-Archiv, P-260-1_Basel_1908	Basel
Senglet	F. & A.	& Co.		Muttenz	678	1908	160	telefonbuch_162	PTT-Archiv, P-260-1_Basel_1908	Basel
Strub	H.	Tierarzt		Muttenz	678	1908	160	telefonbuch_162	PTT-Archiv, P-260-1_Basel_1908	Basel
Strübin-Spiess	H.	Hof Wartenberg		Muttenz	678	1908	160	telefonbuch_162	PTT-Archiv, P-260-1_Basel_1908	Basel
Weber	C. F.	A.-G., Dachpappenfabrik		Muttenz	678	1908	160	telefonbuch_162	PTT-Archiv, P-260-1_Basel_1908	Basel
Weber	C. F.	A.-G., Wohnung des Betriebsleiters		Muttenz	678	1908	160	telefonbuch_162	PTT-Archiv, P-260-1_Basel_1908	Basel
Weiller	Simon	Viehhändler		Muttenz	678	1908	160	telefonbuch_162	PTT-Archiv, P-260-1_Basel_1908	Basel
Degen	F.	Kleiderfärberei und Chem. Wäscherei		Neu-Allschwil	231	1908	160	telefonbuch_162	PTT-Archiv, P-260-1_Basel_1908	Basel
Dörflinger-Trefzger	Alfred			Neu-Allschwil	4451	1908	160	telefonbuch_162	PTT-Archiv, P-260-1_Basel_1908	Basel
Goetschy-Ketterer	Jos.	zum Stab		Neu-Allschwil	257	1908	160	telefonbuch_162	PTT-Archiv, P-260-1_Basel_1908	Basel
Hess	Ludwig	Gärtnermeister		Neu-Allschwil	1246	1908	160	telefonbuch_162	PTT-Archiv, P-260-1_Basel_1908	Basel
Kamber	Fritz	Fuhrhalter		Neu-Allschwil	2784	1908	160	telefonbuch_162	PTT-Archiv, P-260-1_Basel_1908	Basel
Polizeiposten Neu-Allschwil				Neu-Allschwil	400	1908	160	telefonbuch_162	PTT-Archiv, P-260-1_Basel_1908	Basel
Ranft	St.	& Söhne, Baumschule		Neu-Allschwil	453	1908	160	telefonbuch_162	PTT-Archiv, P-260-1_Basel_1908	Basel
Reiniger	Niklaus	Thierarzt		Neu-Allschwil	1034	1908	160	telefonbuch_162	PTT-Archiv, P-260-1_Basel_1908	Basel
Rietmann	Alfred	Wirt		Neu-Allschwil	401	1908	160	telefonbuch_162	PTT-Archiv, P-260-1_Basel_1908	Basel
Schmoll fils & Cie.		Magazin		Neu-Allschwil	901	1908	160	telefonbuch_162	PTT-Archiv, P-260-1_Basel_1908	Basel
Sieglin	Wilhelm	Fuhrhalter		Neu-Allschwil	402	1908	160	telefonbuch_162	PTT-Archiv, P-260-1_Basel_1908	Basel
Widmer	Arnold	Zahnarzt		Neu-Allschwil	1207	1908	160	telefonbuch_162	PTT-Archiv, P-260-1_Basel_1908	Basel
Ehinger-Heusler	Alph. M.	Landgut		Neuewelt	3910	1908	160	telefonbuch_162	PTT-Archiv, P-260-1_Basel_1908	Basel
Electra Birseck				Neuewelt	3903	1908	160	telefonbuch_162	PTT-Archiv, P-260-1_Basel_1908	Basel
Fiechter	Louis B.	Fabrik		Neuewelt	969	1908	160	telefonbuch_162	PTT-Archiv, P-260-1_Basel_1908	Basel
Gisiger	Otto	zum Schwert, Ruchfeld		Neuewelt	3915	1908	160	telefonbuch_162	PTT-Archiv, P-260-1_Basel_1908	Basel
Kapp	Friedr.	Wirt		Neuewelt	4265	1908	160	telefonbuch_162	PTT-Archiv, P-260-1_Basel_1908	Basel
Korporation der Lehen- und Gewerbe-Interessenten am St. Albanteich				Neuewelt	4736	1908	160	telefonbuch_162	PTT-Archiv, P-260-1_Basel_1908	Basel
Peter & Cie.		Spiegelfabrik		Neuewelt	3850	1908	160	telefonbuch_162	PTT-Archiv, P-260-1_Basel_1908	Basel
Birseck'sche Produkt.- u. Consumgenoss. Oberwil		Verwaltungsgeb		Oberwil	709	1908	160	telefonbuch_162	PTT-Archiv, P-260-1_Basel_1908	Basel
Birseck'sche Produkt.- u. Consumgenoss. Oberwil		Gasthof zur Krone		Oberwil	709	1908	160	telefonbuch_162	PTT-Archiv, P-260-1_Basel_1908	Basel
Birsigthalbahn		Kraftstation		Oberwil	3566	1908	160	telefonbuch_162	PTT-Archiv, P-260-1_Basel_1908	Basel
Brauerei Waldschlössli Oberwil		F. Schleeh & Cie.		Oberwil	4042	1908	160	telefonbuch_162	PTT-Archiv, P-260-1_Basel_1908	Basel
Chavoen	Wilh.	Bäckerei und Wirtschaft Schlüssel		Oberwil	709	1908	160	telefonbuch_162	PTT-Archiv, P-260-1_Basel_1908	Basel
Graeter	Karl	prakt. Arzt		Oberwil	709	1908	161	telefonbuch_163	PTT-Archiv, P-260-1_Basel_1908	Basel
Gschwind, Dettwiler & Co.				Oberwil	4043	1908	161	telefonbuch_163	PTT-Archiv, P-260-1_Basel_1908	Basel
Dieselben				Oberwil	709	1908	161	telefonbuch_163	PTT-Archiv, P-260-1_Basel_1908	Basel
Koch-Kröner	H.	Station		Oberwil	709	1908	161	telefonbuch_163	PTT-Archiv, P-260-1_Basel_1908	Basel
Laub-Düblin	Paul	Schmiedmeister		Oberwil	709	1908	161	telefonbuch_163	PTT-Archiv, P-260-1_Basel_1908	Basel
Mechanische Ziegelei Oberwil	J.	Fleury		Oberwil	709	1908	161	telefonbuch_163	PTT-Archiv, P-260-1_Basel_1908	Basel
Möschli-Altenbach	A.	zum Waldheim		Oberwil	709	1908	161	telefonbuch_163	PTT-Archiv, P-260-1_Basel_1908	Basel
Nyfeler	Jakob			Oberwil	709	1908	161	telefonbuch_163	PTT-Archiv, P-260-1_Basel_1908	Basel
Polizeiposten				Oberwil	709	1908	161	telefonbuch_163	PTT-Archiv, P-260-1_Basel_1908	Basel
Springmann-Bürgin	Chr.	zum Schwanen		Oberwil	709	1908	161	telefonbuch_163	PTT-Archiv, P-260-1_Basel_1908	Basel
Gemeindestation		(s. Seite 52)		Pfeffingen	705	1908	161	telefonbuch_163	PTT-Archiv, P-260-1_Basel_1908	Basel
Nabholz	Hans	Schloss Pfeffingen		Pfeffingen	705	1908	161	telefonbuch_163	PTT-Archiv, P-260-1_Basel_1908	Basel
Aktiengesellschaft Alb. Buss & Co.				Pratteln	708	1908	161	telefonbuch_163	PTT-Archiv, P-260-1_Basel_1908	Basel
Bärtschi	Adolf	Restauration zum Bahnhof		Pratteln	708	1908	161	telefonbuch_163	PTT-Archiv, P-260-1_Basel_1908	Basel
Basler Sandstein-Fabrik Pratteln	Wilh.	Brodbeck & Co.		Pratteln	708	1908	161	telefonbuch_163	PTT-Archiv, P-260-1_Basel_1908	Basel
Bundesbahnen	Schweizer.	Station		Pratteln	708	1908	161	telefonbuch_163	PTT-Archiv, P-260-1_Basel_1908	Basel
Chemische Fabrik Pratteln	J.	Rohner		Pratteln	708	1908	161	telefonbuch_163	PTT-Archiv, P-260-1_Basel_1908	Basel
Dalcher	Traugott			Pratteln	708	1908	161	telefonbuch_163	PTT-Archiv, P-260-1_Basel_1908	Basel
Faes & Cie.		Chemische Produkte		Pratteln	708	1908	161	telefonbuch_163	PTT-Archiv, P-260-1_Basel_1908	Basel
Haegler-Straumann	Ernst			Pratteln	708	1908	161	telefonbuch_163	PTT-Archiv, P-260-1_Basel_1908	Basel
Helvetia		schweiz. Kaffee-Surrogat-Fabriken		Pratteln	708	1908	161	telefonbuch_163	PTT-Archiv, P-260-1_Basel_1908	Basel
Hertner	W.	Sägerei und Baugeschäft		Pratteln	708	1908	161	telefonbuch_163	PTT-Archiv, P-260-1_Basel_1908	Basel
Hüglin	Gustav	Gut Hohenrain		Pratteln	708	1908	161	telefonbuch_163	PTT-Archiv, P-260-1_Basel_1908	Basel
Keller, H., & Cie.		Galvanisationsanstalt		Pratteln	708	1908	161	telefonbuch_163	PTT-Archiv, P-260-1_Basel_1908	Basel
Martin		Dr.		Pratteln	708	1908	161	telefonbuch_163	PTT-Archiv, P-260-1_Basel_1908	Basel
Martin	V.	Dr., Sohn		Pratteln	708	1908	161	telefonbuch_163	PTT-Archiv, P-260-1_Basel_1908	Basel
Messerschmidt	Ad.	Holzgrosshandlung		Pratteln	708	1908	161	telefonbuch_163	PTT-Archiv, P-260-1_Basel_1908	Basel
Meyer's	J. C.	Wwe. & Co.		Pratteln	708	1908	161	telefonbuch_163	PTT-Archiv, P-260-1_Basel_1908	Basel
Sartorius	Karl	Pfarrer		Pratteln	708	1908	161	telefonbuch_163	PTT-Archiv, P-260-1_Basel_1908	Basel
Schwob	E.	Metzger		Pratteln	708	1908	161	telefonbuch_163	PTT-Archiv, P-260-1_Basel_1908	Basel
Stohler-Löliger	Jakob			Pratteln	708	1908	161	telefonbuch_163	PTT-Archiv, P-260-1_Basel_1908	Basel
Tschudin	E.	zum Ochsen		Pratteln	708	1908	161	telefonbuch_163	PTT-Archiv, P-260-1_Basel_1908	Basel
Verband Schweiz. Konsumvereine		b. Bahnhof		Pratteln	708	1908	161	telefonbuch_163	PTT-Archiv, P-260-1_Basel_1908	Basel
Wagner-Schwob	Ad.	zur Krummen Eich		Pratteln	708	1908	161	telefonbuch_163	PTT-Archiv, P-260-1_Basel_1908	Basel
Zeugin	Jakob	Ofenbauer		Pratteln	708	1908	161	telefonbuch_163	PTT-Archiv, P-260-1_Basel_1908	Basel
Bärenbräu Reinach	J.	Probst		Reinach (Baselland)	705	1908	161	telefonbuch_163	PTT-Archiv, P-260-1_Basel_1908	Basel
Geismar	S.	Neuhof-Schönberg		Reinach (Baselland)	705	1908	161	telefonbuch_163	PTT-Archiv, P-260-1_Basel_1908	Basel
Gemeindestation		(s. Seite 52)		Reinach (Baselland)	705	1908	161	telefonbuch_163	PTT-Archiv, P-260-1_Basel_1908	Basel
Kräuliger & Meyer		Ziegelei		Reinach (Baselland)	705	1908	161	telefonbuch_163	PTT-Archiv, P-260-1_Basel_1908	Basel
Meier-Glaser	Alb.	zum Ochsen		Reinach (Baselland)	705	1908	161	telefonbuch_163	PTT-Archiv, P-260-1_Basel_1908	Basel
Meyer-Kunz	Arthur	Metzger		Reinach (Baselland)	705	1908	161	telefonbuch_163	PTT-Archiv, P-260-1_Basel_1908	Basel
Portmann-Disch	Jakob	Reinacherhof		Reinach (Baselland)	705	1908	161	telefonbuch_163	PTT-Archiv, P-260-1_Basel_1908	Basel
Anstalt zur guten Herberge				Riehen	707	1908	161	telefonbuch_163	PTT-Archiv, P-260-1_Basel_1908	Basel
Baumann	Ernst	Dr., prakt. Arzt		Riehen	707	1908	161	telefonbuch_163	PTT-Archiv, P-260-1_Basel_1908	Basel
Bischoff-Wunderli	Ed.	Wenkenhof		Riehen	707	1908	161	telefonbuch_163	PTT-Archiv, P-260-1_Basel_1908	Basel
Burckhardt-Burckhardt	E.	Wwe., Wenkenhof		Riehen	707	1908	162	telefonbuch_164	PTT-Archiv, P-260-1_Basel_1908	Basel
Burckhardt-VonderMühll	A. C.	Frau Wwe.		Riehen	707	1908	162	telefonbuch_164	PTT-Archiv, P-260-1_Basel_1908	Basel
Bürgin-Willi	K.			Riehen	707	1908	162	telefonbuch_164	PTT-Archiv, P-260-1_Basel_1908	Basel
Christ-Socin	H.	Dr. med.		Riehen	707	1908	162	telefonbuch_164	PTT-Archiv, P-260-1_Basel_1908	Basel
Consumverein		Allgemeiner		Riehen	707	1908	162	telefonbuch_164	PTT-Archiv, P-260-1_Basel_1908	Basel
Diakonissenhaus Riehen				Riehen	707	1908	162	telefonbuch_164	PTT-Archiv, P-260-1_Basel_1908	Basel
Döbeli	T.	Gasthof zum Ochsen		Riehen	707	1908	162	telefonbuch_164	PTT-Archiv, P-260-1_Basel_1908	Basel
Fischer-Schweizer	W.	zur Schlipferhalle		Riehen	707	1908	162	telefonbuch_164	PTT-Archiv, P-260-1_Basel_1908	Basel
Friedlin-Truog	Carl	Metzgerei		Riehen	707	1908	162	telefonbuch_164	PTT-Archiv, P-260-1_Basel_1908	Basel
Geigy-Buxtorf	S.	Wwe.		Riehen	707	1908	162	telefonbuch_164	PTT-Archiv, P-260-1_Basel_1908	Basel
Gemeindekanzlei				Riehen	707	1908	162	telefonbuch_164	PTT-Archiv, P-260-1_Basel_1908	Basel
Gemeindesprechstation		Postbureau		Riehen	707	1908	162	telefonbuch_164	PTT-Archiv, P-260-1_Basel_1908	Basel
Glaentzlin-Fink	Georg	zum Rheinischen Hof		Riehen	707	1908	162	telefonbuch_164	PTT-Archiv, P-260-1_Basel_1908	Basel
Grüninger	Ernst	Sägewerk		Riehen	675	1908	162	telefonbuch_164	PTT-Archiv, P-260-1_Basel_1908	Basel
Heilanstalt Sonnenhalde				Riehen	707	1908	162	telefonbuch_164	PTT-Archiv, P-260-1_Basel_1908	Basel
Heitz		Geschwister, Nachf. von Gustav Heitz Wwe.		Riehen	4659	1908	162	telefonbuch_164	PTT-Archiv, P-260-1_Basel_1908	Basel
Heusler-Christ	D.			Riehen	707	1908	162	telefonbuch_164	PTT-Archiv, P-260-1_Basel_1908	Basel
His-Burckhardt	E.	Frau		Riehen	707	1908	162	telefonbuch_164	PTT-Archiv, P-260-1_Basel_1908	Basel
Jaquet	A.	Prof. Dr., Sanatorium		Riehen	707	1908	162	telefonbuch_164	PTT-Archiv, P-260-1_Basel_1908	Basel
Karlin-Löliger	Fritz			Riehen	707	1908	162	telefonbuch_164	PTT-Archiv, P-260-1_Basel_1908	Basel
Leisinger-Volz	Wilh.			Riehen	707	1908	162	telefonbuch_164	PTT-Archiv, P-260-1_Basel_1908	Basel
Lindenmeyer-Seiler	Fritz	Glöcklihof		Riehen	707	1908	162	telefonbuch_164	PTT-Archiv, P-260-1_Basel_1908	Basel
Löliger-Plattner	L.			Riehen	707	1908	162	telefonbuch_164	PTT-Archiv, P-260-1_Basel_1908	Basel
Oel- und Fettwarenfabrik Riehen		Carl Strütt & Co.		Riehen	707	1908	162	telefonbuch_164	PTT-Archiv, P-260-1_Basel_1908	Basel
Palatini	L.	Wwe., Spezereigeschäft		Riehen	707	1908	162	telefonbuch_164	PTT-Archiv, P-260-1_Basel_1908	Basel
Peter-Studer	G.			Riehen	707	1908	162	telefonbuch_164	PTT-Archiv, P-260-1_Basel_1908	Basel
Polizeiposten				Riehen	707	1908	162	telefonbuch_164	PTT-Archiv, P-260-1_Basel_1908	Basel
Sarasin-Bischoff	Th.			Riehen	707	1908	162	telefonbuch_164	PTT-Archiv, P-260-1_Basel_1908	Basel
Stump	E.	Materialwarenhandlung		Riehen	707	1908	162	telefonbuch_164	PTT-Archiv, P-260-1_Basel_1908	Basel
Taubstummenanstalt				Riehen	707	1908	162	telefonbuch_164	PTT-Archiv, P-260-1_Basel_1908	Basel
Veillon-Stückelberg	E.	Dr.		Riehen	707	1908	162	telefonbuch_164	PTT-Archiv, P-260-1_Basel_1908	Basel
Wanner	J.	zur Mühle		Riehen	707	1908	162	telefonbuch_164	PTT-Archiv, P-260-1_Basel_1908	Basel
Weissenberger	Heinrich	Zahlstelle Riehen der Basler Kantonalbank		Riehen	707	1908	162	telefonbuch_164	PTT-Archiv, P-260-1_Basel_1908	Basel
Weitnauer	Emanuel	Handelsgärtner		Riehen	707	1908	162	telefonbuch_164	PTT-Archiv, P-260-1_Basel_1908	Basel
Wenk-Löliger	A. M.	Wwe., Bäckerei		Riehen	707	1908	162	telefonbuch_164	PTT-Archiv, P-260-1_Basel_1908	Basel
Wenk-Weber	J.	Kaufladen		Riehen	707	1908	162	telefonbuch_164	PTT-Archiv, P-260-1_Basel_1908	Basel
Pilgermissionsanstalt				St. Chrischona	707	1908	162	telefonbuch_164	PTT-Archiv, P-260-1_Basel_1908	Basel
Merian (Chr.)'sche Stiftung		Domäne		St. Jakob	3565	1908	162	telefonbuch_164	PTT-Archiv, P-260-1_Basel_1908	Basel
Seiler-Müller	Adolf	Wirt		St. Jakob	4337	1908	162	telefonbuch_164	PTT-Archiv, P-260-1_Basel_1908	Basel
Baumgartner	Ad.	Prof. Dr.		Schänzli	4183	1908	162	telefonbuch_164	PTT-Archiv, P-260-1_Basel_1908	Basel
Christen	J.	& Sohn, Cementröhrenfabrik Schweizerau		Schänzli	3529	1908	162	telefonbuch_164	PTT-Archiv, P-260-1_Basel_1908	Basel
Christen	J.	Ingenieur		Schänzli	3529	1908	162	telefonbuch_164	PTT-Archiv, P-260-1_Basel_1908	Basel
Feigenwinter	J.	Wirt, zur Schanzenau		Schänzli	3724	1908	162	telefonbuch_164	PTT-Archiv, P-260-1_Basel_1908	Basel
Girod-Burckhardt	Fritz	Sandlieferant		Schänzli	427	1908	162	telefonbuch_164	PTT-Archiv, P-260-1_Basel_1908	Basel
Hirzel	Heinr.	Kalkbrennerei		Schänzli	3564	1908	162	telefonbuch_164	PTT-Archiv, P-260-1_Basel_1908	Basel
Gemeindestation		(s. Seite 52)		Schönenbuch	679	1908	163	telefonbuch_165	PTT-Archiv, P-260-1_Basel_1908	Basel
Chemische Fabrik Schweizerhall				Schweizerhalle	708	1908	163	telefonbuch_165	PTT-Archiv, P-260-1_Basel_1908	Basel
Chemische Fabrik vorm. Siegwart, Dr. Finckh & Eissner				Schweizerhalle	708	1908	163	telefonbuch_165	PTT-Archiv, P-260-1_Basel_1908	Basel
Hotel Soolbad				Schweizerhalle	708	1908	163	telefonbuch_165	PTT-Archiv, P-260-1_Basel_1908	Basel
Merian' (Chr.) sche Stiftung		Pächter Nebiker	Rothaus	Schweizerhalle	708	1908	163	telefonbuch_165	PTT-Archiv, P-260-1_Basel_1908	Basel
Meyer	Adalbert	zum Rothaus		Schweizerhalle	708	1908	163	telefonbuch_165	PTT-Archiv, P-260-1_Basel_1908	Basel
Nebiker-Furler	Fritz	Wirt		Schweizerhalle	708	1908	163	telefonbuch_165	PTT-Archiv, P-260-1_Basel_1908	Basel
Petersen-Drouin			Villa Rheinlehne	Schweizerhalle	708	1908	163	telefonbuch_165	PTT-Archiv, P-260-1_Basel_1908	Basel
Petersen	G.	Geschäftslokal		Schweizerhalle	708	1908	163	telefonbuch_165	PTT-Archiv, P-260-1_Basel_1908	Basel
Saline Schweizerhalle		von Glenck, Kornmann & Co.		Schweizerhalle	708	1908	163	telefonbuch_165	PTT-Archiv, P-260-1_Basel_1908	Basel
Suter	Carl			Schweizerhalle	708	1908	163	telefonbuch_165	PTT-Archiv, P-260-1_Basel_1908	Basel
Dreux	Alphons	Tierarzt		Therwil	709	1908	163	telefonbuch_165	PTT-Archiv, P-260-1_Basel_1908	Basel
Gemeindesprechstation		Wwe. Brunner		Therwil	709	1908	163	telefonbuch_165	PTT-Archiv, P-260-1_Basel_1908	Basel
Gschwind	Anton	Spengler		Therwil	709	1908	163	telefonbuch_165	PTT-Archiv, P-260-1_Basel_1908	Basel
Gschwind-Kleiber	A.			Therwil	709	1908	163	telefonbuch_165	PTT-Archiv, P-260-1_Basel_1908	Basel
Gutzwiller	Gebr.	mech. Schreinerei		Therwil	709	1908	163	telefonbuch_165	PTT-Archiv, P-260-1_Basel_1908	Basel
Hasenböhler	Anton	Metzger, zum Löwen		Therwil	709	1908	163	telefonbuch_165	PTT-Archiv, P-260-1_Basel_1908	Basel
Wannier	Dr. A.	Sohn, Arzt		Therwil	709	1908	163	telefonbuch_165	PTT-Archiv, P-260-1_Basel_1908	Basel
Wannier	Dr. F.	Vater, Arzt		Therwil	709	1908	163	telefonbuch_165	PTT-Archiv, P-260-1_Basel_1908	Basel
Leu-Aby	Ed.			Witterswil	709	1908	163	telefonbuch_165	PTT-Archiv, P-260-1_Basel_1908	Basel
Grandi	J.			Witterswil	709	1908	163	telefonbuch_165	PTT-Archiv, P-260-1_Basel_1908	Basel
Leu	Paul	Wirt zur Station		Witterswil	709	1908	163	telefonbuch_165	PTT-Archiv, P-260-1_Basel_1908	Basel
Bourquard	J.			Boécourt		1908	165	telefonbuch_167	PTT-Archiv, P-260-1_Basel_1908	Basel
Dépôt des postes				Courfaivre		1908	165	telefonbuch_167	PTT-Archiv, P-260-1_Basel_1908	Basel
Bureau des postes				Lajoux		1908	165	telefonbuch_167	PTT-Archiv, P-260-1_Basel_1908	Basel
Dépôt des postes				Saulcy		1908	165	telefonbuch_167	PTT-Archiv, P-260-1_Basel_1908	Basel
Dépôt des postes				Soulce		1908	165	telefonbuch_167	PTT-Archiv, P-260-1_Basel_1908	Basel
Caisse d'épargne				Bassecourt		1908	165	telefonbuch_167	PTT-Archiv, P-260-1_Basel_1908	Basel
Parqueterie et scierie de Bassecourt				Bassecourt		1908	165	telefonbuch_167	PTT-Archiv, P-260-1_Basel_1908	Basel
Piquerez frères		fabrique d'horlogerie		Bassecourt		1908	165	telefonbuch_167	PTT-Archiv, P-260-1_Basel_1908	Basel
Société d'horlogerie de Bassecourt				Bassecourt		1908	165	telefonbuch_167	PTT-Archiv, P-260-1_Basel_1908	Basel
Station publique communale		bureau des télégraphes		Bassecourt		1908	165	telefonbuch_167	PTT-Archiv, P-260-1_Basel_1908	Basel
Woyame	J.	Hôtel de la croix blanche		Bassecourt		1908	165	telefonbuch_167	PTT-Archiv, P-260-1_Basel_1908	Basel
Mérat	Joseph	marchand de vins		Berlincourt		1908	165	telefonbuch_167	PTT-Archiv, P-260-1_Basel_1908	Basel
Sauter	Wilh.	boucher		Berlincourt		1908	165	telefonbuch_167	PTT-Archiv, P-260-1_Basel_1908	Basel
Station communale				Boécourt		1908	166	telefonbuch_168	PTT-Archiv, P-260-1_Basel_1908	Basel
Station publique communale		Orphelinat		Châtelat		1908	166	telefonbuch_168	PTT-Archiv, P-260-1_Basel_1908	Basel
Manufacture suisse de vélocipèdes				Courfaivre		1908	166	telefonbuch_168	PTT-Archiv, P-260-1_Basel_1908	Basel
Station communale				Courfaivre		1908	166	telefonbuch_168	PTT-Archiv, P-260-1_Basel_1908	Basel
Bernard	G.	Station publique communale		Fornet-dessous		1908	166	telefonbuch_168	PTT-Archiv, P-260-1_Basel_1908	Basel
Crevoisier	J.	Station publique communale		Fornet-dessus		1908	166	telefonbuch_168	PTT-Archiv, P-260-1_Basel_1908	Basel
Berger	Gottfr.	Hôtel de la gare		Glovelier		1908	166	telefonbuch_168	PTT-Archiv, P-260-1_Basel_1908	Basel
Compagnie du chemin de fer Saignelégier-Glovelier		exploitation		Glovelier		1908	166	telefonbuch_168	PTT-Archiv, P-260-1_Basel_1908	Basel
Röthlisberger		scierie		Glovelier		1908	166	telefonbuch_168	PTT-Archiv, P-260-1_Basel_1908	Basel
Station publique communale		bureau des télégraphes		Glovelier		1908	166	telefonbuch_168	PTT-Archiv, P-260-1_Basel_1908	Basel
Station communale				Lajoux		1908	166	telefonbuch_168	PTT-Archiv, P-260-1_Basel_1908	Basel
Montavon	Jules	Station publique communale		Montavon		1908	166	telefonbuch_168	PTT-Archiv, P-260-1_Basel_1908	Basel
Périnat	Chs.	aubergiste		Pichoux, le		1908	166	telefonbuch_168	PTT-Archiv, P-260-1_Basel_1908	Basel
Station communale				Saulcy		1908	166	telefonbuch_168	PTT-Archiv, P-260-1_Basel_1908	Basel
Hennemann	Desiré	Station publique communale		Séprais		1908	166	telefonbuch_168	PTT-Archiv, P-260-1_Basel_1908	Basel
Feignoux	Fritz	Station publique communale, agriculteur		Sornetan		1908	166	telefonbuch_168	PTT-Archiv, P-260-1_Basel_1908	Basel
Erdener	Emma	Station publique communale		Souboz		1908	166	telefonbuch_168	PTT-Archiv, P-260-1_Basel_1908	Basel
Station communale				Soulce		1908	166	telefonbuch_168	PTT-Archiv, P-260-1_Basel_1908	Basel
Meyer frères		commerce de bois		Undervelier		1908	166	telefonbuch_168	PTT-Archiv, P-260-1_Basel_1908	Basel
Station publique communale		bureau des télégraphes		Undervelier		1908	166	telefonbuch_168	PTT-Archiv, P-260-1_Basel_1908	Basel
Tavannes Watch Co.		horlogerie		Undervelier		1908	166	telefonbuch_168	PTT-Archiv, P-260-1_Basel_1908	Basel
Bureau des télégraphes		Station publique		Delémont		1908	167	telefonbuch_169	PTT-Archiv, P-260-1_Basel_1908	Basel
Koller	Xavier	agriculteur, Stations communales		Bourrignon		1908	167	telefonbuch_169	PTT-Archiv, P-260-1_Basel_1908	Basel
Scherrer		Concierge, Collège, Stations communales		Courrendlin		1908	167	telefonbuch_169	PTT-Archiv, P-260-1_Basel_1908	Basel
Dépôt postal		Stations communales		Courtételle		1908	167	telefonbuch_169	PTT-Archiv, P-260-1_Basel_1908	Basel
Saucy	Aug.	négt., Stations communales		Develier		1908	167	telefonbuch_169	PTT-Archiv, P-260-1_Basel_1908	Basel
Bureau des postes		Stations communales		Mervelier		1908	167	telefonbuch_169	PTT-Archiv, P-260-1_Basel_1908	Basel
Dépôt postal		Stations communales		Mettemberg		1908	167	telefonbuch_169	PTT-Archiv, P-260-1_Basel_1908	Basel
Broquet	François	agricult., Stations communales		Movelier		1908	167	telefonbuch_169	PTT-Archiv, P-260-1_Basel_1908	Basel
Odiet	Joseph	Stations communales		Pleigne		1908	167	telefonbuch_169	PTT-Archiv, P-260-1_Basel_1908	Basel
Brêchet	Léon	négt. en vins, Stations communales		Soyhières		1908	167	telefonbuch_169	PTT-Archiv, P-260-1_Basel_1908	Basel
Fabrique de Ciment de Laufon		filiale		Bellerive		1908	167	telefonbuch_169	PTT-Archiv, P-260-1_Basel_1908	Basel
Station communale		(v. ci-haut)		Bourrignon		1908	167	telefonbuch_169	PTT-Archiv, P-260-1_Basel_1908	Basel
Station publique communale		dépôt des postes		Chatillon		1908	167	telefonbuch_169	PTT-Archiv, P-260-1_Basel_1908	Basel
von Roll'sche Eisenwerke		Bureau		Choindez		1908	167	telefonbuch_169	PTT-Archiv, P-260-1_Basel_1908	Basel
von Roll'sche Eisenwerke		Cantine		Choindez		1908	167	telefonbuch_169	PTT-Archiv, P-260-1_Basel_1908	Basel
Hartmann	Charles	aubergiste, Station publique communale		Corban		1908	167	telefonbuch_169	PTT-Archiv, P-260-1_Basel_1908	Basel
Rais	Célestin	Station publique communale		Courcelon		1908	167	telefonbuch_169	PTT-Archiv, P-260-1_Basel_1908	Basel
Paupe	Joseph	Station publique communale		Courchapoix		1908	167	telefonbuch_169	PTT-Archiv, P-260-1_Basel_1908	Basel
Bergonzo	P.	Hôtel du Cerf		Courrendlin		1908	167	telefonbuch_169	PTT-Archiv, P-260-1_Basel_1908	Basel
Caisse d'épargne				Courrendlin		1908	167	telefonbuch_169	PTT-Archiv, P-260-1_Basel_1908	Basel
Essig-Burger		dépositaire		Courrendlin		1908	167	telefonbuch_169	PTT-Archiv, P-260-1_Basel_1908	Basel
Mouillet	Louise	négte		Courrendlin		1908	167	telefonbuch_169	PTT-Archiv, P-260-1_Basel_1908	Basel
Siegenthaler	Ch.	boucher, Café de l'Etoile		Courrendlin		1908	167	telefonbuch_169	PTT-Archiv, P-260-1_Basel_1908	Basel
Station communale		(v. ci-haut)		Courrendlin		1908	167	telefonbuch_169	PTT-Archiv, P-260-1_Basel_1908	Basel
Wyss	P. H.			Courrendlin		1908	167	telefonbuch_169	PTT-Archiv, P-260-1_Basel_1908	Basel
Berdat	Léon	Hôtel Ours		Courroux		1908	168	telefonbuch_170	PTT-Archiv, P-260-1_Basel_1908	Basel
Farine	Jacques	avocat		Courroux		1908	168	telefonbuch_170	PTT-Archiv, P-260-1_Basel_1908	Basel
Maitre	Gaston	fabrique de chaux		Courroux		1908	168	telefonbuch_170	PTT-Archiv, P-260-1_Basel_1908	Basel
Station publique communale		(Gunziger, boucher)		Courroux		1908	168	telefonbuch_170	PTT-Archiv, P-260-1_Basel_1908	Basel
Schlaepfer	R.			Courtemelon		1908	168	telefonbuch_170	PTT-Archiv, P-260-1_Basel_1908	Basel
Bibler-Reinhardt	X.	restaurant „Croix blanche“		Courtételle		1908	168	telefonbuch_170	PTT-Archiv, P-260-1_Basel_1908	Basel
Comte	Amédée	fabricant de boîtes de montres		Courtételle		1908	168	telefonbuch_170	PTT-Archiv, P-260-1_Basel_1908	Basel
Station communale		(v. page 167)		Courtételle		1908	168	telefonbuch_170	PTT-Archiv, P-260-1_Basel_1908	Basel
Abattoirs				Delémont		1908	168	telefonbuch_170	PTT-Archiv, P-260-1_Basel_1908	Basel
Alcoholdépôt				Delémont		1908	168	telefonbuch_170	PTT-Archiv, P-260-1_Basel_1908	Basel
Association pour l’industrie mécanique du bois				Delémont		1908	168	telefonbuch_170	PTT-Archiv, P-260-1_Basel_1908	Basel
Banque du Jura				Delémont		1908	168	telefonbuch_170	PTT-Archiv, P-260-1_Basel_1908	Basel
Banque industrielle		(A. Joray, not., gérant		Delémont		1908	168	telefonbuch_170	PTT-Archiv, P-260-1_Basel_1908	Basel
Boéchat & Cie.		imprimerie		Delémont		1908	168	telefonbuch_170	PTT-Archiv, P-260-1_Basel_1908	Basel
Borer	Th.	commerce de cuirs		Delémont		1908	168	telefonbuch_170	PTT-Archiv, P-260-1_Basel_1908	Basel
Bourgeoisie		(secrétariat)		Delémont		1908	168	telefonbuch_170	PTT-Archiv, P-260-1_Basel_1908	Basel
Bourquard	F. X.	Dr.		Delémont		1908	168	telefonbuch_170	PTT-Archiv, P-260-1_Basel_1908	Basel
Brasserie du Lion		Dépôt		Delémont		1908	168	telefonbuch_170	PTT-Archiv, P-260-1_Basel_1908	Basel
Brasserie jurassienne S. A.				Delémont		1908	168	telefonbuch_170	PTT-Archiv, P-260-1_Basel_1908	Basel
Brasserie du Saumon Rheinfelden				Delémont		1908	168	telefonbuch_170	PTT-Archiv, P-260-1_Basel_1908	Basel
Burger	Otto	boucher, Hôtel de la „Cigogne“		Delémont		1908	168	telefonbuch_170	PTT-Archiv, P-260-1_Basel_1908	Basel
Burkhard	J.	ferblantier		Delémont		1908	168	telefonbuch_170	PTT-Archiv, P-260-1_Basel_1908	Basel
Butignot	Ed.	Dr. méd.		Delémont		1908	168	telefonbuch_170	PTT-Archiv, P-260-1_Basel_1908	Basel
Caisse d’épargne et de crédit				Delémont		1908	168	telefonbuch_170	PTT-Archiv, P-260-1_Basel_1908	Basel
Ceppi	J.	Avocat		Delémont		1908	168	telefonbuch_170	PTT-Archiv, P-260-1_Basel_1908	Basel
Ceppi	Rinaldo	entrepreneur		Delémont		1908	168	telefonbuch_170	PTT-Archiv, P-260-1_Basel_1908	Basel
Chardon	P.	Dr.		Delémont		1908	168	telefonbuch_170	PTT-Archiv, P-260-1_Basel_1908	Basel
Chemins de fer fédéraux		gare des marchandises		Delémont		1908	168	telefonbuch_170	PTT-Archiv, P-260-1_Basel_1908	Basel
Comte	Joseph	négt.		Delémont		1908	168	telefonbuch_170	PTT-Archiv, P-260-1_Basel_1908	Basel
Consommation				Delémont		1908	168	telefonbuch_170	PTT-Archiv, P-260-1_Basel_1908	Basel
Contrôle fédéral des ouvrages or et argent				Delémont		1908	168	telefonbuch_170	PTT-Archiv, P-260-1_Basel_1908	Basel
Cuénat	Vve.	Hôtel „Tour rouge“		Delémont		1908	168	telefonbuch_170	PTT-Archiv, P-260-1_Basel_1908	Basel
Cuttat	Albert	avocat		Delémont		1908	168	telefonbuch_170	PTT-Archiv, P-260-1_Basel_1908	Basel
Dietrich	J.	notaire		Delémont		1908	168	telefonbuch_170	PTT-Archiv, P-260-1_Basel_1908	Basel
Eckert	Jules	Café National		Delémont		1908	168	telefonbuch_170	PTT-Archiv, P-260-1_Basel_1908	Basel
Eggenschwiler-Gerspacher	A.			Delémont		1908	168	telefonbuch_170	PTT-Archiv, P-260-1_Basel_1908	Basel
Elektrizitätswerk Wangen		Bureau Delémont		Delémont		1908	168	telefonbuch_170	PTT-Archiv, P-260-1_Basel_1908	Basel
Elektrizitätswerk Wangen		domicile de H. Hennet		Delémont		1908	168	telefonbuch_170	PTT-Archiv, P-260-1_Basel_1908	Basel
Enard	J.	photographe		Delémont		1908	168	telefonbuch_170	PTT-Archiv, P-260-1_Basel_1908	Basel
Fabrique jurassienne de meubles				Delémont		1908	168	telefonbuch_170	PTT-Archiv, P-260-1_Basel_1908	Basel
Fell	Jules	restaurateur		Delémont		1908	168	telefonbuch_170	PTT-Archiv, P-260-1_Basel_1908	Basel
Fessenmayer	A.	pharmacien		Delémont		1908	168	telefonbuch_170	PTT-Archiv, P-260-1_Basel_1908	Basel
Feune	Edouard	pharmacien		Delémont		1908	168	telefonbuch_170	PTT-Archiv, P-260-1_Basel_1908	Basel
Fleury	Paul	vétérinaire		Delémont		1908	168	telefonbuch_170	PTT-Archiv, P-260-1_Basel_1908	Basel
Fouillat	J. Ls.	entrepreneur		Delémont		1908	168	telefonbuch_170	PTT-Archiv, P-260-1_Basel_1908	Basel
Fréléchoux	Leon	notaire		Delémont		1908	168	telefonbuch_170	PTT-Archiv, P-260-1_Basel_1908	Basel
Frey	Otto	architecte		Delémont		1908	168	telefonbuch_170	PTT-Archiv, P-260-1_Basel_1908	Basel
Freyvogel-Schaffter		architecte	Bains	Delémont		1908	169	telefonbuch_171	PTT-Archiv, P-260-1_Basel_1908	Basel
Froidevaux	Oscar			Delémont		1908	169	telefonbuch_171	PTT-Archiv, P-260-1_Basel_1908	Basel
Gendarmerie cantonale				Delémont		1908	169	telefonbuch_171	PTT-Archiv, P-260-1_Basel_1908	Basel
Gerber frères & Co.		Fabrique d'horlogerie		Delémont		1908	169	telefonbuch_171	PTT-Archiv, P-260-1_Basel_1908	Basel
Gerber	Jean	fils, doreur		Delémont		1908	169	telefonbuch_171	PTT-Archiv, P-260-1_Basel_1908	Basel
Goetschel	Maurice	avocat		Delémont		1908	169	telefonbuch_171	PTT-Archiv, P-260-1_Basel_1908	Basel
Gouvernon	Arthur	banque		Delémont		1908	169	telefonbuch_171	PTT-Archiv, P-260-1_Basel_1908	Basel
Gouvernon	Arthur	domicile		Delémont		1908	169	telefonbuch_171	PTT-Archiv, P-260-1_Basel_1908	Basel
Güder	Joh.	restaurateur		Delémont		1908	169	telefonbuch_171	PTT-Archiv, P-260-1_Basel_1908	Basel
Gygax	Gottfried	scierie		Delémont		1908	169	telefonbuch_171	PTT-Archiv, P-260-1_Basel_1908	Basel
Haasenstein & Vogler				Delémont		1908	169	telefonbuch_171	PTT-Archiv, P-260-1_Basel_1908	Basel
Hauert frères		brasserie, dépôt		Delémont		1908	169	telefonbuch_171	PTT-Archiv, P-260-1_Basel_1908	Basel
Helg-Berbier		fabr. d'horlogerie		Delémont		1908	169	telefonbuch_171	PTT-Archiv, P-260-1_Basel_1908	Basel
Helg	Joseph	forestier d'arrdt.		Delémont		1908	169	telefonbuch_171	PTT-Archiv, P-260-1_Basel_1908	Basel
Hochuli	Fritz	Hôtel de la gare - Terminus		Delémont		1908	169	telefonbuch_171	PTT-Archiv, P-260-1_Basel_1908	Basel
Hôpital				Delémont		1908	169	telefonbuch_171	PTT-Archiv, P-260-1_Basel_1908	Basel
Hôtel des Bains		(Freyvogel-Schaffter)		Delémont		1908	169	telefonbuch_171	PTT-Archiv, P-260-1_Basel_1908	Basel
Hôtel de la Cigogne		(O. Burger)		Delémont		1908	169	telefonbuch_171	PTT-Archiv, P-260-1_Basel_1908	Basel
Hôtel du Faucon				Delémont		1908	169	telefonbuch_171	PTT-Archiv, P-260-1_Basel_1908	Basel
Hôtel de la gare - Terminus		(Fr. Hochuli)		Delémont		1908	169	telefonbuch_171	PTT-Archiv, P-260-1_Basel_1908	Basel
Hôtel du Lion d'or				Delémont		1908	169	telefonbuch_171	PTT-Archiv, P-260-1_Basel_1908	Basel
Hôtel du Soleil		(E. Nussbaum)		Delémont		1908	169	telefonbuch_171	PTT-Archiv, P-260-1_Basel_1908	Basel
Hôtel Tour rouge		(Vve. Cuénat)		Delémont		1908	169	telefonbuch_171	PTT-Archiv, P-260-1_Basel_1908	Basel
Hôtel Victoria		(A. Kueny)		Delémont		1908	169	telefonbuch_171	PTT-Archiv, P-260-1_Basel_1908	Basel
Imhoff	Chs.	& Co., serruriers mécaniciens		Delémont		1908	169	telefonbuch_171	PTT-Archiv, P-260-1_Basel_1908	Basel
Ingénieur d'arrondissement				Delémont		1908	169	telefonbuch_171	PTT-Archiv, P-260-1_Basel_1908	Basel
Jacoby	Max	boucher		Delémont		1908	169	telefonbuch_171	PTT-Archiv, P-260-1_Basel_1908	Basel
Jacquemai frères		mécaniciens		Delémont		1908	169	telefonbuch_171	PTT-Archiv, P-260-1_Basel_1908	Basel
Jeanneret	Henri	vétérinaire		Delémont		1908	169	telefonbuch_171	PTT-Archiv, P-260-1_Basel_1908	Basel
Jeanneret	M.	Dr. méd.		Delémont		1908	169	telefonbuch_171	PTT-Archiv, P-260-1_Basel_1908	Basel
Kaiser	J.	Dr. méd.		Delémont		1908	169	telefonbuch_171	PTT-Archiv, P-260-1_Basel_1908	Basel
Kohler	Emile	sellier		Delémont		1908	169	telefonbuch_171	PTT-Archiv, P-260-1_Basel_1908	Basel
Kueny	A.	Hotel Victoria		Delémont		1908	169	telefonbuch_171	PTT-Archiv, P-260-1_Basel_1908	Basel
Kühnle	Charles	grands magasins		Delémont		1908	169	telefonbuch_171	PTT-Archiv, P-260-1_Basel_1908	Basel
Lachat	Emile			Delémont		1908	169	telefonbuch_171	PTT-Archiv, P-260-1_Basel_1908	Basel
Martella	Jean	ferblantier		Delémont		1908	169	telefonbuch_171	PTT-Archiv, P-260-1_Basel_1908	Basel
Meier	E.	géomètre du Concordat		Delémont		1908	169	telefonbuch_171	PTT-Archiv, P-260-1_Basel_1908	Basel
Meister-Schild		Bazar jurassien		Delémont		1908	169	telefonbuch_171	PTT-Archiv, P-260-1_Basel_1908	Basel
Mouche	Chs.	Vve., Restaurant J. S.		Delémont		1908	169	telefonbuch_171	PTT-Archiv, P-260-1_Basel_1908	Basel
Municipalité		Hôtel de ville, Police locale		Delémont		1908	169	telefonbuch_171	PTT-Archiv, P-260-1_Basel_1908	Basel
Nussbaum	E.	Hôtel du Soleil		Delémont		1908	169	telefonbuch_171	PTT-Archiv, P-260-1_Basel_1908	Basel
Nussbaum	Samuel	restaurateur		Delémont		1908	169	telefonbuch_171	PTT-Archiv, P-260-1_Basel_1908	Basel
Philippe	François	négt.		Delémont		1908	169	telefonbuch_171	PTT-Archiv, P-260-1_Basel_1908	Basel
Postes		ville		Delémont		1908	169	telefonbuch_171	PTT-Archiv, P-260-1_Basel_1908	Basel
Postes		transit		Delémont		1908	169	telefonbuch_171	PTT-Archiv, P-260-1_Basel_1908	Basel
Préfecture du district				Delémont		1908	169	telefonbuch_171	PTT-Archiv, P-260-1_Basel_1908	Basel
Président du tribunal				Delémont		1908	169	telefonbuch_171	PTT-Archiv, P-260-1_Basel_1908	Basel
Rais	Louis	manufacture jurassienne de cigarres		Delémont		1908	169	telefonbuch_171	PTT-Archiv, P-260-1_Basel_1908	Basel
Regli	Paul	méd. dentiste		Delémont		1908	169	telefonbuch_171	PTT-Archiv, P-260-1_Basel_1908	Basel
Restaurant de la Croix-blanche				Delémont		1908	170	telefonbuch_172	PTT-Archiv, P-260-1_Basel_1908	Basel
Restaurant du Midi				Delémont		1908	170	telefonbuch_172	PTT-Archiv, P-260-1_Basel_1908	Basel
Roy	Louis	fabrique de chaux vive		Delémont		1908	170	telefonbuch_172	PTT-Archiv, P-260-1_Basel_1908	Basel
Rippstein	F. & J.	denrées coloniales		Delémont		1908	170	telefonbuch_172	PTT-Archiv, P-260-1_Basel_1908	Basel
Ruedin & Co.		fabrique d'horlogerie		Delémont		1908	170	telefonbuch_172	PTT-Archiv, P-260-1_Basel_1908	Basel
Ruedin	J.	villa		Delémont		1908	170	telefonbuch_172	PTT-Archiv, P-260-1_Basel_1908	Basel
Schmid	Oscar	& Co., négt. fers		Delémont		1908	170	telefonbuch_172	PTT-Archiv, P-260-1_Basel_1908	Basel
Schmutz & Born		négts. en vin		Delémont		1908	170	telefonbuch_172	PTT-Archiv, P-260-1_Basel_1908	Basel
Senn & Cie.		banquiers		Delémont		1908	170	telefonbuch_172	PTT-Archiv, P-260-1_Basel_1908	Basel
Service du gaz		Rothenbach & Cie.		Delémont		1908	170	telefonbuch_172	PTT-Archiv, P-260-1_Basel_1908	Basel
Simon	Jacob	charpentier		Delémont		1908	170	telefonbuch_172	PTT-Archiv, P-260-1_Basel_1908	Basel
Société de tir		restaurant du Stand		Delémont		1908	170	telefonbuch_172	PTT-Archiv, P-260-1_Basel_1908	Basel
Station publique		bureau des télégraphes		Delémont		1908	170	telefonbuch_172	PTT-Archiv, P-260-1_Basel_1908	Basel
Tschopp	François	boucher		Delémont		1908	170	telefonbuch_172	PTT-Archiv, P-260-1_Basel_1908	Basel
Ursprung - Von Arx	P.	café du Transit		Delémont		1908	170	telefonbuch_172	PTT-Archiv, P-260-1_Basel_1908	Basel
Vallat	Max	Dr. méd.		Delémont		1908	170	telefonbuch_172	PTT-Archiv, P-260-1_Basel_1908	Basel
Viatte-Crelier	L.	avocat		Delémont		1908	170	telefonbuch_172	PTT-Archiv, P-260-1_Basel_1908	Basel
Wenger et Co.				Delémont		1908	170	telefonbuch_172	PTT-Archiv, P-260-1_Basel_1908	Basel
Wermeille	François	Dr. méd.		Delémont		1908	170	telefonbuch_172	PTT-Archiv, P-260-1_Basel_1908	Basel
Wiser	Justin	notaire		Delémont		1908	170	telefonbuch_172	PTT-Archiv, P-260-1_Basel_1908	Basel
Zurbrügg & Cie.		combustibles		Delémont		1908	170	telefonbuch_172	PTT-Archiv, P-260-1_Basel_1908	Basel
Zurbrügg	E.	domicile		Delémont		1908	170	telefonbuch_172	PTT-Archiv, P-260-1_Basel_1908	Basel
Station communale		(v. page 167)		Develier		1908	170	telefonbuch_172	PTT-Archiv, P-260-1_Basel_1908	Basel
Station publique communale		Dépôt des postes		Ederswiler		1908	170	telefonbuch_172	PTT-Archiv, P-260-1_Basel_1908	Basel
Elektrizitätswerk Wangen				Envelier		1908	170	telefonbuch_172	PTT-Archiv, P-260-1_Basel_1908	Basel
Elektrizitätswerk Wangen				Mervelier		1908	170	telefonbuch_172	PTT-Archiv, P-260-1_Basel_1908	Basel
Station communale		(v. page 167)		Mervelier		1908	170	telefonbuch_172	PTT-Archiv, P-260-1_Basel_1908	Basel
Station communale		(v. page 167)		Mettemberg		1908	170	telefonbuch_172	PTT-Archiv, P-260-1_Basel_1908	Basel
Station publique communale	Justin	Chételat		Montsevelier		1908	170	telefonbuch_172	PTT-Archiv, P-260-1_Basel_1908	Basel
Meyer	Auguste	restaurateur		Moulin-neuf		1908	170	telefonbuch_172	PTT-Archiv, P-260-1_Basel_1908	Basel
Station communale		(v. page 167)		Movelier		1908	170	telefonbuch_172	PTT-Archiv, P-260-1_Basel_1908	Basel
Station communale		(v. page 167)		Pleigne		1908	170	telefonbuch_172	PTT-Archiv, P-260-1_Basel_1908	Basel
Station publique communale	Joseph	Jacquemai		Roggenburg		1908	170	telefonbuch_172	PTT-Archiv, P-260-1_Basel_1908	Basel
ferme du		près Soyhières		Rohrberg		1908	170	telefonbuch_172	PTT-Archiv, P-260-1_Basel_1908	Basel
von Roll'sche Eisenwerke				Rondez, les		1908	170	telefonbuch_172	PTT-Archiv, P-260-1_Basel_1908	Basel
Station publique communale		Dépôt des postes		Rossemaison		1908	170	telefonbuch_172	PTT-Archiv, P-260-1_Basel_1908	Basel
Steulet	Gustave	auberge de la Couronne		Rossemaison		1908	170	telefonbuch_172	PTT-Archiv, P-260-1_Basel_1908	Basel
Station communale		(v. page 167)		Soyhières		1908	171	telefonbuch_173	PTT-Archiv, P-260-1_Basel_1908	Basel
Mertenat	Anna	Hôtel du Jura		Soyhières		1908	171	telefonbuch_173	PTT-Archiv, P-260-1_Basel_1908	Basel
Richard	Ernest	buffet de la gare		Soyhières		1908	171	telefonbuch_173	PTT-Archiv, P-260-1_Basel_1908	Basel
Elektrizitätswerk Wangen				Vermes		1908	171	telefonbuch_173	PTT-Archiv, P-260-1_Basel_1908	Basel
Reyser	Jules	Station publique communale, café		Vicques		1908	171	telefonbuch_173	PTT-Archiv, P-260-1_Basel_1908	Basel
Telegraphenbureau		Aufgabebureau		Gelterkinden		1908	171	telefonbuch_173	PTT-Archiv, P-260-1_Basel_1908	Basel
Schaffner	Heinrich	Gemeindestation		Anwil (Baselland)		1908	171	telefonbuch_173	PTT-Archiv, P-260-1_Basel_1908	Basel
Kaufmann-Ruesch	Karl	Gemeindestation		Buus		1908	171	telefonbuch_173	PTT-Archiv, P-260-1_Basel_1908	Basel
Hürbi	Peter	Gemeindestation		Kienberg (Solothurn)		1908	171	telefonbuch_173	PTT-Archiv, P-260-1_Basel_1908	Basel
Grieder-Bitterlin	Adolf	Gemeindestation		Kilchberg (Baselland)		1908	171	telefonbuch_173	PTT-Archiv, P-260-1_Basel_1908	Basel
Meyer	Lydia	Fräulein, Gemeindestation		Maisprach		1908	171	telefonbuch_173	PTT-Archiv, P-260-1_Basel_1908	Basel
Postbureau		Gemeindestation		Oltingen		1908	171	telefonbuch_173	PTT-Archiv, P-260-1_Basel_1908	Basel
Postbureau		Gemeindestation		Ormalingen		1908	171	telefonbuch_173	PTT-Archiv, P-260-1_Basel_1908	Basel
Handschin	Samuel	Gemeindestation		Rickenbach (Baselland)		1908	171	telefonbuch_173	PTT-Archiv, P-260-1_Basel_1908	Basel
Rieder	Wwe.	z. Hirschen, Gemeindestation		Rothenfluh (Baselland)		1908	171	telefonbuch_173	PTT-Archiv, P-260-1_Basel_1908	Basel
Sacker	Joh.	zum Löwen, Gemeindestation		Rünenberg		1908	171	telefonbuch_173	PTT-Archiv, P-260-1_Basel_1908	Basel
Postbureau		Gemeindestation		Tecknau		1908	171	telefonbuch_173	PTT-Archiv, P-260-1_Basel_1908	Basel
Thommen	Arnold	z. Ochsen, Gemeindestation		Wenslingen		1908	171	telefonbuch_173	PTT-Archiv, P-260-1_Basel_1908	Basel
Bieder	Eduard	zum Rössli, Gemeindestation		Zeglingen		1908	171	telefonbuch_173	PTT-Archiv, P-260-1_Basel_1908	Basel
Fiechter	K.	Posthalter		Böckten		1908	171	telefonbuch_173	PTT-Archiv, P-260-1_Basel_1908	Basel
Bovet	Fritz	Dr. med.		Gelterkinden		1908	172	telefonbuch_174	PTT-Archiv, P-260-1_Basel_1908	Basel
Brauerei Farnsburg				Gelterkinden		1908	172	telefonbuch_174	PTT-Archiv, P-260-1_Basel_1908	Basel
Buser-Gerster	E.	Gasthof zum Rössli		Gelterkinden		1908	172	telefonbuch_174	PTT-Archiv, P-260-1_Basel_1908	Basel
Denger	Emanuel	Negt.		Gelterkinden		1908	172	telefonbuch_174	PTT-Archiv, P-260-1_Basel_1908	Basel
Elektra Sissach-Gelterkinden		(Verwalter)		Gelterkinden		1908	172	telefonbuch_174	PTT-Archiv, P-260-1_Basel_1908	Basel
Fiechter-Recher	F.	Weinhandlung		Gelterkinden		1908	172	telefonbuch_174	PTT-Archiv, P-260-1_Basel_1908	Basel
Schäublin	Jkb.	Gemeindepräsidium		Gelterkinden		1908	172	telefonbuch_174	PTT-Archiv, P-260-1_Basel_1908	Basel
Gerster	Emil	& Comp., Bandstuhlfabrikation und mech. Werkstätte		Gelterkinden		1908	172	telefonbuch_174	PTT-Archiv, P-260-1_Basel_1908	Basel
Gerster	Karl	Tierarzt		Gelterkinden		1908	172	telefonbuch_174	PTT-Archiv, P-260-1_Basel_1908	Basel
Gesellschaft für Bandfabrikation				Gelterkinden		1908	172	telefonbuch_174	PTT-Archiv, P-260-1_Basel_1908	Basel
Handschin	Jakob	Metzger		Gelterkinden		1908	172	telefonbuch_174	PTT-Archiv, P-260-1_Basel_1908	Basel
Handschin-Scholer		Wwe.		Gelterkinden		1908	172	telefonbuch_174	PTT-Archiv, P-260-1_Basel_1908	Basel
Hypothekenbank		basellandschaftliche, Filiale		Gelterkinden		1908	172	telefonbuch_174	PTT-Archiv, P-260-1_Basel_1908	Basel
Kantonalbank		basellandschaftliche, Filiale		Gelterkinden		1908	172	telefonbuch_174	PTT-Archiv, P-260-1_Basel_1908	Basel
Rickenbacher-Ritter	A.	Wirtschaft und Metzgerei		Gelterkinden		1908	172	telefonbuch_174	PTT-Archiv, P-260-1_Basel_1908	Basel
Seiler & Cie.				Gelterkinden		1908	172	telefonbuch_174	PTT-Archiv, P-260-1_Basel_1908	Basel
Thommen	J.	Dr. med.		Gelterkinden		1908	172	telefonbuch_174	PTT-Archiv, P-260-1_Basel_1908	Basel
Wagner		Gebrüder		Gelterkinden		1908	172	telefonbuch_174	PTT-Archiv, P-260-1_Basel_1908	Basel
Linder	J. J.	Billo & Cie., Winderei und Zettlerei		Ormalingen		1908	172	telefonbuch_174	PTT-Archiv, P-260-1_Basel_1908	Basel
Rieder-Plattner	Hch.	Handlung		Ormalingen		1908	172	telefonbuch_174	PTT-Archiv, P-260-1_Basel_1908	Basel
Dettwiler	Mart.			Bachthalen		1908	173	telefonbuch_175	PTT-Archiv, P-260-1_Basel_1908	Basel
Bader	Gustav	zum Kreuz		Holderbank		1908	173	telefonbuch_175	PTT-Archiv, P-260-1_Basel_1908	Basel
Bader	Philipp	zur Eintracht		Holderbank		1908	173	telefonbuch_175	PTT-Archiv, P-260-1_Basel_1908	Basel
Jeker	Alois	Kurort Alt-Bechburg		Holderbank		1908	173	telefonbuch_175	PTT-Archiv, P-260-1_Basel_1908	Basel
Erholungsstation Kilchzimmer				Kilchzimmer		1908	173	telefonbuch_175	PTT-Archiv, P-260-1_Basel_1908	Basel
Burckhardt	Ernst	Dr., Sanatorium Erzenberg		Langenbruck		1908	173	telefonbuch_175	PTT-Archiv, P-260-1_Basel_1908	Basel
Dettwiler-Bader	Albert	im Dürstel		Langenbruck		1908	173	telefonbuch_175	PTT-Archiv, P-260-1_Basel_1908	Basel
Dettwiler	Gustav	Fuhrhalter		Langenbruck		1908	173	telefonbuch_175	PTT-Archiv, P-260-1_Basel_1908	Basel
Dettwiler	Theodor	zum Ochsen		Langenbruck		1908	173	telefonbuch_175	PTT-Archiv, P-260-1_Basel_1908	Basel
Erholungsstation „zur obern Au“				Langenbruck		1908	173	telefonbuch_175	PTT-Archiv, P-260-1_Basel_1908	Basel
Grieder-Kunz	Heinrich	zum Bären		Langenbruck		1908	173	telefonbuch_175	PTT-Archiv, P-260-1_Basel_1908	Basel
Hutmacher	Fr.	Bäckerei und Kaffeehalle		Langenbruck		1908	173	telefonbuch_175	PTT-Archiv, P-260-1_Basel_1908	Basel
Kurhaus		(Schwestern Renggli)		Langenbruck		1908	173	telefonbuch_175	PTT-Archiv, P-260-1_Basel_1908	Basel
Müller-Dettwiler	Emil	Pension Erica		Langenbruck		1908	173	telefonbuch_175	PTT-Archiv, P-260-1_Basel_1908	Basel
Pension zur Linde		(Emil Dettwiler)		Langenbruck		1908	173	telefonbuch_175	PTT-Archiv, P-260-1_Basel_1908	Basel
Pension Schneider		(Familie Schneider)		Langenbruck		1908	173	telefonbuch_175	PTT-Archiv, P-260-1_Basel_1908	Basel
Welz & Singer		Pension Waldegg		Langenbruck		1908	173	telefonbuch_175	PTT-Archiv, P-260-1_Basel_1908	Basel
Bürgin	Emil	Gasthaus zum Mond		Buckten		1908	173	telefonbuch_175	PTT-Archiv, P-260-1_Basel_1908	Basel
Meyer	F.	Dr. med.		Buckten		1908	173	telefonbuch_175	PTT-Archiv, P-260-1_Basel_1908	Basel
Schmutz	Anna	Wwe., Gasthof zur Sonne		Buckten		1908	173	telefonbuch_175	PTT-Archiv, P-260-1_Basel_1908	Basel
Plattner-Stucki	E.	Pension zur Linde		Eptingen		1908	174	telefonbuch_176	PTT-Archiv, P-260-1_Basel_1908	Basel
Hof	J. E.	Steingeschäft		Hauenstein (Solothurn)		1908	174	telefonbuch_176	PTT-Archiv, P-260-1_Basel_1908	Basel
Kamber-von Arx		Wwe., zum Löwen		Hauenstein (Solothurn)		1908	174	telefonbuch_176	PTT-Archiv, P-260-1_Basel_1908	Basel
Balz	Friedr.	Kaufmann		Läufelfingen		1908	174	telefonbuch_176	PTT-Archiv, P-260-1_Basel_1908	Basel
Gips-Union		A.-G., Gipswerk		Läufelfingen		1908	174	telefonbuch_176	PTT-Archiv, P-260-1_Basel_1908	Basel
Grunder-Grunder	G.	Gasthof zur Sonne		Läufelfingen		1908	174	telefonbuch_176	PTT-Archiv, P-260-1_Basel_1908	Basel
Kohler	Lukas	Kaufmann		Läufelfingen		1908	174	telefonbuch_176	PTT-Archiv, P-260-1_Basel_1908	Basel
Sommer-Küng	Alfr.	Wirtschaft und Bäckerei		Läufelfingen		1908	174	telefonbuch_176	PTT-Archiv, P-260-1_Basel_1908	Basel
Jenny	Jak. und Aug.	Gebrüder, Kurort		Ramsach		1908	174	telefonbuch_176	PTT-Archiv, P-260-1_Basel_1908	Basel
Glauser	Rudolf			Reisen		1908	174	telefonbuch_176	PTT-Archiv, P-260-1_Basel_1908	Basel
Walser	Arnold			Wisen		1908	174	telefonbuch_176	PTT-Archiv, P-260-1_Basel_1908	Basel
Kern	Joseph	Confiseur	Grosse Strasse 86/87	Laufen		1908	174	telefonbuch_176	PTT-Archiv, P-260-1_Basel_1908	Basel
Telegraphenbureau		Aufgaberaum		Laufen		1908	174	telefonbuch_176	PTT-Archiv, P-260-1_Basel_1908	Basel
Fringeli	J. Val.			Bärschwil		1908	175	telefonbuch_177	PTT-Archiv, P-260-1_Basel_1908	Basel
Roth	E.	zum Neuhüsli		Beinwil (Ober-)		1908	175	telefonbuch_177	PTT-Archiv, P-260-1_Basel_1908	Basel
Jeger	H.	zum Reh		Beinwil (Unter-)		1908	175	telefonbuch_177	PTT-Archiv, P-260-1_Basel_1908	Basel
Wirtschaft Stachel				Blauen		1908	175	telefonbuch_177	PTT-Archiv, P-260-1_Basel_1908	Basel
Postablage				Brislach		1908	175	telefonbuch_177	PTT-Archiv, P-260-1_Basel_1908	Basel
Jermann	Frid.	Wirt		Dittingen		1908	175	telefonbuch_177	PTT-Archiv, P-260-1_Basel_1908	Basel
Saner	E.	Ammann		Erschwil		1908	175	telefonbuch_177	PTT-Archiv, P-260-1_Basel_1908	Basel
Ackermann	M.	Kantonsrat		Fehren		1908	175	telefonbuch_177	PTT-Archiv, P-260-1_Basel_1908	Basel
Wirtschaft Halbeisen-Lutz				Grindel (Solothurn)		1908	175	telefonbuch_177	PTT-Archiv, P-260-1_Basel_1908	Basel
Gasthof zum Engel				Kleinlützel		1908	175	telefonbuch_177	PTT-Archiv, P-260-1_Basel_1908	Basel
Steiner	Albertine	Frl.		Liesberg		1908	175	telefonbuch_177	PTT-Archiv, P-260-1_Basel_1908	Basel
Ackermann	Emma	Frl.		Meltingen		1908	175	telefonbuch_177	PTT-Archiv, P-260-1_Basel_1908	Basel
Dannacher	G.	Wirt		Nenzlingen		1908	175	telefonbuch_177	PTT-Archiv, P-260-1_Basel_1908	Basel
Steiner	Karl	Unternehmer		Riederwald (Unter-)		1908	175	telefonbuch_177	PTT-Archiv, P-260-1_Basel_1908	Basel
Cueni	Simon	zum Rössli		Röschenz		1908	175	telefonbuch_177	PTT-Archiv, P-260-1_Basel_1908	Basel
Wehrle		Frau, zur Traube		Wahlen bei Laufen		1908	175	telefonbuch_177	PTT-Archiv, P-260-1_Basel_1908	Basel
Stebler	Urs	Lehrer		Zullwil		1908	175	telefonbuch_177	PTT-Archiv, P-260-1_Basel_1908	Basel
Postbureau				Zwingen		1908	175	telefonbuch_177	PTT-Archiv, P-260-1_Basel_1908	Basel
Gemeindestation		(s. oben)		Bärschwil		1908	175	telefonbuch_177	PTT-Archiv, P-260-1_Basel_1908	Basel
Hydraulische Kalk- und Gypsfabrik		Bureau beim Bahnhof		Bärschwil		1908	175	telefonbuch_177	PTT-Archiv, P-260-1_Basel_1908	Basel
Gemeindestation		(s. oben)		Beinwil (Ober-)		1908	175	telefonbuch_177	PTT-Archiv, P-260-1_Basel_1908	Basel
Gemeindestation		(s. oben)		Beinwil (Unter-)		1908	175	telefonbuch_177	PTT-Archiv, P-260-1_Basel_1908	Basel
Gemeindestation		(s. oben)		Blauen		1908	175	telefonbuch_177	PTT-Archiv, P-260-1_Basel_1908	Basel
Amthaus				Breitenbach		1908	175	telefonbuch_177	PTT-Archiv, P-260-1_Basel_1908	Basel
Doppler	Alphons	Dr.		Breitenbach		1908	175	telefonbuch_177	PTT-Archiv, P-260-1_Basel_1908	Basel
Haberthür	Theophil			Breitenbach		1908	175	telefonbuch_177	PTT-Archiv, P-260-1_Basel_1908	Basel
Roth	Marie	Wwe., Gasthof zum weissen Kreuz		Breitenbach		1908	175	telefonbuch_177	PTT-Archiv, P-260-1_Basel_1908	Basel
Schweizerische Isola-Werke				Breitenbach		1908	175	telefonbuch_177	PTT-Archiv, P-260-1_Basel_1908	Basel
Uhrenfabrik Breitenbach		Hugi, Marti & Cie.		Breitenbach		1908	175	telefonbuch_177	PTT-Archiv, P-260-1_Basel_1908	Basel
Aktiengesellschaft Steinbruch Brislach				Brislach		1908	175	telefonbuch_177	PTT-Archiv, P-260-1_Basel_1908	Basel
Gemeindestation		(s. oben)		Brislach		1908	175	telefonbuch_177	PTT-Archiv, P-260-1_Basel_1908	Basel
Gemeindesprechstation		Schulhaus		Büsserach		1908	175	telefonbuch_177	PTT-Archiv, P-260-1_Basel_1908	Basel
Miesch-Roth	A.	zur Post		Büsserach		1908	175	telefonbuch_177	PTT-Archiv, P-260-1_Basel_1908	Basel
Saner	Arnold	zum Kreuz		Büsserach		1908	175	telefonbuch_177	PTT-Archiv, P-260-1_Basel_1908	Basel
Gemeindestation		(s. oben)		Dittingen		1908	175	telefonbuch_177	PTT-Archiv, P-260-1_Basel_1908	Basel
Portland-Cementfabrik Dittingen		A.-G.		Dittingen		1908	175	telefonbuch_177	PTT-Archiv, P-260-1_Basel_1908	Basel
Gemeindestation		(s. oben)		Erschwil		1908	175	telefonbuch_177	PTT-Archiv, P-260-1_Basel_1908	Basel
Gemeindestation		(s. oben)		Fehren		1908	175	telefonbuch_177	PTT-Archiv, P-260-1_Basel_1908	Basel
Gemeindestation		(s. oben)		Grindel		1908	175	telefonbuch_177	PTT-Archiv, P-260-1_Basel_1908	Basel
Mechanische Schlosserei Kleinlützel				Kleinlützel		1908	176	telefonbuch_178	PTT-Archiv, P-260-1_Basel_1908	Basel
Althaus	Reinh.	Metzger und Wirt, zum Löwen		Laufen		1908	176	telefonbuch_178	PTT-Archiv, P-260-1_Basel_1908	Basel
Bachofen-Dennler	Wilh.	Bureau		Laufen		1908	176	telefonbuch_178	PTT-Archiv, P-260-1_Basel_1908	Basel
Bezirkskasse Laufen	R. Schumacher	Verwalter		Laufen		1908	176	telefonbuch_178	PTT-Archiv, P-260-1_Basel_1908	Basel
Bietry-Gerster	J.	Gasthof zum Lamm		Laufen		1908	176	telefonbuch_178	PTT-Archiv, P-260-1_Basel_1908	Basel
Bohrer	Jos.	Sägerei an der Lützel		Laufen		1908	176	telefonbuch_178	PTT-Archiv, P-260-1_Basel_1908	Basel
Büchelin	G.	Brauerei Laufen	Delsbergerstrasse 268	Laufen		1908	176	telefonbuch_178	PTT-Archiv, P-260-1_Basel_1908	Basel
Burger-Kern	Ad.	Restaurant	Bahnhofstrasse 209	Laufen		1908	176	telefonbuch_178	PTT-Archiv, P-260-1_Basel_1908	Basel
Cueni	Ignaz	Steinbruch Schachenthal		Laufen		1908	176	telefonbuch_178	PTT-Archiv, P-260-1_Basel_1908	Basel
Cueni	Ignaz	Steinbruch Lochfeld		Laufen		1908	176	telefonbuch_178	PTT-Archiv, P-260-1_Basel_1908	Basel
Cueni	Peter	Fürsprech und Notar		Laufen		1908	176	telefonbuch_178	PTT-Archiv, P-260-1_Basel_1908	Basel
Einwohnergemeinde Laufen				Laufen		1908	176	telefonbuch_178	PTT-Archiv, P-260-1_Basel_1908	Basel
Faerber	Ch.	Eisen- und Materialwaren		Laufen		1908	176	telefonbuch_178	PTT-Archiv, P-260-1_Basel_1908	Basel
Feninger-Spital des Amtsbezirks Laufen				Laufen		1908	176	telefonbuch_178	PTT-Archiv, P-260-1_Basel_1908	Basel
Gilardoni	Ach.		Saalweg	Laufen		1908	176	telefonbuch_178	PTT-Archiv, P-260-1_Basel_1908	Basel
Gressly	Walter	Fürsprech		Laufen		1908	176	telefonbuch_178	PTT-Archiv, P-260-1_Basel_1908	Basel
Güterexpedition S. B. B.				Laufen		1908	176	telefonbuch_178	PTT-Archiv, P-260-1_Basel_1908	Basel
Guyer-Scherrer	J.	Bierdepot beim Bahnhof		Laufen		1908	176	telefonbuch_178	PTT-Archiv, P-260-1_Basel_1908	Basel
Haas	A.	Amtsnotar		Laufen		1908	176	telefonbuch_178	PTT-Archiv, P-260-1_Basel_1908	Basel
Haltner	Heinrich	Tierarzt		Laufen		1908	176	telefonbuch_178	PTT-Archiv, P-260-1_Basel_1908	Basel
Henz	Florian			Laufen		1908	176	telefonbuch_178	PTT-Archiv, P-260-1_Basel_1908	Basel
Hongler - von Büren		Epicerie, Mercerie		Laufen		1908	176	telefonbuch_178	PTT-Archiv, P-260-1_Basel_1908	Basel
Hôtel Lamm	Bietry-Gerster		Bahnhofstrasse 15	Laufen		1908	176	telefonbuch_178	PTT-Archiv, P-260-1_Basel_1908	Basel
Hôtel Ochsen	G. Meyer		Delsbergervortadt 288	Laufen		1908	176	telefonbuch_178	PTT-Archiv, P-260-1_Basel_1908	Basel
Hôtel Sonne				Laufen		1908	176	telefonbuch_178	PTT-Archiv, P-260-1_Basel_1908	Basel
Imhof	Leo	zum Hirschen		Laufen		1908	176	telefonbuch_178	PTT-Archiv, P-260-1_Basel_1908	Basel
Jermann-Gisiger	J.	Café du Jura	Bahnhofstrasse 217	Laufen		1908	176	telefonbuch_178	PTT-Archiv, P-260-1_Basel_1908	Basel
Jurassische Mühlenwerke		Presshefen- und Teigwarenfabrik (Aktienges.)		Laufen		1908	176	telefonbuch_178	PTT-Archiv, P-260-1_Basel_1908	Basel
Kern	Joseph	Confiseur	Grosse Strasse 86/87	Laufen		1908	176	telefonbuch_178	PTT-Archiv, P-260-1_Basel_1908	Basel
Kleiber	J. J.	Dr. med.		Laufen		1908	176	telefonbuch_178	PTT-Archiv, P-260-1_Basel_1908	Basel
Klipfel	C.		Wahlenstrasse 327	Laufen		1908	176	telefonbuch_178	PTT-Archiv, P-260-1_Basel_1908	Basel
Labhart	E.	Baumeister		Laufen		1908	176	telefonbuch_178	PTT-Archiv, P-260-1_Basel_1908	Basel
Leuenberger	Jean	Metzger		Laufen		1908	176	telefonbuch_178	PTT-Archiv, P-260-1_Basel_1908	Basel
Levy	Amédée	Viehhändler		Laufen		1908	176	telefonbuch_178	PTT-Archiv, P-260-1_Basel_1908	Basel
Meier-Meier	J.	Wein- und Spezereihandlung		Laufen		1908	176	telefonbuch_178	PTT-Archiv, P-260-1_Basel_1908	Basel
Meyer	G.	zum Ochsen	Delsbergervorstadt 288	Laufen		1908	176	telefonbuch_178	PTT-Archiv, P-260-1_Basel_1908	Basel
Portland-Cementfabrik		Bureau		Laufen		1908	176	telefonbuch_178	PTT-Archiv, P-260-1_Basel_1908	Basel
Postbureau Laufen				Laufen		1908	176	telefonbuch_178	PTT-Archiv, P-260-1_Basel_1908	Basel
Presshefefabrik Laufen				Laufen		1908	176	telefonbuch_178	PTT-Archiv, P-260-1_Basel_1908	Basel
Roth	X.	Dr., Arzt		Laufen		1908	176	telefonbuch_178	PTT-Archiv, P-260-1_Basel_1908	Basel
Ruetsch	Ad.	Notariatsbureau und Amtsschaffnerei		Laufen		1908	176	telefonbuch_178	PTT-Archiv, P-260-1_Basel_1908	Basel
von Salis	Rudolf	neuer Fichtenhof		Laufen		1908	176	telefonbuch_178	PTT-Archiv, P-260-1_Basel_1908	Basel
Scheidegger	Hans	mech. Korkwarenfabrik		Laufen		1908	176	telefonbuch_178	PTT-Archiv, P-260-1_Basel_1908	Basel
Scholer & Sohn	J.	Eisenhandlung	Hauptstrasse	Laufen		1908	176	telefonbuch_178	PTT-Archiv, P-260-1_Basel_1908	Basel
Scholer	L.	Fürsprech	Röschenzerstrasse 294	Laufen		1908	176	telefonbuch_178	PTT-Archiv, P-260-1_Basel_1908	Basel
Schumacher	Aug.	Metzger	Hauptstrasse 55 c	Laufen		1908	176	telefonbuch_178	PTT-Archiv, P-260-1_Basel_1908	Basel
Spar- und Leihkasse Laufen				Laufen		1908	176	telefonbuch_178	PTT-Archiv, P-260-1_Basel_1908	Basel
Statthalter- und Richteramt Laufen		Rathaus		Laufen		1908	176	telefonbuch_178	PTT-Archiv, P-260-1_Basel_1908	Basel
Steiner	Emil	Bauunternehmer	Rennimatt 17	Laufen		1908	177	telefonbuch_179	PTT-Archiv, P-260-1_Basel_1908	Basel
Thonwarenfabrik Laufen		Bureau		Laufen		1908	177	telefonbuch_179	PTT-Archiv, P-260-1_Basel_1908	Basel
Vereinsdruckerei Laufen		Verlag der „Nordschweiz“		Laufen		1908	177	telefonbuch_179	PTT-Archiv, P-260-1_Basel_1908	Basel
Weber	M.	Handlung	Hauptstrasse 81	Laufen		1908	177	telefonbuch_179	PTT-Archiv, P-260-1_Basel_1908	Basel
Cement- und Kalkwerk Liesberg		Gebr. Gresly, Martz & Co.	Liesbergmühle	Liesberg		1908	177	telefonbuch_179	PTT-Archiv, P-260-1_Basel_1908	Basel
Gemeindestation Liesberg-Dorf		(s. Seite 175)		Liesberg		1908	177	telefonbuch_179	PTT-Archiv, P-260-1_Basel_1908	Basel
Gemeindesprechstation Liesberg-Mühle	J.	Bréchet		Liesberg		1908	177	telefonbuch_179	PTT-Archiv, P-260-1_Basel_1908	Basel
Gemeindestation		(s. Seite 175)		Meltingen		1908	177	telefonbuch_179	PTT-Archiv, P-260-1_Basel_1908	Basel
Gemeindestation		(s. Seite 175)		Nenzlingen		1908	177	telefonbuch_179	PTT-Archiv, P-260-1_Basel_1908	Basel
Gemeindesprechstation	B.	Stebler, Wirt		Nunningen		1908	177	telefonbuch_179	PTT-Archiv, P-260-1_Basel_1908	Basel
Gemeindestation		(s. Seite 175)		Riederwald (Unter-)		1908	177	telefonbuch_179	PTT-Archiv, P-260-1_Basel_1908	Basel
Cueni	Ignaz	Steinbruchbesitzer		Röschenz		1908	177	telefonbuch_179	PTT-Archiv, P-260-1_Basel_1908	Basel
Gemeindestation		(s. Seite 175)		Röschenz		1908	177	telefonbuch_179	PTT-Archiv, P-260-1_Basel_1908	Basel
Gemeindestation		(s. Seite 175)		Wahlen		1908	177	telefonbuch_179	PTT-Archiv, P-260-1_Basel_1908	Basel
Gemeindestation		(s. Seite 175)		Zullwil		1908	177	telefonbuch_179	PTT-Archiv, P-260-1_Basel_1908	Basel
Fritschi	Fr.	Bahnhofrestauration		Zwingen		1908	177	telefonbuch_179	PTT-Archiv, P-260-1_Basel_1908	Basel
Gass	Hans	Hôtel de la gare		Zwingen		1908	177	telefonbuch_179	PTT-Archiv, P-260-1_Basel_1908	Basel
Gemeindestation		(s. Seite 175)		Zwingen		1908	177	telefonbuch_179	PTT-Archiv, P-260-1_Basel_1908	Basel
Laufenthaler Portland-Cementfabrik Zwingen				Zwingen		1908	177	telefonbuch_179	PTT-Archiv, P-260-1_Basel_1908	Basel
Oeffentliche Sprechstation		Telegraphenbureau, Aufgabelokal		Liestal		1908	177	telefonbuch_179	PTT-Archiv, P-260-1_Basel_1908	Basel
Kunz	Theophil	zum Stab		Arisdorf		1908	178	telefonbuch_180	PTT-Archiv, P-260-1_Basel_1908	Basel
Postbureau				Büren (Solothurn)		1908	178	telefonbuch_180	PTT-Archiv, P-260-1_Basel_1908	Basel
Frey	Emil			Giebenach		1908	178	telefonbuch_180	PTT-Archiv, P-260-1_Basel_1908	Basel
Dürrenberger-Börlin	Oswald	zum Rössli		Lupsingen		1908	178	telefonbuch_180	PTT-Archiv, P-260-1_Basel_1908	Basel
Postablage				Nuglar		1908	178	telefonbuch_180	PTT-Archiv, P-260-1_Basel_1908	Basel
Postablage				St. Pantaleon		1908	178	telefonbuch_180	PTT-Archiv, P-260-1_Basel_1908	Basel
Rudin-Spinnler	Jakob			Seltisberg		1908	178	telefonbuch_180	PTT-Archiv, P-260-1_Basel_1908	Basel
Gemeindestation (s. oben)				Arisdorf		1908	178	telefonbuch_180	PTT-Archiv, P-260-1_Basel_1908	Basel
Kurhaus		(J. Bisel)		Bienenberg		1908	178	telefonbuch_180	PTT-Archiv, P-260-1_Basel_1908	Basel
Flubacher	Carl	Bad		Bubendorf		1908	178	telefonbuch_180	PTT-Archiv, P-260-1_Basel_1908	Basel
Vögelin-Furler	Th.	zum Kreuz		Bubendorf		1908	178	telefonbuch_180	PTT-Archiv, P-260-1_Basel_1908	Basel
Gemeindestation (s. oben)				Büren (Solothurn)		1908	178	telefonbuch_180	PTT-Archiv, P-260-1_Basel_1908	Basel
Hersperger	Wilhelm	Kaufmann		Büren (Solothurn)		1908	178	telefonbuch_180	PTT-Archiv, P-260-1_Basel_1908	Basel
Hägler-Martin	Wwe.	zum „Rebstock“		Frenkendorf		1908	178	telefonbuch_180	PTT-Archiv, P-260-1_Basel_1908	Basel
Meyer	E.	Dr. med.		Frenkendorf		1908	178	telefonbuch_180	PTT-Archiv, P-260-1_Basel_1908	Basel
Risch	Lorenz	Gasthof zum wilden Mann		Frenkendorf		1908	178	telefonbuch_180	PTT-Archiv, P-260-1_Basel_1908	Basel
Schwob	A.	Metzger		Frenkendorf		1908	178	telefonbuch_180	PTT-Archiv, P-260-1_Basel_1908	Basel
Spinnler-Strübin	F.			Frenkendorf		1908	178	telefonbuch_180	PTT-Archiv, P-260-1_Basel_1908	Basel
Straumann-Weiss	J.	Gross- und Feinbäckerei		Frenkendorf		1908	178	telefonbuch_180	PTT-Archiv, P-260-1_Basel_1908	Basel
Gautschi	Ad.	zum „Rössli“		Füllinsdorf		1908	178	telefonbuch_180	PTT-Archiv, P-260-1_Basel_1908	Basel
Gemeindestation (s. oben)				Giebenach		1908	178	telefonbuch_180	PTT-Archiv, P-260-1_Basel_1908	Basel
Bollier-Ballmer	Hans	zum „Bären“		Lausen		1908	178	telefonbuch_180	PTT-Archiv, P-260-1_Basel_1908	Basel
Christen	E.	Papierfabrik		Lausen		1908	178	telefonbuch_180	PTT-Archiv, P-260-1_Basel_1908	Basel
Grauwiler	Arnold	Metzger, zum Rössli		Lausen		1908	178	telefonbuch_180	PTT-Archiv, P-260-1_Basel_1908	Basel
Hägler	A.	Mühle		Lausen		1908	178	telefonbuch_180	PTT-Archiv, P-260-1_Basel_1908	Basel
Lendorff		Pfarrer		Lausen		1908	178	telefonbuch_180	PTT-Archiv, P-260-1_Basel_1908	Basel
Stromeier	O.	Restaurant Bahnhof		Lausen		1908	178	telefonbuch_180	PTT-Archiv, P-260-1_Basel_1908	Basel
Tonwerk Lausen A G				Lausen		1908	178	telefonbuch_180	PTT-Archiv, P-260-1_Basel_1908	Basel
Verblendsteinfabrik Lausen				Lausen		1908	178	telefonbuch_180	PTT-Archiv, P-260-1_Basel_1908	Basel
Ammann-Gysin	J.	Lebensmittelgeschäft	Rathausstrasse 195	Liestal		1908	178	telefonbuch_180	PTT-Archiv, P-260-1_Basel_1908	Basel
Apotheke R. Stotzer		vorm. C. Moser	Rathausstrasse 124	Liestal		1908	178	telefonbuch_180	PTT-Archiv, P-260-1_Basel_1908	Basel
Automobilgesellschaft Liestal-Reigoldswil		Wagenremise	Rosenweg 87	Liestal		1908	178	telefonbuch_180	PTT-Archiv, P-260-1_Basel_1908	Basel
Bächle	Fritz	Zimmermeister	Arisdorferstrasse 144	Liestal		1908	178	telefonbuch_180	PTT-Archiv, P-260-1_Basel_1908	Basel
Barth	Louis	Eisenwarenhandlung	Rheinstrasse 47/48	Liestal		1908	178	telefonbuch_180	PTT-Archiv, P-260-1_Basel_1908	Basel
Basler Bandfabrik vorm. Trüdinger & Cons.				Liestal		1908	178	telefonbuch_180	PTT-Archiv, P-260-1_Basel_1908	Basel
Baudirektion		kantonale	Regierungsgebäude	Liestal		1908	178	telefonbuch_180	PTT-Archiv, P-260-1_Basel_1908	Basel
Benz-Kellerhals	Fr. X.	zur Kanonenkugel	Kasernenstrasse 48	Liestal		1908	179	telefonbuch_181	PTT-Archiv, P-260-1_Basel_1908	Basel
Bezirksgerichtskanzlei			Amthausgasse 9	Liestal		1908	179	telefonbuch_181	PTT-Archiv, P-260-1_Basel_1908	Basel
Bezirksschreiberei			Amthausgasse 9	Liestal		1908	179	telefonbuch_181	PTT-Archiv, P-260-1_Basel_1908	Basel
Bieler	Fritz	Molkerei	Mühlegasse 261	Liestal		1908	179	telefonbuch_181	PTT-Archiv, P-260-1_Basel_1908	Basel
Bloch	Jacques		Sichternweg 180	Liestal		1908	179	telefonbuch_181	PTT-Archiv, P-260-1_Basel_1908	Basel
Bollag	Max	Dr. med.	Postplatz	Liestal		1908	179	telefonbuch_181	PTT-Archiv, P-260-1_Basel_1908	Basel
Brauerei Brodbeck			Kasernenstrasse 49	Liestal		1908	179	telefonbuch_181	PTT-Archiv, P-260-1_Basel_1908	Basel
Brodbeck	Reinhard	Maler	Kanonengasse 70	Liestal		1908	179	telefonbuch_181	PTT-Archiv, P-260-1_Basel_1908	Basel
Brodbeck	Traugott	Feuerwehrhauptmann	Oristhalstrasse 92	Liestal		1908	179	telefonbuch_181	PTT-Archiv, P-260-1_Basel_1908	Basel
Brodbeck	Adolf	zur Feldsäge	Rheinstrasse 80	Liestal		1908	179	telefonbuch_181	PTT-Archiv, P-260-1_Basel_1908	Basel
Brodbeck	Th.	Gerichtspräsident	Schwierieweg 110	Liestal		1908	179	telefonbuch_181	PTT-Archiv, P-260-1_Basel_1908	Basel
Brodbeck	Wilh.	Portlandcement- u. Kunststeinfabr.	Rheinstrasse 79	Liestal		1908	179	telefonbuch_181	PTT-Archiv, P-260-1_Basel_1908	Basel
Brodbeck	Wilh.	Architekt	Gartenstrasse 36	Liestal		1908	179	telefonbuch_181	PTT-Archiv, P-260-1_Basel_1908	Basel
Brüderlin-Kistler's Erben	R.	z. Stab	Rathausstrasse 124	Liestal		1908	179	telefonbuch_181	PTT-Archiv, P-260-1_Basel_1908	Basel
Bürgin	Ernst	Fuhrhalter	Gasstrasse 30	Liestal		1908	179	telefonbuch_181	PTT-Archiv, P-260-1_Basel_1908	Basel
Buri	Oscar		Seltisbergstrasse 39	Liestal		1908	179	telefonbuch_181	PTT-Archiv, P-260-1_Basel_1908	Basel
Cretin	E.	Eisen- und Messinggiesserei	Thiergartenweg 29	Liestal		1908	179	telefonbuch_181	PTT-Archiv, P-260-1_Basel_1908	Basel
Dill	Th.	Zahnarzt	Rheinstrasse 145	Liestal		1908	179	telefonbuch_181	PTT-Archiv, P-260-1_Basel_1908	Basel
Ehnis	Jakob		im Rosen 93	Liestal		1908	179	telefonbuch_181	PTT-Archiv, P-260-1_Basel_1908	Basel
Elektra Baselland			Teichweg 38 b	Liestal		1908	179	telefonbuch_181	PTT-Archiv, P-260-1_Basel_1908	Basel
Feuerwehrkommando Liestal	Traug. Brodbeck		Oristhalstrasse 92	Liestal		1908	179	telefonbuch_181	PTT-Archiv, P-260-1_Basel_1908	Basel
Flubacher	A.	Eisengiesserei	Erzenbergerstr. 135	Liestal		1908	179	telefonbuch_181	PTT-Archiv, P-260-1_Basel_1908	Basel
Flubacher	Martin	"""Waldhüsli"""	Oristalstrasse	Liestal		1908	179	telefonbuch_181	PTT-Archiv, P-260-1_Basel_1908	Basel
Furler-Pfaff	Emil	Fuhrhalter	Kasernenstrasse 55	Liestal		1908	179	telefonbuch_181	PTT-Archiv, P-260-1_Basel_1908	Basel
Garonne	A.	Forstverwalter	Tiergartenweg 21	Liestal		1908	179	telefonbuch_181	PTT-Archiv, P-260-1_Basel_1908	Basel
Gelpke-Hägler		Dr. med.	Schwierieweg 108	Liestal		1908	179	telefonbuch_181	PTT-Archiv, P-260-1_Basel_1908	Basel
Gemeindekanzlei		Gemeinderat	Rathausstrasse 183	Liestal		1908	179	telefonbuch_181	PTT-Archiv, P-260-1_Basel_1908	Basel
Gnemmi-Grieder	B.	Baumeister, zum Schützengarten		Liestal		1908	179	telefonbuch_181	PTT-Archiv, P-260-1_Basel_1908	Basel
Graf	J.	elektrotechn. Installationsgeschäft	Rathausstrasse 121	Liestal		1908	179	telefonbuch_181	PTT-Archiv, P-260-1_Basel_1908	Basel
Grieder	Alfred	Spenglerei u. Installationsgeschäft	Bahnhofstrasse 174	Liestal		1908	179	telefonbuch_181	PTT-Archiv, P-260-1_Basel_1908	Basel
Grieder	Louis	Metzger und Wirt, zur „Kanone“	Rathausstrasse 159	Liestal		1908	179	telefonbuch_181	PTT-Archiv, P-260-1_Basel_1908	Basel
Güterexpedition			Bahnhof Liestal	Liestal		1908	179	telefonbuch_181	PTT-Archiv, P-260-1_Basel_1908	Basel
Gutzwiller	H. A.	Dr. med.	Oristhalstrasse 41	Liestal		1908	179	telefonbuch_181	PTT-Archiv, P-260-1_Basel_1908	Basel
Gysin	G.	Droguerie	Rathausstrasse 181	Liestal		1908	179	telefonbuch_181	PTT-Archiv, P-260-1_Basel_1908	Basel
Gysin-Hägler	J.	Metzger und Wirt	Rathausstrasse 198	Liestal		1908	179	telefonbuch_181	PTT-Archiv, P-260-1_Basel_1908	Basel
Gysin	J.	Weinhandlung	Rheinstrasse 147	Liestal		1908	179	telefonbuch_181	PTT-Archiv, P-260-1_Basel_1908	Basel
Häfelfinger	Emil		Pfauenhof	Liestal		1908	179	telefonbuch_181	PTT-Archiv, P-260-1_Basel_1908	Basel
Hägler	M.	Restaurant „Balance“	Kasernenstrasse 9	Liestal		1908	179	telefonbuch_181	PTT-Archiv, P-260-1_Basel_1908	Basel
Handschin	Albert		Rheinstrasse 63	Liestal		1908	179	telefonbuch_181	PTT-Archiv, P-260-1_Basel_1908	Basel
Handschin & Ronus			Fabrik Benzbur	Liestal		1908	179	telefonbuch_181	PTT-Archiv, P-260-1_Basel_1908	Basel
Hartmann-Plattner	Th.	Hôtel „Engel“		Liestal		1908	179	telefonbuch_181	PTT-Archiv, P-260-1_Basel_1908	Basel
Holinger	Aug.	Eisen- und Eisenwarenhandlung	Rathausstrasse 161	Liestal		1908	179	telefonbuch_181	PTT-Archiv, P-260-1_Basel_1908	Basel
Holinger	K.	Rheinfelder Bierhalle		Liestal		1908	179	telefonbuch_181	PTT-Archiv, P-260-1_Basel_1908	Basel
Hôtel Bahnhof	J. Peyer			Liestal		1908	179	telefonbuch_181	PTT-Archiv, P-260-1_Basel_1908	Basel
Hôtel Engel	Th. Hartmann			Liestal		1908	179	telefonbuch_181	PTT-Archiv, P-260-1_Basel_1908	Basel
Hôtel Falken	Charles Tüller			Liestal		1908	179	telefonbuch_181	PTT-Archiv, P-260-1_Basel_1908	Basel
Hypothekenbank		Basellandschaftliche		Liestal		1908	179	telefonbuch_181	PTT-Archiv, P-260-1_Basel_1908	Basel
Institut für internationale Rechtshülfe		von Dr. Georg Wettstein (Dr. A. Seiler)	Oristhalstrasse 94	Liestal		1908	179	telefonbuch_181	PTT-Archiv, P-260-1_Basel_1908	Basel
Jourdan	Hans	Metzger und Wirt	Kanonengasse 48	Liestal		1908	180	telefonbuch_182	PTT-Archiv, P-260-1_Basel_1908	Basel
Kantine		(Charles Tüller)		Liestal		1908	180	telefonbuch_182	PTT-Archiv, P-260-1_Basel_1908	Basel
Kantonalbank		Basellandschaftliche		Liestal		1908	180	telefonbuch_182	PTT-Archiv, P-260-1_Basel_1908	Basel
Kantonsspital		Abteilung Krankenhaus		Liestal		1908	180	telefonbuch_182	PTT-Archiv, P-260-1_Basel_1908	Basel
Derselbe		Abteilung Pfrundhaus		Liestal		1908	180	telefonbuch_182	PTT-Archiv, P-260-1_Basel_1908	Basel
Kaserne				Liestal		1908	180	telefonbuch_182	PTT-Archiv, P-260-1_Basel_1908	Basel
Konsumverein				Liestal		1908	180	telefonbuch_182	PTT-Archiv, P-260-1_Basel_1908	Basel
Köttgen & Cie.	F.	Schuhfabrik	Gerberstrasse 52	Liestal		1908	180	telefonbuch_182	PTT-Archiv, P-260-1_Basel_1908	Basel
Köttgen-Gysin	F.		Gasstrasse 40	Liestal		1908	180	telefonbuch_182	PTT-Archiv, P-260-1_Basel_1908	Basel
Kriegskommissariat			Zeughaus	Liestal		1908	180	telefonbuch_182	PTT-Archiv, P-260-1_Basel_1908	Basel
Landarmengutsverwaltung			Regierungsgebäude	Liestal		1908	180	telefonbuch_182	PTT-Archiv, P-260-1_Basel_1908	Basel
Landeskanzlei			Regierungsgebäude	Liestal		1908	180	telefonbuch_182	PTT-Archiv, P-260-1_Basel_1908	Basel
Lüdin	Carl	Papier-Cementsack-Fabrikation	Thiergartenweg 31	Liestal		1908	180	telefonbuch_182	PTT-Archiv, P-260-1_Basel_1908	Basel
Lüdin		Gebrüder	Schützenstrasse 163	Liestal		1908	180	telefonbuch_182	PTT-Archiv, P-260-1_Basel_1908	Basel
Mall	O.	Zahnarzt	Schwieriweg 103	Liestal		1908	180	telefonbuch_182	PTT-Archiv, P-260-1_Basel_1908	Basel
Mangold	M.	Maurermeister	Oristhalstrasse 72	Liestal		1908	180	telefonbuch_182	PTT-Archiv, P-260-1_Basel_1908	Basel
Mangold-Schaffner	E.	Metzger und Wirt	Kasernenstrasse 116	Liestal		1908	180	telefonbuch_182	PTT-Archiv, P-260-1_Basel_1908	Basel
Meyer	August	Eisenwarenhandlung	Rathausstrasse 184	Liestal		1908	180	telefonbuch_182	PTT-Archiv, P-260-1_Basel_1908	Basel
Meyer	J.	Brauerei Ziegelhof, Bureau	Zeughausplatz 15	Liestal		1908	180	telefonbuch_182	PTT-Archiv, P-260-1_Basel_1908	Basel
Meyer	J.	Brauerei Ziegelhof, Wirtschaft	Zeughausplatz 15	Liestal		1908	180	telefonbuch_182	PTT-Archiv, P-260-1_Basel_1908	Basel
Mühleisen	F.	Bäckerei und Kaffeehalle	Kasernenstrasse 117	Liestal		1908	180	telefonbuch_182	PTT-Archiv, P-260-1_Basel_1908	Basel
Nordmann	Achilles	Volksmagazin, Nachf. von Emanuel Nordmann	Rathausstrasse 157	Liestal		1908	180	telefonbuch_182	PTT-Archiv, P-260-1_Basel_1908	Basel
Nordmann	Henri	Manufakturwaren	Rathausstrasse 172	Liestal		1908	180	telefonbuch_182	PTT-Archiv, P-260-1_Basel_1908	Basel
Obergerichtskanzlei			Regierungsgebäude	Liestal		1908	180	telefonbuch_182	PTT-Archiv, P-260-1_Basel_1908	Basel
Peter & Co.	Konrad	mech. Werkstätte u. Maschinenhandlung	Gasstrasse 35	Liestal		1908	180	telefonbuch_182	PTT-Archiv, P-260-1_Basel_1908	Basel
Peter	V.	Dr. med.	Rheinstrasse 1	Liestal		1908	180	telefonbuch_182	PTT-Archiv, P-260-1_Basel_1908	Basel
Peyer	J.	Hôtel Bahnhof		Liestal		1908	180	telefonbuch_182	PTT-Archiv, P-260-1_Basel_1908	Basel
Plattner-Strübin	Louise	Mineralwasserfabrik	Gerberstrasse 50	Liestal		1908	180	telefonbuch_182	PTT-Archiv, P-260-1_Basel_1908	Basel
Pletscher	Ed.	Baumeister	Bahnhofstrasse 175	Liestal		1908	180	telefonbuch_182	PTT-Archiv, P-260-1_Basel_1908	Basel
Polizeiposten		(Kantonspolizei)		Liestal		1908	180	telefonbuch_182	PTT-Archiv, P-260-1_Basel_1908	Basel
Postbureau				Liestal		1908	180	telefonbuch_182	PTT-Archiv, P-260-1_Basel_1908	Basel
Prader	Aug.	Salmenbräu	Mühlegasse 263	Liestal		1908	180	telefonbuch_182	PTT-Archiv, P-260-1_Basel_1908	Basel
„Prometheus“		Fabrik elektr. Heiz- und Kochapparate (Wierss & Co.)	Oristhalstrasse 43	Liestal		1908	180	telefonbuch_182	PTT-Archiv, P-260-1_Basel_1908	Basel
Rieder	Traugott	Landesprodukte	Rheinstrasse 160	Liestal		1908	180	telefonbuch_182	PTT-Archiv, P-260-1_Basel_1908	Basel
Ritter-Fuchs	Ad.	Confiseur	Rathausstrasse 164	Liestal		1908	180	telefonbuch_182	PTT-Archiv, P-260-1_Basel_1908	Basel
Ritter	Gustav		Bahnhofplatz	Liestal		1908	180	telefonbuch_182	PTT-Archiv, P-260-1_Basel_1908	Basel
Rosenmund	Albert	Bäcker	Rathausstrasse 151	Liestal		1908	180	telefonbuch_182	PTT-Archiv, P-260-1_Basel_1908	Basel
Roth-Tüller	L.		Sichternweg 182 a	Liestal		1908	180	telefonbuch_182	PTT-Archiv, P-260-1_Basel_1908	Basel
Rudin	Emil	Sägemühle	Ergolzstrasse 103	Liestal		1908	180	telefonbuch_182	PTT-Archiv, P-260-1_Basel_1908	Basel
Sauer		Gebrüder, Baumeister	Kasernenstrasse 93	Liestal		1908	180	telefonbuch_182	PTT-Archiv, P-260-1_Basel_1908	Basel
Schaub-Weber	Hans	Destillerie, Liqueurfabrik	Oristhalstrasse 82	Liestal		1908	180	telefonbuch_182	PTT-Archiv, P-260-1_Basel_1908	Basel
Scholer Söhne		Seidenbandweberei Liestal	Rheinstrasse 127	Liestal		1908	180	telefonbuch_182	PTT-Archiv, P-260-1_Basel_1908	Basel
Schuhfabrik Liestal F. Köttgen & Cie.			Gerberstrasse 52	Liestal		1908	180	telefonbuch_182	PTT-Archiv, P-260-1_Basel_1908	Basel
Schuhhalle Liestal			Rathausstrasse 150	Liestal		1908	180	telefonbuch_182	PTT-Archiv, P-260-1_Basel_1908	Basel
Schweizer	Heinrich	Tierarzt	Salzgässlein 178	Liestal		1908	180	telefonbuch_182	PTT-Archiv, P-260-1_Basel_1908	Basel
Schwob-Preiswerk		Weinhandlung	Kasernenstrasse 97	Liestal		1908	180	telefonbuch_182	PTT-Archiv, P-260-1_Basel_1908	Basel
Seiler	A.	Dr., Advokaturbureau	Oristhalstrasse 94	Liestal		1908	180	telefonbuch_182	PTT-Archiv, P-260-1_Basel_1908	Basel
Seiler	Gottlieb	Kohlen- und Grobeisenhandlung	Mühlegasse 256	Liestal		1908	180	telefonbuch_182	PTT-Archiv, P-260-1_Basel_1908	Basel
Seiler & Plattner		Bonneterie, Wollenwaren	Rathausstrasse 189	Liestal		1908	180	telefonbuch_182	PTT-Archiv, P-260-1_Basel_1908	Basel
Senn-Mangold	K.	Kolonialwaren, Landesprodukte und Futtermittel	Bahnhofplatz	Liestal		1908	181	telefonbuch_183	PTT-Archiv, P-260-1_Basel_1908	Basel
Sichernhof			bei Liestal	Liestal		1908	181	telefonbuch_183	PTT-Archiv, P-260-1_Basel_1908	Basel
Spinnler	Hermann	Handelsgärtner, Kranz- und Bouquetbinderei	Weidenhubweg 102	Liestal		1908	181	telefonbuch_183	PTT-Archiv, P-260-1_Basel_1908	Basel
Spinnler Söhne & Cie.		Tuchfabrik	Rathausstrasse 166	Liestal		1908	181	telefonbuch_183	PTT-Archiv, P-260-1_Basel_1908	Basel
Statthalteramt Liestal			Amtshausgasse 9	Liestal		1908	181	telefonbuch_183	PTT-Archiv, P-260-1_Basel_1908	Basel
Strafanstalt			Rheinstrasse 108	Liestal		1908	181	telefonbuch_183	PTT-Archiv, P-260-1_Basel_1908	Basel
Strübin	Hans	Geschäftsbureau	Büchelistrasse 119	Liestal		1908	181	telefonbuch_183	PTT-Archiv, P-260-1_Basel_1908	Basel
Stutz	Daniel	zur „Eintracht“	Rheinstrasse 21	Liestal		1908	181	telefonbuch_183	PTT-Archiv, P-260-1_Basel_1908	Basel
Stutz	J.	Advokaturbureau	Schützenstrasse 166	Liestal		1908	181	telefonbuch_183	PTT-Archiv, P-260-1_Basel_1908	Basel
Stutz-Keller	Karl	Fuhrhalter	Burgstrasse 10	Liestal		1908	181	telefonbuch_183	PTT-Archiv, P-260-1_Basel_1908	Basel
Suter	J.	Tierarzt	Büchelistrasse 120	Liestal		1908	181	telefonbuch_183	PTT-Archiv, P-260-1_Basel_1908	Basel
Suter, Marti & Schäublin		zum Landschäftler	Rathausstrasse 197	Liestal		1908	181	telefonbuch_183	PTT-Archiv, P-260-1_Basel_1908	Basel
Thommen-Strub	Wwe. J.	Wirtschaft zum Oristhal	Oristhalstrasse	Liestal		1908	181	telefonbuch_183	PTT-Archiv, P-260-1_Basel_1908	Basel
Tüller	Charles	Hotel Falken		Liestal		1908	181	telefonbuch_183	PTT-Archiv, P-260-1_Basel_1908	Basel
Tüller	Louis	zur Schützenstube	Rathausstrasse 194	Liestal		1908	181	telefonbuch_183	PTT-Archiv, P-260-1_Basel_1908	Basel
Veit	Dr. Alfred	Advokaturbureau	Thiergartenweg 20	Liestal		1908	181	telefonbuch_183	PTT-Archiv, P-260-1_Basel_1908	Basel
Weber	Wilh., Ww.	Restaurant Farnsburg	Rheinstrasse	Liestal		1908	181	telefonbuch_183	PTT-Archiv, P-260-1_Basel_1908	Basel
Zeller	G.	Handelsgärtnerei und Bindegeschäft	Florhof	Liestal		1908	181	telefonbuch_183	PTT-Archiv, P-260-1_Basel_1908	Basel
Zeughausverwaltung			Zeughaus	Liestal		1908	181	telefonbuch_183	PTT-Archiv, P-260-1_Basel_1908	Basel
Floretspinnerei Ringwald, A.-G.				Niederschönthal		1908	181	telefonbuch_183	PTT-Archiv, P-260-1_Basel_1908	Basel
Iselin-Merian	Frau Julie	zur Trotte		Niederschönthal		1908	181	telefonbuch_183	PTT-Archiv, P-260-1_Basel_1908	Basel
Linder	Adolf	Metzger		Niederschönthal		1908	181	telefonbuch_183	PTT-Archiv, P-260-1_Basel_1908	Basel
Preiswerk-Ringwald	R.			Niederschönthal		1908	181	telefonbuch_183	PTT-Archiv, P-260-1_Basel_1908	Basel
Saladin	J.	Säge- und Baugeschäft		Nuglar, Neu-		1908	181	telefonbuch_183	PTT-Archiv, P-260-1_Basel_1908	Basel
Thommen	Hermann			Orismühle		1908	181	telefonbuch_183	PTT-Archiv, P-260-1_Basel_1908	Basel
Flury	Gebrüder			Schauenburg-Bad		1908	181	telefonbuch_183	PTT-Archiv, P-260-1_Basel_1908	Basel
Erzer & Co.		Eisgesellschaft		Seewen		1908	181	telefonbuch_183	PTT-Archiv, P-260-1_Basel_1908	Basel
Erzer	Theodor	Tierarzt, z. „Rössli“		Seewen		1908	181	telefonbuch_183	PTT-Archiv, P-260-1_Basel_1908	Basel
Gas- und Wasserwerk Basel		Aufseher		Seewen		1908	181	telefonbuch_183	PTT-Archiv, P-260-1_Basel_1908	Basel
Hersperger	Arnold	zur Sonne		Seewen		1908	181	telefonbuch_183	PTT-Archiv, P-260-1_Basel_1908	Basel
Scherer	Albert	Wirtschaft zur alten Post		Seewen		1908	181	telefonbuch_183	PTT-Archiv, P-260-1_Basel_1908	Basel
von Sury	Alphons	Unterackert		Seewen		1908	181	telefonbuch_183	PTT-Archiv, P-260-1_Basel_1908	Basel
Ackermann	Aug.	Wirt, Gemeindestation		Burg		1908	182	telefonbuch_184	PTT-Archiv, P-260-1_Basel_1908	Basel
Stehlin-Simon	C.	Gemeindestation		Rodersdorf		1908	182	telefonbuch_184	PTT-Archiv, P-260-1_Basel_1908	Basel
Gschwind	Amadeus	Landwirt		Bättwil		1908	182	telefonbuch_184	PTT-Archiv, P-260-1_Basel_1908	Basel
Bad Flüh		(Dr. Jos. Göttig)		Flüh		1908	182	telefonbuch_184	PTT-Archiv, P-260-1_Basel_1908	Basel
Nussbaumer	Alphons	Wirt		Flüh		1908	182	telefonbuch_184	PTT-Archiv, P-260-1_Basel_1908	Basel
Schuhmacher	Gottfr.	Gasthof zur Landskron		Flüh		1908	182	telefonbuch_184	PTT-Archiv, P-260-1_Basel_1908	Basel
Hägeli	Ch.	Tierarzt, Gasthof zum Kreuz		Hofstetten		1908	182	telefonbuch_184	PTT-Archiv, P-260-1_Basel_1908	Basel
Bauer	Louis	Gasthof zum Kreuz		Mariastein		1908	182	telefonbuch_184	PTT-Archiv, P-260-1_Basel_1908	Basel
Kloster Mariastein				Mariastein		1908	182	telefonbuch_184	PTT-Archiv, P-260-1_Basel_1908	Basel
Schumacher	Cölestin	Gasthof zum Jura		Mariastein		1908	182	telefonbuch_184	PTT-Archiv, P-260-1_Basel_1908	Basel
Tschuy	Ubald	Gasthof zur Post		Mariastein		1908	182	telefonbuch_184	PTT-Archiv, P-260-1_Basel_1908	Basel
Köninger-Stocker	A.	zum Rössli		Metzerlen		1908	182	telefonbuch_184	PTT-Archiv, P-260-1_Basel_1908	Basel
Monnerat	Franz	zum Lämmli		Metzerlen		1908	182	telefonbuch_184	PTT-Archiv, P-260-1_Basel_1908	Basel
Altenbach-Scholer	J.	Tierarzt, Gasthof zum Rössli		Rodersdorf		1908	182	telefonbuch_184	PTT-Archiv, P-260-1_Basel_1908	Basel
Bureau des télégraphes		Station publique		Moutier		1908	183	telefonbuch_185	PTT-Archiv, P-260-1_Basel_1908	Basel
Spart	Victor	menuisier, Station communale		Crémines		1908	183	telefonbuch_185	PTT-Archiv, P-260-1_Basel_1908	Basel
Station publique communale	A. Dédie			Corcelles s. Crémines		1908	183	telefonbuch_185	PTT-Archiv, P-260-1_Basel_1908	Basel
Buss & Cie.		Société par actions		Crémines		1908	183	telefonbuch_185	PTT-Archiv, P-260-1_Basel_1908	Basel
Greder frères		fabrique d'horlogerie		Crémines		1908	183	telefonbuch_185	PTT-Archiv, P-260-1_Basel_1908	Basel
Grossert	A.	fabrique d'horlogerie		Crémines		1908	183	telefonbuch_185	PTT-Archiv, P-260-1_Basel_1908	Basel
Tschumy	Nicolas	fabrique d'horlogerie		Crémines		1908	183	telefonbuch_185	PTT-Archiv, P-260-1_Basel_1908	Basel
Grosvernier	T. H.	Négt.		Grandval		1908	183	telefonbuch_185	PTT-Archiv, P-260-1_Basel_1908	Basel
Hauser	F., fils	fabrique d'horlogerie		Grandval		1908	183	telefonbuch_185	PTT-Archiv, P-260-1_Basel_1908	Basel
Allemann-Vogt		voiturier		Moutier		1908	183	telefonbuch_185	PTT-Archiv, P-260-1_Basel_1908	Basel
Banque cantonale				Moutier		1908	183	telefonbuch_185	PTT-Archiv, P-260-1_Basel_1908	Basel
Banque populaire				Moutier		1908	183	telefonbuch_185	PTT-Archiv, P-260-1_Basel_1908	Basel
Barth	Paul	Café National		Moutier		1908	183	telefonbuch_185	PTT-Archiv, P-260-1_Basel_1908	Basel
Bechler	Paul	negociant		Moutier		1908	183	telefonbuch_185	PTT-Archiv, P-260-1_Basel_1908	Basel
Bechler	A.	et Cie., fabrique de machines		Moutier		1908	183	telefonbuch_185	PTT-Archiv, P-260-1_Basel_1908	Basel
Bernard	G.	avocat		Moutier		1908	183	telefonbuch_185	PTT-Archiv, P-260-1_Basel_1908	Basel
Bernheim	Maurice	negt.		Moutier		1908	183	telefonbuch_185	PTT-Archiv, P-260-1_Basel_1908	Basel
Boichot, J., jeune, & Ribollet, H.		verrerie		Moutier		1908	183	telefonbuch_185	PTT-Archiv, P-260-1_Basel_1908	Basel
Bon & Cie.		fabr. d'horlogerie		Moutier		1908	183	telefonbuch_185	PTT-Archiv, P-260-1_Basel_1908	Basel
Bouvier	Jules	vétérinaire		Moutier		1908	183	telefonbuch_185	PTT-Archiv, P-260-1_Basel_1908	Basel
Brasserie jurassienne S. A.				Moutier		1908	183	telefonbuch_185	PTT-Archiv, P-260-1_Basel_1908	Basel
Brasserie par actions Delémont		dépôt		Moutier		1908	183	telefonbuch_185	PTT-Archiv, P-260-1_Basel_1908	Basel
Café du Jura				Moutier		1908	183	telefonbuch_185	PTT-Archiv, P-260-1_Basel_1908	Basel
Caisse d'épargne du district				Moutier		1908	183	telefonbuch_185	PTT-Archiv, P-260-1_Basel_1908	Basel
Carnal	Aug.	Hôtel Suisse		Moutier		1908	183	telefonbuch_185	PTT-Archiv, P-260-1_Basel_1908	Basel
Chodat & Co.		„Cité ouvrière“		Moutier		1908	183	telefonbuch_185	PTT-Archiv, P-260-1_Basel_1908	Basel
Chopard-Klaye		représentant		Moutier		1908	184	telefonbuch_186	PTT-Archiv, P-260-1_Basel_1908	Basel
Cobioni	H.	fumisterie		Moutier		1908	184	telefonbuch_186	PTT-Archiv, P-260-1_Basel_1908	Basel
Delévaux		notaire		Moutier		1908	184	telefonbuch_186	PTT-Archiv, P-260-1_Basel_1908	Basel
Fabrique de machines				Moutier		1908	184	telefonbuch_186	PTT-Archiv, P-260-1_Basel_1908	Basel
Fouillat	J.-Ls.	sablerie		Moutier		1908	184	telefonbuch_186	PTT-Archiv, P-260-1_Basel_1908	Basel
Gare C. F. F.				Moutier		1908	184	telefonbuch_186	PTT-Archiv, P-260-1_Basel_1908	Basel
Girod sœurs		Hôtel de la Gare		Moutier		1908	184	telefonbuch_186	PTT-Archiv, P-260-1_Basel_1908	Basel
Glauser	G.	négt.		Moutier		1908	184	telefonbuch_186	PTT-Archiv, P-260-1_Basel_1908	Basel
Hauert frères		Hôtel du Cerf		Moutier		1908	184	telefonbuch_186	PTT-Archiv, P-260-1_Basel_1908	Basel
de Herrenschwand	Max	Dr. med.		Moutier		1908	184	telefonbuch_186	PTT-Archiv, P-260-1_Basel_1908	Basel
Hôpital du district de Moutier				Moutier		1908	184	telefonbuch_186	PTT-Archiv, P-260-1_Basel_1908	Basel
Hôtel de la Gare		(Girod sœurs)		Moutier		1908	184	telefonbuch_186	PTT-Archiv, P-260-1_Basel_1908	Basel
Hôtel du cerf		(Hauert frères)		Moutier		1908	184	telefonbuch_186	PTT-Archiv, P-260-1_Basel_1908	Basel
Hôtel de la Couronne		(Lachat, V.)		Moutier		1908	184	telefonbuch_186	PTT-Archiv, P-260-1_Basel_1908	Basel
Hôtel Suisse		(Aug. Carnal)		Moutier		1908	184	telefonbuch_186	PTT-Archiv, P-260-1_Basel_1908	Basel
Imprimerie du „Petit Jurassien“ S. A.				Moutier		1908	184	telefonbuch_186	PTT-Archiv, P-260-1_Basel_1908	Basel
Kaufmann		directeur, société d’horlogerie		Moutier		1908	184	telefonbuch_186	PTT-Archiv, P-260-1_Basel_1908	Basel
Kenel	F.	& Co., tuilerie		Moutier		1908	184	telefonbuch_186	PTT-Archiv, P-260-1_Basel_1908	Basel
Kleiber	Chs.	architecte		Moutier		1908	184	telefonbuch_186	PTT-Archiv, P-260-1_Basel_1908	Basel
Krenger	Ern.	fabrique d’horlogerie		Moutier		1908	184	telefonbuch_186	PTT-Archiv, P-260-1_Basel_1908	Basel
Kühnle	Chs.	négt.		Moutier		1908	184	telefonbuch_186	PTT-Archiv, P-260-1_Basel_1908	Basel
Lachat	V.	Hôtel de la Couronne		Moutier		1908	184	telefonbuch_186	PTT-Archiv, P-260-1_Basel_1908	Basel
Leu	Fr.	doreur		Moutier		1908	184	telefonbuch_186	PTT-Archiv, P-260-1_Basel_1908	Basel
Lévy	L.	et frères, fabrique d’horlogerie		Moutier		1908	184	telefonbuch_186	PTT-Archiv, P-260-1_Basel_1908	Basel
Maeder	Fritz	fils, fabt. de cadrans		Moutier		1908	184	telefonbuch_186	PTT-Archiv, P-260-1_Basel_1908	Basel
Mæder	Fritz	restaurant de la charrue		Moutier		1908	184	telefonbuch_186	PTT-Archiv, P-260-1_Basel_1908	Basel
Moll	Mme.	Cheval blanc		Moutier		1908	184	telefonbuch_186	PTT-Archiv, P-260-1_Basel_1908	Basel
Monnier	A.	restaurant du Soleil		Moutier		1908	184	telefonbuch_186	PTT-Archiv, P-260-1_Basel_1908	Basel
Municipalité		Collège		Moutier		1908	184	telefonbuch_186	PTT-Archiv, P-260-1_Basel_1908	Basel
Neuenschwander	Jean		Sous la Rive	Moutier		1908	184	telefonbuch_186	PTT-Archiv, P-260-1_Basel_1908	Basel
Neuhaus	Emile	forestier d’arrdt		Moutier		1908	184	telefonbuch_186	PTT-Archiv, P-260-1_Basel_1908	Basel
Neuhaus	Fr.	Dr. méd.		Moutier		1908	184	telefonbuch_186	PTT-Archiv, P-260-1_Basel_1908	Basel
Office des poursuites				Moutier		1908	184	telefonbuch_186	PTT-Archiv, P-260-1_Basel_1908	Basel
Postes				Moutier		1908	184	telefonbuch_186	PTT-Archiv, P-260-1_Basel_1908	Basel
Robert-Moschard	Mme. E.			Moutier		1908	184	telefonbuch_186	PTT-Archiv, P-260-1_Basel_1908	Basel
de Roll		Usine, tuilerie		Moutier		1908	184	telefonbuch_186	PTT-Archiv, P-260-1_Basel_1908	Basel
Schaffter	P.	notaire		Moutier		1908	184	telefonbuch_186	PTT-Archiv, P-260-1_Basel_1908	Basel
Schaller	C.	avocat		Moutier		1908	184	telefonbuch_186	PTT-Archiv, P-260-1_Basel_1908	Basel
Société d’horlogerie				Moutier		1908	184	telefonbuch_186	PTT-Archiv, P-260-1_Basel_1908	Basel
Station publique		Bureau des Télégraphes		Moutier		1908	184	telefonbuch_186	PTT-Archiv, P-260-1_Basel_1908	Basel
Thomas & Gross		négt.		Moutier		1908	184	telefonbuch_186	PTT-Archiv, P-260-1_Basel_1908	Basel
Usine électrique Moutier-Court				Moutier		1908	184	telefonbuch_186	PTT-Archiv, P-260-1_Basel_1908	Basel
Wattenhofer-Bandelier	A.	Chaussures		Moutier		1908	184	telefonbuch_186	PTT-Archiv, P-260-1_Basel_1908	Basel
Girardin	S.	voyer-Chef		Perrefitte		1908	184	telefonbuch_186	PTT-Archiv, P-260-1_Basel_1908	Basel
Péteut	S.	auberge du „Cheval blanc“		Roches		1908	184	telefonbuch_186	PTT-Archiv, P-260-1_Basel_1908	Basel
Bureau des télégraphes		Station publique	Rue du marché	Porrentruy		1908	185	telefonbuch_187	PTT-Archiv, P-260-1_Basel_1908	Basel
Guenat	C.	aubergiste		Beurnevésin		1908	185	telefonbuch_187	PTT-Archiv, P-260-1_Basel_1908	Basel
Bureau des postes				Charmoille		1908	185	telefonbuch_187	PTT-Archiv, P-260-1_Basel_1908	Basel
Guenin	Ch.	aubergiste		Cœuve		1908	185	telefonbuch_187	PTT-Archiv, P-260-1_Basel_1908	Basel
Maillat	E.	aubergiste		Courtedoux		1908	185	telefonbuch_187	PTT-Archiv, P-260-1_Basel_1908	Basel
Beucler	Léon	aubergiste		Damvant		1908	185	telefonbuch_187	PTT-Archiv, P-260-1_Basel_1908	Basel
Métille	J.	aubergiste		Frégiécourt		1908	185	telefonbuch_187	PTT-Archiv, P-260-1_Basel_1908	Basel
Moine	E.	aubergiste		Montignez		1908	185	telefonbuch_187	PTT-Archiv, P-260-1_Basel_1908	Basel
bureau des postes				Vendlincourt		1908	185	telefonbuch_187	PTT-Archiv, P-260-1_Basel_1908	Basel
Manufacture d'horlogerie		(Renold Kocher)		Alle		1908	186	telefonbuch_188	PTT-Archiv, P-260-1_Basel_1908	Basel
Manufacture jurassienne de bonneterie				Alle		1908	186	telefonbuch_188	PTT-Archiv, P-260-1_Basel_1908	Basel
Petignat	J.	Hôtel de la gare		Alle		1908	186	telefonbuch_188	PTT-Archiv, P-260-1_Basel_1908	Basel
Renold frères		(représentant M. Morand), fourrages en gros		Alle		1908	186	telefonbuch_188	PTT-Archiv, P-260-1_Basel_1908	Basel
Stucky	David	Bureau des postes		Alle		1908	186	telefonbuch_188	PTT-Archiv, P-260-1_Basel_1908	Basel
Station publique communale		(Lachat)		Asuel		1908	186	telefonbuch_188	PTT-Archiv, P-260-1_Basel_1908	Basel
Station communale		(v. page 185)		Beurnevésin		1908	186	telefonbuch_188	PTT-Archiv, P-260-1_Basel_1908	Basel
Burrus	François	député		Boncourt		1908	186	telefonbuch_188	PTT-Archiv, P-260-1_Basel_1908	Basel
Burrus	Jos.	fabricant		Boncourt		1908	186	telefonbuch_188	PTT-Archiv, P-260-1_Basel_1908	Basel
Manufacture de tabacs				Boncourt		1908	186	telefonbuch_188	PTT-Archiv, P-260-1_Basel_1908	Basel
Monnier	Alph.	négociant		Boncourt		1908	186	telefonbuch_188	PTT-Archiv, P-260-1_Basel_1908	Basel
Station publique communale		A. Fréléchoux, boucherie		Boncourt		1908	186	telefonbuch_188	PTT-Archiv, P-260-1_Basel_1908	Basel
Chevrolet	Vve.	Hôtel de la gare		Bonfol		1908	186	telefonbuch_188	PTT-Archiv, P-260-1_Basel_1908	Basel
Gerber	A.	Dr. med.		Bonfol		1908	186	telefonbuch_188	PTT-Archiv, P-260-1_Basel_1908	Basel
Mathieu	Henri	auberge, Largin		Bonfol		1908	186	telefonbuch_188	PTT-Archiv, P-260-1_Basel_1908	Basel
Station publique communale		Corps de garde		Bonfol		1908	186	telefonbuch_188	PTT-Archiv, P-260-1_Basel_1908	Basel
Tuilerie mécanique		(Fattet, J.)		Bonfol		1908	186	telefonbuch_188	PTT-Archiv, P-260-1_Basel_1908	Basel
Station publique communale		Alfred Oeuvray, aubergiste		Bressaucourt		1908	186	telefonbuch_188	PTT-Archiv, P-260-1_Basel_1908	Basel
Rérat	Aug.	négociant		Buix		1908	186	telefonbuch_188	PTT-Archiv, P-260-1_Basel_1908	Basel
Station publique communale		J. Guelat, aubergiste		Buix		1908	186	telefonbuch_188	PTT-Archiv, P-260-1_Basel_1908	Basel
Station publique communale		Jos. Guelat, sertisseur		Bure		1908	186	telefonbuch_188	PTT-Archiv, P-260-1_Basel_1908	Basel
Peter	A.	Voyer-Chef		Bure		1908	186	telefonbuch_188	PTT-Archiv, P-260-1_Basel_1908	Basel
Station communale		(v. page 185)		Charmoille		1908	186	telefonbuch_188	PTT-Archiv, P-260-1_Basel_1908	Basel
Station publique communale		B. Borruat		Chevenez		1908	186	telefonbuch_188	PTT-Archiv, P-260-1_Basel_1908	Basel
Henzelin	Victor	négociant		Coeuve		1908	186	telefonbuch_188	PTT-Archiv, P-260-1_Basel_1908	Basel
Ribeaud	Xavier	aubergiste		Coeuve		1908	186	telefonbuch_188	PTT-Archiv, P-260-1_Basel_1908	Basel
Station communale		(v. page 185)		Coeuve		1908	186	telefonbuch_188	PTT-Archiv, P-260-1_Basel_1908	Basel
Berret-Allemann		Hôtel Lion d'or		Cornol		1908	186	telefonbuch_188	PTT-Archiv, P-260-1_Basel_1908	Basel
Berret	François	buraliste		Cornol		1908	186	telefonbuch_188	PTT-Archiv, P-260-1_Basel_1908	Basel
Fonderie Cornol				Cornol		1908	186	telefonbuch_188	PTT-Archiv, P-260-1_Basel_1908	Basel
Busson	Vve.	Hôtel trois poissons		Courchavon		1908	186	telefonbuch_188	PTT-Archiv, P-260-1_Basel_1908	Basel
Debœuf	Emile	Hôtel Suisse		Courgenay		1908	186	telefonbuch_188	PTT-Archiv, P-260-1_Basel_1908	Basel
Girard-Mouhat		Bonneterie		Courgenay		1908	186	telefonbuch_188	PTT-Archiv, P-260-1_Basel_1908	Basel
Leclerc		Limonades, liqueurs, représentations commerciales		Courgenay		1908	186	telefonbuch_188	PTT-Archiv, P-260-1_Basel_1908	Basel
Station communale		(v. page 185)		Courtedoux		1908	186	telefonbuch_188	PTT-Archiv, P-260-1_Basel_1908	Basel
Station publique communale		Louis Merguin, aubergiste		Courtemaîche		1908	186	telefonbuch_188	PTT-Archiv, P-260-1_Basel_1908	Basel
Station communale		(v. page 185)		Damvant		1908	186	telefonbuch_188	PTT-Archiv, P-260-1_Basel_1908	Basel
Station publique communale	Grandjean			Fahy		1908	187	telefonbuch_189	PTT-Archiv, P-260-1_Basel_1908	Basel
Périat	Ernest	négociant		Fahy		1908	187	telefonbuch_189	PTT-Archiv, P-260-1_Basel_1908	Basel
Coullery & Cie.		fabt. d'horlogerie		Fontenais		1908	187	telefonbuch_189	PTT-Archiv, P-260-1_Basel_1908	Basel
Duval	Jos.	maréchal		Fontenais		1908	187	telefonbuch_189	PTT-Archiv, P-260-1_Basel_1908	Basel
Station publique communale	L. Contesse			Fontenais		1908	187	telefonbuch_189	PTT-Archiv, P-260-1_Basel_1908	Basel
Sutterlet	François	aubergiste		Fontenais		1908	187	telefonbuch_189	PTT-Archiv, P-260-1_Basel_1908	Basel
Varrin & Cie.		fabr. de boîtes		Fontenais		1908	187	telefonbuch_189	PTT-Archiv, P-260-1_Basel_1908	Basel
Station communale		(v. page 185)		Frégiécourt		1908	187	telefonbuch_189	PTT-Archiv, P-260-1_Basel_1908	Basel
Station publique communale	J. Babey			Grandfontaine		1908	187	telefonbuch_189	PTT-Archiv, P-260-1_Basel_1908	Basel
Hôtel Lützelhof		Baumann & Schaub		Lucelle		1908	187	telefonbuch_189	PTT-Archiv, P-260-1_Basel_1908	Basel
Henry	Jos.	vins		Lugnez		1908	187	telefonbuch_189	PTT-Archiv, P-260-1_Basel_1908	Basel
Station publique communale	Vve. F. Chapuis	aubergiste		Miécourt		1908	187	telefonbuch_189	PTT-Archiv, P-260-1_Basel_1908	Basel
Station communale		(v. page 185)		Montignez		1908	187	telefonbuch_189	PTT-Archiv, P-260-1_Basel_1908	Basel
Station publique communale	Alfred Biétry			Mormont		1908	187	telefonbuch_189	PTT-Archiv, P-260-1_Basel_1908	Basel
Abattoirs municipaux			Rue des abattoirs	Porrentruy		1908	187	telefonbuch_189	PTT-Archiv, P-260-1_Basel_1908	Basel
Amuat	Albert	fabrique d'horlogerie	Rue neuve	Porrentruy		1908	187	telefonbuch_189	PTT-Archiv, P-260-1_Basel_1908	Basel
Babey-Joly		fabr. de pierres	Avenue Cuenin	Porrentruy		1908	187	telefonbuch_189	PTT-Archiv, P-260-1_Basel_1908	Basel
Balimann	Ernest	avocat	Hôtel des Halles	Porrentruy		1908	187	telefonbuch_189	PTT-Archiv, P-260-1_Basel_1908	Basel
Balimann	E.	avocat (domicile)	Avenue de la gare	Porrentruy		1908	187	telefonbuch_189	PTT-Archiv, P-260-1_Basel_1908	Basel
Banque cantonale			Rue de la préfecture	Porrentruy		1908	187	telefonbuch_189	PTT-Archiv, P-260-1_Basel_1908	Basel
Banque populaire suisse			Rue de Courtedoux	Porrentruy		1908	187	telefonbuch_189	PTT-Archiv, P-260-1_Basel_1908	Basel
Bernard	Charles	vétérinaire	Rue des tilleuls	Porrentruy		1908	187	telefonbuch_189	PTT-Archiv, P-260-1_Basel_1908	Basel
Bigenwald, Charles, & Cie.		négociants	Ruelle de l'étang	Porrentruy		1908	187	telefonbuch_189	PTT-Archiv, P-260-1_Basel_1908	Basel
Bigenwald	Jean	négociant	Rue Centrale	Porrentruy		1908	187	telefonbuch_189	PTT-Archiv, P-260-1_Basel_1908	Basel
Blétry & Matt		négociant	Rue Centrale	Porrentruy		1908	187	telefonbuch_189	PTT-Archiv, P-260-1_Basel_1908	Basel
Bloch	Victor		Rue de Courtedoux	Porrentruy		1908	187	telefonbuch_189	PTT-Archiv, P-260-1_Basel_1908	Basel
Boinay	J.	Dr., avocat	Avenue de la gare	Porrentruy		1908	187	telefonbuch_189	PTT-Archiv, P-260-1_Basel_1908	Basel
Bouvier	François	représentant	Rue de Belfort	Porrentruy		1908	187	telefonbuch_189	PTT-Archiv, P-260-1_Basel_1908	Basel
Brasserie jurassienne S. A. Delémont			à la Schliff	Porrentruy		1908	187	telefonbuch_189	PTT-Archiv, P-260-1_Basel_1908	Basel
Brasserie du Lion à Bâle			Faubourg de Cœuvre	Porrentruy		1908	187	telefonbuch_189	PTT-Archiv, P-260-1_Basel_1908	Basel
Brossard & Kohler		manufacture de chaussures	Rue de Cœuvre	Porrentruy		1908	187	telefonbuch_189	PTT-Archiv, P-260-1_Basel_1908	Basel
Burger	Th.	fabricant	Rue de Courtedoux	Porrentruy		1908	187	telefonbuch_189	PTT-Archiv, P-260-1_Basel_1908	Basel
Burrus-Brugger		Mme.	Rue de Courtedoux	Porrentruy		1908	187	telefonbuch_189	PTT-Archiv, P-260-1_Basel_1908	Basel
Blitzberger	Emil	Café du Jura-Simplon	Place de la gare	Porrentruy		1908	187	telefonbuch_189	PTT-Archiv, P-260-1_Basel_1908	Basel
Buzzi frères		entrepreneurs	Planchettes	Porrentruy		1908	187	telefonbuch_189	PTT-Archiv, P-260-1_Basel_1908	Basel
Ceppi	Ernest	Dr. méd.	Rue du temple	Porrentruy		1908	187	telefonbuch_189	PTT-Archiv, P-260-1_Basel_1908	Basel
Chalverat	J.	avocat	Rue du contrôle	Porrentruy		1908	187	telefonbuch_189	PTT-Archiv, P-260-1_Basel_1908	Basel
Chalverat	J.	avocat (domicile)	Faubourg St-Germain	Porrentruy		1908	187	telefonbuch_189	PTT-Archiv, P-260-1_Basel_1908	Basel
Chapuis	Alfred	fournitures d'horlogerie	Rue de la poste	Porrentruy		1908	187	telefonbuch_189	PTT-Archiv, P-260-1_Basel_1908	Basel
Chapuis	Emile	boucher	Rue du marché	Porrentruy		1908	187	telefonbuch_189	PTT-Archiv, P-260-1_Basel_1908	Basel
Chapuis	Paul	notaire	Avenue Cuenin	Porrentruy		1908	187	telefonbuch_189	PTT-Archiv, P-260-1_Basel_1908	Basel
Chatelain	Ernest	fabricant	Chemin des vauches	Porrentruy		1908	187	telefonbuch_189	PTT-Archiv, P-260-1_Basel_1908	Basel
Chavanne, Kohler & Cie.		rédaction du „Jura“	Place du collège	Porrentruy		1908	187	telefonbuch_189	PTT-Archiv, P-260-1_Basel_1908	Basel
Chemins de fer fédéraux		grande et petite vitesse	Place de la gare	Porrentruy		1908	188	telefonbuch_190	PTT-Archiv, P-260-1_Basel_1908	Basel
Choffat	Léon	Mme.	Rue de la préfecture	Porrentruy		1908	188	telefonbuch_190	PTT-Archiv, P-260-1_Basel_1908	Basel
Choulat	E.	avocat	Rue de la préfecture	Porrentruy		1908	188	telefonbuch_190	PTT-Archiv, P-260-1_Basel_1908	Basel
Choulat	Justin	scierie, commerce de vin	aux Planchettes	Porrentruy		1908	188	telefonbuch_190	PTT-Archiv, P-260-1_Basel_1908	Basel
Contrôle fédéral des ouvrages d'or et d'argent			Rue du contrôle	Porrentruy		1908	188	telefonbuch_190	PTT-Archiv, P-260-1_Basel_1908	Basel
Coopération bruntrutaine			Rue du contrôle	Porrentruy		1908	188	telefonbuch_190	PTT-Archiv, P-260-1_Basel_1908	Basel
Coulon	Louis	& Cie., fabr. d'horlogerie	Rue des tilleuls	Porrentruy		1908	188	telefonbuch_190	PTT-Archiv, P-260-1_Basel_1908	Basel
Cuenat	Henri	avocat	Faubourg de France	Porrentruy		1908	188	telefonbuch_190	PTT-Archiv, P-260-1_Basel_1908	Basel
Dietlin	H.	notaire	Rue de Courgenay	Porrentruy		1908	188	telefonbuch_190	PTT-Archiv, P-260-1_Basel_1908	Basel
Dietlin	Robert	geomètre	rue de la préfecture	Porrentruy		1908	188	telefonbuch_190	PTT-Archiv, P-260-1_Basel_1908	Basel
Donzelot	Victor	négociant	Rue du marché	Porrentruy		1908	188	telefonbuch_190	PTT-Archiv, P-260-1_Basel_1908	Basel
Donzelot	Victor	(domicile)	La Presse	Porrentruy		1908	188	telefonbuch_190	PTT-Archiv, P-260-1_Basel_1908	Basel
Dubail	Jules	fabricant	Rue de Courtedoux	Porrentruy		1908	188	telefonbuch_190	PTT-Archiv, P-260-1_Basel_1908	Basel
Dubail	Louis	négociant	Rue centrale	Porrentruy		1908	188	telefonbuch_190	PTT-Archiv, P-260-1_Basel_1908	Basel
Duvanel		médecin-dentiste	Rue du temple	Porrentruy		1908	188	telefonbuch_190	PTT-Archiv, P-260-1_Basel_1908	Basel
Eberhard	Hermann	entrepreneur	Rue de la Prévoyance	Porrentruy		1908	188	telefonbuch_190	PTT-Archiv, P-260-1_Basel_1908	Basel
Ebnöther	G.	Chef du bureau du télégraphe et du téléphone	Rue de Courtedoux	Porrentruy		1908	188	telefonbuch_190	PTT-Archiv, P-260-1_Basel_1908	Basel
Ecabert	Aug.	grands magasins de la cigogne	Rue centrale	Porrentruy		1908	188	telefonbuch_190	PTT-Archiv, P-260-1_Basel_1908	Basel
Ecabert	François	"""au meilleur marché"""	Rue centrale	Porrentruy		1908	188	telefonbuch_190	PTT-Archiv, P-260-1_Basel_1908	Basel
Ecole cantonale			Collège	Porrentruy		1908	188	telefonbuch_190	PTT-Archiv, P-260-1_Basel_1908	Basel
Ecole d'horlogerie			Rue du contrôle	Porrentruy		1908	188	telefonbuch_190	PTT-Archiv, P-260-1_Basel_1908	Basel
Erard	Benoni	Café de la gare	Avenue de la gare	Porrentruy		1908	188	telefonbuch_190	PTT-Archiv, P-260-1_Basel_1908	Basel
Erhardt	Albert	restaurant du mouton	Rue du Juventuti	Porrentruy		1908	188	telefonbuch_190	PTT-Archiv, P-260-1_Basel_1908	Basel
Etienne	Charles	(Hôtel cheval blanc)	Rue centrale	Porrentruy		1908	188	telefonbuch_190	PTT-Archiv, P-260-1_Basel_1908	Basel
Fattet	Jos.	Bureau	Rue de la poste	Porrentruy		1908	188	telefonbuch_190	PTT-Archiv, P-260-1_Basel_1908	Basel
Favey-Jeanneret		camionnage	Rue de Belfort	Porrentruy		1908	188	telefonbuch_190	PTT-Archiv, P-260-1_Basel_1908	Basel
Favrot	C.	buffet de la gare	Place de la gare	Porrentruy		1908	188	telefonbuch_190	PTT-Archiv, P-260-1_Basel_1908	Basel
Fleury	Albert	négociant	Place du poids publique	Porrentruy		1908	188	telefonbuch_190	PTT-Archiv, P-260-1_Basel_1908	Basel
Frank	Joseph	à la confiance	Rue de la préfecture	Porrentruy		1908	188	telefonbuch_190	PTT-Archiv, P-260-1_Basel_1908	Basel
Frasnetti	Clément	architecte		Porrentruy		1908	188	telefonbuch_190	PTT-Archiv, P-260-1_Basel_1908	Basel
Frei	W.	Vve., vins (succ. Frei & Wyttenbach)	Faubourg de France	Porrentruy		1908	188	telefonbuch_190	PTT-Archiv, P-260-1_Basel_1908	Basel
Fridez		"Veuve, ""Hôtel Suisse"""	Rue de la préfecture	Porrentruy		1908	188	telefonbuch_190	PTT-Archiv, P-260-1_Basel_1908	Basel
Gaignat	Jules	fabr. de vinaigres et essences	Rue du gravier	Porrentruy		1908	188	telefonbuch_190	PTT-Archiv, P-260-1_Basel_1908	Basel
Gendarmerie cantonale			Rue du marché	Porrentruy		1908	188	telefonbuch_190	PTT-Archiv, P-260-1_Basel_1908	Basel
Gigon	L.	pharmacie	Rue du marché	Porrentruy		1908	188	telefonbuch_190	PTT-Archiv, P-260-1_Basel_1908	Basel
Gindrat	Victor	négociant	Cour aux moines	Porrentruy		1908	188	telefonbuch_190	PTT-Archiv, P-260-1_Basel_1908	Basel
Glanzmann	Joseph	boucher	Rue centrale	Porrentruy		1908	188	telefonbuch_190	PTT-Archiv, P-260-1_Basel_1908	Basel
Gogniat	Simon	gérant	Place de la gare	Porrentruy		1908	188	telefonbuch_190	PTT-Archiv, P-260-1_Basel_1908	Basel
Grenouillet	Léon	march. de vin	Rue de Courtedoux	Porrentruy		1908	188	telefonbuch_190	PTT-Archiv, P-260-1_Basel_1908	Basel
Grimler	Paul	boucher	Rue du marché	Porrentruy		1908	188	telefonbuch_190	PTT-Archiv, P-260-1_Basel_1908	Basel
Guenin	P.	médecin-dentiste	Avenue Cuenin	Porrentruy		1908	188	telefonbuch_190	PTT-Archiv, P-260-1_Basel_1908	Basel
Guillerey	J.	Dr., vétérinaire	Rue neuve	Porrentruy		1908	188	telefonbuch_190	PTT-Archiv, P-260-1_Basel_1908	Basel
Haasenstein & Vogler		agence	Rue du marché	Porrentruy		1908	188	telefonbuch_190	PTT-Archiv, P-260-1_Basel_1908	Basel
Hirsch	Sylvain		Grande rue	Porrentruy		1908	188	telefonbuch_190	PTT-Archiv, P-260-1_Basel_1908	Basel
Hôpital civil du district			Grande rue	Porrentruy		1908	188	telefonbuch_190	PTT-Archiv, P-260-1_Basel_1908	Basel
Hôtel cheval blanc		(Charles Etienne)	Rue centrale	Porrentruy		1908	188	telefonbuch_190	PTT-Archiv, P-260-1_Basel_1908	Basel
Hôtel Gare		(Meyer-Kieser)	Place de la gare	Porrentruy		1908	188	telefonbuch_190	PTT-Archiv, P-260-1_Basel_1908	Basel
Hôtel International		(Meyer frères)	Allée des soupirs	Porrentruy		1908	188	telefonbuch_190	PTT-Archiv, P-260-1_Basel_1908	Basel
Hôtel du Jura		Vve. François Voirol	Rue centrale	Porrentruy		1908	189	telefonbuch_191	PTT-Archiv, P-260-1_Basel_1908	Basel
Hôtel National		Maitre, A.	Avenue de la gare	Porrentruy		1908	189	telefonbuch_191	PTT-Archiv, P-260-1_Basel_1908	Basel
Hôtel Suisse		Vve. Jos. Fridez	Rue de la préfecture	Porrentruy		1908	189	telefonbuch_191	PTT-Archiv, P-260-1_Basel_1908	Basel
Houlmann	Ed.	Dr. méd.	Rue du temple	Porrentruy		1908	189	telefonbuch_191	PTT-Archiv, P-260-1_Basel_1908	Basel
Huber	Albert	voiturier	Rue du gravier	Porrentruy		1908	189	telefonbuch_191	PTT-Archiv, P-260-1_Basel_1908	Basel
Hublard	A.	Café	Faubourg de Cœuve	Porrentruy		1908	189	telefonbuch_191	PTT-Archiv, P-260-1_Basel_1908	Basel
Hublard	Jos.	magasin de chaussure	Grande rue	Porrentruy		1908	189	telefonbuch_191	PTT-Archiv, P-260-1_Basel_1908	Basel
Hubleur		pharmacie	Rue centrale	Porrentruy		1908	189	telefonbuch_191	PTT-Archiv, P-260-1_Basel_1908	Basel
Hüsser	Jean	photographe	Avenue de la gare	Porrentruy		1908	189	telefonbuch_191	PTT-Archiv, P-260-1_Basel_1908	Basel
Jobin	Paul	fabrique d'horlogerie	Rue de Courgenay	Porrentruy		1908	189	telefonbuch_191	PTT-Archiv, P-260-1_Basel_1908	Basel
Joly	Victor	vins	Rue de Courgenay	Porrentruy		1908	189	telefonbuch_191	PTT-Archiv, P-260-1_Basel_1908	Basel
Juillard	Emile	fabr. d'horlogerie	Rue des tilleuls	Porrentruy		1908	189	telefonbuch_191	PTT-Archiv, P-260-1_Basel_1908	Basel
Kenel	Wilh	fabt. d'horlogerie	Avenue de la gare	Porrentruy		1908	189	telefonbuch_191	PTT-Archiv, P-260-1_Basel_1908	Basel
Kohler	X.	notaire	Rue du Juventuti	Porrentruy		1908	189	telefonbuch_191	PTT-Archiv, P-260-1_Basel_1908	Basel
Kramer	J..	pharmacien	Rue du marché	Porrentruy		1908	189	telefonbuch_191	PTT-Archiv, P-260-1_Basel_1908	Basel
Lachat	Felix	commerce de beurre et fromage	Rue du marché	Porrentruy		1908	189	telefonbuch_191	PTT-Archiv, P-260-1_Basel_1908	Basel
Lang	Louis	fabricant d'horlogerie	Rue neuve	Porrentruy		1908	189	telefonbuch_191	PTT-Archiv, P-260-1_Basel_1908	Basel
L'Homme	Ch.	Mme. Vve.	Rue centrale	Porrentruy		1908	189	telefonbuch_191	PTT-Archiv, P-260-1_Basel_1908	Basel
L'Hoste	X.	camionneur et voiturier	Rue du gravier	Porrentruy		1908	189	telefonbuch_191	PTT-Archiv, P-260-1_Basel_1908	Basel
„Lion“		manufacture d’horlogerie (Albert Kenel & Co.)	Rue de Belfort	Porrentruy		1908	189	telefonbuch_191	PTT-Archiv, P-260-1_Basel_1908	Basel
Maillat	Jos.	maire	Rue de la préfecture	Porrentruy		1908	189	telefonbuch_191	PTT-Archiv, P-260-1_Basel_1908	Basel
Maitre	A.	Hôtel National	Avenue de la gare	Porrentruy		1908	189	telefonbuch_191	PTT-Archiv, P-260-1_Basel_1908	Basel
Mandelert		Dr. med.	Faubourg de France	Porrentruy		1908	189	telefonbuch_191	PTT-Archiv, P-260-1_Basel_1908	Basel
Manufacture de chaussures „Minerva“			Allée des soupirs	Porrentruy		1908	189	telefonbuch_191	PTT-Archiv, P-260-1_Basel_1908	Basel
Marquis	B.	Imprimerie	Rue du marché	Porrentruy		1908	189	telefonbuch_191	PTT-Archiv, P-260-1_Basel_1908	Basel
Membrez	Jos.	Café des deux clefs	Rue de la poste	Porrentruy		1908	189	telefonbuch_191	PTT-Archiv, P-260-1_Basel_1908	Basel
Meyer frères		Hôtel International	Allée des soupirs	Porrentruy		1908	189	telefonbuch_191	PTT-Archiv, P-260-1_Basel_1908	Basel
Meyer-Kieser		Hôtel Gare	Place de la gare	Porrentruy		1908	189	telefonbuch_191	PTT-Archiv, P-260-1_Basel_1908	Basel
Michel	Emile	restaurant du Faucon	Rue de la Préfecture	Porrentruy		1908	189	telefonbuch_191	PTT-Archiv, P-260-1_Basel_1908	Basel
Milliet	S.	représentant	Avenue Cuenin	Porrentruy		1908	189	telefonbuch_191	PTT-Archiv, P-260-1_Basel_1908	Basel
Monnin, Rebetez & Cie.		fabr. d'horlogerie	Avenue Cuenin	Porrentruy		1908	189	telefonbuch_191	PTT-Archiv, P-260-1_Basel_1908	Basel
Mouche	J.	notaire	Rue de Belfort	Porrentruy		1908	189	telefonbuch_191	PTT-Archiv, P-260-1_Basel_1908	Basel
Municipalité		Secrétariat municipal	Hôtel de ville	Porrentruy		1908	189	telefonbuch_191	PTT-Archiv, P-260-1_Basel_1908	Basel
Nicolet		Dr. med.	Rue de la poste	Porrentruy		1908	189	telefonbuch_191	PTT-Archiv, P-260-1_Basel_1908	Basel
Orphelinat du district			Château	Porrentruy		1908	189	telefonbuch_191	PTT-Archiv, P-260-1_Basel_1908	Basel
Oser	Emile	boucher	Rue de l’église	Porrentruy		1908	189	telefonbuch_191	PTT-Archiv, P-260-1_Basel_1908	Basel
Parietti, frères		entrepreneurs	Rue de Belfort	Porrentruy		1908	189	telefonbuch_191	PTT-Archiv, P-260-1_Basel_1908	Basel
Peronne	Albert	chaussures	Rue du marché	Porrentruy		1908	189	telefonbuch_191	PTT-Archiv, P-260-1_Basel_1908	Basel
Perrot	Gustave	Café du raisin	Place du collège	Porrentruy		1908	189	telefonbuch_191	PTT-Archiv, P-260-1_Basel_1908	Basel
Perucchi	François	architecte	Avenue Cuenin	Porrentruy		1908	189	telefonbuch_191	PTT-Archiv, P-260-1_Basel_1908	Basel
Petignat-Voillat	G.	boucherie	Faubourg de Cœuve	Porrentruy		1908	189	telefonbuch_191	PTT-Archiv, P-260-1_Basel_1908	Basel
Philipp-Baumgartner		scierie à vapeur	Avenue de Lorette	Porrentruy		1908	189	telefonbuch_191	PTT-Archiv, P-260-1_Basel_1908	Basel
Pinaton	Ernest	boucher	Rue du Juventuti	Porrentruy		1908	189	telefonbuch_191	PTT-Archiv, P-260-1_Basel_1908	Basel
Police locale			Hôtel de ville	Porrentruy		1908	189	telefonbuch_191	PTT-Archiv, P-260-1_Basel_1908	Basel
Postes		ville	Rue de la poste	Porrentruy		1908	189	telefonbuch_191	PTT-Archiv, P-260-1_Basel_1908	Basel
Postes		transit	Place de la gare	Porrentruy		1908	189	telefonbuch_191	PTT-Archiv, P-260-1_Basel_1908	Basel
Poulet	Louis	& Cie.	Rue neuve	Porrentruy		1908	189	telefonbuch_191	PTT-Archiv, P-260-1_Basel_1908	Basel
Préfecture du district			Rue de la préfecture	Porrentruy		1908	189	telefonbuch_191	PTT-Archiv, P-260-1_Basel_1908	Basel
Riat & Hintzy		fabricants d'horlogerie	Rue des planchettes	Porrentruy		1908	190	telefonbuch_192	PTT-Archiv, P-260-1_Basel_1908	Basel
Riba	C.	vins	Rue de Fontenais	Porrentruy		1908	190	telefonbuch_192	PTT-Archiv, P-260-1_Basel_1908	Basel
Riche	Nicolas	meunier	Pont d'Able	Porrentruy		1908	190	telefonbuch_192	PTT-Archiv, P-260-1_Basel_1908	Basel
Robert	J.	fondeur de cloches	Avenue de Lorette	Porrentruy		1908	190	telefonbuch_192	PTT-Archiv, P-260-1_Basel_1908	Basel
Rossé	J.	négociant	Avenue de la gare	Porrentruy		1908	190	telefonbuch_192	PTT-Archiv, P-260-1_Basel_1908	Basel
Salomon	Benj.	mercerie et tissus	Rue de l'église	Porrentruy		1908	190	telefonbuch_192	PTT-Archiv, P-260-1_Basel_1908	Basel
Schaltenbrand	A.	négociant	Tuilerie	Porrentruy		1908	190	telefonbuch_192	PTT-Archiv, P-260-1_Basel_1908	Basel
Schlachter	Jos.	restaurant	Avenue de la gare	Porrentruy		1908	190	telefonbuch_192	PTT-Archiv, P-260-1_Basel_1908	Basel
Schmid	Otto	avocat	Rue de Courtedoux	Porrentruy		1908	190	telefonbuch_192	PTT-Archiv, P-260-1_Basel_1908	Basel
Schmoll	Léopold	Commerce de chevaux	Rue de Courtedoux	Porrentruy		1908	190	telefonbuch_192	PTT-Archiv, P-260-1_Basel_1908	Basel
Schwob	Lucien	grands Magasins	Rue du marché	Porrentruy		1908	190	telefonbuch_192	PTT-Archiv, P-260-1_Basel_1908	Basel
Simon, Burger & Gressot		fabrique d'horlogerie	Avenue de la gare	Porrentruy		1908	190	telefonbuch_192	PTT-Archiv, P-260-1_Basel_1908	Basel
Arn	Gustave	Société anonyme des forces motrices du Doubs : directeur (domicile)	Rue de Courtedoux	Porrentruy		1908	190	telefonbuch_192	PTT-Archiv, P-260-1_Basel_1908	Basel
Reichler	F.	Société anonyme des forces motrices du Doubs : chef-monteur (domicile)	Rue du gravier	Porrentruy		1908	190	telefonbuch_192	PTT-Archiv, P-260-1_Basel_1908	Basel
Société horlogère			Chemin de la fabrique	Porrentruy		1908	190	telefonbuch_192	PTT-Archiv, P-260-1_Basel_1908	Basel
Société des oeuvres catholiques			aux tilleuls	Porrentruy		1908	190	telefonbuch_192	PTT-Archiv, P-260-1_Basel_1908	Basel
Société typographique			Faubourg de France	Porrentruy		1908	190	telefonbuch_192	PTT-Archiv, P-260-1_Basel_1908	Basel
Sommer	J.	commerce de fromage et de beurre	Grande rue	Porrentruy		1908	190	telefonbuch_192	PTT-Archiv, P-260-1_Basel_1908	Basel
Sommer	Jean	fruiterie	Avenue de Lorette	Porrentruy		1908	190	telefonbuch_192	PTT-Archiv, P-260-1_Basel_1908	Basel
Spira	A. et G.	bonneterie	Rue de Courgenay	Porrentruy		1908	190	telefonbuch_192	PTT-Archiv, P-260-1_Basel_1908	Basel
Theurillat & Cie.		fabricants d'horlogerie	La Rasse	Porrentruy		1908	190	telefonbuch_192	PTT-Archiv, P-260-1_Basel_1908	Basel
Theurillat	Jules	fabricant d'horlogerie	Rue de Courtedoux	Porrentruy		1908	190	telefonbuch_192	PTT-Archiv, P-260-1_Basel_1908	Basel
Tschirhart	Bernard	négt. vins	Avenue de la gare	Porrentruy		1908	190	telefonbuch_192	PTT-Archiv, P-260-1_Basel_1908	Basel
Usines à gaz			Rue des abattoirs	Porrentruy		1908	190	telefonbuch_192	PTT-Archiv, P-260-1_Basel_1908	Basel
Vallat	Maurice	architecte	Faubourg St-Germain	Porrentruy		1908	190	telefonbuch_192	PTT-Archiv, P-260-1_Basel_1908	Basel
Vallet	Léon	vins	Rue de la poste	Porrentruy		1908	190	telefonbuch_192	PTT-Archiv, P-260-1_Basel_1908	Basel
Varrin-Comment		fabrique d'horlogerie	Avenue Cuenin	Porrentruy		1908	190	telefonbuch_192	PTT-Archiv, P-260-1_Basel_1908	Basel
Vermot	G. P.		Carrière l'oiselier	Porrentruy		1908	190	telefonbuch_192	PTT-Archiv, P-260-1_Basel_1908	Basel
Viatte	G.	Dr. méd.	Avenue Cuenin	Porrentruy		1908	190	telefonbuch_192	PTT-Archiv, P-260-1_Basel_1908	Basel
Voirol	François	Vve., Hôtel du Jura	Rue centrale	Porrentruy		1908	190	telefonbuch_192	PTT-Archiv, P-260-1_Basel_1908	Basel
Von Dach	E.	négociant	Faubourg de France	Porrentruy		1908	190	telefonbuch_192	PTT-Archiv, P-260-1_Basel_1908	Basel
Weill-Hagenauer		ameublements	Grande rue	Porrentruy		1908	190	telefonbuch_192	PTT-Archiv, P-260-1_Basel_1908	Basel
Wilhem	A.	Dr. méd	Grande rue	Porrentruy		1908	190	telefonbuch_192	PTT-Archiv, P-260-1_Basel_1908	Basel
Barthe	Lucien	Station publique communale, aubergiste		Réclère		1908	190	telefonbuch_192	PTT-Archiv, P-260-1_Basel_1908	Basel
Jubin	François	Station publique communale		Rocourt		1908	190	telefonbuch_192	PTT-Archiv, P-260-1_Basel_1908	Basel
Station communale		(v. page 185)		Vendlincourt		1908	190	telefonbuch_192	PTT-Archiv, P-260-1_Basel_1908	Basel
Créchard	J.	Station publique communale		Villars-sur-Fontenais		1908	190	telefonbuch_192	PTT-Archiv, P-260-1_Basel_1908	Basel
Thommen-Itin	A.			Arboldswil		1908	191	telefonbuch_193	PTT-Archiv, P-260-1_Basel_1908	Basel
Dettwiler	Jakob			Lauwil		1908	191	telefonbuch_193	PTT-Archiv, P-260-1_Basel_1908	Basel
Postablage				Titterten		1908	191	telefonbuch_193	PTT-Archiv, P-260-1_Basel_1908	Basel
Wirtschaft Althaus		Gemeindesprechstation		Bretzwil		1908	191	telefonbuch_193	PTT-Archiv, P-260-1_Basel_1908	Basel
Kellerhals-Obrecht	J. J.	Gasthaus zur Blume		Bretzwil		1908	191	telefonbuch_193	PTT-Archiv, P-260-1_Basel_1908	Basel
Erzer	R.	Arzt		Reigoldswil		1908	191	telefonbuch_193	PTT-Archiv, P-260-1_Basel_1908	Basel
Gysin-Schneider	Ad.	Bäckerei und Handlung		Reigoldswil		1908	191	telefonbuch_193	PTT-Archiv, P-260-1_Basel_1908	Basel
Hartmann		Gebrüder, Eichen		Reigoldswil		1908	191	telefonbuch_193	PTT-Archiv, P-260-1_Basel_1908	Basel
Jundt-Roth	E.	Bäckerei und Wirtschaft		Reigoldswil		1908	191	telefonbuch_193	PTT-Archiv, P-260-1_Basel_1908	Basel
Plattner	Ferd.	Gasthaus zur „Sonne“		Reigoldswil		1908	191	telefonbuch_193	PTT-Archiv, P-260-1_Basel_1908	Basel
Schneider	G.	Weinhandlung		Reigoldswil		1908	191	telefonbuch_193	PTT-Archiv, P-260-1_Basel_1908	Basel
Gasthaus zum Rössli		Gemeindesprechstation		Ziefen		1908	191	telefonbuch_193	PTT-Archiv, P-260-1_Basel_1908	Basel
Telegraphenbureau		Oeffentliche Sprechstation, Aufgaberaum		Rheinfelden		1908	192	telefonbuch_194	PTT-Archiv, P-260-1_Basel_1908	Basel
Reimann	Otto	Gemeindestation		Hellikon		1908	192	telefonbuch_194	PTT-Archiv, P-260-1_Basel_1908	Basel
Haumüller	G.	Gemeindestation, z. Rössli		Olsberg		1908	192	telefonbuch_194	PTT-Archiv, P-260-1_Basel_1908	Basel
Herzog	Alb.	Gemeindestation, z. Pinte		Wegenstetten		1908	192	telefonbuch_194	PTT-Archiv, P-260-1_Basel_1908	Basel
Speiser	Ed.	Gemeindestation, z. Adler		Zeiningen		1908	192	telefonbuch_194	PTT-Archiv, P-260-1_Basel_1908	Basel
Postbureau		Gemeindestation		Zuzgen		1908	192	telefonbuch_194	PTT-Archiv, P-260-1_Basel_1908	Basel
Rüsch	Gustav	Metzger und Wirt zur „Blume“		Magden		1908	192	telefonbuch_194	PTT-Archiv, P-260-1_Basel_1908	Basel
Baumann	Emil	Bäckermeister		Möhlin		1908	192	telefonbuch_194	PTT-Archiv, P-260-1_Basel_1908	Basel
Brenner	Oskar	Gasthaus zur Sonne		Möhlin		1908	192	telefonbuch_194	PTT-Archiv, P-260-1_Basel_1908	Basel
Gamper-Waldmeyer	A.	Architekt		Möhlin		1908	192	telefonbuch_194	PTT-Archiv, P-260-1_Basel_1908	Basel
Delz	F. X.	Gemeindesprechstation, Coiffeur		Möhlin		1908	192	telefonbuch_194	PTT-Archiv, P-260-1_Basel_1908	Basel
Herzog-Hofbauer	J.	Dr. med., Arzt		Möhlin		1908	192	telefonbuch_194	PTT-Archiv, P-260-1_Basel_1908	Basel
Kaufmann	S.	Hôtel Adler		Möhlin		1908	192	telefonbuch_194	PTT-Archiv, P-260-1_Basel_1908	Basel
Soder-Baumann		Wwe., Bäckerei		Möhlin		1908	192	telefonbuch_194	PTT-Archiv, P-260-1_Basel_1908	Basel
Soolbad Sonnenberg		Pächter: E. Hollenweger		Möhlin		1908	192	telefonbuch_194	PTT-Archiv, P-260-1_Basel_1908	Basel
Spar- und Leihkasse Möhlin				Möhlin		1908	192	telefonbuch_194	PTT-Archiv, P-260-1_Basel_1908	Basel
Steingutfabrik Niederweiler		A.-G., Filialfabrik		Möhlin		1908	192	telefonbuch_194	PTT-Archiv, P-260-1_Basel_1908	Basel
Surber	Geschwister	Hôtel Bahnhof		Möhlin		1908	192	telefonbuch_194	PTT-Archiv, P-260-1_Basel_1908	Basel
Aarg. Rettungsanstalt Pestalozzistiftung				Olsberg		1908	192	telefonbuch_194	PTT-Archiv, P-260-1_Basel_1908	Basel
Aktienbrauerei zum Feldschlösschen		Roniger, Direktor		Rheinfelden		1908	192	telefonbuch_194	PTT-Archiv, P-260-1_Basel_1908	Basel
Badarmenanstalt				Rheinfelden		1908	192	telefonbuch_194	PTT-Archiv, P-260-1_Basel_1908	Basel
Bahnhof-Restaurant zur Quelle				Rheinfelden		1908	192	telefonbuch_194	PTT-Archiv, P-260-1_Basel_1908	Basel
Bauer-Billet	A.	Metzger	Marktgasse 106	Rheinfelden		1908	192	telefonbuch_194	PTT-Archiv, P-260-1_Basel_1908	Basel
Bauer-Ciaudo	C.		Rheinlust	Rheinfelden		1908	193	telefonbuch_195	PTT-Archiv, P-260-1_Basel_1908	Basel
Bertrand & Cie.		mech. Wollspinnerei und Weberei		Rheinfelden		1908	193	telefonbuch_195	PTT-Archiv, P-260-1_Basel_1908	Basel
Bezirksamt Rheinfelden			Amthaus	Rheinfelden		1908	193	telefonbuch_195	PTT-Archiv, P-260-1_Basel_1908	Basel
Bollag	Leopold	zur Rheinfelder Warenhalle		Rheinfelden		1908	193	telefonbuch_195	PTT-Archiv, P-260-1_Basel_1908	Basel
Bossart-Geigy	F.	Dr. med., Bezirksarzt		Rheinfelden		1908	193	telefonbuch_195	PTT-Archiv, P-260-1_Basel_1908	Basel
Dietschy	J. V.	Hôtel zur Krone		Rheinfelden		1908	193	telefonbuch_195	PTT-Archiv, P-260-1_Basel_1908	Basel
Dietschy	J. V.	Hôtel des salines		Rheinfelden		1908	193	telefonbuch_195	PTT-Archiv, P-260-1_Basel_1908	Basel
Dietschy	J. V.	Villa du parc		Rheinfelden		1908	193	telefonbuch_195	PTT-Archiv, P-260-1_Basel_1908	Basel
Dietschy & Leemann		Technisches Bureau	Salinenstrasse 380	Rheinfelden		1908	193	telefonbuch_195	PTT-Archiv, P-260-1_Basel_1908	Basel
Doge	Louis		Olsbergerstrasse 684	Rheinfelden		1908	193	telefonbuch_195	PTT-Archiv, P-260-1_Basel_1908	Basel
Doge & Co.		Cigarrenfabrik	Kunzenthal 448	Rheinfelden		1908	193	telefonbuch_195	PTT-Archiv, P-260-1_Basel_1908	Basel
Doser	A.	Fürsprech und Notar		Rheinfelden		1908	193	telefonbuch_195	PTT-Archiv, P-260-1_Basel_1908	Basel
Ersparniskasse Rheinfelden			Kirchplatz	Rheinfelden		1908	193	telefonbuch_195	PTT-Archiv, P-260-1_Basel_1908	Basel
Fassfabriken, Mech., A.-G.		Zürich und Rheinfelden		Rheinfelden		1908	193	telefonbuch_195	PTT-Archiv, P-260-1_Basel_1908	Basel
Feldschlösschen-Stadt		Restaurant	Marktgasse 23	Rheinfelden		1908	193	telefonbuch_195	PTT-Archiv, P-260-1_Basel_1908	Basel
Frey	Emil	Dr.		Rheinfelden		1908	193	telefonbuch_195	PTT-Archiv, P-260-1_Basel_1908	Basel
Fricker	E.		Marktgasse 17	Rheinfelden		1908	193	telefonbuch_195	PTT-Archiv, P-260-1_Basel_1908	Basel
Gaeng	Oskar	Dr., Fürsprech und Notar		Rheinfelden		1908	193	telefonbuch_195	PTT-Archiv, P-260-1_Basel_1908	Basel
Gasfabrik				Rheinfelden		1908	193	telefonbuch_195	PTT-Archiv, P-260-1_Basel_1908	Basel
Gas- und Wasserwerk, Städtisches		Gemeindekanzlei, Stadtkanzlei		Rheinfelden		1908	193	telefonbuch_195	PTT-Archiv, P-260-1_Basel_1908	Basel
Gemeindekanzlei (Stadtkanzlei)			Marktgasse 39	Rheinfelden		1908	193	telefonbuch_195	PTT-Archiv, P-260-1_Basel_1908	Basel
Gemeindesprechstation		Ernst Waldmeier, Kaufmann		Rheinfelden		1908	193	telefonbuch_195	PTT-Archiv, P-260-1_Basel_1908	Basel
Gersbach-Lenzi	G.	Tierarzt	Marktgasse 37	Rheinfelden		1908	193	telefonbuch_195	PTT-Archiv, P-260-1_Basel_1908	Basel
Grawehr-Trueb	K.	Dr. med.	Kirchplatz 185	Rheinfelden		1908	193	telefonbuch_195	PTT-Archiv, P-260-1_Basel_1908	Basel
Habich-Dietschy	C.		Marktgasse 43	Rheinfelden		1908	193	telefonbuch_195	PTT-Archiv, P-260-1_Basel_1908	Basel
Habich-Zollikofer	Franz	Architekt, Villa Erika		Rheinfelden		1908	193	telefonbuch_195	PTT-Archiv, P-260-1_Basel_1908	Basel
Haemel	Franz	Direktor	auf Robersten	Rheinfelden		1908	193	telefonbuch_195	PTT-Archiv, P-260-1_Basel_1908	Basel
Hauri	Ad.	Metzger	Oberthorplatz 287	Rheinfelden		1908	193	telefonbuch_195	PTT-Archiv, P-260-1_Basel_1908	Basel
Hausammann	Georg	Hôtel Schiff		Rheinfelden		1908	193	telefonbuch_195	PTT-Archiv, P-260-1_Basel_1908	Basel
Herzog	U.	Buchdruckerei der „Volksstimme“	Gaisgasse 279	Rheinfelden		1908	193	telefonbuch_195	PTT-Archiv, P-260-1_Basel_1908	Basel
Hess	J.	Baumeister	Zürcherstrasse 431	Rheinfelden		1908	193	telefonbuch_195	PTT-Archiv, P-260-1_Basel_1908	Basel
Höstermann	Ad.	Hotel Engel		Rheinfelden		1908	193	telefonbuch_195	PTT-Archiv, P-260-1_Basel_1908	Basel
Hôtel Bahnhof				Rheinfelden		1908	193	telefonbuch_195	PTT-Archiv, P-260-1_Basel_1908	Basel
Hôtel 3 Könige		Ernst Schaaf		Rheinfelden		1908	193	telefonbuch_195	PTT-Archiv, P-260-1_Basel_1908	Basel
Hôtel Engel		Ad. Höstermann		Rheinfelden		1908	193	telefonbuch_195	PTT-Archiv, P-260-1_Basel_1908	Basel
Hôtel Krone		J. V. Dietschy		Rheinfelden		1908	193	telefonbuch_195	PTT-Archiv, P-260-1_Basel_1908	Basel
Hôtel Ochsen		W. Reichert		Rheinfelden		1908	193	telefonbuch_195	PTT-Archiv, P-260-1_Basel_1908	Basel
Hôtel des salines		J. V. Dietschy		Rheinfelden		1908	193	telefonbuch_195	PTT-Archiv, P-260-1_Basel_1908	Basel
Hôtel Schiff		Georg Hausammann		Rheinfelden		1908	193	telefonbuch_195	PTT-Archiv, P-260-1_Basel_1908	Basel
Hôtel Schützen		Fr. Kottmann		Rheinfelden		1908	193	telefonbuch_195	PTT-Archiv, P-260-1_Basel_1908	Basel
Keller	H.	Dr.		Rheinfelden		1908	193	telefonbuch_195	PTT-Archiv, P-260-1_Basel_1908	Basel
Kottmann	Fr.	Hôtel zum „Schützen“		Rheinfelden		1908	193	telefonbuch_195	PTT-Archiv, P-260-1_Basel_1908	Basel
Kraftübertragungswerke Rheinfelden				Rheinfelden		1908	193	telefonbuch_195	PTT-Archiv, P-260-1_Basel_1908	Basel
Kraftübertragungswerke Rheinfelden		Bureau des Leitungsingenieurs	Theodorshof	Rheinfelden		1908	193	telefonbuch_195	PTT-Archiv, P-260-1_Basel_1908	Basel
Kraftübertragungswerke Rheinfelden		Unterstation Rheinfelden		Rheinfelden		1908	193	telefonbuch_195	PTT-Archiv, P-260-1_Basel_1908	Basel
Kraftübertragungswerke Rheinfelden		Unter-Centrale	bei der Rheinlust	Rheinfelden		1908	193	telefonbuch_195	PTT-Archiv, P-260-1_Basel_1908	Basel
Liewen	M.	Tabakfabrik		Rheinfelden		1908	193	telefonbuch_195	PTT-Archiv, P-260-1_Basel_1908	Basel
Margreth	Bernhard		ob. Salinenstrasse	Rheinfelden		1908	193	telefonbuch_195	PTT-Archiv, P-260-1_Basel_1908	Basel
Meppiel & Teuber		zur Blume	Marktgasse 113	Rheinfelden		1908	194	telefonbuch_196	PTT-Archiv, P-260-1_Basel_1908	Basel
Postbureau				Rheinfelden		1908	194	telefonbuch_196	PTT-Archiv, P-260-1_Basel_1908	Basel
Reichert	Wilh.	Gasthaus zum Ochsen		Rheinfelden		1908	194	telefonbuch_196	PTT-Archiv, P-260-1_Basel_1908	Basel
Roniger-Blatt	Th.	Bel Air		Rheinfelden		1908	194	telefonbuch_196	PTT-Archiv, P-260-1_Basel_1908	Basel
Rüsch	Adolf	Metzger	Marktgasse 94	Rheinfelden		1908	194	telefonbuch_196	PTT-Archiv, P-260-1_Basel_1908	Basel
Salmenbräu Rheinfelden		A.-G., Bureau Kloos		Rheinfelden		1908	194	telefonbuch_196	PTT-Archiv, P-260-1_Basel_1908	Basel
Salmenbräu Rheinfelden		Wirtschaft zum Salmen		Rheinfelden		1908	194	telefonbuch_196	PTT-Archiv, P-260-1_Basel_1908	Basel
Schaaf	Ernst	Hotel 3 Könige		Rheinfelden		1908	194	telefonbuch_196	PTT-Archiv, P-260-1_Basel_1908	Basel
Schär	Fritz	Baugeschäft	Zürcherstrasse	Rheinfelden		1908	194	telefonbuch_196	PTT-Archiv, P-260-1_Basel_1908	Basel
Schneider-Obrist	O.	Metzger	Gaisgasse 277	Rheinfelden		1908	194	telefonbuch_196	PTT-Archiv, P-260-1_Basel_1908	Basel
Schweizerische Rheinsalinen		Saline Ryburg		Rheinfelden		1908	194	telefonbuch_196	PTT-Archiv, P-260-1_Basel_1908	Basel
Schweizerische Rheinsalinen		Probstei	Kirchplatz 312	Rheinfelden		1908	194	telefonbuch_196	PTT-Archiv, P-260-1_Basel_1908	Basel
Sibold	Joh.	Metzger	Marktgasse 21	Rheinfelden		1908	194	telefonbuch_196	PTT-Archiv, P-260-1_Basel_1908	Basel
Soder-Elgg	B.	mech. Werkstätte		Rheinfelden		1908	194	telefonbuch_196	PTT-Archiv, P-260-1_Basel_1908	Basel
Sprenger	Bernhard	zur Schwibbogenmühle	Marktgasse 118	Rheinfelden		1908	194	telefonbuch_196	PTT-Archiv, P-260-1_Basel_1908	Basel
Sprenger	Jos.	Konditor	Marktgasse 100	Rheinfelden		1908	194	telefonbuch_196	PTT-Archiv, P-260-1_Basel_1908	Basel
Stadtkanzlei (Gemeindekanzlei)			Marktgasse 39	Rheinfelden		1908	194	telefonbuch_196	PTT-Archiv, P-260-1_Basel_1908	Basel
Vogel	Karl		Zürcherstrasse 425	Rheinfelden		1908	194	telefonbuch_196	PTT-Archiv, P-260-1_Basel_1908	Basel
Völlmy	Hans	Rohrmöbelfabrik	Bahnhofquartier 545	Rheinfelden		1908	194	telefonbuch_196	PTT-Archiv, P-260-1_Basel_1908	Basel
Wäckerlin	Fr.	Tierarzt	Kaiserstrasse 497	Rheinfelden		1908	194	telefonbuch_196	PTT-Archiv, P-260-1_Basel_1908	Basel
Welti	Adolf	Dr., Arzt		Rheinfelden		1908	194	telefonbuch_196	PTT-Archiv, P-260-1_Basel_1908	Basel
Wuhrmann & Moff		Cigarrenfabrik	Kaiserstrasse	Rheinfelden		1908	194	telefonbuch_196	PTT-Archiv, P-260-1_Basel_1908	Basel
Wüthrich-Jenny	M.		Hohle Gasse 389	Rheinfelden		1908	194	telefonbuch_196	PTT-Archiv, P-260-1_Basel_1908	Basel
Zollikofer'sche Apotheke			Marktgasse 40	Rheinfelden		1908	194	telefonbuch_196	PTT-Archiv, P-260-1_Basel_1908	Basel
Ackermann	E.	Soolbad, Schiff		Ryburg		1908	194	telefonbuch_196	PTT-Archiv, P-260-1_Basel_1908	Basel
Metzger	Franz	Wirt und Handlung		Ryburg		1908	194	telefonbuch_196	PTT-Archiv, P-260-1_Basel_1908	Basel
Schweizerische Rheinsalinen		Saline Ryburg		Ryburg		1908	194	telefonbuch_196	PTT-Archiv, P-260-1_Basel_1908	Basel
Steingutfabrik Niederweiler		A.-G.		Ryburg		1908	194	telefonbuch_196	PTT-Archiv, P-260-1_Basel_1908	Basel
Gemeindestation		(s. Seite 192)		Wegenstetten		1908	194	telefonbuch_196	PTT-Archiv, P-260-1_Basel_1908	Basel
Gemeindestation		(s. Seite 192)		Zeiningen		1908	194	telefonbuch_196	PTT-Archiv, P-260-1_Basel_1908	Basel
Gemeindestation		(s. Seite 192)		Zuzgen		1908	194	telefonbuch_196	PTT-Archiv, P-260-1_Basel_1908	Basel
Jeannerat	F.			Epauvillers		1908	195	telefonbuch_197	PTT-Archiv, P-260-1_Basel_1908	Basel
Bureau des postes				Ocourt		1908	195	telefonbuch_197	PTT-Archiv, P-260-1_Basel_1908	Basel
Société anonyme des forces motrices du Doubs				Bellefontaine		1908	195	telefonbuch_197	PTT-Archiv, P-260-1_Basel_1908	Basel
Station communale		(v. ci-haut)		Epauvillers		1908	195	telefonbuch_197	PTT-Archiv, P-260-1_Basel_1908	Basel
Berdat		Station publique communale, aubergiste		Epiquerez, les		1908	195	telefonbuch_197	PTT-Archiv, P-260-1_Basel_1908	Basel
Station publique communale		Bureau des postes		Essertfallon		1908	195	telefonbuch_197	PTT-Archiv, P-260-1_Basel_1908	Basel
Station publique communale		Bureau des postes		Montenol		1908	195	telefonbuch_197	PTT-Archiv, P-260-1_Basel_1908	Basel
Girardin	Albert	maire		Montmelon-dessous		1908	195	telefonbuch_197	PTT-Archiv, P-260-1_Basel_1908	Basel
Berthold	Paul	buraliste		La Motte		1908	195	telefonbuch_197	PTT-Archiv, P-260-1_Basel_1908	Basel
Choulat	Léon	moulin du Doubs		Ocourt		1908	195	telefonbuch_197	PTT-Archiv, P-260-1_Basel_1908	Basel
Station communale		(v. ci-haut)		Ocourt		1908	195	telefonbuch_197	PTT-Archiv, P-260-1_Basel_1908	Basel
Maillard	Jos.	Station publique communale, bureau des postes		Le Péca		1908	195	telefonbuch_197	PTT-Archiv, P-260-1_Basel_1908	Basel
Asile des vieillards				St. Ursanne		1908	195	telefonbuch_197	PTT-Archiv, P-260-1_Basel_1908	Basel
Ammann	Léon	Hôtel demi lune		St. Ursanne		1908	195	telefonbuch_197	PTT-Archiv, P-260-1_Basel_1908	Basel
Bouvier	Vve. Th.	Hôtel des deux clefs		St. Ursanne		1908	195	telefonbuch_197	PTT-Archiv, P-260-1_Basel_1908	Basel
Brunod	Gaspard	entrepreneur		St. Ursanne		1908	195	telefonbuch_197	PTT-Archiv, P-260-1_Basel_1908	Basel
Chef de gare				St. Ursanne		1908	195	telefonbuch_197	PTT-Archiv, P-260-1_Basel_1908	Basel
Electrodor		usine hydraulique, Moulin Grillon		St. Ursanne		1908	195	telefonbuch_197	PTT-Archiv, P-260-1_Basel_1908	Basel
Fattet	Jules			St. Ursanne		1908	195	telefonbuch_197	PTT-Archiv, P-260-1_Basel_1908	Basel
Gassmann J., & Cie.		fonderie		St. Ursanne		1908	195	telefonbuch_197	PTT-Archiv, P-260-1_Basel_1908	Basel
Greppin	Joseph	fruitier		St. Ursanne		1908	195	telefonbuch_197	PTT-Archiv, P-260-1_Basel_1908	Basel
Guelat-Feune	Joseph	négociant		St. Ursanne		1908	195	telefonbuch_197	PTT-Archiv, P-260-1_Basel_1908	Basel
Hubler	Albert	maire		St. Ursanne		1908	195	telefonbuch_197	PTT-Archiv, P-260-1_Basel_1908	Basel
Maillard-Bouvier	C.	négociant		St. Ursanne		1908	195	telefonbuch_197	PTT-Archiv, P-260-1_Basel_1908	Basel
Maitre-Humbert		négociant en vins		St. Ursanne		1908	195	telefonbuch_197	PTT-Archiv, P-260-1_Basel_1908	Basel
Marchand-Bouvier	A.	Hôtel du bœuf		St. Ursanne		1908	195	telefonbuch_197	PTT-Archiv, P-260-1_Basel_1908	Basel
Piquerez	Thekla	fabrique de boîtes		St. Ursanne		1908	195	telefonbuch_197	PTT-Archiv, P-260-1_Basel_1908	Basel
Vauclair	Vve.	& fils		St. Ursanne		1908	195	telefonbuch_197	PTT-Archiv, P-260-1_Basel_1908	Basel
Station publique communale		bureau des postes		Seleute		1908	195	telefonbuch_197	PTT-Archiv, P-260-1_Basel_1908	Basel
Postbureau				Diegten		1908	196	telefonbuch_198	PTT-Archiv, P-260-1_Basel_1908	Basel
Martin	Hermann	Wirt		Diepflingen		1908	196	telefonbuch_198	PTT-Archiv, P-260-1_Basel_1908	Basel
Buchenhorner	Edmund			Eptingen		1908	196	telefonbuch_198	PTT-Archiv, P-260-1_Basel_1908	Basel
Mundwiler	Helena	Frau		Tenniken		1908	196	telefonbuch_198	PTT-Archiv, P-260-1_Basel_1908	Basel
Muster	Jakob	zum Rössli		Wintersingen		1908	196	telefonbuch_198	PTT-Archiv, P-260-1_Basel_1908	Basel
Postbureau				Zunzgen		1908	196	telefonbuch_198	PTT-Archiv, P-260-1_Basel_1908	Basel
Meier	Fritz	Handlung		Itingen		1908	196	telefonbuch_198	PTT-Archiv, P-260-1_Basel_1908	Basel
Sutter	J.	Sägerei und Holzhandlung		Itingen		1908	196	telefonbuch_198	PTT-Archiv, P-260-1_Basel_1908	Basel
Alkoholfreies Volkshaus				Sissach		1908	196	telefonbuch_198	PTT-Archiv, P-260-1_Basel_1908	Basel
Bezirksschreiberei				Sissach		1908	196	telefonbuch_198	PTT-Archiv, P-260-1_Basel_1908	Basel
Bieder-Gerster	J.	zum Löwen		Sissach		1908	196	telefonbuch_198	PTT-Archiv, P-260-1_Basel_1908	Basel
Bohny	Ferd.	Baumeister		Sissach		1908	196	telefonbuch_198	PTT-Archiv, P-260-1_Basel_1908	Basel
Bollag	Wilh.	Manufakturwaren-Geschäft		Sissach		1908	196	telefonbuch_198	PTT-Archiv, P-260-1_Basel_1908	Basel
Buess	E.	Weinhandlung		Sissach		1908	196	telefonbuch_198	PTT-Archiv, P-260-1_Basel_1908	Basel
Buess	Hans	Metzger		Sissach		1908	196	telefonbuch_198	PTT-Archiv, P-260-1_Basel_1908	Basel
Dietschy, Heusler & Co.		untere Fabrik		Sissach		1908	196	telefonbuch_198	PTT-Archiv, P-260-1_Basel_1908	Basel
Egger	Samuel	Tierarzt		Sissach		1908	196	telefonbuch_198	PTT-Archiv, P-260-1_Basel_1908	Basel
Eisen- und Stahlwarenfabrik A.-G.		vorm. Gebr. Oberer		Sissach		1908	196	telefonbuch_198	PTT-Archiv, P-260-1_Basel_1908	Basel
Furler	Gustav	Hôtel Bahnhof		Sissach		1908	196	telefonbuch_198	PTT-Archiv, P-260-1_Basel_1908	Basel
Gemeindekanzlei				Sissach		1908	196	telefonbuch_198	PTT-Archiv, P-260-1_Basel_1908	Basel
Güterexpedition		Bahnhof		Sissach		1908	196	telefonbuch_198	PTT-Archiv, P-260-1_Basel_1908	Basel
Häfelfinger	Rob.	Steinhauer		Sissach		1908	196	telefonbuch_198	PTT-Archiv, P-260-1_Basel_1908	Basel
Handschin-Eglin	E.			Sissach		1908	196	telefonbuch_198	PTT-Archiv, P-260-1_Basel_1908	Basel
Horand	Gebrüder	zur Säge		Sissach		1908	196	telefonbuch_198	PTT-Archiv, P-260-1_Basel_1908	Basel
Hübner	A.	Schloss Ebenrain		Sissach		1908	196	telefonbuch_198	PTT-Archiv, P-260-1_Basel_1908	Basel
Jung	Joseph			Sissach		1908	196	telefonbuch_198	PTT-Archiv, P-260-1_Basel_1908	Basel
Koch-Binder	Fr.	Gasthof zum Bären		Sissach		1908	196	telefonbuch_198	PTT-Archiv, P-260-1_Basel_1908	Basel
Meier-Kunz	J.			Sissach		1908	196	telefonbuch_198	PTT-Archiv, P-260-1_Basel_1908	Basel
Postbureau				Sissach		1908	196	telefonbuch_198	PTT-Archiv, P-260-1_Basel_1908	Basel
Senn	Hans	Pfarrer		Sissach		1908	196	telefonbuch_198	PTT-Archiv, P-260-1_Basel_1908	Basel
Spar- und Leihkasse Sissach				Sissach		1908	196	telefonbuch_198	PTT-Archiv, P-260-1_Basel_1908	Basel
Statthalteramt				Sissach		1908	196	telefonbuch_198	PTT-Archiv, P-260-1_Basel_1908	Basel
Tschudy's	Georg	Erben, Weinhandlung		Sissach		1908	196	telefonbuch_198	PTT-Archiv, P-260-1_Basel_1908	Basel
Vögelin-Rieder	E.	Futtermittelhandlung		Sissach		1908	196	telefonbuch_198	PTT-Archiv, P-260-1_Basel_1908	Basel
Buser	J.	zum „Rössli“		Thürnen		1908	197	telefonbuch_199	PTT-Archiv, P-260-1_Basel_1908	Basel
Gemeindestation		(s. Seite 196)		Wintersingen		1908	197	telefonbuch_199	PTT-Archiv, P-260-1_Basel_1908	Basel
Basler Eisenmöbelfabrik		(Theodor Breunlin & Cie.)		Zunzgen		1908	197	telefonbuch_199	PTT-Archiv, P-260-1_Basel_1908	Basel
Gemeindestation		(s. Seite 196)		Zunzgen		1908	197	telefonbuch_199	PTT-Archiv, P-260-1_Basel_1908	Basel
Thommen-Seifert	Herm.	zum Rössli		Zunzgen		1908	197	telefonbuch_199	PTT-Archiv, P-260-1_Basel_1908	Basel
Telegraphen- und Telephonbureau				Stein (Aargau)		1908	197	telefonbuch_199	PTT-Archiv, P-260-1_Basel_1908	Basel
Stocker	J. G.	zum Engel		Obermumpf		1908	197	telefonbuch_199	PTT-Archiv, P-260-1_Basel_1908	Basel
Jegge-Oertli	Ant.	Negt.		Sisseln		1908	197	telefonbuch_199	PTT-Archiv, P-260-1_Basel_1908	Basel
Wunderlin	Hch.	Pintenwirt		Wallbach b. Mumpf		1908	197	telefonbuch_199	PTT-Archiv, P-260-1_Basel_1908	Basel
Güntert-Kienberger		Wwe., & Söhne		Mumpf		1908	197	telefonbuch_199	PTT-Archiv, P-260-1_Basel_1908	Basel
Waldmeyer	F. J.	Gasthof zur „Sonne“		Mumpf		1908	197	telefonbuch_199	PTT-Archiv, P-260-1_Basel_1908	Basel
Gemeindestation		(s. oben)		Obermumpf		1908	197	telefonbuch_199	PTT-Archiv, P-260-1_Basel_1908	Basel
Gemeindestation		(s. oben)		Sisseln		1908	197	telefonbuch_199	PTT-Archiv, P-260-1_Basel_1908	Basel
Bollag	Sam.	Dr.		Stein (Aargau)		1908	197	telefonbuch_199	PTT-Archiv, P-260-1_Basel_1908	Basel
Freyvogel	E.	& Co., Bandfabrik		Stein (Aargau)		1908	197	telefonbuch_199	PTT-Archiv, P-260-1_Basel_1908	Basel
Tröndle	J.	Gasthaus zum „Löwen“		Stein (Aargau)		1908	197	telefonbuch_199	PTT-Archiv, P-260-1_Basel_1908	Basel
Herzog	C.	Sohn, Bahnhofrestaurant		Stein (Aargau)		1908	197	telefonbuch_199	PTT-Archiv, P-260-1_Basel_1908	Basel
Kern-Attenhofer	Robert	Dr.		Stein (Aargau)		1908	197	telefonbuch_199	PTT-Archiv, P-260-1_Basel_1908	Basel
Konetzky	Theodor			Stein (Aargau)		1908	198	telefonbuch_200	PTT-Archiv, P-260-1_Basel_1908	Basel
Kreiskommando		V./6.		Stein (Aargau)		1908	198	telefonbuch_200	PTT-Archiv, P-260-1_Basel_1908	Basel
Meyer	Jakob	Fürsprech		Stein (Aargau)		1908	198	telefonbuch_200	PTT-Archiv, P-260-1_Basel_1908	Basel
Mösch-Jegge	J.	Kaufmann		Stein (Aargau)		1908	198	telefonbuch_200	PTT-Archiv, P-260-1_Basel_1908	Basel
Trændle	Joseph	Kaufmann		Stein (Aargau)		1908	198	telefonbuch_200	PTT-Archiv, P-260-1_Basel_1908	Basel
Willi	Emil	Villa Josephine		Stein (Aargau)		1908	198	telefonbuch_200	PTT-Archiv, P-260-1_Basel_1908	Basel
Gemeindestation		s. Seite 197		Wallbach		1908	198	telefonbuch_200	PTT-Archiv, P-260-1_Basel_1908	Basel
Straumann	Samuel	Wirt		Bennwil		1908	198	telefonbuch_200	PTT-Archiv, P-260-1_Basel_1908	Basel
Gräflin	Jak.	Kaufmann		Hölstein		1908	198	telefonbuch_200	PTT-Archiv, P-260-1_Basel_1908	Basel
Gisin	Heinrich	Wirt		Lampenberg		1908	198	telefonbuch_200	PTT-Archiv, P-260-1_Basel_1908	Basel
Postablage				Liedertswil		1908	198	telefonbuch_200	PTT-Archiv, P-260-1_Basel_1908	Basel
Ast	Adolf	Wirt		Niederdorf (Baselland)		1908	198	telefonbuch_200	PTT-Archiv, P-260-1_Basel_1908	Basel
Dettwyler	Ernst	z. Eidgenossen		Oberdorf (Baselland)		1908	198	telefonbuch_200	PTT-Archiv, P-260-1_Basel_1908	Basel
Schmutz		Geschwister, Kurort		Abendsmatt		1908	199	telefonbuch_201	PTT-Archiv, P-260-1_Basel_1908	Basel
Gemeindestation		(s. Seite 198)		Bennwil		1908	199	telefonbuch_201	PTT-Archiv, P-260-1_Basel_1908	Basel
Cattin & Christian		Uhrenfabrik		Hölstein		1908	199	telefonbuch_201	PTT-Archiv, P-260-1_Basel_1908	Basel
Gemeindestation		(s. Seite 198)		Hölstein		1908	199	telefonbuch_201	PTT-Archiv, P-260-1_Basel_1908	Basel
Tschopp-Thommen		Wwe., zum „Rössli“		Hölstein		1908	199	telefonbuch_201	PTT-Archiv, P-260-1_Basel_1908	Basel
Gemeindestation		(s. Seite 198)		Lampenberg		1908	199	telefonbuch_201	PTT-Archiv, P-260-1_Basel_1908	Basel
Gemeindestation		(s. Seite 198)		Liedertswil		1908	199	telefonbuch_201	PTT-Archiv, P-260-1_Basel_1908	Basel
Affentranger, Haas & Plattner		Uhrenfabrik		Niederdorf		1908	199	telefonbuch_201	PTT-Archiv, P-260-1_Basel_1908	Basel
Buser frères (Gebrüder Buser)		Ebauchefabrik		Niederdorf		1908	199	telefonbuch_201	PTT-Archiv, P-260-1_Basel_1908	Basel
Gemeindestation		(s. Seite 198)		Niederdorf		1908	199	telefonbuch_201	PTT-Archiv, P-260-1_Basel_1908	Basel
Schweizer-Jenny	Elisabeth	Wwe., zur Mühle		Niederdorf		1908	199	telefonbuch_201	PTT-Archiv, P-260-1_Basel_1908	Basel
Ballmer	Theodor	Bäcker		Oberdorf		1908	199	telefonbuch_201	PTT-Archiv, P-260-1_Basel_1908	Basel
Berger	Wilhelm	Uhrenfabrik		Oberdorf		1908	199	telefonbuch_201	PTT-Archiv, P-260-1_Basel_1908	Basel
Dietschy, Heusler & Co.		Bandfabrik		Oberdorf		1908	199	telefonbuch_201	PTT-Archiv, P-260-1_Basel_1908	Basel
Gemeindestation		(s. Seite 198)		Oberdorf		1908	199	telefonbuch_201	PTT-Archiv, P-260-1_Basel_1908	Basel
Schmutz	Wilhelm	Tierarzt		Oberdorf		1908	199	telefonbuch_201	PTT-Archiv, P-260-1_Basel_1908	Basel
Waldner, Gerber & Hegi		Schrauben- und Uhrenfourniturenfabrik		Oberdorf		1908	199	telefonbuch_201	PTT-Archiv, P-260-1_Basel_1908	Basel
Bahnhof				Waldenburg		1908	199	telefonbuch_201	PTT-Archiv, P-260-1_Basel_1908	Basel
Bebler-Lanz	Henri	Teigwarenfabrik		Waldenburg		1908	199	telefonbuch_201	PTT-Archiv, P-260-1_Basel_1908	Basel
Bezirksschreiberei				Waldenburg		1908	199	telefonbuch_201	PTT-Archiv, P-260-1_Basel_1908	Basel
Kellerhals	J.	Sennhaus		Waldenburg		1908	199	telefonbuch_201	PTT-Archiv, P-260-1_Basel_1908	Basel
Schaub-Peter	Gottfried	zum Löwen		Waldenburg		1908	199	telefonbuch_201	PTT-Archiv, P-260-1_Basel_1908	Basel
Sparkassa Waldenburg				Waldenburg		1908	199	telefonbuch_201	PTT-Archiv, P-260-1_Basel_1908	Basel
Straumann	H.	Dr. med.		Waldenburg		1908	199	telefonbuch_201	PTT-Archiv, P-260-1_Basel_1908	Basel
Thommen's Uhrenfabriken A.-G.				Waldenburg		1908	199	telefonbuch_201	PTT-Archiv, P-260-1_Basel_1908	Basel
Tschudin & Heid		Alph. Thommen's Nachf., Uhrenfourniturenfabrik		Waldenburg		1908	199	telefonbuch_201	PTT-Archiv, P-260-1_Basel_1908	Basel
