EntityName1	EntityName2	Supplement	Street	Locality	PhoneNumber	Year	Page	File	RefCode	Network
Polizeiposten Lohnhof		(mit Nachtwache) Krankenwagenstation		Basel	51	1899		telefonbuch_001	PTT-Archiv, P-260-1_Basel_1899_2	Basel
Polizeiposten Steinen			Steinenthorstrasse 43	Basel	52	1899		telefonbuch_001	PTT-Archiv, P-260-1_Basel_1899_2	Basel
Polizeiposten Centralbahn		(Krankenwagenstation)		Basel	53	1899		telefonbuch_001	PTT-Archiv, P-260-1_Basel_1899_2	Basel
Polizeiposten Gundoldingen		Krankenwagenstation (mit Nachtwache)	Pfeffingerstrasse	Basel	54	1899		telefonbuch_001	PTT-Archiv, P-260-1_Basel_1899_2	Basel
Polizeiposten Aeschen		(mit Nachtwache)	St. Jakobstrasse 4	Basel	55	1899		telefonbuch_001	PTT-Archiv, P-260-1_Basel_1899_2	Basel
Polizeiposten Alban		(beim Albanthor)		Basel	56	1899		telefonbuch_001	PTT-Archiv, P-260-1_Basel_1899_2	Basel
Polizeiposten Rathaus		(mit Nachtwache)		Basel	57	1899		telefonbuch_001	PTT-Archiv, P-260-1_Basel_1899_2	Basel
Polizeiposten Rheinbrücke			Eisengasse 1	Basel	58	1899		telefonbuch_001	PTT-Archiv, P-260-1_Basel_1899_2	Basel
Polizeiposten Johann		(beim Johannthor) Krankenwagenstation		Basel	59	1899		telefonbuch_001	PTT-Archiv, P-260-1_Basel_1899_2	Basel
Polizeiposten Spalen		(beim Spalenthor) Krankenwagenstation (mit Nachtwache)		Basel	60	1899		telefonbuch_001	PTT-Archiv, P-260-1_Basel_1899_2	Basel
Polizeiposten Klara		(mit Nachtwache) Krankenwagenstation		Basel	61	1899		telefonbuch_001	PTT-Archiv, P-260-1_Basel_1899_2	Basel
Polizeiposten Rheinweg		(in der Kaserne)		Basel	62	1899		telefonbuch_001	PTT-Archiv, P-260-1_Basel_1899_2	Basel
Polizeiposten Horburg		Krankenwagenstation (mit Nachtwache)	Hammerstrasse 184	Basel	63	1899		telefonbuch_001	PTT-Archiv, P-260-1_Basel_1899_2	Basel
Polizeiposten Aeussere Spalen		(mit Nachtwache)	Birkenstrasse 1	Basel	64	1899		telefonbuch_001	PTT-Archiv, P-260-1_Basel_1899_2	Basel
Polizeiposten Breiteposten		(mit Nachtwache)	Zürcherstrasse 152	Basel	65	1899		telefonbuch_001	PTT-Archiv, P-260-1_Basel_1899_2	Basel
Samariterposten		(Zimmermann) Krankenwagenstation	Pfeffingerstrasse 64	Basel	3896	1899		telefonbuch_001	PTT-Archiv, P-260-1_Basel_1899_2	Basel
Samariterposten		(Diakonenhaus) Krankenwagenstation	Aeschenvorstadt 50	Basel	2282	1899		telefonbuch_001	PTT-Archiv, P-260-1_Basel_1899_2	Basel
Samariterposten		(Labhardt)	Blumenrain 9	Basel	5	1899		telefonbuch_001	PTT-Archiv, P-260-1_Basel_1899_2	Basel
Samariterposten		(Dr. Oser) Krankenwagenstation	Colmarerstrasse 22	Basel	803	1899		telefonbuch_001	PTT-Archiv, P-260-1_Basel_1899_2	Basel
Samariterposten Kleinhüningen Schulhaus		(Bürgin) Krankenwagenstation		Kleinhüningen	3328	1899		telefonbuch_001	PTT-Archiv, P-260-1_Basel_1899_2	Basel
Samariterposten Binningen, Pilgerruh		(Jenny) Krankenwagenstation		Binningen	4047	1899		telefonbuch_001	PTT-Archiv, P-260-1_Basel_1899_2	Basel
Samariterposten Birsfelden Schulhaus		(Hugentobler) Krankenwagenstation		Birsfelden	4131	1899		telefonbuch_001	PTT-Archiv, P-260-1_Basel_1899_2	Basel
Feuerwache		(mit Nachtwache)	Steinenberg 4	Basel	79	1899		telefonbuch_001	PTT-Archiv, P-260-1_Basel_1899_2	Basel
Abend - Danegger	Eberhard	Gasthof zum Ochsen		Dornachbrugg	3900	1899	12	telefonbuch_014	PTT-Archiv, P-260-1_Basel_1899_2	Basel
Abry	Louis	march.-tailleur	Theaterstrasse 14	Basel	2193	1899	12	telefonbuch_014	PTT-Archiv, P-260-1_Basel_1899_2	Basel
Abt	Otto	Dr.		Allschwil	2783	1899	12	telefonbuch_014	PTT-Archiv, P-260-1_Basel_1899_2	Basel
Abt-Ettlin	Hans	Wirt	Steinenthorstrasse 34	Basel	2422	1899	12	telefonbuch_014	PTT-Archiv, P-260-1_Basel_1899_2	Basel
Abt	G.	Sägerei zur Klybeck	Kleinhüningerstrasse 65	Basel	3292	1899	12	telefonbuch_014	PTT-Archiv, P-260-1_Basel_1899_2	Basel
Abt	Hch.		Bernoullistrasse 4	Basel	3746	1899	12	telefonbuch_014	PTT-Archiv, P-260-1_Basel_1899_2	Basel
Abt	Jakob	Metzger	Webergasse 38	Basel	1240	1899	12	telefonbuch_014	PTT-Archiv, P-260-1_Basel_1899_2	Basel
Abt	James	Papeterie	Klybeckstrasse 61	Basel	3249	1899	12	telefonbuch_014	PTT-Archiv, P-260-1_Basel_1899_2	Basel
Abt & Kellerhals			Barfüssergasse 3	Basel	2038	1899	12	telefonbuch_014	PTT-Archiv, P-260-1_Basel_1899_2	Basel
Abt & Kellerhals			Untere Rebgasse 11/13	Basel	1160	1899	12	telefonbuch_014	PTT-Archiv, P-260-1_Basel_1899_2	Basel
Abt-Weiss	H.	Kaminfegermstr.	St. Albanvorstadt 102	Basel	4144	1899	12	telefonbuch_014	PTT-Archiv, P-260-1_Basel_1899_2	Basel
Abt-Wenk	A. M.	Wwe.	Kirchgasse 21	Basel	3820	1899	12	telefonbuch_014	PTT-Archiv, P-260-1_Basel_1899_2	Basel
Abt-Wetzel	K.	Bürstenfabrikant	Gempenstrasse 56	Basel	4011	1899	12	telefonbuch_014	PTT-Archiv, P-260-1_Basel_1899_2	Basel
Achard & Stampfer			Herbergsgasse 8	Basel	1634	1899	12	telefonbuch_014	PTT-Archiv, P-260-1_Basel_1899_2	Basel
Acker	Fl.	Baugeschäft	Klybeckstrasse 60	Basel	31	1899	12	telefonbuch_014	PTT-Archiv, P-260-1_Basel_1899_2	Basel
Actienbrauerei Basel			Dornacherstrasse 200	Basel	4008	1899	12	telefonbuch_014	PTT-Archiv, P-260-1_Basel_1899_2	Basel
Actienbrauerei z. Feldschlösschen			Bruderholzstrasse 7	Basel	3994	1899	12	telefonbuch_014	PTT-Archiv, P-260-1_Basel_1899_2	Basel
Aktienbrauerei z. Sternenberg		vorm. Gebr. Zeller (Bureau)	Greifengasse 24	Basel	3253	1899	12	telefonbuch_014	PTT-Archiv, P-260-1_Basel_1899_2	Basel
Aktienbrauerei z. Sternenberg		vorm. Gebr. Zeller (Bierburg)	Grenzacherstrasse 487	Basel	3232	1899	12	telefonbuch_014	PTT-Archiv, P-260-1_Basel_1899_2	Basel
Actienbrennerei, erste, in Basel			Margarethenstrasse 59	Basel	2384	1899	12	telefonbuch_014	PTT-Archiv, P-260-1_Basel_1899_2	Basel
Actiengesellschaft Ofenfabrik Sursee		vorm. Weltert & Co., Filiale Basel	Steinenberg 21	Basel	1409	1899	12	telefonbuch_014	PTT-Archiv, P-260-1_Basel_1899_2	Basel
Actiengesellschaft Schappe- und Cordonnet-Spinnerei Ryhiner			Rappoltshof 9	Basel	3279	1899	12	telefonbuch_014	PTT-Archiv, P-260-1_Basel_1899_2	Basel
Actiengesellschaft Schappe- und Cordonnet-Spinnerei Ryhiner			Mattweg 90	Basel	3432	1899	12	telefonbuch_014	PTT-Archiv, P-260-1_Basel_1899_2	Basel
Actienmühle Basel und Augst				Baselaugst	2598	1899	12	telefonbuch_014	PTT-Archiv, P-260-1_Basel_1899_2	Basel
Actienmühle Basel und Augst			Gärtnerstrasse 46	Basel	4226	1899	12	telefonbuch_014	PTT-Archiv, P-260-1_Basel_1899_2	Basel
Adam	Albin	Postpferdhalter		Allschwil	2783	1899	12	telefonbuch_014	PTT-Archiv, P-260-1_Basel_1899_2	Basel
Adam	Angelus	zum Rössli		Allschwil	2783	1899	12	telefonbuch_014	PTT-Archiv, P-260-1_Basel_1899_2	Basel
Adam	Alfred	Dr.	Leonhardsgraben 47	Basel	2911	1899	12	telefonbuch_014	PTT-Archiv, P-260-1_Basel_1899_2	Basel
Adler-Apotheke		L. Willen	Gerbergasse 44	Basel	3137	1899	12	telefonbuch_014	PTT-Archiv, P-260-1_Basel_1899_2	Basel
Aemmer	Ferd.		Mörsbergerstrasse 40	Basel	45	1899	12	telefonbuch_014	PTT-Archiv, P-260-1_Basel_1899_2	Basel
Aemmer	Fritz	Dr. med.	Mörsbergerstrasse 28	Basel	3330	1899	13	telefonbuch_015	PTT-Archiv, P-260-1_Basel_1899_2	Basel
Aemmer & Cie.			Müllheimerstrasse 50	Basel	3416	1899	13	telefonbuch_015	PTT-Archiv, P-260-1_Basel_1899_2	Basel
Affolter, Christen & Cie.			Dornacherstrasse 160	Basel	3752	1899	13	telefonbuch_015	PTT-Archiv, P-260-1_Basel_1899_2	Basel
Ahles	J.	Handelsgärtnerei	Hirzbodenweg 48	Basel	3778	1899	13	telefonbuch_015	PTT-Archiv, P-260-1_Basel_1899_2	Basel
Aichele	Jean	Confiseur	Steinenvorstadt 51	Basel	2567	1899	13	telefonbuch_015	PTT-Archiv, P-260-1_Basel_1899_2	Basel
Aichner, Sohn	R.	Baumeister	Birsigstrasse 76	Basel	3138	1899	13	telefonbuch_015	PTT-Archiv, P-260-1_Basel_1899_2	Basel
Aichner, Sohn	R.	Zimmerhof	Neuwylersträsschen	Basel	3184	1899	13	telefonbuch_015	PTT-Archiv, P-260-1_Basel_1899_2	Basel
Albert	Ad.	Gold- u. Silberwaren	Freiestrasse 27	Basel	1148	1899	13	telefonbuch_015	PTT-Archiv, P-260-1_Basel_1899_2	Basel
Albert	Fr.	Baugeschäft	Allschwilerstrasse 115	Basel	2676	1899	13	telefonbuch_015	PTT-Archiv, P-260-1_Basel_1899_2	Basel
Albert	Fr.	Wohnung	Nonnenweg 39	Basel	913	1899	13	telefonbuch_015	PTT-Archiv, P-260-1_Basel_1899_2	Basel
Albicker-Haberthür	Chr.	Wirt	Amerbachstrasse 72	Basel	776	1899	13	telefonbuch_015	PTT-Archiv, P-260-1_Basel_1899_2	Basel
Albrecht-Egli	A.	Restaurateur	Leonhardsberg 1	Basel	2767	1899	13	telefonbuch_015	PTT-Archiv, P-260-1_Basel_1899_2	Basel
Albrecht	Gustav	Horburg-apotheke	Feldbergstrasse 57	Basel	3383	1899	13	telefonbuch_015	PTT-Archiv, P-260-1_Basel_1899_2	Basel
Aldinger-Kaltenbacher	Karl		Blumenrain 5	Basel	1337	1899	13	telefonbuch_015	PTT-Archiv, P-260-1_Basel_1899_2	Basel
Alioth	Alfred	Dr., Advokatur u. Notariat	Gerbergasse 42	Basel	3264	1899	13	telefonbuch_015	PTT-Archiv, P-260-1_Basel_1899_2	Basel
Alioth-Frank	Achilles			Arlesheim	3900	1899	13	telefonbuch_015	PTT-Archiv, P-260-1_Basel_1899_2	Basel
Alioth-Ronus	Achille		Sevogelstrasse 76	Basel	3961	1899	13	telefonbuch_015	PTT-Archiv, P-260-1_Basel_1899_2	Basel
Alioth-Vischer	Wm		Malzgasse 24	Basel	1045	1899	13	telefonbuch_015	PTT-Archiv, P-260-1_Basel_1899_2	Basel
Alioth-Vischer	Wilhelm			Arlesheim	3900	1899	13	telefonbuch_015	PTT-Archiv, P-260-1_Basel_1899_2	Basel
Alioth-VonSpeyr			St. Albananlage 10	Basel	4154	1899	13	telefonbuch_015	PTT-Archiv, P-260-1_Basel_1899_2	Basel
Allgemeiner Christl. Verein junger Männer			Freiestrasse 17	Basel		1899	13	telefonbuch_015	PTT-Archiv, P-260-1_Basel_1899_2	Basel
Allgemeine Droschkenanstalt Gebrüder Keller			Margarethenstrasse 79	Basel	2145	1899	13	telefonbuch_015	PTT-Archiv, P-260-1_Basel_1899_2	Basel
Allgemeine Droschkenanstalt Gebrüder Keller			Drahtzugstrasse 16	Basel	3470	1899	13	telefonbuch_015	PTT-Archiv, P-260-1_Basel_1899_2	Basel
Allgemeine Elektrizitäts-Gesellschaft Basel		Lagerverwaltung	Aeschengraben 4	Basel	2861	1899	13	telefonbuch_015	PTT-Archiv, P-260-1_Basel_1899_2	Basel
Allgemeine Elektrizitäts-Gesellschaft Basel		kaufm. u. techn. Bureau	Gerbergasse 44	Basel	3090	1899	13	telefonbuch_015	PTT-Archiv, P-260-1_Basel_1899_2	Basel
Allgemeine Gewerbeschule			Petersgraben 52	Basel	2644	1899	13	telefonbuch_015	PTT-Archiv, P-260-1_Basel_1899_2	Basel
Almosenamt		Stadthaus	Stadthausgasse 13	Basel	1462	1899	13	telefonbuch_015	PTT-Archiv, P-260-1_Basel_1899_2	Basel
Altwegg	F.	(Paul Aug. Altwegg Nachf.)	Ob. Rebgasse 17	Basel	3747	1899	13	telefonbuch_015	PTT-Archiv, P-260-1_Basel_1899_2	Basel
Altwegg-Oser	Alb.		Theodorsgraben 36	Basel	3123	1899	13	telefonbuch_015	PTT-Archiv, P-260-1_Basel_1899_2	Basel
Altwegg & Peter			Hammerstrasse 43	Basel	3823	1899	13	telefonbuch_015	PTT-Archiv, P-260-1_Basel_1899_2	Basel
Amans	H.		St. Johannvorstadt 6	Basel	1389	1899	13	telefonbuch_015	PTT-Archiv, P-260-1_Basel_1899_2	Basel
Ammann-Kienast	B.		Kohlenberggasse 8	Basel	2419	1899	13	telefonbuch_015	PTT-Archiv, P-260-1_Basel_1899_2	Basel
Amsler	Ad.		Thiersteinerallee 22	Basel	3760	1899	14	telefonbuch_016	PTT-Archiv, P-260-1_Basel_1899_2	Basel
Amsler-Aubert	O.	Centralbureau d. schweiz. Hôtelier-Vereins	Sternengässlein 21	Basel	2406	1899	14	telefonbuch_016	PTT-Archiv, P-260-1_Basel_1899_2	Basel
Amstein	E.	Fussarzt u. Chirurg	Schützengraben 5	Basel	2972	1899	14	telefonbuch_016	PTT-Archiv, P-260-1_Basel_1899_2	Basel
Amstutz	A.	Ingenieur	Allschwilerstrasse 115	Basel	912	1899	14	telefonbuch_016	PTT-Archiv, P-260-1_Basel_1899_2	Basel
Amstutz	G.	Mineralwasserfabr.	Utengasse 17	Basel	1210	1899	14	telefonbuch_016	PTT-Archiv, P-260-1_Basel_1899_2	Basel
Anatom. Institut		Vesalianum	Vesalgasse 1	Basel	2604	1899	14	telefonbuch_016	PTT-Archiv, P-260-1_Basel_1899_2	Basel
d'Andiran-Köchlin	A.		Klingelbergstrasse 25	Basel	1487	1899	14	telefonbuch_016	PTT-Archiv, P-260-1_Basel_1899_2	Basel
Angst	R.	Bandagist	Blumenrain 1	Basel	1327	1899	14	telefonbuch_016	PTT-Archiv, P-260-1_Basel_1899_2	Basel
Anklin	Alfred	Möbelfabrik	Nauenstrasse 13	Basel	2146	1899	14	telefonbuch_016	PTT-Archiv, P-260-1_Basel_1899_2	Basel
Apotheke Rordorf			Ob. Spalenberg 63	Basel	2885	1899	14	telefonbuch_016	PTT-Archiv, P-260-1_Basel_1899_2	Basel
Apotheker	Emil	Gasthaus z. Ochsen	Gasthaus z. Ochsen	Riehen	4316	1899	14	telefonbuch_016	PTT-Archiv, P-260-1_Basel_1899_2	Basel
Apotheker	J.	zum Bären	zum Bären	Birsfelden	1099	1899	14	telefonbuch_016	PTT-Archiv, P-260-1_Basel_1899_2	Basel
Appretur und Mechanische Werkstätte		vorm. Aug. Vögelin	Utengasse 15	Basel	3515	1899	14	telefonbuch_016	PTT-Archiv, P-260-1_Basel_1899_2	Basel
Appretur und Mechanische Werkstätte		vorm. Aug. Vögelin	Hammerstrasse 56	Basel	3714	1899	14	telefonbuch_016	PTT-Archiv, P-260-1_Basel_1899_2	Basel
Arbeitshütte			Klingelbergstrasse	Basel	1517	1899	14	telefonbuch_016	PTT-Archiv, P-260-1_Basel_1899_2	Basel
Arbeitsnachweisebureau			Totengässlein 1/3	Basel	1495	1899	14	telefonbuch_016	PTT-Archiv, P-260-1_Basel_1899_2	Basel
Architektur- & Liegenschaftsbureau A. Ruffio			Steinenvorstadt 5	Basel	2213	1899	14	telefonbuch_016	PTT-Archiv, P-260-1_Basel_1899_2	Basel
Argast	Jos.	Baugeschäft	Burgfelderstrasse 16	Basel	1447	1899	14	telefonbuch_016	PTT-Archiv, P-260-1_Basel_1899_2	Basel
Arlesheim, Gemeindesprechstation			Gasthaus zum Löwen	Arlesheim	3900	1899	14	telefonbuch_016	PTT-Archiv, P-260-1_Basel_1899_2	Basel
Armenherberge des Bürgerspitals			Petersgraben 4/6	Basel	1760	1899	14	telefonbuch_016	PTT-Archiv, P-260-1_Basel_1899_2	Basel
Arnold-Gisiger	Jos.	Droschkenhalter	Efringerstrasse 37	Basel	3448	1899	14	telefonbuch_016	PTT-Archiv, P-260-1_Basel_1899_2	Basel
Aesch, Gemeindesprechstation			Postbureau	Aesch	3900	1899	14	telefonbuch_016	PTT-Archiv, P-260-1_Basel_1899_2	Basel
Augenheilanstalt			Mittlerestrasse 91	Basel	1497	1899	14	telefonbuch_016	PTT-Archiv, P-260-1_Basel_1899_2	Basel
Augustin	Hermann	Dr.		Allschwil	2783	1899	14	telefonbuch_016	PTT-Archiv, P-260-1_Basel_1899_2	Basel
A'Wengen-Meyenrock	F. R.	Frau	St. Jakobstrasse 15	Basel	2287	1899	14	telefonbuch_016	PTT-Archiv, P-260-1_Basel_1899_2	Basel
Axelrod & Co.			Oberer Heuberg 4	Basel	2892	1899	14	telefonbuch_016	PTT-Archiv, P-260-1_Basel_1899_2	Basel
Baader	W.		Margarethenstrasse 3	Basel	2273	1899	14	telefonbuch_016	PTT-Archiv, P-260-1_Basel_1899_2	Basel
Bächle-Kohlbrenner	Frid.	Wirt	Hammerstrasse 125	Basel	3408	1899	14	telefonbuch_016	PTT-Archiv, P-260-1_Basel_1899_2	Basel
Bachmann-Fuhrmann	Hch.	Küferm.	Hirschgässlein 44	Basel	2510	1899	14	telefonbuch_016	PTT-Archiv, P-260-1_Basel_1899_2	Basel
Bachmann	J.	Fuhrhalter und Holzhandlung	Elsässerstrasse 161	Basel	1440	1899	14	telefonbuch_016	PTT-Archiv, P-260-1_Basel_1899_2	Basel
Bachmeier	J.	Maler	Hardtstrasse 97	Basel	3573	1899	15	telefonbuch_017	PTT-Archiv, P-260-1_Basel_1899_2	Basel
Bachofen-Burckhardt	C.		St. Albangraben 7	Basel	1875	1899	15	telefonbuch_017	PTT-Archiv, P-260-1_Basel_1899_2	Basel
Bachofen-Burckhardt		Frau Prof.	Münsterplatz 2	Basel	1086	1899	15	telefonbuch_017	PTT-Archiv, P-260-1_Basel_1899_2	Basel
Bachofen-Burckhardt		Frau, Prof. (Bureau)	Münsterplatz 2	Basel	1095	1899	15	telefonbuch_017	PTT-Archiv, P-260-1_Basel_1899_2	Basel
Bachofen-Burckhardt		Frau Prof.	Bruderholzweg 4	Basel	3763	1899	15	telefonbuch_017	PTT-Archiv, P-260-1_Basel_1899_2	Basel
Bachofen-Dennler	W.	Baugeschäft	Friedensgasse 24	Basel	1494	1899	15	telefonbuch_017	PTT-Archiv, P-260-1_Basel_1899_2	Basel
Bachofen-Petersen	J. J.		Gellertstrasse 24	Basel	4203	1899	15	telefonbuch_017	PTT-Archiv, P-260-1_Basel_1899_2	Basel
Bachofen Sohn	J. J.		Rheinsprung 18	Basel	1314	1899	15	telefonbuch_017	PTT-Archiv, P-260-1_Basel_1899_2	Basel
Bachofen & Schild			Klingelbergstrasse 27	Basel	1484	1899	15	telefonbuch_017	PTT-Archiv, P-260-1_Basel_1899_2	Basel
Bachofen-Vischer		Frau	Rheinsprung 18	Basel	1309	1899	15	telefonbuch_017	PTT-Archiv, P-260-1_Basel_1899_2	Basel
Bachofen-Vischer	M. Marg.	Wwe	Singerweg 1	Basel	1854	1899	15	telefonbuch_017	PTT-Archiv, P-260-1_Basel_1899_2	Basel
Bachofen-Vischer		Frau	Villa St. Jakobstrasse 191	Basel	3596	1899	15	telefonbuch_017	PTT-Archiv, P-260-1_Basel_1899_2	Basel
Bachthaler	Adolf	Schuhlager	Gerbergasse 35	Basel	2110	1899	15	telefonbuch_017	PTT-Archiv, P-260-1_Basel_1899_2	Basel
Bächtold & Co.		Weinhandlung	Rudolfstrasse 54	Basel	2818	1899	15	telefonbuch_017	PTT-Archiv, P-260-1_Basel_1899_2	Basel
Bad Flüh				bei Hofstetten	2520	1899	15	telefonbuch_017	PTT-Archiv, P-260-1_Basel_1899_2	Basel
Bad- und Waschanstalt			Binningerstrasse 14	Basel	2563	1899	15	telefonbuch_017	PTT-Archiv, P-260-1_Basel_1899_2	Basel
Bad- und Waschanstalt			Mattweg 20	Basel	3609	1899	15	telefonbuch_017	PTT-Archiv, P-260-1_Basel_1899_2	Basel
Bader-Ritter	W.		Mostackerstrasse 4	Basel	2733	1899	15	telefonbuch_017	PTT-Archiv, P-260-1_Basel_1899_2	Basel
Badischer Bahnhof		Personenbahnhof, Auskunftsbureau	Bad. Bahnhof	Basel		1899	15	telefonbuch_017	PTT-Archiv, P-260-1_Basel_1899_2	Basel
Bähler	Gottlieb		Güterstrasse 76	Basel	2441	1899	15	telefonbuch_017	PTT-Archiv, P-260-1_Basel_1899_2	Basel
Bakteriologisches Institut			Leonhardstrasse 37	Basel	3011	1899	15	telefonbuch_017	PTT-Archiv, P-260-1_Basel_1899_2	Basel
Baldeweck-Meyer	Jakob	Spengler	Steinenvorstadt 50	Basel	2495	1899	15	telefonbuch_017	PTT-Archiv, P-260-1_Basel_1899_2	Basel
Baldinger	W.	Tapezierer	Klosterberg 11	Basel	1971	1899	15	telefonbuch_017	PTT-Archiv, P-260-1_Basel_1899_2	Basel
Ballié	Adolf	Tapezierer	Freiestrasse 29	Basel	1133	1899	15	telefonbuch_017	PTT-Archiv, P-260-1_Basel_1899_2	Basel
Ballmer	J. Albert	Weinhandlg. und Liqueurfabrik en gros	Zürcherstrasse 135	Basel	4129	1899	15	telefonbuch_017	PTT-Archiv, P-260-1_Basel_1899_2	Basel
Ballmer	J. J.	Wein- und Colonialwaren	Hardtstrasse 26	Basel	3579	1899	15	telefonbuch_017	PTT-Archiv, P-260-1_Basel_1899_2	Basel
Bally-Manifico	Theodor		Steinenringweg 25	Basel	221	1899	15	telefonbuch_017	PTT-Archiv, P-260-1_Basel_1899_2	Basel
Bally-Mohl	Albert		Murtengasse 8	Basel	2343	1899	15	telefonbuch_017	PTT-Archiv, P-260-1_Basel_1899_2	Basel
Bally-Ronus	Emma	Frau, (Wohnung)	Grellingerstrasse 75	Basel	3493	1899	15	telefonbuch_017	PTT-Archiv, P-260-1_Basel_1899_2	Basel
Bally-Ronus	Emma	Frau, (Stallung)	St. Albananlage 1	Basel		1899	15	telefonbuch_017	PTT-Archiv, P-260-1_Basel_1899_2	Basel
Bâloise		Feuer, Direktion	Elisabethenstrasse 46	Basel	2201	1899	15	telefonbuch_017	PTT-Archiv, P-260-1_Basel_1899_2	Basel
Bâloise		Generalagentur für „Feuer“	Elisabethenstrasse 46	Basel	2159	1899	16	telefonbuch_018	PTT-Archiv, P-260-1_Basel_1899_2	Basel
Bâloise		Kasse	Elisabethenstrasse 46	Basel	2200	1899	16	telefonbuch_018	PTT-Archiv, P-260-1_Basel_1899_2	Basel
Bâloise		Leben	Elisabethenstrasse 46	Basel	2172	1899	16	telefonbuch_018	PTT-Archiv, P-260-1_Basel_1899_2	Basel
Bâloise		Transport	Elisabethenstrasse 46	Basel	2207	1899	16	telefonbuch_018	PTT-Archiv, P-260-1_Basel_1899_2	Basel
Banga	Carl	Molkerei	Dornacherstrasse 71	Basel	2467	1899	16	telefonbuch_018	PTT-Archiv, P-260-1_Basel_1899_2	Basel
Banholzer	Ad.	Zimmermeister	Sennheimerstrasse 40	Basel	940	1899	16	telefonbuch_018	PTT-Archiv, P-260-1_Basel_1899_2	Basel
Bank in Basel			Marktplatz 11	Basel	1605	1899	16	telefonbuch_018	PTT-Archiv, P-260-1_Basel_1899_2	Basel
Bankverein, Schweiz.			Aeschenvorstadt 72	Basel	2281	1899	16	telefonbuch_018	PTT-Archiv, P-260-1_Basel_1899_2	Basel
Bankverein, Schweiz.			Aeschenvorstadt 72	Basel	2095	1899	16	telefonbuch_018	PTT-Archiv, P-260-1_Basel_1899_2	Basel
Bankverein, Schweiz.			Aeschenvorstadt 72	Basel	2083	1899	16	telefonbuch_018	PTT-Archiv, P-260-1_Basel_1899_2	Basel
Bankverein, Schweiz.		Börsensaal	Postgebäude	Basel	119	1899	16	telefonbuch_018	PTT-Archiv, P-260-1_Basel_1899_2	Basel
Bankverein, Schweiz.		Börsensaal	Postgebäude	Basel	118	1899	16	telefonbuch_018	PTT-Archiv, P-260-1_Basel_1899_2	Basel
Banque cantonale de Bâle			Schifflände 5	Basel	1336	1899	16	telefonbuch_018	PTT-Archiv, P-260-1_Basel_1899_2	Basel
Banque foncière du Jura			St. Albananlage 1	Basel	1949	1899	16	telefonbuch_018	PTT-Archiv, P-260-1_Basel_1899_2	Basel
Bär	F.	Förster	Zürcherstrasse 193	Basel	77	1899	16	telefonbuch_018	PTT-Archiv, P-260-1_Basel_1899_2	Basel
Bär & Co.			Leonhardsgraben 6	Basel	2731	1899	16	telefonbuch_018	PTT-Archiv, P-260-1_Basel_1899_2	Basel
Bär & Co.		Lagerschuppen	alter Kohlenplatz S.C.B.	Basel	2292	1899	16	telefonbuch_018	PTT-Archiv, P-260-1_Basel_1899_2	Basel
Barbe-Hauser	E.	Colmarerhof	Colmarerstrasse 42	Basel	814	1899	16	telefonbuch_018	PTT-Archiv, P-260-1_Basel_1899_2	Basel
Barberis	G. B.		Steinenvorstadt 14	Basel	2148	1899	16	telefonbuch_018	PTT-Archiv, P-260-1_Basel_1899_2	Basel
Barruschky	Friedr.	Spengler	Steinenvorstadt 27	Basel	2277	1899	16	telefonbuch_018	PTT-Archiv, P-260-1_Basel_1899_2	Basel
Bartenbach	Herm.	Eisenhdlg.	Feldbergstrasse 113	Basel	3442	1899	16	telefonbuch_018	PTT-Archiv, P-260-1_Basel_1899_2	Basel
Barth-Burckhardt	Marg.	Wwe.	St. Albananlage 50	Basel	3785	1899	16	telefonbuch_018	PTT-Archiv, P-260-1_Basel_1899_2	Basel
Barth	Paul	Dr.	Stadthausgasse 13	Basel	1469	1899	16	telefonbuch_018	PTT-Archiv, P-260-1_Basel_1899_2	Basel
Barth-Ruh	Ernst	Metzger	Claragraben 3	Basel	3193	1899	16	telefonbuch_018	PTT-Archiv, P-260-1_Basel_1899_2	Basel
Bärtschi	Adolf	Restauration beim Bahnhof		Pratteln	2598	1899	16	telefonbuch_018	PTT-Archiv, P-260-1_Basel_1899_2	Basel
Bæse	Jean	zum Wildenmann		Binningen	4017	1899	16	telefonbuch_018	PTT-Archiv, P-260-1_Basel_1899_2	Basel
Basler Anzeiger			Bäumleingasse 14	Basel	2047	1899	16	telefonbuch_018	PTT-Archiv, P-260-1_Basel_1899_2	Basel
Basler Bandfabrik		vorm. Trüdinger & Cons.	Nauenstrasse 10	Basel	2194	1899	16	telefonbuch_018	PTT-Archiv, P-260-1_Basel_1899_2	Basel
Basler Bürsten- & Pinselfabrik		Gebrüder Steib	Pfeffingerstrasse 101	Basel	3858	1899	16	telefonbuch_018	PTT-Archiv, P-260-1_Basel_1899_2	Basel
Basler Bürsten- & Pinselfabrik		Gebrüder Steib (Filiale)	Aeschenvorstadt 43	Basel	2043	1899	16	telefonbuch_018	PTT-Archiv, P-260-1_Basel_1899_2	Basel
Basler Bürsten- & Pinselfabrik		Gebrüder Steib (Filiale)	Unt. Rheingasse 15	Basel	1266	1899	16	telefonbuch_018	PTT-Archiv, P-260-1_Basel_1899_2	Basel
Basler chemische Fabrik			Neuhäuserweg	Basel	3332	1899	16	telefonbuch_018	PTT-Archiv, P-260-1_Basel_1899_2	Basel
Basler Droguerie Leonhard Bernoulli & Co.			Hochstrasse 16	Basel	3889	1899	16	telefonbuch_018	PTT-Archiv, P-260-1_Basel_1899_2	Basel
Basler Droschkenanstalt		(Gebr. Settelen) Droschken und Möbeltransport	Davidsgasse 15	Basel	1519	1899	17	telefonbuch_019	PTT-Archiv, P-260-1_Basel_1899_2	Basel
Basler Droschkenanstalt		Gebr. Settelen, Droschken und Möbeltransport	Davidsgasse 15	Basel	1531	1899	17	telefonbuch_019	PTT-Archiv, P-260-1_Basel_1899_2	Basel
Basler Droschkenanstalt		Gebr. Settelen, Camionnage und Fuhrhalterei	Solothurnerstrasse 12	Basel	3946	1899	17	telefonbuch_019	PTT-Archiv, P-260-1_Basel_1899_2	Basel
Basler Druck- & Verlagsanstalt			Pfluggasse 1	Basel	2113	1899	17	telefonbuch_019	PTT-Archiv, P-260-1_Basel_1899_2	Basel
Basler Effektenbörse I			Postgebäude	Basel	3146	1899	17	telefonbuch_019	PTT-Archiv, P-260-1_Basel_1899_2	Basel
Basler Effektenbörse II			Postgebäude	Basel	4302	1899	17	telefonbuch_019	PTT-Archiv, P-260-1_Basel_1899_2	Basel
Basler Effektenbörse III			Postgebäude	Basel	117	1899	17	telefonbuch_019	PTT-Archiv, P-260-1_Basel_1899_2	Basel
Basler Effektenbörse IV			Postgebäude	Basel	1419	1899	17	telefonbuch_019	PTT-Archiv, P-260-1_Basel_1899_2	Basel
Basler Eisgesellschaft		Bureau	Steinenthorstrasse 19	Basel	2270	1899	17	telefonbuch_019	PTT-Archiv, P-260-1_Basel_1899_2	Basel
Basler Eisgesellschaft		Wohnung	Solothurnerstrasse 70	Basel	756	1899	17	telefonbuch_019	PTT-Archiv, P-260-1_Basel_1899_2	Basel
Basler Emaillir-Anstalt		Witzel & Fischbach	Unt. Rheingasse 19	Basel	1278	1899	17	telefonbuch_019	PTT-Archiv, P-260-1_Basel_1899_2	Basel
Basler Nachrichten		Expedition	Gerbergasse 40	Basel	3041	1899	17	telefonbuch_019	PTT-Archiv, P-260-1_Basel_1899_2	Basel
Basler Nachrichten		Redaktion	Gerbergasse 40	Basel	3057	1899	17	telefonbuch_019	PTT-Archiv, P-260-1_Basel_1899_2	Basel
Basler Pfandleihanstalt			Luftgässlein 5	Basel	1751	1899	17	telefonbuch_019	PTT-Archiv, P-260-1_Basel_1899_2	Basel
Basler Rennbahn			Riehenstrasse 86	Basel	3842	1899	17	telefonbuch_019	PTT-Archiv, P-260-1_Basel_1899_2	Basel
Basler Sandstein-Fabrik	Wilh.	Brodtbeck & Co.		Pratteln	2598	1899	17	telefonbuch_019	PTT-Archiv, P-260-1_Basel_1899_2	Basel
Basler Strassenbahnen		Verwaltung	Claragraben 57	Basel	3815	1899	17	telefonbuch_019	PTT-Archiv, P-260-1_Basel_1899_2	Basel
Basler Strassenbahnen		Kraftstation	Claragraben 57	Basel	3802	1899	17	telefonbuch_019	PTT-Archiv, P-260-1_Basel_1899_2	Basel
Basler Strassenbahnen		Wagenremise	Klybeckstrasse 212	Basel	3381	1899	17	telefonbuch_019	PTT-Archiv, P-260-1_Basel_1899_2	Basel
Basler Strassenbahnen		Wohnung des Direktors	Clarahofweg 5	Basel	3228	1899	17	telefonbuch_019	PTT-Archiv, P-260-1_Basel_1899_2	Basel
Basler Strassenbahnen		Wohnung des Betriebsinspektors	Ob. Rebgasse 1/3	Basel	3819	1899	17	telefonbuch_019	PTT-Archiv, P-260-1_Basel_1899_2	Basel
Basler Verkaufs-Centrale der Churer Lack- u. Farbenfabrik			Heumattstrasse 19	Basel	2226	1899	17	telefonbuch_019	PTT-Archiv, P-260-1_Basel_1899_2	Basel
Basler Volksblatt			Petersgasse 34	Basel	1687	1899	17	telefonbuch_019	PTT-Archiv, P-260-1_Basel_1899_2	Basel
Basler Wechselcomptoir		Gloor & Co.	Gerbergasse 71	Basel	2107	1899	17	telefonbuch_019	PTT-Archiv, P-260-1_Basel_1899_2	Basel
Baudepartement		neuer Werkhof	Blochmonterstrasse 30	Basel	1537	1899	17	telefonbuch_019	PTT-Archiv, P-260-1_Basel_1899_2	Basel
Baudepartement		Sekretariat, Kassa, Baupolizei, I. Bauverwalter, im Parterre	Rheinsprung 21	Basel	1167	1899	18	telefonbuch_020	PTT-Archiv, P-260-1_Basel_1899_2	Basel
Baudepartement		Kantonsingenieur, I. Adjunkt und Zeichnungsbureau, im I. Untergeschoss	Rheinsprung 21	Basel	1174	1899	18	telefonbuch_020	PTT-Archiv, P-260-1_Basel_1899_2	Basel
Baudepartement		Kantonsbaumeister, Hochbaubureau, Mobiliarverwalter, obrigktl. Techniker, II. Bauverwalter, Stadtuhrenmacher, im II. Untergeschoss	Rheinsprung 21	Basel	1168	1899	18	telefonbuch_020	PTT-Archiv, P-260-1_Basel_1899_2	Basel
Bauer	Carl	Holz- u. Metallhdlg.	Steinenthorstrasse 4	Basel	2167	1899	18	telefonbuch_020	PTT-Archiv, P-260-1_Basel_1899_2	Basel
Bauer-Engler	W.	Metzgermstr.	Rheingasse 29	Basel	1189	1899	18	telefonbuch_020	PTT-Archiv, P-260-1_Basel_1899_2	Basel
Bauer	J. M.		Freiestrasse 6	Basel	1575	1899	18	telefonbuch_020	PTT-Archiv, P-260-1_Basel_1899_2	Basel
Bauer-Meier	J.	Metzger		Birsfelden	1098	1899	18	telefonbuch_020	PTT-Archiv, P-260-1_Basel_1899_2	Basel
Bauler	Jak.		Grellingerstrasse 21	Basel	3561	1899	18	telefonbuch_020	PTT-Archiv, P-260-1_Basel_1899_2	Basel
Bauler & Baur			Rüdengasse 1	Basel	1801	1899	18	telefonbuch_020	PTT-Archiv, P-260-1_Basel_1899_2	Basel
Baumann-Böger	Th.		Hammerstrasse 113	Basel	3444	1899	18	telefonbuch_020	PTT-Archiv, P-260-1_Basel_1899_2	Basel
Baumann	Ernst	Dr., pract. Arzt		Riehen	4316	1899	18	telefonbuch_020	PTT-Archiv, P-260-1_Basel_1899_2	Basel
Baumann	E.	Hôtel Sonne	Obere Rheingasse 25	Basel	1221	1899	18	telefonbuch_020	PTT-Archiv, P-260-1_Basel_1899_2	Basel
Baumann	Gustav		Dornacherstrasse 200	Basel	3761	1899	18	telefonbuch_020	PTT-Archiv, P-260-1_Basel_1899_2	Basel
Baumann	H. & F.	Spezierer	Gerbergasse 54	Basel	2180	1899	18	telefonbuch_020	PTT-Archiv, P-260-1_Basel_1899_2	Basel
Baumann-Kühnle	Joseph		Colmarstrasse 12	Basel	848	1899	18	telefonbuch_020	PTT-Archiv, P-260-1_Basel_1899_2	Basel
Baumberger	E. & Koch	Hauptbureau	Steinenringweg 45	Basel	2977	1899	18	telefonbuch_020	PTT-Archiv, P-260-1_Basel_1899_2	Basel
Baumberger	E. & Koch	Filiallager	Hammerstrasse 20	Basel	3808	1899	18	telefonbuch_020	PTT-Archiv, P-260-1_Basel_1899_2	Basel
Baumberger-Schneider	Emanuel		Grenzacherstrasse 106	Basel	3177	1899	18	telefonbuch_020	PTT-Archiv, P-260-1_Basel_1899_2	Basel
Baumgartner	Ed.	Sohn	Aeschengraben 32	Basel	2389	1899	18	telefonbuch_020	PTT-Archiv, P-260-1_Basel_1899_2	Basel
Baumgartner	Ed.	Vater	Steinenvorstadt 8	Basel	2516	1899	18	telefonbuch_020	PTT-Archiv, P-260-1_Basel_1899_2	Basel
Baumgartner	Karl	Malermeister	Claragraben 56	Basel	3640	1899	18	telefonbuch_020	PTT-Archiv, P-260-1_Basel_1899_2	Basel
Baumgartner	Otto		Hebelstrasse 79	Basel	1652	1899	18	telefonbuch_020	PTT-Archiv, P-260-1_Basel_1899_2	Basel
Baumgartner & Co.			Martinsgasse 13	Basel	1306	1899	18	telefonbuch_020	PTT-Archiv, P-260-1_Basel_1899_2	Basel
Baur-Greiner	Georg	Bäcker und Wirt	Unt. Rebgasse 14	Basel	1247	1899	18	telefonbuch_020	PTT-Archiv, P-260-1_Basel_1899_2	Basel
Baur	Samuel	Schlossermstr.	Hardtstrasse 28	Basel	3784	1899	18	telefonbuch_020	PTT-Archiv, P-260-1_Basel_1899_2	Basel
Baur	Samuel	& Sohn	Gemsberg 5	Basel	2751	1899	18	telefonbuch_020	PTT-Archiv, P-260-1_Basel_1899_2	Basel
Baur		Schwestern	Eisengasse 30	Basel	1591	1899	18	telefonbuch_020	PTT-Archiv, P-260-1_Basel_1899_2	Basel
Bausteinfabrik Birsfelden			Rheinstrasse 23	Birsfelden	4227	1899	18	telefonbuch_020	PTT-Archiv, P-260-1_Basel_1899_2	Basel
Bausteinfabrik Kaiseraugst				Kaiseraugst	2598	1899	18	telefonbuch_020	PTT-Archiv, P-260-1_Basel_1899_2	Basel
Bayer-Studer		Wwe, Corsettengeschäft	Streitgasse 14	Basel	2011	1899	18	telefonbuch_020	PTT-Archiv, P-260-1_Basel_1899_2	Basel
Bea	Karl	Restaur. z. bad. Hof	Bahnhofstrasse 55	Basel	3310	1899	18	telefonbuch_020	PTT-Archiv, P-260-1_Basel_1899_2	Basel
Bebler	Jean		Müllerweg 140	Basel	27	1899	19	telefonbuch_021	PTT-Archiv, P-260-1_Basel_1899_2	Basel
Beck	Albert	Glasermeister	Münsterberg 10	Basel	1841	1899	19	telefonbuch_021	PTT-Archiv, P-260-1_Basel_1899_2	Basel
Beck	Albert	Glasermeister	Hardtstrasse 129	Basel	3777	1899	19	telefonbuch_021	PTT-Archiv, P-260-1_Basel_1899_2	Basel
Beck	Theodor	Dr.	Missionsstrasse 19	Basel	1513	1899	19	telefonbuch_021	PTT-Archiv, P-260-1_Basel_1899_2	Basel
Beck-Roth & Co.			Birsigstrasse 54	Basel	2566	1899	19	telefonbuch_021	PTT-Archiv, P-260-1_Basel_1899_2	Basel
Beck-Roth	E.	Wwe	Heinrichsgasse 22	Basel	1732	1899	19	telefonbuch_021	PTT-Archiv, P-260-1_Basel_1899_2	Basel
Beil	Jean	Käsehdlg., Bureau	Tellstrasse 7	Basel	3860	1899	19	telefonbuch_021	PTT-Archiv, P-260-1_Basel_1899_2	Basel
Beil	Jean	Wohnung	Pfeffingerstrasse 79	Basel	3879	1899	19	telefonbuch_021	PTT-Archiv, P-260-1_Basel_1899_2	Basel
Bell	Eduard	Metzger	Spalenberg 13	Basel	2713	1899	19	telefonbuch_021	PTT-Archiv, P-260-1_Basel_1899_2	Basel
Bell-Roth	Sam.	Metzger	Streitgasse 13	Basel	2055	1899	19	telefonbuch_021	PTT-Archiv, P-260-1_Basel_1899_2	Basel
Beltz-Bartoschek	H.	Wirt	Burgfelderstrasse 1	Basel	846	1899	19	telefonbuch_021	PTT-Archiv, P-260-1_Basel_1899_2	Basel
Bentz	Louis		Freiestrasse 111	Basel	1964	1899	19	telefonbuch_021	PTT-Archiv, P-260-1_Basel_1899_2	Basel
Benz	H.		Leonhardsgraben 61	Basel	3003	1899	19	telefonbuch_021	PTT-Archiv, P-260-1_Basel_1899_2	Basel
Berger-Bechtel	Aug.		Neuhausstrasse 72	Basel	771	1899	19	telefonbuch_021	PTT-Archiv, P-260-1_Basel_1899_2	Basel
Berger-Bechtel	Aug.	Wirt	Freiburgerstrasse 1	Basel	3341	1899	19	telefonbuch_021	PTT-Archiv, P-260-1_Basel_1899_2	Basel
Berger-Vultier	E.		Klybeckstrasse 5	Basel	3280	1899	19	telefonbuch_021	PTT-Archiv, P-260-1_Basel_1899_2	Basel
Bernauer-Iselin	Adolf	Metzger	Clarastrasse 24	Basel	3707	1899	19	telefonbuch_021	PTT-Archiv, P-260-1_Basel_1899_2	Basel
Bernerhalle		(O. Kling-Kündig)	Müllerweg 120	Basel	2809	1899	19	telefonbuch_021	PTT-Archiv, P-260-1_Basel_1899_2	Basel
Bernet	J. J.	Conditor	Aeschenvorstadt 53	Basel	1998	1899	19	telefonbuch_021	PTT-Archiv, P-260-1_Basel_1899_2	Basel
Bernheim-Bernheim	B.	Wwe	Langegasse 7	Basel	2082	1899	19	telefonbuch_021	PTT-Archiv, P-260-1_Basel_1899_2	Basel
Bernheim	Henri		Aeschenvorstadt 72	Basel	2300	1899	19	telefonbuch_021	PTT-Archiv, P-260-1_Basel_1899_2	Basel
Bernheim	M.		Holbeinstrasse 29	Basel	3150	1899	19	telefonbuch_021	PTT-Archiv, P-260-1_Basel_1899_2	Basel
Bernheim	Philipp		Nauenstrasse 55	Basel	4070	1899	19	telefonbuch_021	PTT-Archiv, P-260-1_Basel_1899_2	Basel
Bernheim, Ph., & Co.			Elisabethenstrasse 38	Basel	2381	1899	19	telefonbuch_021	PTT-Archiv, P-260-1_Basel_1899_2	Basel
Bernoulli-Glitsch	Daniel	Dr.	Steinengraben 77	Basel	2515	1899	19	telefonbuch_021	PTT-Archiv, P-260-1_Basel_1899_2	Basel
Bernoulli-Reber	J. J.	Prof. Dr.	Kanonengasse 19	Basel	3083	1899	19	telefonbuch_021	PTT-Archiv, P-260-1_Basel_1899_2	Basel
Bernoulli-Riggenbach	Ed.		Langegasse 11	Basel	1902	1899	19	telefonbuch_021	PTT-Archiv, P-260-1_Basel_1899_2	Basel
Bernoulli-Sartorius	Wilh.	Dr.	Schärtlingasse 4	Basel	3070	1899	19	telefonbuch_021	PTT-Archiv, P-260-1_Basel_1899_2	Basel
Bernoulli-von der Tann	W. L.	Privatwohnung (Geschäft siehe: Basler Drogerie Leonhard Bernoulli & Co.)	Leimenstrasse 30	Basel	2880	1899	19	telefonbuch_021	PTT-Archiv, P-260-1_Basel_1899_2	Basel
Bertholet-Wagner	F.		Birmannsgasse 37	Basel	2679	1899	19	telefonbuch_021	PTT-Archiv, P-260-1_Basel_1899_2	Basel
Bertolf-Gessler	Chr.		Klybeckstrasse 18	Basel	3261	1899	19	telefonbuch_021	PTT-Archiv, P-260-1_Basel_1899_2	Basel
Bertolf	Julie	Spezereihandlung	Friedlingerweg 1	Basel	3331	1899	19	telefonbuch_021	PTT-Archiv, P-260-1_Basel_1899_2	Basel
Bertolf	Wilhelm		Freiestrasse 42	Basel	1884	1899	19	telefonbuch_021	PTT-Archiv, P-260-1_Basel_1899_2	Basel
Bertolf, Walz & Co.			Mattweg 72	Basel	3510	1899	19	telefonbuch_021	PTT-Archiv, P-260-1_Basel_1899_2	Basel
Bertrams	Heinrich		Utengasse 15	Basel	1196	1899	19	telefonbuch_021	PTT-Archiv, P-260-1_Basel_1899_2	Basel
Bertrand		Gebr., Möbeltransport und Fuhrhalterei	Horburgstrasse 6	Basel	287	1899	19	telefonbuch_021	PTT-Archiv, P-260-1_Basel_1899_2	Basel
Bertsch	W.	Landschaftsgärtner	Hägenheimerstrasse 27	Basel	831	1899	20	telefonbuch_022	PTT-Archiv, P-260-1_Basel_1899_2	Basel
Bertschi		Gebrüder, Buchdruckerei	Petersgasse 40	Basel	1677	1899	20	telefonbuch_022	PTT-Archiv, P-260-1_Basel_1899_2	Basel
Bertschi	Rud.	Rechtsanwalt	Gerbergasse 89	Basel	1970	1899	20	telefonbuch_022	PTT-Archiv, P-260-1_Basel_1899_2	Basel
Beschle	Ernst	Conditorei	Holbeinstrasse 49	Basel	3124	1899	20	telefonbuch_022	PTT-Archiv, P-260-1_Basel_1899_2	Basel
Besse	Justin	mech. Teppichklopferei und Schreinerei	Liesbergerstrasse 50	Basel	3502	1899	20	telefonbuch_022	PTT-Archiv, P-260-1_Basel_1899_2	Basel
Besson	Henri		Elisabethenstrasse 41	Basel	2094	1899	20	telefonbuch_022	PTT-Archiv, P-260-1_Basel_1899_2	Basel
Bestattungswesen			Domhof	Basel	2165	1899	20	telefonbuch_022	PTT-Archiv, P-260-1_Basel_1899_2	Basel
Betler	Jakob	Bierdépôt	Allschwilerstrasse 139	Basel	816	1899	20	telefonbuch_022	PTT-Archiv, P-260-1_Basel_1899_2	Basel
Bettingen		Gemeindestation (s. S. 116)		Bettingen	4316	1899	20	telefonbuch_022	PTT-Archiv, P-260-1_Basel_1899_2	Basel
Beugger	A.		Hardtstrasse 72	Basel	3558	1899	20	telefonbuch_022	PTT-Archiv, P-260-1_Basel_1899_2	Basel
Beugger	J. A.		Malzgasse 18	Basel	4164	1899	20	telefonbuch_022	PTT-Archiv, P-260-1_Basel_1899_2	Basel
Beutel	E.		Margarethenstrasse 7	Basel	2253	1899	20	telefonbuch_022	PTT-Archiv, P-260-1_Basel_1899_2	Basel
Beuttner	E.	St. Clara-Apotheke	Clarastrasse 22	Basel	3532	1899	20	telefonbuch_022	PTT-Archiv, P-260-1_Basel_1899_2	Basel
Bezirksschreiberei Arlesheim				Arlesheim	3900	1899	20	telefonbuch_022	PTT-Archiv, P-260-1_Basel_1899_2	Basel
Bibliothek		öffentliche	Schönbeinstrasse 20	Basel	2636	1899	20	telefonbuch_022	PTT-Archiv, P-260-1_Basel_1899_2	Basel
Bickart	Leop.	Metzgermeister	Oberer Heuberg 2	Basel	2860	1899	20	telefonbuch_022	PTT-Archiv, P-260-1_Basel_1899_2	Basel
Bider	Max	Dr., pract. Arzt	Schützenmattstrasse 35	Basel	2660	1899	20	telefonbuch_022	PTT-Archiv, P-260-1_Basel_1899_2	Basel
Bider-Münger	A.	Dr.	Hammerstrasse 80	Basel	3459	1899	20	telefonbuch_022	PTT-Archiv, P-260-1_Basel_1899_2	Basel
Bieder		Gebr., Handelsgärtner		Riehen	4316	1899	20	telefonbuch_022	PTT-Archiv, P-260-1_Basel_1899_2	Basel
Bieder		Gebr., Handelsgärtnerei und Blumengeschäft	Freiestrasse 81	Basel	1878	1899	20	telefonbuch_022	PTT-Archiv, P-260-1_Basel_1899_2	Basel
Bieder-Iselin	A.	Dr.	Byfangweg 14	Basel	2990	1899	20	telefonbuch_022	PTT-Archiv, P-260-1_Basel_1899_2	Basel
Bieder		„Löwenzorn“	Gemsberg 2/4	Basel	2796	1899	20	telefonbuch_022	PTT-Archiv, P-260-1_Basel_1899_2	Basel
Bieder & Vischer			Kaufhausgasse 7	Basel	2027	1899	20	telefonbuch_022	PTT-Archiv, P-260-1_Basel_1899_2	Basel
Biedert-Hafner	W.	Fuhrhalter	Elsässerstrasse 9	Basel	1726	1899	20	telefonbuch_022	PTT-Archiv, P-260-1_Basel_1899_2	Basel
Bierer	Joseph		Allschwilerstrasse 30	Basel	2710	1899	20	telefonbuch_022	PTT-Archiv, P-260-1_Basel_1899_2	Basel
Bierhalle Thoma		(Ed. Villaret-Bertrand)	Ob. Rheingasse 2	Basel	1118	1899	20	telefonbuch_022	PTT-Archiv, P-260-1_Basel_1899_2	Basel
Bieri-Gaiser	Jos.	Wirt	Maulbeerweg 36	Basel	3516	1899	20	telefonbuch_022	PTT-Archiv, P-260-1_Basel_1899_2	Basel
Biermann	Gustav		Burgunderstrasse 18	Basel	3796	1899	20	telefonbuch_022	PTT-Archiv, P-260-1_Basel_1899_2	Basel
Bigenwald	Stephan	Holz- u. Kohlenhdlg.	Bachlettenstrasse 22	Basel	3157	1899	20	telefonbuch_022	PTT-Archiv, P-260-1_Basel_1899_2	Basel
Bihrer	Alphonse	Bijoutier	Freiestrasse 72	Basel	2033	1899	20	telefonbuch_022	PTT-Archiv, P-260-1_Basel_1899_2	Basel
Billich	Seb.	Schreinermeister	Mörsbergerstrasse 52	Basel	48	1899	20	telefonbuch_022	PTT-Archiv, P-260-1_Basel_1899_2	Basel
Binder-Wiest	C.		Spalenberg 25	Basel	2882	1899	20	telefonbuch_022	PTT-Archiv, P-260-1_Basel_1899_2	Basel
Bindschädler-Büchler	Jul.	Cementbaugeschäft	Klybeckstrasse 51/53	Basel	3202	1899	20	telefonbuch_022	PTT-Archiv, P-260-1_Basel_1899_2	Basel
Bindschedler	Robert	Dr.	Unterer Rheinweg 46	Basel	1292	1899	20	telefonbuch_022	PTT-Archiv, P-260-1_Basel_1899_2	Basel
Bing		Gebrüder E. & S. (Vertreter C. A. Richter)	Freiestrasse 40	Basel	1989	1899	20	telefonbuch_022	PTT-Archiv, P-260-1_Basel_1899_2	Basel
Bing		Gebr., Söhne, Seidenband en gros	St. Johannvorstadt 27	Basel	1710	1899	21	telefonbuch_023	PTT-Archiv, P-260-1_Basel_1899_2	Basel
Bing & Meyer			Dornacherstrasse 137	Basel	757	1899	21	telefonbuch_023	PTT-Archiv, P-260-1_Basel_1899_2	Basel
Binkert-Siegwart	E.	Ingenieur	Karthausgasse 11	Basel	2530	1899	21	telefonbuch_023	PTT-Archiv, P-260-1_Basel_1899_2	Basel
Binswanger & Lebert			Austrasse 89	Basel	4044	1899	21	telefonbuch_023	PTT-Archiv, P-260-1_Basel_1899_2	Basel
Binz-Barth	A.	Handelsgärtner	Klybeckstrasse 13	Basel	3276	1899	21	telefonbuch_023	PTT-Archiv, P-260-1_Basel_1899_2	Basel
Binz	Urs	Advokat	Nadelberg 18	Basel	1410	1899	21	telefonbuch_023	PTT-Archiv, P-260-1_Basel_1899_2	Basel
Bircher-Wullschleger	J.	Wirt	Centralbahnstrasse 19	Basel	3857	1899	21	telefonbuch_023	PTT-Archiv, P-260-1_Basel_1899_2	Basel
Birkhäuser	Emil	Buchdruckerei	Elisabethenstrasse 11	Basel	2307	1899	21	telefonbuch_023	PTT-Archiv, P-260-1_Basel_1899_2	Basel
Birkhäuser	Emil	Wohnung	Margarethenstrasse 53	Basel	2425	1899	21	telefonbuch_023	PTT-Archiv, P-260-1_Basel_1899_2	Basel
Birkhäuser & Dübi		Buchdruckerei	Elisabethenstrasse 7	Basel	2012	1899	21	telefonbuch_023	PTT-Archiv, P-260-1_Basel_1899_2	Basel
Birmann	Emil	Metzger	Davidsbodenstrasse 69	Basel	179	1899	21	telefonbuch_023	PTT-Archiv, P-260-1_Basel_1899_2	Basel
Birseck'sche Produktions- und Consumgenossenschaft Oberwil		Dépôt		Arlesheim	3900	1899	21	telefonbuch_023	PTT-Archiv, P-260-1_Basel_1899_2	Basel
Birseck'sche Produktions- und Consumgenossenschaft Oberwil			Neuewelt 39	Basel	3903	1899	21	telefonbuch_023	PTT-Archiv, P-260-1_Basel_1899_2	Basel
Birseck'sche Produktions- und Consumgenossenschaft Oberwil		Schlosshofbäckerei		Binningen	2521	1899	21	telefonbuch_023	PTT-Archiv, P-260-1_Basel_1899_2	Basel
Birseck'sche Produktions- und Consumgenossenschaft Oberwil		Dépôt		Aesch	3900	1899	21	telefonbuch_023	PTT-Archiv, P-260-1_Basel_1899_2	Basel
Birseck'sche Produktions- und Consumgenossenschaft Oberwil		Verwaltungsgebäude		Oberwil	2520	1899	21	telefonbuch_023	PTT-Archiv, P-260-1_Basel_1899_2	Basel
Birseck'sche Produktions- und Consumgenossenschaft Oberwil		Krone		Oberwil	2520	1899	21	telefonbuch_023	PTT-Archiv, P-260-1_Basel_1899_2	Basel
Birseck'sche Produktions- und Consumgenossenschaft Oberwil				Dornachbrugg	3900	1899	21	telefonbuch_023	PTT-Archiv, P-260-1_Basel_1899_2	Basel
Birsfelden, Gemeindesprechstation		Postbureau		Birsfelden	4131	1899	21	telefonbuch_023	PTT-Archiv, P-260-1_Basel_1899_2	Basel
Birsigthalbahn			Binningerstrasse 11	Basel	2470	1899	21	telefonbuch_023	PTT-Archiv, P-260-1_Basel_1899_2	Basel
Bischoff	Carl	Dr. (Bureau)	Rittergasse 21	Basel	1058	1899	21	telefonbuch_023	PTT-Archiv, P-260-1_Basel_1899_2	Basel
Bischoff	Carl	Dr. (Wohnung)	St. Albananlage 24	Basel	3694	1899	21	telefonbuch_023	PTT-Archiv, P-260-1_Basel_1899_2	Basel
Bischoff	Eugen	Dr.	Schützenmattstrasse 40	Basel	2947	1899	21	telefonbuch_023	PTT-Archiv, P-260-1_Basel_1899_2	Basel
Bischoff	Ed.		Angensteinerstrasse 26	Basel	3570	1899	21	telefonbuch_023	PTT-Archiv, P-260-1_Basel_1899_2	Basel
Bischoff-Cherbuin	Emma	Wwe	Gellertstrasse 1	Basel	4201	1899	21	telefonbuch_023	PTT-Archiv, P-260-1_Basel_1899_2	Basel
Bischoff-Geigy	Chr.	Frau	Langegasse 15	Basel	2063	1899	21	telefonbuch_023	PTT-Archiv, P-260-1_Basel_1899_2	Basel
Bischoff	Jos.	Baugeschäft	Sulzerstrasse 17	Basel	2816	1899	21	telefonbuch_023	PTT-Archiv, P-260-1_Basel_1899_2	Basel
Bischoff	J. J.	Prof. Dr.	Martinsgasse 12	Basel	1307	1899	21	telefonbuch_023	PTT-Archiv, P-260-1_Basel_1899_2	Basel
Bischoff-Ryhiner	E.		St. Jakobstrasse 13	Basel	1947	1899	21	telefonbuch_023	PTT-Archiv, P-260-1_Basel_1899_2	Basel
Bischoff, Steuer & Co.			Nadelberg 10	Basel	1432	1899	21	telefonbuch_023	PTT-Archiv, P-260-1_Basel_1899_2	Basel
Bisel	J.	& Co., Latrinenentleerungsgeschäft	Hüningerstrasse 81	Basel	1622	1899	22	telefonbuch_024	PTT-Archiv, P-260-1_Basel_1899_2	Basel
Bitterli-Peter	Fr.	Butterhndl.	Drahtzugstrasse 57	Basel	3473	1899	22	telefonbuch_024	PTT-Archiv, P-260-1_Basel_1899_2	Basel
Bitz	Wilh.	Buchbinder	Aeschenvorstadt 48	Basel	2066	1899	22	telefonbuch_024	PTT-Archiv, P-260-1_Basel_1899_2	Basel
Blanchet	Fritz	Dr., Wohnung	Kapellenstrasse 20	Basel	2973	1899	22	telefonbuch_024	PTT-Archiv, P-260-1_Basel_1899_2	Basel
Blankenhorn & Co.			Elsässerstrasse 170	Basel	1369	1899	22	telefonbuch_024	PTT-Archiv, P-260-1_Basel_1899_2	Basel
Blaser	Fritz		Schneidergasse 24	Basel	1439	1899	22	telefonbuch_024	PTT-Archiv, P-260-1_Basel_1899_2	Basel
Bläsischulhaus			Bläsiringweg 110	Basel	3369	1899	22	telefonbuch_024	PTT-Archiv, P-260-1_Basel_1899_2	Basel
Blatter-Christener	Emanuel	Milchhändler	Allschwilerstrasse 108	Basel	956	1899	22	telefonbuch_024	PTT-Archiv, P-260-1_Basel_1899_2	Basel
Blattmann-Affolter	Emil		Hammerstrasse 111	Basel	3427	1899	22	telefonbuch_024	PTT-Archiv, P-260-1_Basel_1899_2	Basel
Blattner-Wespi	C.	Wwe, Hebamme	Sternengässlein 11	Basel	2313	1899	22	telefonbuch_024	PTT-Archiv, P-260-1_Basel_1899_2	Basel
Bloch	Charles		Gartenstrasse 58	Basel	2163	1899	22	telefonbuch_024	PTT-Archiv, P-260-1_Basel_1899_2	Basel
Bloch	Ernst	Dr., St. Leonhards-apotheke	Leimenstrasse 27	Basel	2955	1899	22	telefonbuch_024	PTT-Archiv, P-260-1_Basel_1899_2	Basel
Bloch		Gebrüder	Ramsteinerstrasse 9	Basel	4293	1899	22	telefonbuch_024	PTT-Archiv, P-260-1_Basel_1899_2	Basel
Bloch-Heumann	Simon		Angensteinerstrasse 29	Basel	3962	1899	22	telefonbuch_024	PTT-Archiv, P-260-1_Basel_1899_2	Basel
Bloch-Meyer	N.		Mittlerestrasse 102	Basel	1597	1899	22	telefonbuch_024	PTT-Archiv, P-260-1_Basel_1899_2	Basel
Bloch	Philipp		St. Albananlage 3	Basel	4270	1899	22	telefonbuch_024	PTT-Archiv, P-260-1_Basel_1899_2	Basel
Bloch	S. J.	Söhne	Freiestrasse 86	Basel	2118	1899	22	telefonbuch_024	PTT-Archiv, P-260-1_Basel_1899_2	Basel
Bloch	S. J.	Söhne	Klingenthal 11	Basel	856	1899	22	telefonbuch_024	PTT-Archiv, P-260-1_Basel_1899_2	Basel
Bloch-Schwob	Th.	Wwe	Schützengraben 21	Basel	2726	1899	22	telefonbuch_024	PTT-Archiv, P-260-1_Basel_1899_2	Basel
Bloch, Ulmann & Co.			Steinenthorberg 12	Basel	2507	1899	22	telefonbuch_024	PTT-Archiv, P-260-1_Basel_1899_2	Basel
Blum	R.		Steinenvorstadt 60	Basel	2497	1899	22	telefonbuch_024	PTT-Archiv, P-260-1_Basel_1899_2	Basel
Bochsler-Lehre	J.	Holz- und Kohlenhandlung	St. Johannringweg 120	Basel	1470	1899	22	telefonbuch_024	PTT-Archiv, P-260-1_Basel_1899_2	Basel
Bodenheimer	S.		Gartenstrasse 58	Basel	2161	1899	22	telefonbuch_024	PTT-Archiv, P-260-1_Basel_1899_2	Basel
Bognár	E.	Malermeister	Hammerstrasse 42	Basel	3712	1899	22	telefonbuch_024	PTT-Archiv, P-260-1_Basel_1899_2	Basel
Böhler	F. J.	Ofenfabrik	Clarastrasse 50	Basel	3711	1899	22	telefonbuch_024	PTT-Archiv, P-260-1_Basel_1899_2	Basel
Böhler-Schmidli	Th.	Lebensmittelhandlung	Zürcherstrasse 143	Basel	1159	1899	22	telefonbuch_024	PTT-Archiv, P-260-1_Basel_1899_2	Basel
Böhm	Joseph		St. Johannringweg 125	Basel	1458	1899	22	telefonbuch_024	PTT-Archiv, P-260-1_Basel_1899_2	Basel
Böhm-Lohri	G.		Gempenstrasse 71	Basel	4058	1899	22	telefonbuch_024	PTT-Archiv, P-260-1_Basel_1899_2	Basel
Böhme-Asal	Jacques	Dekorationsmaler	Aeschenvorstadt 73	Basel	1882	1899	22	telefonbuch_024	PTT-Archiv, P-260-1_Basel_1899_2	Basel
Böhme-Steinmann	Lukas	Küfermeister	Hirschgässlein 1	Basel	2086	1899	22	telefonbuch_024	PTT-Archiv, P-260-1_Basel_1899_2	Basel
Bohny	C.	Dr., Arzt	Claragraben 23	Basel	3731	1899	22	telefonbuch_024	PTT-Archiv, P-260-1_Basel_1899_2	Basel
Bohny, Hollinger & Co.			Clarastrasse 6	Basel	3525	1899	22	telefonbuch_024	PTT-Archiv, P-260-1_Basel_1899_2	Basel
Bohny-Hollinger		Frau	Riehenthorstrasse 31	Basel	1120	1899	22	telefonbuch_024	PTT-Archiv, P-260-1_Basel_1899_2	Basel
Boivin	Edouard		St. Albananlage 1	Basel	2171	1899	23	telefonbuch_025	PTT-Archiv, P-260-1_Basel_1899_2	Basel
Bölger-Hindermann	Ros.	Wwe	Aeschengraben 21	Basel	2124	1899	23	telefonbuch_025	PTT-Archiv, P-260-1_Basel_1899_2	Basel
Bollack, Brunschwig & Cie.			Steinenvorstadt 19	Basel	2215	1899	23	telefonbuch_025	PTT-Archiv, P-260-1_Basel_1899_2	Basel
Bollag-Feuchtwanger	J.		Holbeinstrasse 15	Basel	4080	1899	23	telefonbuch_025	PTT-Archiv, P-260-1_Basel_1899_2	Basel
Bollag		Gebrüder, Bettfedern und Flaum	Klingelbergstrasse 29	Basel	1489	1899	23	telefonbuch_025	PTT-Archiv, P-260-1_Basel_1899_2	Basel
Bollag	J.	Commission und Warrantgeschäft	Obere Rebgasse 70	Basel	3806	1899	23	telefonbuch_025	PTT-Archiv, P-260-1_Basel_1899_2	Basel
Bollag	S.	französische Warenhalle	Marktgasse 1	Basel	1606	1899	23	telefonbuch_025	PTT-Archiv, P-260-1_Basel_1899_2	Basel
Bollag		Söhne	Steinenvorstadt 54	Basel	2087	1899	23	telefonbuch_025	PTT-Archiv, P-260-1_Basel_1899_2	Basel
Bolliger-Kaiser	Albr.	Baugeschäft	Bruderholzstrasse 20	Basel	3769	1899	23	telefonbuch_025	PTT-Archiv, P-260-1_Basel_1899_2	Basel
Booth-Hellberg	E. D.		Erasmusplatz 14	Basel	1288	1899	23	telefonbuch_025	PTT-Archiv, P-260-1_Basel_1899_2	Basel
Borgognon	Louis		St. Albanthal 12	Basel	4134	1899	23	telefonbuch_025	PTT-Archiv, P-260-1_Basel_1899_2	Basel
Boeringer-Simonius	Ch.		Grenzacherstrasse 166	Basel	3196	1899	23	telefonbuch_025	PTT-Archiv, P-260-1_Basel_1899_2	Basel
Boeringer-Simonius	Ch.		Zürcherstrasse 1	Basel	4109	1899	23	telefonbuch_025	PTT-Archiv, P-260-1_Basel_1899_2	Basel
Börlin	E. R.		Grellingerstrasse 78	Basel	2463	1899	23	telefonbuch_025	PTT-Archiv, P-260-1_Basel_1899_2	Basel
Börlin	Sl.	& Co., Seifensiederei		Binningen	4019	1899	23	telefonbuch_025	PTT-Archiv, P-260-1_Basel_1899_2	Basel
Bosshardt	H.	Zahnarzt	Eulerstrasse 15	Basel	2871	1899	23	telefonbuch_025	PTT-Archiv, P-260-1_Basel_1899_2	Basel
Botanisches Institut			Schönbeinstrasse 6	Basel	3151	1899	23	telefonbuch_025	PTT-Archiv, P-260-1_Basel_1899_2	Basel
Bote	C.	Spenglermeister	Greifengasse 32	Basel	3203	1899	23	telefonbuch_025	PTT-Archiv, P-260-1_Basel_1899_2	Basel
Baetsch	B.	Baugeschäft	Gundoldingerstrasse 127	Basel	4024	1899	23	telefonbuch_025	PTT-Archiv, P-260-1_Basel_1899_2	Basel
Brack-Fässler	Chr.		Allschwilerstrasse 106	Basel	2793	1899	23	telefonbuch_025	PTT-Archiv, P-260-1_Basel_1899_2	Basel
Brand	Rud.		Aeschenvorstadt 47	Basel	11	1899	23	telefonbuch_025	PTT-Archiv, P-260-1_Basel_1899_2	Basel
Brändli	J.	Elektro-Techniker	Freiestrasse 59	Basel	1071	1899	23	telefonbuch_025	PTT-Archiv, P-260-1_Basel_1899_2	Basel
Brändlin-Götz	Albert	Holzhandlung	unt. Hauptstr. 28	Binningen	2524	1899	23	telefonbuch_025	PTT-Archiv, P-260-1_Basel_1899_2	Basel
Brändlin	Gustav		Gempenstrasse 25	Basel	4099	1899	23	telefonbuch_025	PTT-Archiv, P-260-1_Basel_1899_2	Basel
Brandversicherungsanstalt Basel-Stadt			Elisabethenstrasse 31	Basel	2404	1899	23	telefonbuch_025	PTT-Archiv, P-260-1_Basel_1899_2	Basel
Brann	Julius	Mercerie und Bonneterie	Marktplatz 1	Basel	1730	1899	23	telefonbuch_025	PTT-Archiv, P-260-1_Basel_1899_2	Basel
Bratteler-Neukomm	Emil		Hammerstrasse 59	Basel	34	1899	23	telefonbuch_025	PTT-Archiv, P-260-1_Basel_1899_2	Basel
Brauerei z. Cardinal		(Wirtschaft)	Freiestrasse 36	Basel	2114	1899	23	telefonbuch_025	PTT-Archiv, P-260-1_Basel_1899_2	Basel
Brauerei z. Cardinal		(Bureau)	Margarethenstrasse 20	Basel	2452	1899	23	telefonbuch_025	PTT-Archiv, P-260-1_Basel_1899_2	Basel
Brauerei F. Merian			Steinenthorstrasse 23	Basel	2101	1899	23	telefonbuch_025	PTT-Archiv, P-260-1_Basel_1899_2	Basel
Brauerei Oberwil				Oberwil	4042	1899	23	telefonbuch_025	PTT-Archiv, P-260-1_Basel_1899_2	Basel
Brauerei z. Warteck		(Wirtschaft)	Bahnhofstr. 7 u. Erlenpark	Basel	3620	1899	23	telefonbuch_025	PTT-Archiv, P-260-1_Basel_1899_2	Basel
Brauerei z. Warteck		(Bureau)	Burgweg 11	Basel	3179	1899	23	telefonbuch_025	PTT-Archiv, P-260-1_Basel_1899_2	Basel
Braun	C. F.	Passementerie	Bäumleingasse 16	Basel	1830	1899	24	telefonbuch_026	PTT-Archiv, P-260-1_Basel_1899_2	Basel
Braun-Graser	Math.	Metzger	Steinenthorstrasse 39	Basel	4122	1899	24	telefonbuch_026	PTT-Archiv, P-260-1_Basel_1899_2	Basel
Braun	Hch.	Metzgermstr.	St. Johannvorstadt 51	Basel	1746	1899	24	telefonbuch_026	PTT-Archiv, P-260-1_Basel_1899_2	Basel
Braun-Schetty	Frz.		Hammerstrasse 70	Basel	3505	1899	24	telefonbuch_026	PTT-Archiv, P-260-1_Basel_1899_2	Basel
Braun-Schildknecht	M.		St. Johannringweg 98	Basel	1628	1899	24	telefonbuch_026	PTT-Archiv, P-260-1_Basel_1899_2	Basel
Braunschweig & Co.			St. Johannvorstadt 7	Basel	1361	1899	24	telefonbuch_026	PTT-Archiv, P-260-1_Basel_1899_2	Basel
Breisch-David	J.	Bijoutier	Marktplatz 14	Basel	1330	1899	24	telefonbuch_026	PTT-Archiv, P-260-1_Basel_1899_2	Basel
Breisch-David	J.	Privat	Pilgerstrasse 21	Basel	250	1899	24	telefonbuch_026	PTT-Archiv, P-260-1_Basel_1899_2	Basel
Breitenstein	Dr. Alb.		Clarastrasse 48	Basel	3710	1899	24	telefonbuch_026	PTT-Archiv, P-260-1_Basel_1899_2	Basel
Brenneisen	R.	Schlosserei	Güterstrasse 103	Basel	2471	1899	24	telefonbuch_026	PTT-Archiv, P-260-1_Basel_1899_2	Basel
Brenner	C.	Bärenzunft	Freiestrasse 34	Basel	2119	1899	24	telefonbuch_026	PTT-Archiv, P-260-1_Basel_1899_2	Basel
Brenner	Ed.	Cigarrenhandlg.	Steinenberg 27	Basel	2542	1899	24	telefonbuch_026	PTT-Archiv, P-260-1_Basel_1899_2	Basel
Brenner	F.	Tapezierer	Steinenberg 21	Basel	2121	1899	24	telefonbuch_026	PTT-Archiv, P-260-1_Basel_1899_2	Basel
Brenner	Rud.		Blumenrain 24	Basel	1368	1899	24	telefonbuch_026	PTT-Archiv, P-260-1_Basel_1899_2	Basel
Brenner-Senn	C.		Margarethenstrasse 71	Basel	4016	1899	24	telefonbuch_026	PTT-Archiv, P-260-1_Basel_1899_2	Basel
Brennereigenossenschaft Aesch-Dornach			Bureau Aesch	Aesch	3900	1899	24	telefonbuch_026	PTT-Archiv, P-260-1_Basel_1899_2	Basel
Bretscher-Meyer	J.	Elektrotechniker	Breisacherstrasse 120	Basel	3287	1899	24	telefonbuch_026	PTT-Archiv, P-260-1_Basel_1899_2	Basel
Breuckmann Söhne	W. A.		Peter Merianstrasse 58	Basel	4071	1899	24	telefonbuch_026	PTT-Archiv, P-260-1_Basel_1899_2	Basel
Breul	J.	Direktor	Sevogelstrasse 53	Basel	3880	1899	24	telefonbuch_026	PTT-Archiv, P-260-1_Basel_1899_2	Basel
Briner	J.	Comestibles	Steinenvorstadt 42	Basel	2453	1899	24	telefonbuch_026	PTT-Archiv, P-260-1_Basel_1899_2	Basel
Brodbeck	Jean		Alter Kohlenplatz S.C.B.	Basel	2427	1899	24	telefonbuch_026	PTT-Archiv, P-260-1_Basel_1899_2	Basel
Brodfabrik		Basler	Klybeckstrasse 64	Basel	3386	1899	24	telefonbuch_026	PTT-Archiv, P-260-1_Basel_1899_2	Basel
Brodlaube		Wirtschaft	Marktplatz	Basel	1379	1899	24	telefonbuch_026	PTT-Archiv, P-260-1_Basel_1899_2	Basel
Brodmann	Richard	Baumaterialienhandlung		Ettingen	2520	1899	24	telefonbuch_026	PTT-Archiv, P-260-1_Basel_1899_2	Basel
Brodmann	Richard	Baumaterialien	Binningerstrasse 11	Basel	3192	1899	24	telefonbuch_026	PTT-Archiv, P-260-1_Basel_1899_2	Basel
Broggi & Appiani	C. & F.		Wasensträsschen 199	Basel	198	1899	24	telefonbuch_026	PTT-Archiv, P-260-1_Basel_1899_2	Basel
Brogli	Joh. B.	Restaurant Steineneck	Steinenthorstrasse 40	Basel	2555	1899	24	telefonbuch_026	PTT-Archiv, P-260-1_Basel_1899_2	Basel
Bronner	J. R.		Solothurnerstrasse 70	Basel	756	1899	24	telefonbuch_026	PTT-Archiv, P-260-1_Basel_1899_2	Basel
Bronner & Co.		Spedition	Güterstrasse 79	Basel	2877	1899	24	telefonbuch_026	PTT-Archiv, P-260-1_Basel_1899_2	Basel
Bronner & Co.		Versicherungsbranche	Dornacherstrasse 39	Basel	4004	1899	24	telefonbuch_026	PTT-Archiv, P-260-1_Basel_1899_2	Basel
Bruckner & Co.		Weinhandlung	Güterstrasse 206	Basel	3751	1899	24	telefonbuch_026	PTT-Archiv, P-260-1_Basel_1899_2	Basel
Bruckner-Weber	Rud.		Austrasse 18	Basel	3009	1899	24	telefonbuch_026	PTT-Archiv, P-260-1_Basel_1899_2	Basel
Bruder	Fr.	Lithograph	Schlüsselberg 15	Basel	1094	1899	24	telefonbuch_026	PTT-Archiv, P-260-1_Basel_1899_2	Basel
Brüderlin-Burckhardt	Alb.		St. Albanringweg 184	Basel	2621	1899	24	telefonbuch_026	PTT-Archiv, P-260-1_Basel_1899_2	Basel
Brüderlin-Christmann			Petersplatz 14	Basel	1512	1899	24	telefonbuch_026	PTT-Archiv, P-260-1_Basel_1899_2	Basel
Brüderlin	Emil	zum Soolbad		Schweizerhalle	2598	1899	24	telefonbuch_026	PTT-Archiv, P-260-1_Basel_1899_2	Basel
Brüderlin-Erb	E.		Mühleweg 23	Allschwil	2783	1899	25	telefonbuch_027	PTT-Archiv, P-260-1_Basel_1899_2	Basel
Brüderlin	Nikl.		Gerbergasse 7	Basel	1589	1899	25	telefonbuch_027	PTT-Archiv, P-260-1_Basel_1899_2	Basel
Brüderlin & Flubacher		Filialbureau	Austrasse 36	Basel	2946	1899	25	telefonbuch_027	PTT-Archiv, P-260-1_Basel_1899_2	Basel
Brugger-Stänz	Ferd.	Cigarren- und Tabakhandlung	Bahnhofstrasse 15	Basel	3304	1899	25	telefonbuch_027	PTT-Archiv, P-260-1_Basel_1899_2	Basel
Brüglingen		Rekonvalescentenstation (des Bürgerspitals)		Brüglingen	3554	1899	25	telefonbuch_027	PTT-Archiv, P-260-1_Basel_1899_2	Basel
Brühl-Altermatt	A.	Spenglermeister	Spalenvorstadt 37	Basel	2618	1899	25	telefonbuch_027	PTT-Archiv, P-260-1_Basel_1899_2	Basel
von Brunn	J.		Freiestrasse 84	Basel	2040	1899	25	telefonbuch_027	PTT-Archiv, P-260-1_Basel_1899_2	Basel
von Brunn	J.		Petroleumkeller Wolf	Basel	3921	1899	25	telefonbuch_027	PTT-Archiv, P-260-1_Basel_1899_2	Basel
von Brunn	Imanuel		Grenzacherstrasse 95	Basel	36	1899	25	telefonbuch_027	PTT-Archiv, P-260-1_Basel_1899_2	Basel
Brunner-Brunner	Marie	Frau, Coiffeuse	Gerbergasse 24	Basel	2868	1899	25	telefonbuch_027	PTT-Archiv, P-260-1_Basel_1899_2	Basel
Brunschwig	B. de S.		Binningerstrasse 11	Basel	2491	1899	25	telefonbuch_027	PTT-Archiv, P-260-1_Basel_1899_2	Basel
Brunschwig	David		Schützengraben 23	Basel	2711	1899	25	telefonbuch_027	PTT-Archiv, P-260-1_Basel_1899_2	Basel
Brunschwig	Leon		Leimenstrasse 66	Basel	2938	1899	25	telefonbuch_027	PTT-Archiv, P-260-1_Basel_1899_2	Basel
Brunschwig	Leon	& Co.	Marktplatz 14	Basel	1931	1899	25	telefonbuch_027	PTT-Archiv, P-260-1_Basel_1899_2	Basel
Brutschin-Würth	Karl	Metzgermeister	Maulbeerweg 19	Basel	3500	1899	25	telefonbuch_027	PTT-Archiv, P-260-1_Basel_1899_2	Basel
Bryan	L. C.	Dr., Privatwohnung	Sevogelstrasse 47	Basel	2961	1899	25	telefonbuch_027	PTT-Archiv, P-260-1_Basel_1899_2	Basel
Bryan & O. Settelen	L. C.	Dr., american dentists	Steinenberg 1	Basel	2085	1899	25	telefonbuch_027	PTT-Archiv, P-260-1_Basel_1899_2	Basel
Buchdruckerei d. Schweiz. Typographenbundes		(Ruf: Typ.-Druckerei)	Aeschenvorstadt 34	Basel	2697	1899	25	telefonbuch_027	PTT-Archiv, P-260-1_Basel_1899_2	Basel
Buchdruckerei Kreis			Petersgraben 21	Basel	1514	1899	25	telefonbuch_027	PTT-Archiv, P-260-1_Basel_1899_2	Basel
Buchdruckerei Wackernagel			Gerbergasse 40	Basel	3057	1899	25	telefonbuch_027	PTT-Archiv, P-260-1_Basel_1899_2	Basel
Buchegger	Is.	Wirt	Drahtzugstrasse 32	Basel	3394	1899	25	telefonbuch_027	PTT-Archiv, P-260-1_Basel_1899_2	Basel
Bucherer-Fischer	Aug.	Spielwaren	Fischmarkt 8	Basel	1548	1899	25	telefonbuch_027	PTT-Archiv, P-260-1_Basel_1899_2	Basel
Büchler-Ott	Fried.	Goldschmied	Freiestrasse 84	Basel	2010	1899	25	telefonbuch_027	PTT-Archiv, P-260-1_Basel_1899_2	Basel
Buchmann	E.	Tapezierer	Oberer Heuberg 21	Basel	2949	1899	25	telefonbuch_027	PTT-Archiv, P-260-1_Basel_1899_2	Basel
Buchner	Joseph	Wirt	Barfüsserplatz 17	Basel	1618	1899	25	telefonbuch_027	PTT-Archiv, P-260-1_Basel_1899_2	Basel
Buess		Gebrüder, Baugeschäft	Missionsstrasse 49	Basel	886	1899	25	telefonbuch_027	PTT-Archiv, P-260-1_Basel_1899_2	Basel
Buess-Steiner	E.	Buchbinder	Kleinhüningerstrasse 5	Basel	1283	1899	25	telefonbuch_027	PTT-Archiv, P-260-1_Basel_1899_2	Basel
Bufleb	Wilh.		Karthausgasse 5	Basel	2807	1899	25	telefonbuch_027	PTT-Archiv, P-260-1_Basel_1899_2	Basel
Bühler	F.	alte bayr. Bierhalle	Steinenvorstadt 1a	Basel	2391	1899	25	telefonbuch_027	PTT-Archiv, P-260-1_Basel_1899_2	Basel
Bühler	Franz		Villa Otterbach	Basel	3370	1899	25	telefonbuch_027	PTT-Archiv, P-260-1_Basel_1899_2	Basel
Bühler-Lindenmeyer		Apotheker	Spalenberg 23	Basel	2744	1899	25	telefonbuch_027	PTT-Archiv, P-260-1_Basel_1899_2	Basel
Bühler's Biergarten		(Filiale der alten bayrischen Halle)	Sternengässlein 18	Basel	2301	1899	25	telefonbuch_027	PTT-Archiv, P-260-1_Basel_1899_2	Basel
Bühler & Manger			Gerbergasse 81	Basel	2122	1899	26	telefonbuch_028	PTT-Archiv, P-260-1_Basel_1899_2	Basel
Bühlmann	Josef	Confiseur	Grenzacherstrasse 26	Basel		1899	26	telefonbuch_028	PTT-Archiv, P-260-1_Basel_1899_2	Basel
Bührer-Bader	Joh.		Grellingerstrasse 28	Basel	3581	1899	26	telefonbuch_028	PTT-Archiv, P-260-1_Basel_1899_2	Basel
Bulffer	Charles		Solothurnerstrasse 62	Basel	4087	1899	26	telefonbuch_028	PTT-Archiv, P-260-1_Basel_1899_2	Basel
Bumm	E.	Prof. Dr.	Petersgraben 17	Basel	1521	1899	26	telefonbuch_028	PTT-Archiv, P-260-1_Basel_1899_2	Basel
Burckhardt	A.	(Pension Koller)	Kornhausgasse 18	Basel	2734	1899	26	telefonbuch_028	PTT-Archiv, P-260-1_Basel_1899_2	Basel
Burckhardt		(Beckenhof)	St. Albananlage 72	Basel	4117	1899	26	telefonbuch_028	PTT-Archiv, P-260-1_Basel_1899_2	Basel
Burckhardt-Bischoff	Ad.		Malzgasse 23	Basel	4160	1899	26	telefonbuch_028	PTT-Archiv, P-260-1_Basel_1899_2	Basel
Burckhardt-Brändlin	Seb.		Lohhofweg 10	Basel	3149	1899	26	telefonbuch_028	PTT-Archiv, P-260-1_Basel_1899_2	Basel
Burckhardt-Burckhardt	Hans		Leonhardsgraben 38	Basel	2897	1899	26	telefonbuch_028	PTT-Archiv, P-260-1_Basel_1899_2	Basel
Burckhardt-DeBary	Emil	Prf. Dr.	Missionsstrasse 8	Basel	2603	1899	26	telefonbuch_028	PTT-Archiv, P-260-1_Basel_1899_2	Basel
Burckhardt	August	Dr.	St. Albanvorstadt 94	Basel	4288	1899	26	telefonbuch_028	PTT-Archiv, P-260-1_Basel_1899_2	Basel
Burckhardt	Carl	Dr.	Leonhardstrasse 8	Basel	3080	1899	26	telefonbuch_028	PTT-Archiv, P-260-1_Basel_1899_2	Basel
Burckhardt	G.	Dr.	Zürcherstrasse 17	Basel	4126	1899	26	telefonbuch_028	PTT-Archiv, P-260-1_Basel_1899_2	Basel
Burckhardt	J. J.	Dr.	St. Albananlage 51	Basel	4224	1899	26	telefonbuch_028	PTT-Archiv, P-260-1_Basel_1899_2	Basel
Burckhardt	Otto	Dr.	Spitalstrasse 38	Basel	1576	1899	26	telefonbuch_028	PTT-Archiv, P-260-1_Basel_1899_2	Basel
Burckhardt-Eckenstein	Hier.		Austrasse 15	Basel	2534	1899	26	telefonbuch_028	PTT-Archiv, P-260-1_Basel_1899_2	Basel
Burckhardt-Finsler	Alb.	Dr.	Sevogelstrasse 62	Basel	3950	1899	26	telefonbuch_028	PTT-Archiv, P-260-1_Basel_1899_2	Basel
Burckhardt-Friedrich	Albr.	Prof. Dr.	Kapellenstrasse 26	Basel	3048	1899	26	telefonbuch_028	PTT-Archiv, P-260-1_Basel_1899_2	Basel
Burckhardt-Fürstenberger	E.	Frau	St. Albananlage 70	Basel	4123	1899	26	telefonbuch_028	PTT-Archiv, P-260-1_Basel_1899_2	Basel
Burckhardt	Gottlieb	Sohn, Cementgeschäft	Eulerstrasse 53	Basel	2759	1899	26	telefonbuch_028	PTT-Archiv, P-260-1_Basel_1899_2	Basel
Burckhardt-Grossmann	C. Ed.		Sevogelstrasse 79	Basel	3695	1899	26	telefonbuch_028	PTT-Archiv, P-260-1_Basel_1899_2	Basel
Burckhardt-Grossmann	H.		Feierabendstrasse 13	Basel	1465	1899	26	telefonbuch_028	PTT-Archiv, P-260-1_Basel_1899_2	Basel
Burckhardt	Gustave		Spalenvorstadt 10	Basel	2699	1899	26	telefonbuch_028	PTT-Archiv, P-260-1_Basel_1899_2	Basel
Burckhardt	Hans	Dr. med.	Freiestrasse 4	Basel	1570	1899	26	telefonbuch_028	PTT-Archiv, P-260-1_Basel_1899_2	Basel
Burckhardt	Hein.	& Co.	Hebelstrasse 13	Basel	1460	1899	26	telefonbuch_028	PTT-Archiv, P-260-1_Basel_1899_2	Basel
Burckhardt-Heussler	A.		St. Albanvorstadt 96	Basel	4276	1899	26	telefonbuch_028	PTT-Archiv, P-260-1_Basel_1899_2	Basel
Burckhardt-Iselin	Emma	Wwe.	Byfangweg 51	Basel	2879	1899	26	telefonbuch_028	PTT-Archiv, P-260-1_Basel_1899_2	Basel
Burckhardt-Iselin	Julie	Wwe.	Gartenstrasse 24	Basel	2127	1899	26	telefonbuch_028	PTT-Archiv, P-260-1_Basel_1899_2	Basel
Burckhardt-Jecker	C.	Eishdlg.	Davidsbodenstrasse 59	Basel	1509	1899	26	telefonbuch_028	PTT-Archiv, P-260-1_Basel_1899_2	Basel
Burckhardt-Köchlin	E.		Hebelstrasse 32	Basel	1491	1899	26	telefonbuch_028	PTT-Archiv, P-260-1_Basel_1899_2	Basel
Burckhardt	Louise		St. Albanvorstadt 11	Basel	1764	1899	26	telefonbuch_028	PTT-Archiv, P-260-1_Basel_1899_2	Basel
Burckhardt-Merian	Adolf		Feierabendstrasse 48	Basel	2932	1899	26	telefonbuch_028	PTT-Archiv, P-260-1_Basel_1899_2	Basel
Burckhardt-Merian	Julius		Neusatzweg 3	Basel	3584	1899	26	telefonbuch_028	PTT-Archiv, P-260-1_Basel_1899_2	Basel
Burckhardt-Passavant			St. Albanvorstadt 1	Basel	1745	1899	26	telefonbuch_028	PTT-Archiv, P-260-1_Basel_1899_2	Basel
Burckhardt-Rüsch	Ad.		Nauenstrasse 1	Basel	2234	1899	26	telefonbuch_028	PTT-Archiv, P-260-1_Basel_1899_2	Basel
Burckhardt-Ryhiner	Carl		Aeschengraben 18	Basel	2378	1899	26	telefonbuch_028	PTT-Archiv, P-260-1_Basel_1899_2	Basel
Burckhardt-Sarasin	W.		Hardtstrasse 54	Basel	3780	1899	26	telefonbuch_028	PTT-Archiv, P-260-1_Basel_1899_2	Basel
Burckhardt-Schaub	Aug.		Mühleberg 9	Basel	2512	1899	27	telefonbuch_029	PTT-Archiv, P-260-1_Basel_1899_2	Basel
Burckhardt-Schazmann	Karl Christ.	Prof. Dr.	Münsterplatz 4	Basel	1085	1899	27	telefonbuch_029	PTT-Archiv, P-260-1_Basel_1899_2	Basel
Burckhardt-Siber	Felix		Münchensteinerstrasse 47	Basel	4062	1899	27	telefonbuch_029	PTT-Archiv, P-260-1_Basel_1899_2	Basel
Burckhardt-Sulger	E.		Missionsstrasse 58	Basel	2581	1899	27	telefonbuch_029	PTT-Archiv, P-260-1_Basel_1899_2	Basel
Burckhardt-Thurneysen	Dan.		St. Albangraben 14	Basel	1848	1899	27	telefonbuch_029	PTT-Archiv, P-260-1_Basel_1899_2	Basel
Burckhardt & Co.			St. Albangraben 14	Basel	1879	1899	27	telefonbuch_029	PTT-Archiv, P-260-1_Basel_1899_2	Basel
Burckhardt-Vischer	W.	Dr., Advokat, Bureau	Kohlenberg 11	Basel	1889	1899	27	telefonbuch_029	PTT-Archiv, P-260-1_Basel_1899_2	Basel
Burckhardt-Vischer	W.	Dr. (Wohnung)	Neusatzweg 2	Basel	2382	1899	27	telefonbuch_029	PTT-Archiv, P-260-1_Basel_1899_2	Basel
Burckhardt-Vischer	Th.		St. Albangraben 4	Basel	1911	1899	27	telefonbuch_029	PTT-Archiv, P-260-1_Basel_1899_2	Basel
Burckhardt-VonderMühll	Alf.		Hardtstrasse 1	Basel	3795	1899	27	telefonbuch_029	PTT-Archiv, P-260-1_Basel_1899_2	Basel
Burckhardt-VonderMühll	A. C.	Frau Wwe	115	Riehen	4316	1899	27	telefonbuch_029	PTT-Archiv, P-260-1_Basel_1899_2	Basel
Burckhardt-VonderMühll	A. C.	Wwe	St. Albanvorstadt 34	Basel	1824	1899	27	telefonbuch_029	PTT-Archiv, P-260-1_Basel_1899_2	Basel
Burckhardt-vonSpeyr	G.		Kapellenstrasse 29	Basel	2069	1899	27	telefonbuch_029	PTT-Archiv, P-260-1_Basel_1899_2	Basel
Burckhardt-Zahn	C. A.		Gellertstrasse 10	Basel	1880	1899	27	telefonbuch_029	PTT-Archiv, P-260-1_Basel_1899_2	Basel
Bürgel-Metzger	C.	Entleerungsgeschäft	Klybeckstrasse 34	Basel	3290	1899	27	telefonbuch_029	PTT-Archiv, P-260-1_Basel_1899_2	Basel
Bürgerratskanzlei		Stadthaus	Stadthausgasse 13	Basel	1462	1899	27	telefonbuch_029	PTT-Archiv, P-260-1_Basel_1899_2	Basel
Bürgerspital			Hebelstrasse 2	Basel	1507	1899	27	telefonbuch_029	PTT-Archiv, P-260-1_Basel_1899_2	Basel
Bürgi	Louis	Holzbildhauer	Hebelstrasse 45	Basel	1463	1899	27	telefonbuch_029	PTT-Archiv, P-260-1_Basel_1899_2	Basel
Bürgin	Adolf	Metzger z. Ochsen		Birsfelden	766	1899	27	telefonbuch_029	PTT-Archiv, P-260-1_Basel_1899_2	Basel
Bürgin	Adolf	Möbelschreinerei	Jurastrasse 50	Basel	3772	1899	27	telefonbuch_029	PTT-Archiv, P-260-1_Basel_1899_2	Basel
Bürgin	Emil	Eisfabrik	Unterer Rheinweg 18	Basel	1263	1899	27	telefonbuch_029	PTT-Archiv, P-260-1_Basel_1899_2	Basel
Bürgin	Emil		Missionsstrasse 1	Basel	2666	1899	27	telefonbuch_029	PTT-Archiv, P-260-1_Basel_1899_2	Basel
Bürgin	F.	Buchdrucker	Steinenthorstrasse 13	Basel	3	1899	27	telefonbuch_029	PTT-Archiv, P-260-1_Basel_1899_2	Basel
Bürgin-Schupp	Emil	Gundoldingerhalle	Dornacherstrasse 47	Basel	4029	1899	27	telefonbuch_029	PTT-Archiv, P-260-1_Basel_1899_2	Basel
Bürgin-Willi	Karl		Müllheimerstrasse 89	Basel	3391	1899	27	telefonbuch_029	PTT-Archiv, P-260-1_Basel_1899_2	Basel
Bürgin-Zandt	W.		Oetlingerstrasse 165	Basel	3333	1899	27	telefonbuch_029	PTT-Archiv, P-260-1_Basel_1899_2	Basel
Buri	Theodor	Dr.	Kohlenberggasse 43	Basel	2505	1899	27	telefonbuch_029	PTT-Archiv, P-260-1_Basel_1899_2	Basel
Buri	Emil	Spezialgeschäft für Amateur-Photographie	Rheinsprung 3	Basel	1375	1899	27	telefonbuch_029	PTT-Archiv, P-260-1_Basel_1899_2	Basel
Buri-Hartmann	Rud.	Wohnung	Burgfelderstrasse 11	Basel	3078	1899	27	telefonbuch_029	PTT-Archiv, P-260-1_Basel_1899_2	Basel
Buri	Julius	Schneidermstr.	Eisengasse 16	Basel	1338	1899	27	telefonbuch_029	PTT-Archiv, P-260-1_Basel_1899_2	Basel
Buri	Rud.	Droguerie	Burgfelderstrasse 11	Basel	3088	1899	27	telefonbuch_029	PTT-Archiv, P-260-1_Basel_1899_2	Basel
Buri-Strauss	Julie	Wwe	Weiherweg 20	Basel	2967	1899	27	telefonbuch_029	PTT-Archiv, P-260-1_Basel_1899_2	Basel
Burkhardt-Schaub	Wilhelm	Kaminfegermeister	Utengasse 56	Basel	1142	1899	28	telefonbuch_030	PTT-Archiv, P-260-1_Basel_1899_2	Basel
Bürkly	Hrch.	Kochherdfabrik	Klingenthalstrasse 79	Basel	3452	1899	28	telefonbuch_030	PTT-Archiv, P-260-1_Basel_1899_2	Basel
Bürkly	Heinr.	Wohnung	Römergasse 29	Basel	3189	1899	28	telefonbuch_030	PTT-Archiv, P-260-1_Basel_1899_2	Basel
Bürner	Emil	Nachf. v. Hans Grimm	Eisengasse 13	Basel	1345	1899	28	telefonbuch_030	PTT-Archiv, P-260-1_Basel_1899_2	Basel
Burri	Jos.	& Co., Presshefefabrik	Hammerstrasse 115	Basel	3456	1899	28	telefonbuch_030	PTT-Archiv, P-260-1_Basel_1899_2	Basel
Buser	Joh.	Metzger und Wirt	128	Muttenz	4317	1899	28	telefonbuch_030	PTT-Archiv, P-260-1_Basel_1899_2	Basel
Buser-Schöni	J.	Zahnarzt	Steinenthorstrasse 29	Basel	2459	1899	28	telefonbuch_030	PTT-Archiv, P-260-1_Basel_1899_2	Basel
Busigny	F.	Nouveautés	Freiestrasse 86	Basel	1897	1899	28	telefonbuch_030	PTT-Archiv, P-260-1_Basel_1899_2	Basel
Buss	Albert	(Wohnung)	Feierabendstrasse 59	Basel	2545	1899	28	telefonbuch_030	PTT-Archiv, P-260-1_Basel_1899_2	Basel
Buss	Alb.	& Co., mechanische Werkstätte	Güterstrasse 190	Basel	2579	1899	28	telefonbuch_030	PTT-Archiv, P-260-1_Basel_1899_2	Basel
Buss	Alb.	& Co., mechanische Werkstätte		Pratteln	2598	1899	28	telefonbuch_030	PTT-Archiv, P-260-1_Basel_1899_2	Basel
Buss	Alb.	& Co., prov. Bauhütte	Mittlerestrasse	Basel	804	1899	28	telefonbuch_030	PTT-Archiv, P-260-1_Basel_1899_2	Basel
Butscher	Jos.	Bäckerei		Neu-Allschwil	2783	1899	28	telefonbuch_030	PTT-Archiv, P-260-1_Basel_1899_2	Basel
Büttner	A.	Huber'sche Apotheke	Eisengasse 2	Basel	1352	1899	28	telefonbuch_030	PTT-Archiv, P-260-1_Basel_1899_2	Basel
Buxdorf	Fritz		Sägergässlein 5	Basel	33	1899	28	telefonbuch_030	PTT-Archiv, P-260-1_Basel_1899_2	Basel
Buxtorf-Mooser	R.		Austrasse 118	Basel	2799	1899	28	telefonbuch_030	PTT-Archiv, P-260-1_Basel_1899_2	Basel
Cafader-Mieg	M.		Aeschenvorstadt 11	Basel	1895	1899	28	telefonbuch_030	PTT-Archiv, P-260-1_Basel_1899_2	Basel
Cafader		& Co.	Reichensteinerstrasse 14	Basel	4025	1899	28	telefonbuch_030	PTT-Archiv, P-260-1_Basel_1899_2	Basel
Cafader-Weber	Fritz		Dornacherstrasse 24	Basel	4025	1899	28	telefonbuch_030	PTT-Archiv, P-260-1_Basel_1899_2	Basel
Café Restaurant Spitz		(Carl Vogel-Mani)	Greifengasse 2	Basel	1269	1899	28	telefonbuch_030	PTT-Archiv, P-260-1_Basel_1899_2	Basel
Cappeler-Beglinger	Adolf	Hafnermeister	Schützengraben 39	Basel	2732	1899	28	telefonbuch_030	PTT-Archiv, P-260-1_Basel_1899_2	Basel
Cappis	Oscar		Mörsbergerstrasse 30	Basel	1657	1899	28	telefonbuch_030	PTT-Archiv, P-260-1_Basel_1899_2	Basel
Carbiner	Jak.	Restaurateur	Landskronstrasse 1	Basel	820	1899	28	telefonbuch_030	PTT-Archiv, P-260-1_Basel_1899_2	Basel
Carls	Robert		Claragraben 21	Basel	3182	1899	28	telefonbuch_030	PTT-Archiv, P-260-1_Basel_1899_2	Basel
Carpentier-Burckhardt	L.		St. Albanvorstadt 110	Basel	4141	1899	28	telefonbuch_030	PTT-Archiv, P-260-1_Basel_1899_2	Basel
Casino français			Aeschenvorstadt 9	Basel	2018	1899	28	telefonbuch_030	PTT-Archiv, P-260-1_Basel_1899_2	Basel
Centralbahn, schweiz.		Rechtsbureau	Leimenstrasse 2	Basel	2778	1899	28	telefonbuch_030	PTT-Archiv, P-260-1_Basel_1899_2	Basel
Centralbahn, schweiz.		Materialverwaltung	Schützengraben 3	Basel	3098	1899	28	telefonbuch_030	PTT-Archiv, P-260-1_Basel_1899_2	Basel
Centralbahn, schweiz.		Rechtsdepartement	Heuberg 16	Basel	2887	1899	28	telefonbuch_030	PTT-Archiv, P-260-1_Basel_1899_2	Basel
Centralbahn		schweiz., Bureau des Bahningenieurs	Centralbahnstrasse 9	Basel	2465	1899	29*	telefonbuch_031	PTT-Archiv, P-260-1_Basel_1899_2	Basel
Centralbahn		schweiz., allg. Verwaltung, Finanzen, Tarifwesen	Spiesshof, ob. Heuberg 7	Basel	2770	1899	29*	telefonbuch_031	PTT-Archiv, P-260-1_Basel_1899_2	Basel
Centralbahn		schweiz., Drucksachenbureau	Spiesshof, ob. Heuberg 7	Basel	2903	1899	29*	telefonbuch_031	PTT-Archiv, P-260-1_Basel_1899_2	Basel
Centralbahn		schweiz., Bau- und Betriebsdepartement	Leonhardsgraben 36	Basel	2865	1899	29*	telefonbuch_031	PTT-Archiv, P-260-1_Basel_1899_2	Basel
Centralbahnhof		Bahnhof-Vorstand	Hauptbahnhof	Basel	3920	1899	29*	telefonbuch_031	PTT-Archiv, P-260-1_Basel_1899_2	Basel
Centralbahnhof		Camionnagebureau	Hauptbahnhof	Basel	2421	1899	29*	telefonbuch_031	PTT-Archiv, P-260-1_Basel_1899_2	Basel
Centralbahnhof		Lagerhausverwaltg.	Hauptbahnhof	Basel	2479	1899	29*	telefonbuch_031	PTT-Archiv, P-260-1_Basel_1899_2	Basel
Centralbahnhof		Frachtgüterdienst	Hauptbahnhof	Basel	2245	1899	29*	telefonbuch_031	PTT-Archiv, P-260-1_Basel_1899_2	Basel
Centralbahnhof		Eilgutdienst S C B NOB, JSB, V B	Hauptbahnhof	Basel	2474	1899	29*	telefonbuch_031	PTT-Archiv, P-260-1_Basel_1899_2	Basel
Centralbahnhof		Speiseanstalt	Hauptbahnhof	Basel	3932	1899	29*	telefonbuch_031	PTT-Archiv, P-260-1_Basel_1899_2	Basel
Centralbahnhof		Güterdienst S C B, NOB, V B	Rangierbahnhof	Basel	3980	1899	29*	telefonbuch_031	PTT-Archiv, P-260-1_Basel_1899_2	Basel
Centralbahnhof		Güterdienst J S B	Rangierbahnhof	Basel	3976	1899	29*	telefonbuch_031	PTT-Archiv, P-260-1_Basel_1899_2	Basel
Centralbahnhof		Güterdienst E L B	Rangierbahnhof	Basel	3975	1899	29*	telefonbuch_031	PTT-Archiv, P-260-1_Basel_1899_2	Basel
Centralbahn-Station				Pratteln	2598	1899	29*	telefonbuch_031	PTT-Archiv, P-260-1_Basel_1899_2	Basel
Chabrières, Morel & Co.		Agentur von	oberer Heuberg 4	Basel	1081	1899	29*	telefonbuch_031	PTT-Archiv, P-260-1_Basel_1899_2	Basel
Chappuis	Charles	Coiffeur	Freiestrasse 69	Basel	1859	1899	29*	telefonbuch_031	PTT-Archiv, P-260-1_Basel_1899_2	Basel
Chapuis	Emil	Metzgermeister	Sempacherstrasse 7	Basel	4088	1899	29*	telefonbuch_031	PTT-Archiv, P-260-1_Basel_1899_2	Basel
Chemische Fabrik Schweizerhall			Elsässerstrasse 229	Basel	4069	1899	29*	telefonbuch_031	PTT-Archiv, P-260-1_Basel_1899_2	Basel
Chemische Fabrik				Schweizerhalle	2598	1899	29*	telefonbuch_031	PTT-Archiv, P-260-1_Basel_1899_2	Basel
Chemische Fabrik		vorm. Sandoz	Fabrikstrasse 116	Basel	1633	1899	29*	telefonbuch_031	PTT-Archiv, P-260-1_Basel_1899_2	Basel
Chemische Union		Aktiengesellschaft	Riehenthorstrasse 33	Basel	3239	1899	29*	telefonbuch_031	PTT-Archiv, P-260-1_Basel_1899_2	Basel
Christ-Briefer	P.		Freiestrasse 54	Basel	1613	1899	29*	telefonbuch_031	PTT-Archiv, P-260-1_Basel_1899_2	Basel
Christ-Ehinger		Frau Wwe	Gundoldingerstrasse 326	Basel	4003	1899	29*	telefonbuch_031	PTT-Archiv, P-260-1_Basel_1899_2	Basel
Christ-Ehinger		Frau Wwe	St. Jakobstrasse 2	Basel	2067	1899	29*	telefonbuch_031	PTT-Archiv, P-260-1_Basel_1899_2	Basel
Christ-Iselin	Wm.		Wallstrasse 20	Basel	2259	1899	29*	telefonbuch_031	PTT-Archiv, P-260-1_Basel_1899_2	Basel
Christ-Merian	Balth.		Mittlerestrasse 2	Basel	1452	1899	29*	telefonbuch_031	PTT-Archiv, P-260-1_Basel_1899_2	Basel
Christ-Merian	Hans		Münsterplatz 6	Basel	1093	1899	29*	telefonbuch_031	PTT-Archiv, P-260-1_Basel_1899_2	Basel
Christ-Siber	Paul	Pfarrer	Sempacherstrasse 45	Basel	4002	1899	29*	telefonbuch_031	PTT-Archiv, P-260-1_Basel_1899_2	Basel
Christ-Socin	Herm.	Dr.	St. Jakobstrasse 5	Basel	1920	1899	29*	telefonbuch_031	PTT-Archiv, P-260-1_Basel_1899_2	Basel
Christen	E.	Comestibles (Laden und Wohnung)	Freiestrasse 15	Basel	1315	1899	29*	telefonbuch_031	PTT-Archiv, P-260-1_Basel_1899_2	Basel
Christen	E.	Comestibles (Spedition und Bureau)	Heumattstrasse 21	Basel	3943	1899	29*	telefonbuch_031	PTT-Archiv, P-260-1_Basel_1899_2	Basel
Christen-Haas	M.	Waschanstalt	Badergässlein 2	Basel	1223	1899	30	telefonbuch_032	PTT-Archiv, P-260-1_Basel_1899_2	Basel
Christen	J.C.	Cartonnagefabrik	Haltingerstrasse 32	Basel	3215	1899	30	telefonbuch_032	PTT-Archiv, P-260-1_Basel_1899_2	Basel
Christen	J. & Sohn	Cementröhrenfabrik Schweizerau	Schänzli	Basel	3529	1899	30	telefonbuch_032	PTT-Archiv, P-260-1_Basel_1899_2	Basel
Christen	J.	Ingenieur	Schänzli	Basel	3529	1899	30	telefonbuch_032	PTT-Archiv, P-260-1_Basel_1899_2	Basel
Christen-Meyer	Fritz		Steinengraben 55	Basel	3082	1899	30	telefonbuch_032	PTT-Archiv, P-260-1_Basel_1899_2	Basel
Christen-Weber	W.		St. Leonhardstrasse 14	Basel	2982	1899	30	telefonbuch_032	PTT-Archiv, P-260-1_Basel_1899_2	Basel
Churer Lack- und Farbenfabrik Basel			Heumattstrasse 19	Basel	2226	1899	30	telefonbuch_032	PTT-Archiv, P-260-1_Basel_1899_2	Basel
Cigarrenfabrik „Union“		Bureau	Elisabethenstrasse 38	Basel	2398	1899	30	telefonbuch_032	PTT-Archiv, P-260-1_Basel_1899_2	Basel
Cigarrenfabrik „Union“		Fabrik	Utengasse 15	Basel	2802	1899	30	telefonbuch_032	PTT-Archiv, P-260-1_Basel_1899_2	Basel
Civilgerichtsschreiberei Baselstadt			Bäumleingasse 1	Basel	1847	1899	30	telefonbuch_032	PTT-Archiv, P-260-1_Basel_1899_2	Basel
Civilstandsbureau			Domhof	Basel	1799	1899	30	telefonbuch_032	PTT-Archiv, P-260-1_Basel_1899_2	Basel
Clar	A. & E.	Stadtcasino, Bureau und Service Stadt und auswärts	Stadtcasino	Basel		1899	30	telefonbuch_032	PTT-Archiv, P-260-1_Basel_1899_2	Basel
Clar	Gebrüder	Comestibles	Eisengasse 18	Basel	1386	1899	30	telefonbuch_032	PTT-Archiv, P-260-1_Basel_1899_2	Basel
Clavel	A.	(Appretur)	Breisacherstrasse 1	Basel	1287	1899	30	telefonbuch_032	PTT-Archiv, P-260-1_Basel_1899_2	Basel
Clavel	A.	(Bureau)	Untere Rebgasse 29	Basel	1246	1899	30	telefonbuch_032	PTT-Archiv, P-260-1_Basel_1899_2	Basel
Clavel	A.	(Wohnung)	Untere Rebgasse 29	Basel	1236	1899	30	telefonbuch_032	PTT-Archiv, P-260-1_Basel_1899_2	Basel
Clavel-Merian	A.		Landgut Kleinhüningen	Basel	299	1899	30	telefonbuch_032	PTT-Archiv, P-260-1_Basel_1899_2	Basel
Cognac-Brennerei Basel, erste schweizerische			Solothurnerstrasse 18	Basel	4085	1899	30	telefonbuch_032	PTT-Archiv, P-260-1_Basel_1899_2	Basel
Compagnie d'Assurances Générales sur la vie	Fritz Egli	Directeur Particulier à Bâle	Freiestrasse 84	Basel	3131	1899	30	telefonbuch_032	PTT-Archiv, P-260-1_Basel_1899_2	Basel
Compagnie Cosmographique			Gerbergasse 36	Basel	2834	1899	30	telefonbuch_032	PTT-Archiv, P-260-1_Basel_1899_2	Basel
Compagnie générale transatlantique			Nauenstrasse 12	Basel	2386	1899	30	telefonbuch_032	PTT-Archiv, P-260-1_Basel_1899_2	Basel
Compagnie internationale des wagons-lits			Centralbahnstrasse 19	Basel	3870	1899	30	telefonbuch_032	PTT-Archiv, P-260-1_Basel_1899_2	Basel
Compagnie Singer			Gerbergasse 78	Basel	2503	1899	30	telefonbuch_032	PTT-Archiv, P-260-1_Basel_1899_2	Basel
Comptoir d'Escompte du Jura			Freiestrasse 45	Basel	1018	1899	30	telefonbuch_032	PTT-Archiv, P-260-1_Basel_1899_2	Basel
Condition (s. Seidentrocknungs-Anstalt)			Kirschgartenstrasse 1	Basel		1899	30	telefonbuch_032	PTT-Archiv, P-260-1_Basel_1899_2	Basel
Consulat der Ver. Staaten von Nordamer.	George Gifford		Theaterstrasse 2	Basel	2397	1899	30	telefonbuch_032	PTT-Archiv, P-260-1_Basel_1899_2	Basel
Consumverein, allgemeiner		Verwaltung	Birsigstrasse 14	Basel	2577	1899	30	telefonbuch_032	PTT-Archiv, P-260-1_Basel_1899_2	Basel
Consumverein		allgemeiner, Holzgeschäft	Elsässerstrasse	Basel		1899	31	telefonbuch_033	PTT-Archiv, P-260-1_Basel_1899_2	Basel
Consumverein		allgemeiner, Milchgeschäft	Steinenthorstrasse 28	Basel	2239	1899	31	telefonbuch_033	PTT-Archiv, P-260-1_Basel_1899_2	Basel
Consumverein Birsfelden			Hauptstrasse 264	Basel	1076	1899	31	telefonbuch_033	PTT-Archiv, P-260-1_Basel_1899_2	Basel
Courvoisier	L. G.	Prof. Dr.	Holbeinstrasse 93	Basel	3101	1899	31	telefonbuch_033	PTT-Archiv, P-260-1_Basel_1899_2	Basel
Cousin, Kramer & Co.			Schützengraben 38	Basel	2723	1899	31	telefonbuch_033	PTT-Archiv, P-260-1_Basel_1899_2	Basel
Cousin-Merian	Alfred		Engelgasse 3	Basel	3696	1899	31	telefonbuch_033	PTT-Archiv, P-260-1_Basel_1899_2	Basel
Creditgesellschaft		Basler	Freiestrasse 70	Basel	1985	1899	31	telefonbuch_033	PTT-Archiv, P-260-1_Basel_1899_2	Basel
Crowe	Ulrich Milne		Dornacherstrasse 22	Basel	4036	1899	31	telefonbuch_033	PTT-Archiv, P-260-1_Basel_1899_2	Basel
Cuny-Elbel	Joh.		Kirchgasse 6	Basel	3190	1899	31	telefonbuch_033	PTT-Archiv, P-260-1_Basel_1899_2	Basel
Curchod-von Roll	J.	Dr. med.	Leimenstrasse 57	Basel	2928	1899	31	telefonbuch_033	PTT-Archiv, P-260-1_Basel_1899_2	Basel
Cycle-Hall E. Iten & Co.		Bureau und Magazin	St. Albangraben 1	Basel	1939	1899	31	telefonbuch_033	PTT-Archiv, P-260-1_Basel_1899_2	Basel
Dalang-David	E.	Bäcker	Obere Rheingasse 56	Basel	1185	1899	31	telefonbuch_033	PTT-Archiv, P-260-1_Basel_1899_2	Basel
Dalcher		Gebrüder		Pratteln	2598	1899	31	telefonbuch_033	PTT-Archiv, P-260-1_Basel_1899_2	Basel
Dalcher-Jenny	Emil		Muttenzerstrasse 220	Birsfelden	296	1899	31	telefonbuch_033	PTT-Archiv, P-260-1_Basel_1899_2	Basel
Dalcorso	Math	Wwe, Geflügelhdlg.	Schlossgasse 203	Binningen	4114	1899	31	telefonbuch_033	PTT-Archiv, P-260-1_Basel_1899_2	Basel
Dampf-Wasch- und Badanstalt		(H. von Rufs & Co.)	Elsässerstrasse 13	Basel	1649	1899	31	telefonbuch_033	PTT-Archiv, P-260-1_Basel_1899_2	Basel
Danner	R.	Eisenhandlung	Freiestrasse 54	Basel	1918	1899	31	telefonbuch_033	PTT-Archiv, P-260-1_Basel_1899_2	Basel
Danzas & Co. I.		Export	Holbeinstrasse 2	Basel	2918	1899	31	telefonbuch_033	PTT-Archiv, P-260-1_Basel_1899_2	Basel
Danzas & Co. II.		Import	Holbeinstrasse 2	Basel	2886	1899	31	telefonbuch_033	PTT-Archiv, P-260-1_Basel_1899_2	Basel
Danzas & Co. III.		Cassa, Buchhaltung und Messageries Anglo-Suisses	Holbeinstrasse 2	Basel	3270	1899	31	telefonbuch_033	PTT-Archiv, P-260-1_Basel_1899_2	Basel
Danzeisen	Ernst	Metzger	Schützenmattstrasse 11	Basel	2690	1899	31	telefonbuch_033	PTT-Archiv, P-260-1_Basel_1899_2	Basel
Danzeisen-Gass	M.	Baugesch.	Güterstrasse 212	Basel	3793	1899	31	telefonbuch_033	PTT-Archiv, P-260-1_Basel_1899_2	Basel
Danzeisen-Rieder	A.		Friedensgasse 70	Basel	1456	1899	31	telefonbuch_033	PTT-Archiv, P-260-1_Basel_1899_2	Basel
David	Heinrich	Dr.	Rennweg 42	Basel	3789	1899	31	telefonbuch_033	PTT-Archiv, P-260-1_Basel_1899_2	Basel
David-Hoch	Alb.	Direktor der Volksbank	Bachlettenstrasse 68	Basel	3159	1899	31	telefonbuch_033	PTT-Archiv, P-260-1_Basel_1899_2	Basel
Day	Hans	Architekt	Güterstrasse 229	Basel	3775	1899	31	telefonbuch_033	PTT-Archiv, P-260-1_Basel_1899_2	Basel
Debary-Bavier	Rud.		Augustinergasse 1	Basel	1176	1899	31	telefonbuch_033	PTT-Archiv, P-260-1_Basel_1899_2	Basel
Debary-Burckhardt	Joh.		St. Albananlage 25	Basel	4281	1899	31	telefonbuch_033	PTT-Archiv, P-260-1_Basel_1899_2	Basel
Debary & Co.			Augustinergasse 1	Basel	1170	1899	31	telefonbuch_033	PTT-Archiv, P-260-1_Basel_1899_2	Basel
Deck	Melchior	Metzger	Schützenmattstrasse 1	Basel	2601	1899	31	telefonbuch_033	PTT-Archiv, P-260-1_Basel_1899_2	Basel
Degen-Rössiger	E.		Thiersteinerallee 38	Basel	759	1899	31	telefonbuch_033	PTT-Archiv, P-260-1_Basel_1899_2	Basel
Dehne	Franz		Riehenstrasse 8	Basel	3428	1899	31	telefonbuch_033	PTT-Archiv, P-260-1_Basel_1899_2	Basel
Deiss	K.	Schuhhandlung	Hutgasse 5	Basel	1527	1899	32	telefonbuch_034	PTT-Archiv, P-260-1_Basel_1899_2	Basel
Denicola	V.	Glaser	Clarastrasse 16	Basel	3528	1899	32	telefonbuch_034	PTT-Archiv, P-260-1_Basel_1899_2	Basel
Denz	Wilh.	Pfarrer		Binningen	4051	1899	32	telefonbuch_034	PTT-Archiv, P-260-1_Basel_1899_2	Basel
v. Deschwanden-Gasser	J. M.	Flaschenbier-Dépôt Feldschlösschen	Hagenthalerstrasse 16	Basel	2786	1899	32	telefonbuch_034	PTT-Archiv, P-260-1_Basel_1899_2	Basel
Dettwiler	Emil	Architekt, Baubureau Gschwind, Dettwyler & Co.	Steinenthorstrasse 27	Basel	2475	1899	32	telefonbuch_034	PTT-Archiv, P-260-1_Basel_1899_2	Basel
Devick & Wachter			Spiegelgasse 2	Basel	1362	1899	32	telefonbuch_034	PTT-Archiv, P-260-1_Basel_1899_2	Basel
Diakonenanstalt im Hirzen			Aeschenvorstadt 50	Basel	2282	1899	32	telefonbuch_034	PTT-Archiv, P-260-1_Basel_1899_2	Basel
Diakonissenhaus Riehen				Riehen	4316	1899	32	telefonbuch_034	PTT-Archiv, P-260-1_Basel_1899_2	Basel
Didio-Kuchemann	L.	Wasch- und Glätterei	Müllerweg 150	Basel	984	1899	32	telefonbuch_034	PTT-Archiv, P-260-1_Basel_1899_2	Basel
Diehl Gageur & Co.			St. Albanthal 35	Basel	4297	1899	32	telefonbuch_034	PTT-Archiv, P-260-1_Basel_1899_2	Basel
Dieterle	G.	Hôtel Basler Hof	Clarastrasse 38	Basel	3702	1899	32	telefonbuch_034	PTT-Archiv, P-260-1_Basel_1899_2	Basel
Dietrich	Gebr.	Bierbrauer	Müllheimerstrasse 141	Basel	3353	1899	32	telefonbuch_034	PTT-Archiv, P-260-1_Basel_1899_2	Basel
Dietrich	Gebr.	Bierkeller	Amerbachstrasse 36	Basel	3355	1899	32	telefonbuch_034	PTT-Archiv, P-260-1_Basel_1899_2	Basel
Dietrich	Herm.	Dr. med.	Kleinhüningerstrasse 165	Basel	3393	1899	32	telefonbuch_034	PTT-Archiv, P-260-1_Basel_1899_2	Basel
Dietschy-Alioth	W.		Mostackerstrasse 8	Basel	1714	1899	32	telefonbuch_034	PTT-Archiv, P-260-1_Basel_1899_2	Basel
Dietschy-Burckhardt	J. J.		St. Johannvorstadt 22	Basel	1391	1899	32	telefonbuch_034	PTT-Archiv, P-260-1_Basel_1899_2	Basel
Dietschy, Heusler & Co.		Comptoir	St. Johannvorstadt 19	Basel	1398	1899	32	telefonbuch_034	PTT-Archiv, P-260-1_Basel_1899_2	Basel
Dietschy, Heusler & Co.		Fergstube	St. Johannvorstadt 19	Basel	1397	1899	32	telefonbuch_034	PTT-Archiv, P-260-1_Basel_1899_2	Basel
Dietschy-Fürstenberger	W. R.		Peter Merianstrasse 48	Basel	4065	1899	32	telefonbuch_034	PTT-Archiv, P-260-1_Basel_1899_2	Basel
Dinser	Conrad	Architekt	Oetlingerstrasse 78	Basel	3425	1899	32	telefonbuch_034	PTT-Archiv, P-260-1_Basel_1899_2	Basel
Disch-Jaeck	Aug.	Wirt z. Elsässerhof	St. Johannvorstadt 71	Basel	2819	1899	32	telefonbuch_034	PTT-Archiv, P-260-1_Basel_1899_2	Basel
Disler-Pfirter	Jos.	Hôtel Rütli	Theaterstrasse 24	Basel	2549	1899	32	telefonbuch_034	PTT-Archiv, P-260-1_Basel_1899_2	Basel
Distel-Motsch	L.	Milchhdlg.	Hägenheimerstrasse 66	Basel	191	1899	32	telefonbuch_034	PTT-Archiv, P-260-1_Basel_1899_2	Basel
Ditisheim		Dr. med.	ob. Hauptstr. 542	Binningen	2522	1899	32	telefonbuch_034	PTT-Archiv, P-260-1_Basel_1899_2	Basel
Ditisheim	Gebrüder		Güterstrasse 126	Basel	2473	1899	32	telefonbuch_034	PTT-Archiv, P-260-1_Basel_1899_2	Basel
Dolder	C.		Aeschenvorstadt 20	Basel	2096	1899	32	telefonbuch_034	PTT-Archiv, P-260-1_Basel_1899_2	Basel
Domma	Rob.	Conditor	Oetlingerstrasse 63	Basel	291	1899	32	telefonbuch_034	PTT-Archiv, P-260-1_Basel_1899_2	Basel
Dopler	Jules H.	march.-tailleur	Spalenvorstadt 29	Basel	3267	1899	32	telefonbuch_034	PTT-Archiv, P-260-1_Basel_1899_2	Basel
Doppler	Gustav	Architekt	Müllheimerstrasse 73	Basel	3347	1899	32	telefonbuch_034	PTT-Archiv, P-260-1_Basel_1899_2	Basel
Dörflinger	Fritz	Fuhrhalter	Hägenheimerstrasse 117	Basel	897	1899	32	telefonbuch_034	PTT-Archiv, P-260-1_Basel_1899_2	Basel
Dornacher-Schwab	J.		Heinrichsgasse 22	Basel	743	1899	32	telefonbuch_034	PTT-Archiv, P-260-1_Basel_1899_2	Basel
Douchain	Aug.	Wwe	Freiestrasse 40	Basel	1803	1899	32	telefonbuch_034	PTT-Archiv, P-260-1_Basel_1899_2	Basel
Dreher-Stram	Wilhelm		Hardtstrasse 95	Basel	3788	1899	32	telefonbuch_034	PTT-Archiv, P-260-1_Basel_1899_2	Basel
Dreher-Treichler	J.	Sargfabrik Nachfolger v. C. Wassermann	Totentanz 8	Basel	1399	1899	32	telefonbuch_034	PTT-Archiv, P-260-1_Basel_1899_2	Basel
Dreifuss-Kahn	Leopold		Schützengraben 9	Basel	2779	1899	32	telefonbuch_034	PTT-Archiv, P-260-1_Basel_1899_2	Basel
Dreimann	A.		Spalenthorweg 31	Basel	2562	1899	33	telefonbuch_035	PTT-Archiv, P-260-1_Basel_1899_2	Basel
Drexler	J.	Bürsten- u. Pinselfabrikation	Marktplatz 3	Basel	9	1899	33	telefonbuch_035	PTT-Archiv, P-260-1_Basel_1899_2	Basel
Dreyer	Rudolph		Clarastrasse 18	Basel	1137	1899	33	telefonbuch_035	PTT-Archiv, P-260-1_Basel_1899_2	Basel
Dreyfus	A.	& Brunschwig	Margarethenstrasse 37	Basel	749	1899	33	telefonbuch_035	PTT-Archiv, P-260-1_Basel_1899_2	Basel
Dreyfus	Alfred		Steinenvorstadt 60	Basel	2498	1899	33	telefonbuch_035	PTT-Archiv, P-260-1_Basel_1899_2	Basel
Dreyfus-Bernheim	S.		Steinengraben 25	Basel	2890	1899	33	telefonbuch_035	PTT-Archiv, P-260-1_Basel_1899_2	Basel
Dreyfus-Brettauer	B. A.		Steinengraben 49	Basel	3072	1899	33	telefonbuch_035	PTT-Archiv, P-260-1_Basel_1899_2	Basel
Dreyfus		Dr. med.	Schützenmattstrasse 69	Basel	2848	1899	33	telefonbuch_035	PTT-Archiv, P-260-1_Basel_1899_2	Basel
Dreyfus	Ernst		Allschwilerstrasse 35	Basel	2702	1899	33	telefonbuch_035	PTT-Archiv, P-260-1_Basel_1899_2	Basel
Dreyfus	Hippolyte		Eulerstrasse 10	Basel	2800	1899	33	telefonbuch_035	PTT-Archiv, P-260-1_Basel_1899_2	Basel
Dreyfus	Jules		Aeschengraben 30	Basel	2156	1899	33	telefonbuch_035	PTT-Archiv, P-260-1_Basel_1899_2	Basel
Dreyfus	L. de Emanuel		Spalenthorweg 20	Basel	2708	1899	33	telefonbuch_035	PTT-Archiv, P-260-1_Basel_1899_2	Basel
Dreyfus-Neumann	S.		Steinengraben 51	Basel	3060	1899	33	telefonbuch_035	PTT-Archiv, P-260-1_Basel_1899_2	Basel
Dreyfus-Rueff	S.		Leimenstrasse 13	Basel	2852	1899	33	telefonbuch_035	PTT-Archiv, P-260-1_Basel_1899_2	Basel
Dreyfus		Söhne & Co.	Aeschenvorstadt 16	Basel	2075	1899	33	telefonbuch_035	PTT-Archiv, P-260-1_Basel_1899_2	Basel
Dreyfus-Strauss	Isaak		Schützenmattstrasse 43	Basel	2769	1899	33	telefonbuch_035	PTT-Archiv, P-260-1_Basel_1899_2	Basel
Droschkenanstalt		allgemeine, Gebrüder Keller	Margarethenstrasse 79	Basel	2145	1899	33	telefonbuch_035	PTT-Archiv, P-260-1_Basel_1899_2	Basel
Droschkenanstalt		allgemeine, Gebrüder Keller	Drahtzugstrasse 16	Basel	3470	1899	33	telefonbuch_035	PTT-Archiv, P-260-1_Basel_1899_2	Basel
Droschkenanstalt		Basler, Gebrüder Settelen, Droschken und Möbeltransport	Davidsgasse 15	Basel	1519	1899	33	telefonbuch_035	PTT-Archiv, P-260-1_Basel_1899_2	Basel
Droschkenanstalt		Basler, Gebrüder Settelen, Droschken und Möbeltransport	Davidsgasse 15	Basel	1531	1899	33	telefonbuch_035	PTT-Archiv, P-260-1_Basel_1899_2	Basel
Droschkenanstalt		Basler, Gebrüder Settelen, Camionnage und Fuhrhalterei	Solothurnerstrasse 12	Basel	3946	1899	33	telefonbuch_035	PTT-Archiv, P-260-1_Basel_1899_2	Basel
Drœser	H. J.	Bürsten- und Pinselfabrik	Eisengasse 11	Basel	1343	1899	33	telefonbuch_035	PTT-Archiv, P-260-1_Basel_1899_2	Basel
Drœser	H. J.	Bürsten- und Pinselfabrik	Spalenberg 38	Basel	2649	1899	33	telefonbuch_035	PTT-Archiv, P-260-1_Basel_1899_2	Basel
Düblin	Emil	Spenglermeister	Allschwilerstrasse 102	Basel	2788	1899	33	telefonbuch_035	PTT-Archiv, P-260-1_Basel_1899_2	Basel
Dukas	S.		Weiherweg 28	Basel	2998	1899	33	telefonbuch_035	PTT-Archiv, P-260-1_Basel_1899_2	Basel
Dukas	S.	& Co.	Freiestrasse 17	Basel	3040	1899	33	telefonbuch_035	PTT-Archiv, P-260-1_Basel_1899_2	Basel
Dukas	S.	& Co.	Börsensaal Postgebäude	Basel	3156	1899	33	telefonbuch_035	PTT-Archiv, P-260-1_Basel_1899_2	Basel
Dukas	S.	& Co.	Börsensaal, Postgebäude	Basel	3141	1899	33	telefonbuch_035	PTT-Archiv, P-260-1_Basel_1899_2	Basel
Durand		Huguenin & Co.	Gasstrasse 7	Basel	1624	1899	33	telefonbuch_035	PTT-Archiv, P-260-1_Basel_1899_2	Basel
Dürr	A.		Streitgasse 11	Basel	1862	1899	34	telefonbuch_036	PTT-Archiv, P-260-1_Basel_1899_2	Basel
Dürr	T.	Restaurateur zum Schweizerhaus	Steinenringweg 49	Basel	2991	1899	34	telefonbuch_036	PTT-Archiv, P-260-1_Basel_1899_2	Basel
Durrer	Ed.	mech. Werkstätte	Claragraben 117	Basel	3277	1899	34	telefonbuch_036	PTT-Archiv, P-260-1_Basel_1899_2	Basel
Dürring-Kummler	R.	Wagner	Pfeffingerstrasse 55	Basel	3887	1899	34	telefonbuch_036	PTT-Archiv, P-260-1_Basel_1899_2	Basel
Dutrait	A.	Consul de France	Heinrichsgasse 8	Basel	943	1899	34	telefonbuch_036	PTT-Archiv, P-260-1_Basel_1899_2	Basel
Eberhard	Hans		Holbeinstrasse 10	Basel	2948	1899	34	telefonbuch_036	PTT-Archiv, P-260-1_Basel_1899_2	Basel
Eberhard	J.	& Sohn, Bauunternehmer	Kohlenberggasse 6	Basel	3118	1899	34	telefonbuch_036	PTT-Archiv, P-260-1_Basel_1899_2	Basel
Eberhard	J.	& Sohn, Werkhof	Hägenheimerstrasse 39	Basel	811	1899	34	telefonbuch_036	PTT-Archiv, P-260-1_Basel_1899_2	Basel
von Eckardt	Julius	deutscher Generalkonsul	Gundoldingerstrasse 410	Basel	770	1899	34	telefonbuch_036	PTT-Archiv, P-260-1_Basel_1899_2	Basel
Eckel-Labhart	Ch.		Mittlerestrasse 43	Basel	2760	1899	34	telefonbuch_036	PTT-Archiv, P-260-1_Basel_1899_2	Basel
Eckenstein-Schmidt	Rud.		Margarethenstrasse 69	Basel	4045	1899	34	telefonbuch_036	PTT-Archiv, P-260-1_Basel_1899_2	Basel
Eckenstein-Schröter	Eduard		Margarethenstrasse 15	Basel	2437	1899	34	telefonbuch_036	PTT-Archiv, P-260-1_Basel_1899_2	Basel
Eckenstein	Th.	Käsehandlung	Allschwilerstrasse 104	Basel	983	1899	34	telefonbuch_036	PTT-Archiv, P-260-1_Basel_1899_2	Basel
Ecklin	Theod.	Dr., Arzt	St. Albanvorstadt 102	Basel	4277	1899	34	telefonbuch_036	PTT-Archiv, P-260-1_Basel_1899_2	Basel
Eger-Brunner	Alb.	Wirt	Spalenberg 11	Basel	2725	1899	34	telefonbuch_036	PTT-Archiv, P-260-1_Basel_1899_2	Basel
Eggenschwiler	Karl	z. Sternwarte	Mittlerestrasse 11	Basel	186	1899	34	telefonbuch_036	PTT-Archiv, P-260-1_Basel_1899_2	Basel
Egger	F.	Dr.	Schützengraben 7	Basel	2856	1899	34	telefonbuch_036	PTT-Archiv, P-260-1_Basel_1899_2	Basel
Egger	J. F.	Bureau	Steinenthorberg 18	Basel	2260	1899	34	telefonbuch_036	PTT-Archiv, P-260-1_Basel_1899_2	Basel
Egger	J. F.	neuer Kohlenplatz	Rangirbahnhof Wolf	Basel	3982	1899	34	telefonbuch_036	PTT-Archiv, P-260-1_Basel_1899_2	Basel
Egi & Co.			Schützenmattstrasse 12	Basel	2593	1899	34	telefonbuch_036	PTT-Archiv, P-260-1_Basel_1899_2	Basel
Egli	Anton	Versicherungagenturen	Kohlenberg 11	Basel	2518	1899	34	telefonbuch_036	PTT-Archiv, P-260-1_Basel_1899_2	Basel
Egli-Reinmann & Co.			Wallstrasse 22	Basel	2469	1899	34	telefonbuch_036	PTT-Archiv, P-260-1_Basel_1899_2	Basel
Egli-Scherer	Fritz		Dornacherstrasse 93	Basel	3895	1899	34	telefonbuch_036	PTT-Archiv, P-260-1_Basel_1899_2	Basel
Eglin	J. M.	Holzhandlung	ob. Hauptstr. 558	Binningen	3129	1899	34	telefonbuch_036	PTT-Archiv, P-260-1_Basel_1899_2	Basel
Eglinger	E.	Tierarzt	Leonhardstrasse 24	Basel	2996	1899	34	telefonbuch_036	PTT-Archiv, P-260-1_Basel_1899_2	Basel
Eglinger-Oboussier	G.		Sonnenweg 4	Basel	3572	1899	34	telefonbuch_036	PTT-Archiv, P-260-1_Basel_1899_2	Basel
Eglinsdörfer	Karl	Hafnermstr.	Klingenthalstrasse 74	Basel	3396	1899	34	telefonbuch_036	PTT-Archiv, P-260-1_Basel_1899_2	Basel
Eha-Abend	F. P.		Matthäusstrasse 9	Basel	2417	1899	34	telefonbuch_036	PTT-Archiv, P-260-1_Basel_1899_2	Basel
Ehinger-Heusler	Alph. M.		Villa Münchensteinerstrasse	Basel	3910	1899	34	telefonbuch_036	PTT-Archiv, P-260-1_Basel_1899_2	Basel
Ehinger-Heusler	Alph. M.		Aeschenvorstadt 15	Basel	1883	1899	34	telefonbuch_036	PTT-Archiv, P-260-1_Basel_1899_2	Basel
Ehinger-Sarasin	L.	Dr.	St. Jakobstrasse 41	Basel	1901	1899	34	telefonbuch_036	PTT-Archiv, P-260-1_Basel_1899_2	Basel
Ehinger & Co.			Aeschenvorstadt 15	Basel	2028	1899	34	telefonbuch_036	PTT-Archiv, P-260-1_Basel_1899_2	Basel
Ehret	G.	& Co.	Freiestrasse 71	Basel	1845	1899	34	telefonbuch_036	PTT-Archiv, P-260-1_Basel_1899_2	Basel
Ehrhardt	Adolph		Schärtlingasse 22	Basel	2573	1899	34	telefonbuch_036	PTT-Archiv, P-260-1_Basel_1899_2	Basel
Ehrhardt-Korte	A.	Parfümerien	Grenzacherstrasse 34	Basel	3229	1899	35	telefonbuch_037	PTT-Archiv, P-260-1_Basel_1899_2	Basel
Ehrich-Fischer	Rudolf		Leimenstrasse 57	Basel	2832	1899	35	telefonbuch_037	PTT-Archiv, P-260-1_Basel_1899_2	Basel
Ehrich	R.	Buchdruckerei	Nadelberg 20	Basel	1584	1899	35	telefonbuch_037	PTT-Archiv, P-260-1_Basel_1899_2	Basel
Ehrler-Wittich	Fried.		Oberer Rheinweg 87	Basel	1139	1899	35	telefonbuch_037	PTT-Archiv, P-260-1_Basel_1899_2	Basel
Ehrsam-Acklin	Jul.	Pension „Jura“		Dornachbrugg	3900	1899	35	telefonbuch_037	PTT-Archiv, P-260-1_Basel_1899_2	Basel
Ehrsam	E.	Liegenschaftsagent.	Lohhofweg 6	Basel	2574	1899	35	telefonbuch_037	PTT-Archiv, P-260-1_Basel_1899_2	Basel
Ehrsam-Fischer	W.	Agentur	St. Johannvorstadt 42	Basel	1737	1899	35	telefonbuch_037	PTT-Archiv, P-260-1_Basel_1899_2	Basel
Ehrsam	Jean	Kaminfeger	Totentanz 15	Basel	1293	1899	35	telefonbuch_037	PTT-Archiv, P-260-1_Basel_1899_2	Basel
Eichenberger & Pernaux			Marktplatz 31	Basel	1620	1899	35	telefonbuch_037	PTT-Archiv, P-260-1_Basel_1899_2	Basel
Eicher	Joh.		Mühle Brüglingen	Basel	3535	1899	35	telefonbuch_037	PTT-Archiv, P-260-1_Basel_1899_2	Basel
Eichin	G.	Hôtel goldenes Lamm	Ob. Rebgasse 16	Basel	1195	1899	35	telefonbuch_037	PTT-Archiv, P-260-1_Basel_1899_2	Basel
Eichkorn	A.	Brennmaterialienhandlung	Mattweg 31	Basel	3485	1899	35	telefonbuch_037	PTT-Archiv, P-260-1_Basel_1899_2	Basel
Eidgenössische Bank			St. Albangraben 3	Basel	1898	1899	35	telefonbuch_037	PTT-Archiv, P-260-1_Basel_1899_2	Basel
Eisenbahnbank		Schweiz.	Aeschenvorstadt 16	Basel	2015	1899	35	telefonbuch_037	PTT-Archiv, P-260-1_Basel_1899_2	Basel
Eisenring	Fritz	Conditor	Heumattstrasse 3	Basel	2256	1899	35	telefonbuch_037	PTT-Archiv, P-260-1_Basel_1899_2	Basel
Eisfabrik Bürgin			Unterer Rheinweg 18	Basel	1263	1899	35	telefonbuch_037	PTT-Archiv, P-260-1_Basel_1899_2	Basel
Eisgesellschaft		Basler, Bureau	Steinenthonstrasse 19	Basel	2270	1899	35	telefonbuch_037	PTT-Archiv, P-260-1_Basel_1899_2	Basel
Eisgesellschaft		Basler, Wohnung	Solothurnerstrasse 70	Basel	756	1899	35	telefonbuch_037	PTT-Archiv, P-260-1_Basel_1899_2	Basel
Eisinger	Fr.	Spengler	Aeschenvorstadt 26/28	Basel	2073	1899	35	telefonbuch_037	PTT-Archiv, P-260-1_Basel_1899_2	Basel
Elektrizitätsgesellschaft Alioth				Münchenstein	3900	1899	35	telefonbuch_037	PTT-Archiv, P-260-1_Basel_1899_2	Basel
Elektrizitätsgesellschaft Alioth			Aeschenvorstadt 22	Basel	2078	1899	35	telefonbuch_037	PTT-Archiv, P-260-1_Basel_1899_2	Basel
Elmer	Adolf	Gärtner	Neu-Allschwil 61	Allschwil	2783	1899	35	telefonbuch_037	PTT-Archiv, P-260-1_Basel_1899_2	Basel
Elsässer	Albert	Fürsprech		Arlesheim	3900	1899	35	telefonbuch_037	PTT-Archiv, P-260-1_Basel_1899_2	Basel
Elser	J.	Wwe., Tapezierergeschäft	Schneidergasse 34	Basel		1899	35	telefonbuch_037	PTT-Archiv, P-260-1_Basel_1899_2	Basel
Eltner	J.	Sattler u. Carrossier	Klingenthalstrasse 1	Basel	3275	1899	35	telefonbuch_037	PTT-Archiv, P-260-1_Basel_1899_2	Basel
Emaillir-Anstalt		Basler, Witzel & Fischbach	Untere Rheingasse 19	Basel	1278	1899	35	telefonbuch_037	PTT-Archiv, P-260-1_Basel_1899_2	Basel
Emmel		Geschwister	Gerbergasse 33	Basel	2186	1899	35	telefonbuch_037	PTT-Archiv, P-260-1_Basel_1899_2	Basel
Enderle	Hch.	Hafner	Klingenthalstrasse 68	Basel	3302	1899	35	telefonbuch_037	PTT-Archiv, P-260-1_Basel_1899_2	Basel
Enderlin	Carl	Wirt	Blauenstrasse 90	Basel	3329	1899	35	telefonbuch_037	PTT-Archiv, P-260-1_Basel_1899_2	Basel
Engel-Gros	F.		Gundoldingerstrasse 218	Basel	3754	1899	35	telefonbuch_037	PTT-Archiv, P-260-1_Basel_1899_2	Basel
Engelhof			Nadelberg 4	Basel	1476	1899	35	telefonbuch_037	PTT-Archiv, P-260-1_Basel_1899_2	Basel
Engeli & Co.		Tapetenhandlung	Freiestrasse 65	Basel	1069	1899	35	telefonbuch_037	PTT-Archiv, P-260-1_Basel_1899_2	Basel
Engeli & Co.			Hirzbodenweg 9	Basel	3552	1899	35	telefonbuch_037	PTT-Archiv, P-260-1_Basel_1899_2	Basel
Engelmann	Dr. Th.	Apotheker	Untere Rheingasse 5	Basel	1282	1899	35	telefonbuch_037	PTT-Archiv, P-260-1_Basel_1899_2	Basel
Engisch	Aug.	& Cie.	Eulerstrasse 1	Basel	2924	1899	35	telefonbuch_037	PTT-Archiv, P-260-1_Basel_1899_2	Basel
Engisch-Kroeber	Aug.		Eulerstrasse 1	Basel	2924	1899	35	telefonbuch_037	PTT-Archiv, P-260-1_Basel_1899_2	Basel
Engler	Friedrich	Architektur- und Baugeschäft	Elsässerstrasse 9	Basel	2602	1899	35	telefonbuch_037	PTT-Archiv, P-260-1_Basel_1899_2	Basel
Engler-Steiner	Albert		Spalenthorweg 43	Basel	2765	1899	36	telefonbuch_038	PTT-Archiv, P-260-1_Basel_1899_2	Basel
Eppens	Paul	Tapezierer	Holbeinstrasse 9	Basel	2646	1899	36	telefonbuch_038	PTT-Archiv, P-260-1_Basel_1899_2	Basel
Epple	H.	Wirt	Drahtzugstrasse 61	Basel	3316	1899	36	telefonbuch_038	PTT-Archiv, P-260-1_Basel_1899_2	Basel
Epstein		Gebrüder	Leonhardsgraben 42	Basel	2957	1899	36	telefonbuch_038	PTT-Archiv, P-260-1_Basel_1899_2	Basel
Equitable		(Direktor v. Welck)	Klybeckstrasse 1	Basel	3282	1899	36	telefonbuch_038	PTT-Archiv, P-260-1_Basel_1899_2	Basel
Erb	Wilh.	Malermeister	Müllerweg 28	Basel	1668	1899	36	telefonbuch_038	PTT-Archiv, P-260-1_Basel_1899_2	Basel
Erholungsstation Hofmatt				Münchenstein	3900	1899	36	telefonbuch_038	PTT-Archiv, P-260-1_Basel_1899_2	Basel
Erne	M.	Hôtel Schrieder zum Deutschen Hof	Bahnhofstrasse 19	Basel	3466	1899	36	telefonbuch_038	PTT-Archiv, P-260-1_Basel_1899_2	Basel
Ernst-Wehrle	Fr.		Dornacherstrasse 120	Basel	752	1899	36	telefonbuch_038	PTT-Archiv, P-260-1_Basel_1899_2	Basel
Ersparnisskassa Basel			St. Albangraben 3	Basel	1892	1899	36	telefonbuch_038	PTT-Archiv, P-260-1_Basel_1899_2	Basel
Ersparnisskassa Basel		Filiale	Feldbergstrasse 70	Basel	3324	1899	36	telefonbuch_038	PTT-Archiv, P-260-1_Basel_1899_2	Basel
Erste Aktienbrennerei in Basel			Margarethenstrasse 59	Basel	2384	1899	36	telefonbuch_038	PTT-Archiv, P-260-1_Basel_1899_2	Basel
Erziehungsdepartement			Münsterplatz 14, Mentelinhof	Basel	1063	1899	36	telefonbuch_038	PTT-Archiv, P-260-1_Basel_1899_2	Basel
Eschbach-Minder	E.	Gärtner	Weidengasse 25	Basel	4291	1899	36	telefonbuch_038	PTT-Archiv, P-260-1_Basel_1899_2	Basel
Ettingen		Gemeindestation (s. S. 116)		Ettingen	2520	1899	36	telefonbuch_038	PTT-Archiv, P-260-1_Basel_1899_2	Basel
Euler-Barth	A.		Leimenstrasse 44	Basel	2953	1899	36	telefonbuch_038	PTT-Archiv, P-260-1_Basel_1899_2	Basel
Euler-Paty	G. A.		Burgunderstrasse 32	Basel	2742	1899	36	telefonbuch_038	PTT-Archiv, P-260-1_Basel_1899_2	Basel
Ewald-Steib	Charles	Parfumerie Franco-Suisse	Austrasse 120	Basel	2774	1899	36	telefonbuch_038	PTT-Archiv, P-260-1_Basel_1899_2	Basel
Eybisch-Hübscher	Albert		Schifflände 10	Basel	1320	1899	36	telefonbuch_038	PTT-Archiv, P-260-1_Basel_1899_2	Basel
Facklam	Ferd. P. H.	Zahnarzt	Wallstrasse 17	Basel	2455	1899	36	telefonbuch_038	PTT-Archiv, P-260-1_Basel_1899_2	Basel
Fahm	Dr. J.		Klingenthalgraben 33	Basel	1298	1899	36	telefonbuch_038	PTT-Archiv, P-260-1_Basel_1899_2	Basel
Fahrner	M.	Lithograph	St. Albanvorstadt 40	Basel	1843	1899	36	telefonbuch_038	PTT-Archiv, P-260-1_Basel_1899_2	Basel
Faller	R.	Vertreter von R. Gintzburger & fils	Bahnhofstrasse 17	Basel	3513	1899	36	telefonbuch_038	PTT-Archiv, P-260-1_Basel_1899_2	Basel
Faller	R.	Vertreter von R. Gintzburger et fils	Grenzacherstrasse 179	Basel		1899	36	telefonbuch_038	PTT-Archiv, P-260-1_Basel_1899_2	Basel
Fankhauser	Fritz		Frobenstrasse 16	Basel	2472	1899	36	telefonbuch_038	PTT-Archiv, P-260-1_Basel_1899_2	Basel
Fankhauser	F.	& Cie.	Aeschenvorstadt 55	Basel	1999	1899	36	telefonbuch_038	PTT-Archiv, P-260-1_Basel_1899_2	Basel
Faesch-Affeltranger	Th. R.		Sommergasse 46	Basel	787	1899	36	telefonbuch_038	PTT-Archiv, P-260-1_Basel_1899_2	Basel
Fäsch	E. & Werz, F.	Architekten	Sommergasse 26	Basel	806	1899	36	telefonbuch_038	PTT-Archiv, P-260-1_Basel_1899_2	Basel
Fäsch	Theod.	Zahnarzt	Gerbergasse 2	Basel	1429	1899	36	telefonbuch_038	PTT-Archiv, P-260-1_Basel_1899_2	Basel
Fæsch & Schmassmann		mech. Werkstätte	Spalenthorweg 15	Basel	2377	1899	36	telefonbuch_038	PTT-Archiv, P-260-1_Basel_1899_2	Basel
Fässy	Adolf	Schuhhandlung	Freiestrasse 38	Basel	1805	1899	36	telefonbuch_038	PTT-Archiv, P-260-1_Basel_1899_2	Basel
Faude-Walz	J.	Bäckermeister	Gerbergasse 64	Basel	2595	1899	36	telefonbuch_038	PTT-Archiv, P-260-1_Basel_1899_2	Basel
Fausel	G.	Sohn	Bellingerweg 23	Basel	3372	1899	37	telefonbuch_039	PTT-Archiv, P-260-1_Basel_1899_2	Basel
Fausel	G.	Vater, Erdbauunternehmer	Sperrstrasse 100	Basel	3323	1899	37	telefonbuch_039	PTT-Archiv, P-260-1_Basel_1899_2	Basel
Fautin	Gustav		Unterer Rheinweg 130	Basel	1284	1899	37	telefonbuch_039	PTT-Archiv, P-260-1_Basel_1899_2	Basel
Fay	Ernest	Vergolder	Schützengraben 56	Basel	2359	1899	37	telefonbuch_039	PTT-Archiv, P-260-1_Basel_1899_2	Basel
Fechter	Rud.	Architekt	Sternengässlein 27	Basel	2396	1899	37	telefonbuch_039	PTT-Archiv, P-260-1_Basel_1899_2	Basel
Feer	Emil	Dr. med.	St. Albanvorstadt 10	Basel	2324	1899	37	telefonbuch_039	PTT-Archiv, P-260-1_Basel_1899_2	Basel
Fehlmann	Emanuel		Gempenstrasse 50	Basel	2280	1899	37	telefonbuch_039	PTT-Archiv, P-260-1_Basel_1899_2	Basel
Feigenwinter	Ernst	Dr.	Oberer Heuberg 12	Basel	2866	1899	37	telefonbuch_039	PTT-Archiv, P-260-1_Basel_1899_2	Basel
Feigenwinter	Nicl.	Fürsprech		Arlesheim	3900	1899	37	telefonbuch_039	PTT-Archiv, P-260-1_Basel_1899_2	Basel
Fenner-Matter	E.		Feierabendstrasse 52	Basel	2939	1899	37	telefonbuch_039	PTT-Archiv, P-260-1_Basel_1899_2	Basel
Fenner-Matter	E.		Marktgasse 3	Basel	1611	1899	37	telefonbuch_039	PTT-Archiv, P-260-1_Basel_1899_2	Basel
Ferralli	Charles		Theaterstrasse 2	Basel	2363	1899	37	telefonbuch_039	PTT-Archiv, P-260-1_Basel_1899_2	Basel
Festersen	F.	& Co.	Gerbergasse 71	Basel	2109	1899	37	telefonbuch_039	PTT-Archiv, P-260-1_Basel_1899_2	Basel
Fetscherin	R.	Tierarzt	St. Albangraben 2	Basel	1917	1899	37	telefonbuch_039	PTT-Archiv, P-260-1_Basel_1899_2	Basel
Feuersenger	Bruno		Greifengasse 2	Basel	1228	1899	37	telefonbuch_039	PTT-Archiv, P-260-1_Basel_1899_2	Basel
Bär	F.	Kommandant	Zürcherstrasse 193	Basel	77	1899	37	telefonbuch_039	PTT-Archiv, P-260-1_Basel_1899_2	Basel
Horner	R.	Kommissär	Byfangweg 7	Basel	78	1899	37	telefonbuch_039	PTT-Archiv, P-260-1_Basel_1899_2	Basel
Feuerwache und Kommissariat			Steinenberg 4	Basel	79	1899	37	telefonbuch_039	PTT-Archiv, P-260-1_Basel_1899_2	Basel
Sauter	Ulr.	Hauptmann	Freiestrasse 44	Basel	1	1899	37	telefonbuch_039	PTT-Archiv, P-260-1_Basel_1899_2	Basel
Rutschmann	G.	Oberlieut.	Spalenberg 53	Basel	2	1899	37	telefonbuch_039	PTT-Archiv, P-260-1_Basel_1899_2	Basel
Bürgin	F.	Lieut.	Steinenthortstrasse 13	Basel	3	1899	37	telefonbuch_039	PTT-Archiv, P-260-1_Basel_1899_2	Basel
Möschinger	J.	Lieut.	Fischmarkt 10	Basel	4	1899	37	telefonbuch_039	PTT-Archiv, P-260-1_Basel_1899_2	Basel
Labhardt	Ulr.	Lieut.	Blumenrain 9	Basel	5	1899	37	telefonbuch_039	PTT-Archiv, P-260-1_Basel_1899_2	Basel
Fischer	Emil		Spalenberg 22	Basel	6	1899	37	telefonbuch_039	PTT-Archiv, P-260-1_Basel_1899_2	Basel
Wassermann	Emanuel		Oberer Heuberg 25	Basel	7	1899	37	telefonbuch_039	PTT-Archiv, P-260-1_Basel_1899_2	Basel
Grunauer	Aug.		Gerbergasse 18	Basel	8	1899	37	telefonbuch_039	PTT-Archiv, P-260-1_Basel_1899_2	Basel
Drexler	J.		Marktplatz 3	Basel	9	1899	37	telefonbuch_039	PTT-Archiv, P-260-1_Basel_1899_2	Basel
Brand	Rud.	Hauptmann	Aeschenvorstadt 47	Basel	11	1899	37	telefonbuch_039	PTT-Archiv, P-260-1_Basel_1899_2	Basel
Haag	Fritz	Oberlieut.	St. Albanvorstadt 74	Basel	12	1899	37	telefonbuch_039	PTT-Archiv, P-260-1_Basel_1899_2	Basel
Sigrist	Hch.	Lieut.	Bachlettenstrasse 41	Basel	14	1899	37	telefonbuch_039	PTT-Archiv, P-260-1_Basel_1899_2	Basel
Wagner	Gust.	Lieut.	Rennweg 17	Basel	15	1899	37	telefonbuch_039	PTT-Archiv, P-260-1_Basel_1899_2	Basel
Walz	E.		Solothurnerstrasse 84	Basel	17	1899	37	telefonbuch_039	PTT-Archiv, P-260-1_Basel_1899_2	Basel
Muntwyler	Wilh.		Pfeffingerstrasse 27	Basel	18	1899	37	telefonbuch_039	PTT-Archiv, P-260-1_Basel_1899_2	Basel
Passavant	Georges		Gellertstrasse 21	Basel	19	1899	37	telefonbuch_039	PTT-Archiv, P-260-1_Basel_1899_2	Basel
Stolz	Ed.	Hauptmann	Jurastrasse 42	Basel	21	1899	38	telefonbuch_040	PTT-Archiv, P-260-1_Basel_1899_2	Basel
Probst	N.	Oberlieut.	Nonnenweg 56	Basel	22	1899	38	telefonbuch_040	PTT-Archiv, P-260-1_Basel_1899_2	Basel
Müller	Carl	Lieut.	Missionsstrasse 64	Basel	23	1899	38	telefonbuch_040	PTT-Archiv, P-260-1_Basel_1899_2	Basel
Weitnauer	Aug.	Lieut.	Missionsstrasse 5	Basel	24	1899	38	telefonbuch_040	PTT-Archiv, P-260-1_Basel_1899_2	Basel
Müller	Ls.	Lieut.	Schanzenstrasse 31	Basel	25	1899	38	telefonbuch_040	PTT-Archiv, P-260-1_Basel_1899_2	Basel
Groschupf	Ls.		Birkenstrasse 13	Basel	26	1899	38	telefonbuch_040	PTT-Archiv, P-260-1_Basel_1899_2	Basel
Bebler	Jean	Oberlieut.	Müllerweg 140	Basel	27	1899	38	telefonbuch_040	PTT-Archiv, P-260-1_Basel_1899_2	Basel
Letzgus	Max		Hebelstrasse 82	Basel	28	1899	38	telefonbuch_040	PTT-Archiv, P-260-1_Basel_1899_2	Basel
Acker	Florentin	Hauptmann	Klybeckstrasse 60	Basel	31	1899	38	telefonbuch_040	PTT-Archiv, P-260-1_Basel_1899_2	Basel
Hindenlang	E.	Oberlieut.	Utengasse 12	Basel	32	1899	38	telefonbuch_040	PTT-Archiv, P-260-1_Basel_1899_2	Basel
Buxtorf	Fritz	Lieut.	Sägergässlein 5	Basel	33	1899	38	telefonbuch_040	PTT-Archiv, P-260-1_Basel_1899_2	Basel
Bratteler	E.	Lieut.	Hammerstrasse 59	Basel	34	1899	38	telefonbuch_040	PTT-Archiv, P-260-1_Basel_1899_2	Basel
Höhn	Gottlieb	Lieut.	Drahtzugstrasse 36	Basel	35	1899	38	telefonbuch_040	PTT-Archiv, P-260-1_Basel_1899_2	Basel
von Brunn	Imanuel	Lieut.	Grenzacherstrasse 95	Basel	36	1899	38	telefonbuch_040	PTT-Archiv, P-260-1_Basel_1899_2	Basel
Schill	Florian		Untere Rebgasse 9	Basel	37	1899	38	telefonbuch_040	PTT-Archiv, P-260-1_Basel_1899_2	Basel
Hungerbühler	Jb.		Grenzacherstrasse 6	Basel	38	1899	38	telefonbuch_040	PTT-Archiv, P-260-1_Basel_1899_2	Basel
Schlatter	Jakob	Lieut.	Münchensteinerstrasse 150	Basel	41	1899	38	telefonbuch_040	PTT-Archiv, P-260-1_Basel_1899_2	Basel
Riesterer	Fritz	Hauptmann	St. Johannringweg 26	Basel	42	1899	38	telefonbuch_040	PTT-Archiv, P-260-1_Basel_1899_2	Basel
Stadelmann	C.	Oberlieut.	Unterer Rheinweg 66	Basel	43	1899	38	telefonbuch_040	PTT-Archiv, P-260-1_Basel_1899_2	Basel
Thommen	Hans	Oberlieut.	Hammerstrasse 192	Basel	44	1899	38	telefonbuch_040	PTT-Archiv, P-260-1_Basel_1899_2	Basel
Aemmer	Ferd.	Lieut.	Mörsbergerstrasse 40	Basel	45	1899	38	telefonbuch_040	PTT-Archiv, P-260-1_Basel_1899_2	Basel
Lederle	Rud.		Feldbergstrasse 119	Basel	46	1899	38	telefonbuch_040	PTT-Archiv, P-260-1_Basel_1899_2	Basel
Willfratt	Aug.		Kleinhüningerstrasse 215	Basel	47	1899	38	telefonbuch_040	PTT-Archiv, P-260-1_Basel_1899_2	Basel
Billich	Seb.		Mörsbergerstrassse 52	Basel	48	1899	38	telefonbuch_040	PTT-Archiv, P-260-1_Basel_1899_2	Basel
Feigenwinter	Nicl.	Feuerwehr - Kommandant		Arlesheim	3900	1899	38	telefonbuch_040	PTT-Archiv, P-260-1_Basel_1899_2	Basel
Fichter-Liebi	W. H.	Architekt	Grellingerstrasse 74	Basel	3373	1899	38	telefonbuch_040	PTT-Archiv, P-260-1_Basel_1899_2	Basel
Fidel-Riggenbach	Ad.	Hôtel Hirschen	Ob. Hauptstr. 578	Binningen	4039	1899	38	telefonbuch_040	PTT-Archiv, P-260-1_Basel_1899_2	Basel
Fiechter	Emil		Mittlerestrasse 41	Basel	789	1899	38	telefonbuch_040	PTT-Archiv, P-260-1_Basel_1899_2	Basel
Fiechter		Gebrüder	Elisabethenstrasse 17	Basel	2331	1899	38	telefonbuch_040	PTT-Archiv, P-260-1_Basel_1899_2	Basel
Fiechter	H.	Mühleneinrichtungsgeschäft	Dornacherstrasse 137	Basel	4081	1899	38	telefonbuch_040	PTT-Archiv, P-260-1_Basel_1899_2	Basel
Fiechter-Sulzberger	Ad.		Kanonengasse 31	Basel	3113	1899	38	telefonbuch_040	PTT-Archiv, P-260-1_Basel_1899_2	Basel
Fiechter & Schmidt			Güterstrasse 142	Basel	4089	1899	39	telefonbuch_041	PTT-Archiv, P-260-1_Basel_1899_2	Basel
Finanzdepartement			Elisabethenstrasse 31	Basel	2390	1899	39	telefonbuch_041	PTT-Archiv, P-260-1_Basel_1899_2	Basel
Fingerlin	Julius		Mörsbergerweg 32	Basel	3320	1899	39	telefonbuch_041	PTT-Archiv, P-260-1_Basel_1899_2	Basel
Fininger-Merian	Ld.	Dr. jur.	Engelgasse 50	Basel	4159	1899	39	telefonbuch_041	PTT-Archiv, P-260-1_Basel_1899_2	Basel
Fischer-Baur	Samuel	Wohnung	Rütlistrasse 51	Basel	997	1899	39	telefonbuch_041	PTT-Archiv, P-260-1_Basel_1899_2	Basel
Fischer	Alfred	Dr.	Güterstrasse 83	Basel	2174	1899	39	telefonbuch_041	PTT-Archiv, P-260-1_Basel_1899_2	Basel
Fischer	Eduard	Optiker	Eisengasse 15	Basel	1371	1899	39	telefonbuch_041	PTT-Archiv, P-260-1_Basel_1899_2	Basel
Fischer	Emil	zum Wolf	Spalenberg 22	Basel	6	1899	39	telefonbuch_041	PTT-Archiv, P-260-1_Basel_1899_2	Basel
Fischer	Emil	zum Wolf, Filiale	Aeschenvorstadt 23	Basel	2024	1899	39	telefonbuch_041	PTT-Archiv, P-260-1_Basel_1899_2	Basel
Fischer		junior	Eisengasse 13	Basel	1346	1899	39	telefonbuch_041	PTT-Archiv, P-260-1_Basel_1899_2	Basel
Fischer-Preiswerk	Aug.	Bau- und Kunstschlosserei	Breisacherstrasse 64	Basel	3440	1899	39	telefonbuch_041	PTT-Archiv, P-260-1_Basel_1899_2	Basel
Fischer	Samuel		Aeschenvorstadt 11	Basel	1990	1899	39	telefonbuch_041	PTT-Archiv, P-260-1_Basel_1899_2	Basel
Fischer	Samuel		Schneidergasse 33	Basel	1434	1899	39	telefonbuch_041	PTT-Archiv, P-260-1_Basel_1899_2	Basel
Fischer-Schweizer	W.	zur Schlipferhalle		Riehen	4316	1899	39	telefonbuch_041	PTT-Archiv, P-260-1_Basel_1899_2	Basel
Fleck-Meili	Hrch.	(privat)	Margarethenthal	Binningen	2523	1899	39	telefonbuch_041	PTT-Archiv, P-260-1_Basel_1899_2	Basel
Fleig-Lützelschwab	A.	Bäcker	Bachlettenstrasse 11	Basel	2544	1899	39	telefonbuch_041	PTT-Archiv, P-260-1_Basel_1899_2	Basel
Fleiner-Schmidlin	E.		Sevogelstrasse 5	Basel	4121	1899	39	telefonbuch_041	PTT-Archiv, P-260-1_Basel_1899_2	Basel
Fleiner		Sohn	Kohlenberg 29	Basel	3086	1899	39	telefonbuch_041	PTT-Archiv, P-260-1_Basel_1899_2	Basel
Flelli	Angelo		Elsässerstrasse 84	Basel	1728	1899	39	telefonbuch_041	PTT-Archiv, P-260-1_Basel_1899_2	Basel
Floretspinnerei Angenstein			Fabrik Angenstein	Basel	3900	1899	39	telefonbuch_041	PTT-Archiv, P-260-1_Basel_1899_2	Basel
Floretspinnerei Ringwald			St. Albananlage 7	Basel	4254	1899	39	telefonbuch_041	PTT-Archiv, P-260-1_Basel_1899_2	Basel
Flubacher	A.		Austrasse 36	Basel	2946	1899	39	telefonbuch_041	PTT-Archiv, P-260-1_Basel_1899_2	Basel
Flück	C.	Hôtel 3 Könige	Blumenrain 8	Basel	1328	1899	39	telefonbuch_041	PTT-Archiv, P-260-1_Basel_1899_2	Basel
Flum	L.		Türkheimerstrasse 48	Basel	884	1899	39	telefonbuch_041	PTT-Archiv, P-260-1_Basel_1899_2	Basel
Flury	Urs	Steinhauermeister	Bläsiringweg 5	Basel	3312	1899	39	telefonbuch_041	PTT-Archiv, P-260-1_Basel_1899_2	Basel
Forcart-Bachofen	Rudolf		St. Jakobsstrasse 6	Basel	1948	1899	39	telefonbuch_041	PTT-Archiv, P-260-1_Basel_1899_2	Basel
Forcart	Louise		Langegasse 47	Basel	4155	1899	39	telefonbuch_041	PTT-Archiv, P-260-1_Basel_1899_2	Basel
Förter	Hugo	Dr.	Florastrasse 19	Basel	1187	1899	39	telefonbuch_041	PTT-Archiv, P-260-1_Basel_1899_2	Basel
Fortwängler-Rupp	Karl		Sperrstrasse 33	Basel	3438	1899	39	telefonbuch_041	PTT-Archiv, P-260-1_Basel_1899_2	Basel
Franck	Hrch.	Söhne (Bureau Direktionswohnung)	Horburgstrasse 109	Basel	3364	1899	39	telefonbuch_041	PTT-Archiv, P-260-1_Basel_1899_2	Basel
Fränkel	Franz	Baugeschäft	Riehenstrasse 157	Basel	3833	1899	39	telefonbuch_041	PTT-Archiv, P-260-1_Basel_1899_2	Basel
Frankenbach	Georg		Aeschenvorstadt 42	Basel	2062	1899	39	telefonbuch_041	PTT-Archiv, P-260-1_Basel_1899_2	Basel
Frankenbach	Georg		Hirschgasse 15	Basel	2088	1899	39	telefonbuch_041	PTT-Archiv, P-260-1_Basel_1899_2	Basel
Frauenspital			Klingelbergstrasse 50	Basel	1538	1899	39	telefonbuch_041	PTT-Archiv, P-260-1_Basel_1899_2	Basel
Frehner	J.	Buchdruckerei	Steinenvorstadt 15	Basel	2249	1899	39	telefonbuch_041	PTT-Archiv, P-260-1_Basel_1899_2	Basel
Freimaurerloge Basel			Byfangweg 13	Basel	3008	1899	39	telefonbuch_041	PTT-Archiv, P-260-1_Basel_1899_2	Basel
Freléchoux-Weniger	L.	Wirt	Nonnenweg 22	Basel	2869	1899	39	telefonbuch_041	PTT-Archiv, P-260-1_Basel_1899_2	Basel
Frenn-Tschopp	S.	Wwe.	Bruderholzstr. 92	Binningen	4020	1899	40	telefonbuch_042	PTT-Archiv, P-260-1_Basel_1899_2	Basel
Freudiger	Joh.	Fuhrhalter	Gundoldingerstrasse 280	Basel	1693	1899	40	telefonbuch_042	PTT-Archiv, P-260-1_Basel_1899_2	Basel
Freund	Louis		Güterstrasse 242	Basel	2841	1899	40	telefonbuch_042	PTT-Archiv, P-260-1_Basel_1899_2	Basel
Frey-Bourquin	F.		Zürcherstrasse 11	Basel	4105	1899	40	telefonbuch_042	PTT-Archiv, P-260-1_Basel_1899_2	Basel
Frey	Carl		Kanonengasse 13	Basel	1532	1899	40	telefonbuch_042	PTT-Archiv, P-260-1_Basel_1899_2	Basel
Frey	Carl	Glaser (Geschäft)	Marktgasse 16	Basel	1603	1899	40	telefonbuch_042	PTT-Archiv, P-260-1_Basel_1899_2	Basel
Frey	Carl	Glaser (Wohnung)	Friedensgasse 61	Basel	1455	1899	40	telefonbuch_042	PTT-Archiv, P-260-1_Basel_1899_2	Basel
Frey	E.	& Cie.	Malzgasse 2	Basel	1858	1899	40	telefonbuch_042	PTT-Archiv, P-260-1_Basel_1899_2	Basel
Frey-Freyvogel	Wm	Sensal	Leimenstrasse 14	Basel	2859	1899	40	telefonbuch_042	PTT-Archiv, P-260-1_Basel_1899_2	Basel
Frey	G.		Landskronstrasse 32	Basel	845	1899	40	telefonbuch_042	PTT-Archiv, P-260-1_Basel_1899_2	Basel
Frey	Gustav	Verwalter		Basel-Augst	2598	1899	40	telefonbuch_042	PTT-Archiv, P-260-1_Basel_1899_2	Basel
Frey	J. F.	Bäckerei und Conditorei	Clarastrasse 18	Basel	3531	1899	40	telefonbuch_042	PTT-Archiv, P-260-1_Basel_1899_2	Basel
Frey-Kiefer			Sevogelstrasse 72	Basel	3656	1899	40	telefonbuch_042	PTT-Archiv, P-260-1_Basel_1899_2	Basel
Frey-Merkle	F.		Missionsstrasse 33	Basel	2627	1899	40	telefonbuch_042	PTT-Archiv, P-260-1_Basel_1899_2	Basel
Frey & Eberle			Hebelstrasse 11	Basel	1539	1899	40	telefonbuch_042	PTT-Archiv, P-260-1_Basel_1899_2	Basel
Frey & La Roche			Luftgässlein 1	Basel	1749	1899	40	telefonbuch_042	PTT-Archiv, P-260-1_Basel_1899_2	Basel
Frey & LaRoche		Börsensaal	Postgebäude	Basel	3155	1899	40	telefonbuch_042	PTT-Archiv, P-260-1_Basel_1899_2	Basel
Frey & Meyer		Zimmermeister	Obere Rheingasse 60	Basel	1205	1899	40	telefonbuch_042	PTT-Archiv, P-260-1_Basel_1899_2	Basel
Frey	W. A.	Wwe	Petersgraben 61	Basel	1717	1899	40	telefonbuch_042	PTT-Archiv, P-260-1_Basel_1899_2	Basel
Friedmann	Herm.	Dr. (Bureau)	Freiestrasse 52	Basel	2415	1899	40	telefonbuch_042	PTT-Archiv, P-260-1_Basel_1899_2	Basel
Friedrich	Leonhard	Architekt (Bureau)	Steinenberg 25	Basel	2147	1899	40	telefonbuch_042	PTT-Archiv, P-260-1_Basel_1899_2	Basel
Friedrich	Leonhard	(Wohnung)	Aeschenvorstadt 4	Basel	1988	1899	40	telefonbuch_042	PTT-Archiv, P-260-1_Basel_1899_2	Basel
Friedrich	Rudolf	Architekt	Engelgasse 55	Basel	3675	1899	40	telefonbuch_042	PTT-Archiv, P-260-1_Basel_1899_2	Basel
Friedrich	Rudolf	& Co.	Hardtstrasse 88	Basel	3783	1899	40	telefonbuch_042	PTT-Archiv, P-260-1_Basel_1899_2	Basel
Frischknecht	Adolf	Konditorei	Leonhardsgraben 50	Basel	3020	1899	40	telefonbuch_042	PTT-Archiv, P-260-1_Basel_1899_2	Basel
Fritsch-Dreher	Aug.		Habsburgerstrasse 21	Basel	3313	1899	40	telefonbuch_042	PTT-Archiv, P-260-1_Basel_1899_2	Basel
Fritz	Carl	Baugeschäft	Güterstrasse 243	Basel	3891	1899	40	telefonbuch_042	PTT-Archiv, P-260-1_Basel_1899_2	Basel
Fritz	Emil Martin			Basel	1641	1899	40	telefonbuch_042	PTT-Archiv, P-260-1_Basel_1899_2	Basel
Fritz	Oscar	kantonaler Reitlehrer	Kaserne Klingenthal	Basel		1899	40	telefonbuch_042	PTT-Archiv, P-260-1_Basel_1899_2	Basel
Fritz	Oscar	Wohnung und Luxuspferdegeschäft	Johanniterstrasse 13	Basel	1700	1899	40	telefonbuch_042	PTT-Archiv, P-260-1_Basel_1899_2	Basel
Fröhle	Gustav	Schreiner	Luftgässlein 6	Basel	1856	1899	40	telefonbuch_042	PTT-Archiv, P-260-1_Basel_1899_2	Basel
Fuchs	Carl	Metzgermeister	Freiestrasse 1	Basel	1395	1899	40	telefonbuch_042	PTT-Archiv, P-260-1_Basel_1899_2	Basel
Fuchs	Leonh.	Schreinermeister	St. Albanvorstadt 61	Basel	1839	1899	40	telefonbuch_042	PTT-Archiv, P-260-1_Basel_1899_2	Basel
Fueg-Strub	V.		Spalenthorweg 4	Basel	2584	1899	40	telefonbuch_042	PTT-Archiv, P-260-1_Basel_1899_2	Basel
Füglistaller	Bernhard	Sohn	Schaffhauser Rheinweg 73	Basel	3739	1899	40	telefonbuch_042	PTT-Archiv, P-260-1_Basel_1899_2	Basel
Füglistaller-Sprenger	B.		Grenzacherstrasse 70	Basel	3180	1899	40	telefonbuch_042	PTT-Archiv, P-260-1_Basel_1899_2	Basel
Fünfschilling-Näf	Ernst		Feldbergstrasse 47	Basel	3357	1899	41	telefonbuch_043	PTT-Archiv, P-260-1_Basel_1899_2	Basel
Furler	G.	Metzger und Wirt	Riehenthorstrasse 27	Basel	3439	1899	41	telefonbuch_043	PTT-Archiv, P-260-1_Basel_1899_2	Basel
Fürstenberger	Albert		St. Albananlage 56	Basel	4115	1899	41	telefonbuch_043	PTT-Archiv, P-260-1_Basel_1899_2	Basel
Fürstenberger & Co.			Nadelberg 24	Basel	2695	1899	41	telefonbuch_043	PTT-Archiv, P-260-1_Basel_1899_2	Basel
Fuss-Suter	C.		Klingelbergstrasse 63	Basel	1374	1899	41	telefonbuch_043	PTT-Archiv, P-260-1_Basel_1899_2	Basel
Fueter-Gelzer	R. E.		Sevogelstrasse 7	Basel	4139	1899	41	telefonbuch_043	PTT-Archiv, P-260-1_Basel_1899_2	Basel
Futterer & Co.			Steinenthorstrasse 30	Basel	2416	1899	41	telefonbuch_043	PTT-Archiv, P-260-1_Basel_1899_2	Basel
Galliker	A.	Buchdruckerei	Haltingerstrasse 64	Basel	1265	1899	41	telefonbuch_043	PTT-Archiv, P-260-1_Basel_1899_2	Basel
Gally-Preiswerk	L.	Wwe.	Binningerstrasse 19	Basel	2500	1899	41	telefonbuch_043	PTT-Archiv, P-260-1_Basel_1899_2	Basel
Gangloff	Georg	Erdbauunternehmer u. Pflästerermeister	Thannerstrasse 31	Basel	2803	1899	41	telefonbuch_043	PTT-Archiv, P-260-1_Basel_1899_2	Basel
Ganser & Bernoulli			Freiestrasse 45	Basel	1091	1899	41	telefonbuch_043	PTT-Archiv, P-260-1_Basel_1899_2	Basel
Gansser	Emil	Pelzwaren- und Hutlager	Freiestrasse 24	Basel	1800	1899	41	telefonbuch_043	PTT-Archiv, P-260-1_Basel_1899_2	Basel
Ganthaus			Steinenthorstrasse 7	Basel	2198	1899	41	telefonbuch_043	PTT-Archiv, P-260-1_Basel_1899_2	Basel
Gas- & Wasserwerk		Direktion und Hauptbureau des Gaswerkes	Binningerstrasse 8	Basel	76	1899	41	telefonbuch_043	PTT-Archiv, P-260-1_Basel_1899_2	Basel
Gas- & Wasserwerk		Hauptbureau des Wasserwerkes	Binningerstrasse 8	Basel	2571	1899	41	telefonbuch_043	PTT-Archiv, P-260-1_Basel_1899_2	Basel
Gas- & Wasserwerk		Gasfabrik	Gasstrasse 6	Basel	1631	1899	41	telefonbuch_043	PTT-Archiv, P-260-1_Basel_1899_2	Basel
Gas- & Wasserwerk		Wachtlokal der Anzünder	Barfüssergasse 10	Basel	1965	1899	41	telefonbuch_043	PTT-Archiv, P-260-1_Basel_1899_2	Basel
Gas- & Wasserwerk		elektrische Station in der	Gewerbeschule	Basel	2607	1899	41	telefonbuch_043	PTT-Archiv, P-260-1_Basel_1899_2	Basel
Gas- & Wasserwerk		Pumpwerk	Lange Erlen	Basel	3475	1899	41	telefonbuch_043	PTT-Archiv, P-260-1_Basel_1899_2	Basel
Gas- & Wasserwerk		Dienstwohnung beim Pumpwerk	Schorenweg 113	Basel	3465	1899	41	telefonbuch_043	PTT-Archiv, P-260-1_Basel_1899_2	Basel
Gas- & Wasserwerk		Reservoir	auf dem Bruderholz	Basel	4037	1899	41	telefonbuch_043	PTT-Archiv, P-260-1_Basel_1899_2	Basel
Gas- & Wasserwerk		Wohnung von Brunnenmeister Kölliker	St. Albankirchrain 14	Basel	4137	1899	41	telefonbuch_043	PTT-Archiv, P-260-1_Basel_1899_2	Basel
Gas- & Wasserwerk		Wohnung von Brunnenmeister Vögtlin		Grellingen	3900	1899	41	telefonbuch_043	PTT-Archiv, P-260-1_Basel_1899_2	Basel
Gas- & Wasserwerk		Wohnung von Direktor Miescher	Augustinergasse 21	Basel	3114	1899	41	telefonbuch_043	PTT-Archiv, P-260-1_Basel_1899_2	Basel
Gas- & Wasserwerk		Wohnung von Ingenieur Gautschi	Rudolfstrasse 54	Basel	784	1899	41	telefonbuch_043	PTT-Archiv, P-260-1_Basel_1899_2	Basel
Gas- & Wasserwerk		Beamtenwohnung bei der Gasfabrik	Elsässerstrasse 70	Basel	1727	1899	42	telefonbuch_044	PTT-Archiv, P-260-1_Basel_1899_2	Basel
Gas- & Wasserwerk		Kraftstation des Elektrizitätswerks	Voltastrasse	Basel		1899	42	telefonbuch_044	PTT-Archiv, P-260-1_Basel_1899_2	Basel
Gas- & Wasserwerk		Unterstation des Elektrizitätswerks	Steinenbachgässlein 4	Basel		1899	42	telefonbuch_044	PTT-Archiv, P-260-1_Basel_1899_2	Basel
Gas- & Wasserwerk		Wohnung von Ing. Mieg	St. Johannvorstadt 42	Basel	1711	1899	42	telefonbuch_044	PTT-Archiv, P-260-1_Basel_1899_2	Basel
Gas- & Wasserwerk		Wohnung von Aufseher Fross	Kohlenberggasse 3	Basel		1899	42	telefonbuch_044	PTT-Archiv, P-260-1_Basel_1899_2	Basel
Gass	Ad.	Gasthaus zur Krone		Birsfelden	197	1899	42	telefonbuch_044	PTT-Archiv, P-260-1_Basel_1899_2	Basel
Gass		Buchdruckerei	Petersberg 29	Basel	1738	1899	42	telefonbuch_044	PTT-Archiv, P-260-1_Basel_1899_2	Basel
Gass-Schaub	Emil		Sempacherstrasse 7	Basel	1533	1899	42	telefonbuch_044	PTT-Archiv, P-260-1_Basel_1899_2	Basel
Gass-Seiffert	Rud.		Birsigstrasse 36	Basel	2486	1899	42	telefonbuch_044	PTT-Archiv, P-260-1_Basel_1899_2	Basel
Gasser-Dopler	E.	Wirt	Habsburgerstrasse 43	Basel	801	1899	42	telefonbuch_044	PTT-Archiv, P-260-1_Basel_1899_2	Basel
Gassmann-Studer	F.	Buchdruckerei	Aeschenvorstadt 30	Basel	2325	1899	42	telefonbuch_044	PTT-Archiv, P-260-1_Basel_1899_2	Basel
Gautschy	Henri		Elisabethenstrasse 23	Basel	2133	1899	42	telefonbuch_044	PTT-Archiv, P-260-1_Basel_1899_2	Basel
Gebrüder Keller		allgemeine Droschkenanstalt	Margarethenstrasse 79	Basel	2145	1899	42	telefonbuch_044	PTT-Archiv, P-260-1_Basel_1899_2	Basel
Gebrüder Keller		allgemeine Droschkenanstalt	Drahtzugstrasse 16	Basel	3470	1899	42	telefonbuch_044	PTT-Archiv, P-260-1_Basel_1899_2	Basel
Gebr. Settelen		Basler Droschkenanstalt, Droschken u. Möbeltransport	Davidsgasse 15	Basel	1519	1899	42	telefonbuch_044	PTT-Archiv, P-260-1_Basel_1899_2	Basel
Gebr. Settelen		Basler Droschkenanstalt, Droschken u. Möbeltransport	Davidsgasse 15	Basel	1531	1899	42	telefonbuch_044	PTT-Archiv, P-260-1_Basel_1899_2	Basel
Gebr. Settelen		Basler Droschkenanstalt, Camionnage u. Fuhrhalterei	Solothurnerstrasse 12	Basel	3946	1899	42	telefonbuch_044	PTT-Archiv, P-260-1_Basel_1899_2	Basel
Geburtshilfliche Poliklinik	E.	Dr. Niebergall	Schwanengasse 2	Basel	1083	1899	42	telefonbuch_044	PTT-Archiv, P-260-1_Basel_1899_2	Basel
Geering	Ad.	(Felix Schneider) Buchhandlung, Antiquariat und Buchdruckerei	Bäumleingasse 10	Basel	1851	1899	42	telefonbuch_044	PTT-Archiv, P-260-1_Basel_1899_2	Basel
Geering	H.		Leonhardsgraben 47	Basel	2057	1899	42	telefonbuch_044	PTT-Archiv, P-260-1_Basel_1899_2	Basel
Gehrig-Bürgin		Hôtel Gehrig	Küchegässlein 15	Basel	2272	1899	43	telefonbuch_045	PTT-Archiv, P-260-1_Basel_1899_2	Basel
Gehrig-Hausin		Droschkenhalter, Nachfolger G. Stamm-Hausin	Hägenheimerstrasse 20	Basel	830	1899	43	telefonbuch_045	PTT-Archiv, P-260-1_Basel_1899_2	Basel
Geiger	Fritz		Schorenweg 12	Basel	3520	1899	43	telefonbuch_045	PTT-Archiv, P-260-1_Basel_1899_2	Basel
Geiger-Knapp		Frau Dr., Apotheker's	Kanonengasse 21	Basel	3116	1899	43	telefonbuch_045	PTT-Archiv, P-260-1_Basel_1899_2	Basel
Geiger-Miville	M.		Marktplatz 24	Basel	1500	1899	43	telefonbuch_045	PTT-Archiv, P-260-1_Basel_1899_2	Basel
Geigy-Burckhardt	M. E.	Frau	Aeschengraben 5	Basel	2315	1899	43	telefonbuch_045	PTT-Archiv, P-260-1_Basel_1899_2	Basel
Geigy-Burckhardt	M. E.	Frau	Bruckgut	Münchenstein	3911	1899	43	telefonbuch_045	PTT-Archiv, P-260-1_Basel_1899_2	Basel
Geigy-Burckhardt	Karl		Steinenberg 5	Basel	2365	1899	43	telefonbuch_045	PTT-Archiv, P-260-1_Basel_1899_2	Basel
Geigy-Buxtorf	S.	Wwe	Leonhardsgraben 48	Basel	2989	1899	43	telefonbuch_045	PTT-Archiv, P-260-1_Basel_1899_2	Basel
Geigy-Buxtorf	S.	Wwe		Riehen	4316	1899	43	telefonbuch_045	PTT-Archiv, P-260-1_Basel_1899_2	Basel
Geigy	Rud.	Dr.	St. Albananlage 1	Basel	2079	1899	43	telefonbuch_045	PTT-Archiv, P-260-1_Basel_1899_2	Basel
Geigy	Rudolf	Dr., Bäumlinhof	Riehenstr. 392	Basel	3835	1899	43	telefonbuch_045	PTT-Archiv, P-260-1_Basel_1899_2	Basel
Geigy-Hagenbach	Karl		Schweizerplatz 1	Basel	1428	1899	43	telefonbuch_045	PTT-Archiv, P-260-1_Basel_1899_2	Basel
Geigy-Hagenbach	Karl	Bäumlinhof	Riehenstrasse	Basel	3831	1899	43	telefonbuch_045	PTT-Archiv, P-260-1_Basel_1899_2	Basel
Geigy	Joh. Rud.	& Co. (Warendepartement, Spedition)	Bahnhofstrasse 3	Basel	3549	1899	43	telefonbuch_045	PTT-Archiv, P-260-1_Basel_1899_2	Basel
Geigy	Joh. Rud.	& Co. (R. Geigy-Merian, privat, Kassa)	Bahnhofstrasse 3	Basel	3548	1899	43	telefonbuch_045	PTT-Archiv, P-260-1_Basel_1899_2	Basel
Geigy	Joh. Rud.	& Co., Fabrik	Rosenthalweg 2	Basel	3618	1899	43	telefonbuch_045	PTT-Archiv, P-260-1_Basel_1899_2	Basel
Geigy-Merian	Rud.	Bäumlinhof	Riehenstrasse 392	Basel	3830	1899	43	telefonbuch_045	PTT-Archiv, P-260-1_Basel_1899_2	Basel
Geigy-Merian	Rud.		Aeschenvorstadt 13	Basel	2031	1899	43	telefonbuch_045	PTT-Archiv, P-260-1_Basel_1899_2	Basel
Geilenkirchen	Alf.	Hôtel Bernerhof	Elisabethenstrasse 62	Basel	2247	1899	43	telefonbuch_045	PTT-Archiv, P-260-1_Basel_1899_2	Basel
Geipel	C. A.	chem. Waschanstalt, Färberei u. Druckerei	Gerbergasse 57	Basel	2188	1899	43	telefonbuch_045	PTT-Archiv, P-260-1_Basel_1899_2	Basel
Geipel	C. A.	Wohnung	Oberwilerstrasse 36	Basel	235	1899	43	telefonbuch_045	PTT-Archiv, P-260-1_Basel_1899_2	Basel
Geismar	Leop.	Baumaterialienhandlung	Claragraben 80	Basel	3311	1899	43	telefonbuch_045	PTT-Archiv, P-260-1_Basel_1899_2	Basel
Geismar	Salomon		Leimenstrasse 72	Basel	2929	1899	43	telefonbuch_045	PTT-Archiv, P-260-1_Basel_1899_2	Basel
Geissberger	Heinr.	Pflästerer und Erdbauunternehmer	Hägenheimerstrasse 24	Basel	813	1899	43	telefonbuch_045	PTT-Archiv, P-260-1_Basel_1899_2	Basel
Geissler	Carl	(Bureau)	Feierabendstrasse 22	Basel	3017	1899	43	telefonbuch_045	PTT-Archiv, P-260-1_Basel_1899_2	Basel
Geissler	Carl	(Magazin)	Margarethenstrasse 13	Basel	2449	1899	43	telefonbuch_045	PTT-Archiv, P-260-1_Basel_1899_2	Basel
Geldner	Carl	Bureau	St. Albangraben 4	Basel	1885	1899	43	telefonbuch_045	PTT-Archiv, P-260-1_Basel_1899_2	Basel
Geldner	Carl	neuer Kohlenplatz	Rangirbahnhof Wolf	Basel	3990	1899	43	telefonbuch_045	PTT-Archiv, P-260-1_Basel_1899_2	Basel
Geldner	Carl	Privat	Steinenthorberg 16	Basel	2439	1899	43	telefonbuch_045	PTT-Archiv, P-260-1_Basel_1899_2	Basel
Gempp & Unold		Blechemballagefabrik	Bahnhofstrasse 139	Basel	753	1899	43	telefonbuch_045	PTT-Archiv, P-260-1_Basel_1899_2	Basel
Gemuseus	Bertha		Aeschengraben 22	Basel	2405	1899	43	telefonbuch_045	PTT-Archiv, P-260-1_Basel_1899_2	Basel
Gemuseus	C.	& Co.	Römergasse 9	Basel	1143	1899	44	telefonbuch_046	PTT-Archiv, P-260-1_Basel_1899_2	Basel
Gemuseus-Grossmann	A.	Wwe	Sevogelstrasse 36	Basel	4118	1899	44	telefonbuch_046	PTT-Archiv, P-260-1_Basel_1899_2	Basel
Gemuseus	Joh. Rud.		Aeschengraben 22	Basel	2405	1899	44	telefonbuch_046	PTT-Archiv, P-260-1_Basel_1899_2	Basel
Gemuseus-Riggenbach	Wilh.		Gellertstrasse 22	Basel	4110	1899	44	telefonbuch_046	PTT-Archiv, P-260-1_Basel_1899_2	Basel
Gemuseus-Simmoth	E.		Leimenstrasse 46	Basel	2923	1899	44	telefonbuch_046	PTT-Archiv, P-260-1_Basel_1899_2	Basel
Gemuseus & Stähelin			Aeschenvorstadt 22	Basel	2323	1899	44	telefonbuch_046	PTT-Archiv, P-260-1_Basel_1899_2	Basel
Gengenbach	G.	& Co.	Spitalstrasse 17	Basel	1694	1899	44	telefonbuch_046	PTT-Archiv, P-260-1_Basel_1899_2	Basel
Gengenbach-Gysin	Gust.		Austrasse 93	Basel	2829	1899	44	telefonbuch_046	PTT-Archiv, P-260-1_Basel_1899_2	Basel
Gengenbach-Labhardt	Gust.		Birmannsgasse 15	Basel	2641	1899	44	telefonbuch_046	PTT-Archiv, P-260-1_Basel_1899_2	Basel
Georg	Germann		Schützengraben 53	Basel	2715	1899	44	telefonbuch_046	PTT-Archiv, P-260-1_Basel_1899_2	Basel
Georg & Cie.		Buch- und Kunsthandlung	Freiestrasse 10	Basel	1396	1899	44	telefonbuch_046	PTT-Archiv, P-260-1_Basel_1899_2	Basel
Georg-Wacker	William		Mittlerestrasse 1	Basel	2587	1899	44	telefonbuch_046	PTT-Archiv, P-260-1_Basel_1899_2	Basel
Gerber-Bärwart	Karol.	Wwe	Unterer Rheinweg 102	Basel	1226	1899	44	telefonbuch_046	PTT-Archiv, P-260-1_Basel_1899_2	Basel
Gerber	Armand	Dr.	St. Johannringweg 4	Basel	2735	1899	44	telefonbuch_046	PTT-Archiv, P-260-1_Basel_1899_2	Basel
Gerber-Oesterlin	J.	Spengler	Obere Rebgasse 7	Basel	3728	1899	44	telefonbuch_046	PTT-Archiv, P-260-1_Basel_1899_2	Basel
Gerhart	G.	Wirt, Bottmingermühle		Binningen	4056	1899	44	telefonbuch_046	PTT-Archiv, P-260-1_Basel_1899_2	Basel
Geringer-von Tobel	Charles		Maiengasse 20	Basel	797	1899	44	telefonbuch_046	PTT-Archiv, P-260-1_Basel_1899_2	Basel
Gernsheim	H. F.		Güterstrasse 139	Basel	4090	1899	44	telefonbuch_046	PTT-Archiv, P-260-1_Basel_1899_2	Basel
Gerspach	August	Fuhrhalter	Rheinweilerweg 15	Basel	3365	1899	44	telefonbuch_046	PTT-Archiv, P-260-1_Basel_1899_2	Basel
Gerspach	Carl	Droschkenanstalt	Weidengasse 19	Basel	4101	1899	44	telefonbuch_046	PTT-Archiv, P-260-1_Basel_1899_2	Basel
Gerspach	Jakob	Droschkenhalter	Hardtstrasse 79	Basel	3787	1899	44	telefonbuch_046	PTT-Archiv, P-260-1_Basel_1899_2	Basel
Gerwig-Weber	Carl		Claragraben 1	Basel	3814	1899	44	telefonbuch_046	PTT-Archiv, P-260-1_Basel_1899_2	Basel
Gesellschaft für Acetylen-Gaslicht Basel			Drahtzugstrasse 44	Basel	2456	1899	44	telefonbuch_046	PTT-Archiv, P-260-1_Basel_1899_2	Basel
Gesellschaft für Anilin-Produkte			St. Johannvorstadt 27	Basel	1718	1899	44	telefonbuch_046	PTT-Archiv, P-260-1_Basel_1899_2	Basel
Gesellschaft für Bandfabrikation			St. Johannvorstadt 33	Basel	1697	1899	44	telefonbuch_046	PTT-Archiv, P-260-1_Basel_1899_2	Basel
Gesellschaft z. Blaukreuzhaus			Petersgraben 23	Basel		1899	44	telefonbuch_046	PTT-Archiv, P-260-1_Basel_1899_2	Basel
Gesellschaft für chem. Industrie			Klybeckstrasse 151	Basel	3294	1899	44	telefonbuch_046	PTT-Archiv, P-260-1_Basel_1899_2	Basel
Gesellschaft f. Holzstoffbereitung			Sternengässlein 17	Basel	2128	1899	44	telefonbuch_046	PTT-Archiv, P-260-1_Basel_1899_2	Basel
Gesellschaft zum Löwenfels			Steinenvorstadt 36	Basel	2508	1899	44	telefonbuch_046	PTT-Archiv, P-260-1_Basel_1899_2	Basel
Gesellschaft für Malzfabrikation			Margarethenstrasse 15	Basel	2437	1899	44	telefonbuch_046	PTT-Archiv, P-260-1_Basel_1899_2	Basel
Gesellschaft für Papierindustrie			Leonhardstrasse 29/31	Basel	3001	1899	44	telefonbuch_046	PTT-Archiv, P-260-1_Basel_1899_2	Basel
Gesellschaft zu St. Margarethen			Gundoldingerstrasse 1	Binningen	4053	1899	44	telefonbuch_046	PTT-Archiv, P-260-1_Basel_1899_2	Basel
Gesellschaft zum Wettsteinhof			Claragraben 43	Basel	3803	1899	44	telefonbuch_046	PTT-Archiv, P-260-1_Basel_1899_2	Basel
Gessler	Andreas		Obere Rheingasse 7	Basel	1166	1899	44	telefonbuch_046	PTT-Archiv, P-260-1_Basel_1899_2	Basel
Gessler	Gebrüder	Hôtel schwarzen Bären	Aeschenvorstadt 67	Basel	2045	1899	44	telefonbuch_046	PTT-Archiv, P-260-1_Basel_1899_2	Basel
Gessler	Hans	Malermeister	Steinenvorstadt 56	Basel	2219	1899	45	telefonbuch_047	PTT-Archiv, P-260-1_Basel_1899_2	Basel
Gessler	Hans	Metzgermstr.	Steinenvorstadt 69	Basel	2211	1899	45	telefonbuch_047	PTT-Archiv, P-260-1_Basel_1899_2	Basel
Gessler-Herzog	C. A.			Arlesheim	3900	1899	45	telefonbuch_047	PTT-Archiv, P-260-1_Basel_1899_2	Basel
Gessler-Herzog	C. A.		Leimenstrasse 45	Basel	2978	1899	45	telefonbuch_047	PTT-Archiv, P-260-1_Basel_1899_2	Basel
Gessler	Leonhard		Petersgraben 45	Basel	1496	1899	45	telefonbuch_047	PTT-Archiv, P-260-1_Basel_1899_2	Basel
Gessler-Plattner	E.	Wwe.	Angensteinerstrasse 33	Basel	3546	1899	45	telefonbuch_047	PTT-Archiv, P-260-1_Basel_1899_2	Basel
Gessler	Wilhelm		Gerbergasse 55	Basel	2192	1899	45	telefonbuch_047	PTT-Archiv, P-260-1_Basel_1899_2	Basel
Gétaz-Rychen	Ls.	Fuhrhalter	Spalenringweg 87	Basel	930	1899	45	telefonbuch_047	PTT-Archiv, P-260-1_Basel_1899_2	Basel
Geugelin	Georg		Clarastrasse 44	Basel	3709	1899	45	telefonbuch_047	PTT-Archiv, P-260-1_Basel_1899_2	Basel
Gewerbehalle			Schifflände 6	Basel	1335	1899	45	telefonbuch_047	PTT-Archiv, P-260-1_Basel_1899_2	Basel
Gewerbemuseum			Petersgraben 52	Basel	2611	1899	45	telefonbuch_047	PTT-Archiv, P-260-1_Basel_1899_2	Basel
Geymüller	P.		Spitalstrasse 40	Basel	1664	1899	45	telefonbuch_047	PTT-Archiv, P-260-1_Basel_1899_2	Basel
Giauque	E.	Baumeister	Claragraben 139	Basel	3278	1899	45	telefonbuch_047	PTT-Archiv, P-260-1_Basel_1899_2	Basel
Gilardoni	Ach.		Aeschenvorstadt 5	Basel	1922	1899	45	telefonbuch_047	PTT-Archiv, P-260-1_Basel_1899_2	Basel
Gilg	Ernst	Wirt	Obere Rebgasse 2	Basel	3252	1899	45	telefonbuch_047	PTT-Archiv, P-260-1_Basel_1899_2	Basel
Ginsbourger	Salomon		Schützengraben 11	Basel	2740	1899	45	telefonbuch_047	PTT-Archiv, P-260-1_Basel_1899_2	Basel
Gintzburger	R.	et fils, Holzhandlung (Vertreter: R. Faller)	Bahnhofstrasse 17	Basel	3513	1899	45	telefonbuch_047	PTT-Archiv, P-260-1_Basel_1899_2	Basel
Gintzburger	R.	et fils, Holzhandlg. (Vertreter: R. Faller)	Grenzacherstrasse 179	Basel		1899	45	telefonbuch_047	PTT-Archiv, P-260-1_Basel_1899_2	Basel
Gipswerk Kienberg		W. E. Burckhardt	alter Kohlenplatz S.C.B.	Basel	2427	1899	45	telefonbuch_047	PTT-Archiv, P-260-1_Basel_1899_2	Basel
Gipswerk Ruf & Co.			Leonhardsgraben 20	Basel	2745	1899	45	telefonbuch_047	PTT-Archiv, P-260-1_Basel_1899_2	Basel
Girard frères & Gondrand frères			St. Albananlage 5	Basel	4253	1899	45	telefonbuch_047	PTT-Archiv, P-260-1_Basel_1899_2	Basel
Gisin	Gottl.	Dienstmänneranstalt	Bäumleingasse 13	Basel	1729	1899	45	telefonbuch_047	PTT-Archiv, P-260-1_Basel_1899_2	Basel
Gisler	Gideon	Dr.	Farnsburgerstrasse 37	Basel	1177	1899	45	telefonbuch_047	PTT-Archiv, P-260-1_Basel_1899_2	Basel
Glättli	Jacques	& Co.	Heumattstrasse 3	Basel	2238	1899	45	telefonbuch_047	PTT-Archiv, P-260-1_Basel_1899_2	Basel
Glättli-Iberg	H.		Holbeinstrasse 12	Basel	2909	1899	45	telefonbuch_047	PTT-Archiv, P-260-1_Basel_1899_2	Basel
Glättli	M.	jr.	Claragraben 80	Basel	3474	1899	45	telefonbuch_047	PTT-Archiv, P-260-1_Basel_1899_2	Basel
Glaser	Friedr.	Söhne	Freiestrasse 52	Basel	1154	1899	45	telefonbuch_047	PTT-Archiv, P-260-1_Basel_1899_2	Basel
Glaser	Friedr.	Söhne, Bureau und Wohnung	Freiestrasse 52	Basel	1956	1899	45	telefonbuch_047	PTT-Archiv, P-260-1_Basel_1899_2	Basel
Glaser-Johannes	Wilh.		Grenzacherstrasse 140	Basel	3188	1899	45	telefonbuch_047	PTT-Archiv, P-260-1_Basel_1899_2	Basel
Glaser & Co.			Marktplatz 31	Basel	1607	1899	45	telefonbuch_047	PTT-Archiv, P-260-1_Basel_1899_2	Basel
Glatt	R.	Wirtschaft z. Eintracht		Allschwil	2783	1899	45	telefonbuch_047	PTT-Archiv, P-260-1_Basel_1899_2	Basel
Glatz-Homberger	U.	Fuhrhalter	Müllerweg 30	Basel	883	1899	45	telefonbuch_047	PTT-Archiv, P-260-1_Basel_1899_2	Basel
Glenck	Carl		Fasanenweg 40	Basel	3509	1899	45	telefonbuch_047	PTT-Archiv, P-260-1_Basel_1899_2	Basel
Glenck	Carl		Clarastrasse 39	Basel	1705	1899	45	telefonbuch_047	PTT-Archiv, P-260-1_Basel_1899_2	Basel
Glenck	Heinrich		Hardtstrasse 68	Basel	2385	1899	45	telefonbuch_047	PTT-Archiv, P-260-1_Basel_1899_2	Basel
von Glenck	Hugo		Grellingerstrasse 81	Basel	3954	1899	45	telefonbuch_047	PTT-Archiv, P-260-1_Basel_1899_2	Basel
Gloor	Fritz	& Co., Weinhdlg.	Güterstrasse 210	Basel		1899	45	telefonbuch_047	PTT-Archiv, P-260-1_Basel_1899_2	Basel
Gloor-Metzger	Fritz		Allschwilerstrasse 62	Basel	941	1899	46	telefonbuch_048	PTT-Archiv, P-260-1_Basel_1899_2	Basel
Glor-Haas	Joh.		Weiherweg 62	Basel	954	1899	46	telefonbuch_048	PTT-Archiv, P-260-1_Basel_1899_2	Basel
Gnöpff	Carl		Leonhardsgraben 32	Basel	2750	1899	46	telefonbuch_048	PTT-Archiv, P-260-1_Basel_1899_2	Basel
Göhring	Sev.	Droschkenhalter	Thannerstrasse 66	Basel	92	1899	46	telefonbuch_048	PTT-Archiv, P-260-1_Basel_1899_2	Basel
Goldene Apotheke von Dr. H. & P. Geiger			Rüdengasse 1	Basel	1075	1899	46	telefonbuch_048	PTT-Archiv, P-260-1_Basel_1899_2	Basel
Goldfuss & Trautwein			Spalenringweg 101	Basel	3085	1899	46	telefonbuch_048	PTT-Archiv, P-260-1_Basel_1899_2	Basel
Goldfuss-Wohnlich	Karl		Steinengraben 42	Basel	3174	1899	46	telefonbuch_048	PTT-Archiv, P-260-1_Basel_1899_2	Basel
Goldinger-Dunkel	L.	Konditor	Ryffstrasse 2	Basel	1637	1899	46	telefonbuch_048	PTT-Archiv, P-260-1_Basel_1899_2	Basel
Goldschmidt	Siegfried		Schützengraben 7	Basel	2797	1899	46	telefonbuch_048	PTT-Archiv, P-260-1_Basel_1899_2	Basel
Gönner	Alfred	Dr. med.	St. Albananlage 19	Basel	4161	1899	46	telefonbuch_048	PTT-Archiv, P-260-1_Basel_1899_2	Basel
von Gonten	W.	Direktor der ersten Actienbrennerei Basel	Margarethenstrasse 59	Basel	2384	1899	46	telefonbuch_048	PTT-Archiv, P-260-1_Basel_1899_2	Basel
Goppelsroeder-LaRoche	Friedr.	Prof. Dr.	Leimenstrasse 51	Basel	3265	1899	46	telefonbuch_048	PTT-Archiv, P-260-1_Basel_1899_2	Basel
Gossauer	A.		Holbeinstrasse 95	Basel	4072	1899	46	telefonbuch_048	PTT-Archiv, P-260-1_Basel_1899_2	Basel
Götschel		Gebrüder	Kornhausgasse 8	Basel	2705	1899	46	telefonbuch_048	PTT-Archiv, P-260-1_Basel_1899_2	Basel
Götschel	L. & A.		Gerbergasse 42	Basel	3093	1899	46	telefonbuch_048	PTT-Archiv, P-260-1_Basel_1899_2	Basel
Götschel	S.		Feierabendstrasse 53	Basel	3158	1899	46	telefonbuch_048	PTT-Archiv, P-260-1_Basel_1899_2	Basel
Göttig	Jos.	Dr., Apotheke, Droguerie u. Materialwarenhdlg.	ob. Hauptstr. 587	Binningen	2536	1899	46	telefonbuch_048	PTT-Archiv, P-260-1_Basel_1899_2	Basel
Göttisheim	Emil	Dr., Advokat	Greifengasse 27	Basel	1244	1899	46	telefonbuch_048	PTT-Archiv, P-260-1_Basel_1899_2	Basel
Göttisheim	Emanuel	Schlosser	Hebelstrasse 77	Basel	1492	1899	46	telefonbuch_048	PTT-Archiv, P-260-1_Basel_1899_2	Basel
Götzinger	E. J.	Hôtel Schweizerhof	Centralbahnplatz 1	Basel	2225	1899	46	telefonbuch_048	PTT-Archiv, P-260-1_Basel_1899_2	Basel
Grädel-Minder	G.	Metzgermstr.	Elsässerstrasse 38	Basel	1703	1899	46	telefonbuch_048	PTT-Archiv, P-260-1_Basel_1899_2	Basel
Graf	Arnold	Spenglermeister	Jurastrasse 4	Basel	3768	1899	46	telefonbuch_048	PTT-Archiv, P-260-1_Basel_1899_2	Basel
Graf-Eglin	Bernhard		ob. Hauptstr. 525	Binningen	3127	1899	46	telefonbuch_048	PTT-Archiv, P-260-1_Basel_1899_2	Basel
Gräslin-Keller	J.	Holzhandlung	Bahnhofstrasse 121	Basel	3449	1899	46	telefonbuch_048	PTT-Archiv, P-260-1_Basel_1899_2	Basel
Grauwiler-Ammann	J. J.	Nachf. von Fritz Weitnauer	Kaufhausgasse 2	Basel	1833	1899	46	telefonbuch_048	PTT-Archiv, P-260-1_Basel_1899_2	Basel
Grauwyler	Jakob	Sohn, Metzg.	Freiestrasse 63	Basel	1043	1899	46	telefonbuch_048	PTT-Archiv, P-260-1_Basel_1899_2	Basel
Greppin-Mäglin	E.		Riehenstrasse 65	Basel	3705	1899	46	telefonbuch_048	PTT-Archiv, P-260-1_Basel_1899_2	Basel
Grether-Gautschy	E.	Wwe, Spenglergeschäft	Feldbergstrasse 39	Basel	3376	1899	46	telefonbuch_048	PTT-Archiv, P-260-1_Basel_1899_2	Basel
Grether	K.	Wäscherei und Glätterei	Jurastrasse 18	Basel	3892	1899	46	telefonbuch_048	PTT-Archiv, P-260-1_Basel_1899_2	Basel
Grether-Müller	Reinh.	Schreiner	Amerbachstrasse 51	Basel	3342	1899	46	telefonbuch_048	PTT-Archiv, P-260-1_Basel_1899_2	Basel
Greuter-Engel	F.		Feierabendstrasse 74	Basel	2901	1899	46	telefonbuch_048	PTT-Archiv, P-260-1_Basel_1899_2	Basel
Grieder	Emanuel	Bau- und Kunstschlosserei	Klingelbergstrasse 27	Basel	1499	1899	46	telefonbuch_048	PTT-Archiv, P-260-1_Basel_1899_2	Basel
Grimm	Hans	Nachfolger Emil Bürner	Eisengasse 13	Basel	1345	1899	47	telefonbuch_049	PTT-Archiv, P-260-1_Basel_1899_2	Basel
Grimm-Höffkes	Rob.		Heumattstrasse 9	Basel	2224	1899	47	telefonbuch_049	PTT-Archiv, P-260-1_Basel_1899_2	Basel
Grisard	G.		Freiestrasse 64	Basel	1886	1899	47	telefonbuch_049	PTT-Archiv, P-260-1_Basel_1899_2	Basel
Grisard	G.	Velo-Geschäft	Rosshofgasse 9	Basel	2565	1899	47	telefonbuch_049	PTT-Archiv, P-260-1_Basel_1899_2	Basel
Grob	R.		Bachlettenstrasse 5	Basel	3109	1899	47	telefonbuch_049	PTT-Archiv, P-260-1_Basel_1899_2	Basel
Groener & Co.			Leonhardstrasse 18	Basel	3023	1899	47	telefonbuch_049	PTT-Archiv, P-260-1_Basel_1899_2	Basel
Groos	K.	Prof. Dr.	Allschwilerstrasse 1a	Basel		1899	47	telefonbuch_049	PTT-Archiv, P-260-1_Basel_1899_2	Basel
Groschupf-Herzog	Ls.		Birkenstrasse 13	Basel	26	1899	47	telefonbuch_049	PTT-Archiv, P-260-1_Basel_1899_2	Basel
Grosheintz	Alb.	Dr.; Ohrenarzt	Allschwilerstrasse 7	Basel		1899	47	telefonbuch_049	PTT-Archiv, P-260-1_Basel_1899_2	Basel
Grosheintz	E.	Dr., Zahnarzt	Holbeinstrasse 55	Basel	3077	1899	47	telefonbuch_049	PTT-Archiv, P-260-1_Basel_1899_2	Basel
Grossmann-Diener	Rud.		Leonhardsgraben 12	Basel	2738	1899	47	telefonbuch_049	PTT-Archiv, P-260-1_Basel_1899_2	Basel
Grossmann		Gebrüder	Elisabethenstrasse 15	Basel	2326	1899	47	telefonbuch_049	PTT-Archiv, P-260-1_Basel_1899_2	Basel
Grossmann-Simon	Rudolf		Angensteinerstrasse 15	Basel	3624	1899	47	telefonbuch_049	PTT-Archiv, P-260-1_Basel_1899_2	Basel
Grossmann-Stähelin	Rudolf		Sevogelstrasse 81	Basel	3686	1899	47	telefonbuch_049	PTT-Archiv, P-260-1_Basel_1899_2	Basel
Grossratssaal		(Rathaus)	Marktplatz 9	Basel	1680	1899	47	telefonbuch_049	PTT-Archiv, P-260-1_Basel_1899_2	Basel
Grote	Emil	& Co.	St. Johannvorstadt 23	Basel	1707	1899	47	telefonbuch_049	PTT-Archiv, P-260-1_Basel_1899_2	Basel
Grumbach-Petsch	C.		Zürcherstrasse 7	Basel	4296	1899	47	telefonbuch_049	PTT-Archiv, P-260-1_Basel_1899_2	Basel
Grumbacher	J.		Nadelberg 23	Basel	1541	1899	47	telefonbuch_049	PTT-Archiv, P-260-1_Basel_1899_2	Basel
Grunauer	Adolf	Bureau	Petersplatz 4	Basel	2637	1899	47	telefonbuch_049	PTT-Archiv, P-260-1_Basel_1899_2	Basel
Grunauer	Ad.	neuer Kohlenplatz	Rangirbahnhof Wolf	Basel	3977	1899	47	telefonbuch_049	PTT-Archiv, P-260-1_Basel_1899_2	Basel
Grunauer	Aug.	Hutmacher	Gerbergasse 18	Basel	8	1899	47	telefonbuch_049	PTT-Archiv, P-260-1_Basel_1899_2	Basel
Grunauer	H.	Drechsler	Vogesenstrasse 31	Basel	765	1899	47	telefonbuch_049	PTT-Archiv, P-260-1_Basel_1899_2	Basel
Grunauer-Ritter	J.	Drechsler	Hutgasse 21	Basel	1431	1899	47	telefonbuch_049	PTT-Archiv, P-260-1_Basel_1899_2	Basel
Grundbuchgeometerbureau			Domhof, Münsterplatz 12	Basel	1812	1899	47	telefonbuch_049	PTT-Archiv, P-260-1_Basel_1899_2	Basel
Grundbuchverwaltung und Handelsregister			Domhof, Münsterplatz 12	Basel	1766	1899	47	telefonbuch_049	PTT-Archiv, P-260-1_Basel_1899_2	Basel
Grüneisen-Becker	Ed.		Schärtlingasse 6	Basel	2543	1899	47	telefonbuch_049	PTT-Archiv, P-260-1_Basel_1899_2	Basel
Gruner	H.		Nauenstrasse 9	Basel	2197	1899	47	telefonbuch_049	PTT-Archiv, P-260-1_Basel_1899_2	Basel
Grüninger	Rud.	Fuhrhalter	Hammerstrasse 158	Basel	3406	1899	47	telefonbuch_049	PTT-Archiv, P-260-1_Basel_1899_2	Basel
Grüninger & Vonder Mühll			Freiestrasse 31	Basel	1156	1899	47	telefonbuch_049	PTT-Archiv, P-260-1_Basel_1899_2	Basel
Grüter-Wissler	Alfr.	Darmhdlg.	Metzgergasse 6	Basel	1736	1899	47	telefonbuch_049	PTT-Archiv, P-260-1_Basel_1899_2	Basel
Grütliverein Grossbasel			Nadelberg 15	Basel	1084	1899	47	telefonbuch_049	PTT-Archiv, P-260-1_Basel_1899_2	Basel
Gschwind, Dettwiler & Co.				Oberwil	4043	1899	47	telefonbuch_049	PTT-Archiv, P-260-1_Basel_1899_2	Basel
Gschwind, Dettwiler & Co.				Oberwil	2520	1899	47	telefonbuch_049	PTT-Archiv, P-260-1_Basel_1899_2	Basel
Güdemann	Friedrich		Neuhausstrasse 145	Basel	349	1899	47	telefonbuch_049	PTT-Archiv, P-260-1_Basel_1899_2	Basel
Güdemann-Kessler	Friedr.	Metzgermeister	Friedrichstrasse 24	Basel	2645	1899	47	telefonbuch_049	PTT-Archiv, P-260-1_Basel_1899_2	Basel
Guggenheim	A., H.		Nauenstrasse 37	Basel	2178	1899	47	telefonbuch_049	PTT-Archiv, P-260-1_Basel_1899_2	Basel
Guggenheim & Co.			Elisabethenstrasse 56	Basel	2248	1899	47	telefonbuch_049	PTT-Archiv, P-260-1_Basel_1899_2	Basel
	Carl	Eishdlg.	Greifengasse 35	Basel	3283	1899	48	telefonbuch_050	PTT-Archiv, P-260-1_Basel_1899_2	Basel
Guillaume-Gentil	B.	Rosen-Apotheke	Spalenthorweg 40	Basel	2753	1899	48	telefonbuch_050	PTT-Archiv, P-260-1_Basel_1899_2	Basel
Gundoldinger-Schulhaus			Sempacherstrasse 60	Basel	4022	1899	48	telefonbuch_050	PTT-Archiv, P-260-1_Basel_1899_2	Basel
Günther-Heiz	Rich.	Schuhmachermeister	Imbergässlein 23	Basel	1540	1899	48	telefonbuch_050	PTT-Archiv, P-260-1_Basel_1899_2	Basel
Gunz		Gebrüder	Eisengasse 9	Basel	8891	1899	48	telefonbuch_050	PTT-Archiv, P-260-1_Basel_1899_2	Basel
Günzburger	S.	Söhne & Co.	Claragraben 88/90	Basel	3305	1899	48	telefonbuch_050	PTT-Archiv, P-260-1_Basel_1899_2	Basel
Günzburger & Stein		Damen-Konfektionsgeschäft	Gerbergassse 4	Basel	1511	1899	48	telefonbuch_050	PTT-Archiv, P-260-1_Basel_1899_2	Basel
Gürtler-Bader	Adolf	Ziegler		Allschwil	2783	1899	48	telefonbuch_050	PTT-Archiv, P-260-1_Basel_1899_2	Basel
Gürtler	Henri	Gypsermeister	Rudolfstrasse 10	Basel	2839	1899	48	telefonbuch_050	PTT-Archiv, P-260-1_Basel_1899_2	Basel
Gürtler	J.	vormals Gebrüder Gürtler (Schreinerei)	Thannerstrasse 30	Basel	2838	1899	48	telefonbuch_050	PTT-Archiv, P-260-1_Basel_1899_2	Basel
Gürtler-Jegel	J.	Hôtel roter Ochsen	Ochsengasse 10	Basel	1249	1899	48	telefonbuch_050	PTT-Archiv, P-260-1_Basel_1899_2	Basel
Gürtler-Küng	J.	Baugeschäft	Binningerstr. 229	Allschwil	2783	1899	48	telefonbuch_050	PTT-Archiv, P-260-1_Basel_1899_2	Basel
Gürtler-Zahner		Frau Emma	Angensteinerstrasse 48	Basel	3568	1899	48	telefonbuch_050	PTT-Archiv, P-260-1_Basel_1899_2	Basel
Gusine-Burkhardt	Juan		Clarastrasse 14	Basel	3719	1899	48	telefonbuch_050	PTT-Archiv, P-260-1_Basel_1899_2	Basel
Güterverwaltung bad. Bahn		(Auskunftsbureau)	Badischer Bahnhof	Basel	3512	1899	48	telefonbuch_050	PTT-Archiv, P-260-1_Basel_1899_2	Basel
Gutknecht-Ebner	Alois	Maurermeister	Sierenzerstrasse 20	Basel	822	1899	48	telefonbuch_050	PTT-Archiv, P-260-1_Basel_1899_2	Basel
Gutknecht-Heinrich	Chs.	Bildhauermeister	Leonhardstrasse 21	Basel	3031	1899	48	telefonbuch_050	PTT-Archiv, P-260-1_Basel_1899_2	Basel
Gutzwiller	C.	& Co.	Gerbergasse 24	Basel	2801	1899	48	telefonbuch_050	PTT-Archiv, P-260-1_Basel_1899_2	Basel
Gutzwiller	H.	Dr.	Austrasse 14	Basel	2983	1899	48	telefonbuch_050	PTT-Archiv, P-260-1_Basel_1899_2	Basel
Gysin-Albrecht	Wilhelm		Margarethenstrasse 1	Basel	2276	1899	48	telefonbuch_050	PTT-Archiv, P-260-1_Basel_1899_2	Basel
Gysin, Hartmann & Co.			Rümelinbachweg 55	Basel	2484	1899	48	telefonbuch_050	PTT-Archiv, P-260-1_Basel_1899_2	Basel
Gysin-Hindermann	Konrad			Arlesheim	3900	1899	48	telefonbuch_050	PTT-Archiv, P-260-1_Basel_1899_2	Basel
Gysin-Hindermann	Konrad		Austrasse 12	Basel	3046	1899	48	telefonbuch_050	PTT-Archiv, P-260-1_Basel_1899_2	Basel
Gysin-Maeder	J. J.		Nonnenweg 15	Basel	2558	1899	48	telefonbuch_050	PTT-Archiv, P-260-1_Basel_1899_2	Basel
Gysin-Oberer	Ad.	Spenglermstr.	Mattweg 33	Basel	3491	1899	48	telefonbuch_050	PTT-Archiv, P-260-1_Basel_1899_2	Basel
Gysin	Rudolf		Steinenthorstrasse 14	Basel	2271	1899	48	telefonbuch_050	PTT-Archiv, P-260-1_Basel_1899_2	Basel
Gysin & Co.		Schuhwaren en gros	Elisabethenstrasse 41	Basel	2009	1899	48	telefonbuch_050	PTT-Archiv, P-260-1_Basel_1899_2	Basel
Gysin & Maisenhölder		C. Keckeis Nachfolger	Clarahofweg 5	Basel	3630	1899	48	telefonbuch_050	PTT-Archiv, P-260-1_Basel_1899_2	Basel
Gysin & Merian			Sternengässlein 21	Basel	2698	1899	48	telefonbuch_050	PTT-Archiv, P-260-1_Basel_1899_2	Basel
Gysin	Wilhelm	Sohn	Margarethenstrasse 73	Basel	4023	1899	48	telefonbuch_050	PTT-Archiv, P-260-1_Basel_1899_2	Basel
Haag	Fritz	Schmiedmeister	St. Albanvorstadt 74	Basel	12	1899	49	telefonbuch_051	PTT-Archiv, P-260-1_Basel_1899_2	Basel
Haag-Höhn	L.		Nauenstrasse 39	Basel	2149	1899	49	telefonbuch_051	PTT-Archiv, P-260-1_Basel_1899_2	Basel
Haagen		Dr.	Augustinergasse 8	Basel	1082	1899	49	telefonbuch_051	PTT-Archiv, P-260-1_Basel_1899_2	Basel
Haas	Anton		Totentanz 1	Basel		1899	49	telefonbuch_051	PTT-Archiv, P-260-1_Basel_1899_2	Basel
Haas		Gebrüder	Leimenstrasse 24	Basel	2833	1899	49	telefonbuch_051	PTT-Archiv, P-260-1_Basel_1899_2	Basel
Haas-Moch		Wwe.	Petersgraben 55	Basel	2596	1899	49	telefonbuch_051	PTT-Archiv, P-260-1_Basel_1899_2	Basel
Haasenstein & Vogler (L. Treu)		Bureau	Gerbergasse 38	Basel	3065	1899	49	telefonbuch_051	PTT-Archiv, P-260-1_Basel_1899_2	Basel
Haasenstein & Vogler (L. Treu)		Wohnung	Klingelbergstrasse 15	Basel	1467	1899	49	telefonbuch_051	PTT-Archiv, P-260-1_Basel_1899_2	Basel
Haass	Th.	mech. Holzwarenfabrik		Muttenz	4317	1899	49	telefonbuch_051	PTT-Archiv, P-260-1_Basel_1899_2	Basel
Haass	Th.	(Wohnung)	Grellingerstrasse 9	Basel	3821	1899	49	telefonbuch_051	PTT-Archiv, P-260-1_Basel_1899_2	Basel
Habé-Ott	Jos.	Restaurateur	Centralbahnstrasse 15	Basel	2257	1899	49	telefonbuch_051	PTT-Archiv, P-260-1_Basel_1899_2	Basel
Haberthür-Rogenmoser	A.	Wirt	Spalenberg 21	Basel	2360	1899	49	telefonbuch_051	PTT-Archiv, P-260-1_Basel_1899_2	Basel
Haberthür	Seb.	Gypsermeister	Frobenstrasse 10	Basel	2454	1899	49	telefonbuch_051	PTT-Archiv, P-260-1_Basel_1899_2	Basel
Habisreitinger	Wilh.	Schweinehändler	St. Johannsplatz 27	Basel	1629	1899	49	telefonbuch_051	PTT-Archiv, P-260-1_Basel_1899_2	Basel
Haecker	Louis		Küchegässlein 9	Basel	2478	1899	49	telefonbuch_051	PTT-Archiv, P-260-1_Basel_1899_2	Basel
Haefelfinger-Urech	A.	Frau	Friedensgasse 72	Basel	1446	1899	49	telefonbuch_051	PTT-Archiv, P-260-1_Basel_1899_2	Basel
Haefliger	Kaspar	Metzger		Basel	3415	1899	49	telefonbuch_051	PTT-Archiv, P-260-1_Basel_1899_2	Basel
Haga	Carl	Dr., Advokat	Freiestrasse 58	Basel	2099	1899	49	telefonbuch_051	PTT-Archiv, P-260-1_Basel_1899_2	Basel
Haga	Carl	Dr., Wohnung	Kuhnimatt	Pratteln	2598	1899	49	telefonbuch_051	PTT-Archiv, P-260-1_Basel_1899_2	Basel
Hägeli	J.	Dr., Tierarzt, Gasthof z. Kreuz		Hofstetten	2520	1899	49	telefonbuch_051	PTT-Archiv, P-260-1_Basel_1899_2	Basel
Hagenbach-Bischoff	Ed.	Prof. Dr.	Missionsstrasse 20	Basel	2631	1899	49	telefonbuch_051	PTT-Archiv, P-260-1_Basel_1899_2	Basel
Hagenbach-Burckhardt	E.	Prof. Dr.	Leimenstrasse 12	Basel	2826	1899	49	telefonbuch_051	PTT-Archiv, P-260-1_Basel_1899_2	Basel
Hagenbach	Karl	Dr.	Steinengraben 75	Basel	2560	1899	49	telefonbuch_051	PTT-Archiv, P-260-1_Basel_1899_2	Basel
Hagens-Wölfflin	B. F.		Elisabethenstrasse 38	Basel	2398	1899	49	telefonbuch_051	PTT-Archiv, P-260-1_Basel_1899_2	Basel
Hägler-à Wengen	Adolf	Dr.	Wallstrasse 19	Basel	2263	1899	49	telefonbuch_051	PTT-Archiv, P-260-1_Basel_1899_2	Basel
Hägler-Gutzwiller	Adolf	Dr.	Elisabethenanlage 43	Basel	2240	1899	49	telefonbuch_051	PTT-Archiv, P-260-1_Basel_1899_2	Basel
Hägler-Passavant	Carl	Dr.	Petersgraben 3	Basel	1542	1899	49	telefonbuch_051	PTT-Archiv, P-260-1_Basel_1899_2	Basel
Haldi-Stauffer	A.	zum Bären		Grellingen	3900	1899	49	telefonbuch_051	PTT-Archiv, P-260-1_Basel_1899_2	Basel
Halff	J.	& Co.	Hutgasse 15	Basel	2789	1899	49	telefonbuch_051	PTT-Archiv, P-260-1_Basel_1899_2	Basel
Hallauer	O.	Dr. med.	Austrasse 57	Basel	2916	1899	49	telefonbuch_051	PTT-Archiv, P-260-1_Basel_1899_2	Basel
Haller-Bolliger	J.	Mineralwasserfabrik	Riehenthorstrasse 21	Basel	1138	1899	49	telefonbuch_051	PTT-Archiv, P-260-1_Basel_1899_2	Basel
Haller	Otto		Feierabendstrasse 69	Basel	2881	1899	49	telefonbuch_051	PTT-Archiv, P-260-1_Basel_1899_2	Basel
Haller	V.	& Söhne	Engelgasse 93	Basel	3972	1899	50	telefonbuch_052	PTT-Archiv, P-260-1_Basel_1899_2	Basel
Halter	Niklaus		Angensteinerstrasse 18	Basel	3585	1899	50	telefonbuch_052	PTT-Archiv, P-260-1_Basel_1899_2	Basel
Handelsbank		Basler	Freiestrasse 96	Basel	1962	1899	50	telefonbuch_052	PTT-Archiv, P-260-1_Basel_1899_2	Basel
Handelsbank		Basler, Börsensaal	Gerbergasse 13	Basel	3152	1899	50	telefonbuch_052	PTT-Archiv, P-260-1_Basel_1899_2	Basel
Handelskammer Basel			Gerbergasse 93	Basel	2029	1899	50	telefonbuch_052	PTT-Archiv, P-260-1_Basel_1899_2	Basel
Handelsregister			Domhof, Münsterplatz 12	Basel	1766	1899	50	telefonbuch_052	PTT-Archiv, P-260-1_Basel_1899_2	Basel
Handelsschule		v. A. C. Widemann	Kohlenberg 13	Basel	2488	1899	50	telefonbuch_052	PTT-Archiv, P-260-1_Basel_1899_2	Basel
Handelszeitung		Neue Basler	Steinenthorstrasse 15	Basel	2131	1899	50	telefonbuch_052	PTT-Archiv, P-260-1_Basel_1899_2	Basel
Handschin-Keser	J.	Metallwarenfabrik	Dornacherstrasse 146	Basel	3764	1899	50	telefonbuch_052	PTT-Archiv, P-260-1_Basel_1899_2	Basel
Handschin-Stohler	Hans		Breisacherstrasse 73	Basel	3748	1899	50	telefonbuch_052	PTT-Archiv, P-260-1_Basel_1899_2	Basel
Handwerkerbank Basel			Aeschenvorstadt 2a	Basel	2020	1899	50	telefonbuch_052	PTT-Archiv, P-260-1_Basel_1899_2	Basel
Handwerkerbank Basel		Filiale	Untere Rebgasse 5	Basel	1256	1899	50	telefonbuch_052	PTT-Archiv, P-260-1_Basel_1899_2	Basel
Häring	Joh.	Metzgermeister	Aeschenvorstadt 35	Basel	1959	1899	50	telefonbuch_052	PTT-Archiv, P-260-1_Basel_1899_2	Basel
Häring & Merz		Farbengeschäft	Klybeckstrasse 63	Basel	3388	1899	50	telefonbuch_052	PTT-Archiv, P-260-1_Basel_1899_2	Basel
Härle-Metzler	Wilh.		Rheinschanze 12	Basel	1715	1899	50	telefonbuch_052	PTT-Archiv, P-260-1_Basel_1899_2	Basel
Hartmann	A.	Häute-, Fell- und Lederhandlung	ob. Hauptstrasse 560	Binningen	3135	1899	50	telefonbuch_052	PTT-Archiv, P-260-1_Basel_1899_2	Basel
Hartmann	H.		Müllerweg 18	Basel	876	1899	50	telefonbuch_052	PTT-Archiv, P-260-1_Basel_1899_2	Basel
Hartmann	Hch.	Schreiner	Leonhardsgraben 16	Basel	2898	1899	50	telefonbuch_052	PTT-Archiv, P-260-1_Basel_1899_2	Basel
Hartmann	L.		Mittlerestrasse 115	Basel	880	1899	50	telefonbuch_052	PTT-Archiv, P-260-1_Basel_1899_2	Basel
Hartmann-Rey	Dl.	Wirt	Hägenheimerstrasse 14	Basel	860	1899	50	telefonbuch_052	PTT-Archiv, P-260-1_Basel_1899_2	Basel
Hartmann-Schaffner	Friedr.		Gasstrasse 111	Basel	2791	1899	50	telefonbuch_052	PTT-Archiv, P-260-1_Basel_1899_2	Basel
Hasenböhler	Anton	Metzger, zum Löwen		Therwil	2520	1899	50	telefonbuch_052	PTT-Archiv, P-260-1_Basel_1899_2	Basel
Hässig	Karl	Metzgermeister	Spalenvorstadt 27	Basel	2675	1899	50	telefonbuch_052	PTT-Archiv, P-260-1_Basel_1899_2	Basel
Hässig	W.	Flaschenbierdépôt des Basler Löwenbräu	Grenzacherstrasse 124	Basel	3175	1899	50	telefonbuch_052	PTT-Archiv, P-260-1_Basel_1899_2	Basel
Haubensack	Friedrich		Sattelgasse 9	Basel	1430	1899	50	telefonbuch_052	PTT-Archiv, P-260-1_Basel_1899_2	Basel
Hauenstein	G.		Wallstrasse 3	Basel	2556	1899	50	telefonbuch_052	PTT-Archiv, P-260-1_Basel_1899_2	Basel
Haueter-Zaugg	R.	Camionnage und Spedition	Bartenheimerstrasse 2	Basel	810	1899	50	telefonbuch_052	PTT-Archiv, P-260-1_Basel_1899_2	Basel
Haug-Fuchs	Aug.	Wwe.	Klingenthalgraben 35	Basel	3367	1899	50	telefonbuch_052	PTT-Archiv, P-260-1_Basel_1899_2	Basel
Haug	Hans	Confiseur	Schneidergasse 4	Basel	1457	1899	50	telefonbuch_052	PTT-Archiv, P-260-1_Basel_1899_2	Basel
Haug	J. F.		Sternengässlein 17	Basel	3446	1899	50	telefonbuch_052	PTT-Archiv, P-260-1_Basel_1899_2	Basel
Haug	L.	Wasch- u. Glätterei	Margarethenstrasse 9	Basel	2286	1899	50	telefonbuch_052	PTT-Archiv, P-260-1_Basel_1899_2	Basel
Hauser-Amans	Rud.		Austrasse 40	Basel	2942	1899	50	telefonbuch_052	PTT-Archiv, P-260-1_Basel_1899_2	Basel
Hauser	Conrad		Kanonengasse 13	Basel	1792	1899	50	telefonbuch_052	PTT-Archiv, P-260-1_Basel_1899_2	Basel
Hauser-Huber	Arnold	Wirt		Allschwil	2783	1899	50	telefonbuch_052	PTT-Archiv, P-260-1_Basel_1899_2	Basel
Hauser	Jak.	Gasthaus Warteck	207	Birsfelden	1096	1899	50	telefonbuch_052	PTT-Archiv, P-260-1_Basel_1899_2	Basel
Hauser	R.	& Co.	St. Albanvorstadt 12	Basel	1820	1899	51	telefonbuch_053	PTT-Archiv, P-260-1_Basel_1899_2	Basel
Hauser	Rudolf		Gellertstrasse 16	Basel	4108	1899	51	telefonbuch_053	PTT-Archiv, P-260-1_Basel_1899_2	Basel
Hauser-Schmidlin	Ed.		Pfeffingerstrasse 8	Basel	3899	1899	51	telefonbuch_053	PTT-Archiv, P-260-1_Basel_1899_2	Basel
Hauser-Vogt	Oskar		Missionsstrasse 16	Basel	1299	1899	51	telefonbuch_053	PTT-Archiv, P-260-1_Basel_1899_2	Basel
Hauser-Wohnlich	J.	Wwe	Feierabendstrasse 15	Basel	3099	1899	51	telefonbuch_053	PTT-Archiv, P-260-1_Basel_1899_2	Basel
Hauser-Zimmermann	Hanna	Wwe	Münchensteinerstrasse 146	Basel	4068	1899	51	telefonbuch_053	PTT-Archiv, P-260-1_Basel_1899_2	Basel
Häusler	Otto	Gärtnermeister	Lehenmattstrasse 203	Basel	1020	1899	51	telefonbuch_053	PTT-Archiv, P-260-1_Basel_1899_2	Basel
Haussmann	M.	Wechselsensal	Güterstrasse 87	Basel	2442	1899	51	telefonbuch_053	PTT-Archiv, P-260-1_Basel_1899_2	Basel
Hechinger	Hedwig	Frau, Restaurant	Müllerweg 158	Basel	998	1899	51	telefonbuch_053	PTT-Archiv, P-260-1_Basel_1899_2	Basel
Heck-Gasser	J. A.	Metzger	Klingenthalstrasse 81	Basel	3308	1899	51	telefonbuch_053	PTT-Archiv, P-260-1_Basel_1899_2	Basel
Hediger	A.	Cigarrenhandlung	Steinenvorstadt 73	Basel	2519	1899	51	telefonbuch_053	PTT-Archiv, P-260-1_Basel_1899_2	Basel
Hediger-Knecht	W.		Allschwilerstrasse 76	Basel	2810	1899	51	telefonbuch_053	PTT-Archiv, P-260-1_Basel_1899_2	Basel
Hediger & Co.			Claragraben 54	Basel	3715	1899	51	telefonbuch_053	PTT-Archiv, P-260-1_Basel_1899_2	Basel
Hedinger-Benz	E.		Spalenvorstadt 12	Basel	2623	1899	51	telefonbuch_053	PTT-Archiv, P-260-1_Basel_1899_2	Basel
Hedinger-Benz	E.		Steinengraben 28	Basel	3024	1899	51	telefonbuch_053	PTT-Archiv, P-260-1_Basel_1899_2	Basel
Heer	Emil	Hutmacher	Gerbergasse 41	Basel	2187	1899	51	telefonbuch_053	PTT-Archiv, P-260-1_Basel_1899_2	Basel
Heer	Hans	elektr. Installation	Klybeckstrasse 33	Basel	3216	1899	51	telefonbuch_053	PTT-Archiv, P-260-1_Basel_1899_2	Basel
Heer	Jakob	Malermeister	Müllerweg 148	Basel	202	1899	51	telefonbuch_053	PTT-Archiv, P-260-1_Basel_1899_2	Basel
Hegar	O.	Flügel- u. Pianolager	Bäumleingasse 7	Basel	1741	1899	51	telefonbuch_053	PTT-Archiv, P-260-1_Basel_1899_2	Basel
Hegar	Robert	Musikalienhdlg.	Steinenberg 3	Basel	1072	1899	51	telefonbuch_053	PTT-Archiv, P-260-1_Basel_1899_2	Basel
Heidlauff	Paul	vorm. C. Trampler		Pratteln	2598	1899	51	telefonbuch_053	PTT-Archiv, P-260-1_Basel_1899_2	Basel
Heim-Brefin	Th.	(Preiswerk Söhne Filiale)	Untere Rheingasse 4	Basel	1290	1899	51	telefonbuch_053	PTT-Archiv, P-260-1_Basel_1899_2	Basel
Heim & Leib			Margarethenstrasse 51	Basel	3873	1899	51	telefonbuch_053	PTT-Archiv, P-260-1_Basel_1899_2	Basel
Heimburger	Chs.	Carrossier	Spitalstrasse 26	Basel	1523	1899	51	telefonbuch_053	PTT-Archiv, P-260-1_Basel_1899_2	Basel
Heimerdinger-Bohny	O.		Florastrasse 21	Basel	1224	1899	51	telefonbuch_053	PTT-Archiv, P-260-1_Basel_1899_2	Basel
Heiniger-Tschirren	Fritz		Schauenburgerstrasse 24	Basel	1158	1899	51	telefonbuch_053	PTT-Archiv, P-260-1_Basel_1899_2	Basel
Heinz	Jak.	Schlossermeister	St. Johannringweg 130	Basel	1449	1899	51	telefonbuch_053	PTT-Archiv, P-260-1_Basel_1899_2	Basel
Heitz	Carl	mech. Drechslerei	Untere Rebgasse 8	Basel	1253	1899	51	telefonbuch_053	PTT-Archiv, P-260-1_Basel_1899_2	Basel
Heitz	Geschwister	Nachf. von Gustav Heitz Wwe	Freiestrasse 42	Basel	1893	1899	51	telefonbuch_053	PTT-Archiv, P-260-1_Basel_1899_2	Basel
Heitz	Geschwister	Nachf. von Gustav Heitz Wwe	Horburgstrasse 98	Basel	3375	1899	51	telefonbuch_053	PTT-Archiv, P-260-1_Basel_1899_2	Basel
Heitz-Lambert	Louis	Handelsgärtner	Neuhausweg 40	Basel	3334	1899	51	telefonbuch_053	PTT-Archiv, P-260-1_Basel_1899_2	Basel
Heitz-Lambert	Louis	Magazin	Steinenberg 23	Basel	2403	1899	51	telefonbuch_053	PTT-Archiv, P-260-1_Basel_1899_2	Basel
Helfenberger & Co.			Margarethenstrasse 89	Basel	2025	1899	51	telefonbuch_053	PTT-Archiv, P-260-1_Basel_1899_2	Basel
Helfesrieder	Bernh.	z. Bären		Muttenz	4317	1899	51	telefonbuch_053	PTT-Archiv, P-260-1_Basel_1899_2	Basel
Hellige	F.	& Co.	Petersgraben 24	Basel	1390	1899	51	telefonbuch_053	PTT-Archiv, P-260-1_Basel_1899_2	Basel
Hengelhaupt	O. R.	Hôtel Simon	Spalenvorstadt 5	Basel	2717	1899	52	telefonbuch_054	PTT-Archiv, P-260-1_Basel_1899_2	Basel
Henrici & Kaufmann			Elisabethenstrasse 11	Basel	2060	1899	52	telefonbuch_054	PTT-Archiv, P-260-1_Basel_1899_2	Basel
Henrici & Kaufmann		Börsensaal	Postgebäude	Basel	3154	1899	52	telefonbuch_054	PTT-Archiv, P-260-1_Basel_1899_2	Basel
Henrici-Veillard	C.		Austrasse 25	Basel	3052	1899	52	telefonbuch_054	PTT-Archiv, P-260-1_Basel_1899_2	Basel
Hermann	C.	Apotheker	Centralbahnplatz 6	Basel	2274	1899	52	telefonbuch_054	PTT-Archiv, P-260-1_Basel_1899_2	Basel
Hertach	Jb.	Spenglermeister	Hochstrasse 54	Basel	3969	1899	52	telefonbuch_054	PTT-Archiv, P-260-1_Basel_1899_2	Basel
Hertenstein-Wittich	W.	Metzger	Greifengasse 26	Basel	1164	1899	52	telefonbuch_054	PTT-Archiv, P-260-1_Basel_1899_2	Basel
von Herzer-Dollfuss	E.		Peter Merianstrasse 38	Basel	3865	1899	52	telefonbuch_054	PTT-Archiv, P-260-1_Basel_1899_2	Basel
Herzog-Berri		Wwe	Heumattstrasse 1	Basel	2196	1899	52	telefonbuch_054	PTT-Archiv, P-260-1_Basel_1899_2	Basel
Herzog-Miville	Marie	Frau	Feierabendstrasse 70	Basel	2854	1899	52	telefonbuch_054	PTT-Archiv, P-260-1_Basel_1899_2	Basel
Herzog	Clem.	Wwe, Fuhrhalterei	Dornacherstrasse 161	Basel	3776	1899	52	telefonbuch_054	PTT-Archiv, P-260-1_Basel_1899_2	Basel
Herzog-Zimmerli	Alb.		Lothringerstrasse 19	Basel	4030	1899	52	telefonbuch_054	PTT-Archiv, P-260-1_Basel_1899_2	Basel
Hess-Amiet	Carl Fr.		Friedensgasse 19	Basel	4007	1899	52	telefonbuch_054	PTT-Archiv, P-260-1_Basel_1899_2	Basel
Hess		frères	Marktplatz 16	Basel	1571	1899	52	telefonbuch_054	PTT-Archiv, P-260-1_Basel_1899_2	Basel
Hess	Philipp	Restaurant	Clarastrasse 1	Basel	3181	1899	52	telefonbuch_054	PTT-Archiv, P-260-1_Basel_1899_2	Basel
Heusch-Kiener	Robert		Missionsstrasse 40	Basel	4145	1899	52	telefonbuch_054	PTT-Archiv, P-260-1_Basel_1899_2	Basel
Heusler-Bischoff	R.		Hirzbodenweg 84	Basel	3583	1899	52	telefonbuch_054	PTT-Archiv, P-260-1_Basel_1899_2	Basel
Heusler-Christ	D.		St. Albangraben 8	Basel	1785	1899	52	telefonbuch_054	PTT-Archiv, P-260-1_Basel_1899_2	Basel
Heusler-Christ	D.		Riehen 185	Basel	4316	1899	52	telefonbuch_054	PTT-Archiv, P-260-1_Basel_1899_2	Basel
Heusler-Veillon	R.		Peter Merianstrasse 52	Basel	3869	1899	52	telefonbuch_054	PTT-Archiv, P-260-1_Basel_1899_2	Basel
Heusler-VonderMühll	Wilh.		St. Albanvorstadt 36	Basel	1850	1899	52	telefonbuch_054	PTT-Archiv, P-260-1_Basel_1899_2	Basel
Heymann		Gebr.	Spalenringweg 85	Basel	2664	1899	52	telefonbuch_054	PTT-Archiv, P-260-1_Basel_1899_2	Basel
Heymann	H.	& Co., Commission & Exportation	Holbeinstrasse 63	Basel	2535	1899	52	telefonbuch_054	PTT-Archiv, P-260-1_Basel_1899_2	Basel
Hilberg-Brugger	Joh.	Schuhhdlg.	Claragraben 78	Basel	1182	1899	52	telefonbuch_054	PTT-Archiv, P-260-1_Basel_1899_2	Basel
Hildebrand	Otto	Prof. Dr.	Bernoullistrasse 26	Basel	160	1899	52	telefonbuch_054	PTT-Archiv, P-260-1_Basel_1899_2	Basel
Hiller	J. J.	Bäcker	Kleinhüningerstrasse 197	Basel	3344	1899	52	telefonbuch_054	PTT-Archiv, P-260-1_Basel_1899_2	Basel
Hiltbold	G.		Rudolfstrasse 2	Basel	3773	1899	52	telefonbuch_054	PTT-Archiv, P-260-1_Basel_1899_2	Basel
Himmely	Jacques	junior	Holbeinstrasse 17	Basel	2964	1899	52	telefonbuch_054	PTT-Archiv, P-260-1_Basel_1899_2	Basel
Hinden-Jäggi	Joh.	Wirt	Zürcherstrasse 111	Basel	181	1899	52	telefonbuch_054	PTT-Archiv, P-260-1_Basel_1899_2	Basel
Hindenlang-Völlmy	E.	Küfermeister	Utengasse 12	Basel	32	1899	52	telefonbuch_054	PTT-Archiv, P-260-1_Basel_1899_2	Basel
Hindermann	Eman.	Lithograph	Friedensgasse 52	Basel	2005	1899	52	telefonbuch_054	PTT-Archiv, P-260-1_Basel_1899_2	Basel
Hindermann	Joh.	Eier- und Butterhandlung	Hutgasse 14	Basel	1414	1899	52	telefonbuch_054	PTT-Archiv, P-260-1_Basel_1899_2	Basel
Hindermann	Max.		Solothurnerstrasse 19	Basel	3864	1899	52	telefonbuch_054	PTT-Archiv, P-260-1_Basel_1899_2	Basel
Hipp-Jeck	J.	Schlosserei	Gartenstrasse 61	Birsfelden	1011	1899	53	telefonbuch_055	PTT-Archiv, P-260-1_Basel_1899_2	Basel
Hipp-Jecker	Karl	Baumeister	Grellingerstrasse 57	Basel	3577	1899	53	telefonbuch_055	PTT-Archiv, P-260-1_Basel_1899_2	Basel
Hirzel	A.		Rudolfstrasse 28	Basel	2835	1899	53	telefonbuch_055	PTT-Archiv, P-260-1_Basel_1899_2	Basel
Hirzel	Heinr.	Kalkbrennerei	zum Schänzli 552	Basel	3564	1899	53	telefonbuch_055	PTT-Archiv, P-260-1_Basel_1899_2	Basel
His-Burckhardt	E.	Frau	Petersplatz 13	Basel	1529	1899	53	telefonbuch_055	PTT-Archiv, P-260-1_Basel_1899_2	Basel
His-Burckhardt	E.	Frau		Riehen	4316	1899	53	telefonbuch_055	PTT-Archiv, P-260-1_Basel_1899_2	Basel
His, Imboden & Co.			Kirschgartenstrasse 12	Basel	2388	1899	53	telefonbuch_055	PTT-Archiv, P-260-1_Basel_1899_2	Basel
His	Julie	Wäscherei	Klybeckstrasse 57	Basel	1235	1899	53	telefonbuch_055	PTT-Archiv, P-260-1_Basel_1899_2	Basel
His-Schlumberger	Ed.		Engelgasse 83	Basel	3692	1899	53	telefonbuch_055	PTT-Archiv, P-260-1_Basel_1899_2	Basel
His-Veillon	Albert		Gartenstrasse 5	Basel	1927	1899	53	telefonbuch_055	PTT-Archiv, P-260-1_Basel_1899_2	Basel
Historisches Museum		(Verwaltung)	Steinenberg 6	Basel	2346	1899	53	telefonbuch_055	PTT-Archiv, P-260-1_Basel_1899_2	Basel
Hoch	Ernst	Wwe	Spalenringweg 145	Basel	2891	1899	53	telefonbuch_055	PTT-Archiv, P-260-1_Basel_1899_2	Basel
Höchli	Gottfried	Baumeister	Belchenstrasse 2/4	Basel	2805	1899	53	telefonbuch_055	PTT-Archiv, P-260-1_Basel_1899_2	Basel
Höchstetter	N.		Gempenstrasse 72	Basel	1681	1899	53	telefonbuch_055	PTT-Archiv, P-260-1_Basel_1899_2	Basel
Hochwald		Gemeindestation (s. S. 116)		Basel	3900	1899	53	telefonbuch_055	PTT-Archiv, P-260-1_Basel_1899_2	Basel
Hockenjos	H.	jr.	Birsigstrasse 109	Basel	3248	1899	53	telefonbuch_055	PTT-Archiv, P-260-1_Basel_1899_2	Basel
Hockenjos-Kaufmann	Hch.		Byfangweg 31	Basel	3051	1899	53	telefonbuch_055	PTT-Archiv, P-260-1_Basel_1899_2	Basel
Hofer, A., & Co.			Dornacherstrasse 15	Basel	4015	1899	53	telefonbuch_055	PTT-Archiv, P-260-1_Basel_1899_2	Basel
Hofer & Küntzel			Alemannengasse 11	Basel	3183	1899	53	telefonbuch_055	PTT-Archiv, P-260-1_Basel_1899_2	Basel
Hoeferlin-Heiz	Elis.	Wwe, Metzgerei	Rappoltshof 17	Basel	3445	1899	53	telefonbuch_055	PTT-Archiv, P-260-1_Basel_1899_2	Basel
Höfflin	Christian	Metzger	Rudolfstrasse 27	Basel	2812	1899	53	telefonbuch_055	PTT-Archiv, P-260-1_Basel_1899_2	Basel
Höfflin	Fritz	Metzger		Kleinhüningen	3326	1899	53	telefonbuch_055	PTT-Archiv, P-260-1_Basel_1899_2	Basel
Hoffmann	A.	Dr. med.	St. Albanvorstadt 14	Basel	1834	1899	53	telefonbuch_055	PTT-Archiv, P-260-1_Basel_1899_2	Basel
Hoffmann	Aug.	Blumenladen	Stadthausgasse 16	Basel	1554	1899	53	telefonbuch_055	PTT-Archiv, P-260-1_Basel_1899_2	Basel
Hoffmann	Aug.	Handelsgärtner	Kleinhüningerstrasse	Basel	3293	1899	53	telefonbuch_055	PTT-Archiv, P-260-1_Basel_1899_2	Basel
Hoffmann-Burckhardt	A.	Wwe. (Bureau)	Rittergasse 21	Basel	1053	1899	53	telefonbuch_055	PTT-Archiv, P-260-1_Basel_1899_2	Basel
Hoffmann-Burckhardt	A.	Wwe. (Wohnung)	Rittergasse 21	Basel	1047	1899	53	telefonbuch_055	PTT-Archiv, P-260-1_Basel_1899_2	Basel
Hoffmann-Burckhardt	A.	Wwe.	Grenzacherstrasse 206	Basel	3225	1899	53	telefonbuch_055	PTT-Archiv, P-260-1_Basel_1899_2	Basel
Hoffmann-Fleiner	E.		St. Albanvorstadt 12	Basel	1811	1899	53	telefonbuch_055	PTT-Archiv, P-260-1_Basel_1899_2	Basel
Hoffmann-Kleiber	J.	Schreiner	Spalenvorstadt 34	Basel	2630	1899	53	telefonbuch_055	PTT-Archiv, P-260-1_Basel_1899_2	Basel
Hoffmann-LaRoche	F.		St. Jakobstrasse 42	Basel	4059	1899	53	telefonbuch_055	PTT-Archiv, P-260-1_Basel_1899_2	Basel
Hoffmann-LaRoche, F. & Co.		chem. Fabrik	Grenzacherstrasse 184	Basel	3195	1899	53	telefonbuch_055	PTT-Archiv, P-260-1_Basel_1899_2	Basel
Hoffmann-Merian	F.		St. Albananlage 27	Basel	4283	1899	53	telefonbuch_055	PTT-Archiv, P-260-1_Basel_1899_2	Basel
Hoffmann	Th.	Photograph	Clarastrasse 36	Basel	3718	1899	53	telefonbuch_055	PTT-Archiv, P-260-1_Basel_1899_2	Basel
Hoffmann	Theodor		Holbeinstrasse 40	Basel	2986	1899	53	telefonbuch_055	PTT-Archiv, P-260-1_Basel_1899_2	Basel
Höflinger	August	Photograph	Blumenrain 32	Basel	1333	1899	54	telefonbuch_056	PTT-Archiv, P-260-1_Basel_1899_2	Basel
Höflinger	Rudolf	Agentur	Gerbergasse 36	Basel	3194	1899	54	telefonbuch_056	PTT-Archiv, P-260-1_Basel_1899_2	Basel
Hofmann	Phil.	Bäckermeister	Feldbergstrasse 30	Basel	1219	1899	54	telefonbuch_056	PTT-Archiv, P-260-1_Basel_1899_2	Basel
Hofstetter	August	Schreinermeister	Malzgasse 9	Basel	4142	1899	54	telefonbuch_056	PTT-Archiv, P-260-1_Basel_1899_2	Basel
Höhn-Kramer	Gottl.	Spenglermeister	Drahtzugstrasse 36	Basel	35	1899	54	telefonbuch_056	PTT-Archiv, P-260-1_Basel_1899_2	Basel
Holbeinapotheke	Fr. Stauffer		Leonhardsstrasse 37	Basel	3011	1899	54	telefonbuch_056	PTT-Archiv, P-260-1_Basel_1899_2	Basel
Hollenweger	Heinrich		Klybeckstrasse 20	Basel	3352	1899	54	telefonbuch_056	PTT-Archiv, P-260-1_Basel_1899_2	Basel
Hollstein	Max		Alemannengasse 12	Basel	1172	1899	54	telefonbuch_056	PTT-Archiv, P-260-1_Basel_1899_2	Basel
Holzscheiter	Gustav		Freiestrasse 51	Basel	1784	1899	54	telefonbuch_056	PTT-Archiv, P-260-1_Basel_1899_2	Basel
Holzwarth-Schillinger	J. M.	Baugeschäft	Hegenheimerstrasse 66	Basel	899	1899	54	telefonbuch_056	PTT-Archiv, P-260-1_Basel_1899_2	Basel
Holzwarth & Co.			St. Johannringweg 12	Basel	1504	1899	54	telefonbuch_056	PTT-Archiv, P-260-1_Basel_1899_2	Basel
Hoenes	August	Wwe & Co.	Margarethenstrasse 13	Basel	2460	1899	54	telefonbuch_056	PTT-Archiv, P-260-1_Basel_1899_2	Basel
Hoenes-Jörin	B.	Wwe.	Dornacherstrasse 12	Basel	777	1899	54	telefonbuch_056	PTT-Archiv, P-260-1_Basel_1899_2	Basel
Hopf	J.	(Bureau)	Gartenstrasse 74	Basel	3933	1899	54	telefonbuch_056	PTT-Archiv, P-260-1_Basel_1899_2	Basel
Hopf-Schnewlin	J.	(Wohnung)	Dornacherstrasse 9	Basel	2429	1899	54	telefonbuch_056	PTT-Archiv, P-260-1_Basel_1899_2	Basel
Hörler	Hans	Konditor	Barfüsserplatz 18	Basel	2554	1899	54	telefonbuch_056	PTT-Archiv, P-260-1_Basel_1899_2	Basel
Hörler-Kehrer	Th.	Konditor	Eisengasse 32	Basel	1590	1899	54	telefonbuch_056	PTT-Archiv, P-260-1_Basel_1899_2	Basel
Hörler-Schöpflin		Wwe, Kond.	Greifengasse 13	Basel	1230	1899	54	telefonbuch_056	PTT-Archiv, P-260-1_Basel_1899_2	Basel
Hosch	Eduard	Confiseur	Spalenvorstadt 33	Basel	2608	1899	54	telefonbuch_056	PTT-Archiv, P-260-1_Basel_1899_2	Basel
Hosch	F.	Buchbindermeister	Luftgässlein 1	Basel	1748	1899	54	telefonbuch_056	PTT-Archiv, P-260-1_Basel_1899_2	Basel
Hosch-Gessler	C.		Angensteinerstrasse 5	Basel	3687	1899	54	telefonbuch_056	PTT-Archiv, P-260-1_Basel_1899_2	Basel
Hosch	Fr.	Prof. Dr., Augenarzt	Holbeinstrasse 44	Basel	3059	1899	54	telefonbuch_056	PTT-Archiv, P-260-1_Basel_1899_2	Basel
Hosch-Simonius	Alfred		Maiengasse 18	Basel	2776	1899	54	telefonbuch_056	PTT-Archiv, P-260-1_Basel_1899_2	Basel
Hôtel Basler Hof		(G. Dieterle)	Clarastrasse 38	Basel	3702	1899	54	telefonbuch_056	PTT-Archiv, P-260-1_Basel_1899_2	Basel
Hôtel Bernerhof		(Alf. Geilenkirchen)	Elisabethenstrasse 62	Basel	2247	1899	54	telefonbuch_056	PTT-Archiv, P-260-1_Basel_1899_2	Basel
Hôtel Blume		(J. Leisinger)	Schwanengasse 4	Basel	1695	1899	54	telefonbuch_056	PTT-Archiv, P-260-1_Basel_1899_2	Basel
Hôtel Braunschweig		(F. Kahn)	Schützenmattstrasse 2	Basel	2691	1899	54	telefonbuch_056	PTT-Archiv, P-260-1_Basel_1899_2	Basel
Hôtel Central zum Wildenmann		(G. Wehrle)	Freiestrasse 35	Basel	1073	1899	54	telefonbuch_056	PTT-Archiv, P-260-1_Basel_1899_2	Basel
Hôtel de la gare		(Schmid-Kopp)	Gartenstrasse 117	Basel	3948	1899	54	telefonbuch_056	PTT-Archiv, P-260-1_Basel_1899_2	Basel
Hôtel des balances		(G. Strohl-Schweizer)	Gerbergasse 76	Basel	2181	1899	54	telefonbuch_056	PTT-Archiv, P-260-1_Basel_1899_2	Basel
Hôtel drei Könige		(C. Flück)	Blumenrain 8	Basel	1328	1899	54	telefonbuch_056	PTT-Archiv, P-260-1_Basel_1899_2	Basel
Hôtel Euler		(A. Schrämli-Bucher)	Centralbahnplatz 14	Basel	2241	1899	54	telefonbuch_056	PTT-Archiv, P-260-1_Basel_1899_2	Basel
Hôtel Europäischer Hof		(Schaetti & Steiger)	Steinenvorstadt 75	Basel	2420	1899	54	telefonbuch_056	PTT-Archiv, P-260-1_Basel_1899_2	Basel
Hôtel Gehrig		A. Gehrig-Bürgin	Küchegässlein 15	Basel	2272	1899	55	telefonbuch_057	PTT-Archiv, P-260-1_Basel_1899_2	Basel
Hôtel goldener Hirsch		J. Meier-Trinkler	Bahnhofstrasse 37	Basel	3460	1899	55	telefonbuch_057	PTT-Archiv, P-260-1_Basel_1899_2	Basel
Hôtel goldener Stern		Ferd. Kissel	Aeschenvorstadt 44	Basel	2293	1899	55	telefonbuch_057	PTT-Archiv, P-260-1_Basel_1899_2	Basel
Hôtel goldenes Lamm		G. Eichin	Obere Rebgasse 16	Basel	1195	1899	55	telefonbuch_057	PTT-Archiv, P-260-1_Basel_1899_2	Basel
Hôtel Hirschen		Ad. Fidel	ob. Hauptstr. 578	Binningen	4039	1899	55	telefonbuch_057	PTT-Archiv, P-260-1_Basel_1899_2	Basel
Hôtel Hofer		G. Stoffel	Centralbahnstrasse 11	Basel	2278	1899	55	telefonbuch_057	PTT-Archiv, P-260-1_Basel_1899_2	Basel
Hôtel Jura		Schirrer & Co.	Centralbahnplatz 11	Basel	2246	1899	55	telefonbuch_057	PTT-Archiv, P-260-1_Basel_1899_2	Basel
Hôtel Krafft		Joh. Steger-Koch	Obere Rheingasse 12	Basel	1186	1899	55	telefonbuch_057	PTT-Archiv, P-260-1_Basel_1899_2	Basel
Hôtel Krone				Oberwil	2520	1899	55	telefonbuch_057	PTT-Archiv, P-260-1_Basel_1899_2	Basel
Hôtel Métropole		Wwe M. Lorenz	Barfüsserplatz 3/4	Basel	2353	1899	55	telefonbuch_057	PTT-Archiv, P-260-1_Basel_1899_2	Basel
Hôtel National		J. Weidmann	Centralbahnplatz 3	Basel	2231	1899	55	telefonbuch_057	PTT-Archiv, P-260-1_Basel_1899_2	Basel
Hôtel roten Ochsen		Joh. Gürtler-Jegel	Ochsengasse 10	Basel	1249	1899	55	telefonbuch_057	PTT-Archiv, P-260-1_Basel_1899_2	Basel
Hôtel Rütli		Disler-Pfirter	Theaterstrasse 24	Basel	2549	1899	55	telefonbuch_057	PTT-Archiv, P-260-1_Basel_1899_2	Basel
Hôtel St. Gotthard-Terminus		W. Schirach	Centralbahnstrasse 13	Basel	3928	1899	55	telefonbuch_057	PTT-Archiv, P-260-1_Basel_1899_2	Basel
Hôtel Schrieder zum deutschen Hof		M. Erne	Bahnhofstrasse 19	Basel	3466	1899	55	telefonbuch_057	PTT-Archiv, P-260-1_Basel_1899_2	Basel
Hôtel schwarzen Bären		Gebr. Gessler	Aeschenvorstadt 67	Basel	2045	1899	55	telefonbuch_057	PTT-Archiv, P-260-1_Basel_1899_2	Basel
Hôtel Schweizerhof		E. J. Götzinger	Centralbahnplatz 1	Basel	2225	1899	55	telefonbuch_057	PTT-Archiv, P-260-1_Basel_1899_2	Basel
Hôtel Simon		O. R. Hengelhaupt	Spalenvorstadt 5	Basel	2717	1899	55	telefonbuch_057	PTT-Archiv, P-260-1_Basel_1899_2	Basel
Hôtel Sonne		E. Baumann	Obere Rheingasse 25	Basel	1221	1899	55	telefonbuch_057	PTT-Archiv, P-260-1_Basel_1899_2	Basel
Hôtel Storchen		Aktiengesellschaft	Stadthausgasse 25	Basel	1563	1899	55	telefonbuch_057	PTT-Archiv, P-260-1_Basel_1899_2	Basel
Hôtel Strassburg		L. Kili-Stahel	Centralbahnstrasse 17	Basel	3867	1899	55	telefonbuch_057	PTT-Archiv, P-260-1_Basel_1899_2	Basel
Hôtel Victoria		Paul Otto	Centralbahnplatz 4	Basel	2258	1899	55	telefonbuch_057	PTT-Archiv, P-260-1_Basel_1899_2	Basel
Hôtel weisses Kreuz		Th. Jonas	Obere Rheingasse 8	Basel	1231	1899	55	telefonbuch_057	PTT-Archiv, P-260-1_Basel_1899_2	Basel
Hôtelier-Verein, schweiz., Centralbureau		O. Amsler-Aubert	Sternengässlein 21	Basel	2406	1899	55	telefonbuch_057	PTT-Archiv, P-260-1_Basel_1899_2	Basel
Hottinger-Bélat	Ad.		Hirzbodenweg 85	Basel	3580	1899	55	telefonbuch_057	PTT-Archiv, P-260-1_Basel_1899_2	Basel
Hotz	Rud.	Dr.	Schanzenstrasse 27	Basel	792	1899	55	telefonbuch_057	PTT-Archiv, P-260-1_Basel_1899_2	Basel
Hrubes-Brandenberger	A.		Mittlerestrasse 153	Basel	190	1899	55	telefonbuch_057	PTT-Archiv, P-260-1_Basel_1899_2	Basel
Hubacher-Tschanz	Friedr.		Güterstrasse 186	Basel	3989	1899	55	telefonbuch_057	PTT-Archiv, P-260-1_Basel_1899_2	Basel
Huber-Kuhn	A.		Elsässerstrasse 11	Basel	3468	1899	55	telefonbuch_057	PTT-Archiv, P-260-1_Basel_1899_2	Basel
Huber-Petzold	Hans		Angensteinerstrasse 30	Basel	3556	1899	55	telefonbuch_057	PTT-Archiv, P-260-1_Basel_1899_2	Basel
Hübsch	C.	Bureau	Kohlenberg 11	Basel	1516	1899	55	telefonbuch_057	PTT-Archiv, P-260-1_Basel_1899_2	Basel
Hübsch	C.		Klingelbergstrasse 51	Basel	1547	1899	56	telefonbuch_058	PTT-Archiv, P-260-1_Basel_1899_2	Basel
Hübscher	Carl	Dr.	St. Johannvorstadt 88	Basel	1716	1899	56	telefonbuch_058	PTT-Archiv, P-260-1_Basel_1899_2	Basel
Hübscher	E.	Arzt		Muttenz	4317	1899	56	telefonbuch_058	PTT-Archiv, P-260-1_Basel_1899_2	Basel
Hubschmid-Göttisheim	C.		Mostackerstrasse 17	Basel	2720	1899	56	telefonbuch_058	PTT-Archiv, P-260-1_Basel_1899_2	Basel
Hubschmid & Schmidt			Freiestrasse 86	Basel	1179	1899	56	telefonbuch_058	PTT-Archiv, P-260-1_Basel_1899_2	Basel
Hug		Gebr., & Co., Musikalienhandlung	Kaufhausgasse 1	Basel	1924	1899	56	telefonbuch_058	PTT-Archiv, P-260-1_Basel_1899_2	Basel
Hug		Gebr., & Co., Musikalienhandlung, Filiale	Greifengasse 23	Basel	3224	1899	56	telefonbuch_058	PTT-Archiv, P-260-1_Basel_1899_2	Basel
Hug-Keller	Emil	z. Greifen	Greifengasse 31	Basel	1162	1899	56	telefonbuch_058	PTT-Archiv, P-260-1_Basel_1899_2	Basel
Hugelshofer	Albert	Dr.	Hammerstrasse 18	Basel	3809	1899	56	telefonbuch_058	PTT-Archiv, P-260-1_Basel_1899_2	Basel
Hügin-Degen	Anton	z. Schwanen		Oberwil	2520	1899	56	telefonbuch_058	PTT-Archiv, P-260-1_Basel_1899_2	Basel
Hüglin	Gustav	Gut Hohenrain		Pratteln	2598	1899	56	telefonbuch_058	PTT-Archiv, P-260-1_Basel_1899_2	Basel
Hugo		Gebrüder, Nachfolger Diehl Gageur & Co.	St. Albanthal 35	Basel	4297	1899	56	telefonbuch_058	PTT-Archiv, P-260-1_Basel_1899_2	Basel
Huguenin	E.		Schützenmattstrasse 49	Basel	2870	1899	56	telefonbuch_058	PTT-Archiv, P-260-1_Basel_1899_2	Basel
Hülfsspital			Burgfelderstrasse 101	Basel	895	1899	56	telefonbuch_058	PTT-Archiv, P-260-1_Basel_1899_2	Basel
Humitzsch	Fr. Karl		Holbeinstrasse 14	Basel	2956	1899	56	telefonbuch_058	PTT-Archiv, P-260-1_Basel_1899_2	Basel
Humm	Otto	Fuhrhalter	Markgräflerstrasse 45	Basel	360	1899	56	telefonbuch_058	PTT-Archiv, P-260-1_Basel_1899_2	Basel
Hungerbühler	Jb.		Grenzacherstrasse 6	Basel	38	1899	56	telefonbuch_058	PTT-Archiv, P-260-1_Basel_1899_2	Basel
Hunziker	Anna	Frau, Robes	Freiestrasse 38	Basel	1806	1899	56	telefonbuch_058	PTT-Archiv, P-260-1_Basel_1899_2	Basel
Hunziker-Müller	J.		Riehenthorstrasse 9	Basel	1136	1899	56	telefonbuch_058	PTT-Archiv, P-260-1_Basel_1899_2	Basel
Hürlimann	J. J.		Münchensteinerstrasse 120	Basel	4073	1899	56	telefonbuch_058	PTT-Archiv, P-260-1_Basel_1899_2	Basel
Hypothekenbank			Elisabethenstrasse 30	Basel	2209	1899	56	telefonbuch_058	PTT-Archiv, P-260-1_Basel_1899_2	Basel
Hypothekenbank		basellandschaftliche	Elisabethenstrasse 42	Basel	2208	1899	56	telefonbuch_058	PTT-Archiv, P-260-1_Basel_1899_2	Basel
Icely	Helena	Damenschneiderei	Oberer Rheinweg 93	Basel	1117	1899	56	telefonbuch_058	PTT-Archiv, P-260-1_Basel_1899_2	Basel
Im Hof-Raemy		Frau Wwe	Birmannsgasse 8	Basel	2655	1899	56	telefonbuch_058	PTT-Archiv, P-260-1_Basel_1899_2	Basel
Im Hof & Schäfer			Gerbergasse 39	Basel	2184	1899	56	telefonbuch_058	PTT-Archiv, P-260-1_Basel_1899_2	Basel
Imhoff-Ernst	Fritz		Birmannsgasse 10	Basel	2648	1899	56	telefonbuch_058	PTT-Archiv, P-260-1_Basel_1899_2	Basel
Imhoff	Fritz	vormals Chr. v. Chr. Burckhardt	Freiestrasse 4	Basel	1568	1899	56	telefonbuch_058	PTT-Archiv, P-260-1_Basel_1899_2	Basel
Imhoff-Hübscher	L.		Eulerstrasse 60	Basel	2728	1899	56	telefonbuch_058	PTT-Archiv, P-260-1_Basel_1899_2	Basel
Imhoff-Im Hof	E.		Weiherweg 12	Basel	2828	1899	56	telefonbuch_058	PTT-Archiv, P-260-1_Basel_1899_2	Basel
Imhoff-Settelen	E.		Bruderholzstrasse 12	Basel	2506	1899	56	telefonbuch_058	PTT-Archiv, P-260-1_Basel_1899_2	Basel
Imhoff zum roten Thurm			Freiestrasse 2	Basel	1574	1899	56	telefonbuch_058	PTT-Archiv, P-260-1_Basel_1899_2	Basel
Immermann		Prof. Dr.	Schützenmattstrasse 46	Basel	2764	1899	56	telefonbuch_058	PTT-Archiv, P-260-1_Basel_1899_2	Basel
Im Obersteg	C.	Versicherungsbureau	Aeschengraben 32	Basel	2158	1899	57	telefonbuch_059	PTT-Archiv, P-260-1_Basel_1899_2	Basel
Im Obersteg-Friedlin	C.	(Privatwohnung)	Centralbahnplatz 9	Basel	2252	1899	57	telefonbuch_059	PTT-Archiv, P-260-1_Basel_1899_2	Basel
Im Obersteg	J.		Solothurnerstrasse 39	Basel	4075	1899	57	telefonbuch_059	PTT-Archiv, P-260-1_Basel_1899_2	Basel
Im Obersteg & Co.		Spedition und Commission	Aeschengraben 32	Basel	2158	1899	57	telefonbuch_059	PTT-Archiv, P-260-1_Basel_1899_2	Basel
In Albon-Lorentz	Jules	Wein-essig- und Senffabrik	Drahtzugstrasse 69	Basel	3514	1899	57	telefonbuch_059	PTT-Archiv, P-260-1_Basel_1899_2	Basel
Industriegesellschaft f. Schappe		(Bureau)	Isteinerstrasse 50	Basel	3600	1899	57	telefonbuch_059	PTT-Archiv, P-260-1_Basel_1899_2	Basel
Industriegesellschaft f. Schappe		Fabrik	Isteinerstrasse 32	Basel	3601	1899	57	telefonbuch_059	PTT-Archiv, P-260-1_Basel_1899_2	Basel
Industriegesellschaft f. Schappe		mit folgenden Zweigstationen a. Bureau und Direktorwohnung Grellingen b) Bureau Arlesheim		Arlesheim	3900	1899	57	telefonbuch_059	PTT-Archiv, P-260-1_Basel_1899_2	Basel
Irrenanstalt			Milchsuppen	Basel	1477	1899	57	telefonbuch_059	PTT-Archiv, P-260-1_Basel_1899_2	Basel
Iselin	Isaak	Dr.	Engelgasse 43	Basel	3699	1899	57	telefonbuch_059	PTT-Archiv, P-260-1_Basel_1899_2	Basel
Iselin-His	E.	Frau	Mittlerestrasse 19	Basel	1417	1899	57	telefonbuch_059	PTT-Archiv, P-260-1_Basel_1899_2	Basel
Iselin-Merian	Alfr.		Steinengraben 69	Basel	3117	1899	57	telefonbuch_059	PTT-Archiv, P-260-1_Basel_1899_2	Basel
Iselin-Passavant		Seidenhof	Blumenrain 34	Basel	1332	1899	57	telefonbuch_059	PTT-Archiv, P-260-1_Basel_1899_2	Basel
Iselin & Co.			Rittergasse 22	Basel	1066	1899	57	telefonbuch_059	PTT-Archiv, P-260-1_Basel_1899_2	Basel
Isler-Brugger	H.	Metzgerm.	Müllerweg 86	Basel	1131	1899	57	telefonbuch_059	PTT-Archiv, P-260-1_Basel_1899_2	Basel
Istler-Schweinlin	Wilh.		Grenzacherhorn 121	Basel	3477	1899	57	telefonbuch_059	PTT-Archiv, P-260-1_Basel_1899_2	Basel
Iten	E.	& Co., Bureau & Magazin	St. Albangraben 1	Basel	1939	1899	57	telefonbuch_059	PTT-Archiv, P-260-1_Basel_1899_2	Basel
Iten	J.	Velodépôt	Elsässerstrasse 55	Basel	1630	1899	57	telefonbuch_059	PTT-Archiv, P-260-1_Basel_1899_2	Basel
Itin-Wernli	Emil	Metzger	Solothurnerstrasse 17	Basel	3883	1899	57	telefonbuch_059	PTT-Archiv, P-260-1_Basel_1899_2	Basel
Itschner	Henri		Nonnenweg 8	Basel	2707	1899	57	telefonbuch_059	PTT-Archiv, P-260-1_Basel_1899_2	Basel
Jaecklé	A.	zu Safran	Gerbergasse 11	Basel	1596	1899	57	telefonbuch_059	PTT-Archiv, P-260-1_Basel_1899_2	Basel
Jäcklin		Gebrüder, Maschinenbau-Werkstätte	Vogesenstrasse 81	Basel	1502	1899	57	telefonbuch_059	PTT-Archiv, P-260-1_Basel_1899_2	Basel
Jacob-Angele	Aug.	Coiffeur	St. Johannringweg 145	Basel		1899	57	telefonbuch_059	PTT-Archiv, P-260-1_Basel_1899_2	Basel
Jacobsohn	M.		Aeschenvorstadt 52	Basel	2064	1899	57	telefonbuch_059	PTT-Archiv, P-260-1_Basel_1899_2	Basel
Jäger-Liebrich	Ludw.	Buchbinder	Weissegasse 3	Basel	2004	1899	57	telefonbuch_059	PTT-Archiv, P-260-1_Basel_1899_2	Basel
Jakob-Kemmler	Wilh.	Bäcker	St. Johannvorstadt 63	Basel	1699	1899	57	telefonbuch_059	PTT-Archiv, P-260-1_Basel_1899_2	Basel
Jaquet-Gonin	Henri		Austrasse 102	Basel	3186	1899	58	telefonbuch_060	PTT-Archiv, P-260-1_Basel_1899_2	Basel
Jaquet	Alfred	Prof. Dr.	Petersgraben 20	Basel	175	1899	58	telefonbuch_060	PTT-Archiv, P-260-1_Basel_1899_2	Basel
Jauslin	Charles Aug.	Confiseur	Austrasse 29	Basel	3022	1899	58	telefonbuch_060	PTT-Archiv, P-260-1_Basel_1899_2	Basel
Jauslin	Jacques		Güterstrasse 109	Basel	2466	1899	58	telefonbuch_060	PTT-Archiv, P-260-1_Basel_1899_2	Basel
Jehle	August	Photograph	Feldbergstrasse 72	Basel	3360	1899	58	telefonbuch_060	PTT-Archiv, P-260-1_Basel_1899_2	Basel
Jehle-Müller	H.	Wirt	Elsässerstrasse 16	Basel	1724	1899	58	telefonbuch_060	PTT-Archiv, P-260-1_Basel_1899_2	Basel
Jeltsch-Heizmann	A.		Gerbergasse 93	Basel	2130	1899	58	telefonbuch_060	PTT-Archiv, P-260-1_Basel_1899_2	Basel
Jeltsch-Heizmann	Aug.		Schweizergasse 25	Basel	2959	1899	58	telefonbuch_060	PTT-Archiv, P-260-1_Basel_1899_2	Basel
Jenke	Louis	Buchhandlung	Eisengasse 19	Basel	1684	1899	58	telefonbuch_060	PTT-Archiv, P-260-1_Basel_1899_2	Basel
Jenni-Eggler	Fr.	Fleischwarenhdlg.	Spalenberg 24	Basel	2763	1899	58	telefonbuch_060	PTT-Archiv, P-260-1_Basel_1899_2	Basel
Jenny-Hindermann			Steinengraben 23	Basel	2895	1899	58	telefonbuch_060	PTT-Archiv, P-260-1_Basel_1899_2	Basel
Jenny-Küpfer	Gottfr.		Oetlingerstrasse 64	Basel	3266	1899	58	telefonbuch_060	PTT-Archiv, P-260-1_Basel_1899_2	Basel
Jenny-Lapp	J.	Wirtschaft	Barfüssergasse 14	Basel	2003	1899	58	telefonbuch_060	PTT-Archiv, P-260-1_Basel_1899_2	Basel
Jenny & Kiebiger			Sandgrubenweg 12	Basel	3492	1899	58	telefonbuch_060	PTT-Archiv, P-260-1_Basel_1899_2	Basel
Jezler-Lorenz	Heinrich		Gerbergasse 2	Basel	1438	1899	58	telefonbuch_060	PTT-Archiv, P-260-1_Basel_1899_2	Basel
Jeuch	Eugen		Hardtstrasse 14	Basel	3589	1899	58	telefonbuch_060	PTT-Archiv, P-260-1_Basel_1899_2	Basel
Jonas	Th.	Hôtel weisses Kreuz	Obere Rheingasse 8	Basel	1231	1899	58	telefonbuch_060	PTT-Archiv, P-260-1_Basel_1899_2	Basel
Joos		Gebrüder, Eisenhandlung	Spalenvorstadt 24	Basel	2620	1899	58	telefonbuch_060	PTT-Archiv, P-260-1_Basel_1899_2	Basel
Joos	L.	Giesserei Andr. Ludwig	Austrasse 68	Basel	2873	1899	58	telefonbuch_060	PTT-Archiv, P-260-1_Basel_1899_2	Basel
Jörin-Graf	Friedr.	Fuhrhalter	Elsässerstrasse 84	Basel	1636	1899	58	telefonbuch_060	PTT-Archiv, P-260-1_Basel_1899_2	Basel
Jörin-Suter	J.		Byfangweg 2	Basel	3097	1899	58	telefonbuch_060	PTT-Archiv, P-260-1_Basel_1899_2	Basel
Jost	Fritz	zur Burgvogtei	Rebgasse 12/14	Basel	3212	1899	58	telefonbuch_060	PTT-Archiv, P-260-1_Basel_1899_2	Basel
Jost-Fritz	A.	Gallerten- und Pastetengeschäft	Hutgasse 11	Basel	1325	1899	58	telefonbuch_060	PTT-Archiv, P-260-1_Basel_1899_2	Basel
Jost-Meister	Alfr.	Metzgermstr.	Bläsiringweg 142	Basel	3403	1899	58	telefonbuch_060	PTT-Archiv, P-260-1_Basel_1899_2	Basel
Jourdan	Sam.	Maurermeister		Muttenz	4317	1899	58	telefonbuch_060	PTT-Archiv, P-260-1_Basel_1899_2	Basel
Jucker-Madörin	Fr.	Tapissier	Streitgasse 3	Basel	1932	1899	58	telefonbuch_060	PTT-Archiv, P-260-1_Basel_1899_2	Basel
Jucker-Reutter	H.		Sperrstrasse 61	Basel	3443	1899	58	telefonbuch_060	PTT-Archiv, P-260-1_Basel_1899_2	Basel
Jucker-Schaefer	B.		Missionsstrasse 62	Basel	2613	1899	58	telefonbuch_060	PTT-Archiv, P-260-1_Basel_1899_2	Basel
Juillerat	Paul			Muttenz	4317	1899	58	telefonbuch_060	PTT-Archiv, P-260-1_Basel_1899_2	Basel
Juillerat-Vion	P.		Freiestrasse 119	Basel	1894	1899	58	telefonbuch_060	PTT-Archiv, P-260-1_Basel_1899_2	Basel
Jundt	E.	Amtmann	Clarastrasse 10	Basel	3639	1899	58	telefonbuch_060	PTT-Archiv, P-260-1_Basel_1899_2	Basel
Jundt-Ferralli	Alfred		Utengasse 3	Basel	3222	1899	58	telefonbuch_060	PTT-Archiv, P-260-1_Basel_1899_2	Basel
Jundt-Hügin	Jak.	mech. Ziegelei		Binningen	3139	1899	58	telefonbuch_060	PTT-Archiv, P-260-1_Basel_1899_2	Basel
Jung & Co.	Marcel		Feldbergstrasse 87	Basel	3377	1899	58	telefonbuch_060	PTT-Archiv, P-260-1_Basel_1899_2	Basel
Jungck	Henri		Güterstrasse 82	Basel	2435	1899	58	telefonbuch_060	PTT-Archiv, P-260-1_Basel_1899_2	Basel
Junker	Carl	Bäckermeister	Elsässerstrasse 14	Basel	1734	1899	58	telefonbuch_060	PTT-Archiv, P-260-1_Basel_1899_2	Basel
Jussel	M.	Holz- u. Kohlenhdlg.	Holbeinstrasse 36	Basel	2342	1899	58	telefonbuch_060	PTT-Archiv, P-260-1_Basel_1899_2	Basel
Justizdepartement			Mentelinhof, Münsterpl. 14	Basel	1063	1899	58	telefonbuch_060	PTT-Archiv, P-260-1_Basel_1899_2	Basel
Käch-Scherrer	Fr.	Dr.	Dornacherstrasse 124	Basel	3897	1899	59	telefonbuch_061	PTT-Archiv, P-260-1_Basel_1899_2	Basel
Kachler	Gotthilf	Metzgerm.	Amerbachstrasse 22	Basel	3288	1899	59	telefonbuch_061	PTT-Archiv, P-260-1_Basel_1899_2	Basel
Kaelin	A.	schweizerisches Oel-Importhaus	Freiburgerstrasse 13	Basel	4035	1899	59	telefonbuch_061	PTT-Archiv, P-260-1_Basel_1899_2	Basel
Kaelin	E.	Mineralwasserfabrik	Müllerweg 124	Basel	964	1899	59	telefonbuch_061	PTT-Archiv, P-260-1_Basel_1899_2	Basel
Kaelin		Wwe., & Sohn, Fisch-, Geflügel- u. Wildprethandlg.	Hutgasse 14	Basel	1672	1899	59	telefonbuch_061	PTT-Archiv, P-260-1_Basel_1899_2	Basel
Kägi	J. J.	Kupferschmied	Spiegelgasse 4	Basel	791	1899	59	telefonbuch_061	PTT-Archiv, P-260-1_Basel_1899_2	Basel
Kahlbaum	G. W. A.	Prof. Dr.	Steinenberg 23	Basel	2138	1899	59	telefonbuch_061	PTT-Archiv, P-260-1_Basel_1899_2	Basel
Kahlbaum	G. W. A.	Prof. Dr.	Steinenvorstadt 4	Basel	1934	1899	59	telefonbuch_061	PTT-Archiv, P-260-1_Basel_1899_2	Basel
Kahn	Fernand	Hôtel Braunschweig	Schützenmattstrasse 2	Basel	2691	1899	59	telefonbuch_061	PTT-Archiv, P-260-1_Basel_1899_2	Basel
Kahn	S.	Weinhandlung	Spalenringweg 87	Basel	944	1899	59	telefonbuch_061	PTT-Archiv, P-260-1_Basel_1899_2	Basel
Kahn Söhne		Weinhandlung	Hintere Spitalstrasse 2	Basel	2696	1899	59	telefonbuch_061	PTT-Archiv, P-260-1_Basel_1899_2	Basel
Kaiser	J. Louis	Costumier	Utengasse 21	Basel	1258	1899	59	telefonbuch_061	PTT-Archiv, P-260-1_Basel_1899_2	Basel
Kaiser-Klaiber	P.	Wirtschaft zur Eintracht	Erlenweg 2	Basel	3429	1899	59	telefonbuch_061	PTT-Archiv, P-260-1_Basel_1899_2	Basel
Kaiser	Louis		Elisabethenstrasse 58	Basel	2237	1899	59	telefonbuch_061	PTT-Archiv, P-260-1_Basel_1899_2	Basel
Kamber	Fritz	Fuhrhalter	Neu-Allschwil 23	Allschwil	2784	1899	59	telefonbuch_061	PTT-Archiv, P-260-1_Basel_1899_2	Basel
Kämpf	Emil	Konditor	Spalenberg 35	Basel	2642	1899	59	telefonbuch_061	PTT-Archiv, P-260-1_Basel_1899_2	Basel
Kanalisationsbureau			Obere Rebgasse 1	Basel	1826	1899	59	telefonbuch_061	PTT-Archiv, P-260-1_Basel_1899_2	Basel
Kantonalbank		Basler	Schifflände 5	Basel	1336	1899	59	telefonbuch_061	PTT-Archiv, P-260-1_Basel_1899_2	Basel
Kantons-Chemiker		(Bureau)	Petersplatz 10	Basel	1422	1899	59	telefonbuch_061	PTT-Archiv, P-260-1_Basel_1899_2	Basel
Kapfer	Xaver		Oberer Heuberg 4	Basel	1081	1899	59	telefonbuch_061	PTT-Archiv, P-260-1_Basel_1899_2	Basel
Kapp	Emil		Steinenvorstadt 65	Basel	2570	1899	59	telefonbuch_061	PTT-Archiv, P-260-1_Basel_1899_2	Basel
Karch-Baumann	Joh.		Münchensteinerstrasse 134	Basel	4066	1899	59	telefonbuch_061	PTT-Archiv, P-260-1_Basel_1899_2	Basel
Karcher	Hans	Dr. med.	Schützengraben 37	Basel	2044	1899	59	telefonbuch_061	PTT-Archiv, P-260-1_Basel_1899_2	Basel
Karcher	Jacques		Eulerstrasse 43	Basel	2755	1899	59	telefonbuch_061	PTT-Archiv, P-260-1_Basel_1899_2	Basel
Karli	W.		Ochsengasse 3	Basel	1255	1899	59	telefonbuch_061	PTT-Archiv, P-260-1_Basel_1899_2	Basel
Karrer	Fidel	Holzhandlung		Aesch	3900	1899	59	telefonbuch_061	PTT-Archiv, P-260-1_Basel_1899_2	Basel
Kaserne		Bureau des Schulkommandos (nur während der Militärkurse)	Klingenthal	Basel	1264	1899	59	telefonbuch_061	PTT-Archiv, P-260-1_Basel_1899_2	Basel
Kasernenverwaltung		(F. Zweig)	Klingenthal	Basel	1272	1899	59	telefonbuch_061	PTT-Archiv, P-260-1_Basel_1899_2	Basel
Kauffmann-Gerber	F.		Klybeckstrasse 45	Basel	3291	1899	59	telefonbuch_061	PTT-Archiv, P-260-1_Basel_1899_2	Basel
Kaufmann-Burckhardt	J.	Wwe.	Zürcherstrasse 65	Basel	762	1899	59	telefonbuch_061	PTT-Archiv, P-260-1_Basel_1899_2	Basel
Kaufmann	Ed.	Prof.	Schweizerplatz 1	Basel	3792	1899	59	telefonbuch_061	PTT-Archiv, P-260-1_Basel_1899_2	Basel
Kaufmann-Lieberg	D.		Weiherweg 32	Basel	988	1899	59	telefonbuch_061	PTT-Archiv, P-260-1_Basel_1899_2	Basel
Kaufmann-Merkle	A.		Leonhardsgraben 3	Basel	3067	1899	59	telefonbuch_061	PTT-Archiv, P-260-1_Basel_1899_2	Basel
Kaufmann-Neukirch	A.	Wwe	Murtengasse 10	Basel	2908	1899	60	telefonbuch_062	PTT-Archiv, P-260-1_Basel_1899_2	Basel
Kaufmann	R.	feine Lederwaren	Freiestrasse 97	Basel	1903	1899	60	telefonbuch_062	PTT-Archiv, P-260-1_Basel_1899_2	Basel
Kaufmann-Streckeisen	Alfred		Engelgasse 115	Basel	3578	1899	60	telefonbuch_062	PTT-Archiv, P-260-1_Basel_1899_2	Basel
Kaufmann-Sturm	J.	Wirt	Isteinerstrasse 70	Basel	3503	1899	60	telefonbuch_062	PTT-Archiv, P-260-1_Basel_1899_2	Basel
Kaufmann & Co.		Bankgeschäft	Leonhardsgraben 3	Basel	2719	1899	60	telefonbuch_062	PTT-Archiv, P-260-1_Basel_1899_2	Basel
Kaufmann & Dorner			Margarethenstrasse 63	Basel	4026	1899	60	telefonbuch_062	PTT-Archiv, P-260-1_Basel_1899_2	Basel
Käumlen	M.	Handelsgärtner	Landskronstrasse 80	Basel	1444	1899	60	telefonbuch_062	PTT-Archiv, P-260-1_Basel_1899_2	Basel
Kaus	M.	& Rytz, Hafner	Aeschenvorstadt 57	Basel	1945	1899	60	telefonbuch_062	PTT-Archiv, P-260-1_Basel_1899_2	Basel
Keck-Wyss	Karl	Material- und Kolonialwaren	Burgfelderstrasse 6	Basel	863	1899	60	telefonbuch_062	PTT-Archiv, P-260-1_Basel_1899_2	Basel
Keckeis	Th.	Wwe	Drahtzugstrasse 34	Basel	3314	1899	60	telefonbuch_062	PTT-Archiv, P-260-1_Basel_1899_2	Basel
Kehlstadt-David	W.	Metzgermeister	Aeschenvorstadt 46	Basel	2070	1899	60	telefonbuch_062	PTT-Archiv, P-260-1_Basel_1899_2	Basel
Kehlstadt-Schilling	Ls.	Tapez.	Gerbergasse 38	Basel	3026	1899	60	telefonbuch_062	PTT-Archiv, P-260-1_Basel_1899_2	Basel
Kehlstadt-Schilling	L.	Wohnung	Schützenmattstrasse 77	Basel	961	1899	60	telefonbuch_062	PTT-Archiv, P-260-1_Basel_1899_2	Basel
Keller	Albert	Tierarzt	Margarethenstrasse 79	Basel	2145	1899	60	telefonbuch_062	PTT-Archiv, P-260-1_Basel_1899_2	Basel
Keller	Gebrüder	allgemeine Droschkenanstalt	Margarethenstrasse 79	Basel	2145	1899	60	telefonbuch_062	PTT-Archiv, P-260-1_Basel_1899_2	Basel
Keller	Gebrüder	allgemeine Droschkenanstalt	Drahtzugstrasse 16	Basel	3470	1899	60	telefonbuch_062	PTT-Archiv, P-260-1_Basel_1899_2	Basel
Keller	Gebrüder	allgemeine Droschkenanstalt	Margarethenstrasse 79	Basel	4001	1899	60	telefonbuch_062	PTT-Archiv, P-260-1_Basel_1899_2	Basel
Keller	Gebrüder	allgemeine Droschkenanstalt	Drahtzugstrasse 16	Basel	3356	1899	60	telefonbuch_062	PTT-Archiv, P-260-1_Basel_1899_2	Basel
Keller	Gottfried	Wirt	Isteinerstrasse 98	Basel	3382	1899	60	telefonbuch_062	PTT-Archiv, P-260-1_Basel_1899_2	Basel
Keller	Hans		Gundoldingerstrasse 117	Basel	4032	1899	60	telefonbuch_062	PTT-Archiv, P-260-1_Basel_1899_2	Basel
Keller-Kilchenmann	Ernst	Zahnarzt	Allschwilerstrasse 6	Basel	2622	1899	60	telefonbuch_062	PTT-Archiv, P-260-1_Basel_1899_2	Basel
Keller	Louis	Café du marché	Hutgasse 2	Basel	1437	1899	60	telefonbuch_062	PTT-Archiv, P-260-1_Basel_1899_2	Basel
Keller	Max		Münchensteinerstrasse 126	Basel	3923	1899	60	telefonbuch_062	PTT-Archiv, P-260-1_Basel_1899_2	Basel
Keller, Morteo & Co.		Galvanisationsanstalt		Pratteln	2598	1899	60	telefonbuch_062	PTT-Archiv, P-260-1_Basel_1899_2	Basel
Keller-Moser	F.	Wirt	Alemannengasse 1	Basel	1134	1899	60	telefonbuch_062	PTT-Archiv, P-260-1_Basel_1899_2	Basel
Keller-Schacher	Wilh.	Fuhrhalter	Lothringerstrasse 10	Basel	1648	1899	60	telefonbuch_062	PTT-Archiv, P-260-1_Basel_1899_2	Basel
Keller-Schmid	J.	Wwe	Eisengasse 8	Basel	1359	1899	60	telefonbuch_062	PTT-Archiv, P-260-1_Basel_1899_2	Basel
Kellerhals	Heinr.	Fuhrhalter	Rheinstrasse 21	Birsfelden	1106	1899	60	telefonbuch_062	PTT-Archiv, P-260-1_Basel_1899_2	Basel
Kellerhals-Wahl		Wirt	Amerbachstrasse 67	Basel	3405	1899	60	telefonbuch_062	PTT-Archiv, P-260-1_Basel_1899_2	Basel
Kelterborn	G. & J.	Architekten	Blumenrain 22	Basel	1334	1899	60	telefonbuch_062	PTT-Archiv, P-260-1_Basel_1899_2	Basel
Kern	A.	Dr.	Austrasse 90	Basel	2843	1899	60	telefonbuch_062	PTT-Archiv, P-260-1_Basel_1899_2	Basel
Kern-Alioth			St. Albananlage 38	Basel	1900	1899	61	telefonbuch_063	PTT-Archiv, P-260-1_Basel_1899_2	Basel
Kern	Aug.	Sohn von Kern-Schalch, Kunst- und Bauschlosserei	Weissegasse 18	Basel	2000	1899	61	telefonbuch_063	PTT-Archiv, P-260-1_Basel_1899_2	Basel
Kern	Hermann	Metzger	Sempacherstrasse 7	Basel	4077	1899	61	telefonbuch_063	PTT-Archiv, P-260-1_Basel_1899_2	Basel
Kern-His	Ed.	Dr. (Wohnung)	Petersplatz 12	Basel	1536	1899	61	telefonbuch_063	PTT-Archiv, P-260-1_Basel_1899_2	Basel
Kern	J. Rud.	Cigarrenhandlg.	Freiestrasse 38	Basel	1810	1899	61	telefonbuch_063	PTT-Archiv, P-260-1_Basel_1899_2	Basel
Kern	J. Rud.	Cigarrenhandlg.	Greifengasse 19	Basel	1251	1899	61	telefonbuch_063	PTT-Archiv, P-260-1_Basel_1899_2	Basel
Kern-Ryhiner	A.		St. Johannvorstadt 5	Basel	1300	1899	61	telefonbuch_063	PTT-Archiv, P-260-1_Basel_1899_2	Basel
Kern Sohn & Co.			Spitalstrasse 4	Basel	1365	1899	61	telefonbuch_063	PTT-Archiv, P-260-1_Basel_1899_2	Basel
Kern-Stähelin	F.		Rheinfelderstrasse 7	Basel	3800	1899	61	telefonbuch_063	PTT-Archiv, P-260-1_Basel_1899_2	Basel
Kern-Werthemann	S.	Wwe	Hebelstrasse 12	Basel	1522	1899	61	telefonbuch_063	PTT-Archiv, P-260-1_Basel_1899_2	Basel
Kernen-Heer	Rob.		Gerbergasse 27	Basel	2451	1899	61	telefonbuch_063	PTT-Archiv, P-260-1_Basel_1899_2	Basel
Kessler	D.	Architekt	Feldbergstrasse 71	Basel	4092	1899	61	telefonbuch_063	PTT-Archiv, P-260-1_Basel_1899_2	Basel
Kessler	Hans	Baumeister	Breisacherstrasse 81	Basel	3338	1899	61	telefonbuch_063	PTT-Archiv, P-260-1_Basel_1899_2	Basel
Kessler	H.	Baubureau, Birsigkorrektion	Schwanengasse	Basel	3504	1899	61	telefonbuch_063	PTT-Archiv, P-260-1_Basel_1899_2	Basel
Kestenholz	J.	Kartonnagefabrik	Elisabethenstrasse 41	Basel	2383	1899	61	telefonbuch_063	PTT-Archiv, P-260-1_Basel_1899_2	Basel
Kiebiger	E. A.		Sperrstrasse 85	Basel	3450	1899	61	telefonbuch_063	PTT-Archiv, P-260-1_Basel_1899_2	Basel
Kiefer	A.	vormals Rob. Saur	Klingelbergstrasse 65	Basel	1518	1899	61	telefonbuch_063	PTT-Archiv, P-260-1_Basel_1899_2	Basel
Kiefer-Baer	G.		Münchensteinerstrasse 69	Basel	3983	1899	61	telefonbuch_063	PTT-Archiv, P-260-1_Basel_1899_2	Basel
Kiefer	G.	& Co.	Gerbergasse 14	Basel	1520	1899	61	telefonbuch_063	PTT-Archiv, P-260-1_Basel_1899_2	Basel
Kiefer	G.	& Co.	Freiestrasse 23	Basel	1209	1899	61	telefonbuch_063	PTT-Archiv, P-260-1_Basel_1899_2	Basel
Kiefer	Rud.	Sohn	Schwanengasse 14	Basel	1295	1899	61	telefonbuch_063	PTT-Archiv, P-260-1_Basel_1899_2	Basel
Kienast-Blattner	Alb.	Spenglermeister	Klingenthalstrasse 55	Basel	3458	1899	61	telefonbuch_063	PTT-Archiv, P-260-1_Basel_1899_2	Basel
Kientsch-Werthmüller	Friedr.		Feldbergstrasse 70	Basel	3390	1899	61	telefonbuch_063	PTT-Archiv, P-260-1_Basel_1899_2	Basel
Kili-Stahel	L.	Hôtel Strassburg	Centralbahnstrasse 17	Basel	3867	1899	61	telefonbuch_063	PTT-Archiv, P-260-1_Basel_1899_2	Basel
Kinderspital			Burgweg 22	Basel	1128	1899	61	telefonbuch_063	PTT-Archiv, P-260-1_Basel_1899_2	Basel
Kissel	F.	Hôtel goldener Stern	Aeschenvorstadt 44	Basel	2293	1899	61	telefonbuch_063	PTT-Archiv, P-260-1_Basel_1899_2	Basel
Kissling-Kuentzy	N.	Confiseur	Austrasse 83	Basel	1304	1899	61	telefonbuch_063	PTT-Archiv, P-260-1_Basel_1899_2	Basel
Kitt	Aug.	Bäckermeister	Klingenthalstrasse 87	Basel	3471	1899	61	telefonbuch_063	PTT-Archiv, P-260-1_Basel_1899_2	Basel
Klaiber	Louis		Margarethenstrasse 37	Basel	2431	1899	61	telefonbuch_063	PTT-Archiv, P-260-1_Basel_1899_2	Basel
Klaiber-Vest	Richard		Austrasse 10	Basel	3039	1899	61	telefonbuch_063	PTT-Archiv, P-260-1_Basel_1899_2	Basel
Klaraschulhaus			Claragraben 59	Basel	3638	1899	61	telefonbuch_063	PTT-Archiv, P-260-1_Basel_1899_2	Basel
Kleeb-Willi			Mittlerestrasse 67	Basel	1466	1899	61	telefonbuch_063	PTT-Archiv, P-260-1_Basel_1899_2	Basel
Kleiber	Anton	z. Ochsen		Benken	2520	1899	61	telefonbuch_063	PTT-Archiv, P-260-1_Basel_1899_2	Basel
Kleiber-Rueger	A.			Benken	2520	1899	61	telefonbuch_063	PTT-Archiv, P-260-1_Basel_1899_2	Basel
Klein-Huber	Hermann	Zinngiessermeister	Schneidergasse 30	Basel	2867	1899	61	telefonbuch_063	PTT-Archiv, P-260-1_Basel_1899_2	Basel
Klein-Hüningen		Gemeindestation (s. S. 116)		Basel	3328	1899	62	telefonbuch_064	PTT-Archiv, P-260-1_Basel_1899_2	Basel
Kling	W.	Agenturen	Eisengasse 12	Basel	1382	1899	62	telefonbuch_064	PTT-Archiv, P-260-1_Basel_1899_2	Basel
Klingelfuss	Fr. & Co.	elektrotechnische Fabrik	Petersgasse 7	Basel	1686	1899	62	telefonbuch_064	PTT-Archiv, P-260-1_Basel_1899_2	Basel
Klingler	A.		Steinvornstadt 53	Basel	2081	1899	62	telefonbuch_064	PTT-Archiv, P-260-1_Basel_1899_2	Basel
Knabensekundarschule z. Mücke			Münsterplatz 18	Basel	1092	1899	62	telefonbuch_064	PTT-Archiv, P-260-1_Basel_1899_2	Basel
Knabensekundarschule		Wettsteinschulhaus	Clarahofweg 4	Basel	3807	1899	62	telefonbuch_064	PTT-Archiv, P-260-1_Basel_1899_2	Basel
Knabensekundarschule		Pestalozzischulhaus	St. Johannplatz 9	Basel	1666	1899	62	telefonbuch_064	PTT-Archiv, P-260-1_Basel_1899_2	Basel
Knapp	Carl	Droguerie	Dornacherstrasse 62	Basel	780	1899	62	telefonbuch_064	PTT-Archiv, P-260-1_Basel_1899_2	Basel
Knell-Meier	Heinrich		Holbeinstrasse 9	Basel	825	1899	62	telefonbuch_064	PTT-Archiv, P-260-1_Basel_1899_2	Basel
Kneubühler-Meier	Ad.	Wirt	Hägenheimerstrasse 10	Basel	877	1899	62	telefonbuch_064	PTT-Archiv, P-260-1_Basel_1899_2	Basel
Knöbel	R.	fabr. d'instruments de chirurgie	Innere Kannenfeldstrasse 4	Basel	2634	1899	62	telefonbuch_064	PTT-Archiv, P-260-1_Basel_1899_2	Basel
Knöbel & Laubscher		fabrique d'instruments de chirurgie	Petersgraben 18	Basel	1528	1899	62	telefonbuch_064	PTT-Archiv, P-260-1_Basel_1899_2	Basel
Knopf	S.		Freiestrasse 49	Basel	1808	1899	62	telefonbuch_064	PTT-Archiv, P-260-1_Basel_1899_2	Basel
Knopf	S.	Filiale	Greifengasse 24	Basel	3254	1899	62	telefonbuch_064	PTT-Archiv, P-260-1_Basel_1899_2	Basel
Knöpfler	Emil		Kohlenberg 11	Basel	2493	1899	62	telefonbuch_064	PTT-Archiv, P-260-1_Basel_1899_2	Basel
Knöpfler	Emil		Neuhausstrasse 22	Basel	298	1899	62	telefonbuch_064	PTT-Archiv, P-260-1_Basel_1899_2	Basel
Knöpfli-Kägi	Albert		Margarethenstrasse 61	Basel	2876	1899	62	telefonbuch_064	PTT-Archiv, P-260-1_Basel_1899_2	Basel
Kober	C.F.	Spittlers Nachfolger	Schlüsselberg 3	Basel	1200	1899	62	telefonbuch_064	PTT-Archiv, P-260-1_Basel_1899_2	Basel
Koch	Emil	Confiseur	Eisengasse 3	Basel	1316	1899	62	telefonbuch_064	PTT-Archiv, P-260-1_Basel_1899_2	Basel
Koch-Kröner	Hch.	Wirt	Schützengraben 62	Basel	2538	1899	62	telefonbuch_064	PTT-Archiv, P-260-1_Basel_1899_2	Basel
Koch-Sixt	Hans		Murtengasse 14	Basel	2966	1899	62	telefonbuch_064	PTT-Archiv, P-260-1_Basel_1899_2	Basel
Koch-Zeller	Reinh.	Weinhdlg.	Mittlerestrasse 40	Basel	1498	1899	62	telefonbuch_064	PTT-Archiv, P-260-1_Basel_1899_2	Basel
Kocherhans	G.		Pilgerstrasse 19	Basel	2693	1899	62	telefonbuch_064	PTT-Archiv, P-260-1_Basel_1899_2	Basel
Kocherhans-Schaub	Jak.		Spalenthorweg 16	Basel	2647	1899	62	telefonbuch_064	PTT-Archiv, P-260-1_Basel_1899_2	Basel
Köchlin-Burckhardt	Ernst	Dr., Wohnung	Rennweg 40	Basel	3591	1899	62	telefonbuch_064	PTT-Archiv, P-260-1_Basel_1899_2	Basel
Köchlin, Burckhardt & Co.			Isteinerstrasse 24	Basel	1881	1899	62	telefonbuch_064	PTT-Archiv, P-260-1_Basel_1899_2	Basel
Köchlin, Burckhardt & Co.			Riehenteichweg 8	Basel	3602	1899	62	telefonbuch_064	PTT-Archiv, P-260-1_Basel_1899_2	Basel
Köchlin	Ernst	Dr., Advokat und Notar, Bureau	Elisabethenstrasse 20	Basel	2154	1899	62	telefonbuch_064	PTT-Archiv, P-260-1_Basel_1899_2	Basel
Köchlin-Geigy	Adèle	Wwe	St. Albananlage 11	Basel	4165	1899	62	telefonbuch_064	PTT-Archiv, P-260-1_Basel_1899_2	Basel
Köchlin-Hagenbach	Eugen		Kapellenstrasse 16	Basel	2092	1899	62	telefonbuch_064	PTT-Archiv, P-260-1_Basel_1899_2	Basel
Köchlin-Hoffmann	Albert		Nauenstrasse 2	Basel	2228	1899	62	telefonbuch_064	PTT-Archiv, P-260-1_Basel_1899_2	Basel
Köchlin-Iselin	C.		Engelgasse 51	Basel	3698	1899	62	telefonbuch_064	PTT-Archiv, P-260-1_Basel_1899_2	Basel
Köchlin	Paul	Dr., Apotheker	Elisabethenstrasse 18	Basel	2408	1899	62	telefonbuch_064	PTT-Archiv, P-260-1_Basel_1899_2	Basel
Köchlin	Paul Emil		Rennweg 34	Basel	3553	1899	63	telefonbuch_065	PTT-Archiv, P-260-1_Basel_1899_2	Basel
Köchlin-Schneeli	Alf.		Römergasse 5	Basel	1135	1899	63	telefonbuch_065	PTT-Archiv, P-260-1_Basel_1899_2	Basel
Köchlin & Sandreuter			Gerbergasse 24	Basel	2808	1899	63	telefonbuch_065	PTT-Archiv, P-260-1_Basel_1899_2	Basel
Kofler	M.	& Co., Handschuhgeschäft	Stadthausgasse 7	Basel	1616	1899	63	telefonbuch_065	PTT-Archiv, P-260-1_Basel_1899_2	Basel
Kohlen - Electroden - Industrie-Aktien-Gesellschaft			Fabrik Hüningen (Elsass)	Basel	1621	1899	63	telefonbuch_065	PTT-Archiv, P-260-1_Basel_1899_2	Basel
Kohlensäurefabrik Bürgin			Unterer Rheinweg 18	Basel	1263	1899	63	telefonbuch_065	PTT-Archiv, P-260-1_Basel_1899_2	Basel
Kohler	Gottl.	Ameublements	Holbeinstrasse 56	Basel	4027	1899	63	telefonbuch_065	PTT-Archiv, P-260-1_Basel_1899_2	Basel
Kohler	Melchior	Schuhmacher	Spalenberg 8	Basel	2639	1899	63	telefonbuch_065	PTT-Archiv, P-260-1_Basel_1899_2	Basel
Köhler & Bosshardt		Kupferschmiedwerkstätte	Obere Rebgasse 20	Basel	1202	1899	63	telefonbuch_065	PTT-Archiv, P-260-1_Basel_1899_2	Basel
Köhly	J. B.	Baugeschäft	St. Johannringweg 116	Basel	861	1899	63	telefonbuch_065	PTT-Archiv, P-260-1_Basel_1899_2	Basel
Konetzky-Fritschi	Oskar	pharmaceutische u. cosmetische Präparate		Neu-Allschwil	2785	1899	63	telefonbuch_065	PTT-Archiv, P-260-1_Basel_1899_2	Basel
König	Adolf	& Co., Theeimport	Elisabethenstrasse 54	Basel	2132	1899	63	telefonbuch_065	PTT-Archiv, P-260-1_Basel_1899_2	Basel
König	J, G.	zur Brücke	Hauptstrasse 5	Birsfelden	3295	1899	63	telefonbuch_065	PTT-Archiv, P-260-1_Basel_1899_2	Basel
Köninger-Bross	Herm.	Wirt	Spitalstrasse 13	Basel	1650	1899	63	telefonbuch_065	PTT-Archiv, P-260-1_Basel_1899_2	Basel
Konkursamt			Bäumleingasse 3	Basel	1747	1899	63	telefonbuch_065	PTT-Archiv, P-260-1_Basel_1899_2	Basel
Kopfmann	W.		Eulerstrasse 22	Basel	2823	1899	63	telefonbuch_065	PTT-Archiv, P-260-1_Basel_1899_2	Basel
Körner-Mäglin	V.		Leimenstrasse 69	Basel	2976	1899	63	telefonbuch_065	PTT-Archiv, P-260-1_Basel_1899_2	Basel
Körner-Schmid	Karl	Maler	Müllerweg 6	Basel	874	1899	63	telefonbuch_065	PTT-Archiv, P-260-1_Basel_1899_2	Basel
Kornmann	L.		Hardtstrasse 13	Basel	3797	1899	63	telefonbuch_065	PTT-Archiv, P-260-1_Basel_1899_2	Basel
Korporation d. Kleinbasler Teichinteressenten		Wohnung des Wasserknechtes	Schliesse Langen Erlen	Basel	3827	1899	63	telefonbuch_065	PTT-Archiv, P-260-1_Basel_1899_2	Basel
Kost	Leonhard's Wwe.	Bürstenfabrikation	Freiestrasse 51	Basel	1791	1899	63	telefonbuch_065	PTT-Archiv, P-260-1_Basel_1899_2	Basel
Kottmann	J. M.	(Bureau), Weinhandlung	Kohlenberggasse 10	Basel	2502	1899	63	telefonbuch_065	PTT-Archiv, P-260-1_Basel_1899_2	Basel
Kottmann	J. M.	(Wohnung)	Grellingerstrasse 48	Basel	3791	1899	63	telefonbuch_065	PTT-Archiv, P-260-1_Basel_1899_2	Basel
Kraft	Dr. F.	Gundoldingerapotheke	Dornacherstrasse 83	Basel	4094	1899	63	telefonbuch_065	PTT-Archiv, P-260-1_Basel_1899_2	Basel
Krämer	Heinr.	Bäckermeister	Jurastrasse 25	Basel	3753	1899	63	telefonbuch_065	PTT-Archiv, P-260-1_Basel_1899_2	Basel
Kramer-Reinhardt	Karl	Wirt	Riehenstrasse 106	Basel	3837	1899	63	telefonbuch_065	PTT-Archiv, P-260-1_Basel_1899_2	Basel
Kramer-Rohr	H.	Wirt	Horburgstrasse 143	Basel	3894	1899	63	telefonbuch_065	PTT-Archiv, P-260-1_Basel_1899_2	Basel
Kratz	W.	Apotheker	St. Johannvorstadt 56	Basel	1709	1899	63	telefonbuch_065	PTT-Archiv, P-260-1_Basel_1899_2	Basel
Krayer-Förster	Ad.		Gellertstrasse 19	Basel	4102	1899	63	telefonbuch_065	PTT-Archiv, P-260-1_Basel_1899_2	Basel
Krayer-Ramsperger's Nachf.		Mineralwasser- u. Colonialwarenhandlung	Freiestrasse 39	Basel	1057	1899	64	telefonbuch_066	PTT-Archiv, P-260-1_Basel_1899_2	Basel
Krebs	G.	Buchdrucker	Fischmarkt 1	Basel	1617	1899	64	telefonbuch_066	PTT-Archiv, P-260-1_Basel_1899_2	Basel
Krebs	Joh.	Bierführer, Salmenbräu Rheinfelden	Hochstrasse 37	Basel	3999	1899	64	telefonbuch_066	PTT-Archiv, P-260-1_Basel_1899_2	Basel
Krebs-Weiss	Wwe. J.	& Co., Bettwarengeschäft	Gerbergässlein 10	Basel	3004	1899	64	telefonbuch_066	PTT-Archiv, P-260-1_Basel_1899_2	Basel
Kreis	Hans, Dr.	Kantons-Chemiker	Petersplatz 10	Basel	1422	1899	64	telefonbuch_066	PTT-Archiv, P-260-1_Basel_1899_2	Basel
Kreis	Hermann		Steinengraben 79	Basel	2501	1899	64	telefonbuch_066	PTT-Archiv, P-260-1_Basel_1899_2	Basel
Kreis	Th.		Barfüsserplatz 3	Basel	2052	1899	64	telefonbuch_066	PTT-Archiv, P-260-1_Basel_1899_2	Basel
Kreis-Waldkirch	J. J.	Bierdépôt	Pfirtergasse 28	Basel	3043	1899	64	telefonbuch_066	PTT-Archiv, P-260-1_Basel_1899_2	Basel
Kreiskommando Basel			Petersgraben 46	Basel	1426	1899	64	telefonbuch_066	PTT-Archiv, P-260-1_Basel_1899_2	Basel
Krüger-Zimmermann	B.		Freiestrasse 84	Basel		1899	64	telefonbuch_066	PTT-Archiv, P-260-1_Basel_1899_2	Basel
Krüsi's	Chr.	Söhne, Buchdruckerei	Kohlenberg 7	Basel	2509	1899	64	telefonbuch_066	PTT-Archiv, P-260-1_Basel_1899_2	Basel
Krummenacher	Emil	Wirt	Amerbachstrasse 2	Basel	3274	1899	64	telefonbuch_066	PTT-Archiv, P-260-1_Basel_1899_2	Basel
Krummenacher	Joh.	& Bell, Emil, Fuhrhalterei	Sierentzerstrasse 10	Basel	824	1899	64	telefonbuch_066	PTT-Archiv, P-260-1_Basel_1899_2	Basel
Kübler-Heissinger	W.		Sevogelstrasse 47	Basel	2772	1899	64	telefonbuch_066	PTT-Archiv, P-260-1_Basel_1899_2	Basel
Kübler Söhne			Freiestrasse 68	Basel	2189	1899	64	telefonbuch_066	PTT-Archiv, P-260-1_Basel_1899_2	Basel
Kübler Söhne			Gerbergasse 59	Basel	2189	1899	64	telefonbuch_066	PTT-Archiv, P-260-1_Basel_1899_2	Basel
Kuentzy-Kübler	F.		Mostackerstrasse 6	Basel	3269	1899	64	telefonbuch_066	PTT-Archiv, P-260-1_Basel_1899_2	Basel
Kueny-Meich	Albert	Agentur	Mittlerestrasse 107	Basel	751	1899	64	telefonbuch_066	PTT-Archiv, P-260-1_Basel_1899_2	Basel
Kugler	J. G.		Rütlistrasse 50	Basel	999	1899	64	telefonbuch_066	PTT-Archiv, P-260-1_Basel_1899_2	Basel
Kugler	T.		Birsigstrasse 80	Basel	3102	1899	64	telefonbuch_066	PTT-Archiv, P-260-1_Basel_1899_2	Basel
Kuhn-Eichacker	G.	Sekretär und Chef des Plazierungsbureau des Wirtevereins Basel	Feldbergstrasse 70	Basel	3262	1899	64	telefonbuch_066	PTT-Archiv, P-260-1_Basel_1899_2	Basel
Kuhn-Helmle	Wwe	Glasmalerei	Klingenthalstrasse 69	Basel	3463	1899	64	telefonbuch_066	PTT-Archiv, P-260-1_Basel_1899_2	Basel
Kuhn	W.	Eisenwaren u. Haushaltungsartikel	Solothurnerstrasse 47	Basel	3875	1899	64	telefonbuch_066	PTT-Archiv, P-260-1_Basel_1899_2	Basel
Kühne-Wiesendanger	M.	Metzgermeister	Spalenvorstadt 23	Basel	2668	1899	64	telefonbuch_066	PTT-Archiv, P-260-1_Basel_1899_2	Basel
Kühner	H.	Baugeschäft	Gundoldingerstrasse 476	Basel	3762	1899	64	telefonbuch_066	PTT-Archiv, P-260-1_Basel_1899_2	Basel
Kully	Dr. Othmar	Advokat	Gerbergasse 22	Basel	2327	1899	64	telefonbuch_066	PTT-Archiv, P-260-1_Basel_1899_2	Basel
Kummer	Rud.		Byfangweg 3	Basel	3000	1899	64	telefonbuch_066	PTT-Archiv, P-260-1_Basel_1899_2	Basel
Kümmich	A.	Bierdépôt	Elisabethenstrasse 41	Basel	2399	1899	64	telefonbuch_066	PTT-Archiv, P-260-1_Basel_1899_2	Basel
Kundert-von Muralt	Hrch.		Holbeinstrasse 92	Basel		1899	64	telefonbuch_066	PTT-Archiv, P-260-1_Basel_1899_2	Basel
Kündig	Dr. Aug.		Leimenstrasse 35	Basel	2950	1899	64	telefonbuch_066	PTT-Archiv, P-260-1_Basel_1899_2	Basel
Kündig	R.	Dr. (Wohnung)	Sevogelstrasse 74	Basel	3951	1899	65	telefonbuch_067	PTT-Archiv, P-260-1_Basel_1899_2	Basel
Kündig	Rud.	Dr., & Stumm, Dr. Hermann	Freiestrasse 88	Basel	2054	1899	65	telefonbuch_067	PTT-Archiv, P-260-1_Basel_1899_2	Basel
Kündig-VonSpeyr	E.	Wwe	Allschwilerstrasse 1	Basel	1459	1899	65	telefonbuch_067	PTT-Archiv, P-260-1_Basel_1899_2	Basel
Kunstverein		Basler	Steinenberg 7	Basel	2372	1899	65	telefonbuch_067	PTT-Archiv, P-260-1_Basel_1899_2	Basel
Kunz-Brunner	J.		Klingelbergstrasse 31	Basel	788	1899	65	telefonbuch_067	PTT-Archiv, P-260-1_Basel_1899_2	Basel
Kunz	P.		Sternengässlein 17	Basel	2332	1899	65	telefonbuch_067	PTT-Archiv, P-260-1_Basel_1899_2	Basel
Kuenze-Hug	Frid.	Geltenzunft	Marktplatz 13	Basel	1364	1899	65	telefonbuch_067	PTT-Archiv, P-260-1_Basel_1899_2	Basel
Künzli-Egg	Fr.	Bäckermeister	Aeschenvorstadt 6	Basel	2077	1899	65	telefonbuch_067	PTT-Archiv, P-260-1_Basel_1899_2	Basel
Künzli-Mahler	Otto	Fuhrhalter	Bartenheimerstrasse 7	Basel	823	1899	65	telefonbuch_067	PTT-Archiv, P-260-1_Basel_1899_2	Basel
Künzli-Meier	Rud.	Spezierer	Bruderholzstrasse 64	Basel	3767	1899	65	telefonbuch_067	PTT-Archiv, P-260-1_Basel_1899_2	Basel
Kurz	Hermann		Eulerstrasse 77	Basel	2643	1899	65	telefonbuch_067	PTT-Archiv, P-260-1_Basel_1899_2	Basel
Kurz, Reiter & Co.			Freiestrasse 44	Basel	2352	1899	65	telefonbuch_067	PTT-Archiv, P-260-1_Basel_1899_2	Basel
Kurz, Reiter & Co.		Börsensaal	Postgebäude	Basel	3143	1899	65	telefonbuch_067	PTT-Archiv, P-260-1_Basel_1899_2	Basel
Kuttruff & Frefel		mechan. Werkstätte	St. Albanthal 6	Basel	4132	1899	65	telefonbuch_067	PTT-Archiv, P-260-1_Basel_1899_2	Basel
Labhardt	J.		Rümelinbachweg 10	Basel	2569	1899	65	telefonbuch_067	PTT-Archiv, P-260-1_Basel_1899_2	Basel
Labhardt	Julius		Austrasse 94	Basel	2758	1899	65	telefonbuch_067	PTT-Archiv, P-260-1_Basel_1899_2	Basel
Labhardt	Ulr.	Coiffeur	Blumenrain 9	Basel	5	1899	65	telefonbuch_067	PTT-Archiv, P-260-1_Basel_1899_2	Basel
Lachenmeier	J.		Maulbeerweg 24	Basel	3501	1899	65	telefonbuch_067	PTT-Archiv, P-260-1_Basel_1899_2	Basel
Lack- & Farbenwerk		Stähli & Schild	Teichgasse 3/5	Basel	1239	1899	65	telefonbuch_067	PTT-Archiv, P-260-1_Basel_1899_2	Basel
Ladendorff	Carl		Untere Rebgasse 18	Basel	1242	1899	65	telefonbuch_067	PTT-Archiv, P-260-1_Basel_1899_2	Basel
Lagerhausgesellschaft		Basler	Hirschgasse 9	Basel	2401	1899	65	telefonbuch_067	PTT-Archiv, P-260-1_Basel_1899_2	Basel
Lagerhausverwaltung der SCB			Centralbahnhof	Basel	2479	1899	65	telefonbuch_067	PTT-Archiv, P-260-1_Basel_1899_2	Basel
Lais-Stump	J.	Metzger		Riehen	4316	1899	65	telefonbuch_067	PTT-Archiv, P-260-1_Basel_1899_2	Basel
Lais & Hrubes		Schlosserei	St. Albanvorstadt 16	Basel	1838	1899	65	telefonbuch_067	PTT-Archiv, P-260-1_Basel_1899_2	Basel
Lamm-Roth	Alb.		Steinenvorstadt 12	Basel	2434	1899	65	telefonbuch_067	PTT-Archiv, P-260-1_Basel_1899_2	Basel
Landsrath	Emil	Schieferdeckermeister	Weissegasse 22	Basel	2059	1899	65	telefonbuch_067	PTT-Archiv, P-260-1_Basel_1899_2	Basel
Lang	J.		Missionsstrasse 68	Basel	891	1899	65	telefonbuch_067	PTT-Archiv, P-260-1_Basel_1899_2	Basel
Lang	Joseph	Metzger	Elsässerstrasse 6	Basel	1725	1899	65	telefonbuch_067	PTT-Archiv, P-260-1_Basel_1899_2	Basel
Lang-Kunz	Ernst		Angensteinerstrasse 27	Basel	3569	1899	65	telefonbuch_067	PTT-Archiv, P-260-1_Basel_1899_2	Basel
Lang-Lauer	Louis	Wirt	Elsässerstrasse 1	Basel	1647	1899	65	telefonbuch_067	PTT-Archiv, P-260-1_Basel_1899_2	Basel
Lang	P. de Joseph	Weinhandlung	Feierabendstrasse 51	Basel	2900	1899	65	telefonbuch_067	PTT-Archiv, P-260-1_Basel_1899_2	Basel
Lang	Mathias	Fuhr- und Droschkenhalter	Mülhauserstrasse 68	Basel	1645	1899	65	telefonbuch_067	PTT-Archiv, P-260-1_Basel_1899_2	Basel
Lang-Müller	Georg	Wirt	Spalenvorstadt 45	Basel	2671	1899	66	telefonbuch_068	PTT-Archiv, P-260-1_Basel_1899_2	Basel
Lang	S.	& Co., Weinhandlung	Steinenvorstadt 67	Basel	2468	1899	66	telefonbuch_068	PTT-Archiv, P-260-1_Basel_1899_2	Basel
Längin-Ankelin	Joh.	Schuhhandlung	Rheingasse 52	Basel	1180	1899	66	telefonbuch_068	PTT-Archiv, P-260-1_Basel_1899_2	Basel
Längin	Ed.	Fuhrhalter	Hintere Gasstrasse 120	Basel	1508	1899	66	telefonbuch_068	PTT-Archiv, P-260-1_Basel_1899_2	Basel
Längin-Grether	E.	Fuhrhalter	Burgfelderstrasse 46	Basel	894	1899	66	telefonbuch_068	PTT-Archiv, P-260-1_Basel_1899_2	Basel
Lappe	Th.	Apotheker	Fischmarkt 11	Basel	1612	1899	66	telefonbuch_068	PTT-Archiv, P-260-1_Basel_1899_2	Basel
LaRoche-Burckhardt	H.	Frau	Münchensteinerstrasse 4	Basel	3981	1899	66	telefonbuch_068	PTT-Archiv, P-260-1_Basel_1899_2	Basel
LaRoche-Burckhardt	Louis		Rittergasse 23	Basel	1048	1899	66	telefonbuch_068	PTT-Archiv, P-260-1_Basel_1899_2	Basel
LaRoche-Burckhardt	Aug.	Sohn	St. Albananlage 32	Basel	1935	1899	66	telefonbuch_068	PTT-Archiv, P-260-1_Basel_1899_2	Basel
LaRoche	Emanuel W.		Kapellenstrasse 18	Basel	3668	1899	66	telefonbuch_068	PTT-Archiv, P-260-1_Basel_1899_2	Basel
LaRoche	Eml.	Sohn	Aeschenvorstadt 4	Basel	2014	1899	66	telefonbuch_068	PTT-Archiv, P-260-1_Basel_1899_2	Basel
LaRoche	Hermann		Gellertstrasse 27	Basel	4106	1899	66	telefonbuch_068	PTT-Archiv, P-260-1_Basel_1899_2	Basel
LaRoche-Heusler	Emanuel		Angensteinerstrasse 13	Basel	3666	1899	66	telefonbuch_068	PTT-Archiv, P-260-1_Basel_1899_2	Basel
LaRoche-Iselin	A.	Dr.	Angensteinerstrasse 12	Basel	3957	1899	66	telefonbuch_068	PTT-Archiv, P-260-1_Basel_1899_2	Basel
LaRoche-Merian	Fritz		St. Albanvorstadt 83	Basel	1821	1899	66	telefonbuch_068	PTT-Archiv, P-260-1_Basel_1899_2	Basel
LaRoche-Merian	Fritz		Riehenstrasse 170	Basel	3811	1899	66	telefonbuch_068	PTT-Archiv, P-260-1_Basel_1899_2	Basel
LaRoche-Passavant	A.		St. Jakobstrasse 44	Basel	3997	1899	66	telefonbuch_068	PTT-Archiv, P-260-1_Basel_1899_2	Basel
LaRoche-Ringwald			Steinenringweg 23	Basel	2969	1899	66	telefonbuch_068	PTT-Archiv, P-260-1_Basel_1899_2	Basel
LaRoche-Ryhiner	R.		Gellertstrasse 3	Basel	4111	1899	66	telefonbuch_068	PTT-Archiv, P-260-1_Basel_1899_2	Basel
LaRoche		Stähelin & Co.	Malzgasse 16	Basel	4290	1899	66	telefonbuch_068	PTT-Archiv, P-260-1_Basel_1899_2	Basel
LaRoche		& Co.	St. Albanvorstadt 83	Basel	1835	1899	66	telefonbuch_068	PTT-Archiv, P-260-1_Basel_1899_2	Basel
Laub	Adolf		Elsässerstrasse 9	Basel	305	1899	66	telefonbuch_068	PTT-Archiv, P-260-1_Basel_1899_2	Basel
Laube-Labhardt	E.		Riehenstrasse 57	Basel	3629	1899	66	telefonbuch_068	PTT-Archiv, P-260-1_Basel_1899_2	Basel
Laube Söhne			Clarahofweg 36	Basel	3708	1899	66	telefonbuch_068	PTT-Archiv, P-260-1_Basel_1899_2	Basel
Laudier	C. & S.		Kronengasse 11	Basel	1600	1899	66	telefonbuch_068	PTT-Archiv, P-260-1_Basel_1899_2	Basel
Lauer-Bessler	J. G.	Bäcker	Ochsengasse 7	Basel	1208	1899	66	telefonbuch_068	PTT-Archiv, P-260-1_Basel_1899_2	Basel
Lauer	Leopold	Baugeschäft	Kleinhüningerstrasse 196	Basel	3358	1899	66	telefonbuch_068	PTT-Archiv, P-260-1_Basel_1899_2	Basel
Lauly	J.J.	(Comptoir Th. Eckel)	Blumenrain 10	Basel	1329	1899	66	telefonbuch_068	PTT-Archiv, P-260-1_Basel_1899_2	Basel
Laurin	Richard	Uhrenhandlung	Freiestrasse 86	Basel	1873	1899	66	telefonbuch_068	PTT-Archiv, P-260-1_Basel_1899_2	Basel
Leber	A. & Co.	Baugeschäft	Davidsbodenstrasse 13	Basel	1505	1899	66	telefonbuch_068	PTT-Archiv, P-260-1_Basel_1899_2	Basel
Lechner	Theodor & Co.		Clarastrasse 19	Basel	3519	1899	66	telefonbuch_068	PTT-Archiv, P-260-1_Basel_1899_2	Basel
Leder-Angst	Fr.	Vice-Direktor der Basler Handelsbank	St. Albananlage 6	Basel	4079	1899	66	telefonbuch_068	PTT-Archiv, P-260-1_Basel_1899_2	Basel
Lederer-Weidenbach		Bäcker	Güterstrasse 210	Basel	3765	1899	66	telefonbuch_068	PTT-Archiv, P-260-1_Basel_1899_2	Basel
Lederle	J.		Mörsbergerweg 54	Basel	3374	1899	66	telefonbuch_068	PTT-Archiv, P-260-1_Basel_1899_2	Basel
Lederle	Rud.	Spenglermeister	Feldbergstrasse 119	Basel	46	1899	66	telefonbuch_068	PTT-Archiv, P-260-1_Basel_1899_2	Basel
Lehmann	Ch.		Breisacherstrasse 30	Basel	1234	1899	66	telefonbuch_068	PTT-Archiv, P-260-1_Basel_1899_2	Basel
Lehmann	Chr.	Metzger	Feldbergstrasse 100	Basel	3413	1899	66	telefonbuch_068	PTT-Archiv, P-260-1_Basel_1899_2	Basel
Leisinger	Jb.	Hôtel Blume	Schwanengasse 4	Basel	1695	1899	66	telefonbuch_068	PTT-Archiv, P-260-1_Basel_1899_2	Basel
Lendorff	C. F.	akademische Buchhandlung, Carl Sallmann's Nachfolger	Eisengasse 6	Basel	1393	1899	67	telefonbuch_069	PTT-Archiv, P-260-1_Basel_1899_2	Basel
Lesegesellschaft		allgemeine	Münsterplatz 8	Basel	1049	1899	67	telefonbuch_069	PTT-Archiv, P-260-1_Basel_1899_2	Basel
Letzgus-Weber	Max	Schmiedmeister	Hebelstrasse 82	Basel	28	1899	67	telefonbuch_069	PTT-Archiv, P-260-1_Basel_1899_2	Basel
Leu	August	Spezereien	Freiburgerstrasse 17	Basel	779	1899	67	telefonbuch_069	PTT-Archiv, P-260-1_Basel_1899_2	Basel
Leu-Lerch	Jakob	Gärtner	Riehenstrasse 12	Basel	3817	1899	67	telefonbuch_069	PTT-Archiv, P-260-1_Basel_1899_2	Basel
Leuenberger		Gebrüder, Metzgermeister	St. Albanvorstadt 56	Basel	1822	1899	67	telefonbuch_069	PTT-Archiv, P-260-1_Basel_1899_2	Basel
Leuenberger-Grauwyler		Gebr., Metzgermeister	Aeschenvorstadt 71	Basel	1942	1899	67	telefonbuch_069	PTT-Archiv, P-260-1_Basel_1899_2	Basel
Leupin	C.	Tierarzt	Grenzacherstrasse 95	Basel	3744	1899	67	telefonbuch_069	PTT-Archiv, P-260-1_Basel_1899_2	Basel
Leuthardt	Charles	Agentur & Commission	Austrasse 59	Basel	3032	1899	67	telefonbuch_069	PTT-Archiv, P-260-1_Basel_1899_2	Basel
Leuthardt-Thornton	P.		Eulerstrasse 17	Basel	2842	1899	67	telefonbuch_069	PTT-Archiv, P-260-1_Basel_1899_2	Basel
Leuzinger-Frey	J.	z. Posthörnli	Gerbergässlein 1	Basel	3014	1899	67	telefonbuch_069	PTT-Archiv, P-260-1_Basel_1899_2	Basel
Levaillant	B.	& Co.	Mostackerstrasse 18	Basel	2851	1899	67	telefonbuch_069	PTT-Archiv, P-260-1_Basel_1899_2	Basel
Levaillant-Bollag	S.		Steinengraben 12	Basel	2984	1899	67	telefonbuch_069	PTT-Archiv, P-260-1_Basel_1899_2	Basel
Levaillant	H.	Pferdehändler	Müllerweg 34	Basel	2678	1899	67	telefonbuch_069	PTT-Archiv, P-260-1_Basel_1899_2	Basel
Levaillant-Levaillant	L.	Pferdehändler	Solothurnerstrasse 57	Basel	4086	1899	67	telefonbuch_069	PTT-Archiv, P-260-1_Basel_1899_2	Basel
Levaillant	Louis		Byfangweg 26	Basel	3256	1899	67	telefonbuch_069	PTT-Archiv, P-260-1_Basel_1899_2	Basel
Levy	Achilles	Pferdehändler	Obere Rebgasse 35	Basel	4074	1899	67	telefonbuch_069	PTT-Archiv, P-260-1_Basel_1899_2	Basel
Levy-Brunschwig	P.		Heumattstrasse 15	Basel	2170	1899	67	telefonbuch_069	PTT-Archiv, P-260-1_Basel_1899_2	Basel
Lévy	Charles	Wein- und Spirituosenhandlung	Bahnhofstrasse 77	Basel	3318	1899	67	telefonbuch_069	PTT-Archiv, P-260-1_Basel_1899_2	Basel
Levy		fils	Güterstrasse 133	Basel	3940	1899	67	telefonbuch_069	PTT-Archiv, P-260-1_Basel_1899_2	Basel
Levy-Finger et ses fils			Totentanz 1	Basel	1366	1899	67	telefonbuch_069	PTT-Archiv, P-260-1_Basel_1899_2	Basel
Levy frères			Solothurnerstrasse 48	Basel	4091	1899	67	telefonbuch_069	PTT-Archiv, P-260-1_Basel_1899_2	Basel
Levy-Isliker	T.	(Bureau)	Oberwilerstrasse 165	Basel	2527	1899	67	telefonbuch_069	PTT-Archiv, P-260-1_Basel_1899_2	Basel
Levy-Isliker	T.	(Wohnung)	Bachlettenstrasse 86	Basel	2527	1899	67	telefonbuch_069	PTT-Archiv, P-260-1_Basel_1899_2	Basel
Levy-Isliker	T.	Filiale	Sternenfeld	Birsfelden		1899	67	telefonbuch_069	PTT-Archiv, P-260-1_Basel_1899_2	Basel
Lichtenberg	G. F.	Zahnarzt	St. Jakobstrasse 18	Basel	2305	1899	67	telefonbuch_069	PTT-Archiv, P-260-1_Basel_1899_2	Basel
Lichtenhahn	Carl	Dr.	Sevogelstrasse 56	Basel	4186	1899	67	telefonbuch_069	PTT-Archiv, P-260-1_Basel_1899_2	Basel
Lichtenhahn-Hauser			Engelgasse 5	Basel	1909	1899	67	telefonbuch_069	PTT-Archiv, P-260-1_Basel_1899_2	Basel
Lichtenhahn-Müller			Angensteinerstrasse 14	Basel	3960	1899	67	telefonbuch_069	PTT-Archiv, P-260-1_Basel_1899_2	Basel
Lichtenhahn-von Wattenwyl	H.	Pfarrer	Klingenthal 13	Basel	1271	1899	67	telefonbuch_069	PTT-Archiv, P-260-1_Basel_1899_2	Basel
Lichtenhahn	Wilh.	Notar	Elisabethenstrasse 20	Basel	2154	1899	67	telefonbuch_069	PTT-Archiv, P-260-1_Basel_1899_2	Basel
Lieb-Burckhardt	Susa	Frau	Birmannsgasse 13	Basel	2658	1899	68	telefonbuch_070	PTT-Archiv, P-260-1_Basel_1899_2	Basel
Lieb-Burckhardt	Ludw.		Allschwilerstrasse 22	Basel	2673	1899	68	telefonbuch_070	PTT-Archiv, P-260-1_Basel_1899_2	Basel
Liebmann		Gebr., & Oehme	Steinenthorstrasse 12	Basel	2250	1899	68	telefonbuch_070	PTT-Archiv, P-260-1_Basel_1899_2	Basel
Liebrich-Frey	H.		Rüdengasse 1	Basel	1877	1899	68	telefonbuch_070	PTT-Archiv, P-260-1_Basel_1899_2	Basel
Liermann	F.		Reichensteinerstrasse 18	Basel	2206	1899	68	telefonbuch_070	PTT-Archiv, P-260-1_Basel_1899_2	Basel
Liermann	Friedr.		Spalenthorweg 49	Basel	2850	1899	68	telefonbuch_070	PTT-Archiv, P-260-1_Basel_1899_2	Basel
Lierow	Albert	Lithograph	Nadelberg 12	Basel	1401	1899	68	telefonbuch_070	PTT-Archiv, P-260-1_Basel_1899_2	Basel
Lindenmeyer	Fritz	Nachfolger von Müller-Hauser	Gärtnerstrasse 22	Basel	790	1899	68	telefonbuch_070	PTT-Archiv, P-260-1_Basel_1899_2	Basel
Lindenmeyer-Müller			Missionsstrasse 12	Basel	2617	1899	68	telefonbuch_070	PTT-Archiv, P-260-1_Basel_1899_2	Basel
Lindenmeyer-Seiler	Fritz		Glöcklihof	Riehen	4316	1899	68	telefonbuch_070	PTT-Archiv, P-260-1_Basel_1899_2	Basel
Linder	Ad.	Porzellanwaren	Freiestrasse 21	Basel	1260	1899	68	telefonbuch_070	PTT-Archiv, P-260-1_Basel_1899_2	Basel
Linder-Bischoff	Rudolf		Wettsteinplatz 8	Basel	3727	1899	68	telefonbuch_070	PTT-Archiv, P-260-1_Basel_1899_2	Basel
Linder-Hopf	J. J.		Missionsstrasse 31	Basel	2628	1899	68	telefonbuch_070	PTT-Archiv, P-260-1_Basel_1899_2	Basel
Linder	J. J.	& Co.	Nadelberg 3	Basel	1475	1899	68	telefonbuch_070	PTT-Archiv, P-260-1_Basel_1899_2	Basel
Linder-Kummer	R.		Austrasse 37	Basel	2979	1899	68	telefonbuch_070	PTT-Archiv, P-260-1_Basel_1899_2	Basel
Linder	Rud.	Baugeschäft, Architekturbureau	Freiestrasse 74	Basel	2008	1899	68	telefonbuch_070	PTT-Archiv, P-260-1_Basel_1899_2	Basel
Linder	Rud.	Werkhof	Grenzacherstrasse 32	Basel	3738	1899	68	telefonbuch_070	PTT-Archiv, P-260-1_Basel_1899_2	Basel
Linder	Rud.	Steinbruchbetrieb		bei Münchenstein	3900	1899	68	telefonbuch_070	PTT-Archiv, P-260-1_Basel_1899_2	Basel
Linder	Rud.	Steinmetzbetrieb	Grenzacherstrasse 209	Basel	3234	1899	68	telefonbuch_070	PTT-Archiv, P-260-1_Basel_1899_2	Basel
Link-Gössel	J.	Spenglermeister	Obere Rebgasse 27	Basel	2965	1899	68	telefonbuch_070	PTT-Archiv, P-260-1_Basel_1899_2	Basel
Link-Probst	Melch.	Schreiner	Petersgasse 48	Basel	1562	1899	68	telefonbuch_070	PTT-Archiv, P-260-1_Basel_1899_2	Basel
Lippe	G.	Agentur u. Schreibbureau	Spalenberg 16	Basel	2614	1899	68	telefonbuch_070	PTT-Archiv, P-260-1_Basel_1899_2	Basel
Lippe	R.	Confiseur	Spalenvorstadt 39	Basel		1899	68	telefonbuch_070	PTT-Archiv, P-260-1_Basel_1899_2	Basel
Lippmann	S.	Ausstattungsmagazin	Steinenvorstadt 58	Basel	2490	1899	68	telefonbuch_070	PTT-Archiv, P-260-1_Basel_1899_2	Basel
Lippmann & Wyler			Birmannsgasse 31	Basel	3068	1899	68	telefonbuch_070	PTT-Archiv, P-260-1_Basel_1899_2	Basel
Lips-Boss	Rud.	Malermeister	Petersgraben 47	Basel	1433	1899	68	telefonbuch_070	PTT-Archiv, P-260-1_Basel_1899_2	Basel
Lips		Gebrüder, Lithographen	Nadelberg 37	Basel	2656	1899	68	telefonbuch_070	PTT-Archiv, P-260-1_Basel_1899_2	Basel
Lips-Rauch	Jb.	Glasermeister	Thannerstrasse 7	Basel	990	1899	68	telefonbuch_070	PTT-Archiv, P-260-1_Basel_1899_2	Basel
Litzler	Th.	Wwe, Ziegeleibesitzerin		Ruchfeld	3916	1899	68	telefonbuch_070	PTT-Archiv, P-260-1_Basel_1899_2	Basel
Litzler & Keller		Feuerwerker	Allschwilerstrasse 15	Basel	892	1899	68	telefonbuch_070	PTT-Archiv, P-260-1_Basel_1899_2	Basel
Litzler & Keller		Werkhof und Magazin	Klybeckstrasse 124	Basel	775	1899	68	telefonbuch_070	PTT-Archiv, P-260-1_Basel_1899_2	Basel
Löb		Gebrüder	Eisengasse 21	Basel	1583	1899	68	telefonbuch_070	PTT-Archiv, P-260-1_Basel_1899_2	Basel
Löb-Schwarz	Justus		Spalenthorweg 54	Basel	2684	1899	68	telefonbuch_070	PTT-Archiv, P-260-1_Basel_1899_2	Basel
Lochbrunner	Th.			Arlesheim	3900	1899	68	telefonbuch_070	PTT-Archiv, P-260-1_Basel_1899_2	Basel
Löffel	Wilhelm	Baugeschäft	Breisacherstrasse 29	Basel		1899	68	telefonbuch_070	PTT-Archiv, P-260-1_Basel_1899_2	Basel
Löffler	Carl		Steinengraben 8	Basel	2940	1899	69	telefonbuch_071	PTT-Archiv, P-260-1_Basel_1899_2	Basel
Löffler & Co.			Gerbergasse 2	Basel	1438	1899	69	telefonbuch_071	PTT-Archiv, P-260-1_Basel_1899_2	Basel
Logir-Vereinshaus Kleinbasel			Brandgasse 5	Basel	3457	1899	69	telefonbuch_071	PTT-Archiv, P-260-1_Basel_1899_2	Basel
Lohner	J.	Malermeister	St. Albanthal 40	Basel	4146	1899	69	telefonbuch_071	PTT-Archiv, P-260-1_Basel_1899_2	Basel
Löhrer-Gysin	Jb.	Baugeschäft	Sperrstrasse 91	Basel	3322	1899	69	telefonbuch_071	PTT-Archiv, P-260-1_Basel_1899_2	Basel
Löliger	Alfred	Comestibles	Fischmarkt 2	Basel	1588	1899	69	telefonbuch_071	PTT-Archiv, P-260-1_Basel_1899_2	Basel
Löliger	Theodor	Dr.		Arlesheim	3900	1899	69	telefonbuch_071	PTT-Archiv, P-260-1_Basel_1899_2	Basel
Lœliger	Emil		Mühlenberg 7	Basel	890	1899	69	telefonbuch_071	PTT-Archiv, P-260-1_Basel_1899_2	Basel
Löliger-Jenny	Fritz		Margarethenstrasse 99	Basel	3016	1899	69	telefonbuch_071	PTT-Archiv, P-260-1_Basel_1899_2	Basel
London Tea Company			Petersgraben 37	Basel	1450	1899	69	telefonbuch_071	PTT-Archiv, P-260-1_Basel_1899_2	Basel
Lorentz	Jos. N.	& Co.	Kandererstrasse 35	Basel		1899	69	telefonbuch_071	PTT-Archiv, P-260-1_Basel_1899_2	Basel
Lorenz	Ed.	Kürschner und Pelzhandlung	Spalenberg 9	Basel	2600	1899	69	telefonbuch_071	PTT-Archiv, P-260-1_Basel_1899_2	Basel
Lorenz		Wwe, Hôtel Métropole	Barfüsserplatz 3/4	Basel	2353	1899	69	telefonbuch_071	PTT-Archiv, P-260-1_Basel_1899_2	Basel
Lorétan-Huguenin	H.		Gasstrasse 7	Basel	1625	1899	69	telefonbuch_071	PTT-Archiv, P-260-1_Basel_1899_2	Basel
Lotz	Arnold	Dr.	Austrasse 2	Basel	3061	1899	69	telefonbuch_071	PTT-Archiv, P-260-1_Basel_1899_2	Basel
Lotz	A.	& Co.	Rheingasse 33	Basel	1184	1899	69	telefonbuch_071	PTT-Archiv, P-260-1_Basel_1899_2	Basel
Lotz-Landerer	Th.	Dr. med.	Leonhardstrasse 4	Basel	2987	1899	69	telefonbuch_071	PTT-Archiv, P-260-1_Basel_1899_2	Basel
Lotz	Friedr.	Wwe	Rebgasse 32	Basel	1127	1899	69	telefonbuch_071	PTT-Archiv, P-260-1_Basel_1899_2	Basel
Lotze-Lips	G.	Spenglermeister	Grellingerstrasse 41	Basel	3592	1899	69	telefonbuch_071	PTT-Archiv, P-260-1_Basel_1899_2	Basel
Löw	Fritz	Architekt		Arlesheim	3900	1899	69	telefonbuch_071	PTT-Archiv, P-260-1_Basel_1899_2	Basel
Löwenbräu		Basler	Grenzacherstrasse 124	Basel	3175	1899	69	telefonbuch_071	PTT-Archiv, P-260-1_Basel_1899_2	Basel
Löwenbräu		Basler	Clarastrasse 2	Basel	3527	1899	69	telefonbuch_071	PTT-Archiv, P-260-1_Basel_1899_2	Basel
Löwenbräu		Basler	Aeschenvorstadt 45	Basel	1946	1899	69	telefonbuch_071	PTT-Archiv, P-260-1_Basel_1899_2	Basel
Lüchinger & Oesterlin		Eierhdl.	Dornacherstrasse 36	Basel	4095	1899	69	telefonbuch_071	PTT-Archiv, P-260-1_Basel_1899_2	Basel
Lüchinger & Oesterlin		Eierhdl.	Stadthausgasse 15	Basel	781	1899	69	telefonbuch_071	PTT-Archiv, P-260-1_Basel_1899_2	Basel
Lüdin-Bachert	Ludwig	Wirt	Centralbahnplatz 10	Basel	1797	1899	69	telefonbuch_071	PTT-Archiv, P-260-1_Basel_1899_2	Basel
Lüdin		Gebrüder, Baugeschäft	Frobenstrasse 40	Basel	4000	1899	69	telefonbuch_071	PTT-Archiv, P-260-1_Basel_1899_2	Basel
Lüdin	J.	Buchdruckerei		Binningen	4047	1899	69	telefonbuch_071	PTT-Archiv, P-260-1_Basel_1899_2	Basel
Lüdin-Jundt	H.		Eulerstrasse 62	Basel	2701	1899	69	telefonbuch_071	PTT-Archiv, P-260-1_Basel_1899_2	Basel
Ludwig	R.		Leimenstrasse 17	Basel	2933	1899	69	telefonbuch_071	PTT-Archiv, P-260-1_Basel_1899_2	Basel
Ludwig		Soeurs, Cigarrenhdlg.	Spalenberg 49	Basel	2821	1899	69	telefonbuch_071	PTT-Archiv, P-260-1_Basel_1899_2	Basel
Lüscher-Burckhardt	Rud.		Aeschengraben 16	Basel	1972	1899	69	telefonbuch_071	PTT-Archiv, P-260-1_Basel_1899_2	Basel
Lüscher	C.	& Co.	Freiestrasse 74	Basel	2338	1899	69	telefonbuch_071	PTT-Archiv, P-260-1_Basel_1899_2	Basel
Lüscher	C.	& Co., Börsensaal	Postgebäude	Basel	3148	1899	69	telefonbuch_071	PTT-Archiv, P-260-1_Basel_1899_2	Basel
Lüscher	C.	& Co., Börsensaal	Postgebäude	Basel	3145	1899	69	telefonbuch_071	PTT-Archiv, P-260-1_Basel_1899_2	Basel
Lüscher	J. A.	Metzger	Schneidergasse 9	Basel	1609	1899	69	telefonbuch_071	PTT-Archiv, P-260-1_Basel_1899_2	Basel
Lüscher-Streckeisen	C.		Aeschengraben 13	Basel	2304	1899	69	telefonbuch_071	PTT-Archiv, P-260-1_Basel_1899_2	Basel
Luschka	A.		Oberwilerstrasse 68	Basel	3066	1899	69	telefonbuch_071	PTT-Archiv, P-260-1_Basel_1899_2	Basel
Lüssy-Gemuseus	Rob.	Dr.	Sevogelstrasse 54	Basel	3530	1899	69	telefonbuch_071	PTT-Archiv, P-260-1_Basel_1899_2	Basel
Lüthy-Albrecht	Samuel	Säger	Claragraben 76	Basel	3461	1899	70	telefonbuch_072	PTT-Archiv, P-260-1_Basel_1899_2	Basel
Lutz	Georg	Metzgermeister	Stadthausgasse 11	Basel	1443	1899	70	telefonbuch_072	PTT-Archiv, P-260-1_Basel_1899_2	Basel
Lutz-Georg	Th.	Architekt	St. Johannringweg 105	Basel	1488	1899	70	telefonbuch_072	PTT-Archiv, P-260-1_Basel_1899_2	Basel
Mackenthun	E. & Co.	Vertreter: E. Leber	Wallstrasse 11	Basel	1837	1899	70	telefonbuch_072	PTT-Archiv, P-260-1_Basel_1899_2	Basel
Madörin	F. A.		Klingenthal 5	Basel	1291	1899	70	telefonbuch_072	PTT-Archiv, P-260-1_Basel_1899_2	Basel
Madöry-Steinbrüchel	Fr.		Steinengraben 81	Basel	2594	1899	70	telefonbuch_072	PTT-Archiv, P-260-1_Basel_1899_2	Basel
Maeder-Clerc	Fritz	Tapezierer	Aeschenvorstadt 56	Basel	2076	1899	70	telefonbuch_072	PTT-Archiv, P-260-1_Basel_1899_2	Basel
Maeder	D.	Parfumerie-Magazin	Freiestrasse 93	Basel	1865	1899	70	telefonbuch_072	PTT-Archiv, P-260-1_Basel_1899_2	Basel
Maeder	D.	(Privatwohnung)	Schaffhauser Rheinweg 67	Basel	1116	1899	70	telefonbuch_072	PTT-Archiv, P-260-1_Basel_1899_2	Basel
Maeder-Salathé	Adolf		Feierabendstrasse 12	Basel	3094	1899	70	telefonbuch_072	PTT-Archiv, P-260-1_Basel_1899_2	Basel
Magazine zu den vier Jahreszeiten		(vormals A. Eppens Sohn)	Clarastrasse 7	Basel	3506	1899	70	telefonbuch_072	PTT-Archiv, P-260-1_Basel_1899_2	Basel
Magazine zu den vier Jahreszeiten		(vormals A. Eppens Sohn)	Eisengasse 28	Basel	1592	1899	70	telefonbuch_072	PTT-Archiv, P-260-1_Basel_1899_2	Basel
Magazine zu den vier Jahreszeiten		(vormals A. Eppens Sohn)	Marktplatz 20	Basel	1556	1899	70	telefonbuch_072	PTT-Archiv, P-260-1_Basel_1899_2	Basel
Magazine zum Wilden Mann		vormals Jakob Sutter	Freiestrasse 35	Basel	1074	1899	70	telefonbuch_072	PTT-Archiv, P-260-1_Basel_1899_2	Basel
Mäglin	Frau B.		Spalenthorweg 45	Basel	2754	1899	70	telefonbuch_072	PTT-Archiv, P-260-1_Basel_1899_2	Basel
Mäglin	G.	z. obern Sternenfels	Bäumleingasse 7	Basel	1739	1899	70	telefonbuch_072	PTT-Archiv, P-260-1_Basel_1899_2	Basel
Mäglin-Grunauer	J.	Gärtner	Klybeckstrasse 77/81	Basel	3337	1899	70	telefonbuch_072	PTT-Archiv, P-260-1_Basel_1899_2	Basel
Mäglin	J. J.	Weinhandlung	Schützenmattstrasse 14	Basel	2737	1899	70	telefonbuch_072	PTT-Archiv, P-260-1_Basel_1899_2	Basel
Mähly-Sessler	Friedr.		Missionsstrasse 17	Basel	2855	1899	70	telefonbuch_072	PTT-Archiv, P-260-1_Basel_1899_2	Basel
Maier	G. A.	Agentur	Mostackerstrasse 18	Basel	2762	1899	70	telefonbuch_072	PTT-Archiv, P-260-1_Basel_1899_2	Basel
Maier	Jacques & Co.		Marktgasse 10	Basel	1553	1899	70	telefonbuch_072	PTT-Archiv, P-260-1_Basel_1899_2	Basel
Maier-Vomstein	St.	Zimmergeschäft	Unt. Rheinweg 142	Basel	3220	1899	70	telefonbuch_072	PTT-Archiv, P-260-1_Basel_1899_2	Basel
Maigrot	J. E.		Steinenthorstrasse 11	Basel	2135	1899	70	telefonbuch_072	PTT-Archiv, P-260-1_Basel_1899_2	Basel
Majer	Philipp	Droguerie	Greifengasse 25	Basel	1163	1899	70	telefonbuch_072	PTT-Archiv, P-260-1_Basel_1899_2	Basel
Mamier	Leo	Metzger	Matthäusstrasse 8	Basel	3340	1899	70	telefonbuch_072	PTT-Archiv, P-260-1_Basel_1899_2	Basel
Mändler & Ohm			Aeschenvorstadt 34	Basel	1567	1899	70	telefonbuch_072	PTT-Archiv, P-260-1_Basel_1899_2	Basel
Mandowsky	A.	Nachf. G. Seligmann	Marktplatz 4	Basel	2464	1899	70	telefonbuch_072	PTT-Archiv, P-260-1_Basel_1899_2	Basel
Manger	Emil		Güterstrasse 138	Basel	4096	1899	70	telefonbuch_072	PTT-Archiv, P-260-1_Basel_1899_2	Basel
Mangold-Hoffner	R.		Hammerstrasse 144	Basel	3447	1899	70	telefonbuch_072	PTT-Archiv, P-260-1_Basel_1899_2	Basel
Marbach	F.	Bernerleinwandlager	Leimenstrasse 21	Basel	2703	1899	70	telefonbuch_072	PTT-Archiv, P-260-1_Basel_1899_2	Basel
Marchal	M.		Wallstrasse 11	Basel	2202	1899	70	telefonbuch_072	PTT-Archiv, P-260-1_Basel_1899_2	Basel
Marchetti-Trinkler	P.	Comestibles	Aeschenvorstadt 22	Basel	2090	1899	71	telefonbuch_073	PTT-Archiv, P-260-1_Basel_1899_2	Basel
Marfort	Alb.		Freiestrasse 37	Basel	1077	1899	71	telefonbuch_073	PTT-Archiv, P-260-1_Basel_1899_2	Basel
Mariastein		Kloster		Mariastein	2520	1899	71	telefonbuch_073	PTT-Archiv, P-260-1_Basel_1899_2	Basel
Marienhaus		(Institut Ingenbohl)	Horburgstrasse 54	Basel	3361	1899	71	telefonbuch_073	PTT-Archiv, P-260-1_Basel_1899_2	Basel
Marienkirche		Pfarr-Rektorat	Austrasse 30	Basel	3019	1899	71	telefonbuch_073	PTT-Archiv, P-260-1_Basel_1899_2	Basel
Markees	E.	Dr., prakt. Arzt	Sempacherstrasse 34	Basel	4014	1899	71	telefonbuch_073	PTT-Archiv, P-260-1_Basel_1899_2	Basel
Markees	Ed.	Dr., Apotheker	Sevogelstrasse 51	Basel	3560	1899	71	telefonbuch_073	PTT-Archiv, P-260-1_Basel_1899_2	Basel
Markees-Jecklin	Johanna	Frau	Byfangweg 12	Basel	2994	1899	71	telefonbuch_073	PTT-Archiv, P-260-1_Basel_1899_2	Basel
Martin-Birk	J. K.	Wirt	Bachlettenstrasse 19	Basel	2551	1899	71	telefonbuch_073	PTT-Archiv, P-260-1_Basel_1899_2	Basel
Martin-Dolt	Hans		Mittlerestrasse 83	Basel	1482	1899	71	telefonbuch_073	PTT-Archiv, P-260-1_Basel_1899_2	Basel
Martin		Dr.		Pratteln	2598	1899	71	telefonbuch_073	PTT-Archiv, P-260-1_Basel_1899_2	Basel
Martin	V.	Dr., Sohn		Pratteln	2598	1899	71	telefonbuch_073	PTT-Archiv, P-260-1_Basel_1899_2	Basel
Martin-Haller	Jos.	Wirt	Barfüsserplatz 6	Basel	2053	1899	71	telefonbuch_073	PTT-Archiv, P-260-1_Basel_1899_2	Basel
Martin-Heitzmann		Wwe, z. Kantine	Mühleweg 5	Allschwil	2783	1899	71	telefonbuch_073	PTT-Archiv, P-260-1_Basel_1899_2	Basel
Marx	Adolph		Leimenstrasse 62	Basel	2920	1899	71	telefonbuch_073	PTT-Archiv, P-260-1_Basel_1899_2	Basel
Marxer	Adr.	Baumeister	Klybeckstrasse 190	Basel	3389	1899	71	telefonbuch_073	PTT-Archiv, P-260-1_Basel_1899_2	Basel
Maschinenbau-Gesellschaft			Hochstrasse 34	Basel	3919	1899	71	telefonbuch_073	PTT-Archiv, P-260-1_Basel_1899_2	Basel
Maschinenfabrik Burckhardt			Dornacherstrasse 192	Basel	3757	1899	71	telefonbuch_073	PTT-Archiv, P-260-1_Basel_1899_2	Basel
Massini	R.	Prof. Dr.	Steinengraben 71	Basel	2553	1899	71	telefonbuch_073	PTT-Archiv, P-260-1_Basel_1899_2	Basel
Mast	Jakob	Ingenieur	Grenzacherstrasse 3	Basel	3245	1899	71	telefonbuch_073	PTT-Archiv, P-260-1_Basel_1899_2	Basel
Mathiss	Emil		Schützenmattstrasse 16	Basel	2847	1899	71	telefonbuch_073	PTT-Archiv, P-260-1_Basel_1899_2	Basel
Mathys-Sterchi		Agent	Dornacherstrasse 58	Basel	3770	1899	71	telefonbuch_073	PTT-Archiv, P-260-1_Basel_1899_2	Basel
Matthews	Arthur	Wwe.	Angensteinerstrasse 22	Basel	3679	1899	71	telefonbuch_073	PTT-Archiv, P-260-1_Basel_1899_2	Basel
Matzinger	Julius	Dr.	Margarethenstrasse 49	Basel	4040	1899	71	telefonbuch_073	PTT-Archiv, P-260-1_Basel_1899_2	Basel
Matzinger	F.	Linoleumhdlg.	Steinenberg 25	Basel	2126	1899	71	telefonbuch_073	PTT-Archiv, P-260-1_Basel_1899_2	Basel
Maune	G.	Küfer und Wirt	Obere Rebgasse 4	Basel	3250	1899	71	telefonbuch_073	PTT-Archiv, P-260-1_Basel_1899_2	Basel
Maurer	F.	Sohn, Spengler	Klosterberg 21	Basel	2100	1899	71	telefonbuch_073	PTT-Archiv, P-260-1_Basel_1899_2	Basel
Mauthe-Schlenker	Joh.	Wirt	Burgfelderstrasse 2	Basel	1268	1899	71	telefonbuch_073	PTT-Archiv, P-260-1_Basel_1899_2	Basel
May	August	Buchbinder	Spalenvorstadt 21	Basel	2688	1899	71	telefonbuch_073	PTT-Archiv, P-260-1_Basel_1899_2	Basel
Mayer-Besels	Louis	(Wohnung)	Spalenthorweg 8	Basel	2589	1899	71	telefonbuch_073	PTT-Archiv, P-260-1_Basel_1899_2	Basel
Mayer-Holz	Friedr.	Wirt	Feldbergstrasse 23	Basel	1222	1899	71	telefonbuch_073	PTT-Archiv, P-260-1_Basel_1899_2	Basel
Mayer	J. de A.		Austrasse 52	Basel	2883	1899	71	telefonbuch_073	PTT-Archiv, P-260-1_Basel_1899_2	Basel
Mayer-Kirchhofer	Jos.	Bäcker	Unterer Heuberg 21	Basel	2160	1899	71	telefonbuch_073	PTT-Archiv, P-260-1_Basel_1899_2	Basel
Mayer & Co.	Louis		Solothurnerstrasse 35	Basel	3893	1899	71	telefonbuch_073	PTT-Archiv, P-260-1_Basel_1899_2	Basel
Mechanische Ziegelei Allschwil		F. Rothpletz		Allschwil	2783	1899	71	telefonbuch_073	PTT-Archiv, P-260-1_Basel_1899_2	Basel
Mechanische Ziegelei Oberwil		J. Fleury		Oberwil	2520	1899	71	telefonbuch_073	PTT-Archiv, P-260-1_Basel_1899_2	Basel
Mechel-Pfaff	A.	Weinhandlung	Obere Rebgasse 28	Basel	1215	1899	71	telefonbuch_073	PTT-Archiv, P-260-1_Basel_1899_2	Basel
Mechel	R.	Söhne	Untere Rheingasse 17	Basel	1267	1899	71	telefonbuch_073	PTT-Archiv, P-260-1_Basel_1899_2	Basel
Mechel-Rosenmund	Alb.	Wwe	Schaffhauserrheinweg 77	Basel	3735	1899	72	telefonbuch_074	PTT-Archiv, P-260-1_Basel_1899_2	Basel
Meder	G.	Buchdruckerei und Schreibmaterialien	St. Johannvorstadt 16	Basel	3281	1899	72	telefonbuch_074	PTT-Archiv, P-260-1_Basel_1899_2	Basel
Meerwein	Fr.		St. Albanvorstadt 18	Basel	1846	1899	72	telefonbuch_074	PTT-Archiv, P-260-1_Basel_1899_2	Basel
Meier	Alb.		Totentanz 13	Basel	2722	1899	72	telefonbuch_074	PTT-Archiv, P-260-1_Basel_1899_2	Basel
Meier	F.	Dr.	St. Johannvorstadt 3	Basel	1277	1899	72	telefonbuch_074	PTT-Archiv, P-260-1_Basel_1899_2	Basel
Meier	J.	Sargfabrikant	Steinenvorstadt 25	Basel	2199	1899	72	telefonbuch_074	PTT-Archiv, P-260-1_Basel_1899_2	Basel
Meier-Meier	Frz.	Milch- und Spezereihandlung	Müllheimerstrasse 142	Basel	3343	1899	72	telefonbuch_074	PTT-Archiv, P-260-1_Basel_1899_2	Basel
Meier	John	Prof. Dr.	Nonnenweg 62	Basel	744	1899	72	telefonbuch_074	PTT-Archiv, P-260-1_Basel_1899_2	Basel
Meier-Schäfer	Sam.	Wirt	Untere Rheingasse 12	Basel	1214	1899	72	telefonbuch_074	PTT-Archiv, P-260-1_Basel_1899_2	Basel
Meier-Trinkler	J.	Hôtel goldener Hirsch	Bahnhofstrasse 37	Basel	3460	1899	72	telefonbuch_074	PTT-Archiv, P-260-1_Basel_1899_2	Basel
Meier	Victor	Holzhandlung	Hauptstrasse 63	Birsfelden	196	1899	72	telefonbuch_074	PTT-Archiv, P-260-1_Basel_1899_2	Basel
Meili	Louise	Café Helm	Fischmarkt 4	Basel	1566	1899	72	telefonbuch_074	PTT-Archiv, P-260-1_Basel_1899_2	Basel
Meinecke	H.		Kohlenberggasse 31	Basel	1861	1899	72	telefonbuch_074	PTT-Archiv, P-260-1_Basel_1899_2	Basel
Meister	Ferd.	zur Bahnhofrestauration		Dornachbrugg	3900	1899	72	telefonbuch_074	PTT-Archiv, P-260-1_Basel_1899_2	Basel
Meister	Josef	Haferhandlung, Bureau und Wohnung	Utengasse 15	Basel	1194	1899	72	telefonbuch_074	PTT-Archiv, P-260-1_Basel_1899_2	Basel
Meister	N.			Münchenstein	3900	1899	72	telefonbuch_074	PTT-Archiv, P-260-1_Basel_1899_2	Basel
Mellinger	Carl	Dr., Prof.	Holbeinstrasse 1	Basel	2756	1899	72	telefonbuch_074	PTT-Archiv, P-260-1_Basel_1899_2	Basel
Memmel, Sohn	M.	Kautschukstempel-Fabrikant	Eulerstrasse 13	Basel	1874	1899	72	telefonbuch_074	PTT-Archiv, P-260-1_Basel_1899_2	Basel
Memmel-Tripet	C.		Eisengasse 5	Basel	1349	1899	72	telefonbuch_074	PTT-Archiv, P-260-1_Basel_1899_2	Basel
Memminger-Lang	Chr.	Metzger	Sempacherstrasse 23	Basel	4083	1899	72	telefonbuch_074	PTT-Archiv, P-260-1_Basel_1899_2	Basel
Merian	Adolf		Münsterplatz 17	Basel	1090	1899	72	telefonbuch_074	PTT-Archiv, P-260-1_Basel_1899_2	Basel
Merian-Bischoff	S.	Lilienhof	Gellertstrasse 9	Basel	4103	1899	72	telefonbuch_074	PTT-Archiv, P-260-1_Basel_1899_2	Basel
Merian (Chr.)'sche Stiftung			Elisabethenstrasse 8	Basel	1423	1899	72	telefonbuch_074	PTT-Archiv, P-260-1_Basel_1899_2	Basel
Merian (Chr.)'sche Stiftung			Domäne St. Jakob	Basel	3565	1899	72	telefonbuch_074	PTT-Archiv, P-260-1_Basel_1899_2	Basel
Merian (Chr.)'sche Stiftung			Reinacherstrasse 260	Basel	769	1899	72	telefonbuch_074	PTT-Archiv, P-260-1_Basel_1899_2	Basel
Merian	Rudolf	Dr.	Obere Rebgasse 21	Basel	1125	1899	72	telefonbuch_074	PTT-Archiv, P-260-1_Basel_1899_2	Basel
Merian	Fritz		Sägergässlein 3	Basel	1296	1899	72	telefonbuch_074	PTT-Archiv, P-260-1_Basel_1899_2	Basel
Merian	H.	& Co.	Aeschenvorstadt 4	Basel	2019	1899	72	telefonbuch_074	PTT-Archiv, P-260-1_Basel_1899_2	Basel
Merian-Heusler	W.		Grenzacherstrasse 325	Basel	3233	1899	72	telefonbuch_074	PTT-Archiv, P-260-1_Basel_1899_2	Basel
Merian-Iselin	A.	Wwe	St. Albananlage 31	Basel	4282	1899	72	telefonbuch_074	PTT-Archiv, P-260-1_Basel_1899_2	Basel
Merian	Julie Marg.		Langegasse 23	Basel	1904	1899	72	telefonbuch_074	PTT-Archiv, P-260-1_Basel_1899_2	Basel
Merian	Math.		Sevogelstrasse 58	Basel	3588	1899	72	telefonbuch_074	PTT-Archiv, P-260-1_Basel_1899_2	Basel
Merian-Paravicini	Hrch.		St. Albanvorstadt 82	Basel	4284	1899	72	telefonbuch_074	PTT-Archiv, P-260-1_Basel_1899_2	Basel
Merian-Paravicini	Hrch.		Vogelsangweg 3	Basel	3836	1899	72	telefonbuch_074	PTT-Archiv, P-260-1_Basel_1899_2	Basel
Merian-Thurneysen	Alfred		Riehenstrasse 234 und 246	Basel	3839	1899	72	telefonbuch_074	PTT-Archiv, P-260-1_Basel_1899_2	Basel
Merian & Brüderlin			Freiestrasse 2	Basel	1573	1899	73	telefonbuch_075	PTT-Archiv, P-260-1_Basel_1899_2	Basel
Merian-VonderMühll	E.		Riehenstrasse 154	Basel	3832	1899	73	telefonbuch_075	PTT-Archiv, P-260-1_Basel_1899_2	Basel
Merian-Zaeslin	J. R.		Missionsstrasse 24	Basel	2619	1899	73	telefonbuch_075	PTT-Archiv, P-260-1_Basel_1899_2	Basel
Merk	A.	Schreinermeister	Sternengasse 29	Basel	2402	1899	73	telefonbuch_075	PTT-Archiv, P-260-1_Basel_1899_2	Basel
Merk	K.	Lehrer	Bachlettenstrasse 56	Basel	2958	1899	73	telefonbuch_075	PTT-Archiv, P-260-1_Basel_1899_2	Basel
Merke	Hans	Dr. (Bureau)	Freiestrasse 52	Basel	2415	1899	73	telefonbuch_075	PTT-Archiv, P-260-1_Basel_1899_2	Basel
Merke-Werzinger	H.	Dr. (Wohnung)	Gartenstrasse 87	Basel	2559	1899	73	telefonbuch_075	PTT-Archiv, P-260-1_Basel_1899_2	Basel
Merkle-Imbach	Ed.		Missionsstrasse 9	Basel	2632	1899	73	telefonbuch_075	PTT-Archiv, P-260-1_Basel_1899_2	Basel
Merkle & Co.			Kohlenberg 25	Basel	3111	1899	73	telefonbuch_075	PTT-Archiv, P-260-1_Basel_1899_2	Basel
Merkt-Schmutz	A.	Metzger	Spalenberg 60	Basel	2686	1899	73	telefonbuch_075	PTT-Archiv, P-260-1_Basel_1899_2	Basel
Mertz	Emil		Weidengasse 5	Basel	4298	1899	73	telefonbuch_075	PTT-Archiv, P-260-1_Basel_1899_2	Basel
Merz	Hans	Dr.	Lothringerstrasse 7	Basel	761	1899	73	telefonbuch_075	PTT-Archiv, P-260-1_Basel_1899_2	Basel
Merz	Elise	Cigarrenhandlung	Greifengasse 5	Basel	1280	1899	73	telefonbuch_075	PTT-Archiv, P-260-1_Basel_1899_2	Basel
Merz	Lina	Cigarrenhandlung	Marktplatz 35	Basel	1602	1899	73	telefonbuch_075	PTT-Archiv, P-260-1_Basel_1899_2	Basel
Messerschmidt	Ad.	Holzgrosshandlung		Pratteln	2598	1899	73	telefonbuch_075	PTT-Archiv, P-260-1_Basel_1899_2	Basel
Messner	J.	Architekt und Baumeister	Rheinstrasse 23	Birsfelden	4227	1899	73	telefonbuch_075	PTT-Archiv, P-260-1_Basel_1899_2	Basel
Metz		Gebrüder	Clarastrasse 12	Basel	3533	1899	73	telefonbuch_075	PTT-Archiv, P-260-1_Basel_1899_2	Basel
Metzger	Adolf	Papierhandlg.	Reichensteinerstrasse 18	Basel	4006	1899	73	telefonbuch_075	PTT-Archiv, P-260-1_Basel_1899_2	Basel
Metzger	E.	Entleerungsgeschäft	Grenzacherstrasse 8	Basel	3197	1899	73	telefonbuch_075	PTT-Archiv, P-260-1_Basel_1899_2	Basel
Metzger	Gust.	Weisswaren	Münsterberg 2	Basel	1827	1899	73	telefonbuch_075	PTT-Archiv, P-260-1_Basel_1899_2	Basel
Metzger-Hugenschmidt	B.	Schreinermeister	Hammerstrasse 57	Basel	3631	1899	73	telefonbuch_075	PTT-Archiv, P-260-1_Basel_1899_2	Basel
Metzger-Portmann	Rud.	Wirt	Farnsburgerstrasse 34	Basel	4211	1899	73	telefonbuch_075	PTT-Archiv, P-260-1_Basel_1899_2	Basel
Meyer	Adalbert	z. Rothaus		Schweizerhalle	2598	1899	73	telefonbuch_075	PTT-Archiv, P-260-1_Basel_1899_2	Basel
Meyer	August		Rebgasse 42	Basel	123	1899	73	telefonbuch_075	PTT-Archiv, P-260-1_Basel_1899_2	Basel
Meyer-Brügger	J.		Burgunderstrasse 28	Basel	2937	1899	73	telefonbuch_075	PTT-Archiv, P-260-1_Basel_1899_2	Basel
Meyer	Casimir	& Co.	Leonhardstrasse 26	Basel	3012	1899	73	telefonbuch_075	PTT-Archiv, P-260-1_Basel_1899_2	Basel
Meyer	Eduard	Dr., Zahnarzt	Freiestrasse 42	Basel	1957	1899	73	telefonbuch_075	PTT-Archiv, P-260-1_Basel_1899_2	Basel
Meyer	Heinrich	Dr.	Spalenberg 63	Basel	2712	1899	73	telefonbuch_075	PTT-Archiv, P-260-1_Basel_1899_2	Basel
Meyer		Gebr., Baugeschäft	Müllerweg 48	Basel	2677	1899	73	telefonbuch_075	PTT-Archiv, P-260-1_Basel_1899_2	Basel
Meyer	Gottlieb	Schlosser		Muttenz	4317	1899	73	telefonbuch_075	PTT-Archiv, P-260-1_Basel_1899_2	Basel
Meyer	Gustav		Kohlenberg 25	Basel	3025	1899	73	telefonbuch_075	PTT-Archiv, P-260-1_Basel_1899_2	Basel
Meyer	Hans	Bäcker	St. Albanvorstadt 41	Basel	1767	1899	73	telefonbuch_075	PTT-Archiv, P-260-1_Basel_1899_2	Basel
Meyer-Honegger	C.	Holzhändler	Burgfelderstrasse 16/18	Basel	827	1899	73	telefonbuch_075	PTT-Archiv, P-260-1_Basel_1899_2	Basel
Meyer-Kistler	Herm.	Spenglermeister	Steinenvorstadt 44	Basel	2440	1899	73	telefonbuch_075	PTT-Archiv, P-260-1_Basel_1899_2	Basel
Meyer-Kunz	Arthur	Metzger		Reinach	3900	1899	73	telefonbuch_075	PTT-Archiv, P-260-1_Basel_1899_2	Basel
Meyer-Lichtenhahn	Th.		Elisabethenstrasse 20	Basel	2139	1899	73	telefonbuch_075	PTT-Archiv, P-260-1_Basel_1899_2	Basel
Meyer-Lieb	Paul	Dr.	Holbeinstrasse 6	Basel	2223	1899	74	telefonbuch_076	PTT-Archiv, P-260-1_Basel_1899_2	Basel
Meyer	Louis	Metzgermeister	Steinenthorstrasse 25	Basel	2134	1899	74	telefonbuch_076	PTT-Archiv, P-260-1_Basel_1899_2	Basel
Meyer-Märkt	Barb.	Wwe	Steinengraben 22	Basel	2988	1899	74	telefonbuch_076	PTT-Archiv, P-260-1_Basel_1899_2	Basel
Meyer-Pflüger	Jos.	Malermstr.	Burgfelderstrasse 30	Basel	1474	1899	74	telefonbuch_076	PTT-Archiv, P-260-1_Basel_1899_2	Basel
Meyer	René	Gasthof 3 Könige		Kleinhüningen	3339	1899	74	telefonbuch_076	PTT-Archiv, P-260-1_Basel_1899_2	Basel
Meyer	R. Fr.	Fuhrhalterei und Camionnage	Klosterberg 25	Basel	2140	1899	74	telefonbuch_076	PTT-Archiv, P-260-1_Basel_1899_2	Basel
Meyer's (J. C.) Wwe. & Co.			Gerbergässlein 22	Basel	3112	1899	74	telefonbuch_076	PTT-Archiv, P-260-1_Basel_1899_2	Basel
Meyer's (J. C.) Wwe. & Co.				Pratteln	2598	1899	74	telefonbuch_076	PTT-Archiv, P-260-1_Basel_1899_2	Basel
Meyer-Schaal	E.	Bäcker	Webergasse 35	Basel	1217	1899	74	telefonbuch_076	PTT-Archiv, P-260-1_Basel_1899_2	Basel
Meyer-Schmid	Carl	Prof. Dr.	Feierabendstrasse 71	Basel	2176	1899	74	telefonbuch_076	PTT-Archiv, P-260-1_Basel_1899_2	Basel
Meyer-Siegrist	A.		Eulerstrasse 53	Basel	2782	1899	74	telefonbuch_076	PTT-Archiv, P-260-1_Basel_1899_2	Basel
Meyer & Gloor		italienischer u. englischer Verkehr, Camionnage (Herr Meyer)	Wallstrasse 8	Basel	2210	1899	74	telefonbuch_076	PTT-Archiv, P-260-1_Basel_1899_2	Basel
Meyer & Gloor		Eisen- und Tabak-Verkehr und Kassa (Herr Gloor)	Wallstrasse 8	Basel	2204	1899	74	telefonbuch_076	PTT-Archiv, P-260-1_Basel_1899_2	Basel
Meyer & Goetschel			Kohlenberg 7	Basel	2546	1899	74	telefonbuch_076	PTT-Archiv, P-260-1_Basel_1899_2	Basel
Meyer-Vogel	M.	Wwe.	Steinengraben 40	Basel	3084	1899	74	telefonbuch_076	PTT-Archiv, P-260-1_Basel_1899_2	Basel
Meyer-von Schmid	J.		Holbeinstrasse 86	Basel	3069	1899	74	telefonbuch_076	PTT-Archiv, P-260-1_Basel_1899_2	Basel
Meyer	Wilhelm	Wirt	Bruderholzstrasse 76	Basel	4033	1899	74	telefonbuch_076	PTT-Archiv, P-260-1_Basel_1899_2	Basel
Mezger	E.	& Co.	Claragraben 14	Basel	3816	1899	74	telefonbuch_076	PTT-Archiv, P-260-1_Basel_1899_2	Basel
Mezger-Hersberger	J.		Hochbergerweg 23	Basel	3363	1899	74	telefonbuch_076	PTT-Archiv, P-260-1_Basel_1899_2	Basel
Miedel	Hans		Hirzbodenweg 86	Basel	2400	1899	74	telefonbuch_076	PTT-Archiv, P-260-1_Basel_1899_2	Basel
Mieg	Charles		Maiengasse 16	Basel	292	1899	74	telefonbuch_076	PTT-Archiv, P-260-1_Basel_1899_2	Basel
Mieg	Emanuel		Kanonengasse 15	Basel	2481	1899	74	telefonbuch_076	PTT-Archiv, P-260-1_Basel_1899_2	Basel
Miescher	Paul		Augustinergasse 21	Basel	3114	1899	74	telefonbuch_076	PTT-Archiv, P-260-1_Basel_1899_2	Basel
Milchkuranstalt, Basler		von Walther Schmid	Eulerstrasse 82	Basel	2592	1899	74	telefonbuch_076	PTT-Archiv, P-260-1_Basel_1899_2	Basel
Mineralwasser- und Colonialwarenhandlung		vormals E. Krayer-Ramsperger	Freiestrasse 39	Basel	1057	1899	74	telefonbuch_076	PTT-Archiv, P-260-1_Basel_1899_2	Basel
Missionshandlungsgesellschaft			Nonnenweg 21	Basel	2669	1899	74	telefonbuch_076	PTT-Archiv, P-260-1_Basel_1899_2	Basel
Missionsverwaltung			Missionsstrasse 21	Basel	2625	1899	74	telefonbuch_076	PTT-Archiv, P-260-1_Basel_1899_2	Basel
Misslin-Mahrer	C.		Leonhardstrasse 11	Basel	1479	1899	74	telefonbuch_076	PTT-Archiv, P-260-1_Basel_1899_2	Basel
Miville-Burckhardt	Rud.		St. Jakobsstrasse 16	Basel	1836	1899	74	telefonbuch_076	PTT-Archiv, P-260-1_Basel_1899_2	Basel
Miville-Iselin	R.		Gartenstrasse 73	Basel	2310	1899	74	telefonbuch_076	PTT-Archiv, P-260-1_Basel_1899_2	Basel
Moebius	H.	& fils, Knochenöle u. Buchdruck-Walzenmasse	Neuhausweg 15	Basel	3327	1899	74	telefonbuch_076	PTT-Archiv, P-260-1_Basel_1899_2	Basel
Mohler	Adolf	Cigarrenhandlg.	Leonhardsgraben 2	Basel		1899	75	telefonbuch_077	PTT-Archiv, P-260-1_Basel_1899_2	Basel
Mondet	F.		Wallstrasse 9	Basel	1626	1899	75	telefonbuch_077	PTT-Archiv, P-260-1_Basel_1899_2	Basel
Mondet-Weiler	J. B.		Gerbergasse 75	Basel	2115	1899	75	telefonbuch_077	PTT-Archiv, P-260-1_Basel_1899_2	Basel
Moor	Rudolf		Grellingerstrasse 44	Basel		1899	75	telefonbuch_077	PTT-Archiv, P-260-1_Basel_1899_2	Basel
Moos	S.	& Co.	Leonhardstrasse 11	Basel	754	1899	75	telefonbuch_077	PTT-Archiv, P-260-1_Basel_1899_2	Basel
Moosbrugger-Benz	A.	Elektriker	Türkheimerstrasse 70	Basel	888	1899	75	telefonbuch_077	PTT-Archiv, P-260-1_Basel_1899_2	Basel
Moppert-Roth	C.		Steinenthorstrasse 38	Basel	2428	1899	75	telefonbuch_077	PTT-Archiv, P-260-1_Basel_1899_2	Basel
Morf-Gutfleisch	Emil	zur Oberwilerhalle	Birsigstrasse 4	Basel	2485	1899	75	telefonbuch_077	PTT-Archiv, P-260-1_Basel_1899_2	Basel
Mörikofer	P.		Johanniterstrasse 19	Basel	1698	1899	75	telefonbuch_077	PTT-Archiv, P-260-1_Basel_1899_2	Basel
Morosini	A.		Aeschenvorstadt 38	Basel	2308	1899	75	telefonbuch_077	PTT-Archiv, P-260-1_Basel_1899_2	Basel
Mory	J.	Ziegelei		Riehen	4316	1899	75	telefonbuch_077	PTT-Archiv, P-260-1_Basel_1899_2	Basel
Mory		Gebrüder	Grellingerstrasse 9	Basel	2105	1899	75	telefonbuch_077	PTT-Archiv, P-260-1_Basel_1899_2	Basel
Möschinger	J.	Verbandstoffe, Sanitäts- und Gummiwaren	Hutgasse 23	Basel	1406	1899	75	telefonbuch_077	PTT-Archiv, P-260-1_Basel_1899_2	Basel
Möschinger-Stössel	J.	(Privatwohnung)	Fischmarkt 10	Basel	4	1899	75	telefonbuch_077	PTT-Archiv, P-260-1_Basel_1899_2	Basel
Moser-Massini	R.		Steinengraben 21	Basel	2863	1899	75	telefonbuch_077	PTT-Archiv, P-260-1_Basel_1899_2	Basel
Mosse	Rudolf	Annoncen-Expedition	Freiestrasse 41	Basel	1064	1899	75	telefonbuch_077	PTT-Archiv, P-260-1_Basel_1899_2	Basel
Mühlberg	Ernst		Greifengasse 27	Basel	1276	1899	75	telefonbuch_077	PTT-Archiv, P-260-1_Basel_1899_2	Basel
Mühlemann	Ernst		Bachlettenstrasse 1	Basel		1899	75	telefonbuch_077	PTT-Archiv, P-260-1_Basel_1899_2	Basel
Mühlethaler	A.	Droguerie	Freiestrasse 13	Basel	1344	1899	75	telefonbuch_077	PTT-Archiv, P-260-1_Basel_1899_2	Basel
Mühlethaler	R.		Birmannsgasse 17	Basel	2667	1899	75	telefonbuch_077	PTT-Archiv, P-260-1_Basel_1899_2	Basel
Müller	August	Spenglermeister	Lehenmattweg 53	Basel	1108	1899	75	telefonbuch_077	PTT-Archiv, P-260-1_Basel_1899_2	Basel
Müller	Carl	Gypsermeister	Margarethenstrasse 65	Basel	4010	1899	75	telefonbuch_077	PTT-Archiv, P-260-1_Basel_1899_2	Basel
Müller	Carl	Sohn, Baugeschäft	Missionsstrasse 64	Basel	23	1899	75	telefonbuch_077	PTT-Archiv, P-260-1_Basel_1899_2	Basel
Müller-Dill	Caspar			Pratteln	2598	1899	75	telefonbuch_077	PTT-Archiv, P-260-1_Basel_1899_2	Basel
Müller	Dr. H.	Redakteur	Steinenthorstrasse 24	Basel	3136	1899	75	telefonbuch_077	PTT-Archiv, P-260-1_Basel_1899_2	Basel
Müller	Emil	Handelsgärtner	Aeschenvorstadt 7	Basel	2026	1899	75	telefonbuch_077	PTT-Archiv, P-260-1_Basel_1899_2	Basel
Müller	Emil	Handelsgärtner	St. Albanringweg 204	Basel	3593	1899	75	telefonbuch_077	PTT-Archiv, P-260-1_Basel_1899_2	Basel
Müller		Gebr., A. & P., Photographen	Binningerstrasse 5	Basel	2499	1899	75	telefonbuch_077	PTT-Archiv, P-260-1_Basel_1899_2	Basel
Müller		Gebr., A. & P., Photographen	Spalenringweg 89	Basel	3251	1899	75	telefonbuch_077	PTT-Archiv, P-260-1_Basel_1899_2	Basel
Müller	Gust.	& Co., Weinhdlg.	Utengasse 5	Basel	1165	1899	75	telefonbuch_077	PTT-Archiv, P-260-1_Basel_1899_2	Basel
Müller-Haberstich	F.		Claragraben 37	Basel	3843	1899	75	telefonbuch_077	PTT-Archiv, P-260-1_Basel_1899_2	Basel
Müller	Hans	Schirmfabrikant	Greifengasse 28	Basel	3205	1899	75	telefonbuch_077	PTT-Archiv, P-260-1_Basel_1899_2	Basel
Müller-Heer	G.		Bad. Bahnhofrestaurant	Basel	3469	1899	75	telefonbuch_077	PTT-Archiv, P-260-1_Basel_1899_2	Basel
Müller	Heinrich		Maulbeerweg 7	Basel	3511	1899	75	telefonbuch_077	PTT-Archiv, P-260-1_Basel_1899_2	Basel
Müller	Heinrich	Konditor	Dornacherstrasse 67	Basel	4078	1899	75	telefonbuch_077	PTT-Archiv, P-260-1_Basel_1899_2	Basel
Müller-Hindenlang & Co.		Käsehandlung, Bureau	Davidsbodenstrasse 26	Basel	1510	1899	76	telefonbuch_078	PTT-Archiv, P-260-1_Basel_1899_2	Basel
Müller-Hindenlang	Ros.	Wwe.	Allschwilerstrasse 42	Basel	2652	1899	76	telefonbuch_078	PTT-Archiv, P-260-1_Basel_1899_2	Basel
Müller	J. J.	Metallwarenfabrik und Giesserei	Steinengraben 80	Basel	2504	1899	76	telefonbuch_078	PTT-Archiv, P-260-1_Basel_1899_2	Basel
Müller	Julius	Schirmfabrikat.	Freiestrasse 85	Basel	1867	1899	76	telefonbuch_078	PTT-Archiv, P-260-1_Basel_1899_2	Basel
Müller-Kelterborn	Arn.	Gypser	Oberer Heuberg 22	Basel	2888	1899	76	telefonbuch_078	PTT-Archiv, P-260-1_Basel_1899_2	Basel
Müller-Krauer	J.	Wwe	Hardtstrasse 36	Basel	3599	1899	76	telefonbuch_078	PTT-Archiv, P-260-1_Basel_1899_2	Basel
Müller-Leimgruber	Joh.	Frau Hebamme	Greifengasse 7	Basel	1676	1899	76	telefonbuch_078	PTT-Archiv, P-260-1_Basel_1899_2	Basel
Müller	Max	Carl Gesslers Nachf., Feinbäckerei	Steinenvorstadt 2	Basel	2457	1899	76	telefonbuch_078	PTT-Archiv, P-260-1_Basel_1899_2	Basel
Müller-Sahr	Ed.	Wirt	Landskronstrasse 37	Basel	3398	1899	76	telefonbuch_078	PTT-Archiv, P-260-1_Basel_1899_2	Basel
Müller-Schmid	Aug.	Lithogr. und Buchdruckereibesitzer	Claragraben 80	Basel	3303	1899	76	telefonbuch_078	PTT-Archiv, P-260-1_Basel_1899_2	Basel
Müller-Schneeberger	Joh.	Schreinermeister	Hägenheimerstrasse 26	Basel	807	1899	76	telefonbuch_078	PTT-Archiv, P-260-1_Basel_1899_2	Basel
Müller-Stähelin	J.		Missionsstrasse 35	Basel	2615	1899	76	telefonbuch_078	PTT-Archiv, P-260-1_Basel_1899_2	Basel
Müller & Hess		Baugeschäft	Schanzenstrasse 31	Basel	25	1899	76	telefonbuch_078	PTT-Archiv, P-260-1_Basel_1899_2	Basel
Mumenthaler	Fritz		Holeeschloss	Binningen	2840	1899	76	telefonbuch_078	PTT-Archiv, P-260-1_Basel_1899_2	Basel
Münch	Alph.		Breisacherstrasse 60	Basel	3354	1899	76	telefonbuch_078	PTT-Archiv, P-260-1_Basel_1899_2	Basel
Münchenstein		Gemeindestation (s. S. 116)		Münchenstein	3900	1899	76	telefonbuch_078	PTT-Archiv, P-260-1_Basel_1899_2	Basel
Munding-Drissel	Alb.	Schlossermeister	Farnsburgerstrasse 53	Basel	2074	1899	76	telefonbuch_078	PTT-Archiv, P-260-1_Basel_1899_2	Basel
Mundwyler	Theodor	Metzger	Schneidergasse 31	Basel	1435	1899	76	telefonbuch_078	PTT-Archiv, P-260-1_Basel_1899_2	Basel
Muntwyler	Wilh.	Schmiedmstr.	Pfeffingerstrasse 27	Basel	18	1899	76	telefonbuch_078	PTT-Archiv, P-260-1_Basel_1899_2	Basel
Munz	Joh.	Glaser	Hammerstrasse 90	Basel	3431	1899	76	telefonbuch_078	PTT-Archiv, P-260-1_Basel_1899_2	Basel
Murbach-von Speyr	Ch.		Spalenthorweg 62	Basel	2650	1899	76	telefonbuch_078	PTT-Archiv, P-260-1_Basel_1899_2	Basel
Müry-Dietschy	E.		Schützengraben 31	Basel	2564	1899	76	telefonbuch_078	PTT-Archiv, P-260-1_Basel_1899_2	Basel
Müry	E.	& Cie.	Eisengasse 14	Basel	1370	1899	76	telefonbuch_078	PTT-Archiv, P-260-1_Basel_1899_2	Basel
Müry-Flück	Emil		Nonnenweg 29	Basel	2659	1899	76	telefonbuch_078	PTT-Archiv, P-260-1_Basel_1899_2	Basel
Museum			Augustinergasse 2	Basel	1155	1899	76	telefonbuch_078	PTT-Archiv, P-260-1_Basel_1899_2	Basel
Muspach	Jules	Café-Rest.	Blumenrain 12	Basel	1385	1899	76	telefonbuch_078	PTT-Archiv, P-260-1_Basel_1899_2	Basel
Muspach-Steegmüller	W.	zum Engelgarten	Kornhausgasse 14	Basel	2704	1899	76	telefonbuch_078	PTT-Archiv, P-260-1_Basel_1899_2	Basel
Mylius	A.		Langegasse 90	Basel	3559	1899	76	telefonbuch_078	PTT-Archiv, P-260-1_Basel_1899_2	Basel
Mylius-Passavant	Albert	Dr.	Rennweg 32	Basel		1899	76	telefonbuch_078	PTT-Archiv, P-260-1_Basel_1899_2	Basel
Nadolny	E.	pharmaceut. Specialitäten	St. Johannvorstadt 3	Basel	1079	1899	77	telefonbuch_079	PTT-Archiv, P-260-1_Basel_1899_2	Basel
Näf	O.	zum Bienenkorb	Schneidergasse 1	Basel	1526	1899	77	telefonbuch_079	PTT-Archiv, P-260-1_Basel_1899_2	Basel
Nagel-Precht	Wilh.		Hammerstrasse 155	Basel	3378	1899	77	telefonbuch_079	PTT-Archiv, P-260-1_Basel_1899_2	Basel
Nägeli & Hauser			Kohlenberg 7	Basel	2557	1899	77	telefonbuch_079	PTT-Archiv, P-260-1_Basel_1899_2	Basel
Nägelin-Müller	J.	Maurermstr.	Brandgasse 10	Basel	3306	1899	77	telefonbuch_079	PTT-Archiv, P-260-1_Basel_1899_2	Basel
Nägelin	Samuel	Handelsgärtner	Neuwylerstrasse 78	Basel	3147	1899	77	telefonbuch_079	PTT-Archiv, P-260-1_Basel_1899_2	Basel
Nanz	Ad.	Eisenmöbel en gros	St. Johannvorstadt 41	Basel	828	1899	77	telefonbuch_079	PTT-Archiv, P-260-1_Basel_1899_2	Basel
Nardi	G.	Strohhutfabrikation	Klingenthalgraben 7	Basel	1868	1899	77	telefonbuch_079	PTT-Archiv, P-260-1_Basel_1899_2	Basel
Nass	Louis	Immobiliengeschäft	Marktgasse 3	Basel	1342	1899	77	telefonbuch_079	PTT-Archiv, P-260-1_Basel_1899_2	Basel
Nater	Jakob		Bahnhofstrasse 23	Basel	1753	1899	77	telefonbuch_079	PTT-Archiv, P-260-1_Basel_1899_2	Basel
Nathan	A.	Dr.	St. Albangraben 1	Basel	1925	1899	77	telefonbuch_079	PTT-Archiv, P-260-1_Basel_1899_2	Basel
National-Zeitung		Expedition (Inserate und Abonnemente)	Marktplatz 6	Basel	1704	1899	77	telefonbuch_079	PTT-Archiv, P-260-1_Basel_1899_2	Basel
National-Zeitung		Redaktion (politischer Teil)	Marktplatz 6	Basel	1688	1899	77	telefonbuch_079	PTT-Archiv, P-260-1_Basel_1899_2	Basel
Nebel-Stortz	Jos.	Milch- und Butterhandlung	Farnsburgerstrasse 30	Basel	1021	1899	77	telefonbuch_079	PTT-Archiv, P-260-1_Basel_1899_2	Basel
Nebiker-Frey	Joh.	Konditor	Byfangweg 30	Basel	1963	1899	77	telefonbuch_079	PTT-Archiv, P-260-1_Basel_1899_2	Basel
Nebiker-Furler	Fritz	Wirt	Schweizerhalle	Basel	2598	1899	77	telefonbuch_079	PTT-Archiv, P-260-1_Basel_1899_2	Basel
Neddermann	R.	Gummiwaren	Steinenthorstrasse 11	Basel	1980	1899	77	telefonbuch_079	PTT-Archiv, P-260-1_Basel_1899_2	Basel
Nees-Gärtner	Hch.	Baumeister	Offenburgerstrasse 61	Basel	3411	1899	77	telefonbuch_079	PTT-Archiv, P-260-1_Basel_1899_2	Basel
Neff	J.	Milchkuranstalt	Allschwilerstrasse 186	Basel	933	1899	77	telefonbuch_079	PTT-Archiv, P-260-1_Basel_1899_2	Basel
Nessler-Weber	Gust. August	Restaurateur	Gerbergasse 84	Basel	2568	1899	77	telefonbuch_079	PTT-Archiv, P-260-1_Basel_1899_2	Basel
Neuer Cercle			Schützengraben	Basel	2718	1899	77	telefonbuch_079	PTT-Archiv, P-260-1_Basel_1899_2	Basel
Neuhof bei Reinach				Basel	3900	1899	77	telefonbuch_079	PTT-Archiv, P-260-1_Basel_1899_2	Basel
Neukomm	J. H.	Mineralwasser	St. Johannringweg 122	Basel	1442	1899	77	telefonbuch_079	PTT-Archiv, P-260-1_Basel_1899_2	Basel
Niebergall	E.	Dr. med.	Schwanengasse 2	Basel	1083	1899	77	telefonbuch_079	PTT-Archiv, P-260-1_Basel_1899_2	Basel
Niebergall & Goth		Export	Aeschengraben 12	Basel	2339	1899	77	telefonbuch_079	PTT-Archiv, P-260-1_Basel_1899_2	Basel
Niebergall & Goth		Import	Aeschengraben 12	Basel	2288	1899	77	telefonbuch_079	PTT-Archiv, P-260-1_Basel_1899_2	Basel
Niebergall-Wahl	Ferdinand		Schützenmattstrasse 83	Basel	2905	1899	77	telefonbuch_079	PTT-Archiv, P-260-1_Basel_1899_2	Basel
Niederhauser	Heinrich	Dr.	Steinenvorstadt 57	Basel	2233	1899	77	telefonbuch_079	PTT-Archiv, P-260-1_Basel_1899_2	Basel
Niederhauser	Marie	Frau, Wirtin	Barfüsserplatz 9	Basel	1978	1899	77	telefonbuch_079	PTT-Archiv, P-260-1_Basel_1899_2	Basel
Niederhauser	Fritz	Dienstmänneranstalt	Steinenvorstadt 30	Basel	2426	1899	77	telefonbuch_079	PTT-Archiv, P-260-1_Basel_1899_2	Basel
Nielsen-Bohny	Hans	Zimmermeister	Rosengartenweg 17	Basel	3734	1899	77	telefonbuch_079	PTT-Archiv, P-260-1_Basel_1899_2	Basel
Nienhaus	Casimir	Löwenapoth.	Greifengasse 20	Basel	1257	1899	77	telefonbuch_079	PTT-Archiv, P-260-1_Basel_1899_2	Basel
Nietzki	R.	Prof. Dr.	Austrasse 96	Basel	2665	1899	78	telefonbuch_080	PTT-Archiv, P-260-1_Basel_1899_2	Basel
Nietzki	Rud.	Prof. Dr., chem. Laboratorium	Untere Rheingasse 19	Basel	1254	1899	78	telefonbuch_080	PTT-Archiv, P-260-1_Basel_1899_2	Basel
Nober-Rieger	Friedr.	Wirt	Müllheimerstrasse 154	Basel	3729	1899	78	telefonbuch_080	PTT-Archiv, P-260-1_Basel_1899_2	Basel
Noll-Emele	J.	Schneidermstr.	Sattelgasse 10	Basel	774	1899	78	telefonbuch_080	PTT-Archiv, P-260-1_Basel_1899_2	Basel
Noll-Jakob	Karl		Sperrstrasse 97	Basel	3518	1899	78	telefonbuch_080	PTT-Archiv, P-260-1_Basel_1899_2	Basel
Nolting	Carl	Vertreter von R. Neddermann	Steinenthorstrasse 11	Basel	1980	1899	78	telefonbuch_080	PTT-Archiv, P-260-1_Basel_1899_2	Basel
Nordmann	Charles		Kornhausgasse 8	Basel	3187	1899	78	telefonbuch_080	PTT-Archiv, P-260-1_Basel_1899_2	Basel
Nordmann	Achilles	Dr.	Eulerstrasse 29	Basel	2768	1899	78	telefonbuch_080	PTT-Archiv, P-260-1_Basel_1899_2	Basel
Noetzlin-Werthemann	Rud.		Schützenmattstrasse 67	Basel	955	1899	78	telefonbuch_080	PTT-Archiv, P-260-1_Basel_1899_2	Basel
Nunnenmacher	B.	z. goldenen Pokal	Freiestrasse 84	Basel	2017	1899	78	telefonbuch_080	PTT-Archiv, P-260-1_Basel_1899_2	Basel
Nussbaumer		Geschwister, Wirtschaft	Leonhardsgraben 20	Basel	2761	1899	78	telefonbuch_080	PTT-Archiv, P-260-1_Basel_1899_2	Basel
Nussbaumer	Karl	Metzgermeister	Heumattstrasse 5	Basel	2220	1899	78	telefonbuch_080	PTT-Archiv, P-260-1_Basel_1899_2	Basel
Oberer-Hindermann	J. J.	Dr.	Güterstrasse 89	Basel	2443	1899	78	telefonbuch_080	PTT-Archiv, P-260-1_Basel_1899_2	Basel
Oberer	J.	Dr. med.	Dornacherstrasse 143	Basel	3885	1899	78	telefonbuch_080	PTT-Archiv, P-260-1_Basel_1899_2	Basel
Oberrheinische Bank			Barfüssergasse 6	Basel	2080	1899	78	telefonbuch_080	PTT-Archiv, P-260-1_Basel_1899_2	Basel
Oberrheinische Bank			Börsensaal Postgebäude	Basel	3173	1899	78	telefonbuch_080	PTT-Archiv, P-260-1_Basel_1899_2	Basel
Obrist-Fäsler	Paul	Viktualienhändler	Rümelinsplatz 7	Basel	2846	1899	78	telefonbuch_080	PTT-Archiv, P-260-1_Basel_1899_2	Basel
Oechslin	Carl	Holzhandlung	Hammerstrasse 100	Basel	3467	1899	78	telefonbuch_080	PTT-Archiv, P-260-1_Basel_1899_2	Basel
Oelhafen-Bähler	Emil	Architekt	Schaffhauser Rheinweg 5	Basel	1119	1899	78	telefonbuch_080	PTT-Archiv, P-260-1_Basel_1899_2	Basel
Oettinger	Max		Eisengasse 12	Basel	1357	1899	78	telefonbuch_080	PTT-Archiv, P-260-1_Basel_1899_2	Basel
Old England		(L. Corréard)	Gerbergasse 36	Basel	3006	1899	78	telefonbuch_080	PTT-Archiv, P-260-1_Basel_1899_2	Basel
Olloz	Fr.		Steinenvorstadt 63	Basel	2706	1899	78	telefonbuch_080	PTT-Archiv, P-260-1_Basel_1899_2	Basel
Oppliger	A. R.	& Sohn	Alter Kohlenplatz S.C.B.	Basel	2269	1899	78	telefonbuch_080	PTT-Archiv, P-260-1_Basel_1899_2	Basel
Orell Füssli & Co.			Gerbergasse 55	Basel	2185	1899	78	telefonbuch_080	PTT-Archiv, P-260-1_Basel_1899_2	Basel
Oeri	R.	Dr.	St. Albanvorstadt 19	Basel	1778	1899	78	telefonbuch_080	PTT-Archiv, P-260-1_Basel_1899_2	Basel
Orth	Hermann	Metzger	Dornacherstrasse 89	Basel	4098	1899	78	telefonbuch_080	PTT-Archiv, P-260-1_Basel_1899_2	Basel
Ortler	J.B.	Wwe., Eierhandlung	Gerbergässlein 3	Basel	3027	1899	78	telefonbuch_080	PTT-Archiv, P-260-1_Basel_1899_2	Basel
Orzel	S.		Herrengrabenweg 13	Basel	278	1899	78	telefonbuch_080	PTT-Archiv, P-260-1_Basel_1899_2	Basel
Oser-Bürgy	S.		Sevogelstrasse 1	Basel	4200	1899	78	telefonbuch_080	PTT-Archiv, P-260-1_Basel_1899_2	Basel
Oser	Wilh.	Dr., Vogesenapotheke und Laboratorium	Colmarerstrasse 22	Basel	803	1899	78	telefonbuch_080	PTT-Archiv, P-260-1_Basel_1899_2	Basel
Oser	Rud.	Blumenladen	Freiestrasse 41	Basel	1056	1899	79	telefonbuch_081	PTT-Archiv, P-260-1_Basel_1899_2	Basel
Oser	Rud.	Handelsgärtner	St. Albanringweg 189	Basel	3562	1899	79	telefonbuch_081	PTT-Archiv, P-260-1_Basel_1899_2	Basel
Oser	Th.	Spenglermeister	Pfluggasse 7	Basel	2106	1899	79	telefonbuch_081	PTT-Archiv, P-260-1_Basel_1899_2	Basel
Oser-Thurneysen			St. Albanthal 36	Basel	4294	1899	79	telefonbuch_081	PTT-Archiv, P-260-1_Basel_1899_2	Basel
Oester	Joh.	Bäckermeister	Steinenvorstadt 35	Basel	2056	1899	79	telefonbuch_081	PTT-Archiv, P-260-1_Basel_1899_2	Basel
Oesterle	Ernst	Konditor	Clarastrasse 32	Basel	3706	1899	79	telefonbuch_081	PTT-Archiv, P-260-1_Basel_1899_2	Basel
Ostertag	M.	Cigarrenhandlung	Aeschenvorstadt 2	Basel	2013	1899	79	telefonbuch_081	PTT-Archiv, P-260-1_Basel_1899_2	Basel
Oswald		Gebrüder	Münsterberg 9	Basel	1831	1899	79	telefonbuch_081	PTT-Archiv, P-260-1_Basel_1899_2	Basel
Oswald-Hindermann	P.		Steinengraben 27	Basel	2771	1899	79	telefonbuch_081	PTT-Archiv, P-260-1_Basel_1899_2	Basel
Oswald-Meyer	M.		Steinengraben 44	Basel	3104	1899	79	telefonbuch_081	PTT-Archiv, P-260-1_Basel_1899_2	Basel
Oswald-Meyer	A.	Wwe	Gartenstrasse 107	Basel	2164	1899	79	telefonbuch_081	PTT-Archiv, P-260-1_Basel_1899_2	Basel
Oswald, Paravicini & Co.			Eisengasse 9	Basel	857	1899	79	telefonbuch_081	PTT-Archiv, P-260-1_Basel_1899_2	Basel
Oswald, Paravicini & Co.		Börsensaal	Postgebäude	Basel	3153	1899	79	telefonbuch_081	PTT-Archiv, P-260-1_Basel_1899_2	Basel
Ott	Emil		Bottmingerstrasse 140	Binningen	3755	1899	79	telefonbuch_081	PTT-Archiv, P-260-1_Basel_1899_2	Basel
Otto	Paul	Hôtel Victoria	Centralbahnplatz 4	Basel	2258	1899	79	telefonbuch_081	PTT-Archiv, P-260-1_Basel_1899_2	Basel
Palatini & Sohn		Baugeschäft		Riehen	4316	1899	79	telefonbuch_081	PTT-Archiv, P-260-1_Basel_1899_2	Basel
Panten	R.	Direktor	Leimenstrasse 36	Basel	2907	1899	79	telefonbuch_081	PTT-Archiv, P-260-1_Basel_1899_2	Basel
Paraf	Josué		Gartenstrasse 60	Basel	2182	1899	79	telefonbuch_081	PTT-Archiv, P-260-1_Basel_1899_2	Basel
Paravicini-Bachofen	E.	Frau	St. Jakobstrasse 20	Basel	4050	1899	79	telefonbuch_081	PTT-Archiv, P-260-1_Basel_1899_2	Basel
Paravicini-Engel	Emil		Langegasse 49	Basel	2142	1899	79	telefonbuch_081	PTT-Archiv, P-260-1_Basel_1899_2	Basel
Paravicini-Heusler	E.		St. Jakobstrasse 46	Basel	3996	1899	79	telefonbuch_081	PTT-Archiv, P-260-1_Basel_1899_2	Basel
Paravicini-Meyer	S. Marg.	Wwe	Holbeinstrasse 3	Basel	2910	1899	79	telefonbuch_081	PTT-Archiv, P-260-1_Basel_1899_2	Basel
Paravicini	R.		Elisabethenstrasse 21	Basel	2329	1899	79	telefonbuch_081	PTT-Archiv, P-260-1_Basel_1899_2	Basel
Paravicini & Waldner		Brauerei-Artikel	Petersplatz 3	Basel	2585	1899	79	telefonbuch_081	PTT-Archiv, P-260-1_Basel_1899_2	Basel
Paravicini-Vischer	R.		Elisabethenstrasse 19	Basel	2322	1899	79	telefonbuch_081	PTT-Archiv, P-260-1_Basel_1899_2	Basel
Parfumerie Franco-Suisse	Charles	Ewald	Austrasse 120	Basel	2774	1899	79	telefonbuch_081	PTT-Archiv, P-260-1_Basel_1899_2	Basel
Parmentier-Straumann	B.	Bäcker	Elisabethenstrasse 9	Basel	2091	1899	79	telefonbuch_081	PTT-Archiv, P-260-1_Basel_1899_2	Basel
Paronella	Fr.	spanische Bodega	Obere Rebgasse 6	Basel	3258	1899	79	telefonbuch_081	PTT-Archiv, P-260-1_Basel_1899_2	Basel
Paronella	Fr.	spanische Weinhalle	Barfüsserplatz 16	Basel	2533	1899	79	telefonbuch_081	PTT-Archiv, P-260-1_Basel_1899_2	Basel
Pasqualini	L.	Commission & Agenturen	Güterstrasse 116	Basel	1544	1899	79	telefonbuch_081	PTT-Archiv, P-260-1_Basel_1899_2	Basel
Passavant-Allemandi	E.		Gartenstrasse 1	Basel	1928	1899	79	telefonbuch_081	PTT-Archiv, P-260-1_Basel_1899_2	Basel
Passavant		Gebrüder	Steinenvorstadt 1	Basel	2166	1899	80	telefonbuch_082	PTT-Archiv, P-260-1_Basel_1899_2	Basel
Passavant	Georges		Gellertstrasse 21	Basel	19	1899	80	telefonbuch_082	PTT-Archiv, P-260-1_Basel_1899_2	Basel
Passavant	Hans Franz		Elisabethenanlage 41	Basel	2275	1899	80	telefonbuch_082	PTT-Archiv, P-260-1_Basel_1899_2	Basel
Passavant-Iselin & Co.			Ziegelei	Allschwil	3132	1899	80	telefonbuch_082	PTT-Archiv, P-260-1_Basel_1899_2	Basel
Passavant-Iselin & Co.			Küchegässlein 5	Basel	2476	1899	80	telefonbuch_082	PTT-Archiv, P-260-1_Basel_1899_2	Basel
Passavant & Co.			Rheinsprung 22	Basel	1308	1899	80	telefonbuch_082	PTT-Archiv, P-260-1_Basel_1899_2	Basel
Passavant, Zaeslin & Co.			Schlüsselberg 5	Basel	1080	1899	80	telefonbuch_082	PTT-Archiv, P-260-1_Basel_1899_2	Basel
Perrottet	A.	Wirt	zum Neubad	Basel	3133	1899	80	telefonbuch_082	PTT-Archiv, P-260-1_Basel_1899_2	Basel
Peter	Emil	Dr.	Martinsgasse 15	Basel	1173	1899	80	telefonbuch_082	PTT-Archiv, P-260-1_Basel_1899_2	Basel
Peter	M. F.	Lithograph	Peterskirchplatz 10	Basel	1481	1899	80	telefonbuch_082	PTT-Archiv, P-260-1_Basel_1899_2	Basel
Peter & Brüderlin		Advokatur und Notariat	Rheinsprung 1	Basel	793	1899	80	telefonbuch_082	PTT-Archiv, P-260-1_Basel_1899_2	Basel
Petersen-Drouin		Schweizerhalle	Villa Rheinlehne	Basel	2598	1899	80	telefonbuch_082	PTT-Archiv, P-260-1_Basel_1899_2	Basel
Petersen	Ferd.	& Co., Geschäftslokal	Schweizerhalle	Basel	2598	1899	80	telefonbuch_082	PTT-Archiv, P-260-1_Basel_1899_2	Basel
Petersen-Mayer	G.		Grellingerstrasse 30	Basel	3571	1899	80	telefonbuch_082	PTT-Archiv, P-260-1_Basel_1899_2	Basel
Petitjean-Bischoff	J.		Steinenthorstrasse 35	Basel	2446	1899	80	telefonbuch_082	PTT-Archiv, P-260-1_Basel_1899_2	Basel
Petitjean-Pabst	Andreas		Colmarerstrasse 16	Basel	849	1899	80	telefonbuch_082	PTT-Archiv, P-260-1_Basel_1899_2	Basel
Petroleum-Handelgesellschaft		schweizerische	Dornacherstrasse 146	Basel	3984	1899	80	telefonbuch_082	PTT-Archiv, P-260-1_Basel_1899_2	Basel
Petroleum-Import-Cie.			Aeschengraben 8	Basel	2411	1899	80	telefonbuch_082	PTT-Archiv, P-260-1_Basel_1899_2	Basel
Peugeot Cycles	Joh.	Badertscher	Freiestrasse 73	Basel	1842	1899	80	telefonbuch_082	PTT-Archiv, P-260-1_Basel_1899_2	Basel
Pfaff-Schweizer	Othmar	Gärtnerei	Reinacherhof	Reinach	3900	1899	80	telefonbuch_082	PTT-Archiv, P-260-1_Basel_1899_2	Basel
Pfaltz	Carl	Südwein-Importgeschäft	St. Johannvorstadt 23	Basel	2023	1899	80	telefonbuch_082	PTT-Archiv, P-260-1_Basel_1899_2	Basel
Pfau	Johann	Wirt	St. Johannvorstadt 13	Basel	1372	1899	80	telefonbuch_082	PTT-Archiv, P-260-1_Basel_1899_2	Basel
Pfeiffer	Gustav	Gypsermeister	Alemannengasse 56	Basel	1152	1899	80	telefonbuch_082	PTT-Archiv, P-260-1_Basel_1899_2	Basel
Pfeiffer	Wilhelm	Konditor	Aeschenvorstadt 62	Basel	2061	1899	80	telefonbuch_082	PTT-Archiv, P-260-1_Basel_1899_2	Basel
Pfirter	G.			Muttenz	4317	1899	80	telefonbuch_082	PTT-Archiv, P-260-1_Basel_1899_2	Basel
Pfister	Alfred	Milch-, Käse- und Butterhandlung	Blumenrain 26	Basel	1339	1899	80	telefonbuch_082	PTT-Archiv, P-260-1_Basel_1899_2	Basel
Pfister	Carl		Horburgstrasse 127	Basel	3371	1899	80	telefonbuch_082	PTT-Archiv, P-260-1_Basel_1899_2	Basel
Pfister-Christen	J.	Bettwarenhandlung	Untere Rheingasse 10	Basel	1273	1899	80	telefonbuch_082	PTT-Archiv, P-260-1_Basel_1899_2	Basel
Pfisterer	H. R.		Marktplatz 2	Basel	1604	1899	80	telefonbuch_082	PTT-Archiv, P-260-1_Basel_1899_2	Basel
Pfisterer-Stockmeyer	H.		Leimenstrasse 37	Basel	2962	1899	80	telefonbuch_082	PTT-Archiv, P-260-1_Basel_1899_2	Basel
Pfleiderer	Chr.	Handelsgärtner	Kleinhüningerstrasse 35	Basel	1279	1899	80	telefonbuch_082	PTT-Archiv, P-260-1_Basel_1899_2	Basel
Pflüger	Albert	Spenglermstr.	Breisacherstrasse 41	Basel	1286	1899	80	telefonbuch_082	PTT-Archiv, P-260-1_Basel_1899_2	Basel
Pflüger-Büchelin	E.	Metzger	Feldbergstrasse 26	Basel	1285	1899	80	telefonbuch_082	PTT-Archiv, P-260-1_Basel_1899_2	Basel
Pfulmann-Joss	L.	Baugeschäft	Burgunderstrasse 13	Basel	3035	1899	81	telefonbuch_083	PTT-Archiv, P-260-1_Basel_1899_2	Basel
Philippi	E.		Aeschengraben 28	Basel	2393	1899	81	telefonbuch_083	PTT-Archiv, P-260-1_Basel_1899_2	Basel
Philippi	Rudolf		Grellingerstrasse 90	Basel	3963	1899	81	telefonbuch_083	PTT-Archiv, P-260-1_Basel_1899_2	Basel
Physikalische Anstalt			Bernoullistrasse 60	Basel	1451	1899	81	telefonbuch_083	PTT-Archiv, P-260-1_Basel_1899_2	Basel
Picard-Dreyfuss	Sophie	Frau	Nonnenweg 9	Basel	2663	1899	81	telefonbuch_083	PTT-Archiv, P-260-1_Basel_1899_2	Basel
Pildner-Linder	M.	Uhrenmacher	Spalenvorstadt 31	Basel	2889	1899	81	telefonbuch_083	PTT-Archiv, P-260-1_Basel_1899_2	Basel
Pilgermissionsanstalt			auf St. Chrischona	Basel	4316	1899	81	telefonbuch_083	PTT-Archiv, P-260-1_Basel_1899_2	Basel
Plattner	Eman.	prakt. Tierarzt	Davidsgasse 8	Basel	1524	1899	81	telefonbuch_083	PTT-Archiv, P-260-1_Basel_1899_2	Basel
Plattner	Gebr.	Möbelhandl.	Oetlingerstrasse 161	Basel	768	1899	81	telefonbuch_083	PTT-Archiv, P-260-1_Basel_1899_2	Basel
Plattner-Oswald		Tierarzt, Wohnung	Lothringerstrasse 17	Basel	394	1899	81	telefonbuch_083	PTT-Archiv, P-260-1_Basel_1899_2	Basel
Plattner	Rud.	Architekt	Allschwilerstrasse 97	Basel	948	1899	81	telefonbuch_083	PTT-Archiv, P-260-1_Basel_1899_2	Basel
Plazierungsbureau des Wirtevereins Basel		(G. Kuhn-Eichacker)	Feldbergstrasse 70	Basel	3262	1899	81	telefonbuch_083	PTT-Archiv, P-260-1_Basel_1899_2	Basel
Pohlmann	H.	Internationales Reisebureau	Aeschengraben 6	Basel	2539	1899	81	telefonbuch_083	PTT-Archiv, P-260-1_Basel_1899_2	Basel
Poliklinik		allgemeine	Hebelstrasse 1	Basel	1421	1899	81	telefonbuch_083	PTT-Archiv, P-260-1_Basel_1899_2	Basel
Polizeidepartement			Lohnhof	Basel	51	1899	81	telefonbuch_083	PTT-Archiv, P-260-1_Basel_1899_2	Basel
Polizeiposten		Rathaus	Marktplatz 9	Basel	57	1899	81	telefonbuch_083	PTT-Archiv, P-260-1_Basel_1899_2	Basel
Polizeiposten		Rheinbrücke	Eisengasse 1	Basel	58	1899	81	telefonbuch_083	PTT-Archiv, P-260-1_Basel_1899_2	Basel
Polizeiposten		St. Clara	Claraplatz 4	Basel	61	1899	81	telefonbuch_083	PTT-Archiv, P-260-1_Basel_1899_2	Basel
Polizeiposten		Aeschen	St. Jakobstrasse 4	Basel	55	1899	81	telefonbuch_083	PTT-Archiv, P-260-1_Basel_1899_2	Basel
Polizeiposten		Spalen	Schönbeinstrasse 2	Basel	60	1899	81	telefonbuch_083	PTT-Archiv, P-260-1_Basel_1899_2	Basel
Polizeiposten		St. Johann	St. Johannvorstadt 90	Basel	59	1899	81	telefonbuch_083	PTT-Archiv, P-260-1_Basel_1899_2	Basel
Polizeiposten		Steinen	Steinenvorstadt 43	Basel	52	1899	81	telefonbuch_083	PTT-Archiv, P-260-1_Basel_1899_2	Basel
Polizeiposten		St. Albanthor	St. Albanvorstadt 101	Basel	56	1899	81	telefonbuch_083	PTT-Archiv, P-260-1_Basel_1899_2	Basel
Polizeiposten		Centralbahnhof	Centralbahnhof	Basel	53	1899	81	telefonbuch_083	PTT-Archiv, P-260-1_Basel_1899_2	Basel
Polizeiposten		Unt. Rheinweg	Kaserne	Basel	62	1899	81	telefonbuch_083	PTT-Archiv, P-260-1_Basel_1899_2	Basel
Polizeiposten		Pfeffingerstrasse	Pfeffingerstrasse 49	Basel	54	1899	81	telefonbuch_083	PTT-Archiv, P-260-1_Basel_1899_2	Basel
Polizeiposten		Horburg	Hammerstrasse 184	Basel	63	1899	81	telefonbuch_083	PTT-Archiv, P-260-1_Basel_1899_2	Basel
Polizeiposten		Birkenstrasse	Birkenstrasse 1	Basel	64	1899	81	telefonbuch_083	PTT-Archiv, P-260-1_Basel_1899_2	Basel
Polizeiposten		Breite	Zürcherstrasse 152	Basel	65	1899	81	telefonbuch_083	PTT-Archiv, P-260-1_Basel_1899_2	Basel
Polizeiposten		Binningen	Ob. Hauptstrasse 412	Binningen	4021	1899	81	telefonbuch_083	PTT-Archiv, P-260-1_Basel_1899_2	Basel
Polizeiposten		Birsfelden	Hauptstrasse 4	Birsfelden	763	1899	81	telefonbuch_083	PTT-Archiv, P-260-1_Basel_1899_2	Basel
Portland-Cementfabrik Münchenstein		„Brentano & Co.“		Münchenstein	3900	1899	81	telefonbuch_083	PTT-Archiv, P-260-1_Basel_1899_2	Basel
Portmann	Gebrüder		Leonhardsgraben 10	Basel	2599	1899	81	telefonbuch_083	PTT-Archiv, P-260-1_Basel_1899_2	Basel
Portmann-Steiger	M.	Handelsmühle	Klingenthal 7	Basel	1274	1899	81	telefonbuch_083	PTT-Archiv, P-260-1_Basel_1899_2	Basel
Portmann-Steiger	M.	Wohnung	Schaffhauser Rheinweg 53	Basel	3191	1899	82	telefonbuch_084	PTT-Archiv, P-260-1_Basel_1899_2	Basel
Preiswerk-Bernoulli	Ed.		Maiengasse 22	Basel	879	1899	82	telefonbuch_084	PTT-Archiv, P-260-1_Basel_1899_2	Basel
Preiswerk-Biry	B.	Büchsenmacher	Kaufhausgasse 6	Basel	2267	1899	82	telefonbuch_084	PTT-Archiv, P-260-1_Basel_1899_2	Basel
Preiswerk-Burckhardt	Rud.		St. Albananlage 54	Basel	4116	1899	82	telefonbuch_084	PTT-Archiv, P-260-1_Basel_1899_2	Basel
Preiswerk-Buxtorf	A. M.	Wwe	Schützengraben 13	Basel	2813	1899	82	telefonbuch_084	PTT-Archiv, P-260-1_Basel_1899_2	Basel
Preiswerk		Gebrüder	Rheinsprung 20	Basel	1313	1899	82	telefonbuch_084	PTT-Archiv, P-260-1_Basel_1899_2	Basel
Preiswerk-Groben			Maiengasse 23	Basel	2612	1899	82	telefonbuch_084	PTT-Archiv, P-260-1_Basel_1899_2	Basel
Preiswerk	G.	Dr. phil., Zahnarzt	Leonhardsgraben 34	Basel	2864	1899	82	telefonbuch_084	PTT-Archiv, P-260-1_Basel_1899_2	Basel
Preiswerk-Haller	Ed.	Gärtnermeister	Lehenmattstrasse 224	Basel	3574	1899	82	telefonbuch_084	PTT-Archiv, P-260-1_Basel_1899_2	Basel
Preiswerk-Haller	Ed.	Gärtnermeister	Hirzbodenweg 92	Basel	3657	1899	82	telefonbuch_084	PTT-Archiv, P-260-1_Basel_1899_2	Basel
Preiswerk-Imhoff	W.		Missionsstrasse 23	Basel	2635	1899	82	telefonbuch_084	PTT-Archiv, P-260-1_Basel_1899_2	Basel
Preiswerk-Ringwald	R.		St. Albanvorstadt 108	Basel	4275	1899	82	telefonbuch_084	PTT-Archiv, P-260-1_Basel_1899_2	Basel
Preiswerk	Rudolf	& Esser	Margarethenstrasse 19	Basel	2436	1899	82	telefonbuch_084	PTT-Archiv, P-260-1_Basel_1899_2	Basel
Preiswerk-Ryhiner	Alfr.		St. Albanvorstadt 13	Basel	1743	1899	82	telefonbuch_084	PTT-Archiv, P-260-1_Basel_1899_2	Basel
Preiswerk-Sarasin	Samuel		Hirzbodenweg 107	Basel	3667	1899	82	telefonbuch_084	PTT-Archiv, P-260-1_Basel_1899_2	Basel
Preiswerk-Schæfer	E.	Wwe	Missionsstrasse 41	Basel	2638	1899	82	telefonbuch_084	PTT-Archiv, P-260-1_Basel_1899_2	Basel
Preiswerk Söhne		Colonialwaren	Schneidergasse 34	Basel	2694	1899	82	telefonbuch_084	PTT-Archiv, P-260-1_Basel_1899_2	Basel
Preiswerk Söhne		Filiale	Elisabethenstrasse 36	Basel	1987	1899	82	telefonbuch_084	PTT-Archiv, P-260-1_Basel_1899_2	Basel
Preiswerk Söhne		Filiale	Missionsstrasse 39	Basel	858	1899	82	telefonbuch_084	PTT-Archiv, P-260-1_Basel_1899_2	Basel
Preiswerk Söhne		Filiale	Untere Rheingasse 4	Basel	1290	1899	82	telefonbuch_084	PTT-Archiv, P-260-1_Basel_1899_2	Basel
Preiswerk-Stähelin	Paul		Nonnenweg 33	Basel	2651	1899	82	telefonbuch_084	PTT-Archiv, P-260-1_Basel_1899_2	Basel
Preiswerk & Co.		Baugeschäft	Missionsstrasse 41	Basel	2626	1899	82	telefonbuch_084	PTT-Archiv, P-260-1_Basel_1899_2	Basel
Preiswerk & Murbach			Spalenthorweg 62	Basel	2741	1899	82	telefonbuch_084	PTT-Archiv, P-260-1_Basel_1899_2	Basel
Privatklinik		chirurgische, und orthopädisches Institut (Prof. Emil Burckhardt und Dr. C. Hübscher)	Allschwilerstrasse 13	Basel	2682	1899	82	telefonbuch_084	PTT-Archiv, P-260-1_Basel_1899_2	Basel
Privatkrankenhaus			Mostackerstrasse 13	Basel	2775	1899	82	telefonbuch_084	PTT-Archiv, P-260-1_Basel_1899_2	Basel
Probst-Brunner	J.	Cigarrenhandlung	Kohlenberg 1	Basel	2227	1899	82	telefonbuch_084	PTT-Archiv, P-260-1_Basel_1899_2	Basel
Probst	E.	& Co., Bankgeschäft	Falknerstrasse 7	Basel	3125	1899	82	telefonbuch_084	PTT-Archiv, P-260-1_Basel_1899_2	Basel
Probst-Lotz	Ed.		Steinengraben 48	Basel	3115	1899	82	telefonbuch_084	PTT-Archiv, P-260-1_Basel_1899_2	Basel
Probst-Müller		Materialhandl.	Spalenberg 51	Basel	2899	1899	82	telefonbuch_084	PTT-Archiv, P-260-1_Basel_1899_2	Basel
Probst-Müller	N.	(Wohnung)	Nonnenweg 56	Basel	22	1899	82	telefonbuch_084	PTT-Archiv, P-260-1_Basel_1899_2	Basel
Probst-Schilling	G.		Nonnenweg 35	Basel	2550	1899	82	telefonbuch_084	PTT-Archiv, P-260-1_Basel_1899_2	Basel
Probst-Schilling & Co.		Bankgeschäft	Freiestrasse 91	Basel	1958	1899	82	telefonbuch_084	PTT-Archiv, P-260-1_Basel_1899_2	Basel
Pyhrr	Berthold		Utengasse 13	Basel	3632	1899	82	telefonbuch_084	PTT-Archiv, P-260-1_Basel_1899_2	Basel
Rahn	A.		Eisengasse 10	Basel	1354	1899	83	telefonbuch_085	PTT-Archiv, P-260-1_Basel_1899_2	Basel
Raillard	Th.		Freiestrasse 41	Basel	1064	1899	83	telefonbuch_085	PTT-Archiv, P-260-1_Basel_1899_2	Basel
Raillard & Schaefer			Rheingasse 39	Basel	1191	1899	83	telefonbuch_085	PTT-Archiv, P-260-1_Basel_1899_2	Basel
Ramstein		zum Rebstock		Muttenz	4317	1899	83	telefonbuch_085	PTT-Archiv, P-260-1_Basel_1899_2	Basel
Ramstein-Sutter	Jakob		Birsigstrasse 88	Basel	3140	1899	83	telefonbuch_085	PTT-Archiv, P-260-1_Basel_1899_2	Basel
Ranft	Stephan	Handelsgärtner	Mittlerestrasse 135	Basel	1478	1899	83	telefonbuch_085	PTT-Archiv, P-260-1_Basel_1899_2	Basel
Rangir-bahnhof		Güterdienst der SCB, NOB, VB		Basel	3980	1899	83	telefonbuch_085	PTT-Archiv, P-260-1_Basel_1899_2	Basel
Rangir-bahnhof		Güterdienst der JSB		Basel	3976	1899	83	telefonbuch_085	PTT-Archiv, P-260-1_Basel_1899_2	Basel
Rangir-bahnhof		Güterdienst der ELB		Basel	3975	1899	83	telefonbuch_085	PTT-Archiv, P-260-1_Basel_1899_2	Basel
Rapp	W. & J.	Baugeschäft	Hochstrasse 96	Basel	3924	1899	83	telefonbuch_085	PTT-Archiv, P-260-1_Basel_1899_2	Basel
Rath	Fr.	Vergolder	Elisabethenstrasse 4	Basel	2295	1899	83	telefonbuch_085	PTT-Archiv, P-260-1_Basel_1899_2	Basel
Rath	W.		Schlossgasse 65	Bottmingen	2520	1899	83	telefonbuch_085	PTT-Archiv, P-260-1_Basel_1899_2	Basel
Rathaus-Umbau			Martinskirchplatz 5	Basel	1040	1899	83	telefonbuch_085	PTT-Archiv, P-260-1_Basel_1899_2	Basel
Rathe & Fehlmann			Theaterstrasse 18	Basel	2379	1899	83	telefonbuch_085	PTT-Archiv, P-260-1_Basel_1899_2	Basel
Rauch	Emil	Dr.	Kohlenberg 27	Basel	3110	1899	83	telefonbuch_085	PTT-Archiv, P-260-1_Basel_1899_2	Basel
Reber - Burckhardt		Bureaux (Preiswerk & Co.)	Missionsstrasse 41	Basel	2626	1899	83	telefonbuch_085	PTT-Archiv, P-260-1_Basel_1899_2	Basel
Reber-Burckhardt	Paul	Architekt, Wohnhaus	Missionsstrasse 44	Basel	2583	1899	83	telefonbuch_085	PTT-Archiv, P-260-1_Basel_1899_2	Basel
Rebleutenzunft	F.	Maier-Brunner, Restaurateur	Freiestrasse 50	Basel	1906	1899	83	telefonbuch_085	PTT-Archiv, P-260-1_Basel_1899_2	Basel
Reck	J.	Baugeschäft	Kleinhüningerstrasse 43	Basel	1227	1899	83	telefonbuch_085	PTT-Archiv, P-260-1_Basel_1899_2	Basel
Refardt	Arnold		Engelgasse 119	Basel	1813	1899	83	telefonbuch_085	PTT-Archiv, P-260-1_Basel_1899_2	Basel
Reich	R.		Freiestrasse 40	Basel	1983	1899	83	telefonbuch_085	PTT-Archiv, P-260-1_Basel_1899_2	Basel
Reichenbach	Hermann	Tierarzt	Klybeckstrasse 64	Basel	1220	1899	83	telefonbuch_085	PTT-Archiv, P-260-1_Basel_1899_2	Basel
Reichert-Otth	Sam.	Bäcker	Austrasse 47	Basel	2915	1899	83	telefonbuch_085	PTT-Archiv, P-260-1_Basel_1899_2	Basel
Reidhaar	L.	Dr.	Nauenstrasse 33	Basel	2179	1899	83	telefonbuch_085	PTT-Archiv, P-260-1_Basel_1899_2	Basel
Reinach		Gemeindestation (s. S. 116)		Reinach	3900	1899	83	telefonbuch_085	PTT-Archiv, P-260-1_Basel_1899_2	Basel
Reinbolt & Christe		Nachf. v. Kauffmann	Elsässerstrasse 59	Basel	1644	1899	83	telefonbuch_085	PTT-Archiv, P-260-1_Basel_1899_2	Basel
Reinger-Bruder	F.		Spalenthorweg 39	Basel	2766	1899	83	telefonbuch_085	PTT-Archiv, P-260-1_Basel_1899_2	Basel
Reinhard	Ph.	Bäckermeister	Spalenvorstadt 7	Basel	3044	1899	83	telefonbuch_085	PTT-Archiv, P-260-1_Basel_1899_2	Basel
Reinhardt	Fr.		St. Albanvorstadt 15	Basel	2041	1899	83	telefonbuch_085	PTT-Archiv, P-260-1_Basel_1899_2	Basel
Reinhardt	Ludwig	Dr. med. Arzt	Leonhardsgraben 2	Basel	2773	1899	83	telefonbuch_085	PTT-Archiv, P-260-1_Basel_1899_2	Basel
Reinhold	N.		Mostackerstrasse 10	Basel	2862	1899	83	telefonbuch_085	PTT-Archiv, P-260-1_Basel_1899_2	Basel
Reiniger	Niklaus	Tierarzt		Allschwil	2783	1899	83	telefonbuch_085	PTT-Archiv, P-260-1_Basel_1899_2	Basel
Reis-Kaiser	Emil		Holbeinstrasse 31	Basel	2191	1899	83	telefonbuch_085	PTT-Archiv, P-260-1_Basel_1899_2	Basel
Reiter	Ernst		Grellingerstrasse 24	Basel	3582	1899	83	telefonbuch_085	PTT-Archiv, P-260-1_Basel_1899_2	Basel
Rektorat der untern Realschule			Rittergasse 4	Basel	1759	1899	83	telefonbuch_085	PTT-Archiv, P-260-1_Basel_1899_2	Basel
Rellstab	H.	Dienstmänneranst.	Kohlenberg 11	Basel	2525	1899	84	telefonbuch_086	PTT-Archiv, P-260-1_Basel_1899_2	Basel
Rensch-Huber		Wwe, Fleischhdlg.	Sattelgasse 7	Basel	1436	1899	84	telefonbuch_086	PTT-Archiv, P-260-1_Basel_1899_2	Basel
Rensch-Lang	Fritz		ob. Hauptstr. 563	Binningen	2526	1899	84	telefonbuch_086	PTT-Archiv, P-260-1_Basel_1899_2	Basel
Rensch-Miville		vorm. Ambs Bohny, Tafelsenffabrik	Mühleberg 21	Basel	4135	1899	84	telefonbuch_086	PTT-Archiv, P-260-1_Basel_1899_2	Basel
Rensch	Rob.	Metzgermeister	Hammerstrasse 63	Basel	3700	1899	84	telefonbuch_086	PTT-Archiv, P-260-1_Basel_1899_2	Basel
Resch	Wilh.	Spenglermeister	Hardtstrasse 83	Basel	3786	1899	84	telefonbuch_086	PTT-Archiv, P-260-1_Basel_1899_2	Basel
Respinger-Bauer	A.		Aechengraben 10	Basel	2355	1899	84	telefonbuch_086	PTT-Archiv, P-260-1_Basel_1899_2	Basel
Respinger	Dr. H. B.	Zahnarzt, Privatpraxis	St. Albananlage 5	Basel	2032	1899	84	telefonbuch_086	PTT-Archiv, P-260-1_Basel_1899_2	Basel
Respinger	Dr. H. B.	(Wohnung)	Güterstrasse 85	Basel	2588	1899	84	telefonbuch_086	PTT-Archiv, P-260-1_Basel_1899_2	Basel
Respinger-His	Wilhelm		Allschwilerstrasse 32	Basel	2700	1899	84	telefonbuch_086	PTT-Archiv, P-260-1_Basel_1899_2	Basel
Respinger-His	W.	Bureau	Totentanz 10	Basel	1348	1899	84	telefonbuch_086	PTT-Archiv, P-260-1_Basel_1899_2	Basel
Respinger-Jaques	B.		Güterstrasse 85	Basel	2588	1899	84	telefonbuch_086	PTT-Archiv, P-260-1_Basel_1899_2	Basel
Respinger-Kiefer	A.		Grellingerstrasse 92	Basel	3973	1899	84	telefonbuch_086	PTT-Archiv, P-260-1_Basel_1899_2	Basel
Respinger-Senn	M.	Wwe.	Birmannsgasse 4	Basel	3257	1899	84	telefonbuch_086	PTT-Archiv, P-260-1_Basel_1899_2	Basel
Rettungsanstalt		kantonale	Klosterfiechten	Basel	4038	1899	84	telefonbuch_086	PTT-Archiv, P-260-1_Basel_1899_2	Basel
Rey		Gebrüder	Blotzheimerweg 29/31	Basel	898	1899	84	telefonbuch_086	PTT-Archiv, P-260-1_Basel_1899_2	Basel
Rhein	Aron		Birsigstrasse 84	Basel	3108	1899	84	telefonbuch_086	PTT-Archiv, P-260-1_Basel_1899_2	Basel
Rhein		Gebrüder	Bäumleingasse 5	Basel	1758	1899	84	telefonbuch_086	PTT-Archiv, P-260-1_Basel_1899_2	Basel
Rheinhalle		(B. Sutter)	Grenzacherstrasse 276	Basel	3231	1899	84	telefonbuch_086	PTT-Archiv, P-260-1_Basel_1899_2	Basel
Richter	Fritz	zum Schlüssel		Binningen	4041	1899	84	telefonbuch_086	PTT-Archiv, P-260-1_Basel_1899_2	Basel
Richter-Rickert	P.	Bettwarengeschäft	Rheinsprung 7	Basel	1301	1899	84	telefonbuch_086	PTT-Archiv, P-260-1_Basel_1899_2	Basel
Richter	Robert	Waschanstalt	Hammerstrasse 23	Basel	3812	1899	84	telefonbuch_086	PTT-Archiv, P-260-1_Basel_1899_2	Basel
Rickenbach	G.	Büchsenmacher	Bäumleingasse 8	Basel	1872	1899	84	telefonbuch_086	PTT-Archiv, P-260-1_Basel_1899_2	Basel
Rickenbacher-Grieder	Heinrich	Baumaterialien	ob. Hauptstr. 555	Binningen	2513	1899	84	telefonbuch_086	PTT-Archiv, P-260-1_Basel_1899_2	Basel
Rickli-Linder	G.		Missionsstrasse 36	Basel	1453	1899	84	telefonbuch_086	PTT-Archiv, P-260-1_Basel_1899_2	Basel
Rieber	Henri		Aeschenvorstadt 41	Basel	1952	1899	84	telefonbuch_086	PTT-Archiv, P-260-1_Basel_1899_2	Basel
Riedtmann	Dr. E.		Eulerstrasse 51	Basel	2752	1899	84	telefonbuch_086	PTT-Archiv, P-260-1_Basel_1899_2	Basel
Riedtmann-Ostertag	R.	Bäcker	Aeschenvorstadt 60	Basel	2072	1899	84	telefonbuch_086	PTT-Archiv, P-260-1_Basel_1899_2	Basel
Rieger	Aug.	Maler	Oberer Rheinweg 81	Basel	1122	1899	84	telefonbuch_086	PTT-Archiv, P-260-1_Basel_1899_2	Basel
Riehen		Gemeindesprechstation	Postbureau	Riehen	4316	1899	84	telefonbuch_086	PTT-Archiv, P-260-1_Basel_1899_2	Basel
Riesterer-Asmus		Zimmermstr.	Klingenthalstrasse 71 u. 77	Basel	3309	1899	84	telefonbuch_086	PTT-Archiv, P-260-1_Basel_1899_2	Basel
Riesterer-Grüninger	Fritz	Baugeschäft	St. Johannringweg 26	Basel	42	1899	84	telefonbuch_086	PTT-Archiv, P-260-1_Basel_1899_2	Basel
Rieter-Herzog	Marie	Frau	Grellingerstrasse 23	Basel	3551	1899	84	telefonbuch_086	PTT-Archiv, P-260-1_Basel_1899_2	Basel
Rietmann	Alfr.	Metzgermeister	Ob. Rebgasse 31	Basel	1124	1899	84	telefonbuch_086	PTT-Archiv, P-260-1_Basel_1899_2	Basel
Rietmann	Arnold	Bäcker	Steinenthorstrasse 45	Basel	2268	1899	84	telefonbuch_086	PTT-Archiv, P-260-1_Basel_1899_2	Basel
Rietmann	Max	Metzger	Allschwilerstrasse 119	Basel	907	1899	85	telefonbuch_087	PTT-Archiv, P-260-1_Basel_1899_2	Basel
Riggenbach	Adolf	Bäckerei	St. Johannvorstadt 11	Basel	1381	1899	85	telefonbuch_087	PTT-Archiv, P-260-1_Basel_1899_2	Basel
Riggenbach-Burckhardt	A.	Prof. Dr.	Bernoullistrasse 20	Basel	799	1899	85	telefonbuch_087	PTT-Archiv, P-260-1_Basel_1899_2	Basel
Riggenbach	Ed.	Ingenieur	Freiestrasse 113	Basel	1890	1899	85	telefonbuch_087	PTT-Archiv, P-260-1_Basel_1899_2	Basel
Riggenbach	Ed.	Papeterie	Stadthausgasse 10	Basel	1351	1899	85	telefonbuch_087	PTT-Archiv, P-260-1_Basel_1899_2	Basel
Riggenbach	Franz		Marktplatz 5	Basel	1601	1899	85	telefonbuch_087	PTT-Archiv, P-260-1_Basel_1899_2	Basel
Riggenbach	Franz		Clarastrasse 30	Basel	3701	1899	85	telefonbuch_087	PTT-Archiv, P-260-1_Basel_1899_2	Basel
Riggenbach	Franz		St. Albanvorstadt 59	Basel	1816	1899	85	telefonbuch_087	PTT-Archiv, P-260-1_Basel_1899_2	Basel
Riggenbach	Franz		Petersgraben 18	Basel	1525	1899	85	telefonbuch_087	PTT-Archiv, P-260-1_Basel_1899_2	Basel
Riggenbach-Thurneysen	Ed.	Lic.	Langegasse 13	Basel	2098	1899	85	telefonbuch_087	PTT-Archiv, P-260-1_Basel_1899_2	Basel
Riggenbach & Co.			Freiestrasse 113	Basel	2037	1899	85	telefonbuch_087	PTT-Archiv, P-260-1_Basel_1899_2	Basel
Rilliet	E.		Austrasse 31	Basel	3091	1899	85	telefonbuch_087	PTT-Archiv, P-260-1_Basel_1899_2	Basel
Rinckenbach-Drisch	Kath.	Frau	Blumenrain 11	Basel	2097	1899	85	telefonbuch_087	PTT-Archiv, P-260-1_Basel_1899_2	Basel
Rinderspacher-Banholzer	Fr.	Gärtner	Klybeckstrasse 73	Basel	3298	1899	85	telefonbuch_087	PTT-Archiv, P-260-1_Basel_1899_2	Basel
Ritter	A.	Ingenieur- u. Patentanwalt	Birsigstrasse 2	Basel	2487	1899	85	telefonbuch_087	PTT-Archiv, P-260-1_Basel_1899_2	Basel
Ritter-Ehrhardt	Alex.	Mechan. und Rotgiesser	Isteinerstrasse 120	Basel	3435	1899	85	telefonbuch_087	PTT-Archiv, P-260-1_Basel_1899_2	Basel
Ritter & Uhlmann		Broncewaren-Fabrik	Clarastrasse 4	Basel	3526	1899	85	telefonbuch_087	PTT-Archiv, P-260-1_Basel_1899_2	Basel
Ritter	W.		Schloss Bottmingen	Bottmingen	2528	1899	85	telefonbuch_087	PTT-Archiv, P-260-1_Basel_1899_2	Basel
Rittmann	A.	Sohn, Zahnarzt	Güterstrasse 72	Basel	2430	1899	85	telefonbuch_087	PTT-Archiv, P-260-1_Basel_1899_2	Basel
Rittmann-Dittis	M.	Wwe.	Mittlerestrasse 27	Basel	161	1899	85	telefonbuch_087	PTT-Archiv, P-260-1_Basel_1899_2	Basel
Rittmann	Hch.	Zahnarzt	Leonhardsgraben 8	Basel	1614	1899	85	telefonbuch_087	PTT-Archiv, P-260-1_Basel_1899_2	Basel
Rittmann-Urech	Aug.	Zahnarzt	Augustinergasse 5	Basel	1147	1899	85	telefonbuch_087	PTT-Archiv, P-260-1_Basel_1899_2	Basel
Ritzmann	Emil	Brennmaterial	Güterstrasse 205	Basel	3756	1899	85	telefonbuch_087	PTT-Archiv, P-260-1_Basel_1899_2	Basel
Robert	Adolf		Eulerstrasse 26	Basel	2590	1899	85	telefonbuch_087	PTT-Archiv, P-260-1_Basel_1899_2	Basel
Röchling		Gebrüder	Margarethenstrasse 21	Basel	2424	1899	85	telefonbuch_087	PTT-Archiv, P-260-1_Basel_1899_2	Basel
Röchling	Otto		Grellingerstrasse 77	Basel	3566	1899	85	telefonbuch_087	PTT-Archiv, P-260-1_Basel_1899_2	Basel
Rogg-Baumgartner	L.	Gärtner	Riehenstrasse 180	Basel	3851	1899	85	telefonbuch_087	PTT-Archiv, P-260-1_Basel_1899_2	Basel
Rognon-Schönbein	E.		Münchensteinerstrasse 39	Basel	3998	1899	85	telefonbuch_087	PTT-Archiv, P-260-1_Basel_1899_2	Basel
Romang & Bernoulli			Utengasse 31	Basel	1183	1899	85	telefonbuch_087	PTT-Archiv, P-260-1_Basel_1899_2	Basel
Römisch-kath. Krankenanstalt			Hammerstrasse 43	Basel	3805	1899	85	telefonbuch_087	PTT-Archiv, P-260-1_Basel_1899_2	Basel
Römisch-katholische Pfarrei			Lindenberg 12	Basel	1146	1899	85	telefonbuch_087	PTT-Archiv, P-260-1_Basel_1899_2	Basel
Rommel & Co.			Centralbahnplatz 12	Basel	2242	1899	85	telefonbuch_087	PTT-Archiv, P-260-1_Basel_1899_2	Basel
Ronus-Bœringer	C.		Schweizerplatz 1	Basel	1171	1899	85	telefonbuch_087	PTT-Archiv, P-260-1_Basel_1899_2	Basel
Ronus-von Speyr	Ch.		Aeschengraben 9	Basel	2306	1899	85	telefonbuch_087	PTT-Archiv, P-260-1_Basel_1899_2	Basel
Ronus-Wegner	K. El.	Wwe.	Angensteinerstrasse 24	Basel	3669	1899	85	telefonbuch_087	PTT-Archiv, P-260-1_Basel_1899_2	Basel
Rordorf		Apotheke	Ob. Spalenberg 63	Basel	2885	1899	86	telefonbuch_088	PTT-Archiv, P-260-1_Basel_1899_2	Basel
Rordorf		Sanitas	Ob. Spalenberg 63	Basel	2885	1899	86	telefonbuch_088	PTT-Archiv, P-260-1_Basel_1899_2	Basel
Rosenmund	F.	Sohn, Bettwarengeschäft	Müllerweg 154	Basel	2960	1899	86	telefonbuch_088	PTT-Archiv, P-260-1_Basel_1899_2	Basel
Rosenmunds Nachfolger	A. Schilling-Rosenmund	Bettwarengeschäft	Fischmarkt 9	Basel	1564	1899	86	telefonbuch_088	PTT-Archiv, P-260-1_Basel_1899_2	Basel
Rosshändler	Joseph		Dornacherstrasse 123	Basel	3886	1899	86	telefonbuch_088	PTT-Archiv, P-260-1_Basel_1899_2	Basel
Rössiger & Co.			Dornacherstrasse 101	Basel	4097	1899	86	telefonbuch_088	PTT-Archiv, P-260-1_Basel_1899_2	Basel
Rost	W.	Bäckermeister	ob. Hauptstr. 579	Binningen	3126	1899	86	telefonbuch_088	PTT-Archiv, P-260-1_Basel_1899_2	Basel
Roth	A.	& Co.	Freiestrasse 47	Basel	1992	1899	86	telefonbuch_088	PTT-Archiv, P-260-1_Basel_1899_2	Basel
Roth-Bischoff	Herm.		Nonnenweg 31	Basel	2657	1899	86	telefonbuch_088	PTT-Archiv, P-260-1_Basel_1899_2	Basel
Roth-Georg		Wwe., Veltlinerhalle	Gerbergasse 26	Basel	2894	1899	86	telefonbuch_088	PTT-Archiv, P-260-1_Basel_1899_2	Basel
Rothe-Suter	Heinrich		Zürcherstrasse 172	Basel	1038	1899	86	telefonbuch_088	PTT-Archiv, P-260-1_Basel_1899_2	Basel
Ruckhäberle	M. O.		Nauenstrasse 22	Basel	2177	1899	86	telefonbuch_088	PTT-Archiv, P-260-1_Basel_1899_2	Basel
Ruckhäberle	Wilh.		Leonhardstrasse 26	Basel	2981	1899	86	telefonbuch_088	PTT-Archiv, P-260-1_Basel_1899_2	Basel
Ruckstuhl	J.	Centralheizungsgeschäft	Rümelinbachweg 6/8	Basel	2896	1899	86	telefonbuch_088	PTT-Archiv, P-260-1_Basel_1899_2	Basel
Rudin	Hans	Dr., Advokat	Eisengasse 6	Basel	1373	1899	86	telefonbuch_088	PTT-Archiv, P-260-1_Basel_1899_2	Basel
Rudin-Schäffer	K.	Schlossermeister	Gemsberg 8	Basel	2919	1899	86	telefonbuch_088	PTT-Archiv, P-260-1_Basel_1899_2	Basel
Rudin	Theophil	Lithograph	St. Johannvorstadt 70	Basel	1708	1899	86	telefonbuch_088	PTT-Archiv, P-260-1_Basel_1899_2	Basel
Rüdisühli	Rudolf	Confiseur	Eulerstrasse 38	Basel	2736	1899	86	telefonbuch_088	PTT-Archiv, P-260-1_Basel_1899_2	Basel
Rueff	F.	(Bureau)	Leonhardstrasse 26	Basel	3209	1899	86	telefonbuch_088	PTT-Archiv, P-260-1_Basel_1899_2	Basel
Rueff	F.		Leonhardstrasse 36	Basel	2902	1899	86	telefonbuch_088	PTT-Archiv, P-260-1_Basel_1899_2	Basel
Rueff	Jos.	Getreide	Kornhausgasse 10	Basel	2739	1899	86	telefonbuch_088	PTT-Archiv, P-260-1_Basel_1899_2	Basel
Rueff-Weil	J.		Burgfelderstrasse 8	Basel	180	1899	86	telefonbuch_088	PTT-Archiv, P-260-1_Basel_1899_2	Basel
Ruegg	Carl	Dr., Zahnarzt, Privatpraxis	Steinengraben 14	Basel	2917	1899	86	telefonbuch_088	PTT-Archiv, P-260-1_Basel_1899_2	Basel
Ruegger	Jak.	Schlosser	Steinenvorstadt 63	Basel	2458	1899	86	telefonbuch_088	PTT-Archiv, P-260-1_Basel_1899_2	Basel
Ruf	C.	Photograph	Steinenthorberg 20	Basel	2433	1899	86	telefonbuch_088	PTT-Archiv, P-260-1_Basel_1899_2	Basel
Ruf-Martin	Paul			Allschwil	2783	1899	86	telefonbuch_088	PTT-Archiv, P-260-1_Basel_1899_2	Basel
Rufer-Hartmann	C.	Handelsgärtner	Eulerstrasse 61	Basel	2729	1899	86	telefonbuch_088	PTT-Archiv, P-260-1_Basel_1899_2	Basel
Ruffio	Achilles	Architektur- u. Liegenschaftsbureau	Steinenvorstadt 5	Basel	2213	1899	86	telefonbuch_088	PTT-Archiv, P-260-1_Basel_1899_2	Basel
Rühl	Wilh.		Gundoldingerstrasse 460	Basel	3918	1899	86	telefonbuch_088	PTT-Archiv, P-260-1_Basel_1899_2	Basel
Rümmele	J.		Hammerstrasse 131	Basel	3410	1899	86	telefonbuch_088	PTT-Archiv, P-260-1_Basel_1899_2	Basel
Rumpel	J.	Kantonsrat, z. Engel		Dornach	3900	1899	86	telefonbuch_088	PTT-Archiv, P-260-1_Basel_1899_2	Basel
Rumpf-von Salis	Werner		Maiengasse 15	Basel	1454	1899	86	telefonbuch_088	PTT-Archiv, P-260-1_Basel_1899_2	Basel
Rumpf'sche Kreppfabrik		A. G.	Maulbeerweg 89	Basel	3517	1899	87	telefonbuch_089	PTT-Archiv, P-260-1_Basel_1899_2	Basel
Rüsch-Burckhardt	Ferd.		Elisabethenstrasse 27	Basel	2410	1899	87	telefonbuch_089	PTT-Archiv, P-260-1_Basel_1899_2	Basel
Russ	M.	Möbelschreinerei	Bachlettenstrasse 20	Basel	953	1899	87	telefonbuch_089	PTT-Archiv, P-260-1_Basel_1899_2	Basel
Rütimeyer	L.	Dr.	Allschwilerstrasse 25	Basel	2670	1899	87	telefonbuch_089	PTT-Archiv, P-260-1_Basel_1899_2	Basel
Rutschmann	Ferd.	Bäcker	Aeschenvorstadt 49	Basel	1951	1899	87	telefonbuch_089	PTT-Archiv, P-260-1_Basel_1899_2	Basel
Rutschmann	G.		Spalenberg 53	Basel	2	1899	87	telefonbuch_089	PTT-Archiv, P-260-1_Basel_1899_2	Basel
Rutschmann	Willy		Drahtzugstrasse 63	Basel	3315	1899	87	telefonbuch_089	PTT-Archiv, P-260-1_Basel_1899_2	Basel
Ruutz Haller	H.	Wohnung	Austrasse 27	Basel	3029	1899	87	telefonbuch_089	PTT-Archiv, P-260-1_Basel_1899_2	Basel
Ruutz-Haller	H.	& Co.	Elisabethenstrasse 41	Basel	2392	1899	87	telefonbuch_089	PTT-Archiv, P-260-1_Basel_1899_2	Basel
Ryhiner-Bischoff	M.	Wwe	Herbergsgasse 7	Basel	1560	1899	87	telefonbuch_089	PTT-Archiv, P-260-1_Basel_1899_2	Basel
Ryhiner-Heusler		Frau	Gartenstrasse 46	Basel	1973	1899	87	telefonbuch_089	PTT-Archiv, P-260-1_Basel_1899_2	Basel
Ryhiner-Merian	C.		Engelgasse 9	Basel	1907	1899	87	telefonbuch_089	PTT-Archiv, P-260-1_Basel_1899_2	Basel
Ryhiner-Stehlin	Alb.		St. Albananlage 14	Basel	4176	1899	87	telefonbuch_089	PTT-Archiv, P-260-1_Basel_1899_2	Basel
Sachwalterbureau Zulliger		Filiale Basel	Freiestrasse 90	Basel	2007	1899	87	telefonbuch_089	PTT-Archiv, P-260-1_Basel_1899_2	Basel
Saenger-Jäcklé	Otto		Pfeffingerstrasse 104	Basel	764	1899	87	telefonbuch_089	PTT-Archiv, P-260-1_Basel_1899_2	Basel
Saenger & Co.			Pfeffingerstrasse 83	Basel	3759	1899	87	telefonbuch_089	PTT-Archiv, P-260-1_Basel_1899_2	Basel
Sagnol	L.		Gerbergasse 89	Basel	2116	1899	87	telefonbuch_089	PTT-Archiv, P-260-1_Basel_1899_2	Basel
Salathé-Bärwart	Dor.	Wwe.	Leimenstrasse 27	Basel	1780	1899	87	telefonbuch_089	PTT-Archiv, P-260-1_Basel_1899_2	Basel
Salathé	E.	& Co.	Leonhardstrasse 26	Basel	3002	1899	87	telefonbuch_089	PTT-Archiv, P-260-1_Basel_1899_2	Basel
Saline Kaiseraugst				Kaiseraugst	2598	1899	87	telefonbuch_089	PTT-Archiv, P-260-1_Basel_1899_2	Basel
Saline Schweizerhalle		von Glenck, Kornmann & Co.		Schweizerhalle	2598	1899	87	telefonbuch_089	PTT-Archiv, P-260-1_Basel_1899_2	Basel
Salmen	G.	Lang-Müller, Wirt	Spalenvorstadt 45	Basel	2671	1899	87	telefonbuch_089	PTT-Archiv, P-260-1_Basel_1899_2	Basel
Samuel-Perouse	A.	Directeur de la Schappe	Wettsteinplatz 11	Basel	3230	1899	87	telefonbuch_089	PTT-Archiv, P-260-1_Basel_1899_2	Basel
Sanatorium Leimenstrasse Basel			Leimenstrasse 67	Basel	2975	1899	87	telefonbuch_089	PTT-Archiv, P-260-1_Basel_1899_2	Basel
Sandreuter-Brüderlin	E.		Pilgerstrasse 17	Basel	3268	1899	87	telefonbuch_089	PTT-Archiv, P-260-1_Basel_1899_2	Basel
Sandreuter	E.	Spengler	Schneidergasse 5	Basel	1424	1899	87	telefonbuch_089	PTT-Archiv, P-260-1_Basel_1899_2	Basel
Sandreuter-Jundt	R.	Architekt	Sommergasse 13	Basel	1140	1899	87	telefonbuch_089	PTT-Archiv, P-260-1_Basel_1899_2	Basel
Sandreuter-Kündig	Eml.		Sevogelstrasse 69	Basel	3974	1899	87	telefonbuch_089	PTT-Archiv, P-260-1_Basel_1899_2	Basel
Sanitarisches Institut			Weiherweg 46/48	Basel	2811	1899	87	telefonbuch_089	PTT-Archiv, P-260-1_Basel_1899_2	Basel
Sanitas Rordorf			Ob. Spalenberg 63	Basel	2885	1899	87	telefonbuch_089	PTT-Archiv, P-260-1_Basel_1899_2	Basel
Sanitätsgeschäft Hausmann		A. G.	Petersgraben 61	Basel		1899	87	telefonbuch_089	PTT-Archiv, P-260-1_Basel_1899_2	Basel
Sanitäts- und Gummiwarengeschäft J. Möschinger			Hutgasse 23	Basel	1406	1899	87	telefonbuch_089	PTT-Archiv, P-260-1_Basel_1899_2	Basel
Sanitätsdepartement u. Kantonstierarzt			Domhof	Basel	1757	1899	87	telefonbuch_089	PTT-Archiv, P-260-1_Basel_1899_2	Basel
Sanitätskommissär II			Kleines Klingenthal 19	Basel	1281	1899	88	telefonbuch_090	PTT-Archiv, P-260-1_Basel_1899_2	Basel
St. Johannschulhaus			Blochmonterstrasse 10	Basel	1535	1899	88	telefonbuch_090	PTT-Archiv, P-260-1_Basel_1899_2	Basel
Sanzi	Hans	Zimmermeister	Lehenmattstrasse 234	Basel	1105	1899	88	telefonbuch_090	PTT-Archiv, P-260-1_Basel_1899_2	Basel
Sarasin-Alioth	Hans		Engelgasse 7	Basel	4138	1899	88	telefonbuch_090	PTT-Archiv, P-260-1_Basel_1899_2	Basel
Sarasin-Bischoff	Th.			Riehen	4316	1899	88	telefonbuch_090	PTT-Archiv, P-260-1_Basel_1899_2	Basel
Sarasin-Bischoff	Th.		St. Albanvorstadt 32	Basel	1814	1899	88	telefonbuch_090	PTT-Archiv, P-260-1_Basel_1899_2	Basel
Sarasin-Brunner	Ros.	Frau	Münchensteinerstrasse 8	Basel	3978	1899	88	telefonbuch_090	PTT-Archiv, P-260-1_Basel_1899_2	Basel
Sarasin-Brunner	Ros.	Frau	St. Albanvorstadt 49	Basel	1786	1899	88	telefonbuch_090	PTT-Archiv, P-260-1_Basel_1899_2	Basel
Sarasin	P. & F.	Dr.	Spitalstrasse 22	Basel	1712	1899	88	telefonbuch_090	PTT-Archiv, P-260-1_Basel_1899_2	Basel
Sarasin		Gebrüder	St. Albanvorstadt 91	Basel	4279	1899	88	telefonbuch_090	PTT-Archiv, P-260-1_Basel_1899_2	Basel
Sarasin-Iselin	Alfred		Langegasse 80	Basel	3688	1899	88	telefonbuch_090	PTT-Archiv, P-260-1_Basel_1899_2	Basel
Sarasin-Iselin	Wilh.		St. Jakobstrasse 14	Basel	2294	1899	88	telefonbuch_090	PTT-Archiv, P-260-1_Basel_1899_2	Basel
Sarasin	Peter		St. Albananlage 58	Basel	1953	1899	88	telefonbuch_090	PTT-Archiv, P-260-1_Basel_1899_2	Basel
Sarasin	Rud.	Sohn	St. Albanvorstadt 17	Basel	1763	1899	88	telefonbuch_090	PTT-Archiv, P-260-1_Basel_1899_2	Basel
Sarasin	Rudolf	& Co.	Bäumleingasse 18	Basel	1787	1899	88	telefonbuch_090	PTT-Archiv, P-260-1_Basel_1899_2	Basel
Sarasin	Rudolf	& Co.	Waldenburgerstrasse 1	Basel	2380	1899	88	telefonbuch_090	PTT-Archiv, P-260-1_Basel_1899_2	Basel
Sarasin	Rudolf	& Co.	Luftgässlein 4	Basel	1855	1899	88	telefonbuch_090	PTT-Archiv, P-260-1_Basel_1899_2	Basel
Sarasin-Schlumberger	J.		Gartenstrasse 28	Basel	2120	1899	88	telefonbuch_090	PTT-Archiv, P-260-1_Basel_1899_2	Basel
Sarasin Stähelin & Co.			St. Albanvorstadt 49	Basel	1793	1899	88	telefonbuch_090	PTT-Archiv, P-260-1_Basel_1899_2	Basel
Sarasin-Thiersch	Rudolf		Malzgasse 30	Basel	4170	1899	88	telefonbuch_090	PTT-Archiv, P-260-1_Basel_1899_2	Basel
Sarasin-VonderMühll	Ernst		St. Albanvorstadt 91	Basel	772	1899	88	telefonbuch_090	PTT-Archiv, P-260-1_Basel_1899_2	Basel
Sartorius-Burckhardt	Joh.	Wwe	Nonnenweg 60	Basel	785	1899	88	telefonbuch_090	PTT-Archiv, P-260-1_Basel_1899_2	Basel
Sartorius	Karl	Pfarrer		Pratteln	2598	1899	88	telefonbuch_090	PTT-Archiv, P-260-1_Basel_1899_2	Basel
Sattler's	Alb.	Wwe, Münzen- und Antiquitätenhandlung	Blumenrain 7	Basel	1326	1899	88	telefonbuch_090	PTT-Archiv, P-260-1_Basel_1899_2	Basel
Saeuberlin	J. R.	Stadtuhrenmacher u. Blitzableiter-Exp.	Nonnenweg 22	Basel	2575	1899	88	telefonbuch_090	PTT-Archiv, P-260-1_Basel_1899_2	Basel
Sauer-Dunkel	Adam	Schreinermeister	Dorfstr. 12/14	Kleinhüningen	3335	1899	88	telefonbuch_090	PTT-Archiv, P-260-1_Basel_1899_2	Basel
Sauter	Jos.	Buchbinder	Barfüsserplatz 14	Basel	2489	1899	88	telefonbuch_090	PTT-Archiv, P-260-1_Basel_1899_2	Basel
Sauter	U.	Goldschmied	Freiestrasse 44	Basel	1	1899	88	telefonbuch_090	PTT-Archiv, P-260-1_Basel_1899_2	Basel
Schabelitz-Steinmann	W.	(Wohnung)	Allschwilerstrasse 52	Basel	962	1899	88	telefonbuch_090	PTT-Archiv, P-260-1_Basel_1899_2	Basel
Schabelitz	W.	(Bureau)	Nonnenweg 16	Basel	2662	1899	88	telefonbuch_090	PTT-Archiv, P-260-1_Basel_1899_2	Basel
Schächtelin	D.	Spengler	Claragraben 14	Basel	3813	1899	88	telefonbuch_090	PTT-Archiv, P-260-1_Basel_1899_2	Basel
Schäfer-Denger	E.	Bäckermstr.	Aeschenvorstadt 18	Basel	2093	1899	88	telefonbuch_090	PTT-Archiv, P-260-1_Basel_1899_2	Basel
Schäfer	E.		Oberwilerstrasse 50	Basel	3075	1899	88	telefonbuch_090	PTT-Archiv, P-260-1_Basel_1899_2	Basel
Schamböck	S.	Tapezierer	Aeschenvorstadt 3	Basel	2030	1899	89	telefonbuch_091	PTT-Archiv, P-260-1_Basel_1899_2	Basel
Schær	J. Fr.		Bachlettenstrasse 60	Basel	3105	1899	89	telefonbuch_091	PTT-Archiv, P-260-1_Basel_1899_2	Basel
Schaerer	Ed.	Hafner	Küchegässlein 7	Basel	2254	1899	89	telefonbuch_091	PTT-Archiv, P-260-1_Basel_1899_2	Basel
Scharf-Seiffert	K.	Hafnermstr.	Nadelberg 26	Basel	2616	1899	89	telefonbuch_091	PTT-Archiv, P-260-1_Basel_1899_2	Basel
Schætti & Steiger		Hôtel Europäischer Hof	Steinenvorstadt 75	Basel	2420	1899	89	telefonbuch_091	PTT-Archiv, P-260-1_Basel_1899_2	Basel
Schatzmann	Hch.	Baumeister	Bartenheimerstrasse 17	Basel	817	1899	89	telefonbuch_091	PTT-Archiv, P-260-1_Basel_1899_2	Basel
Schaub	Emil	Gemeindepräs.		Ettingen	2520	1899	89	telefonbuch_091	PTT-Archiv, P-260-1_Basel_1899_2	Basel
Schaub-Lüssi	A.	Stellenvermittlung	Riehenthorstrasse 14	Basel	1175	1899	89	telefonbuch_091	PTT-Archiv, P-260-1_Basel_1899_2	Basel
Schaub	Paul	Spengler	Schützenmattstrasse 5	Basel	2714	1899	89	telefonbuch_091	PTT-Archiv, P-260-1_Basel_1899_2	Basel
Schaub-Ryser	J. J.	Malermstr.	Gartenstrasse 64	Basel	2168	1899	89	telefonbuch_091	PTT-Archiv, P-260-1_Basel_1899_2	Basel
Schäublin	J. R.		Austrasse 61	Basel	2884	1899	89	telefonbuch_091	PTT-Archiv, P-260-1_Basel_1899_2	Basel
Schaupp-Beausire	Alb.	Bäcker	Hardtstrasse 66	Basel	3781	1899	89	telefonbuch_091	PTT-Archiv, P-260-1_Basel_1899_2	Basel
Schedler		Dr. med.		Dornachbrugg	3900	1899	89	telefonbuch_091	PTT-Archiv, P-260-1_Basel_1899_2	Basel
Scheidecker	Ch.	mech. Werkstätte und Messinggiesserei	Klybeckstrasse 45	Basel	3273	1899	89	telefonbuch_091	PTT-Archiv, P-260-1_Basel_1899_2	Basel
Scheidegger	Emil		Frobenstrasse 54	Basel	4046	1899	89	telefonbuch_091	PTT-Archiv, P-260-1_Basel_1899_2	Basel
Scheidegger & Rüesch			Färberstrasse 61	Basel	786	1899	89	telefonbuch_091	PTT-Archiv, P-260-1_Basel_1899_2	Basel
Schellenberg	A.	& Co., Nachfolger von Harder & Co.	Birsigstrasse 3	Basel	2480	1899	89	telefonbuch_091	PTT-Archiv, P-260-1_Basel_1899_2	Basel
Schelling-Grether	C.	Fuhrhalter	Horburgstrasse 139	Basel	3482	1899	89	telefonbuch_091	PTT-Archiv, P-260-1_Basel_1899_2	Basel
Schenk	H.	march.-tailleur	Freiestrasse 90	Basel		1899	89	telefonbuch_091	PTT-Archiv, P-260-1_Basel_1899_2	Basel
Scherer-Jundt	A.		Gartenstrasse 72	Basel	3868	1899	89	telefonbuch_091	PTT-Archiv, P-260-1_Basel_1899_2	Basel
Scherer	Theodor	Wirtschaft zur Post		Binningen	187	1899	89	telefonbuch_091	PTT-Archiv, P-260-1_Basel_1899_2	Basel
Scherrer	Paul	Dr.	Angensteinerstrasse 11	Basel	3690	1899	89	telefonbuch_091	PTT-Archiv, P-260-1_Basel_1899_2	Basel
Scherrer & Fischer	Paul & Alfred	Dr. & Dr.	Freiestrasse 72	Basel	2319	1899	89	telefonbuch_091	PTT-Archiv, P-260-1_Basel_1899_2	Basel
Scherrer	G. & C.		Zürcherstrasse 41	Basel	4127	1899	89	telefonbuch_091	PTT-Archiv, P-260-1_Basel_1899_2	Basel
Scherrer-Heidet	Fred. Ed.		Oberwilerstrasse 38	Basel	3120	1899	89	telefonbuch_091	PTT-Archiv, P-260-1_Basel_1899_2	Basel
Schetty	Fr.	Dr.	Claragraben 49	Basel	3825	1899	89	telefonbuch_091	PTT-Archiv, P-260-1_Basel_1899_2	Basel
Schetty-Eisenlohr	Aug.		Rappoltshof 16	Basel	3296	1899	89	telefonbuch_091	PTT-Archiv, P-260-1_Basel_1899_2	Basel
Schetty		Fräulein	Klybeckstrasse 22	Basel	3380	1899	89	telefonbuch_091	PTT-Archiv, P-260-1_Basel_1899_2	Basel
Schetty-Haas	Paul		Mörsbergerstrasse 34	Basel	3368	1899	89	telefonbuch_091	PTT-Archiv, P-260-1_Basel_1899_2	Basel
Schetty-Haberstich	Alb.		Claraplatz 3	Basel	1243	1899	89	telefonbuch_091	PTT-Archiv, P-260-1_Basel_1899_2	Basel
Schetty-Oechslin	Carl		Claraplatz 2	Basel	3299	1899	89	telefonbuch_091	PTT-Archiv, P-260-1_Basel_1899_2	Basel
Schetty & Söhne			Untere Rebgasse 4	Basel	1245	1899	89	telefonbuch_091	PTT-Archiv, P-260-1_Basel_1899_2	Basel
Scheuchzer-Dür	A.	privatim	Friedensgasse 64	Basel	1405	1899	89	telefonbuch_091	PTT-Archiv, P-260-1_Basel_1899_2	Basel
Scheuchzer & Cie.		Handlung	Petersgraben 19	Basel	1530	1899	89	telefonbuch_091	PTT-Archiv, P-260-1_Basel_1899_2	Basel
Scheuermann	S.	Dr., Advokat	Clarastrasse 46	Basel	3713	1899	89	telefonbuch_091	PTT-Archiv, P-260-1_Basel_1899_2	Basel
Scheurer	Fritz	Bäckermeister	Gerbergasse 50	Basel	2561	1899	90	telefonbuch_092	PTT-Archiv, P-260-1_Basel_1899_2	Basel
Scheuring	A.	(in Firma Heinrich Franck Söhne)	Horburgstrasse 109	Basel	3364	1899	90	telefonbuch_092	PTT-Archiv, P-260-1_Basel_1899_2	Basel
Scheven	Auguste	Frau	Angensteinerstrasse 17	Basel		1899	90	telefonbuch_092	PTT-Archiv, P-260-1_Basel_1899_2	Basel
Schiess	H.	Prof. Dr.	Missionsstrasse 28	Basel	2580	1899	90	telefonbuch_092	PTT-Archiv, P-260-1_Basel_1899_2	Basel
Schiesser	Rud.	Confiseur	Marktplatz 26	Basel	1561	1899	90	telefonbuch_092	PTT-Archiv, P-260-1_Basel_1899_2	Basel
Schiessplatz		neuer (Awartwohnung)	beim Allschwilerweiher	Basel	3128	1899	90	telefonbuch_092	PTT-Archiv, P-260-1_Basel_1899_2	Basel
Schild	Joseph		Winkelriedplatz 8	Basel	2748	1899	90	telefonbuch_092	PTT-Archiv, P-260-1_Basel_1899_2	Basel
Schill-Dörflinger	Emil	Wirt	Steinenvorstadt 13	Basel	2205	1899	90	telefonbuch_092	PTT-Archiv, P-260-1_Basel_1899_2	Basel
Schill	E.	Sohn, Handelsgärtn.	Burgfelderstrasse 34	Basel	1473	1899	90	telefonbuch_092	PTT-Archiv, P-260-1_Basel_1899_2	Basel
Schill-Ernst	Ed.		Feierabendstrasse 58	Basel	2906	1899	90	telefonbuch_092	PTT-Archiv, P-260-1_Basel_1899_2	Basel
Schill	Florian	Sattlermeister	Unt. Rebgasse 9	Basel	37	1899	90	telefonbuch_092	PTT-Archiv, P-260-1_Basel_1899_2	Basel
Schilling-Rosenmund	A.	Bettwarengeschäft	Fischmarkt 9	Basel	1564	1899	90	telefonbuch_092	PTT-Archiv, P-260-1_Basel_1899_2	Basel
Schillinger-Lang	Karl	Wirt	Riehenstrasse 159	Basel	3829	1899	90	telefonbuch_092	PTT-Archiv, P-260-1_Basel_1899_2	Basel
Schirach	W.	Hôtel St. Gotthard-Terminus	Centralbahnstrasse 13	Basel	3928	1899	90	telefonbuch_092	PTT-Archiv, P-260-1_Basel_1899_2	Basel
Schirmer	Alf.	Dr. med., Zahnarzt	Leonhardstrasse 16	Basel	3013	1899	90	telefonbuch_092	PTT-Archiv, P-260-1_Basel_1899_2	Basel
Schirrer & Co.		Hôtel Jura	Centralbahnplatz 11	Basel	2246	1899	90	telefonbuch_092	PTT-Archiv, P-260-1_Basel_1899_2	Basel
Schlachthaus-Verwaltung der Stadt Basel			Elsässerstrasse 4	Basel	1735	1899	90	telefonbuch_092	PTT-Archiv, P-260-1_Basel_1899_2	Basel
Schlageter-Haas	J.		Röthelerstrasse 10	Basel	3246	1899	90	telefonbuch_092	PTT-Archiv, P-260-1_Basel_1899_2	Basel
Schlageter-Hartmann	Karl	Schuhmachermeister	Theaterstrasse 22	Basel	1690	1899	90	telefonbuch_092	PTT-Archiv, P-260-1_Basel_1899_2	Basel
Schlageter	J.	Amtmann	Freiestrasse 75	Basel	1905	1899	90	telefonbuch_092	PTT-Archiv, P-260-1_Basel_1899_2	Basel
Schlatter	Jakob		Münchensteinerstrasse 150	Basel	41	1899	90	telefonbuch_092	PTT-Archiv, P-260-1_Basel_1899_2	Basel
Schlatter	R.	Dr. med.		Aesch	3900	1899	90	telefonbuch_092	PTT-Archiv, P-260-1_Basel_1899_2	Basel
Schleeh-Jehle	Jakob	Bäckermeister	Greifengasse 36	Basel	3201	1899	90	telefonbuch_092	PTT-Archiv, P-260-1_Basel_1899_2	Basel
Schleuss	Rudolf		Wallstrasse 15	Basel	2445	1899	90	telefonbuch_092	PTT-Archiv, P-260-1_Basel_1899_2	Basel
Schlichtholz-Schwarz	Friedr.	Spenglermeister	Rudolfstrasse 9	Basel	2817	1899	90	telefonbuch_092	PTT-Archiv, P-260-1_Basel_1899_2	Basel
Schlienger	Hermann	Butterhandlung	Pfeffingerstrasse 100	Basel	755	1899	90	telefonbuch_092	PTT-Archiv, P-260-1_Basel_1899_2	Basel
Schlimme	F.	Kürschner	Gerbergasse 72	Basel	2540	1899	90	telefonbuch_092	PTT-Archiv, P-260-1_Basel_1899_2	Basel
Schlosser-Bendel	S. R.		Augustinergasse 13	Basel	1068	1899	90	telefonbuch_092	PTT-Archiv, P-260-1_Basel_1899_2	Basel
Schlosser	Hans	Dr.	Missionsstrasse 66	Basel	873	1899	90	telefonbuch_092	PTT-Archiv, P-260-1_Basel_1899_2	Basel
Schlotterer	Wilh.	Metzger	Hägenheimerstrasse 8	Basel	2633	1899	90	telefonbuch_092	PTT-Archiv, P-260-1_Basel_1899_2	Basel
Schloz-Mayer	Kath.	Wwe	Bleicheweg 7	Basel	1238	1899	90	telefonbuch_092	PTT-Archiv, P-260-1_Basel_1899_2	Basel
Schlumberger-Ehinger	A.		St. Jakobstrasse 29	Basel	2289	1899	91	telefonbuch_093	PTT-Archiv, P-260-1_Basel_1899_2	Basel
Schlumberger-Grisard		Cigarrenhandlung	Bahnhofstrasse 17	Basel	3464	1899	91	telefonbuch_093	PTT-Archiv, P-260-1_Basel_1899_2	Basel
Schlumberger	J.		Bahnhofstrasse 17	Basel	3321	1899	91	telefonbuch_093	PTT-Archiv, P-260-1_Basel_1899_2	Basel
Schlumberger-Vischer	Ch.		St. Jakobstrasse 21	Basel	3794	1899	91	telefonbuch_093	PTT-Archiv, P-260-1_Basel_1899_2	Basel
Schmassmann & Dick			Mittlerestrasse 121	Basel	778	1899	91	telefonbuch_093	PTT-Archiv, P-260-1_Basel_1899_2	Basel
Schmid	Adolph	Papeterie	Leonhardsgraben 2	Basel	2941	1899	91	telefonbuch_093	PTT-Archiv, P-260-1_Basel_1899_2	Basel
Schmid	Ad.	Schreinermeister	Rebgasse 46	Basel	1145	1899	91	telefonbuch_093	PTT-Archiv, P-260-1_Basel_1899_2	Basel
Schmid-Bähler	Walter	Basler Milchkuranstalt	Eulerstrasse 82	Basel	2592	1899	91	telefonbuch_093	PTT-Archiv, P-260-1_Basel_1899_2	Basel
Schmid-Ballié	J.		Engelgasse 79	Basel	3677	1899	91	telefonbuch_093	PTT-Archiv, P-260-1_Basel_1899_2	Basel
Schmid		Gebrüder	Rittergasse 33	Basel	1067	1899	91	telefonbuch_093	PTT-Archiv, P-260-1_Basel_1899_2	Basel
Schmid		Gebrüder, Magazin	Lehenmattweg 39	Basel	4128	1899	91	telefonbuch_093	PTT-Archiv, P-260-1_Basel_1899_2	Basel
Schmid	J. F.	Bäckerei und Mineralwasserfabrik	Hauptstrasse 261	Birsfelden	798	1899	91	telefonbuch_093	PTT-Archiv, P-260-1_Basel_1899_2	Basel
Schmid-Kistler	Ch.	Konditor	Spalenberg 55	Basel	2893	1899	91	telefonbuch_093	PTT-Archiv, P-260-1_Basel_1899_2	Basel
Schmid-Kopp	T.	(Hôtel de la gare)	Gartenstrasse 117	Basel	3948	1899	91	telefonbuch_093	PTT-Archiv, P-260-1_Basel_1899_2	Basel
Schmid-Krauss	J. J.	Bäcker	St. Albanvorstadt 57	Basel	1823	1899	91	telefonbuch_093	PTT-Archiv, P-260-1_Basel_1899_2	Basel
Schmid-Paganini	J.	Dr.	Oetlingerstrasse 2	Basel	3206	1899	91	telefonbuch_093	PTT-Archiv, P-260-1_Basel_1899_2	Basel
Schmid-Rhiner	Ed.	Wirt	Schlettstadterstrasse 12	Basel	826	1899	91	telefonbuch_093	PTT-Archiv, P-260-1_Basel_1899_2	Basel
Schmid-Rufer	F.	Bouquets- u. Kranzbinderei	Allschwilerstrasse 109	Basel	2787	1899	91	telefonbuch_093	PTT-Archiv, P-260-1_Basel_1899_2	Basel
Schmid-Weber	Peter		Peter Merianstrasse 34	Basel	3859	1899	91	telefonbuch_093	PTT-Archiv, P-260-1_Basel_1899_2	Basel
Schmidle	F.	Metzger	Ochsengasse 11	Basel	1201	1899	91	telefonbuch_093	PTT-Archiv, P-260-1_Basel_1899_2	Basel
Schmidli	J.	Baugeschäft	Jurastrasse 49	Basel	3890	1899	91	telefonbuch_093	PTT-Archiv, P-260-1_Basel_1899_2	Basel
Schmidlin-Rath	J.		Feierabendstrasse 9	Basel	3045	1899	91	telefonbuch_093	PTT-Archiv, P-260-1_Basel_1899_2	Basel
Schmidt	A.	Tapezierer- und Möbelgeschäft	Leonhardsgraben 8	Basel	2747	1899	91	telefonbuch_093	PTT-Archiv, P-260-1_Basel_1899_2	Basel
Schmidt-Auer	Ant.	Bäcker	Horburgstrasse 89	Basel	192	1899	91	telefonbuch_093	PTT-Archiv, P-260-1_Basel_1899_2	Basel
Schmidt	Gustav	Spengler	Heumattstrasse 17	Basel	2236	1899	91	telefonbuch_093	PTT-Archiv, P-260-1_Basel_1899_2	Basel
Schmidt-Hagenbuch	Ph.		Malzgasse 18	Basel	4289	1899	91	telefonbuch_093	PTT-Archiv, P-260-1_Basel_1899_2	Basel
Schmidt	Karl	Prof. Dr.	Hardstrasse 107	Basel	3576	1899	91	telefonbuch_093	PTT-Archiv, P-260-1_Basel_1899_2	Basel
Schmidt		Söhne, Holzhandlung	Grenzacherstrasse 187	Basel	3227	1899	91	telefonbuch_093	PTT-Archiv, P-260-1_Basel_1899_2	Basel
Schmidt & Staehelin			Leimenstrasse 36	Basel	2831	1899	91	telefonbuch_093	PTT-Archiv, P-260-1_Basel_1899_2	Basel
Schmitt-Mannok	B.	Frau, Wäscherei und Glätterei	Kolmarerstrasse 38	Basel	821	1899	91	telefonbuch_093	PTT-Archiv, P-260-1_Basel_1899_2	Basel
Schmitz	R.	Ingenieur	Bahnhofstrasse 7	Basel	3611	1899	91	telefonbuch_093	PTT-Archiv, P-260-1_Basel_1899_2	Basel
Schmoll	Emil	Dr.	Schützengraben 24	Basel	3071	1899	91	telefonbuch_093	PTT-Archiv, P-260-1_Basel_1899_2	Basel
Schmoll		fils	Eulerstrasse 85	Basel	2653	1899	91	telefonbuch_093	PTT-Archiv, P-260-1_Basel_1899_2	Basel
Schmoll-Hartmann	L.	Wirt	Schützenmattstrasse 17	Basel	2780	1899	92	telefonbuch_094	PTT-Archiv, P-260-1_Basel_1899_2	Basel
Schmoll & Co.		Bureau	Horburgstrasse 104	Basel	295	1899	92	telefonbuch_094	PTT-Archiv, P-260-1_Basel_1899_2	Basel
Schmoll & Co.			Schützengraben 24	Basel	2985	1899	92	telefonbuch_094	PTT-Archiv, P-260-1_Basel_1899_2	Basel
Schmutz	Adolf	Bäckermeister	Pfeffingerstrasse 38	Basel	3884	1899	92	telefonbuch_094	PTT-Archiv, P-260-1_Basel_1899_2	Basel
Schneebeli	Conrad		Elisabethenstrasse 54	Basel	2235	1899	92	telefonbuch_094	PTT-Archiv, P-260-1_Basel_1899_2	Basel
Schneeberger	Hans	& Co.	Gerbergasse 16	Basel	1404	1899	92	telefonbuch_094	PTT-Archiv, P-260-1_Basel_1899_2	Basel
Schneider-Degen	David	Elektriker	Obere Rebgasse 44	Basel	1149	1899	92	telefonbuch_094	PTT-Archiv, P-260-1_Basel_1899_2	Basel
Schneider	Emil	Antiquar	Steinenberg 1	Basel	2016	1899	92	telefonbuch_094	PTT-Archiv, P-260-1_Basel_1899_2	Basel
Schneider	Erhard		Totentanz 17/18	Basel	1392	1899	92	telefonbuch_094	PTT-Archiv, P-260-1_Basel_1899_2	Basel
Schneider	Ernst	Droguerie	Feldbergstrasse 86	Basel	3348	1899	92	telefonbuch_094	PTT-Archiv, P-260-1_Basel_1899_2	Basel
Schneider	Felix	(siehe Geering, Adolf)	Bäumleingasse 10	Basel	1851	1899	92	telefonbuch_094	PTT-Archiv, P-260-1_Basel_1899_2	Basel
Schneider	Ferd.	Tapeten- und Möbellager	Leimenstrasse 41	Basel	2945	1899	92	telefonbuch_094	PTT-Archiv, P-260-1_Basel_1899_2	Basel
Schneider-Finninger	E.		Leimenstrasse 56	Basel	2930	1899	92	telefonbuch_094	PTT-Archiv, P-260-1_Basel_1899_2	Basel
Schneider-Gisin	Hch.	Wirt	Breisacherstrasse 79	Basel	3939	1899	92	telefonbuch_094	PTT-Archiv, P-260-1_Basel_1899_2	Basel
Schneider-Merian	Fritz		Friedensgasse 63	Basel	1441	1899	92	telefonbuch_094	PTT-Archiv, P-260-1_Basel_1899_2	Basel
Schneider-Mouturat	Jacques	Weinhandlung	Thannerstrasse 80	Basel	284	1899	92	telefonbuch_094	PTT-Archiv, P-260-1_Basel_1899_2	Basel
Schneider-Rühlin	A. M.	Wwe.	Feierabendstrasse 7	Basel	3073	1899	92	telefonbuch_094	PTT-Archiv, P-260-1_Basel_1899_2	Basel
Schneider	Wilh.	Kunst- und Handelsgärtner	Lothringerstrasse 10	Basel	1623	1899	92	telefonbuch_094	PTT-Archiv, P-260-1_Basel_1899_2	Basel
Schnetzler	Adolf	Baugeschäft, vorm. Baugesch. Tschaggeny	Bahnhofstrasse 95	Basel	3436	1899	92	telefonbuch_094	PTT-Archiv, P-260-1_Basel_1899_2	Basel
Schnetzler-Kromer	J.		Petersgraben 9	Basel	1683	1899	92	telefonbuch_094	PTT-Archiv, P-260-1_Basel_1899_2	Basel
Schnider	Pius	zum Schwert	Ruchfeld	Neuewelt	3915	1899	92	telefonbuch_094	PTT-Archiv, P-260-1_Basel_1899_2	Basel
Schnurr	Georg	Maurermeister	Breisacherstrasse 54	Basel	3213	1899	92	telefonbuch_094	PTT-Archiv, P-260-1_Basel_1899_2	Basel
Schnyder-Meisel	C.	Fuhrhalter	Pfeffingerstrasse 34	Basel	3888	1899	92	telefonbuch_094	PTT-Archiv, P-260-1_Basel_1899_2	Basel
Schoeberlein-Brupbacher	Joh.		Sulzerstrasse 12	Basel	767	1899	92	telefonbuch_094	PTT-Archiv, P-260-1_Basel_1899_2	Basel
Schoch	Ernst	Bureau	Gerbergasse 12	Basel	1490	1899	92	telefonbuch_094	PTT-Archiv, P-260-1_Basel_1899_2	Basel
Schoch	Ernst	Bureau	Gerbergasse 12	Basel	1582	1899	92	telefonbuch_094	PTT-Archiv, P-260-1_Basel_1899_2	Basel
Schoch	Ernst	Lagerplatz	Grenzacherstrasse 187 D	Basel	3235	1899	92	telefonbuch_094	PTT-Archiv, P-260-1_Basel_1899_2	Basel
Schöllkopf	Chs.		Austrasse 102	Basel	2264	1899	92	telefonbuch_094	PTT-Archiv, P-260-1_Basel_1899_2	Basel
Schölly		Gebrüder	Freiestrasse 34	Basel	1914	1899	92	telefonbuch_094	PTT-Archiv, P-260-1_Basel_1899_2	Basel
Schönauer	Otto		Langegasse 35	Basel	3674	1899	92	telefonbuch_094	PTT-Archiv, P-260-1_Basel_1899_2	Basel
Schöneck-Schäfer	G.	Konditor	Bahnhofstrasse 21	Basel	3472	1899	92	telefonbuch_094	PTT-Archiv, P-260-1_Basel_1899_2	Basel
Schönenbuch		Gemeindestation (s. S. 116)		Schönenbuch	2783	1899	92	telefonbuch_094	PTT-Archiv, P-260-1_Basel_1899_2	Basel
Schonlau		Gebrüder	Blumenrain 3	Basel	1360	1899	92	telefonbuch_094	PTT-Archiv, P-260-1_Basel_1899_2	Basel
Schopfer	G. H.	Mineralwasser	Maulbeerweg 91	Basel	3476	1899	92	telefonbuch_094	PTT-Archiv, P-260-1_Basel_1899_2	Basel
Schorenanstalt			Schorenweg 16	Basel	3484	1899	92	telefonbuch_094	PTT-Archiv, P-260-1_Basel_1899_2	Basel
Schorr	Fritz	zum Rössli		Muttenz	4317	1899	93	telefonbuch_095	PTT-Archiv, P-260-1_Basel_1899_2	Basel
Schrameck-Brunschwig	Abrah.		Schützengraben 35	Basel	2591	1899	93	telefonbuch_095	PTT-Archiv, P-260-1_Basel_1899_2	Basel
Schrameck-Meyer	Jacques		Lohhofweg 8	Basel	2724	1899	93	telefonbuch_095	PTT-Archiv, P-260-1_Basel_1899_2	Basel
Schrameck-Ullmann	Jos.		Burgfelderstrasse 5	Basel	847	1899	93	telefonbuch_095	PTT-Archiv, P-260-1_Basel_1899_2	Basel
Schrämli-Bucher	A.	Hôtel Euler	Centralbahnplatz 14	Basel	2241	1899	93	telefonbuch_095	PTT-Archiv, P-260-1_Basel_1899_2	Basel
Schreiber-Jäggi	H.	Direktor der Kapelle Schreiber	Feldbergstrasse 124	Basel	3433	1899	93	telefonbuch_095	PTT-Archiv, P-260-1_Basel_1899_2	Basel
Schreibstube für Arbeitslose			Münsterhof 1	Basel	1055	1899	93	telefonbuch_095	PTT-Archiv, P-260-1_Basel_1899_2	Basel
Schreiner	Chr.	Bäckerei und Konditorei	Feldbergstrasse 31	Basel	1232	1899	93	telefonbuch_095	PTT-Archiv, P-260-1_Basel_1899_2	Basel
Schreiter-Bauer	R.	Schuhmagazin z. Fuchs	Steinenvorstadt 29/31	Basel	2370	1899	93	telefonbuch_095	PTT-Archiv, P-260-1_Basel_1899_2	Basel
Schubarth & Bodenheimer			Sempacherstrasse 17	Basel	4093	1899	93	telefonbuch_095	PTT-Archiv, P-260-1_Basel_1899_2	Basel
Schubarth	Wilhelm		Dornacherstrasse 112	Basel	4009	1899	93	telefonbuch_095	PTT-Archiv, P-260-1_Basel_1899_2	Basel
Schuchard	Hermann	Metzger	Aeschenvorstadt 65	Basel	1913	1899	93	telefonbuch_095	PTT-Archiv, P-260-1_Basel_1899_2	Basel
Schuhmacher	Gottfr.	Gasthof zur Landskron		Flühen	2520	1899	93	telefonbuch_095	PTT-Archiv, P-260-1_Basel_1899_2	Basel
Schulthess	C. O.	Dr.	Leonhardstrasse 23	Basel	3050	1899	93	telefonbuch_095	PTT-Archiv, P-260-1_Basel_1899_2	Basel
Schulthess	F.	fils, Tapezierer	St. Albangraben 1	Basel	1896	1899	93	telefonbuch_095	PTT-Archiv, P-260-1_Basel_1899_2	Basel
Schulthess-Scheidegger	F.		Gundeldingerstrasse 115	Basel	758	1899	93	telefonbuch_095	PTT-Archiv, P-260-1_Basel_1899_2	Basel
Schulthess & Co.			Steinenthorstrasse 20	Basel	2266	1899	93	telefonbuch_095	PTT-Archiv, P-260-1_Basel_1899_2	Basel
Schumacher	F.	Dr.	Feierabendstrasse 8	Basel	2492	1899	93	telefonbuch_095	PTT-Archiv, P-260-1_Basel_1899_2	Basel
Schumpp	Fridolin		Nonnenweg 7	Basel	1471	1899	93	telefonbuch_095	PTT-Archiv, P-260-1_Basel_1899_2	Basel
Schupp	Ed.		Dornacherstrasse 74	Basel	2971	1899	93	telefonbuch_095	PTT-Archiv, P-260-1_Basel_1899_2	Basel
Schürch-Fuss	Otto Emanuel		Missionsstrasse 3	Basel		1899	93	telefonbuch_095	PTT-Archiv, P-260-1_Basel_1899_2	Basel
Schuster-Burckhardt	J. J.		Gellertstrasse 15	Basel	4202	1899	93	telefonbuch_095	PTT-Archiv, P-260-1_Basel_1899_2	Basel
Schütt	Franz	Marchand-tailleur	Eisengasse 11	Basel	1317	1899	93	telefonbuch_095	PTT-Archiv, P-260-1_Basel_1899_2	Basel
Schützenhaus		A. Wiesberger-Hartmann	Schützenmattstrasse 56	Basel	2999	1899	93	telefonbuch_095	PTT-Archiv, P-260-1_Basel_1899_2	Basel
Schwabe-Hegar	Hugo		Elisabethenstrasse 43	Basel	2123	1899	93	telefonbuch_095	PTT-Archiv, P-260-1_Basel_1899_2	Basel
Schwabe's Telegraphenagentur			Marktplatz 6	Basel	1688	1899	93	telefonbuch_095	PTT-Archiv, P-260-1_Basel_1899_2	Basel
Schwander-Pfister	Rud.	Schlossermeister	Müllerweg 146	Basel	991	1899	93	telefonbuch_095	PTT-Archiv, P-260-1_Basel_1899_2	Basel
Schwarb & Erhardt			Hochbergerstrasse 27	Basel	395	1899	93	telefonbuch_095	PTT-Archiv, P-260-1_Basel_1899_2	Basel
Schwartz-Köchlin	O.		Peter Merianstrasse 5	Basel	4055	1899	93	telefonbuch_095	PTT-Archiv, P-260-1_Basel_1899_2	Basel
Schwarz	A.	Baugeschäft	St. Albanvorstadt 104	Basel	4278	1899	93	telefonbuch_095	PTT-Archiv, P-260-1_Basel_1899_2	Basel
Schwarz-Sutter	Joh.	Baugeschäft	Allschwilerstrasse 7	Basel		1899	93	telefonbuch_095	PTT-Archiv, P-260-1_Basel_1899_2	Basel
Schwehr-Müller	Louis	Maler	Bruderholzstrasse 18	Basel	1916	1899	93	telefonbuch_095	PTT-Archiv, P-260-1_Basel_1899_2	Basel
Schweinlin	J.	Wirt	Klingenthalstrasse 51	Basel	3455	1899	93	telefonbuch_095	PTT-Archiv, P-260-1_Basel_1899_2	Basel
Schweizer-Hosslin	Wilh.	Gerbstoff- u. Lederhandlung	Petersgasse 17	Basel	1658	1899	94	telefonbuch_096	PTT-Archiv, P-260-1_Basel_1899_2	Basel
Schweizer-Müller	M.		Claragraben 7	Basel	3822	1899	94	telefonbuch_096	PTT-Archiv, P-260-1_Basel_1899_2	Basel
Schweizer	Rudolf	traiteur	Freiestrasse 87	Basel	1938	1899	94	telefonbuch_096	PTT-Archiv, P-260-1_Basel_1899_2	Basel
Schweizer	Samuel		Petersberg 23	Basel	1673	1899	94	telefonbuch_096	PTT-Archiv, P-260-1_Basel_1899_2	Basel
Schweizerische Centralbahn		Allg. Verwaltung, Finanzen, Tarifwesen	Spiesshof, Heuberg 7	Basel	2770	1899	94	telefonbuch_096	PTT-Archiv, P-260-1_Basel_1899_2	Basel
Schweizerische Centralbahn		Bureau des Bahningenieurs	Centralbahnstrasse 9	Basel	2465	1899	94	telefonbuch_096	PTT-Archiv, P-260-1_Basel_1899_2	Basel
Schweizerische Centralbahn		Drucksachenverwaltung	Spiesshof, ob. Heuberg 7	Basel	2903	1899	94	telefonbuch_096	PTT-Archiv, P-260-1_Basel_1899_2	Basel
Schweizerische Centralbahn		Rechtsdepartement	Heuberg 16	Basel	2887	1899	94	telefonbuch_096	PTT-Archiv, P-260-1_Basel_1899_2	Basel
Schweizerische Centralbahn		Bau- u. Betriebsdepartement	Leonhardsgraben 36	Basel	2865	1899	94	telefonbuch_096	PTT-Archiv, P-260-1_Basel_1899_2	Basel
Schweizerische Centralbahn		Rechtsbureau	Leimenstrasse 2	Basel	2778	1899	94	telefonbuch_096	PTT-Archiv, P-260-1_Basel_1899_2	Basel
Schweizerische Centralbahn		Materialverwaltung	Schützengraben 3	Basel	3098	1899	94	telefonbuch_096	PTT-Archiv, P-260-1_Basel_1899_2	Basel
Schweiz. Conditoren-Verband			Barfüsserplatz 5	Basel	2002	1899	94	telefonbuch_096	PTT-Archiv, P-260-1_Basel_1899_2	Basel
Schweizer. Depeschen-Agentur Bern		Filiale Basel	Gerbergässlein 24	Basel	1262	1899	94	telefonbuch_096	PTT-Archiv, P-260-1_Basel_1899_2	Basel
Schweizer. Gesellschaft für elektrische Industrie			Freiestrasse 96	Basel	2039	1899	94	telefonbuch_096	PTT-Archiv, P-260-1_Basel_1899_2	Basel
Schweizer. Kohlensäurewerke				Pratteln	2598	1899	94	telefonbuch_096	PTT-Archiv, P-260-1_Basel_1899_2	Basel
Schweiz. Lebensversicherungsverein			Austrasse 107	Basel	2141	1899	94	telefonbuch_096	PTT-Archiv, P-260-1_Basel_1899_2	Basel
Schweiz. Metallwerke Dornach				Dornach	3900	1899	94	telefonbuch_096	PTT-Archiv, P-260-1_Basel_1899_2	Basel
Schweiz. National-Versicherungs-Gesellschaft			Steinengraben 39	Basel	1921	1899	94	telefonbuch_096	PTT-Archiv, P-260-1_Basel_1899_2	Basel
Schweizer. Obst-Export-Gesellschaft			Allschwilerstrasse 35	Basel	2702	1899	94	telefonbuch_096	PTT-Archiv, P-260-1_Basel_1899_2	Basel
Schweiz. Oel-Import-Haus	A.	Kälin	Freiburgerstrasse 13	Basel	4035	1899	94	telefonbuch_096	PTT-Archiv, P-260-1_Basel_1899_2	Basel
Schweizer. Petroleum-Handel-Gesellschaft			Dornacherstrasse 146	Basel	3984	1899	94	telefonbuch_096	PTT-Archiv, P-260-1_Basel_1899_2	Basel
Schweiz. Sterbe- u. Alterskasse			Kaufhausgasse 3	Basel	1960	1899	94	telefonbuch_096	PTT-Archiv, P-260-1_Basel_1899_2	Basel
Schweiz. Verlagsdruckerei		(Bureau)	Steinenbachgässlein 40	Basel	2511	1899	94	telefonbuch_096	PTT-Archiv, P-260-1_Basel_1899_2	Basel
Schweiz. Verlagsdruckerei		Wohnung des Dir. Böhm	Gempenstrasse 71	Basel	4058	1899	95	telefonbuch_097	PTT-Archiv, P-260-1_Basel_1899_2	Basel
Schweizerzeitung		allgemeine, Expedition	Pfluggasse 1	Basel	2112	1899	95	telefonbuch_097	PTT-Archiv, P-260-1_Basel_1899_2	Basel
Schweizerzeitung		allgemeine, Redaktion	Pfluggasse 1	Basel	2111	1899	95	telefonbuch_097	PTT-Archiv, P-260-1_Basel_1899_2	Basel
Schwendt-Eschbacher	A.	Dr.	Leimenstrasse 43	Basel	2951	1899	95	telefonbuch_097	PTT-Archiv, P-260-1_Basel_1899_2	Basel
Schwere-Erne	F.	Wirt	Solothurnerstrasse 37	Basel	3898	1899	95	telefonbuch_097	PTT-Archiv, P-260-1_Basel_1899_2	Basel
Schwob	E.	Metzger		Pratteln	2598	1899	95	telefonbuch_097	PTT-Archiv, P-260-1_Basel_1899_2	Basel
Schwob	Rob.	Baumaterialienhandlung	Burgfelderstrasse 3	Basel	853	1899	95	telefonbuch_097	PTT-Archiv, P-260-1_Basel_1899_2	Basel
Seehaus	Carl	Cigarrenhandlg.	Spalenberg 62	Basel	2685	1899	95	telefonbuch_097	PTT-Archiv, P-260-1_Basel_1899_2	Basel
Seiberth	Jean		Freiestrasse 74	Basel	1941	1899	95	telefonbuch_097	PTT-Archiv, P-260-1_Basel_1899_2	Basel
Seidenhaus Hoch & Co.		vorm. Aug. Tobler	Gerbergasse 27	Basel	2117	1899	95	telefonbuch_097	PTT-Archiv, P-260-1_Basel_1899_2	Basel
Seidentrocknungsanstalt Basel		Trocknungsanstalt	Kirschgartenstrasse 1	Basel	2414	1899	95	telefonbuch_097	PTT-Archiv, P-260-1_Basel_1899_2	Basel
Seidentrocknungsanstalt Basel		Titriranstalt	Kirschgartenstrasse 1	Basel	2413	1899	95	telefonbuch_097	PTT-Archiv, P-260-1_Basel_1899_2	Basel
Seiffert-Dill	F.		Freiestrasse 77	Basel	1876	1899	95	telefonbuch_097	PTT-Archiv, P-260-1_Basel_1899_2	Basel
Seiffert	Gust.	Rümelinsmühle	Rümelinsplatz 1	Basel	2875	1899	95	telefonbuch_097	PTT-Archiv, P-260-1_Basel_1899_2	Basel
Seiffert-Jenny	J.	Wirt, zur Heuwaage	Binningerstrasse 5	Basel	1997	1899	95	telefonbuch_097	PTT-Archiv, P-260-1_Basel_1899_2	Basel
Seiler-Bähler	Fritz	Metzger	Rheingasse 3	Basel	1259	1899	95	telefonbuch_097	PTT-Archiv, P-260-1_Basel_1899_2	Basel
Seiler	Charles		Marktplatz 14	Basel	1323	1899	95	telefonbuch_097	PTT-Archiv, P-260-1_Basel_1899_2	Basel
Seiler	Ernst	Spengler	ob. Hauptstr. 583	Binningen	2548	1899	95	telefonbuch_097	PTT-Archiv, P-260-1_Basel_1899_2	Basel
Seiler-Hauser	E.		Gellertstrasse 5	Basel	4104	1899	95	telefonbuch_097	PTT-Archiv, P-260-1_Basel_1899_2	Basel
Seiler	Jean	Gummiwaren	Clarastrasse 5	Basel	3454	1899	95	telefonbuch_097	PTT-Archiv, P-260-1_Basel_1899_2	Basel
Seiler-Jess	Ed.	Tierarzt	Rheingasse 3	Basel	1213	1899	95	telefonbuch_097	PTT-Archiv, P-260-1_Basel_1899_2	Basel
Seiler-La Roche	E.		Hirzbodenweg 83	Basel	3597	1899	95	telefonbuch_097	PTT-Archiv, P-260-1_Basel_1899_2	Basel
Seiler-Schelling	Emil		Pfeffingerstrasse 46	Basel	3877	1899	95	telefonbuch_097	PTT-Archiv, P-260-1_Basel_1899_2	Basel
Seiler & Co.			St. Albanvorstadt 78	Basel	1828	1899	95	telefonbuch_097	PTT-Archiv, P-260-1_Basel_1899_2	Basel
Seiler-Wirz		Café-Restaurant Central	Leonhardsgraben 1	Basel	2716	1899	95	telefonbuch_097	PTT-Archiv, P-260-1_Basel_1899_2	Basel
Sekretariat der Regenz		Prof. G. Soldan	Grellingerstrasse 44	Basel	3587	1899	95	telefonbuch_097	PTT-Archiv, P-260-1_Basel_1899_2	Basel
Seligmann	G.	vorm. A. Mandowsky	Marktplatz 4	Basel	2464	1899	95	telefonbuch_097	PTT-Archiv, P-260-1_Basel_1899_2	Basel
Selinger-Rieder	St.	Chirurg und Coiffeur	Aeschenvorstadt 58	Basel	2084	1899	95	telefonbuch_097	PTT-Archiv, P-260-1_Basel_1899_2	Basel
Senglet	F. & A.	& Co.	Gerbergasse 4	Basel	1608	1899	95	telefonbuch_097	PTT-Archiv, P-260-1_Basel_1899_2	Basel
Senn	Emil	Uhrenhandlung	Gerbergasse 31	Basel	2407	1899	95	telefonbuch_097	PTT-Archiv, P-260-1_Basel_1899_2	Basel
Senn-Bürgin	E.		Byfangweg 35	Basel	3076	1899	96	telefonbuch_098	PTT-Archiv, P-260-1_Basel_1899_2	Basel
Senn-Hiltbold		& Co.	Elisabethenstrasse 41	Basel	2394	1899	96	telefonbuch_098	PTT-Archiv, P-260-1_Basel_1899_2	Basel
Senn-Otto	Fr.		Grellingerstrasse 12	Basel	4204	1899	96	telefonbuch_098	PTT-Archiv, P-260-1_Basel_1899_2	Basel
Senn		& Co.	St. Johannvorstadt 17	Basel	1367	1899	96	telefonbuch_098	PTT-Archiv, P-260-1_Basel_1899_2	Basel
Senn & Schäublin		Mineralwasser	Allschwilerstrasse 147	Basel	2792	1899	96	telefonbuch_098	PTT-Archiv, P-260-1_Basel_1899_2	Basel
Senn	Wwe.	(Pension Senn)	Leimenstrasse 60	Basel	2980	1899	96	telefonbuch_098	PTT-Archiv, P-260-1_Basel_1899_2	Basel
Settelen	Dr. O., & L. C. Bryan	american dentists	Steinenberg 1	Basel	2085	1899	96	telefonbuch_098	PTT-Archiv, P-260-1_Basel_1899_2	Basel
Settelen	Dr. O.	(Wohnung)	Kohlenberggasse 39	Basel	2496	1899	96	telefonbuch_098	PTT-Archiv, P-260-1_Basel_1899_2	Basel
Settelen	Emil		Kohlenberg 19	Basel	2222	1899	96	telefonbuch_098	PTT-Archiv, P-260-1_Basel_1899_2	Basel
Settelen	Emil		Feierabendstrasse 54	Basel	2904	1899	96	telefonbuch_098	PTT-Archiv, P-260-1_Basel_1899_2	Basel
Settelen	Ernst		Spitalstrasse 26	Basel	1534	1899	96	telefonbuch_098	PTT-Archiv, P-260-1_Basel_1899_2	Basel
Settelen	Gebr.	Basler Droschkenanstalt, Droschken und Möbeltransport	Davidsgasse 15	Basel	1519	1899	96	telefonbuch_098	PTT-Archiv, P-260-1_Basel_1899_2	Basel
Settelen	Gebr.	Basler Droschkenanstalt, Droschken und Möbeltransport	Davidsgasse 15	Basel	1531	1899	96	telefonbuch_098	PTT-Archiv, P-260-1_Basel_1899_2	Basel
Settelen	Gebr.	Basler Droschkenanstalt, Camionnage und Fuhrhalterei	Solothurnerstrasse 12	Basel	3946	1899	96	telefonbuch_098	PTT-Archiv, P-260-1_Basel_1899_2	Basel
Settelen	Victor		Gerbergasse 4	Basel	1261	1899	96	telefonbuch_098	PTT-Archiv, P-260-1_Basel_1899_2	Basel
Settelen	Victor		Oberwilerstrasse 62	Basel	2285	1899	96	telefonbuch_098	PTT-Archiv, P-260-1_Basel_1899_2	Basel
Sevogelschulhaus			Sevogelstrasse 61	Basel	3970	1899	96	telefonbuch_098	PTT-Archiv, P-260-1_Basel_1899_2	Basel
Siebenmann	Prof. Dr. Friedr.		Bernoullistrasse 8	Basel	1506	1899	96	telefonbuch_098	PTT-Archiv, P-260-1_Basel_1899_2	Basel
Sieber	Fritz	Dr. jur.	Schützenmattstrasse 50	Basel	2849	1899	96	telefonbuch_098	PTT-Archiv, P-260-1_Basel_1899_2	Basel
Siebert	Emil		Claragraben 131	Basel	3400	1899	96	telefonbuch_098	PTT-Archiv, P-260-1_Basel_1899_2	Basel
Siebold	Richard	Droguerie	Klybeckstrasse 76	Basel	3223	1899	96	telefonbuch_098	PTT-Archiv, P-260-1_Basel_1899_2	Basel
Siegelin	Wilhelm	Fuhrhalter		Neu-Allschwil	2783	1899	96	telefonbuch_098	PTT-Archiv, P-260-1_Basel_1899_2	Basel
Siegfried	Ch. & G.	fils	Güterstrasse 127	Basel	3925	1899	96	telefonbuch_098	PTT-Archiv, P-260-1_Basel_1899_2	Basel
Siegfried-Merian	Wwe, & Sohn		Herbergsgasse 1	Basel	1678	1899	96	telefonbuch_098	PTT-Archiv, P-260-1_Basel_1899_2	Basel
Siegrist	A.		Birsigstrasse 18	Basel	1355	1899	96	telefonbuch_098	PTT-Archiv, P-260-1_Basel_1899_2	Basel
Siegrist	Dr. Aug.		Klingenthalgraben 31	Basel	2334	1899	96	telefonbuch_098	PTT-Archiv, P-260-1_Basel_1899_2	Basel
Siegrist-Oehninger	Dr. A.		Leimenstrasse 18	Basel	2913	1899	96	telefonbuch_098	PTT-Archiv, P-260-1_Basel_1899_2	Basel
Siegrist	P.	Agenturen, Install. von Gasglühlicht	Vogesenstrasse 3	Basel	1427	1899	96	telefonbuch_098	PTT-Archiv, P-260-1_Basel_1899_2	Basel
Siegwart	E.			Schweizerhalle	2598	1899	96	telefonbuch_098	PTT-Archiv, P-260-1_Basel_1899_2	Basel
Sigrist-Götz	H.	Chef d. Generalagentur der Bâloise	Bachlettenstrasse 41	Basel	14	1899	96	telefonbuch_098	PTT-Archiv, P-260-1_Basel_1899_2	Basel
Silbereissen	F.		Sempacherstrasse 38	Basel	2878	1899	96	telefonbuch_098	PTT-Archiv, P-260-1_Basel_1899_2	Basel
Silbernagel-Cherrière	Ph.		Mostackerstrasse 12	Basel	2968	1899	97	telefonbuch_099	PTT-Archiv, P-260-1_Basel_1899_2	Basel
Silbernagel	J.	& Co.	Austrasse 122	Basel	2798	1899	97	telefonbuch_099	PTT-Archiv, P-260-1_Basel_1899_2	Basel
Siméon	B.	zum Schlüssel	Freiestrasse 25	Basel	1216	1899	97	telefonbuch_099	PTT-Archiv, P-260-1_Basel_1899_2	Basel
Simmoth-Meyer			Austrasse 95	Basel	2830	1899	97	telefonbuch_099	PTT-Archiv, P-260-1_Basel_1899_2	Basel
Simmoth		& Co.	Leimenstrasse 23	Basel	2925	1899	97	telefonbuch_099	PTT-Archiv, P-260-1_Basel_1899_2	Basel
Simon	A.		Kornhausgasse 10	Basel	2822	1899	97	telefonbuch_099	PTT-Archiv, P-260-1_Basel_1899_2	Basel
Simon, Bangerter & Co.		Schuhfabrik		Allschwil	2783	1899	97	telefonbuch_099	PTT-Archiv, P-260-1_Basel_1899_2	Basel
Simon-Kuegler	Chs.		St. Albananlage 13	Basel	4171	1899	97	telefonbuch_099	PTT-Archiv, P-260-1_Basel_1899_2	Basel
Simon-Sichler	A.		Zürcherstrasse 13	Basel	4292	1899	97	telefonbuch_099	PTT-Archiv, P-260-1_Basel_1899_2	Basel
Singer	Ch.	Sohn	Clarastrasse 13	Basel	3480	1899	97	telefonbuch_099	PTT-Archiv, P-260-1_Basel_1899_2	Basel
Singer	Chs.	Bäcker	Fischmarkt 12	Basel	1615	1899	97	telefonbuch_099	PTT-Archiv, P-260-1_Basel_1899_2	Basel
Singer-Selinger	G.	Coiffeur	Hardtstrasse 60	Basel	3557	1899	97	telefonbuch_099	PTT-Archiv, P-260-1_Basel_1899_2	Basel
Sixt	Ludwig	Architekt	Nonnenweg 49	Basel	942	1899	97	telefonbuch_099	PTT-Archiv, P-260-1_Basel_1899_2	Basel
Socin-His	Ros.	Wwe	Hirzbodenweg 91	Basel		1899	97	telefonbuch_099	PTT-Archiv, P-260-1_Basel_1899_2	Basel
Socin-Kaufmann	B.	Wwe.	Hebelstrasse 7	Basel	1425	1899	97	telefonbuch_099	PTT-Archiv, P-260-1_Basel_1899_2	Basel
Soder	Aug.	Gerichtsamtmann	Nadelberg 19	Basel	1400	1899	97	telefonbuch_099	PTT-Archiv, P-260-1_Basel_1899_2	Basel
Soder-Traber	Rich.	Fuhrhalter	Mülhauserstrasse 30	Basel	1646	1899	97	telefonbuch_099	PTT-Archiv, P-260-1_Basel_1899_2	Basel
Söll-Sand	A.	Architekt	Klybeckstrasse 119	Basel	3285	1899	97	telefonbuch_099	PTT-Archiv, P-260-1_Basel_1899_2	Basel
Soller	Eugen		Clarastrasse 43	Basel	3481	1899	97	telefonbuch_099	PTT-Archiv, P-260-1_Basel_1899_2	Basel
Sommer	Fritz	Wwe, Wein und Spirituosen	Grünpfahlgasse 5	Basel	3015	1899	97	telefonbuch_099	PTT-Archiv, P-260-1_Basel_1899_2	Basel
Sommer	L.	Lederlager	Lohhofweg 8	Basel	2820	1899	97	telefonbuch_099	PTT-Archiv, P-260-1_Basel_1899_2	Basel
Sommer	M.	Nachf. von G. O. Sommer	Thiersteinerallee 14	Basel	3904	1899	97	telefonbuch_099	PTT-Archiv, P-260-1_Basel_1899_2	Basel
Sommercasino		(J. Weidmann, Ad. Müller)	Münchensteinerstrasse 1	Basel	3673	1899	97	telefonbuch_099	PTT-Archiv, P-260-1_Basel_1899_2	Basel
Soerensen	H.	Bierhalle	Heumattstrasse 25	Basel	3938	1899	97	telefonbuch_099	PTT-Archiv, P-260-1_Basel_1899_2	Basel
Spar- und Leihkasse Arlesheim				Arlesheim	3900	1899	97	telefonbuch_099	PTT-Archiv, P-260-1_Basel_1899_2	Basel
Spätig-Stebler	J.	Wirt	Steinenthorstrasse 31	Basel	2218	1899	97	telefonbuch_099	PTT-Archiv, P-260-1_Basel_1899_2	Basel
Speisehalle Claragraben			Claragraben 123	Basel	3409	1899	97	telefonbuch_099	PTT-Archiv, P-260-1_Basel_1899_2	Basel
Speisehalle zum Engel			Kornhausgasse 2	Basel	2804	1899	97	telefonbuch_099	PTT-Archiv, P-260-1_Basel_1899_2	Basel
Speiser	Paul	Dr.	Langegasse 86	Basel	3555	1899	97	telefonbuch_099	PTT-Archiv, P-260-1_Basel_1899_2	Basel
Speiser	F. J.	Konditor	Freiestrasse 61	Basel	1041	1899	97	telefonbuch_099	PTT-Archiv, P-260-1_Basel_1899_2	Basel
Speiser	H.	Lichtdruckanstalt	Austrasse 102	Basel	3018	1899	97	telefonbuch_099	PTT-Archiv, P-260-1_Basel_1899_2	Basel
Speiser-Strohl	Wm		Langegasse 39	Basel	1910	1899	97	telefonbuch_099	PTT-Archiv, P-260-1_Basel_1899_2	Basel
Speiser	William	Bureau	St. Albanvorstadt 40	Basel	2387	1899	97	telefonbuch_099	PTT-Archiv, P-260-1_Basel_1899_2	Basel
von Speyr	Alfred		Gartenstrasse 99	Basel	2175	1899	97	telefonbuch_099	PTT-Archiv, P-260-1_Basel_1899_2	Basel
von Speyr-Iselin	Emilie		St. Jakobstrasse 11	Basel	1940	1899	98	telefonbuch_100	PTT-Archiv, P-260-1_Basel_1899_2	Basel
von Speyr & Co.		Bank	Freiestrasse 56	Basel	1943	1899	98	telefonbuch_100	PTT-Archiv, P-260-1_Basel_1899_2	Basel
von Speyr & Co.		Bank	Börsensaal, Postgebäude	Basel	4300	1899	98	telefonbuch_100	PTT-Archiv, P-260-1_Basel_1899_2	Basel
von Speyr & Co.		Bank	Börsensaal, Postgebäude	Basel	4301	1899	98	telefonbuch_100	PTT-Archiv, P-260-1_Basel_1899_2	Basel
von Speyr & Co.		Kassadienst	Freiestrasse 56	Basel	1950	1899	98	telefonbuch_100	PTT-Archiv, P-260-1_Basel_1899_2	Basel
von Speyr & Co.		Spedition	Kirschgartenstrasse 12	Basel	2395	1899	98	telefonbuch_100	PTT-Archiv, P-260-1_Basel_1899_2	Basel
Spichtin	J.		Hägenheimerstrasse 211	Basel	896	1899	98	telefonbuch_100	PTT-Archiv, P-260-1_Basel_1899_2	Basel
Spiess	Emil		Steinenvorstadt 10	Basel	2291	1899	98	telefonbuch_100	PTT-Archiv, P-260-1_Basel_1899_2	Basel
Spiller	J.	Buchbinder	Streitgasse 4	Basel	1996	1899	98	telefonbuch_100	PTT-Archiv, P-260-1_Basel_1899_2	Basel
Spiller	J.	Sohn, Buchbinderei	Freiestrasse 65	Basel	1809	1899	98	telefonbuch_100	PTT-Archiv, P-260-1_Basel_1899_2	Basel
Spiller-Zandt	J.		Birsigstrasse 8	Basel	2438	1899	98	telefonbuch_100	PTT-Archiv, P-260-1_Basel_1899_2	Basel
Spindler & Jost			St. Johannvorstadt 84	Basel	1485	1899	98	telefonbuch_100	PTT-Archiv, P-260-1_Basel_1899_2	Basel
Spinnler	F.		Blumenrain 32	Basel	1377	1899	98	telefonbuch_100	PTT-Archiv, P-260-1_Basel_1899_2	Basel
Spitz-Fechtig	Leo		Bruderholzstrasse 6	Basel	2814	1899	98	telefonbuch_100	PTT-Archiv, P-260-1_Basel_1899_2	Basel
Spleiss	Heinrich	Hufschmied	Malzgasse 7	Basel	4143	1899	98	telefonbuch_100	PTT-Archiv, P-260-1_Basel_1899_2	Basel
Spreng-Gersbach	Rob.	Photogr.	Clarastrasse 54	Basel	3612	1899	98	telefonbuch_100	PTT-Archiv, P-260-1_Basel_1899_2	Basel
Sprenger	Fr.	Cigarrenhandlg.	Feldbergstrasse 110	Basel	3441	1899	98	telefonbuch_100	PTT-Archiv, P-260-1_Basel_1899_2	Basel
Spreyermann - Stump	H.	Bäckermeister	Steinenvorstadt 4	Basel	2448	1899	98	telefonbuch_100	PTT-Archiv, P-260-1_Basel_1899_2	Basel
Staatsanwaltschaft			Lohnhof	Basel	3119	1899	98	telefonbuch_100	PTT-Archiv, P-260-1_Basel_1899_2	Basel
Staatsarchiv			Martinsgasse 2	Basel	1331	1899	98	telefonbuch_100	PTT-Archiv, P-260-1_Basel_1899_2	Basel
Staatskassaverwaltung			Elisabethenstrasse 31	Basel	2390	1899	98	telefonbuch_100	PTT-Archiv, P-260-1_Basel_1899_2	Basel
Staatskanzlei			Rathaus	Basel	1387	1899	98	telefonbuch_100	PTT-Archiv, P-260-1_Basel_1899_2	Basel
Stächelin	G.	Baumeister	Austrasse 69	Basel	2844	1899	98	telefonbuch_100	PTT-Archiv, P-260-1_Basel_1899_2	Basel
Stächelin	G.	Baumeister (Werkhof)	Elsässerstrasse	Basel	1733	1899	98	telefonbuch_100	PTT-Archiv, P-260-1_Basel_1899_2	Basel
Stächelin	G.	Bau- und Privatbureau	Totengässlein 14	Basel	1565	1899	98	telefonbuch_100	PTT-Archiv, P-260-1_Basel_1899_2	Basel
Stadelmann	C.		Unterer Rheinweg 66	Basel	43	1899	98	telefonbuch_100	PTT-Archiv, P-260-1_Basel_1899_2	Basel
Stadtcasino		Café Restaurant	Stadtcasino	Basel	2320	1899	98	telefonbuch_100	PTT-Archiv, P-260-1_Basel_1899_2	Basel
Stadtgärtnerei		Bureau	Elsässerstrasse 2	Basel	1640	1899	98	telefonbuch_100	PTT-Archiv, P-260-1_Basel_1899_2	Basel
Stadtplan-Bureau			Ob. Rebgasse 1	Basel	1919	1899	98	telefonbuch_100	PTT-Archiv, P-260-1_Basel_1899_2	Basel
Stähelin	B. de B.	& Co.	Leonhardsgraben 42	Basel	2927	1899	98	telefonbuch_100	PTT-Archiv, P-260-1_Basel_1899_2	Basel
Stähelin-Brunner	B.	Wwe	St. Albanvorstadt 25	Basel	1744	1899	98	telefonbuch_100	PTT-Archiv, P-260-1_Basel_1899_2	Basel
Stähelin-Burckhardt	Benedikt		Kapellenstrasse 33	Basel	3590	1899	98	telefonbuch_100	PTT-Archiv, P-260-1_Basel_1899_2	Basel
Stähelin-Burckhardt	C.		St. Albananlage 64	Basel	4124	1899	98	telefonbuch_100	PTT-Archiv, P-260-1_Basel_1899_2	Basel
Stähelin-Burckhardt	M.	Wwe	Münchensteinerstrasse 49	Basel	3988	1899	98	telefonbuch_100	PTT-Archiv, P-260-1_Basel_1899_2	Basel
Stähelin	C.		Riehenstrasse 42	Basel	3801	1899	98	telefonbuch_100	PTT-Archiv, P-260-1_Basel_1899_2	Basel
Stähelin	E.	Pfarrer	Obere Rebgasse 38	Basel	1150	1899	98	telefonbuch_100	PTT-Archiv, P-260-1_Basel_1899_2	Basel
Stähelin	Ernst		Elisabethenstrasse 25	Basel	2874	1899	98	telefonbuch_100	PTT-Archiv, P-260-1_Basel_1899_2	Basel
Stähelin-Grossmann	C.		Rittergasse 20	Basel	1857	1899	99	telefonbuch_101	PTT-Archiv, P-260-1_Basel_1899_2	Basel
Stähelin-Gruner	Alf.		Angensteinerstrasse 19	Basel	3598	1899	99	telefonbuch_101	PTT-Archiv, P-260-1_Basel_1899_2	Basel
Stähelin-Hagenbach		Frau Wwe	Rheinfelderstrasse 11	Basel	3238	1899	99	telefonbuch_101	PTT-Archiv, P-260-1_Basel_1899_2	Basel
Stähelin-Heusler	Johs.		Missionsstrasse 27	Basel	3030	1899	99	telefonbuch_101	PTT-Archiv, P-260-1_Basel_1899_2	Basel
Stähelin	Laure		Gartenstrasse 67	Basel	4120	1899	99	telefonbuch_101	PTT-Archiv, P-260-1_Basel_1899_2	Basel
Stähelin-Lieb	G.	Pfarrer	Allschwilerplatz 1	Basel	905	1899	99	telefonbuch_101	PTT-Archiv, P-260-1_Basel_1899_2	Basel
Stähelin-Preiswerk	Paul		Feierabendstrasse 34	Basel	2997	1899	99	telefonbuch_101	PTT-Archiv, P-260-1_Basel_1899_2	Basel
Stähelin & Merz			Leonhardsgraben 42	Basel	2935	1899	99	telefonbuch_101	PTT-Archiv, P-260-1_Basel_1899_2	Basel
Stähelin-Vischer	A.		Gellertstrasse 40	Basel	4112	1899	99	telefonbuch_101	PTT-Archiv, P-260-1_Basel_1899_2	Basel
Stähli-Simon	E.		Centralbahnplatz 8	Basel	2251	1899	99	telefonbuch_101	PTT-Archiv, P-260-1_Basel_1899_2	Basel
Stamm-Bruckner	G.		Steinenringweg 41	Basel	783	1899	99	telefonbuch_101	PTT-Archiv, P-260-1_Basel_1899_2	Basel
Stamm-Hausin	G.	Droschkenhalter	Hägenheimerstrasse 20	Basel	830	1899	99	telefonbuch_101	PTT-Archiv, P-260-1_Basel_1899_2	Basel
Stamm	Jean	Metzgermeister	Feldbergstrasse 42	Basel	1233	1899	99	telefonbuch_101	PTT-Archiv, P-260-1_Basel_1899_2	Basel
Stamm-Meyer	J.	Baugeschäft	Birsigstrasse 100	Basel	3106	1899	99	telefonbuch_101	PTT-Archiv, P-260-1_Basel_1899_2	Basel
Stamm-Preiswerk	J.	Baumstr.	Dornacherstrasse 35	Basel	2477	1899	99	telefonbuch_101	PTT-Archiv, P-260-1_Basel_1899_2	Basel
Stampfer	Hans		Sperrstrasse 83	Basel	3426	1899	99	telefonbuch_101	PTT-Archiv, P-260-1_Basel_1899_2	Basel
Stappung	E.		Ochsengasse 14	Basel	1241	1899	99	telefonbuch_101	PTT-Archiv, P-260-1_Basel_1899_2	Basel
Stärk	Richard	Musiklehrer	Pfirtergasse 27	Basel	3074	1899	99	telefonbuch_101	PTT-Archiv, P-260-1_Basel_1899_2	Basel
Starkemann	Joh.		Lothringerstrasse 11	Basel	3185	1899	99	telefonbuch_101	PTT-Archiv, P-260-1_Basel_1899_2	Basel
Statthalteramt Arlesheim				Arlesheim	3900	1899	99	telefonbuch_101	PTT-Archiv, P-260-1_Basel_1899_2	Basel
Stauber	H.	Bäckerei	Dornacherstrasse 141	Basel	3740	1899	99	telefonbuch_101	PTT-Archiv, P-260-1_Basel_1899_2	Basel
Stauber-Schweighauser	F.	Bäckermeister	Spalenvorstadt 8	Basel	2606	1899	99	telefonbuch_101	PTT-Archiv, P-260-1_Basel_1899_2	Basel
Stauffer	Fr.	Apoth., Holbeinapotheke	Leonhardstrasse 37	Basel	3011	1899	99	telefonbuch_101	PTT-Archiv, P-260-1_Basel_1899_2	Basel
Stebler	J.	Metzger	Baselstrasse 195	Riehen	4316	1899	99	telefonbuch_101	PTT-Archiv, P-260-1_Basel_1899_2	Basel
Stecher-Eymann	Gust.	Wirt	Centralbahnplatz 7	Basel	2279	1899	99	telefonbuch_101	PTT-Archiv, P-260-1_Basel_1899_2	Basel
Stefan-Fritschy	Jos.	Metzger	Mörsbergerstrasse 26	Basel	3437	1899	99	telefonbuch_101	PTT-Archiv, P-260-1_Basel_1899_2	Basel
Steger-Koch	J.	Hôtel Krafft	Obere Rheingasse 12	Basel	1186	1899	99	telefonbuch_101	PTT-Archiv, P-260-1_Basel_1899_2	Basel
Stehelin	Gustav	& Co.	Leonhardstrasse 53	Basel	2995	1899	99	telefonbuch_101	PTT-Archiv, P-260-1_Basel_1899_2	Basel
Stehelin	Gust.	& Co. (Wohnung)	Leimenstrasse 29	Basel	2995	1899	99	telefonbuch_101	PTT-Archiv, P-260-1_Basel_1899_2	Basel
Stehelin	Jérôme	& fils	Hebelstrasse 28	Basel	1480	1899	99	telefonbuch_101	PTT-Archiv, P-260-1_Basel_1899_2	Basel
Stehelin-Werlin	Alfr.		Austrasse 99	Basel	2781	1899	99	telefonbuch_101	PTT-Archiv, P-260-1_Basel_1899_2	Basel
Stehle	Albert	Metzger	Steinenthorstrasse 36	Basel	2261	1899	99	telefonbuch_101	PTT-Archiv, P-260-1_Basel_1899_2	Basel
Stehle	Carl	vorm. Casp. Krug	Freiestrasse 8	Basel	1569	1899	99	telefonbuch_101	PTT-Archiv, P-260-1_Basel_1899_2	Basel
Stehlin	Camille	Telegraphist		Rodersdorf	2520	1899	99	telefonbuch_101	PTT-Archiv, P-260-1_Basel_1899_2	Basel
Stehlin	Karl	Dr.	St. Albananlage 14	Basel	4175	1899	99	telefonbuch_101	PTT-Archiv, P-260-1_Basel_1899_2	Basel
Stehlin	Fritz	Architekt, Wohnung	Malzgasse 29	Basel	4166	1899	99	telefonbuch_101	PTT-Archiv, P-260-1_Basel_1899_2	Basel
Stehelin	M.	Robes & Confections	St. Albanvorstadt 16	Basel	1829	1899	99	telefonbuch_101	PTT-Archiv, P-260-1_Basel_1899_2	Basel
Steib	Gebrüder	Basler Bürsten- u. Pinselfabrik	Pfeffingerstrasse 101	Basel	3858	1899	100	telefonbuch_102	PTT-Archiv, P-260-1_Basel_1899_2	Basel
Steib	Gebrüder	Basler Bürsten- u. Pinselfabrik (Filiale)	Untere Rheingasse 15	Basel	1266	1899	100	telefonbuch_102	PTT-Archiv, P-260-1_Basel_1899_2	Basel
Steib	Gebrüder	Basler Bürsten- u. Pinselfabrik (Filiale)	Aeschenvorstadt 43	Basel	2043	1899	100	telefonbuch_102	PTT-Archiv, P-260-1_Basel_1899_2	Basel
Steiger	Emil	Apotheker	Bäumleingasse 4	Basel	1866	1899	100	telefonbuch_102	PTT-Archiv, P-260-1_Basel_1899_2	Basel
Steiger	J. J.	sel. Erben, Leckerligeschäft	St. Johannvorstadt 63	Basel	1699	1899	100	telefonbuch_102	PTT-Archiv, P-260-1_Basel_1899_2	Basel
Steiger-Richter			Theodorsgraben 8	Basel	1188	1899	100	telefonbuch_102	PTT-Archiv, P-260-1_Basel_1899_2	Basel
Stein	Louis	(Bureau)	Dornacherstrasse 38	Basel	4012	1899	100	telefonbuch_102	PTT-Archiv, P-260-1_Basel_1899_2	Basel
Stein-Reichenberger	Louis	(Wohnung)	Austrasse 7	Basel	2541	1899	100	telefonbuch_102	PTT-Archiv, P-260-1_Basel_1899_2	Basel
Steinacher & Rueff			Dornacherstrasse 54	Basel	4028	1899	100	telefonbuch_102	PTT-Archiv, P-260-1_Basel_1899_2	Basel
Steinegger & Co.			Güterstrasse 137	Basel	3945	1899	100	telefonbuch_102	PTT-Archiv, P-260-1_Basel_1899_2	Basel
Steinenschulhaus			Theaterstrasse	Basel	2137	1899	100	telefonbuch_102	PTT-Archiv, P-260-1_Basel_1899_2	Basel
Steiner	Ed.	Buchbinder	Rümelinsplatz 11	Basel	2827	1899	100	telefonbuch_102	PTT-Archiv, P-260-1_Basel_1899_2	Basel
Steiner	Jean	& Co.	Pfeffingerstrasse 27	Basel	3913	1899	100	telefonbuch_102	PTT-Archiv, P-260-1_Basel_1899_2	Basel
Steiner-Schürch			Hammerstrasse 73	Basel	3619	1899	100	telefonbuch_102	PTT-Archiv, P-260-1_Basel_1899_2	Basel
Steinmann	Friedr.	Gérant der Verbandstoff-Fabrik Schaffhausen, Filiale Basel	Gerbergasse 38	Basel	3005	1899	100	telefonbuch_102	PTT-Archiv, P-260-1_Basel_1899_2	Basel
Steinmann	Hch.	Tapezierer	Claraplatz 1	Basel	1252	1899	100	telefonbuch_102	PTT-Archiv, P-260-1_Basel_1899_2	Basel
Steinmann-Becker | Steinmann & Sohn			Grellingerstrasse 80	Basel	3952	1899	100	telefonbuch_102	PTT-Archiv, P-260-1_Basel_1899_2	Basel
Steinmann	Samuel	Metzger	Hardstrasse 58	Basel	3782	1899	100	telefonbuch_102	PTT-Archiv, P-260-1_Basel_1899_2	Basel
Steinmann	W.	& Co.	Freiestrasse 38	Basel	1817	1899	100	telefonbuch_102	PTT-Archiv, P-260-1_Basel_1899_2	Basel
Steinmann	W.	& Co.	Rümelinbachweg 16	Basel	2483	1899	100	telefonbuch_102	PTT-Archiv, P-260-1_Basel_1899_2	Basel
Stempelamt			Elisabethenstrasse 31	Basel	2404	1899	100	telefonbuch_102	PTT-Archiv, P-260-1_Basel_1899_2	Basel
Stempfle-Stärkle	A.	Konditor	Streitgasse 7	Basel	1961	1899	100	telefonbuch_102	PTT-Archiv, P-260-1_Basel_1899_2	Basel
Steuer-Jenne	H.		Mörsbergerweg 36	Basel	3350	1899	100	telefonbuch_102	PTT-Archiv, P-260-1_Basel_1899_2	Basel
Steuer	L. E.		Spalenthorweg 53	Basel	2212	1899	100	telefonbuch_102	PTT-Archiv, P-260-1_Basel_1899_2	Basel
Steuerverwaltung Basel-Stadt			Elisabethenstrasse 31	Basel	2404	1899	100	telefonbuch_102	PTT-Archiv, P-260-1_Basel_1899_2	Basel
Steyer-Graf	E.	Handelsgärtner	Kleinhüningerstrasse 148	Basel	3325	1899	100	telefonbuch_102	PTT-Archiv, P-260-1_Basel_1899_2	Basel
Stickelberger	Hans	Ingenieur und Patentanwalt	Leonhardstrasse 34	Basel	2934	1899	100	telefonbuch_102	PTT-Archiv, P-260-1_Basel_1899_2	Basel
Stieber	G.	Spengler	Rebgasse 5	Basel	3214	1899	100	telefonbuch_102	PTT-Archiv, P-260-1_Basel_1899_2	Basel
Stiegeler	Joh.	Zimmermeister	Mattweg 30	Basel	3490	1899	100	telefonbuch_102	PTT-Archiv, P-260-1_Basel_1899_2	Basel
Sting	Emil	Vergolder	Freiestrasse 88	Basel	2021	1899	100	telefonbuch_102	PTT-Archiv, P-260-1_Basel_1899_2	Basel
Stingelin-Kiefer	Hch.		Streitgasse 20	Basel	1991	1899	100	telefonbuch_102	PTT-Archiv, P-260-1_Basel_1899_2	Basel
Stöcklin	Emil	Dr.	Byfangweg 33	Basel	3054	1899	101	telefonbuch_103	PTT-Archiv, P-260-1_Basel_1899_2	Basel
Stöcklin-Strübin	Sam.		Engelgasse 97	Basel	3658	1899	101	telefonbuch_103	PTT-Archiv, P-260-1_Basel_1899_2	Basel
Stöcklin-Suppiger	A.	Restaur.	Blumenrain 23	Basel	1685	1899	101	telefonbuch_103	PTT-Archiv, P-260-1_Basel_1899_2	Basel
Stöcklin & Co.			St. Albanthal 1	Basel	4133	1899	101	telefonbuch_103	PTT-Archiv, P-260-1_Basel_1899_2	Basel
Stöcklin & Salis			Gerbergasse 36	Basel	3033	1899	101	telefonbuch_103	PTT-Archiv, P-260-1_Basel_1899_2	Basel
Stoffel	B.		Heumattstrasse 8	Basel	2232	1899	101	telefonbuch_103	PTT-Archiv, P-260-1_Basel_1899_2	Basel
Stoffel	G.	Hôtel Hofer	Centralbahnstrasse 11	Basel	2278	1899	101	telefonbuch_103	PTT-Archiv, P-260-1_Basel_1899_2	Basel
Stoekle	Otto	Uhren- und Bijouteriegeschäft	Klybeckstrasse 33	Basel	3259	1899	101	telefonbuch_103	PTT-Archiv, P-260-1_Basel_1899_2	Basel
Stöklin & Thüring			Binningerstrasse 9	Basel	3260	1899	101	telefonbuch_103	PTT-Archiv, P-260-1_Basel_1899_2	Basel
Stolz & Riniker			Jurastrasse 42	Basel	21	1899	101	telefonbuch_103	PTT-Archiv, P-260-1_Basel_1899_2	Basel
Stortz-Hänni	Fritz	Metzger	Gerbergasse 52	Basel	2482	1899	101	telefonbuch_103	PTT-Archiv, P-260-1_Basel_1899_2	Basel
Straf- und Polizeigericht			Bäumleingasse 1	Basel	1754	1899	101	telefonbuch_103	PTT-Archiv, P-260-1_Basel_1899_2	Basel
Strafanstaltsdirektion			Strafanstalt	Basel	1665	1899	101	telefonbuch_103	PTT-Archiv, P-260-1_Basel_1899_2	Basel
Strahm	E.	Eisenhandlung	Greifengasse 38	Basel	3207	1899	101	telefonbuch_103	PTT-Archiv, P-260-1_Basel_1899_2	Basel
Strasseninspektorat			Obere Rebgasse 1	Basel	3218	1899	101	telefonbuch_103	PTT-Archiv, P-260-1_Basel_1899_2	Basel
Strasser	Emil		Obere Rheingasse 54	Basel	1181	1899	101	telefonbuch_103	PTT-Archiv, P-260-1_Basel_1899_2	Basel
Straub	Emil	Bar american	Eisengasse 10	Basel	1340	1899	101	telefonbuch_103	PTT-Archiv, P-260-1_Basel_1899_2	Basel
Straub	F.	Spengler	Eimeldingerweg 23	Basel	1321	1899	101	telefonbuch_103	PTT-Archiv, P-260-1_Basel_1899_2	Basel
Straub & Büchler			Sternengässlein 19	Basel	2337	1899	101	telefonbuch_103	PTT-Archiv, P-260-1_Basel_1899_2	Basel
Straumann	Heinrich	Spengler	St. Albanvorstadt 52	Basel	1819	1899	101	telefonbuch_103	PTT-Archiv, P-260-1_Basel_1899_2	Basel
Streckeisen	A.	Dr.	Aeschengraben 11	Basel	2312	1899	101	telefonbuch_103	PTT-Archiv, P-260-1_Basel_1899_2	Basel
Streckeisen	Julie		Sevogelstrasse 49	Basel	3678	1899	101	telefonbuch_103	PTT-Archiv, P-260-1_Basel_1899_2	Basel
Streichenberg	Arthur		Kapellenstrasse 24	Basel	3563	1899	101	telefonbuch_103	PTT-Archiv, P-260-1_Basel_1899_2	Basel
von Stremayr	E.	Agentur & Commission	Freiestrasse 58	Basel	2099	1899	101	telefonbuch_103	PTT-Archiv, P-260-1_Basel_1899_2	Basel
Stritt	S.	Sattler	Spalenberg 15	Basel	2680	1899	101	telefonbuch_103	PTT-Archiv, P-260-1_Basel_1899_2	Basel
Strohl	C. V.		Burgunderstrasse 30	Basel	3079	1899	101	telefonbuch_103	PTT-Archiv, P-260-1_Basel_1899_2	Basel
Strohl, Schwartz & Co.			Leimenstrasse 36	Basel	2931	1899	101	telefonbuch_103	PTT-Archiv, P-260-1_Basel_1899_2	Basel
Strohl-Schweizer	G.	Hôtel des balances	Gerbergasse 76	Basel	2181	1899	101	telefonbuch_103	PTT-Archiv, P-260-1_Basel_1899_2	Basel
Strub-Amberg	J.	Metzger	Marktplatz 30	Basel	1610	1899	101	telefonbuch_103	PTT-Archiv, P-260-1_Basel_1899_2	Basel
Strub	Henri	Cigarrenhandlg.	Nadelberg 36	Basel	2757	1899	101	telefonbuch_103	PTT-Archiv, P-260-1_Basel_1899_2	Basel
Strub-Ruf	A. M.	Wwe	Barfüsserplatz 11	Basel	2153	1899	101	telefonbuch_103	PTT-Archiv, P-260-1_Basel_1899_2	Basel
Strub-Tschudi	G.	Fuhrhalter	Müllheimerstrasse 89	Basel	3351	1899	101	telefonbuch_103	PTT-Archiv, P-260-1_Basel_1899_2	Basel
Strub-Walder	Ed.	Metzger	Steinenvorstadt 9	Basel	2243	1899	101	telefonbuch_103	PTT-Archiv, P-260-1_Basel_1899_2	Basel
Studer-Bischoff	Ignaz	Fuhrhalter	Buschwilerweg 24	Basel	2790	1899	102	telefonbuch_104	PTT-Archiv, P-260-1_Basel_1899_2	Basel
Stumm	Carl	Bureau	Bruderholzstrasse 40	Basel	3750	1899	102	telefonbuch_104	PTT-Archiv, P-260-1_Basel_1899_2	Basel
Stumm	Carl	neuer Kohlenplatz	Rangirbahnhof Wolf	Basel	3968	1899	102	telefonbuch_104	PTT-Archiv, P-260-1_Basel_1899_2	Basel
Stumm	Gustav	Bierdépôt u. Spezereihandlung	Eulerstrasse 56	Basel	2721	1899	102	telefonbuch_104	PTT-Archiv, P-260-1_Basel_1899_2	Basel
Stump	E.	Materialwarenhdlg.		Riehen	4316	1899	102	telefonbuch_104	PTT-Archiv, P-260-1_Basel_1899_2	Basel
Stünzi	Carl	zum Clarabad	Clarastrasse 29	Basel	3489	1899	102	telefonbuch_104	PTT-Archiv, P-260-1_Basel_1899_2	Basel
Stünzi	Robert	& Co.	Langegasse 9	Basel	2089	1899	102	telefonbuch_104	PTT-Archiv, P-260-1_Basel_1899_2	Basel
Sturzenegger	Eduard		Münsterberg 1	Basel	1887	1899	102	telefonbuch_104	PTT-Archiv, P-260-1_Basel_1899_2	Basel
Sturzenegger	J. C.	Mineralwasserfabrik	Webergasse 15	Basel	1237	1899	102	telefonbuch_104	PTT-Archiv, P-260-1_Basel_1899_2	Basel
Stutz	A.	Sub-Direktor	Holbeinstrasse 38	Basel	3121	1899	102	telefonbuch_104	PTT-Archiv, P-260-1_Basel_1899_2	Basel
Sulger	Dr. Aug.	Advokat und Notar (Bureau)	Schifflände 1	Basel	1341	1899	102	telefonbuch_104	PTT-Archiv, P-260-1_Basel_1899_2	Basel
Sulger	Dr. August	(Wohnung)	Malzgasse 21	Basel	4287	1899	102	telefonbuch_104	PTT-Archiv, P-260-1_Basel_1899_2	Basel
Sulger	Dr. August		Oberes Gruth	Basel	3900	1899	102	telefonbuch_104	PTT-Archiv, P-260-1_Basel_1899_2	Basel
Sumser	Jos.	Wirt	Greifengasse 16	Basel	1297	1899	102	telefonbuch_104	PTT-Archiv, P-260-1_Basel_1899_2	Basel
Supthut	Heinrich		St. Johannringweg 94	Basel		1899	102	telefonbuch_104	PTT-Archiv, P-260-1_Basel_1899_2	Basel
Surbeck	J. G.	Konditor	Greifengasse 39	Basel	3284	1899	102	telefonbuch_104	PTT-Archiv, P-260-1_Basel_1899_2	Basel
Suter	Adolf		Elisabethenstrasse 3	Basel	2046	1899	102	telefonbuch_104	PTT-Archiv, P-260-1_Basel_1899_2	Basel
Suter	A.	& Cie., Bureau	Austrasse 6	Basel	3063	1899	102	telefonbuch_104	PTT-Archiv, P-260-1_Basel_1899_2	Basel
Suter	A.	& Cie., Bureau	Austrasse 6	Basel	3047	1899	102	telefonbuch_104	PTT-Archiv, P-260-1_Basel_1899_2	Basel
Suter	A.	& Cie., Lagerplatz	Rangirbahnhof Wolf	Basel	3991	1899	102	telefonbuch_104	PTT-Archiv, P-260-1_Basel_1899_2	Basel
Suter	A.	& Cie., Stallung	Engelgasse 126	Basel	3684	1899	102	telefonbuch_104	PTT-Archiv, P-260-1_Basel_1899_2	Basel
Suter-Breitenstein		& Co.	Freiestrasse 17	Basel	1347	1899	102	telefonbuch_104	PTT-Archiv, P-260-1_Basel_1899_2	Basel
Suter	Carl		Grenzacherstrasse 4	Basel	3178	1899	102	telefonbuch_104	PTT-Archiv, P-260-1_Basel_1899_2	Basel
Suter-Christ	M.	Wwe	Rheinfelderstrasse 12	Basel	3804	1899	102	telefonbuch_104	PTT-Archiv, P-260-1_Basel_1899_2	Basel
Suter	E.		Byfangweg 16	Basel	2993	1899	102	telefonbuch_104	PTT-Archiv, P-260-1_Basel_1899_2	Basel
Suter	Ernst			Schweizerhalle	2598	1899	102	telefonbuch_104	PTT-Archiv, P-260-1_Basel_1899_2	Basel
Suter	Fr.	Spengler	Schützenmattstrasse 19	Basel	2689	1899	102	telefonbuch_104	PTT-Archiv, P-260-1_Basel_1899_2	Basel
Suter-Herzog	Joh. Emil		Dornacherstrasse 113	Basel	4082	1899	102	telefonbuch_104	PTT-Archiv, P-260-1_Basel_1899_2	Basel
Suter-Ludwig	Arnold	Privat	Austrasse 6	Basel	3092	1899	102	telefonbuch_104	PTT-Archiv, P-260-1_Basel_1899_2	Basel
Suter-Oes	G.		Dornacherstrasse 121	Basel	3881	1899	102	telefonbuch_104	PTT-Archiv, P-260-1_Basel_1899_2	Basel
Sutter	Bartlin	Thonwaren- und Ofenfabrik	Klybeckstrasse 99	Basel	3387	1899	102	telefonbuch_104	PTT-Archiv, P-260-1_Basel_1899_2	Basel
Sutter-Bickel	Ludwig	Metzger	Hegenheimerstrasse 61	Basel	844	1899	102	telefonbuch_104	PTT-Archiv, P-260-1_Basel_1899_2	Basel
Sutter	Ernst		Sommergasse 21	Basel	1706	1899	102	telefonbuch_104	PTT-Archiv, P-260-1_Basel_1899_2	Basel
Sutter	R.	fils & Co.	Freiestrasse 117	Basel	1937	1899	103	telefonbuch_105	PTT-Archiv, P-260-1_Basel_1899_2	Basel
Sutter	Reinh. Andr.	Wirt z. Bläsithor	Untere Rebgasse 24	Basel	3345	1899	103	telefonbuch_105	PTT-Archiv, P-260-1_Basel_1899_2	Basel
Sutter-Sutter	Rudolf	Camionneur		Binningen	3882	1899	103	telefonbuch_105	PTT-Archiv, P-260-1_Basel_1899_2	Basel
Sutter & Hindermann		Malergeschäft	Barfüsserplatz 20	Basel	3878	1899	103	telefonbuch_105	PTT-Archiv, P-260-1_Basel_1899_2	Basel
Sütterlin	Alfons	Dr., Advokat		Arlesheim	3900	1899	103	telefonbuch_105	PTT-Archiv, P-260-1_Basel_1899_2	Basel
Sütterlin	Max	heliogr. Atelier	Allschwilerstrasse 143	Basel	908	1899	103	telefonbuch_105	PTT-Archiv, P-260-1_Basel_1899_2	Basel
Tamm	Heinr.	Baugeschäft	Freiestrasse 88	Basel	2914	1899	103	telefonbuch_105	PTT-Archiv, P-260-1_Basel_1899_2	Basel
Tarifauskunftsstelle der Verkehrs-Inspektion E. L. B.			Centralbahnhof	Basel	2217	1899	103	telefonbuch_105	PTT-Archiv, P-260-1_Basel_1899_2	Basel
Temme	Richard	Dr.	Austrasse 5	Basel	3089	1899	103	telefonbuch_105	PTT-Archiv, P-260-1_Basel_1899_2	Basel
Temme, Kern & Albrecht			Kaufhausgasse 5	Basel	1966	1899	103	telefonbuch_105	PTT-Archiv, P-260-1_Basel_1899_2	Basel
Teplitz	S.		Freiestrasse 88	Basel	2576	1899	103	telefonbuch_105	PTT-Archiv, P-260-1_Basel_1899_2	Basel
Theater-Bureau			Theatergebäude	Basel	2371	1899	103	telefonbuch_105	PTT-Archiv, P-260-1_Basel_1899_2	Basel
Theater-Kassenverwaltung			Theaterstrasse 10	Basel	2364	1899	103	telefonbuch_105	PTT-Archiv, P-260-1_Basel_1899_2	Basel
Gemeindesprechstation		Emil Gutzwiller, Bäcker		Therwil	2520	1899	103	telefonbuch_105	PTT-Archiv, P-260-1_Basel_1899_2	Basel
Thiele & Co.			Steinenthorstrasse 30	Basel	2432	1899	103	telefonbuch_105	PTT-Archiv, P-260-1_Basel_1899_2	Basel
Thierry & Co.	J.		Steinenthorstrasse 29	Basel	1702	1899	103	telefonbuch_105	PTT-Archiv, P-260-1_Basel_1899_2	Basel
Thoma	Hermann	Brauerei	St. Jakobstrasse 3	Basel	2042	1899	103	telefonbuch_105	PTT-Archiv, P-260-1_Basel_1899_2	Basel
Thommen	B.	Handelsgärtner	Kleinhüningerstrasse 159	Basel	3272	1899	103	telefonbuch_105	PTT-Archiv, P-260-1_Basel_1899_2	Basel
Thommen-Bregger	G. Fr.	Fuhrhalter	Grenzacherstrasse 87	Basel	3733	1899	103	telefonbuch_105	PTT-Archiv, P-260-1_Basel_1899_2	Basel
Thommen, Brodbeck & Cie.		Weinhandlung	Leonhardsgraben 30	Basel	2692	1899	103	telefonbuch_105	PTT-Archiv, P-260-1_Basel_1899_2	Basel
Thommen, George, & Co.		Spritfabrik Basel	Bruderholzstrasse 6	Basel	3979	1899	103	telefonbuch_105	PTT-Archiv, P-260-1_Basel_1899_2	Basel
Thommen	Hans	Baugeschäft	Hammerstrasse 192	Basel	44	1899	103	telefonbuch_105	PTT-Archiv, P-260-1_Basel_1899_2	Basel
Thommen	Joh.	Sohn	Freiestrasse 81	Basel	1912	1899	103	telefonbuch_105	PTT-Archiv, P-260-1_Basel_1899_2	Basel
Thommen-Koch	Jacques		Hardtstrasse 115	Basel	3654	1899	103	telefonbuch_105	PTT-Archiv, P-260-1_Basel_1899_2	Basel
Thommen-Meyer	M.	Wwe	Grenzacherstrasse 82	Basel	3176	1899	103	telefonbuch_105	PTT-Archiv, P-260-1_Basel_1899_2	Basel
Thommen	Rudolf		Römergasse 7	Basel	1151	1899	103	telefonbuch_105	PTT-Archiv, P-260-1_Basel_1899_2	Basel
Thommen	Rud.	Dr.	Angensteinerstrasse 21	Basel	3676	1899	103	telefonbuch_105	PTT-Archiv, P-260-1_Basel_1899_2	Basel
Thommen-Vogt	A.		Brantgasse 10	Basel	3758	1899	103	telefonbuch_105	PTT-Archiv, P-260-1_Basel_1899_2	Basel
Thommen-Wilhelm	G.	Metzger	Bachlettenstrasse 16	Basel	2552	1899	103	telefonbuch_105	PTT-Archiv, P-260-1_Basel_1899_2	Basel
Thöni-Brutschin	P.	Bäckermstr.	Sattelgasse 8	Basel	1550	1899	103	telefonbuch_105	PTT-Archiv, P-260-1_Basel_1899_2	Basel
Thonwarenfabrik Allschwil		(Passavant-Iselin & Co.)		Allschwil	3132	1899	104	telefonbuch_106	PTT-Archiv, P-260-1_Basel_1899_2	Basel
Thüring	Emil	Bäcker		Ettingen	2520	1899	104	telefonbuch_106	PTT-Archiv, P-260-1_Basel_1899_2	Basel
Thürkauf-Frank	Emil	Wirt	Webergasse 23	Basel	1203	1899	104	telefonbuch_106	PTT-Archiv, P-260-1_Basel_1899_2	Basel
Thurneysen-Hoffmann	P. E.	(Stallung)	Bäumleingasse 20	Basel	1755	1899	104	telefonbuch_106	PTT-Archiv, P-260-1_Basel_1899_2	Basel
Thurneysen-Hoffmann	P. E.		Grenzacherstrasse 186	Basel	3226	1899	104	telefonbuch_106	PTT-Archiv, P-260-1_Basel_1899_2	Basel
Thurneysen-Hoffmann	P. E.		St. Albanvorstadt 87	Basel	4136	1899	104	telefonbuch_106	PTT-Archiv, P-260-1_Basel_1899_2	Basel
Thurneysen	Lydia		Rudolfstrasse 44	Basel	267	1899	104	telefonbuch_106	PTT-Archiv, P-260-1_Basel_1899_2	Basel
Thurneysen & Co.			Rittergasse 12	Basel	1756	1899	104	telefonbuch_106	PTT-Archiv, P-260-1_Basel_1899_2	Basel
Thurneysen & Co.			Aeschengraben 25	Basel	2143	1899	104	telefonbuch_106	PTT-Archiv, P-260-1_Basel_1899_2	Basel
Tobler	Adolf		Burgfelderstrasse 7	Basel	839	1899	104	telefonbuch_106	PTT-Archiv, P-260-1_Basel_1899_2	Basel
Töchterschule			Kanonengasse 10	Basel	3064	1899	104	telefonbuch_106	PTT-Archiv, P-260-1_Basel_1899_2	Basel
Tollmann	John		Theaterstrasse 22	Basel	2926	1899	104	telefonbuch_106	PTT-Archiv, P-260-1_Basel_1899_2	Basel
Traber-Liebscher	M. Ther.	Wwe, Hebamme	Florastrasse 6	Basel	3221	1899	104	telefonbuch_106	PTT-Archiv, P-260-1_Basel_1899_2	Basel
Tramêr	D.	Dr. med.	Klingenthalgraben 37	Basel	1225	1899	104	telefonbuch_106	PTT-Archiv, P-260-1_Basel_1899_2	Basel
Tranzer-Stoeckel	E.	Backsteinlieferant		Allschwil	2783	1899	104	telefonbuch_106	PTT-Archiv, P-260-1_Basel_1899_2	Basel
Träris	Friedrich	Küferei und Weinhandlung	Petersgasse 38	Basel	1719	1899	104	telefonbuch_106	PTT-Archiv, P-260-1_Basel_1899_2	Basel
Trautmann	Camille		Aeschenvorstadt 68	Basel	2065	1899	104	telefonbuch_106	PTT-Archiv, P-260-1_Basel_1899_2	Basel
Trautmann-Lange	W.	Metzger	Bläsiringweg 75	Basel	3362	1899	104	telefonbuch_106	PTT-Archiv, P-260-1_Basel_1899_2	Basel
Treu-Neukomm	L.	(Haasenstein & Vogler)	Klingelbergstrasse 15	Basel	1467	1899	104	telefonbuch_106	PTT-Archiv, P-260-1_Basel_1899_2	Basel
de Trey	V.	Dr.	St. Albanvorstadt 42	Basel	1844	1899	104	telefonbuch_106	PTT-Archiv, P-260-1_Basel_1899_2	Basel
Tripet	Jul.	Agent	Florastrasse 13	Basel	1289	1899	104	telefonbuch_106	PTT-Archiv, P-260-1_Basel_1899_2	Basel
Tritschler	J. A.		Kaufhausgasse 4	Basel	1967	1899	104	telefonbuch_106	PTT-Archiv, P-260-1_Basel_1899_2	Basel
Trœndle	Joseph	Metzger	Birsigstrasse 90	Basel	2974	1899	104	telefonbuch_106	PTT-Archiv, P-260-1_Basel_1899_2	Basel
Troendle	K.		Davidsgasse 1	Basel	1635	1899	104	telefonbuch_106	PTT-Archiv, P-260-1_Basel_1899_2	Basel
Troxler-vonSpeyr	Alb.	Direktor der Bâloise	Peter Merianstrasse 54	Basel	2150	1899	104	telefonbuch_106	PTT-Archiv, P-260-1_Basel_1899_2	Basel
Trueb	J.	Handelsgärtner	Mittlerestrasse 55	Basel	1472	1899	104	telefonbuch_106	PTT-Archiv, P-260-1_Basel_1899_2	Basel
Trueb	Rudolf	Nachfolger von Brek, Mœrgelin & Co.	Itelpfad 1	Basel	3840	1899	104	telefonbuch_106	PTT-Archiv, P-260-1_Basel_1899_2	Basel
Trüdinger	Philipp		Rennweg 2	Basel	3798	1899	104	telefonbuch_106	PTT-Archiv, P-260-1_Basel_1899_2	Basel
Tschann	S.	Wwe, Ofenbauer	Holbeinstrasse 54	Basel	2963	1899	104	telefonbuch_106	PTT-Archiv, P-260-1_Basel_1899_2	Basel
Tscherter	Friedr.	Baugeschäft	Ochsengasse 16	Basel	3346	1899	104	telefonbuch_106	PTT-Archiv, P-260-1_Basel_1899_2	Basel
Tschopp		Gebrüder	Steinenthorstrasse 1	Basel	2173	1899	104	telefonbuch_106	PTT-Archiv, P-260-1_Basel_1899_2	Basel
Tschopp	R. C.	Handelsgärtner	Breisacherstrasse 43	Basel	1294	1899	104	telefonbuch_106	PTT-Archiv, P-260-1_Basel_1899_2	Basel
Tschudi-Haag	Elise	Wwe	Leonhardstrasse 37	Basel	3034	1899	105	telefonbuch_107	PTT-Archiv, P-260-1_Basel_1899_2	Basel
Tschudi	Otto		Gartenstrasse 70	Basel	3929	1899	105	telefonbuch_107	PTT-Archiv, P-260-1_Basel_1899_2	Basel
Tschudin	Ed.	zum Ochsen		Pratteln	2598	1899	105	telefonbuch_107	PTT-Archiv, P-260-1_Basel_1899_2	Basel
Tschudin	Jos.	Fuhrhalter	Neuwylersträsschen 41	Basel	3134	1899	105	telefonbuch_107	PTT-Archiv, P-260-1_Basel_1899_2	Basel
Typ.-Druckerei			Aeschenvorstadt 34	Basel	2697	1899	105	telefonbuch_107	PTT-Archiv, P-260-1_Basel_1899_2	Basel
Uebelin	Fr. W.	Baumeister	Güterstrasse 92	Basel	2447	1899	105	telefonbuch_107	PTT-Archiv, P-260-1_Basel_1899_2	Basel
Uhlmann-Becker	Wilh.		Missionsstrasse 7	Basel	2629	1899	105	telefonbuch_107	PTT-Archiv, P-260-1_Basel_1899_2	Basel
Ullmann & Meyer			Leimenstrasse 22	Basel	2845	1899	105	telefonbuch_107	PTT-Archiv, P-260-1_Basel_1899_2	Basel
Ulmo	A.		Freiestrasse 3	Basel	1322	1899	105	telefonbuch_107	PTT-Archiv, P-260-1_Basel_1899_2	Basel
Union-Club			Steinenberg 7	Basel	1979	1899	105	telefonbuch_107	PTT-Archiv, P-260-1_Basel_1899_2	Basel
Universität			Rheinsprung 7	Basel	1169	1899	105	telefonbuch_107	PTT-Archiv, P-260-1_Basel_1899_2	Basel
Urech-Marti	W.	Warenlager	265	Birsfelden	1097	1899	105	telefonbuch_107	PTT-Archiv, P-260-1_Basel_1899_2	Basel
Ursprung-Fiechter			Rheingasse 68	Basel	1190	1899	105	telefonbuch_107	PTT-Archiv, P-260-1_Basel_1899_2	Basel
Van Bærle		Gebrüder	Margarethenstrasse 59	Basel	3508	1899	105	telefonbuch_107	PTT-Archiv, P-260-1_Basel_1899_2	Basel
Van Bærle		Gebrüder		Münchenstein	3900	1899	105	telefonbuch_107	PTT-Archiv, P-260-1_Basel_1899_2	Basel
Vanderborght frères		(Agent T. Wirz-Lüscher)	Holbeinstrasse 58	Basel	3062	1899	105	telefonbuch_107	PTT-Archiv, P-260-1_Basel_1899_2	Basel
Veillard	G.		Holbeinstrasse 42	Basel	3021	1899	105	telefonbuch_107	PTT-Archiv, P-260-1_Basel_1899_2	Basel
Veillon-Burckhardt	Johanna	Wwe	Gartenstrasse 9	Basel	2296	1899	105	telefonbuch_107	PTT-Archiv, P-260-1_Basel_1899_2	Basel
Veit	E.	& Co., Cigarrenfabrik	Wiesenstrasse 173	Basel	3366	1899	105	telefonbuch_107	PTT-Archiv, P-260-1_Basel_1899_2	Basel
Verband schweiz. Konsumvereine			Steinenthorstrasse 24	Basel	2162	1899	105	telefonbuch_107	PTT-Archiv, P-260-1_Basel_1899_2	Basel
Verbandstoff-Fabrik Schaffhausen		Filiale Basel	Gerbergasse 38	Basel	3005	1899	105	telefonbuch_107	PTT-Archiv, P-260-1_Basel_1899_2	Basel
Vereinshaus		christliches	Nadelberg 6	Basel	1420	1899	105	telefonbuch_107	PTT-Archiv, P-260-1_Basel_1899_2	Basel
Verkehrsbureau		öffentliches	Stadthausgasse 13	Basel	1324	1899	105	telefonbuch_107	PTT-Archiv, P-260-1_Basel_1899_2	Basel
Verlagsdruckerei, schweiz.		(Bureau)	Steinenbachgässlein 40	Basel	2511	1899	105	telefonbuch_107	PTT-Archiv, P-260-1_Basel_1899_2	Basel
Verlagsdruckerei, schweiz.		(Wohnung des Dir. Böhm)	Gempenstrasse 71	Basel	4058	1899	105	telefonbuch_107	PTT-Archiv, P-260-1_Basel_1899_2	Basel
Vest	Arnold		Freiestrasse 24	Basel	2035	1899	105	telefonbuch_107	PTT-Archiv, P-260-1_Basel_1899_2	Basel
Vest Eckel & Co.		Bank	Freiestrasse 38	Basel	2022	1899	105	telefonbuch_107	PTT-Archiv, P-260-1_Basel_1899_2	Basel
Vest Eckel & Co.			Börsensaal Postgebäude	Basel	1418	1899	105	telefonbuch_107	PTT-Archiv, P-260-1_Basel_1899_2	Basel
Vest-Gysin	G. Rudolf		Austrasse 33	Basel	2970	1899	105	telefonbuch_107	PTT-Archiv, P-260-1_Basel_1899_2	Basel
Viatte-Crelier	Louis		Bachlettenstrasse 47	Basel	3122	1899	105	telefonbuch_107	PTT-Archiv, P-260-1_Basel_1899_2	Basel
Vicarino	C.	Ingenieur	Holbeinstrasse 75	Basel	2537	1899	106	telefonbuch_108	PTT-Archiv, P-260-1_Basel_1899_2	Basel
Vicarino	Emile		Rudolfstrasse 28	Basel	2858	1899	106	telefonbuch_108	PTT-Archiv, P-260-1_Basel_1899_2	Basel
Vicarino	F.		Schützenmattstrasse 81	Basel	966	1899	106	telefonbuch_108	PTT-Archiv, P-260-1_Basel_1899_2	Basel
Vicarino	F.	& Co., Schriftgiesserei	Holbeinstrasse 35	Basel	3055	1899	106	telefonbuch_108	PTT-Archiv, P-260-1_Basel_1899_2	Basel
Viehoff	Hermann D.	Consulat der Niederlande	Burgunderstrasse 5	Basel	3081	1899	106	telefonbuch_108	PTT-Archiv, P-260-1_Basel_1899_2	Basel
Villiger	E.	Dr., Arzt		Oberwil	2520	1899	106	telefonbuch_108	PTT-Archiv, P-260-1_Basel_1899_2	Basel
Vis	G. N.	Dr.	Austrasse 48	Basel	2857	1899	106	telefonbuch_108	PTT-Archiv, P-260-1_Basel_1899_2	Basel
Vischer	Albert A.		Angensteinerstrasse 28	Basel	4304	1899	106	telefonbuch_108	PTT-Archiv, P-260-1_Basel_1899_2	Basel
Vischer-Bachofen	Fritz		Rittergasse 19	Basel	1046	1899	106	telefonbuch_108	PTT-Archiv, P-260-1_Basel_1899_2	Basel
Vischer-Bölger	A.		Aeschengraben 31	Basel	2151	1899	106	telefonbuch_108	PTT-Archiv, P-260-1_Basel_1899_2	Basel
Vischer-Burckhardt	P.		Rittergasse 35	Basel	1776	1899	106	telefonbuch_108	PTT-Archiv, P-260-1_Basel_1899_2	Basel
Vischer-Burckhardt	P.		Riehenstrasse 274	Basel	3838	1899	106	telefonbuch_108	PTT-Archiv, P-260-1_Basel_1899_2	Basel
Vischer-Burckhardt	Rudolf		Sevogelstrasse 11	Basel	3550	1899	106	telefonbuch_108	PTT-Archiv, P-260-1_Basel_1899_2	Basel
Vischer-Burckhardt	Rudolf	(Stallung)	St. Albanringweg 235	Basel	3779	1899	106	telefonbuch_108	PTT-Archiv, P-260-1_Basel_1899_2	Basel
Vischer-Christ	Rud.		St. Jakobstrasse 55	Basel	3683	1899	106	telefonbuch_108	PTT-Archiv, P-260-1_Basel_1899_2	Basel
Vischer	E.	& Fueter	Langegasse 88	Basel	3799	1899	106	telefonbuch_108	PTT-Archiv, P-260-1_Basel_1899_2	Basel
Vischer-Heussler	S.	Frau	Nauenstrasse 43	Basel	2157	1899	106	telefonbuch_108	PTT-Archiv, P-260-1_Basel_1899_2	Basel
Vischer-Iselin	Wilh.	Dr., Advokat und Notar	Rittergasse 31	Basel	4280	1899	106	telefonbuch_108	PTT-Archiv, P-260-1_Basel_1899_2	Basel
Vischer-Iselin	G.	Wwe	Gartenstrasse 22	Basel	2311	1899	106	telefonbuch_108	PTT-Archiv, P-260-1_Basel_1899_2	Basel
Vischer-Köchlin	E.	Pfr.	Sevogelstrasse 70	Basel	3953	1899	106	telefonbuch_108	PTT-Archiv, P-260-1_Basel_1899_2	Basel
Vischer-Merian	Carl		Hardtstrasse 164	Basel	3595	1899	106	telefonbuch_108	PTT-Archiv, P-260-1_Basel_1899_2	Basel
Vischer	Peter		Angensteinerstrasse 7	Basel	3971	1899	106	telefonbuch_108	PTT-Archiv, P-260-1_Basel_1899_2	Basel
Vischer	A.	Sohn	Aeschenvorstadt 34	Basel	1052	1899	106	telefonbuch_108	PTT-Archiv, P-260-1_Basel_1899_2	Basel
Vischer	Theophil		Elisabethenstrasse 27	Basel	2412	1899	106	telefonbuch_108	PTT-Archiv, P-260-1_Basel_1899_2	Basel
Vischer & Co.		Comptoir	Rheinsprung 16	Basel	1305	1899	106	telefonbuch_108	PTT-Archiv, P-260-1_Basel_1899_2	Basel
Vischer & Co.			Martinsgasse 4	Basel	1303	1899	106	telefonbuch_108	PTT-Archiv, P-260-1_Basel_1899_2	Basel
Vischer & Co.		Direktorwohnung	Sperrstrasse 46	Basel	3297	1899	106	telefonbuch_108	PTT-Archiv, P-260-1_Basel_1899_2	Basel
Vischer & Co.		Fabrik	Oberwilerstrasse 133	Basel	2529	1899	106	telefonbuch_108	PTT-Archiv, P-260-1_Basel_1899_2	Basel
Vischer-VonderMühll	Carl		Gellertstrasse 45	Basel	3594	1899	106	telefonbuch_108	PTT-Archiv, P-260-1_Basel_1899_2	Basel
Vischer-VonderMühll	Carl		Rheinsprung 16	Basel	1312	1899	106	telefonbuch_108	PTT-Archiv, P-260-1_Basel_1899_2	Basel
Vogel-Heimgartner	Joh.	Wirt	St. Jakobstrasse 159	Basel	3995	1899	106	telefonbuch_108	PTT-Archiv, P-260-1_Basel_1899_2	Basel
Vogel	Xaver	Restaurant beim Bahnhof		Münchenstein	3900	1899	106	telefonbuch_108	PTT-Archiv, P-260-1_Basel_1899_2	Basel
Vogelbach	Hans	Dr.	Aeschenvorstadt 16	Basel	2034	1899	106	telefonbuch_108	PTT-Archiv, P-260-1_Basel_1899_2	Basel
Vogelbach-Schaub		Wwe.	Augustinergasse 17	Basel	1088	1899	106	telefonbuch_108	PTT-Archiv, P-260-1_Basel_1899_2	Basel
Vogelsang	J.	Gärtnermeister	Petersberg 12	Basel	1619	1899	106	telefonbuch_108	PTT-Archiv, P-260-1_Basel_1899_2	Basel
Vogelsanger	S.	Photograph	Ob. Heuberg 6	Basel	2815	1899	107	telefonbuch_109	PTT-Archiv, P-260-1_Basel_1899_2	Basel
Vogt-Aeschbach	E.	z. Flügelrad	Küchegässlein 22	Basel	2345	1899	107	telefonbuch_109	PTT-Archiv, P-260-1_Basel_1899_2	Basel
Vogt-Diringer	E.		Hegenheimerstrasse 35	Basel	2992	1899	107	telefonbuch_109	PTT-Archiv, P-260-1_Basel_1899_2	Basel
Vogt-Esslinger	Anton	Wirt		Allschwil	2783	1899	107	telefonbuch_109	PTT-Archiv, P-260-1_Basel_1899_2	Basel
Vogt-Gürtler	J. Aug.	Baumeister		Allschwil	2783	1899	107	telefonbuch_109	PTT-Archiv, P-260-1_Basel_1899_2	Basel
Vogt	J.	Malermeister	Unterer Heuberg 25	Basel	3087	1899	107	telefonbuch_109	PTT-Archiv, P-260-1_Basel_1899_2	Basel
Vogt-Werdenberg	A.	Baugeschäft	Unterer Rheinweg 104	Basel	3336	1899	107	telefonbuch_109	PTT-Archiv, P-260-1_Basel_1899_2	Basel
Vogt-Zysset	Bernh.	Zitherlehrer	Webergasse 3	Basel	1270	1899	107	telefonbuch_109	PTT-Archiv, P-260-1_Basel_1899_2	Basel
Vögtli	Emil	„Basler Express“, Dienstmänneranstalt	Steinenvorstadt 36	Basel	2572	1899	107	telefonbuch_109	PTT-Archiv, P-260-1_Basel_1899_2	Basel
Vohland & Bär		Schlosserei	Kanonengasse 3	Basel	2532	1899	107	telefonbuch_109	PTT-Archiv, P-260-1_Basel_1899_2	Basel
Vohrer-Leimbacher	Gustav	Konditor	Blumenrain 18	Basel	1378	1899	107	telefonbuch_109	PTT-Archiv, P-260-1_Basel_1899_2	Basel
Voigt	Ed. A.		Sperrstrasse 111	Basel	3319	1899	107	telefonbuch_109	PTT-Archiv, P-260-1_Basel_1899_2	Basel
Vorderauer	C.		Mittlerestrasse 58	Basel	1461	1899	107	telefonbuch_109	PTT-Archiv, P-260-1_Basel_1899_2	Basel
Völker-Stumpf	A.		Sattelgasse 11	Basel	1557	1899	107	telefonbuch_109	PTT-Archiv, P-260-1_Basel_1899_2	Basel
Volksbank		Schweizerische	Gerbergasse 36	Basel	3028	1899	107	telefonbuch_109	PTT-Archiv, P-260-1_Basel_1899_2	Basel
VonArx	Otto	Rechtsanwalt		Dornachbrugg	3900	1899	107	telefonbuch_109	PTT-Archiv, P-260-1_Basel_1899_2	Basel
VonderMühll	A. M.		Sempacherstrasse 59	Basel	4013	1899	107	telefonbuch_109	PTT-Archiv, P-260-1_Basel_1899_2	Basel
VonderMühll-Bachofen			St. Jakobstrasse 12	Basel	2317	1899	107	telefonbuch_109	PTT-Archiv, P-260-1_Basel_1899_2	Basel
VonderMühll-Burckhardt	C.		Gellertstrasse 25	Basel	4107	1899	107	telefonbuch_109	PTT-Archiv, P-260-1_Basel_1899_2	Basel
VonderMühll-Christ	Aug.		Peter Merianstrasse 40	Basel	4060	1899	107	telefonbuch_109	PTT-Archiv, P-260-1_Basel_1899_2	Basel
VonderMühll	P.	Dr. med.	Aeschengraben 20	Basel	2336	1899	107	telefonbuch_109	PTT-Archiv, P-260-1_Basel_1899_2	Basel
VonderMühll	Fritz		Elisabethenstrasse 27	Basel	2412	1899	107	telefonbuch_109	PTT-Archiv, P-260-1_Basel_1899_2	Basel
VonderMühll-Kern	Wilh.	Dr.	St. Albanvorstadt 24	Basel	1825	1899	107	telefonbuch_109	PTT-Archiv, P-260-1_Basel_1899_2	Basel
VonderMühll-Merian	A.		St. Jakobstrasse 8	Basel	2071	1899	107	telefonbuch_109	PTT-Archiv, P-260-1_Basel_1899_2	Basel
VonderMühll-Merian	A.		Klybeckstrasse 125	Basel	3286	1899	107	telefonbuch_109	PTT-Archiv, P-260-1_Basel_1899_2	Basel
VonderMühll-Merian	Wilh.	Dr.	St. Albangraben 6	Basel	1891	1899	107	telefonbuch_109	PTT-Archiv, P-260-1_Basel_1899_2	Basel
VonderMühll	A.	Sohn	Eisengasse 23	Basel	1585	1899	107	telefonbuch_109	PTT-Archiv, P-260-1_Basel_1899_2	Basel
VonderMühll-Vischer	F.		Engelgasse 77	Basel	3663	1899	107	telefonbuch_109	PTT-Archiv, P-260-1_Basel_1899_2	Basel
VonderMühll-Vischer		Frau	Riehenstrasse 192	Basel	3828	1899	107	telefonbuch_109	PTT-Archiv, P-260-1_Basel_1899_2	Basel
Vonkilch	Georg		Mittlerestrasse 48	Basel	1468	1899	107	telefonbuch_109	PTT-Archiv, P-260-1_Basel_1899_2	Basel
Von Rufs	H.	Spenglerei	St. Johannvorstadt 25	Basel	1388	1899	107	telefonbuch_109	PTT-Archiv, P-260-1_Basel_1899_2	Basel
Vortisch-Burckhardt	R.		Utengasse 48	Basel	1144	1899	107	telefonbuch_109	PTT-Archiv, P-260-1_Basel_1899_2	Basel
Voss-Mehlhorn	Theodor	Tapeziermeister	Rudolfstrasse 33	Basel	949	1899	107	telefonbuch_109	PTT-Archiv, P-260-1_Basel_1899_2	Basel
Wachendorf & Brunner			Freiestrasse 33	Basel	1350	1899	108	telefonbuch_110	PTT-Archiv, P-260-1_Basel_1899_2	Basel
Wächter-Bohrer	S.	Holzhdlg.	Sommergasse 11	Basel	1445	1899	108	telefonbuch_110	PTT-Archiv, P-260-1_Basel_1899_2	Basel
Wächter & Co.			Güterstrasse 172	Basel	3774	1899	108	telefonbuch_110	PTT-Archiv, P-260-1_Basel_1899_2	Basel
Wächter & Co.			Schneidergasse 23	Basel	1403	1899	108	telefonbuch_110	PTT-Archiv, P-260-1_Basel_1899_2	Basel
Wacker, Schmidlin & Co.			Elisabethenstrasse 53	Basel	2152	1899	108	telefonbuch_110	PTT-Archiv, P-260-1_Basel_1899_2	Basel
Wacker, Schmidlin & Co.			Elisabethenstrasse 53	Basel	2155	1899	108	telefonbuch_110	PTT-Archiv, P-260-1_Basel_1899_2	Basel
Wacker, Schmidlin & Co.		Börsensaal	Postgebäude	Basel	3142	1899	108	telefonbuch_110	PTT-Archiv, P-260-1_Basel_1899_2	Basel
Wacker, Schmidlin & Co.		Börsensaal	Postgebäude	Basel	3144	1899	108	telefonbuch_110	PTT-Archiv, P-260-1_Basel_1899_2	Basel
Wackernagel	Rud.	Dr.	Brunngasse 11	Basel	1915	1899	108	telefonbuch_110	PTT-Archiv, P-260-1_Basel_1899_2	Basel
Wackernagel-Merian	G.		Langegasse 74	Basel	3685	1899	108	telefonbuch_110	PTT-Archiv, P-260-1_Basel_1899_2	Basel
Wackernagel-Oser	Emanuel		Birmannsgasse 39	Basel	2672	1899	108	telefonbuch_110	PTT-Archiv, P-260-1_Basel_1899_2	Basel
Wackernagel	Jakob	Prof. Dr.	Gartenstrasse 93	Basel	2125	1899	108	telefonbuch_110	PTT-Archiv, P-260-1_Basel_1899_2	Basel
Waffenschmidt-Maurer	Carl		Spalenberg 37	Basel	2777	1899	108	telefonbuch_110	PTT-Archiv, P-260-1_Basel_1899_2	Basel
Waffenschmidt-Maurer	Carl	Metzgerei	Marktplatz 23	Basel	1899	1899	108	telefonbuch_110	PTT-Archiv, P-260-1_Basel_1899_2	Basel
Wäffler	Arthur		Gartenstrasse 58	Basel	4057	1899	108	telefonbuch_110	PTT-Archiv, P-260-1_Basel_1899_2	Basel
Wäffler-Sevin	Hans		Martinsgasse 15	Basel	1311	1899	108	telefonbuch_110	PTT-Archiv, P-260-1_Basel_1899_2	Basel
Wäffler & Wybert			Rheinsprung 24	Basel	1311	1899	108	telefonbuch_110	PTT-Archiv, P-260-1_Basel_1899_2	Basel
Wagner-Bürgin	Gust.		Rennweg 17	Basel	15	1899	108	telefonbuch_110	PTT-Archiv, P-260-1_Basel_1899_2	Basel
Wagner	Eug.		Solothurnerstrasse 2	Basel	3872	1899	108	telefonbuch_110	PTT-Archiv, P-260-1_Basel_1899_2	Basel
Wagner	Hans	Droguerie zum Gerberberg	Gerbergässlein 24	Basel	2547	1899	108	telefonbuch_110	PTT-Archiv, P-260-1_Basel_1899_2	Basel
Wagner	Hermann	& Cie, Möbelschreinerei	Holbeinstrasse 56	Basel	2640	1899	108	telefonbuch_110	PTT-Archiv, P-260-1_Basel_1899_2	Basel
Wagner	Louis	zum Rössli		Münchenstein	3900	1899	108	telefonbuch_110	PTT-Archiv, P-260-1_Basel_1899_2	Basel
Wagner-Martel	E.		Asphof	Münchenstein	3900	1899	108	telefonbuch_110	PTT-Archiv, P-260-1_Basel_1899_2	Basel
Wagner-Martel	E.		Burgunderstrasse 34	Basel	2936	1899	108	telefonbuch_110	PTT-Archiv, P-260-1_Basel_1899_2	Basel
Wagner-Schwob	Ad.	z. Krummen Eich		Pratteln	2598	1899	108	telefonbuch_110	PTT-Archiv, P-260-1_Basel_1899_2	Basel
Wahl	Fritz	Ingenieur	Drahtzugstrasse 14	Basel	2284	1899	108	telefonbuch_110	PTT-Archiv, P-260-1_Basel_1899_2	Basel
Wahl	Jacques	Schlossermstr.	Steinenbachgässlein 20	Basel	2375	1899	108	telefonbuch_110	PTT-Archiv, P-260-1_Basel_1899_2	Basel
Waibel	A.		Sempacherstrasse 24	Basel	4005	1899	108	telefonbuch_110	PTT-Archiv, P-260-1_Basel_1899_2	Basel
Waisenamt		(Mentelinhof)	Münsterplatz 14	Basel	1070	1899	108	telefonbuch_110	PTT-Archiv, P-260-1_Basel_1899_2	Basel
Waisenhaus		(Waisenvater)	Theodorskirchplatz 7	Basel	1153	1899	108	telefonbuch_110	PTT-Archiv, P-260-1_Basel_1899_2	Basel
Waisenhaus		(Verwalterbureau)	Theodorskirchplatz 7	Basel	1132	1899	108	telefonbuch_110	PTT-Archiv, P-260-1_Basel_1899_2	Basel
Waiz-Gardin	M.	Wirt	Binningerstrasse 35	Basel		1899	108	telefonbuch_110	PTT-Archiv, P-260-1_Basel_1899_2	Basel
Waldsburger-Schlatter	Jb.		Hägenheimerstrasse 271	Basel	199	1899	108	telefonbuch_110	PTT-Archiv, P-260-1_Basel_1899_2	Basel
Wallburg-Mäglin	Th.	Gärtnermeister	Solothurnerstrasse 78	Basel	795	1899	109	telefonbuch_111	PTT-Archiv, P-260-1_Basel_1899_2	Basel
Walser	Friedr.	Architekt	Schönbeinstrasse 21	Basel	2605	1899	109	telefonbuch_111	PTT-Archiv, P-260-1_Basel_1899_2	Basel
Waltensberger-Weber	August	Schreinermeister	Heumattstrasse 13	Basel	2229	1899	109	telefonbuch_111	PTT-Archiv, P-260-1_Basel_1899_2	Basel
Walter-Biondetti	C.		Bäumleingasse 12	Basel	1840	1899	109	telefonbuch_111	PTT-Archiv, P-260-1_Basel_1899_2	Basel
Walter-Dürst	J.		Leimenstrasse 49	Basel	2922	1899	109	telefonbuch_111	PTT-Archiv, P-260-1_Basel_1899_2	Basel
Walter	Eduard	Maler	Spalenthorweg 15	Basel	2730	1899	109	telefonbuch_111	PTT-Archiv, P-260-1_Basel_1899_2	Basel
Wälterlin-Plattner	Eduard			Muttenz	4317	1899	109	telefonbuch_111	PTT-Archiv, P-260-1_Basel_1899_2	Basel
Walti	Joh.	Krankenwärter und Masseur	Bartenheimerstrasse 9	Basel	833	1899	109	telefonbuch_111	PTT-Archiv, P-260-1_Basel_1899_2	Basel
Walti	Samuel	Baumeister	Bartenheimerstrasse 9	Basel	833	1899	109	telefonbuch_111	PTT-Archiv, P-260-1_Basel_1899_2	Basel
Waltisbühl	Anton		Steinenberg 1	Basel	2006	1899	109	telefonbuch_111	PTT-Archiv, P-260-1_Basel_1899_2	Basel
Walz-Hoch	E.	Geschäft	Güterstrasse 155	Basel	4031	1899	109	telefonbuch_111	PTT-Archiv, P-260-1_Basel_1899_2	Basel
Walz-Hoch	E.	Wohnung	Solothurnerstrasse 84	Basel	17	1899	109	telefonbuch_111	PTT-Archiv, P-260-1_Basel_1899_2	Basel
Wanduhrenfabrik Angenstein				Angenstein	3900	1899	109	telefonbuch_111	PTT-Archiv, P-260-1_Basel_1899_2	Basel
Wanger	E.	Zahnarzt	Blumenrain 5	Basel	794	1899	109	telefonbuch_111	PTT-Archiv, P-260-1_Basel_1899_2	Basel
Wanner	J.	& Co., zur Mühle		Riehen	4316	1899	109	telefonbuch_111	PTT-Archiv, P-260-1_Basel_1899_2	Basel
Wannier	Dr. Eugen	(Bureau)	Freiestrasse 52	Basel	2415	1899	109	telefonbuch_111	PTT-Archiv, P-260-1_Basel_1899_2	Basel
Wannier	Dr. F.	Arzt		Therwil	2520	1899	109	telefonbuch_111	PTT-Archiv, P-260-1_Basel_1899_2	Basel
Warth	Paul	Glas- und Porzellanwarenhandlung	Spalenberg 59	Basel	2681	1899	109	telefonbuch_111	PTT-Archiv, P-260-1_Basel_1899_2	Basel
Waschanstalt St. Klara		(Bosshardt, R.)	Clarastrasse 39	Basel	3523	1899	109	telefonbuch_111	PTT-Archiv, P-260-1_Basel_1899_2	Basel
Wasmer	Friedr.		Spalenringweg 139	Basel	986	1899	109	telefonbuch_111	PTT-Archiv, P-260-1_Basel_1899_2	Basel
Wassermann-Krebs	Rudolf		Bachlettenstrasse 74	Basel	3042	1899	109	telefonbuch_111	PTT-Archiv, P-260-1_Basel_1899_2	Basel
Wassermann-Krebs	Rud.	Kaminfegermeister	Oberer Heuberg 25	Basel	7	1899	109	telefonbuch_111	PTT-Archiv, P-260-1_Basel_1899_2	Basel
Wassermann-Munding	R.	Kaminfegermeister	Aeschenvorstadt 12	Basel	2068	1899	109	telefonbuch_111	PTT-Archiv, P-260-1_Basel_1899_2	Basel
Wassermann's (C.) Nachfolger		J. Dreher-Treichler, Sargfabrikant	Totentanz 8	Basel	1399	1899	109	telefonbuch_111	PTT-Archiv, P-260-1_Basel_1899_2	Basel
Wassermann-Süffert	Ad.		Elisabethenstrasse 11	Basel	2333	1899	109	telefonbuch_111	PTT-Archiv, P-260-1_Basel_1899_2	Basel
Wassermann & Schäublin		Lithographie & Typographie	Blumenrain 5	Basel	1310	1899	109	telefonbuch_111	PTT-Archiv, P-260-1_Basel_1899_2	Basel
Wassermann	Wilh.	Schreinermeister und Sargfabrikant	Missionsstrasse 67	Basel	2624	1899	109	telefonbuch_111	PTT-Archiv, P-260-1_Basel_1899_2	Basel
Wazniewsky	J.		Gerbergasse 73	Basel	2108	1899	109	telefonbuch_111	PTT-Archiv, P-260-1_Basel_1899_2	Basel
Weber	Bruno	Gärtnermeister	Lehenmattstrasse 131	Basel	1102	1899	109	telefonbuch_111	PTT-Archiv, P-260-1_Basel_1899_2	Basel
Weber	C. F.	Dachpappenfabrik		Muttenz	4317	1899	110	telefonbuch_112	PTT-Archiv, P-260-1_Basel_1899_2	Basel
Weber	E.	& Co., Stockschirmfabr.		Riehen	4316	1899	110	telefonbuch_112	PTT-Archiv, P-260-1_Basel_1899_2	Basel
Weber-Huber	Otto	Tapezierer	Steinenvorstadt 53	Basel	2214	1899	110	telefonbuch_112	PTT-Archiv, P-260-1_Basel_1899_2	Basel
Weber	J.	Centralbahnrestauration	Centralbahnhof	Basel	2244	1899	110	telefonbuch_112	PTT-Archiv, P-260-1_Basel_1899_2	Basel
Weber-Imhof	Ad.		Engelgasse 65	Basel	3689	1899	110	telefonbuch_112	PTT-Archiv, P-260-1_Basel_1899_2	Basel
Weber-Matter	Conrad		Hirzbodenweg 90	Basel	3790	1899	110	telefonbuch_112	PTT-Archiv, P-260-1_Basel_1899_2	Basel
Weber-Meyer	Jakob		Peter Merianstrasse 56	Basel	4063	1899	110	telefonbuch_112	PTT-Archiv, P-260-1_Basel_1899_2	Basel
Wehrle	August	Zahnarzt	Freiestrasse 24	Basel	1363	1899	110	telefonbuch_112	PTT-Archiv, P-260-1_Basel_1899_2	Basel
Wehrle	R.	Dr.	Palmenstrasse 28	Basel	982	1899	110	telefonbuch_112	PTT-Archiv, P-260-1_Basel_1899_2	Basel
Wehrle	G.	Hôtel Central zum Wildenmann	Freiestrasse 35	Basel	1073	1899	110	telefonbuch_112	PTT-Archiv, P-260-1_Basel_1899_2	Basel
Wehrli	Conrad	& Co., Kammradmühle	Webergasse 21	Basel	1248	1899	110	telefonbuch_112	PTT-Archiv, P-260-1_Basel_1899_2	Basel
Wehrli-Michel	Louise	Frau	Klybeckstrasse 107	Basel	294	1899	110	telefonbuch_112	PTT-Archiv, P-260-1_Basel_1899_2	Basel
Weibel-Thoma	R.	Wwe, Lebensmittelhandlung	Ochsengasse 23	Basel	1229	1899	110	telefonbuch_112	PTT-Archiv, P-260-1_Basel_1899_2	Basel
Weibel & Co.			Gerbergasse 57	Basel	2190	1899	110	telefonbuch_112	PTT-Archiv, P-260-1_Basel_1899_2	Basel
Weidenmann-Jenny	Aug.	Ingenieur	Friedensgasse 23	Basel	1493	1899	110	telefonbuch_112	PTT-Archiv, P-260-1_Basel_1899_2	Basel
Weidmann	J.	Hôtel National	Centralbahnplatz 3	Basel	2231	1899	110	telefonbuch_112	PTT-Archiv, P-260-1_Basel_1899_2	Basel
Weil	Alexander		Theaterstrasse 16	Basel	2255	1899	110	telefonbuch_112	PTT-Archiv, P-260-1_Basel_1899_2	Basel
Weil-Brunschwig	David		Byfangweg 23	Basel	3240	1899	110	telefonbuch_112	PTT-Archiv, P-260-1_Basel_1899_2	Basel
Weil frères			Solothurnerstrasse 18	Basel	4085	1899	110	telefonbuch_112	PTT-Archiv, P-260-1_Basel_1899_2	Basel
Weilemann-Bruder	G. K.		Bottmingerstrasse 152	Binningen	4018	1899	110	telefonbuch_112	PTT-Archiv, P-260-1_Basel_1899_2	Basel
Weilemann-vonArx		Wwe	Rümelinbachweg 14	Basel	2578	1899	110	telefonbuch_112	PTT-Archiv, P-260-1_Basel_1899_2	Basel
Weill	Rudolf	& Co.	Leonhardsgraben 10	Basel	3397	1899	110	telefonbuch_112	PTT-Archiv, P-260-1_Basel_1899_2	Basel
Weiller-Meyer	Daniel		Leimenstrasse 39	Basel	2944	1899	110	telefonbuch_112	PTT-Archiv, P-260-1_Basel_1899_2	Basel
Weiller	Simon	Viehhändler		Muttenz	4317	1899	110	telefonbuch_112	PTT-Archiv, P-260-1_Basel_1899_2	Basel
Weinmann	Gustav		Steinengraben 12	Basel	3810	1899	110	telefonbuch_112	PTT-Archiv, P-260-1_Basel_1899_2	Basel
Weinstube zu Fischern			Fischmarkt 10	Basel	1581	1899	110	telefonbuch_112	PTT-Archiv, P-260-1_Basel_1899_2	Basel
Weiss-Dunkel	J. A.		51	Bottmingen	2520	1899	110	telefonbuch_112	PTT-Archiv, P-260-1_Basel_1899_2	Basel
Weiss	Gustav	Metzgermeister	Türkheimerstrasse 2	Basel	815	1899	110	telefonbuch_112	PTT-Archiv, P-260-1_Basel_1899_2	Basel
Weiss	Hermann	Banquier	Steinenthorstrasse 15	Basel	2131	1899	110	telefonbuch_112	PTT-Archiv, P-260-1_Basel_1899_2	Basel
Weissenberger		Gebr., Brauerei		Reinach	3900	1899	110	telefonbuch_112	PTT-Archiv, P-260-1_Basel_1899_2	Basel
Weissenberger	Heinrich	Gemeindepräsident		Riehen	4316	1899	110	telefonbuch_112	PTT-Archiv, P-260-1_Basel_1899_2	Basel
Weissenborn	Wilhelmine		Römergasse 36	Basel	1130	1899	110	telefonbuch_112	PTT-Archiv, P-260-1_Basel_1899_2	Basel
Weisser	Balduin		Clarastrasse 48	Basel	3717	1899	110	telefonbuch_112	PTT-Archiv, P-260-1_Basel_1899_2	Basel
Weisser	J.	Schreiner	Türkheimerstrasse 60	Basel	818	1899	110	telefonbuch_112	PTT-Archiv, P-260-1_Basel_1899_2	Basel
Weitnauer	Ad.	& Cie., Cigarrenhandlung	Freiestrasse 27	Basel	1157	1899	111	telefonbuch_113	PTT-Archiv, P-260-1_Basel_1899_2	Basel
Weitnauer	Ad.	& Cie., Cigarrenhandlung	Schifflände 3	Basel	1356	1899	111	telefonbuch_113	PTT-Archiv, P-260-1_Basel_1899_2	Basel
Weitnauer	Emanuel	Handelsgärtner		Riehen	4316	1899	111	telefonbuch_113	PTT-Archiv, P-260-1_Basel_1899_2	Basel
Weitnauer	Emanuel	Spengler	St. Johannvorstadt 28	Basel	1384	1899	111	telefonbuch_113	PTT-Archiv, P-260-1_Basel_1899_2	Basel
Weitnauer-Grossberger	A.	Baumeister	Birsigstrasse 77	Basel	3100	1899	111	telefonbuch_113	PTT-Archiv, P-260-1_Basel_1899_2	Basel
Weitnauer-Hubel	R.	Wwe	Leimenstrasse 63	Basel	2921	1899	111	telefonbuch_113	PTT-Archiv, P-260-1_Basel_1899_2	Basel
Weitnauer-Kehlstadt	Carl		Schützenmattstrasse 41	Basel	2824	1899	111	telefonbuch_113	PTT-Archiv, P-260-1_Basel_1899_2	Basel
Weitnauer-Preiswerk	Aug.		Missionsstrasse 5	Basel	24	1899	111	telefonbuch_113	PTT-Archiv, P-260-1_Basel_1899_2	Basel
von Welk		Direktor d. „Equitable“	Klybeckstrasse 1	Basel	3282	1899	111	telefonbuch_113	PTT-Archiv, P-260-1_Basel_1899_2	Basel
Wellauer	J.	Zahnarzt	Spalenvorstadt 6	Basel	2221	1899	111	telefonbuch_113	PTT-Archiv, P-260-1_Basel_1899_2	Basel
Welte	Otto		Austrasse 81	Basel		1899	111	telefonbuch_113	PTT-Archiv, P-260-1_Basel_1899_2	Basel
Welter	J.	Compagnie cosmographique	Gerbergasse 36	Basel	2834	1899	111	telefonbuch_113	PTT-Archiv, P-260-1_Basel_1899_2	Basel
Welter	J.	Compagnie Cosmographique	Kanonengasse 35	Basel		1899	111	telefonbuch_113	PTT-Archiv, P-260-1_Basel_1899_2	Basel
Welti	Henry		Missionsstrasse 50	Basel	870	1899	111	telefonbuch_113	PTT-Archiv, P-260-1_Basel_1899_2	Basel
Wenger-Grey	Ch.	z. Rössli		Binningen	3107	1899	111	telefonbuch_113	PTT-Archiv, P-260-1_Basel_1899_2	Basel
Wenger-Joder	D.		Solothurnerstrasse 11	Basel	4125	1899	111	telefonbuch_113	PTT-Archiv, P-260-1_Basel_1899_2	Basel
Wenk	Carl	Küferei und Weinhandlung	Herrengrabenweg 53	Basel	957	1899	111	telefonbuch_113	PTT-Archiv, P-260-1_Basel_1899_2	Basel
Wenk-Düblin	J.	Fabr. d. Waschmaschinen	Petersgraben 37	Basel	1599	1899	111	telefonbuch_113	PTT-Archiv, P-260-1_Basel_1899_2	Basel
Wenk-Mayer	S.	Spengler	Breisacherstrasse 61	Basel	3236	1899	111	telefonbuch_113	PTT-Archiv, P-260-1_Basel_1899_2	Basel
Wenk	Simon	Metzger und Wirt	Bahnhofstrasse 159	Riehen	4316	1899	111	telefonbuch_113	PTT-Archiv, P-260-1_Basel_1899_2	Basel
Wenk-Thommen	E.		Angensteinerstrasse 23	Basel	3567	1899	111	telefonbuch_113	PTT-Archiv, P-260-1_Basel_1899_2	Basel
Wenk-Weber	J.	Kaufladen		Riehen	4316	1899	111	telefonbuch_113	PTT-Archiv, P-260-1_Basel_1899_2	Basel
Wenzinger	Aug.	Bierdépôt u. Mineralwasser	Amerbachstrasse 10	Basel	3385	1899	111	telefonbuch_113	PTT-Archiv, P-260-1_Basel_1899_2	Basel
Werdenberg	Ed.	Gasapparatefabrik	Barfüssergasse 3	Basel	2036	1899	111	telefonbuch_113	PTT-Archiv, P-260-1_Basel_1899_2	Basel
Werdenberg-Respinger	Ed.			Dornachbrugg	3900	1899	111	telefonbuch_113	PTT-Archiv, P-260-1_Basel_1899_2	Basel
Werenfels	Frz.	Spenglermstr.	Hebelstrasse 62	Basel	1483	1899	111	telefonbuch_113	PTT-Archiv, P-260-1_Basel_1899_2	Basel
Werner	C.	& Co.	Güterstrasse 248	Basel	2462	1899	111	telefonbuch_113	PTT-Archiv, P-260-1_Basel_1899_2	Basel
Werner-Riehm	M.	Buchdrucker	Kanonengasse 32	Basel	3056	1899	111	telefonbuch_113	PTT-Archiv, P-260-1_Basel_1899_2	Basel
Werthemann-Burckhardt	A.		Langegasse 9	Basel	3586	1899	111	telefonbuch_113	PTT-Archiv, P-260-1_Basel_1899_2	Basel
Werthemann-Ehinger			Sevogelstrasse 40	Basel	4119	1899	111	telefonbuch_113	PTT-Archiv, P-260-1_Basel_1899_2	Basel
Wertz	J. B.		Münchensteinerstrasse 134	Basel	3922	1899	112	telefonbuch_114	PTT-Archiv, P-260-1_Basel_1899_2	Basel
Werzinger	L.		Leimenstrasse 1	Basel	2743	1899	112	telefonbuch_114	PTT-Archiv, P-260-1_Basel_1899_2	Basel
Werzinger-Mähly	Albert		Leimenstrasse 3	Basel	2806	1899	112	telefonbuch_114	PTT-Archiv, P-260-1_Basel_1899_2	Basel
Wick-Merian	Carl		Nauenstrasse 14	Basel	2169	1899	112	telefonbuch_114	PTT-Archiv, P-260-1_Basel_1899_2	Basel
Widemann's Handelsschule			Kohlenberg 13	Basel	2488	1899	112	telefonbuch_114	PTT-Archiv, P-260-1_Basel_1899_2	Basel
Widmann-Wettlin	Carl	Zimmermeister	Thannerstrasse 17	Basel	2836	1899	112	telefonbuch_114	PTT-Archiv, P-260-1_Basel_1899_2	Basel
Widmer	G.	Dr. med.	Petersgraben 11	Basel	1642	1899	112	telefonbuch_114	PTT-Archiv, P-260-1_Basel_1899_2	Basel
Widmer-Huppertz	J.	Spenglermeister	Rümelinsplatz 8	Basel	2661	1899	112	telefonbuch_114	PTT-Archiv, P-260-1_Basel_1899_2	Basel
Wiedlebacher-Schmutz	Gottfr.	Metzgermeister	Colmarerstrasse 1	Basel	1656	1899	112	telefonbuch_114	PTT-Archiv, P-260-1_Basel_1899_2	Basel
Wieland	Carl	Küfermeister	Jurastrasse 55	Basel	2683	1899	112	telefonbuch_114	PTT-Archiv, P-260-1_Basel_1899_2	Basel
Wieland-Dietschy	Anna	Wwe.	Eulerstrasse 42	Basel	2709	1899	112	telefonbuch_114	PTT-Archiv, P-260-1_Basel_1899_2	Basel
Wieland	Emil	Dr., Arzt	St. Albananlage 8	Basel	4140	1899	112	telefonbuch_114	PTT-Archiv, P-260-1_Basel_1899_2	Basel
Wieland-Gemuseus	A. M.	Wwe	Gellertstrasse 6	Basel	4113	1899	112	telefonbuch_114	PTT-Archiv, P-260-1_Basel_1899_2	Basel
Wieland-Zahn	Alfred	Dr.	Gellertstrasse 6	Basel	4223	1899	112	telefonbuch_114	PTT-Archiv, P-260-1_Basel_1899_2	Basel
Wiesendanger	A.	Schuhhandlg.	Greifengasse 33	Basel	1250	1899	112	telefonbuch_114	PTT-Archiv, P-260-1_Basel_1899_2	Basel
Wiesendanger	R.	Zahnarzt		Binningen	4048	1899	112	telefonbuch_114	PTT-Archiv, P-260-1_Basel_1899_2	Basel
Wiesler-Richert	E.		Claragraben 125	Basel	1193	1899	112	telefonbuch_114	PTT-Archiv, P-260-1_Basel_1899_2	Basel
Wiessner	H.	Handschuhgeschäft	Freiestrasse 17	Basel	1864	1899	112	telefonbuch_114	PTT-Archiv, P-260-1_Basel_1899_2	Basel
Wiest	Joh.	Zimmermeister	Mörsbergerweg 12	Basel	3349	1899	112	telefonbuch_114	PTT-Archiv, P-260-1_Basel_1899_2	Basel
Wildberger-Georg	Jakob		Solothurnerstrasse 22	Basel	1448	1899	112	telefonbuch_114	PTT-Archiv, P-260-1_Basel_1899_2	Basel
Wildberger & Co.		Weinhandlg.	Solothurnerstrasse 22	Basel	1192	1899	112	telefonbuch_114	PTT-Archiv, P-260-1_Basel_1899_2	Basel
Wildenmann		Hôtel Central (G. Wehrle)	Freiestrasse 35	Basel	1073	1899	112	telefonbuch_114	PTT-Archiv, P-260-1_Basel_1899_2	Basel
Wildprath	Th.	Mineralwasserfabrikant	Jurastrasse 15	Basel	3771	1899	112	telefonbuch_114	PTT-Archiv, P-260-1_Basel_1899_2	Basel
Wilhelm-Schœttel	Martin	Wirt	Leuengasse 2	Basel	1218	1899	112	telefonbuch_114	PTT-Archiv, P-260-1_Basel_1899_2	Basel
Willar	M.		Missionsstrasse 4	Basel	2610	1899	112	telefonbuch_114	PTT-Archiv, P-260-1_Basel_1899_2	Basel
Willareth-Meng	Ed.		Marktplatz 29	Basel	1595	1899	112	telefonbuch_114	PTT-Archiv, P-260-1_Basel_1899_2	Basel
Willen	L.	Adler-Apotheke	Gerbergasse 44	Basel	3137	1899	112	telefonbuch_114	PTT-Archiv, P-260-1_Basel_1899_2	Basel
Willfratt	Aug.		Kleinhüningerstrasse 215	Basel	47	1899	112	telefonbuch_114	PTT-Archiv, P-260-1_Basel_1899_2	Basel
Willi	August	Metzgermeister	Dornacherstrasse 243	Basel	800	1899	112	telefonbuch_114	PTT-Archiv, P-260-1_Basel_1899_2	Basel
Willi	A.	Dr., Arzt		Aesch	3900	1899	112	telefonbuch_114	PTT-Archiv, P-260-1_Basel_1899_2	Basel
Winkler-Martin	F.		Hammerstrasse 108	Basel	3498	1899	112	telefonbuch_114	PTT-Archiv, P-260-1_Basel_1899_2	Basel
Winter	C. & J.	Gebrüder	Steinenbachgässlein 38	Basel	2514	1899	112	telefonbuch_114	PTT-Archiv, P-260-1_Basel_1899_2	Basel
Winter	Georg	Wirt z. Klybeckschloss	Klybeckstrasse 240	Basel	293	1899	112	telefonbuch_114	PTT-Archiv, P-260-1_Basel_1899_2	Basel
Winter-Minck	G.		Steinenvorstadt 62	Basel	1871	1899	112	telefonbuch_114	PTT-Archiv, P-260-1_Basel_1899_2	Basel
Wippermann-Pflüger	Heinrich	Hafnermeister	Ryffstrasse 20	Basel	1501	1899	113	telefonbuch_115	PTT-Archiv, P-260-1_Basel_1899_2	Basel
Wirtebureau Basel		Plazierungsbureau	Spalenberg 16	Basel	2614	1899	113	telefonbuch_115	PTT-Archiv, P-260-1_Basel_1899_2	Basel
Wirteverein-Plazierungsbureau Basel		(G. Kuhn-Eichacker)	Feldbergstrasse 70	Basel	3262	1899	113	telefonbuch_115	PTT-Archiv, P-260-1_Basel_1899_2	Basel
Wirz-Baader	W.		Freiestrasse 44	Basel	1050	1899	113	telefonbuch_115	PTT-Archiv, P-260-1_Basel_1899_2	Basel
Wirz	Hermann		Elisabethenstrasse 11	Basel	2330	1899	113	telefonbuch_115	PTT-Archiv, P-260-1_Basel_1899_2	Basel
Wirz-Jenny	Math.	Schlossermeister	Hochstrasse 50	Basel	3914	1899	113	telefonbuch_115	PTT-Archiv, P-260-1_Basel_1899_2	Basel
Wirz	L.		Gundoldingerstrasse 99	Basel	2230	1899	113	telefonbuch_115	PTT-Archiv, P-260-1_Basel_1899_2	Basel
Wirz-Löw	M.		Margarethenstrasse 57	Basel	4049	1899	113	telefonbuch_115	PTT-Archiv, P-260-1_Basel_1899_2	Basel
Wirz-Trœsch	Joh.	Weinhandlg.	St. Albananlage 6	Basel	4185	1899	113	telefonbuch_115	PTT-Archiv, P-260-1_Basel_1899_2	Basel
Wirz-Wirz	W.	Tapetenhandlg.	Freiestrasse 71	Basel	1852	1899	113	telefonbuch_115	PTT-Archiv, P-260-1_Basel_1899_2	Basel
Wittig	W.	Barfüsserapotheke	Steinenvorstadt 6	Basel	2265	1899	113	telefonbuch_115	PTT-Archiv, P-260-1_Basel_1899_2	Basel
Wittmer	Franz	Buchdruckerei	Schlüsselberg 5	Basel	1126	1899	113	telefonbuch_115	PTT-Archiv, P-260-1_Basel_1899_2	Basel
Wittwer-Wittwer	J.	Fuhrhalter	Allschwilerstrasse 80	Basel	2794	1899	113	telefonbuch_115	PTT-Archiv, P-260-1_Basel_1899_2	Basel
Witzig	Ernst	Dr.	Weiherweg 52	Basel	2837	1899	113	telefonbuch_115	PTT-Archiv, P-260-1_Basel_1899_2	Basel
Witzig	Paul	Dr., Zahnarzt	Schlüsselberg 17	Basel	1087	1899	113	telefonbuch_115	PTT-Archiv, P-260-1_Basel_1899_2	Basel
Witzinger	M.	Dr.	Leimenstrasse 41	Basel	2943	1899	113	telefonbuch_115	PTT-Archiv, P-260-1_Basel_1899_2	Basel
Wixler	J.	Viehhandlung	Spalenberg 13	Basel	2687	1899	113	telefonbuch_115	PTT-Archiv, P-260-1_Basel_1899_2	Basel
Wohlgemuth	Aug.	Bäckerei	Allschwilerstrasse 74	Basel	2795	1899	113	telefonbuch_115	PTT-Archiv, P-260-1_Basel_1899_2	Basel
Wolf	B.	photogr. Bedarfsartikel	Hutgasse 8	Basel	1415	1899	113	telefonbuch_115	PTT-Archiv, P-260-1_Basel_1899_2	Basel
Wolf	P.	Dr., Advokat	Grellingerstrasse 86	Basel	3964	1899	113	telefonbuch_115	PTT-Archiv, P-260-1_Basel_1899_2	Basel
Wolf	Georg	Lithograph	Unterer Heuberg 2	Basel	2853	1899	113	telefonbuch_115	PTT-Archiv, P-260-1_Basel_1899_2	Basel
Wolf	Wilh.	Apotheker	St. Albanvorstadt 42	Basel	1849	1899	113	telefonbuch_115	PTT-Archiv, P-260-1_Basel_1899_2	Basel
Wolfensberger-Lutz	J. H.		St. Johannringweg 6	Basel	1655	1899	113	telefonbuch_115	PTT-Archiv, P-260-1_Basel_1899_2	Basel
Wolff	Oscar		Hammerstrasse 11	Basel	3628	1899	113	telefonbuch_115	PTT-Archiv, P-260-1_Basel_1899_2	Basel
Woltersdorf-Kasper	Friedrich	Schlossermeister	Gempenstrasse 16	Basel	2461	1899	113	telefonbuch_115	PTT-Archiv, P-260-1_Basel_1899_2	Basel
Wormann		Söhne	Eisengasse 20	Basel	1394	1899	113	telefonbuch_115	PTT-Archiv, P-260-1_Basel_1899_2	Basel
Wormser	Karl		Rebgasse 12	Basel	2195	1899	113	telefonbuch_115	PTT-Archiv, P-260-1_Basel_1899_2	Basel
Wormser	Léon	& Co.	Elisabethenstrasse 44	Basel	2203	1899	113	telefonbuch_115	PTT-Archiv, P-260-1_Basel_1899_2	Basel
Wunderle	S.	chem. Waschanstalt und Färberei	Amerbachstrasse 91	Basel	193	1899	113	telefonbuch_115	PTT-Archiv, P-260-1_Basel_1899_2	Basel
Würgler	Joseph	Breitemühle	Farnsburgerstrasse 61	Basel	1034	1899	113	telefonbuch_115	PTT-Archiv, P-260-1_Basel_1899_2	Basel
Würgler-Wenger	Jak.	Landwirt	St. Jakobstrasse 157	Basel	3575	1899	113	telefonbuch_115	PTT-Archiv, P-260-1_Basel_1899_2	Basel
Wurster	Daniel	Bäckermeister	Güterstrasse 253	Basel	3909	1899	113	telefonbuch_115	PTT-Archiv, P-260-1_Basel_1899_2	Basel
Würtz	Carl	& Co.	Kleinhüningerstrasse 205	Basel	3263	1899	113	telefonbuch_115	PTT-Archiv, P-260-1_Basel_1899_2	Basel
Würz-Christ			Burgunderstrasse 9	Basel	2912	1899	113	telefonbuch_115	PTT-Archiv, P-260-1_Basel_1899_2	Basel
Wüst-Hügin	Leonh.	Schreinermeister	Austrasse 32	Basel	3010	1899	113	telefonbuch_115	PTT-Archiv, P-260-1_Basel_1899_2	Basel
Wybert-Klein	F.		Grenzacherstrasse 75	Basel	3732	1899	113	telefonbuch_115	PTT-Archiv, P-260-1_Basel_1899_2	Basel
Wydler	Gottl.		Rheinfelderstrasse 34	Basel	3736	1899	114	telefonbuch_116	PTT-Archiv, P-260-1_Basel_1899_2	Basel
Wydler	H. F.		Feierabendstrasse 11	Basel	3007	1899	114	telefonbuch_116	PTT-Archiv, P-260-1_Basel_1899_2	Basel
Wyler	Eman.	Metzgermeister	Spalenberg 39	Basel	2746	1899	114	telefonbuch_116	PTT-Archiv, P-260-1_Basel_1899_2	Basel
Wyler		Gebrüder	Johanniterstrasse 5	Basel	1701	1899	114	telefonbuch_116	PTT-Archiv, P-260-1_Basel_1899_2	Basel
Wyss	K. J.	Buchdruckerei	Freiestrasse 28	Basel	1863	1899	114	telefonbuch_116	PTT-Archiv, P-260-1_Basel_1899_2	Basel
Wyss & Senn			Gerbergasse 62	Basel	2183	1899	114	telefonbuch_116	PTT-Archiv, P-260-1_Basel_1899_2	Basel
Zahn-Burckhardt	C.		St. Albananlage 36	Basel	1908	1899	114	telefonbuch_116	PTT-Archiv, P-260-1_Basel_1899_2	Basel
Zahn-Geigy	F.		Bäumlihof	Basel	3834	1899	114	telefonbuch_116	PTT-Archiv, P-260-1_Basel_1899_2	Basel
Zahn-Geigy	F.		St. Albangraben 5	Basel	1870	1899	114	telefonbuch_116	PTT-Archiv, P-260-1_Basel_1899_2	Basel
Zahn-Rognon	E.	Frau	Aeschengraben 15	Basel	2303	1899	114	telefonbuch_116	PTT-Archiv, P-260-1_Basel_1899_2	Basel
Zahn & Co.			St. Albangraben 5	Basel	1869	1899	114	telefonbuch_116	PTT-Archiv, P-260-1_Basel_1899_2	Basel
Zahnärztliche Klinik		(Dr. Respinger & Dr. Ruegg)	Freiestrasse 5	Basel	1627	1899	114	telefonbuch_116	PTT-Archiv, P-260-1_Basel_1899_2	Basel
Zandt	H.	Gold- u. Silberhandlg.	Streitgasse 16	Basel	2409	1899	114	telefonbuch_116	PTT-Archiv, P-260-1_Basel_1899_2	Basel
Zaeslin-Faesch	Dan.		Allschwilerstrasse 14	Basel	2674	1899	114	telefonbuch_116	PTT-Archiv, P-260-1_Basel_1899_2	Basel
Zaeslin-Hartmann	Dl.		Eulerstrasse 77	Basel	2654	1899	114	telefonbuch_116	PTT-Archiv, P-260-1_Basel_1899_2	Basel
Zaeslin-Schiess	Marg.	Wwe.	Feierabendstrasse 46	Basel	2872	1899	114	telefonbuch_116	PTT-Archiv, P-260-1_Basel_1899_2	Basel
Zaeslin-Sulzer	Hans		Missionsstrasse 38	Basel	2582	1899	114	telefonbuch_116	PTT-Archiv, P-260-1_Basel_1899_2	Basel
Zäslin & Co.			Johanniterstrasse 17	Basel	1689	1899	114	telefonbuch_116	PTT-Archiv, P-260-1_Basel_1899_2	Basel
Zbinden	R. G.	Buchdruckerei	Rheinsprung 3	Basel	2494	1899	114	telefonbuch_116	PTT-Archiv, P-260-1_Basel_1899_2	Basel
Zehnder	J.	Bäckermeister	Sperrstrasse 5	Basel	3289	1899	114	telefonbuch_116	PTT-Archiv, P-260-1_Basel_1899_2	Basel
Zehnder-Lacher	Rob.	Gärtnermeister	Ryffstrasse 8	Basel	1515	1899	114	telefonbuch_116	PTT-Archiv, P-260-1_Basel_1899_2	Basel
Zehnle, Bussinger & Co.			Kanonengasse 11	Basel	3103	1899	114	telefonbuch_116	PTT-Archiv, P-260-1_Basel_1899_2	Basel
Zeller		Gebrüder, Brauerei	Greifengasse 24	Basel	3204	1899	114	telefonbuch_116	PTT-Archiv, P-260-1_Basel_1899_2	Basel
Zellweger	Ed.		Aeschengraben 7	Basel	2314	1899	114	telefonbuch_116	PTT-Archiv, P-260-1_Basel_1899_2	Basel
Zellweger	E.	& Co.	Rittergasse 29	Basel	1065	1899	114	telefonbuch_116	PTT-Archiv, P-260-1_Basel_1899_2	Basel
Zellweger	O.	Redaktor	Angensteinerstrasse 16	Basel	3655	1899	114	telefonbuch_116	PTT-Archiv, P-260-1_Basel_1899_2	Basel
Zellweger	Ulrich		Langegasse 43	Basel	4303	1899	114	telefonbuch_116	PTT-Archiv, P-260-1_Basel_1899_2	Basel
Zender & Meyer		Cartonnagefabrik	Steinenthorstrasse 27	Basel		1899	114	telefonbuch_116	PTT-Archiv, P-260-1_Basel_1899_2	Basel
Zickwolff	J. F.	Weinhandlung	Steinenbachgässlein 28	Basel	2418	1899	114	telefonbuch_116	PTT-Archiv, P-260-1_Basel_1899_2	Basel
Ziegler	A.	& Co., Papierfabrik		Grellingen	3900	1899	114	telefonbuch_116	PTT-Archiv, P-260-1_Basel_1899_2	Basel
Ziegler	Ed.	Dr.	Maiengasse 19	Basel	872	1899	114	telefonbuch_116	PTT-Archiv, P-260-1_Basel_1899_2	Basel
Ziegler	Jules	elektrotechnisches Installationsgeschäft	St. Albankirchrain 2	Basel	4299	1899	114	telefonbuch_116	PTT-Archiv, P-260-1_Basel_1899_2	Basel
Ziller	Fritz	Hausseifenfabrik	Mülhauserstrasse 70	Basel	1639	1899	114	telefonbuch_116	PTT-Archiv, P-260-1_Basel_1899_2	Basel
Ziller	Hans	Medicinaldroguerie vorm. F. Bélat-Studer	Aeschenvorstadt 40	Basel	1888	1899	114	telefonbuch_116	PTT-Archiv, P-260-1_Basel_1899_2	Basel
Zillig	F.	Metzger	Austrasse 109	Basel	2825	1899	115	telefonbuch_117	PTT-Archiv, P-260-1_Basel_1899_2	Basel
Zimmerlin-Bölger	G.		Peter Merianstrasse 50	Basel	3874	1899	115	telefonbuch_117	PTT-Archiv, P-260-1_Basel_1899_2	Basel
Zimmerlin, Forcart & Co.		(Nachfolger von Marcus Bölger) Schappe-Spinnerei	Rittergasse 20	Basel	1773	1899	115	telefonbuch_117	PTT-Archiv, P-260-1_Basel_1899_2	Basel
Zimmermann	A.	& Sohn, Maler	Ryffstrasse 12	Basel	1654	1899	115	telefonbuch_117	PTT-Archiv, P-260-1_Basel_1899_2	Basel
Zimmermann	E.		Pfeffingerstrasse 64	Basel	3896	1899	115	telefonbuch_117	PTT-Archiv, P-260-1_Basel_1899_2	Basel
Zinsstag	A.	Zahnarzt, Dr. D. S.	Elisabethenstrasse 15	Basel	2450	1899	115	telefonbuch_117	PTT-Archiv, P-260-1_Basel_1899_2	Basel
Zinsstag	Wilhelm	Dr.	Totentanz 11	Basel	1380	1899	115	telefonbuch_117	PTT-Archiv, P-260-1_Basel_1899_2	Basel
Zipf-Fleig	G.	Bäckermeister	Clarastrasse 53	Basel	3497	1899	115	telefonbuch_117	PTT-Archiv, P-260-1_Basel_1899_2	Basel
Zissikin-Simon	L.	Frau, Fischhandlung	Petersberg 22	Basel	1376	1899	115	telefonbuch_117	PTT-Archiv, P-260-1_Basel_1899_2	Basel
Zitt-Bressler	Jos.	Wirt	Riehenstrasse 18	Basel	3850	1899	115	telefonbuch_117	PTT-Archiv, P-260-1_Basel_1899_2	Basel
Zoller-Kälin	Nikl.	Schieferdecker	Steinenvorstadt 47	Basel	2262	1899	115	telefonbuch_117	PTT-Archiv, P-260-1_Basel_1899_2	Basel
Zoologischer Garten				Basel	2531	1899	115	telefonbuch_117	PTT-Archiv, P-260-1_Basel_1899_2	Basel
Zuber	Karl	Bäcker	Rudolfstrasse 25	Basel	945	1899	115	telefonbuch_117	PTT-Archiv, P-260-1_Basel_1899_2	Basel
Zuberbühler	J.	Weisswaren und Stickereien	Steinenberg 29	Basel	2102	1899	115	telefonbuch_117	PTT-Archiv, P-260-1_Basel_1899_2	Basel
Zuck	Josef	Zimmermeister	Dornacherstrasse 248	Basel	3766	1899	115	telefonbuch_117	PTT-Archiv, P-260-1_Basel_1899_2	Basel
Zucker	Philipp	Velo-Geschäft	Clarastrasse 17	Basel	3307	1899	115	telefonbuch_117	PTT-Archiv, P-260-1_Basel_1899_2	Basel
ZumBrunn	Adolf	Tapezierer	Leonhardstrasse 1	Basel	2749	1899	115	telefonbuch_117	PTT-Archiv, P-260-1_Basel_1899_2	Basel
Zumbühl-Roth	C.		Blauenstrasse 40	Basel	773	1899	115	telefonbuch_117	PTT-Archiv, P-260-1_Basel_1899_2	Basel
Zumkeller	Ferd.	Technisches Bureau	Birmannsgasse 21	Basel	1178	1899	115	telefonbuch_117	PTT-Archiv, P-260-1_Basel_1899_2	Basel
Zutt	Rich.	Dr., Reg.-Rat.	Allschwilerstrasse 24	Basel	3053	1899	115	telefonbuch_117	PTT-Archiv, P-260-1_Basel_1899_2	Basel
Zweifel-Bienz	Fr.		St. Johannvorstadt 74	Basel	1691	1899	115	telefonbuch_117	PTT-Archiv, P-260-1_Basel_1899_2	Basel
Zwilchenbart	A.		Centralbahnplatz 9	Basel	2252	1899	115	telefonbuch_117	PTT-Archiv, P-260-1_Basel_1899_2	Basel
Weitnauer		Cigarrenhandlg.	Schifflände 3	Basel	1356	1899	115	telefonbuch_117	PTT-Archiv, P-260-1_Basel_1899_2	Basel
Seehaus		Cigarrenhandlung	Spalenberg 62	Basel	2685	1899	115	telefonbuch_117	PTT-Archiv, P-260-1_Basel_1899_2	Basel
Filialtelegraphenbureau Clarahof			Rebgasse 1	Basel	3211	1899	115	telefonbuch_117	PTT-Archiv, P-260-1_Basel_1899_2	Basel
Schlumberger-Grisard		Cigarrenhandlung	Bahnhofstrasse 17	Basel	3464	1899	115	telefonbuch_117	PTT-Archiv, P-260-1_Basel_1899_2	Basel
Ostertag		Cigarrenhandlung	Aeschenvorstadt 2	Basel	2013	1899	115	telefonbuch_117	PTT-Archiv, P-260-1_Basel_1899_2	Basel
Wolf	Wilh.	Apotheker	St. Albanvorstadt 42	Basel	1849	1899	115	telefonbuch_117	PTT-Archiv, P-260-1_Basel_1899_2	Basel
Filialtelegraphenbureau Gundoldingen			Dornacherstrasse 124	Basel	750	1899	115	telefonbuch_117	PTT-Archiv, P-260-1_Basel_1899_2	Basel
Bettingen		Postablage		Bettingen	4316	1899	116	telefonbuch_118	PTT-Archiv, P-260-1_Basel_1899_2	Basel
Thüring	Emil	Bäcker		Ettingen	2520	1899	116	telefonbuch_118	PTT-Archiv, P-260-1_Basel_1899_2	Basel
Hochwald		Postablage		Hochwald	3900	1899	116	telefonbuch_118	PTT-Archiv, P-260-1_Basel_1899_2	Basel
Kleinhüningen		Postbureau		Kleinhüningen	3328	1899	116	telefonbuch_118	PTT-Archiv, P-260-1_Basel_1899_2	Basel
Bay		Wirt		Münchenstein	3900	1899	116	telefonbuch_118	PTT-Archiv, P-260-1_Basel_1899_2	Basel
Gasthaus zum Ochsen				Reinach	3900	1899	116	telefonbuch_118	PTT-Archiv, P-260-1_Basel_1899_2	Basel
Jäck	J. E.	Wirt		Schönenbuch	2783	1899	116	telefonbuch_118	PTT-Archiv, P-260-1_Basel_1899_2	Basel
Bassecourt		station publique communale, Bureau des télégraphes		Bassecourt		1899	117	telefonbuch_121	PTT-Archiv, P-260-1_Basel_1899_2	Basel
Berger	Gottfr.	Hôtel de la gare		Glovelier		1899	117	telefonbuch_121	PTT-Archiv, P-260-1_Basel_1899_2	Basel
Caisse d'épargne				Bassecourt		1899	117	telefonbuch_121	PTT-Archiv, P-260-1_Basel_1899_2	Basel
Courfaivre		Station communale		Courfaivre		1899	117	telefonbuch_121	PTT-Archiv, P-260-1_Basel_1899_2	Basel
Fornet-dessus		station publique communale, S. Crevoisier		Fornet-dessus		1899	117	telefonbuch_121	PTT-Archiv, P-260-1_Basel_1899_2	Basel
Glovelier		station publique communale, Bureau des télégraphes		Glovelier		1899	117	telefonbuch_121	PTT-Archiv, P-260-1_Basel_1899_2	Basel
Lajoux		Station communale (v. p. 118)		Lajoux		1899	118	telefonbuch_122	PTT-Archiv, P-260-1_Basel_1899_2	Basel
Lauby	Ed.	marchand de bois		Courfaivre		1899	118	telefonbuch_122	PTT-Archiv, P-260-1_Basel_1899_2	Basel
Manufacture suisse de vélocipèdes				Courfaivre		1899	118	telefonbuch_122	PTT-Archiv, P-260-1_Basel_1899_2	Basel
Mérat	Joseph	marchand de vins		Berlincourt		1899	118	telefonbuch_122	PTT-Archiv, P-260-1_Basel_1899_2	Basel
Parqueterie et scieries de				Bassecourt		1899	118	telefonbuch_122	PTT-Archiv, P-260-1_Basel_1899_2	Basel
Piquerez		frères, fabrique d'horlogerie		Bassecourt		1899	118	telefonbuch_122	PTT-Archiv, P-260-1_Basel_1899_2	Basel
Röthlisberger		Scierie		Glovelier		1899	118	telefonbuch_122	PTT-Archiv, P-260-1_Basel_1899_2	Basel
Saulcy		Station communale (v. p. 118)		Saulcy		1899	118	telefonbuch_122	PTT-Archiv, P-260-1_Basel_1899_2	Basel
Sauter	Wilh.	boucher		Berlincourt		1899	118	telefonbuch_122	PTT-Archiv, P-260-1_Basel_1899_2	Basel
Société d'horlogerie de				Bassecourt		1899	118	telefonbuch_122	PTT-Archiv, P-260-1_Basel_1899_2	Basel
Soulce		Station communale (v. p. 118)		Soulce		1899	118	telefonbuch_122	PTT-Archiv, P-260-1_Basel_1899_2	Basel
Tavannes Watch Co.		horlogerie		Undervelier		1899	118	telefonbuch_122	PTT-Archiv, P-260-1_Basel_1899_2	Basel
Tendon	Paul	aubergiste		Courfaivre		1899	118	telefonbuch_122	PTT-Archiv, P-260-1_Basel_1899_2	Basel
Undervelier		station publique communale	Bureau des télégraphes	Undervelier		1899	118	telefonbuch_122	PTT-Archiv, P-260-1_Basel_1899_2	Basel
Woyame	J.	Hôtel de la croix blanche		Bassecourt		1899	118	telefonbuch_122	PTT-Archiv, P-260-1_Basel_1899_2	Basel
Alcoholdépôt				Delémont		1899	120	telefonbuch_124	PTT-Archiv, P-260-1_Basel_1899_2	Basel
Banque du Jura				Delémont		1899	120	telefonbuch_124	PTT-Archiv, P-260-1_Basel_1899_2	Basel
Berbier & Helg		fabr. d'horlog.		Delémont		1899	120	telefonbuch_124	PTT-Archiv, P-260-1_Basel_1899_2	Basel
Berdat	Léon	Hôtel Ours		Courrendlin		1899	120	telefonbuch_124	PTT-Archiv, P-260-1_Basel_1899_2	Basel
Bernheim	Henri	négt.		Delémont		1899	120	telefonbuch_124	PTT-Archiv, P-260-1_Basel_1899_2	Basel
Blum	Martin	fabr. d'horlogerie		Delémont		1899	120	telefonbuch_124	PTT-Archiv, P-260-1_Basel_1899_2	Basel
Boéchat	Emile	imprimerie		Delémont		1899	120	telefonbuch_124	PTT-Archiv, P-260-1_Basel_1899_2	Basel
Bourrignon		Station communale (v. p. 124)		Bourrignon		1899	120	telefonbuch_124	PTT-Archiv, P-260-1_Basel_1899_2	Basel
Bouvier	Jules	vétérinaire		Delémont		1899	120	telefonbuch_124	PTT-Archiv, P-260-1_Basel_1899_2	Basel
Burger	Otto	boucher, Hôtel de la „Cigogne“		Delémont		1899	120	telefonbuch_124	PTT-Archiv, P-260-1_Basel_1899_2	Basel
Burkhard	J.	ferblantier		Delémont		1899	120	telefonbuch_124	PTT-Archiv, P-260-1_Basel_1899_2	Basel
Butignot	Ed.	Dr. méd.		Delémont		1899	120	telefonbuch_124	PTT-Archiv, P-260-1_Basel_1899_2	Basel
Caisse d'épargne et de crédit				Delémont		1899	120	telefonbuch_124	PTT-Archiv, P-260-1_Basel_1899_2	Basel
Caisse d'épargne				Courrendlin		1899	120	telefonbuch_124	PTT-Archiv, P-260-1_Basel_1899_2	Basel
Ceppi	Rinaldo	entrepreneur		Delémont		1899	120	telefonbuch_124	PTT-Archiv, P-260-1_Basel_1899_2	Basel
Chappuis	Ls.	avocat et notaire		Delémont		1899	120	telefonbuch_124	PTT-Archiv, P-260-1_Basel_1899_2	Basel
Choquard	J.	Co., brasserie		Delémont		1899	120	telefonbuch_124	PTT-Archiv, P-260-1_Basel_1899_2	Basel
Comptoir d'Escompte du Jura				Delémont		1899	120	telefonbuch_124	PTT-Archiv, P-260-1_Basel_1899_2	Basel
Comte	Amédée	fabricant de boîtes de montres		Courtetelle		1899	120	telefonbuch_124	PTT-Archiv, P-260-1_Basel_1899_2	Basel
Comte	Joseph	négt.		Delémont		1899	120	telefonbuch_124	PTT-Archiv, P-260-1_Basel_1899_2	Basel
Consommation				Delémont		1899	120	telefonbuch_124	PTT-Archiv, P-260-1_Basel_1899_2	Basel
Contrôle fédéral des ouvrages or et argent				Delémont		1899	120	telefonbuch_124	PTT-Archiv, P-260-1_Basel_1899_2	Basel
Courrendlin		Station communale (v. p. 124)		Courrendlin		1899	120	telefonbuch_124	PTT-Archiv, P-260-1_Basel_1899_2	Basel
Courroux		station publique communale, Loviat, A.		Courroux		1899	120	telefonbuch_124	PTT-Archiv, P-260-1_Basel_1899_2	Basel
Courtetelle		Station communale (v. p. 124)		Courtetelle		1899	120	telefonbuch_124	PTT-Archiv, P-260-1_Basel_1899_2	Basel
Coutellerie suisse				Delémont		1899	120	telefonbuch_124	PTT-Archiv, P-260-1_Basel_1899_2	Basel
Cuénat	Léon	Hôtel „Tour rouge“		Delémont		1899	120	telefonbuch_124	PTT-Archiv, P-260-1_Basel_1899_2	Basel
Develier		Station communale (v. p. 124)		Develier		1899	120	telefonbuch_124	PTT-Archiv, P-260-1_Basel_1899_2	Basel
Ederswiler		station publique communale, Dépôt de poste		Delémont		1899	121	telefonbuch_125	PTT-Archiv, P-260-1_Basel_1899_2	Basel
Eggenschwyler	Arnold	notaire		Delémont		1899	121	telefonbuch_125	PTT-Archiv, P-260-1_Basel_1899_2	Basel
Fabrique de ciment de Laufon		Filiale Bellerive		Delémont		1899	121	telefonbuch_125	PTT-Archiv, P-260-1_Basel_1899_2	Basel
Farine	Jacques	avocat		Courroux		1899	121	telefonbuch_125	PTT-Archiv, P-260-1_Basel_1899_2	Basel
Fell	Jules	restaurateur		Delémont		1899	121	telefonbuch_125	PTT-Archiv, P-260-1_Basel_1899_2	Basel
Fessenmayer	A.	pharmacien		Delémont		1899	121	telefonbuch_125	PTT-Archiv, P-260-1_Basel_1899_2	Basel
Feune	Edouard	pharmacien		Delémont		1899	121	telefonbuch_125	PTT-Archiv, P-260-1_Basel_1899_2	Basel
Fouillat	J. Ls.	entrepreneur		Delémont		1899	121	telefonbuch_125	PTT-Archiv, P-260-1_Basel_1899_2	Basel
Frey	Otto	architecte		Delémont		1899	121	telefonbuch_125	PTT-Archiv, P-260-1_Basel_1899_2	Basel
Freyvogel-Schaffter		architecte, Bains à Delémont		Delémont		1899	121	telefonbuch_125	PTT-Archiv, P-260-1_Basel_1899_2	Basel
Gendarmerie		Chef de division		Delémont		1899	121	telefonbuch_125	PTT-Archiv, P-260-1_Basel_1899_2	Basel
Gerber frères & Co.		Fabrique d'horlogerie		Delémont		1899	121	telefonbuch_125	PTT-Archiv, P-260-1_Basel_1899_2	Basel
Gerber	Jean	fils, doreur		Delémont		1899	121	telefonbuch_125	PTT-Archiv, P-260-1_Basel_1899_2	Basel
Gerspacher	Eugène	négt. en fers		Delémont		1899	121	telefonbuch_125	PTT-Archiv, P-260-1_Basel_1899_2	Basel
Girardin	J.	café de l'étoile		Courrendlin		1899	121	telefonbuch_125	PTT-Archiv, P-260-1_Basel_1899_2	Basel
Glutz-Rippstein		charcuterie		Delémont		1899	121	telefonbuch_125	PTT-Archiv, P-260-1_Basel_1899_2	Basel
Goetschel	Maurice	avocat		Delémont		1899	121	telefonbuch_125	PTT-Archiv, P-260-1_Basel_1899_2	Basel
Gouvernon	Arthur	banque		Delémont		1899	121	telefonbuch_125	PTT-Archiv, P-260-1_Basel_1899_2	Basel
Gouvernon	Arthur	domicile		Delémont		1899	121	telefonbuch_125	PTT-Archiv, P-260-1_Basel_1899_2	Basel
Gürtler	Albert	brasserie		Delémont		1899	121	telefonbuch_125	PTT-Archiv, P-260-1_Basel_1899_2	Basel
Gygax	Gottfried	scierie		Delémont		1899	121	telefonbuch_125	PTT-Archiv, P-260-1_Basel_1899_2	Basel
Hennemann	J. B.	scieries et parqueterie		Delémont		1899	121	telefonbuch_125	PTT-Archiv, P-260-1_Basel_1899_2	Basel
Hôtel du Faucon				Delémont		1899	121	telefonbuch_125	PTT-Archiv, P-260-1_Basel_1899_2	Basel
Hôtel du Soleil				Delémont		1899	121	telefonbuch_125	PTT-Archiv, P-260-1_Basel_1899_2	Basel
Hôtel Tour rouge		(L. Cuénat)		Delémont		1899	121	telefonbuch_125	PTT-Archiv, P-260-1_Basel_1899_2	Basel
Imhoff, Chs., & Co.		serruriers mécaniciens		Delémont		1899	121	telefonbuch_125	PTT-Archiv, P-260-1_Basel_1899_2	Basel
Ingénieur d'arrondissement				Delémont		1899	121	telefonbuch_125	PTT-Archiv, P-260-1_Basel_1899_2	Basel
Jacquemai		frères, mécaniciens		Delémont		1899	122	telefonbuch_126	PTT-Archiv, P-260-1_Basel_1899_2	Basel
Jardin	Léon	marchand de bois		Courrendlin		1899	122	telefonbuch_126	PTT-Archiv, P-260-1_Basel_1899_2	Basel
Jura-Simplon		chemin de fer	Gare des marchandises	Delémont		1899	122	telefonbuch_126	PTT-Archiv, P-260-1_Basel_1899_2	Basel
Kaiser	J.	Dr. méd.		Delémont		1899	122	telefonbuch_126	PTT-Archiv, P-260-1_Basel_1899_2	Basel
Lachat	G.		Hôtel Lachat	Delémont		1899	122	telefonbuch_126	PTT-Archiv, P-260-1_Basel_1899_2	Basel
Maître-Merz	Achille	restaurateur		Delémont		1899	122	telefonbuch_126	PTT-Archiv, P-260-1_Basel_1899_2	Basel
Meister-Schild			Bazar jurassien	Delémont		1899	122	telefonbuch_126	PTT-Archiv, P-260-1_Basel_1899_2	Basel
Mettemberg			Station communale (v. p. 124)	Delémont		1899	122	telefonbuch_126	PTT-Archiv, P-260-1_Basel_1899_2	Basel
Meyer	Auguste	restaurateur	Moulin-neuf	Delémont		1899	122	telefonbuch_126	PTT-Archiv, P-260-1_Basel_1899_2	Basel
Mouche	Chs.	Restaurant J. S.		Delémont		1899	122	telefonbuch_126	PTT-Archiv, P-260-1_Basel_1899_2	Basel
Mouillet	Louise	négte.		Courrendlin		1899	122	telefonbuch_126	PTT-Archiv, P-260-1_Basel_1899_2	Basel
Movelier			Station communale (v. p. 124)	Delémont		1899	122	telefonbuch_126	PTT-Archiv, P-260-1_Basel_1899_2	Basel
Municipalité			Hôtel de ville, police locale	Delémont		1899	122	telefonbuch_126	PTT-Archiv, P-260-1_Basel_1899_2	Basel
Nussbaum	Samuel	restaurateur		Delémont		1899	122	telefonbuch_126	PTT-Archiv, P-260-1_Basel_1899_2	Basel
Philippe	Fçois.	négt.		Delémont		1899	122	telefonbuch_126	PTT-Archiv, P-260-1_Basel_1899_2	Basel
Pleigne			Station communale (v. p. 124)	Delémont		1899	122	telefonbuch_126	PTT-Archiv, P-260-1_Basel_1899_2	Basel
Préfecture du district				Delémont		1899	122	telefonbuch_126	PTT-Archiv, P-260-1_Basel_1899_2	Basel
Rippstein	F. & J.	denrées coloniales		Delémont		1899	122	telefonbuch_126	PTT-Archiv, P-260-1_Basel_1899_2	Basel
Roggenburg		station publique communale	Joseph Jacquemai	Delémont		1899	122	telefonbuch_126	PTT-Archiv, P-260-1_Basel_1899_2	Basel
von Roll'sche Eisenwerke				Choindez		1899	122	telefonbuch_126	PTT-Archiv, P-260-1_Basel_1899_2	Basel
von Roll'sche Eisenwerke				Rondez		1899	122	telefonbuch_126	PTT-Archiv, P-260-1_Basel_1899_2	Basel
Rossé-Moirandat		libraire	Station publique	Delémont		1899	122	telefonbuch_126	PTT-Archiv, P-260-1_Basel_1899_2	Basel
Rüsch-Burckhardt	F.	ferme du Rohrberg		Soyhières		1899	122	telefonbuch_126	PTT-Archiv, P-260-1_Basel_1899_2	Basel
Scherrer-Burger	D.	restaurant du Soleil		Courrendlin		1899	122	telefonbuch_126	PTT-Archiv, P-260-1_Basel_1899_2	Basel
Schlesinger & Franck		fabr. d'horlog.		Delémont		1899	122	telefonbuch_126	PTT-Archiv, P-260-1_Basel_1899_2	Basel
Siegfried	Gérald	notaire		Delémont		1899	123	telefonbuch_127	PTT-Archiv, P-260-1_Basel_1899_2	Basel
Soyhières		Station communale (v. p. 124)		Delémont		1899	123	telefonbuch_127	PTT-Archiv, P-260-1_Basel_1899_2	Basel
Straehl	Auguste	serrurier		Delémont		1899	123	telefonbuch_127	PTT-Archiv, P-260-1_Basel_1899_2	Basel
Tschopp	François	boucher		Delémont		1899	123	telefonbuch_127	PTT-Archiv, P-260-1_Basel_1899_2	Basel
Ursprung	Pierre	Hôtel de la „gare“		Delémont		1899	123	telefonbuch_127	PTT-Archiv, P-260-1_Basel_1899_2	Basel
Vallat	Max	Dr. méd.		Delémont		1899	123	telefonbuch_127	PTT-Archiv, P-260-1_Basel_1899_2	Basel
Wägli	J. F.	Hôtel du „Bœuf“		Delémont		1899	123	telefonbuch_127	PTT-Archiv, P-260-1_Basel_1899_2	Basel
Weber-Ruedin		fabrique d'horlogerie		Delémont		1899	123	telefonbuch_127	PTT-Archiv, P-260-1_Basel_1899_2	Basel
Wermeille	Fçois.	Dr. méd.		Delémont		1899	123	telefonbuch_127	PTT-Archiv, P-260-1_Basel_1899_2	Basel
Rossé-Moirandat		Papeterie		Delémont		1899	124	telefonbuch_128	PTT-Archiv, P-260-1_Basel_1899_2	Basel
Kohler	Xavier	agriculteur		Bourrignon		1899	124	telefonbuch_128	PTT-Archiv, P-260-1_Basel_1899_2	Basel
Broquet	Alphonse	négt.		Courrendlin		1899	124	telefonbuch_128	PTT-Archiv, P-260-1_Basel_1899_2	Basel
Joliat	Paul	aubergiste		Courtetelle		1899	124	telefonbuch_128	PTT-Archiv, P-260-1_Basel_1899_2	Basel
Saucy	Aug.	négt.		Develier		1899	124	telefonbuch_128	PTT-Archiv, P-260-1_Basel_1899_2	Basel
Dépôt postal				Mettemberg		1899	124	telefonbuch_128	PTT-Archiv, P-260-1_Basel_1899_2	Basel
Broquet	François	agricult.		Movelier		1899	124	telefonbuch_128	PTT-Archiv, P-260-1_Basel_1899_2	Basel
Rueflin	François	régent.		Pleigne		1899	124	telefonbuch_128	PTT-Archiv, P-260-1_Basel_1899_2	Basel
Brêchet	Léon	négt. en vins		Soyhières		1899	124	telefonbuch_128	PTT-Archiv, P-260-1_Basel_1899_2	Basel
Anwil (Baselland)		Gemeindestation (s. S. 126)		Anwil		1899	125	telefonbuch_129	PTT-Archiv, P-260-1_Basel_1899_2	Basel
Buus		Gemeindestation (s. S. 126)		Buus		1899	125	telefonbuch_129	PTT-Archiv, P-260-1_Basel_1899_2	Basel
Denger	Emanuel	Agent.		Gelterkinden		1899	125	telefonbuch_129	PTT-Archiv, P-260-1_Basel_1899_2	Basel
Ersparniskassa Gelterkinden				Gelterkinden		1899	125	telefonbuch_129	PTT-Archiv, P-260-1_Basel_1899_2	Basel
Fiechter-Recher	F.	Weinhandlung		Gelterkinden		1899	125	telefonbuch_129	PTT-Archiv, P-260-1_Basel_1899_2	Basel
Flüge	Max	Bierbrauer		Gelterkinden		1899	125	telefonbuch_129	PTT-Archiv, P-260-1_Basel_1899_2	Basel
Gerster	Emil	Mechaniker		Gelterkinden		1899	125	telefonbuch_129	PTT-Archiv, P-260-1_Basel_1899_2	Basel
Gerster	Karl	Tierarzt		Gelterkinden		1899	125	telefonbuch_129	PTT-Archiv, P-260-1_Basel_1899_2	Basel
Handschin	Adolf	Gasthof z. Rössli		Gelterkinden		1899	126	telefonbuch_130	PTT-Archiv, P-260-1_Basel_1899_2	Basel
Handschin	Jakob	Metzger		Gelterkinden		1899	126	telefonbuch_130	PTT-Archiv, P-260-1_Basel_1899_2	Basel
Handschin	W.	Dr. med.		Gelterkinden		1899	126	telefonbuch_130	PTT-Archiv, P-260-1_Basel_1899_2	Basel
Kienberg (Solothurn)		Gemeindestation		Kienberg (Solothurn)		1899	126	telefonbuch_130	PTT-Archiv, P-260-1_Basel_1899_2	Basel
Maisprach		Gemeindestation		Maisprach		1899	126	telefonbuch_130	PTT-Archiv, P-260-1_Basel_1899_2	Basel
Meier	Johs.	Käser		Gelterkinden		1899	126	telefonbuch_130	PTT-Archiv, P-260-1_Basel_1899_2	Basel
Ormalingen		Gemeindestation		Ormalingen		1899	126	telefonbuch_130	PTT-Archiv, P-260-1_Basel_1899_2	Basel
Rickenbach		Gemeindestation		Rickenbach		1899	126	telefonbuch_130	PTT-Archiv, P-260-1_Basel_1899_2	Basel
Rothenfluh (Baselland)		Gemeindestation		Rothenfluh (Baselland)		1899	126	telefonbuch_130	PTT-Archiv, P-260-1_Basel_1899_2	Basel
Schäublin	H.	Dr. med.		Gelterkinden		1899	126	telefonbuch_130	PTT-Archiv, P-260-1_Basel_1899_2	Basel
Wagner		Gebrüder		Gelterkinden		1899	126	telefonbuch_130	PTT-Archiv, P-260-1_Basel_1899_2	Basel
Schaffner	Heinrich	Gemeindestation		Anwil (Baselland)		1899	126	telefonbuch_130	PTT-Archiv, P-260-1_Basel_1899_2	Basel
Schneider-Buess	Emma	Frau, Gemeindestation		Buus		1899	126	telefonbuch_130	PTT-Archiv, P-260-1_Basel_1899_2	Basel
Hürbi	Peter	Gemeindestation		Kienberg (Solothurn)		1899	126	telefonbuch_130	PTT-Archiv, P-260-1_Basel_1899_2	Basel
Vögelin	Marie	Frau, Gemeindestation		Maisprach		1899	126	telefonbuch_130	PTT-Archiv, P-260-1_Basel_1899_2	Basel
Postbureau		Gemeindestation		Ormalingen		1899	126	telefonbuch_130	PTT-Archiv, P-260-1_Basel_1899_2	Basel
Handschin	Samuel	Gemeindestation		Rickenbach		1899	126	telefonbuch_130	PTT-Archiv, P-260-1_Basel_1899_2	Basel
Rieder		Wwe, z. Hirschen, Gemeindestation		Rothenfluh (Baselland)		1899	126	telefonbuch_130	PTT-Archiv, P-260-1_Basel_1899_2	Basel
Bader	Philipp	Gemeindeschreiber		Holderbank		1899	127	telefonbuch_131	PTT-Archiv, P-260-1_Basel_1899_2	Basel
Christ-Paravicini		Dr.		Langenbruck		1899	127	telefonbuch_131	PTT-Archiv, P-260-1_Basel_1899_2	Basel
Dettwiler	Gustav	Fuhrhalter		Langenbruck		1899	127	telefonbuch_131	PTT-Archiv, P-260-1_Basel_1899_2	Basel
Dettwiler	Mart.			Bachthalen		1899	127	telefonbuch_131	PTT-Archiv, P-260-1_Basel_1899_2	Basel
Dettwiler	Theodor	zum Ochsen		Langenbruck		1899	127	telefonbuch_131	PTT-Archiv, P-260-1_Basel_1899_2	Basel
Erholungsstation Kilchzimmer				Kilchzimmer		1899	127	telefonbuch_131	PTT-Archiv, P-260-1_Basel_1899_2	Basel
Erholungsstation zum Rosengarten				Langenbruck		1899	127	telefonbuch_131	PTT-Archiv, P-260-1_Basel_1899_2	Basel
Grieder-Kunz	Heinrich	z. Bären		Langenbruck		1899	128	telefonbuch_132	PTT-Archiv, P-260-1_Basel_1899_2	Basel
Jecker	Alois	alt Schloss		Holderbank		1899	128	telefonbuch_132	PTT-Archiv, P-260-1_Basel_1899_2	Basel
Kurhaus		(Schwestern Renggli)		Langenbruck		1899	128	telefonbuch_132	PTT-Archiv, P-260-1_Basel_1899_2	Basel
Pension Schneider		(Familie Schneider)		Langenbruck		1899	128	telefonbuch_132	PTT-Archiv, P-260-1_Basel_1899_2	Basel
Pension Stäheli		(J. Stäheli-Hafen)		Langenbruck		1899	128	telefonbuch_132	PTT-Archiv, P-260-1_Basel_1899_2	Basel
Bahnhof				Läufelfingen		1899	129	telefonbuch_133	PTT-Archiv, P-260-1_Basel_1899_2	Basel
Balz	Friedr.	Kaufmann		Hauenstein		1899	129	telefonbuch_133	PTT-Archiv, P-260-1_Basel_1899_2	Basel
Balz	Friedr.	Kaufmann		Läufelfingen		1899	129	telefonbuch_133	PTT-Archiv, P-260-1_Basel_1899_2	Basel
Gypswerk Ruf & Co.				Läufelfingen		1899	129	telefonbuch_133	PTT-Archiv, P-260-1_Basel_1899_2	Basel
Häfelfingen		Gemeindestation (s. S. 130)				1899	129	telefonbuch_133	PTT-Archiv, P-260-1_Basel_1899_2	Basel
Jenny	Jak. & Aug.	Gebrüder		Kurort Ramsach		1899	129	telefonbuch_133	PTT-Archiv, P-260-1_Basel_1899_2	Basel
Kamber	Theod.	zum „Löwen“		Hauenstein		1899	129	telefonbuch_133	PTT-Archiv, P-260-1_Basel_1899_2	Basel
Kohler	Lukas	Kaufmann		Läufelfingen		1899	129	telefonbuch_133	PTT-Archiv, P-260-1_Basel_1899_2	Basel
Meyer	F.	Dr. med.		Buckten		1899	129	telefonbuch_133	PTT-Archiv, P-260-1_Basel_1899_2	Basel
Thommen	Hermann	Pension		Eptingen		1899	129	telefonbuch_133	PTT-Archiv, P-260-1_Basel_1899_2	Basel
Walser	Arnold	Milchlieferant		Wisen		1899	129	telefonbuch_133	PTT-Archiv, P-260-1_Basel_1899_2	Basel
Häfelfingen		Postablage		Läufelfingen		1899	130	telefonbuch_134	PTT-Archiv, P-260-1_Basel_1899_2	Basel
Actiengesellschaft Steinbruch Brislach			Steinbruch	Brislach		1899	132	telefonbuch_136	PTT-Archiv, P-260-1_Basel_1899_2	Basel
Amthaus				Breitenbach		1899	132	telefonbuch_136	PTT-Archiv, P-260-1_Basel_1899_2	Basel
Bachofen-Dennler	Wilh.	Bureau		Laufen		1899	132	telefonbuch_136	PTT-Archiv, P-260-1_Basel_1899_2	Basel
Bärschwil		Gemeindestation (s. S. 135)		Bärschwil		1899	132	telefonbuch_136	PTT-Archiv, P-260-1_Basel_1899_2	Basel
Bohrer	Jos.	Sägerei an der Lützel		Laufen		1899	132	telefonbuch_136	PTT-Archiv, P-260-1_Basel_1899_2	Basel
Borer-Kessler	A.	Direktor		Breitenbach		1899	132	telefonbuch_136	PTT-Archiv, P-260-1_Basel_1899_2	Basel
Bringold	Bertha	Hôtel zur Sonne		Laufen		1899	132	telefonbuch_136	PTT-Archiv, P-260-1_Basel_1899_2	Basel
Brislach		Gemeindestation (s. S. 135)		Brislach		1899	132	telefonbuch_136	PTT-Archiv, P-260-1_Basel_1899_2	Basel
Büchelin	G.	Brauerei Laufen	Delsbergerstrasse 268	Laufen		1899	132	telefonbuch_136	PTT-Archiv, P-260-1_Basel_1899_2	Basel
Burger-Kern	Ad.	Restaurant	Bahnhofstrasse 209	Laufen		1899	132	telefonbuch_136	PTT-Archiv, P-260-1_Basel_1899_2	Basel
Büsserach		Gemeindesprechstation	Schulhaus	Büsserach		1899	132	telefonbuch_136	PTT-Archiv, P-260-1_Basel_1899_2	Basel
Cementfabrik		Basler		Dittingen		1899	132	telefonbuch_136	PTT-Archiv, P-260-1_Basel_1899_2	Basel
Cement- und Kalkwerk Liesberg		Gebr. Gresly, Martz & Co.		Liesbergmühle		1899	132	telefonbuch_136	PTT-Archiv, P-260-1_Basel_1899_2	Basel
Cueni	Ignaz		Steinbruch Schachenthal	Laufen		1899	132	telefonbuch_136	PTT-Archiv, P-260-1_Basel_1899_2	Basel
Cueni	Ignaz			Röschenz		1899	132	telefonbuch_136	PTT-Archiv, P-260-1_Basel_1899_2	Basel
Dittingen		Gemeindestation (s. S. 135)		Dittingen		1899	132	telefonbuch_136	PTT-Archiv, P-260-1_Basel_1899_2	Basel
Doppler	Alphons	Dr.		Breitenbach		1899	132	telefonbuch_136	PTT-Archiv, P-260-1_Basel_1899_2	Basel
Erschwil		Gemeindestation (s. S. 135)		Erschwil		1899	132	telefonbuch_136	PTT-Archiv, P-260-1_Basel_1899_2	Basel
Fehren		Gemeindestation (s. S. 135)		Fehren		1899	132	telefonbuch_136	PTT-Archiv, P-260-1_Basel_1899_2	Basel
Feninger-Spital des Amtsbezirks Laufen			Vorstadt 26	Laufen		1899	132	telefonbuch_136	PTT-Archiv, P-260-1_Basel_1899_2	Basel
Fritschi	Fr.	Bahnhofrestauration		Zwingen		1899	132	telefonbuch_136	PTT-Archiv, P-260-1_Basel_1899_2	Basel
Gerster	Alphons	Gasthof z. Lamm	Hauptstrasse 15	Laufen		1899	132	telefonbuch_136	PTT-Archiv, P-260-1_Basel_1899_2	Basel
Grindel		Gemeindestation (s. S. 135)		Grindel		1899	132	telefonbuch_136	PTT-Archiv, P-260-1_Basel_1899_2	Basel
Guyer-Scherrer	J.	Bierdépôt	beim Bahnhof	Laufen		1899	132	telefonbuch_136	PTT-Archiv, P-260-1_Basel_1899_2	Basel
Haas	A.	Amtsnotar	im Hof A 273	Laufen		1899	133	telefonbuch_137	PTT-Archiv, P-260-1_Basel_1899_2	Basel
Haberthür	Theophil			Breitenbach		1899	133	telefonbuch_137	PTT-Archiv, P-260-1_Basel_1899_2	Basel
Halbeisen	A.	Amtsnotar	Bahnhofstrasse 214	Laufen		1899	133	telefonbuch_137	PTT-Archiv, P-260-1_Basel_1899_2	Basel
Haltner	Heinrich	Tierarzt		Laufen		1899	133	telefonbuch_137	PTT-Archiv, P-260-1_Basel_1899_2	Basel
Hartmann-Schaltenbrand	J.	Metzgerei zum Löwen	Hauptstrasse 81	Laufen		1899	133	telefonbuch_137	PTT-Archiv, P-260-1_Basel_1899_2	Basel
Hôtel Lamm	Alph. Gerster		Hauptstrasse 15	Laufen		1899	133	telefonbuch_137	PTT-Archiv, P-260-1_Basel_1899_2	Basel
Hôtel Ochsen	G. Meyer		Delsbergervorstadt 288	Laufen		1899	133	telefonbuch_137	PTT-Archiv, P-260-1_Basel_1899_2	Basel
Hôtel Sonne	Bertha Bringold			Laufen		1899	133	telefonbuch_137	PTT-Archiv, P-260-1_Basel_1899_2	Basel
Hôtel weisses Kreuz	Wwe M. Roth			Breitenbach		1899	133	telefonbuch_137	PTT-Archiv, P-260-1_Basel_1899_2	Basel
Hydraulische Kalk- und Gypsfabrik			Bureau beim Bahnhof	Bärschwil		1899	133	telefonbuch_137	PTT-Archiv, P-260-1_Basel_1899_2	Basel
Imhof	Jos.	Mineralwasserfabr.	Hauptstrasse 55	Laufen		1899	133	telefonbuch_137	PTT-Archiv, P-260-1_Basel_1899_2	Basel
Jermann-Gisiger	J.	Café du Jura	Bahnhofstrasse 217	Laufen		1899	133	telefonbuch_137	PTT-Archiv, P-260-1_Basel_1899_2	Basel
Kern	Joseph	Confiseur	Grosse Strasse 86/87	Laufen		1899	133	telefonbuch_137	PTT-Archiv, P-260-1_Basel_1899_2	Basel
Kleiber	J. J.	Dr. med.	Brückenstrasse 196	Laufen		1899	133	telefonbuch_137	PTT-Archiv, P-260-1_Basel_1899_2	Basel
Kleinlützel		Gemeindestation (s. S. 135)		Kleinlützel		1899	133	telefonbuch_137	PTT-Archiv, P-260-1_Basel_1899_2	Basel
Klipfel	Carl	& Cie., Presshefefabrik		Laufen		1899	133	telefonbuch_137	PTT-Archiv, P-260-1_Basel_1899_2	Basel
Laufen		Gemeindesprechstation	Jos. Kern, Confiseur	Laufen		1899	133	telefonbuch_137	PTT-Archiv, P-260-1_Basel_1899_2	Basel
Laufenthaler Portland-Cement-Fabrik Zwingen				Zwingen		1899	133	telefonbuch_137	PTT-Archiv, P-260-1_Basel_1899_2	Basel
Marti	A.	Dr.		Laufen		1899	133	telefonbuch_137	PTT-Archiv, P-260-1_Basel_1899_2	Basel
Mechanische Schlosserei Kleinlützel				Kleinlützel		1899	133	telefonbuch_137	PTT-Archiv, P-260-1_Basel_1899_2	Basel
Meier-Meier	J.	Wein- u. Spezereihdlg.	Hauptstrasse 89	Laufen		1899	133	telefonbuch_137	PTT-Archiv, P-260-1_Basel_1899_2	Basel
Meier	Reinhard	Baumeister	Bahnhofstrasse 309	Laufen		1899	133	telefonbuch_137	PTT-Archiv, P-260-1_Basel_1899_2	Basel
Meltingen		Gemeindesprechstation	Post- u. Telegraphenbureau	Meltingen		1899	133	telefonbuch_137	PTT-Archiv, P-260-1_Basel_1899_2	Basel
Meyer-Burger	A.	Epicerie, Mercerie	Brückenstrasse 195	Laufen		1899	133	telefonbuch_137	PTT-Archiv, P-260-1_Basel_1899_2	Basel
Meyer	G.	zum Ochsen	Delsbergervorstadt 288	Laufen		1899	133	telefonbuch_137	PTT-Archiv, P-260-1_Basel_1899_2	Basel
Miesch-Roth	A.	zur Post		Büsserach		1899	133	telefonbuch_137	PTT-Archiv, P-260-1_Basel_1899_2	Basel
Nunningen		Gemeindesprechstation	St. Josefsanstalt	Nunningen		1899	134	telefonbuch_138	PTT-Archiv, P-260-1_Basel_1899_2	Basel
Portlandcementfabrik			Bureau	Laufen		1899	134	telefonbuch_138	PTT-Archiv, P-260-1_Basel_1899_2	Basel
Postbureau				Laufen		1899	134	telefonbuch_138	PTT-Archiv, P-260-1_Basel_1899_2	Basel
Röschenz		Gemeindestation (s. S. 135)		Röschenz		1899	134	telefonbuch_138	PTT-Archiv, P-260-1_Basel_1899_2	Basel
Roth	Marie	Wwe., z. weissen Kreuz		Breitenbach		1899	134	telefonbuch_138	PTT-Archiv, P-260-1_Basel_1899_2	Basel
Scholer	J.	& Sohn, Eisenhandlung	Hauptstrasse	Laufen		1899	134	telefonbuch_138	PTT-Archiv, P-260-1_Basel_1899_2	Basel
Scholer	L.	Fürsprech	Röschenzerstrasse 294	Laufen		1899	134	telefonbuch_138	PTT-Archiv, P-260-1_Basel_1899_2	Basel
Schumacher	Aug.	Metzger	Hauptstrasse 55c	Laufen		1899	134	telefonbuch_138	PTT-Archiv, P-260-1_Basel_1899_2	Basel
Statthalter- und Richteramt Laufen			Rathaus	Laufen		1899	134	telefonbuch_138	PTT-Archiv, P-260-1_Basel_1899_2	Basel
Steiner	Emil	Bauunternehmer	Rennimatt 17	Laufen		1899	134	telefonbuch_138	PTT-Archiv, P-260-1_Basel_1899_2	Basel
Thonwarenfabrik Laufen			Bureau	Laufen		1899	134	telefonbuch_138	PTT-Archiv, P-260-1_Basel_1899_2	Basel
Vereinsdruckerei Laufen			Rennimatt 17 D	Laufen		1899	134	telefonbuch_138	PTT-Archiv, P-260-1_Basel_1899_2	Basel
Wahlen		Gemeindestation (s. S. 135)		Wahlen		1899	134	telefonbuch_138	PTT-Archiv, P-260-1_Basel_1899_2	Basel
Zullwil		Gemeindestation (s. S. 135)		Zullwil		1899	134	telefonbuch_138	PTT-Archiv, P-260-1_Basel_1899_2	Basel
Kern	Joseph	Confiseur, II. Oeffentliche Sprechstation	Grosse Strasse 86/87	Laufen		1899	134	telefonbuch_138	PTT-Archiv, P-260-1_Basel_1899_2	Basel
Fringeli	J. Val.			Bärschwil		1899	135	telefonbuch_139	PTT-Archiv, P-260-1_Basel_1899_2	Basel
Postablage				Brislach		1899	135	telefonbuch_139	PTT-Archiv, P-260-1_Basel_1899_2	Basel
Jermann	Frid.	Wirt		Dittingen		1899	135	telefonbuch_139	PTT-Archiv, P-260-1_Basel_1899_2	Basel
Saner	E.	Ammann		Erschwil		1899	135	telefonbuch_139	PTT-Archiv, P-260-1_Basel_1899_2	Basel
Ackermann	M.	Kantonsrat		Fehren		1899	135	telefonbuch_139	PTT-Archiv, P-260-1_Basel_1899_2	Basel
Postablage				Grindel		1899	135	telefonbuch_139	PTT-Archiv, P-260-1_Basel_1899_2	Basel
Gasthof zum Engel				Kleinlützel		1899	135	telefonbuch_139	PTT-Archiv, P-260-1_Basel_1899_2	Basel
Cueni	Simon	zum Rössli		Röschenz		1899	135	telefonbuch_139	PTT-Archiv, P-260-1_Basel_1899_2	Basel
Schmidlin	A.	Gemeindepräs.		Wahlen		1899	135	telefonbuch_139	PTT-Archiv, P-260-1_Basel_1899_2	Basel
Borer	J.	zum Ochsen		Zullwil		1899	135	telefonbuch_139	PTT-Archiv, P-260-1_Basel_1899_2	Basel
Arisdorf		Gemeindestation (s. S. 140)		Arisdorf		1899	136	telefonbuch_140	PTT-Archiv, P-260-1_Basel_1899_2	Basel
Bächle	Fritz	Zimmermeister	Arisdorferstrasse 144	Liestal		1899	137	telefonbuch_141	PTT-Archiv, P-260-1_Basel_1899_2	Basel
Barth	Louis	Eisenwarenhandlung	Rheinstrasse 47/48	Liestal		1899	137	telefonbuch_141	PTT-Archiv, P-260-1_Basel_1899_2	Basel
Baudirektion		kantonale	Regierungsgebäude	Liestal		1899	137	telefonbuch_141	PTT-Archiv, P-260-1_Basel_1899_2	Basel
Bloch's (Nath.) Söhne			Sichternweg 180	Liestal		1899	137	telefonbuch_141	PTT-Archiv, P-260-1_Basel_1899_2	Basel
Bollag	Max	Dr. med.	Rathausstrasse 185	Liestal		1899	137	telefonbuch_141	PTT-Archiv, P-260-1_Basel_1899_2	Basel
Bossardt-Brunner	E.	zum Bären		Lausen		1899	137	telefonbuch_141	PTT-Archiv, P-260-1_Basel_1899_2	Basel
Brauerei Brodbeck			Kasernenstrasse 49	Liestal		1899	137	telefonbuch_141	PTT-Archiv, P-260-1_Basel_1899_2	Basel
Brodbeck & Co.		zum „Landschäftler“	Rathausstrasse 197	Liestal		1899	137	telefonbuch_141	PTT-Archiv, P-260-1_Basel_1899_2	Basel
Brodtbeck	Adolf	zur Feldsäge	Rheinstrasse 80	Liestal		1899	137	telefonbuch_141	PTT-Archiv, P-260-1_Basel_1899_2	Basel
Brodtbeck	Th.	Sohn, Konditorei	Rathausstrasse 164	Liestal		1899	137	telefonbuch_141	PTT-Archiv, P-260-1_Basel_1899_2	Basel
Brodtbeck	Wilh.	Portland-Cement- und Kunststein-Fabrik	Rheinstrasse 79	Liestal		1899	137	telefonbuch_141	PTT-Archiv, P-260-1_Basel_1899_2	Basel
Brüderlin-Geiger	F. W.		Rheinstrasse 56	Liestal		1899	137	telefonbuch_141	PTT-Archiv, P-260-1_Basel_1899_2	Basel
Brüderlin & Flubacher		Eisengiesserei	Ergolzstrasse 84	Liestal		1899	137	telefonbuch_141	PTT-Archiv, P-260-1_Basel_1899_2	Basel
Büren (Solothurn)			Gemeindestation (s. S. 140)	Büren		1899	137	telefonbuch_141	PTT-Archiv, P-260-1_Basel_1899_2	Basel
Bürgin	G.	elektro-mechanische Werkstätte	Oristhalstrasse 91	Liestal		1899	137	telefonbuch_141	PTT-Archiv, P-260-1_Basel_1899_2	Basel
Bussmann	Theod.	Buttersiederei u. Seifefabrik		Frenkendorf		1899	137	telefonbuch_141	PTT-Archiv, P-260-1_Basel_1899_2	Basel
Cretin	E.	Eisen- u. Messinggiesserei	Thiergartenweg 29	Liestal		1899	137	telefonbuch_141	PTT-Archiv, P-260-1_Basel_1899_2	Basel
Dill	Th.	Zahnarzt	Rheinstrasse 145	Liestal		1899	137	telefonbuch_141	PTT-Archiv, P-260-1_Basel_1899_2	Basel
Erzer & Co.	Ad.	Eisengesellschaft		Seewen		1899	137	telefonbuch_141	PTT-Archiv, P-260-1_Basel_1899_2	Basel
Erzer	Theodor	Tierarzt, zum Rössli		Seewen		1899	137	telefonbuch_141	PTT-Archiv, P-260-1_Basel_1899_2	Basel
Feuerwehrkommando Liestal		(Traug. Brodbeck)	Oristhalstrasse 92	Liestal		1899	137	telefonbuch_141	PTT-Archiv, P-260-1_Basel_1899_2	Basel
Floretspinnerei Ringwald		Aktiengesellschaft		Niederschönthal		1899	137	telefonbuch_141	PTT-Archiv, P-260-1_Basel_1899_2	Basel
Flubacher	Carl			Bad Bubendorf		1899	137	telefonbuch_141	PTT-Archiv, P-260-1_Basel_1899_2	Basel
Flubacher	M.	Sägemühle	Ergolzstrasse 103	Liestal		1899	137	telefonbuch_141	PTT-Archiv, P-260-1_Basel_1899_2	Basel
Flury	Emil			Bad Schauenburg		1899	137	telefonbuch_141	PTT-Archiv, P-260-1_Basel_1899_2	Basel
Gas- und Wasserwerk Basel		Aufseher		Seewen		1899	137	telefonbuch_141	PTT-Archiv, P-260-1_Basel_1899_2	Basel
Gautschi	Ad.	zum „Rössli“		Füllinsdorf		1899	137	telefonbuch_141	PTT-Archiv, P-260-1_Basel_1899_2	Basel
Gelpke-Hägler		Dr. med.	Schwiereweg	Liestal		1899	138	telefonbuch_142	PTT-Archiv, P-260-1_Basel_1899_2	Basel
Gemeindekanzlei		(Gemeinderat)	Rathausstrasse 183	Liestal		1899	138	telefonbuch_142	PTT-Archiv, P-260-1_Basel_1899_2	Basel
Grieder	Louis	Metzger und Wirt, zur „Kanone“	Rathausstrasse 159	Liestal		1899	138	telefonbuch_142	PTT-Archiv, P-260-1_Basel_1899_2	Basel
Güterexpedition			Bahnhof Liestal	Liestal		1899	138	telefonbuch_142	PTT-Archiv, P-260-1_Basel_1899_2	Basel
Gutzwiller	H. A.	Dr. med.	Oristhalstrasse 41	Liestal		1899	138	telefonbuch_142	PTT-Archiv, P-260-1_Basel_1899_2	Basel
Gysin	A.	Dr., Advokaturbureau	Thiergartenweg 20	Liestal		1899	138	telefonbuch_142	PTT-Archiv, P-260-1_Basel_1899_2	Basel
Gysin-Hägler	J.	Metzger und Wirt	Rathausstrasse 198	Liestal		1899	138	telefonbuch_142	PTT-Archiv, P-260-1_Basel_1899_2	Basel
Gysin	J.	Weinhandlung	Rheinstrasse 147	Liestal		1899	138	telefonbuch_142	PTT-Archiv, P-260-1_Basel_1899_2	Basel
Hägler	Ch.	Mühle		Lausen		1899	138	telefonbuch_142	PTT-Archiv, P-260-1_Basel_1899_2	Basel
Hägler	H.	Restaurant „Balance“	Kasernenstrasse 9	Liestal		1899	138	telefonbuch_142	PTT-Archiv, P-260-1_Basel_1899_2	Basel
Hägler-Martin	Wilh.	zum Rebstock		Frenkendorf		1899	138	telefonbuch_142	PTT-Archiv, P-260-1_Basel_1899_2	Basel
Handschin	Albert		Rheinstrasse 63	Liestal		1899	138	telefonbuch_142	PTT-Archiv, P-260-1_Basel_1899_2	Basel
Handschin & Ronus			Fabrik Benzbur	Liestal		1899	138	telefonbuch_142	PTT-Archiv, P-260-1_Basel_1899_2	Basel
Hartmann-Plattner	Th.	Hôtel Engel		Liestal		1899	138	telefonbuch_142	PTT-Archiv, P-260-1_Basel_1899_2	Basel
Hersperger	Wilhelm	Kaufmann		Büren (Solothurn)		1899	138	telefonbuch_142	PTT-Archiv, P-260-1_Basel_1899_2	Basel
Holinger	August	Eisen- und Eisenwarenhandlung	Rathausstrasse 161	Liestal		1899	138	telefonbuch_142	PTT-Archiv, P-260-1_Basel_1899_2	Basel
Hôtel Bahnhof		(J. Peyer)		Liestal		1899	138	telefonbuch_142	PTT-Archiv, P-260-1_Basel_1899_2	Basel
Hôtel Engel		(Th. Hartmann)		Liestal		1899	138	telefonbuch_142	PTT-Archiv, P-260-1_Basel_1899_2	Basel
Hôtel Falken		(Ed. Iffrig)		Liestal		1899	138	telefonbuch_142	PTT-Archiv, P-260-1_Basel_1899_2	Basel
Hypothekenbank		Basellandschaftliche		Liestal		1899	138	telefonbuch_142	PTT-Archiv, P-260-1_Basel_1899_2	Basel
Iffrig	Eduard	Hôtel Falken		Liestal		1899	138	telefonbuch_142	PTT-Archiv, P-260-1_Basel_1899_2	Basel
Iselin & Co.	A.			Niederschönthal		1899	138	telefonbuch_142	PTT-Archiv, P-260-1_Basel_1899_2	Basel
Jourdan	Hans	Metzger und Wirt	Kanonengasse 48	Liestal		1899	138	telefonbuch_142	PTT-Archiv, P-260-1_Basel_1899_2	Basel
Kantine		(K. Fricker-Heierle)		Liestal		1899	138	telefonbuch_142	PTT-Archiv, P-260-1_Basel_1899_2	Basel
Kantonalbank		Basellandschaftliche		Liestal		1899	138	telefonbuch_142	PTT-Archiv, P-260-1_Basel_1899_2	Basel
Kaserne				Liestal		1899	138	telefonbuch_142	PTT-Archiv, P-260-1_Basel_1899_2	Basel
Kibiger-Brüderlin	N.		Kurhaus Bienenberg	Liestal		1899	138	telefonbuch_142	PTT-Archiv, P-260-1_Basel_1899_2	Basel
Köttgen	F.	Schuhfabrik	Gerberstrasse 52	Liestal		1899	138	telefonbuch_142	PTT-Archiv, P-260-1_Basel_1899_2	Basel
Krankenhaus		Kantonales		Liestal		1899	138	telefonbuch_142	PTT-Archiv, P-260-1_Basel_1899_2	Basel
Kubli-Seiler		Arzt, z. „Wildenmann“		Frenkendorf		1899	138	telefonbuch_142	PTT-Archiv, P-260-1_Basel_1899_2	Basel
Künzli-Gfeller	Ls.			Lausen		1899	138	telefonbuch_142	PTT-Archiv, P-260-1_Basel_1899_2	Basel
Landeskanzlei			Regierungsgebäude	Liestal		1899	139	telefonbuch_143	PTT-Archiv, P-260-1_Basel_1899_2	Basel
Lüdin		Gebrüder	Schützenstrasse 163	Liestal		1899	139	telefonbuch_143	PTT-Archiv, P-260-1_Basel_1899_2	Basel
Mangold-Schaffner	Erwin	Metzger und Wirt	Kasernenstrasse 116	Liestal		1899	139	telefonbuch_143	PTT-Archiv, P-260-1_Basel_1899_2	Basel
Mesmer	J. J.	Destillerie, Liqueurfabrikation	Oristhalstrass 82	Liestal		1899	139	telefonbuch_143	PTT-Archiv, P-260-1_Basel_1899_2	Basel
Meyer	August	Eisenwarenhandlung	Rathausstrasse 184	Liestal		1899	139	telefonbuch_143	PTT-Archiv, P-260-1_Basel_1899_2	Basel
Meyer	E.	Dr. med.		Frenkendorf		1899	139	telefonbuch_143	PTT-Archiv, P-260-1_Basel_1899_2	Basel
Meyer	J.	Brauerei Ziegelhof	Zeughausplatz 15	Liestal		1899	139	telefonbuch_143	PTT-Archiv, P-260-1_Basel_1899_2	Basel
Obergerichtskanzlei			Regierungsgebäude	Liestal		1899	139	telefonbuch_143	PTT-Archiv, P-260-1_Basel_1899_2	Basel
Peter & Co.	Konrad		Gasstrasse 35	Liestal		1899	139	telefonbuch_143	PTT-Archiv, P-260-1_Basel_1899_2	Basel
Peter	V.	Dr. med.	Rheinstrasse 1	Liestal		1899	139	telefonbuch_143	PTT-Archiv, P-260-1_Basel_1899_2	Basel
Peyer	J.	Hôtel Bahnhof		Liestal		1899	139	telefonbuch_143	PTT-Archiv, P-260-1_Basel_1899_2	Basel
Pletscher	Ed.	Baumeister	Bahnhofstrasse 175	Liestal		1899	139	telefonbuch_143	PTT-Archiv, P-260-1_Basel_1899_2	Basel
Polizeiposten		Kantonspolizei		Liestal		1899	139	telefonbuch_143	PTT-Archiv, P-260-1_Basel_1899_2	Basel
Postbureau				Liestal		1899	139	telefonbuch_143	PTT-Archiv, P-260-1_Basel_1899_2	Basel
Prader	August		Orishof	Liestal		1899	139	telefonbuch_143	PTT-Archiv, P-260-1_Basel_1899_2	Basel
Regennass	Hch.	Fuhrhalter	Gasstrasse 30	Liestal		1899	139	telefonbuch_143	PTT-Archiv, P-260-1_Basel_1899_2	Basel
Regierung von Baselland			Regierungsgebäude	Liestal		1899	139	telefonbuch_143	PTT-Archiv, P-260-1_Basel_1899_2	Basel
Reist	J. F.	Käsehandlung	Amtshausgasse 115	Liestal		1899	139	telefonbuch_143	PTT-Archiv, P-260-1_Basel_1899_2	Basel
Ritter	Gustav		Bahnhofplatz	Liestal		1899	139	telefonbuch_143	PTT-Archiv, P-260-1_Basel_1899_2	Basel
Roniger	Th.		Fischmarkt 236	Liestal		1899	139	telefonbuch_143	PTT-Archiv, P-260-1_Basel_1899_2	Basel
Roth-Tüller	L.		Sichternweg 182 a	Liestal		1899	139	telefonbuch_143	PTT-Archiv, P-260-1_Basel_1899_2	Basel
Sauer		Gebrüder, Baumeister	Kasernenstrasse 93	Liestal		1899	139	telefonbuch_143	PTT-Archiv, P-260-1_Basel_1899_2	Basel
Scholer Söhne		Seidenbandweberei	Rheinstrasse 127	Liestal		1899	139	telefonbuch_143	PTT-Archiv, P-260-1_Basel_1899_2	Basel
Schuhfabrik Liestal		F. Köttgen	Gerberstrasse 52	Liestal		1899	139	telefonbuch_143	PTT-Archiv, P-260-1_Basel_1899_2	Basel
Schwob-Preiswerk		Weinhandlung	Kasernenstrasse 97	Liestal		1899	139	telefonbuch_143	PTT-Archiv, P-260-1_Basel_1899_2	Basel
Senn, Hiltbold & Co.			Rathausstrasse 156	Liestal		1899	139	telefonbuch_143	PTT-Archiv, P-260-1_Basel_1899_2	Basel
Spinnler-Strübin	F.			Frenkendorf		1899	140	telefonbuch_144	PTT-Archiv, P-260-1_Basel_1899_2	Basel
Spinnler & Co.		Dr., Farben- und Firnis-Fabrik	Oristhalstrasse 53	Liestal		1899	140	telefonbuch_144	PTT-Archiv, P-260-1_Basel_1899_2	Basel
Spital			Rheinstrasse 117	Liestal		1899	140	telefonbuch_144	PTT-Archiv, P-260-1_Basel_1899_2	Basel
Statthalteramt Liestal			Amtshausgasse 9	Liestal		1899	140	telefonbuch_144	PTT-Archiv, P-260-1_Basel_1899_2	Basel
Stutz	Daniel	zur „Eintracht“	Rheinstrasse 21	Liestal		1899	140	telefonbuch_144	PTT-Archiv, P-260-1_Basel_1899_2	Basel
Stutz	J.	Advokatur-Bureau	Schützenstrasse 166	Liestal		1899	140	telefonbuch_144	PTT-Archiv, P-260-1_Basel_1899_2	Basel
von Sury	Alphons		Unterackert	Seewen		1899	140	telefonbuch_144	PTT-Archiv, P-260-1_Basel_1899_2	Basel
Thommen	Hermann		Orismühle	Liestal		1899	140	telefonbuch_144	PTT-Archiv, P-260-1_Basel_1899_2	Basel
Troesch	Theodor	Kaufmann		Seewen		1899	140	telefonbuch_144	PTT-Archiv, P-260-1_Basel_1899_2	Basel
Tüller	Louis	zur Schützenstube	Rathausstrasse 194	Liestal		1899	140	telefonbuch_144	PTT-Archiv, P-260-1_Basel_1899_2	Basel
Velofabrik Liestal			Thiergartenweg 31	Liestal		1899	140	telefonbuch_144	PTT-Archiv, P-260-1_Basel_1899_2	Basel
Voegelin-Furler	Theod.	z. „Kreuz“		Bubendorf		1899	140	telefonbuch_144	PTT-Archiv, P-260-1_Basel_1899_2	Basel
Weber	W.	Metzger und Wirt	Amtshausgasse 8	Liestal		1899	140	telefonbuch_144	PTT-Archiv, P-260-1_Basel_1899_2	Basel
Kunz	Theophil	zum Stab, Gemeindestation		Arisdorf		1899	140	telefonbuch_144	PTT-Archiv, P-260-1_Basel_1899_2	Basel
Postbureau		Gemeindestation		Büren (Solothurn)		1899	140	telefonbuch_144	PTT-Archiv, P-260-1_Basel_1899_2	Basel
Banque populaire				Moutier		1899	141	telefonbuch_145	PTT-Archiv, P-260-1_Basel_1899_2	Basel
Bernheim	Maurice	négt.		Moutier		1899	141	telefonbuch_145	PTT-Archiv, P-260-1_Basel_1899_2	Basel
Burger	Joseph	restaurateur		Moutier		1899	141	telefonbuch_145	PTT-Archiv, P-260-1_Basel_1899_2	Basel
Caisse d'épargne du district				Moutier		1899	141	telefonbuch_145	PTT-Archiv, P-260-1_Basel_1899_2	Basel
Corcelles		station publique communale A. Dedie		Corcelles		1899	141	telefonbuch_145	PTT-Archiv, P-260-1_Basel_1899_2	Basel
Crémines		Station communale (v. p. 143)		Crémines		1899	141	telefonbuch_145	PTT-Archiv, P-260-1_Basel_1899_2	Basel
Delévaux		notaire		Moutier		1899	141	telefonbuch_145	PTT-Archiv, P-260-1_Basel_1899_2	Basel
Girod	Victor	"Hôtel de la ""Gare"""		Moutier		1899	142	telefonbuch_146	PTT-Archiv, P-260-1_Basel_1899_2	Basel
Grandpierre	E.	verrerie, Bureau		Moutier		1899	142	telefonbuch_146	PTT-Archiv, P-260-1_Basel_1899_2	Basel
Grandry de	R.			Moutier		1899	142	telefonbuch_146	PTT-Archiv, P-260-1_Basel_1899_2	Basel
Imhoff	Ad.	librairie, Station publique		Moutier		1899	142	telefonbuch_146	PTT-Archiv, P-260-1_Basel_1899_2	Basel
Industrielle		société, Fabrique d'horlogerie		Moutier		1899	142	telefonbuch_146	PTT-Archiv, P-260-1_Basel_1899_2	Basel
Industrielle		société, Habitation Heutschi		Moutier		1899	142	telefonbuch_146	PTT-Archiv, P-260-1_Basel_1899_2	Basel
Junker	N.	constructions mécaniques		Moutier		1899	142	telefonbuch_146	PTT-Archiv, P-260-1_Basel_1899_2	Basel
Kenel	F.	& Co., tuilerie		Moutier		1899	142	telefonbuch_146	PTT-Archiv, P-260-1_Basel_1899_2	Basel
Mamie	J. B.	Café national		Moutier		1899	142	telefonbuch_146	PTT-Archiv, P-260-1_Basel_1899_2	Basel
Moschard	Auguste	avocat		Moutier		1899	142	telefonbuch_146	PTT-Archiv, P-260-1_Basel_1899_2	Basel
Préfecture du district				Moutier		1899	142	telefonbuch_146	PTT-Archiv, P-260-1_Basel_1899_2	Basel
Roll		usine de, tuilerie		Moutier		1899	142	telefonbuch_146	PTT-Archiv, P-260-1_Basel_1899_2	Basel
Rougemont et Gorgé		fabrique d'horlogerie		Moutier		1899	142	telefonbuch_146	PTT-Archiv, P-260-1_Basel_1899_2	Basel
Schluep	A.	"Hôtel du ""Cerf"""		Moutier		1899	142	telefonbuch_146	PTT-Archiv, P-260-1_Basel_1899_2	Basel
Sperisen	Victor	marchand de bois		Moutier		1899	142	telefonbuch_146	PTT-Archiv, P-260-1_Basel_1899_2	Basel
Imhoff	Ad.	Station publique, Librairie		Moutier		1899	142	telefonbuch_146	PTT-Archiv, P-260-1_Basel_1899_2	Basel
Spart	Victor	Mr., menuisier, Station communale		Crémines		1899	143	telefonbuch_147	PTT-Archiv, P-260-1_Basel_1899_2	Basel
Abattoirs municipaux				Porrentruy		1899	144	telefonbuch_148	PTT-Archiv, P-260-1_Basel_1899_2	Basel
Administration du Journal „Le Peuple“			Rue de la préfecture	Porrentruy		1899	144	telefonbuch_148	PTT-Archiv, P-260-1_Basel_1899_2	Basel
Amuat	Albert	fabrique d'horlogerie	Prés Tavannes	Porrentruy		1899	144	telefonbuch_148	PTT-Archiv, P-260-1_Basel_1899_2	Basel
Asuel		Station communale (v. p. 149)		Porrentruy		1899	144	telefonbuch_148	PTT-Archiv, P-260-1_Basel_1899_2	Basel
Bailly	J.	vétérinaire		Cœuve		1899	145	telefonbuch_149	PTT-Archiv, P-260-1_Basel_1899_2	Basel
Balimann	Erneste	avocat	Hôtel des Halles	Porrentruy		1899	145	telefonbuch_149	PTT-Archiv, P-260-1_Basel_1899_2	Basel
Bannwart-Donzelot		Feuerwehrhauptmann	Faubourg de France	Porrentruy		1899	145	telefonbuch_149	PTT-Archiv, P-260-1_Basel_1899_2	Basel
Banque cantonale			Rue de la préfecture	Porrentruy		1899	145	telefonbuch_149	PTT-Archiv, P-260-1_Basel_1899_2	Basel
Banque populaire suisse			Faubourg de Montbéliard	Porrentruy		1899	145	telefonbuch_149	PTT-Archiv, P-260-1_Basel_1899_2	Basel
Berret	François	Hôtel „Boeuf“		Cornol		1899	145	telefonbuch_149	PTT-Archiv, P-260-1_Basel_1899_2	Basel
Beurnevésain			Station communale (v. p. 149)	Beurnevésain		1899	145	telefonbuch_149	PTT-Archiv, P-260-1_Basel_1899_2	Basel
Bigard	François	commerce de chevaux	Route de Coeuve	Porrentruy		1899	145	telefonbuch_149	PTT-Archiv, P-260-1_Basel_1899_2	Basel
Bigenwald & Rossé		négociants		Porrentruy		1899	145	telefonbuch_149	PTT-Archiv, P-260-1_Basel_1899_2	Basel
Blétry & Matt		négt.	Rue cheval blanc	Porrentruy		1899	145	telefonbuch_149	PTT-Archiv, P-260-1_Basel_1899_2	Basel
Boncourt		Municipalité	Bureau des télégraphes	Boncourt		1899	145	telefonbuch_149	PTT-Archiv, P-260-1_Basel_1899_2	Basel
Bonfol		Municipalité	Corps de garde	Bonfol		1899	145	telefonbuch_149	PTT-Archiv, P-260-1_Basel_1899_2	Basel
Bouèle	J. B.	aubergiste		Courgenay		1899	145	telefonbuch_149	PTT-Archiv, P-260-1_Basel_1899_2	Basel
Bouvier	François	représentant	Rue de la préfecture	Porrentruy		1899	145	telefonbuch_149	PTT-Archiv, P-260-1_Basel_1899_2	Basel
Bressaucourt		Municipalité	M. Oeuvray	Bressaucourt		1899	145	telefonbuch_149	PTT-Archiv, P-260-1_Basel_1899_2	Basel
Brossard & Kohler		manufacture de chaussures	Route de Coeuve	Porrentruy		1899	145	telefonbuch_149	PTT-Archiv, P-260-1_Basel_1899_2	Basel
Buchwalder	François	boucher	Rue de l'église	Porrentruy		1899	145	telefonbuch_149	PTT-Archiv, P-260-1_Basel_1899_2	Basel
Buix			Station communale (v. p. 149)	Buix		1899	145	telefonbuch_149	PTT-Archiv, P-260-1_Basel_1899_2	Basel
Bure		Municipalité	Jules Piquerez	Bure		1899	145	telefonbuch_149	PTT-Archiv, P-260-1_Basel_1899_2	Basel
Burrus	François	député		Boncourt		1899	145	telefonbuch_149	PTT-Archiv, P-260-1_Basel_1899_2	Basel
Burrus	J. B.		Route de Courtedoux	Porrentruy		1899	145	telefonbuch_149	PTT-Archiv, P-260-1_Basel_1899_2	Basel
Busson	Vve.	Hôtel trois poissons		Courchavon		1899	145	telefonbuch_149	PTT-Archiv, P-260-1_Basel_1899_2	Basel
Cassal	J. B.	négt.	Rue du marché	Porrentruy		1899	145	telefonbuch_149	PTT-Archiv, P-260-1_Basel_1899_2	Basel
Cauvin	Charles	restaurant de l'Etoile		Porrentruy		1899	145	telefonbuch_149	PTT-Archiv, P-260-1_Basel_1899_2	Basel
Ceppi	Ernest	Dr. méd.		Porrentruy		1899	145	telefonbuch_149	PTT-Archiv, P-260-1_Basel_1899_2	Basel
Chalverat	J.	avocat	ancien Hôtel de l'ours	Porrentruy		1899	145	telefonbuch_149	PTT-Archiv, P-260-1_Basel_1899_2	Basel
Chapuis	Alfred	fournitures d'horlog.	Rue des malvoisins	Porrentruy		1899	145	telefonbuch_149	PTT-Archiv, P-260-1_Basel_1899_2	Basel
Chapuis		Dr. méd.	Rue des malvoisins	Porrentruy		1899	145	telefonbuch_149	PTT-Archiv, P-260-1_Basel_1899_2	Basel
Chapuis	Paul	notaire		Porrentruy		1899	145	telefonbuch_149	PTT-Archiv, P-260-1_Basel_1899_2	Basel
Charmoille			Station communale (v. p. 149)	Charmoille		1899	145	telefonbuch_149	PTT-Archiv, P-260-1_Basel_1899_2	Basel
Chatelain	Ernest	fabricant		Porrentruy		1899	145	telefonbuch_149	PTT-Archiv, P-260-1_Basel_1899_2	Basel
Chavanne, Kohler & Cie.		Rédaction du „Jura“		Porrentruy		1899	145	telefonbuch_149	PTT-Archiv, P-260-1_Basel_1899_2	Basel
Chevenez			Station communale (v. p. 149)	Chevenez		1899	145	telefonbuch_149	PTT-Archiv, P-260-1_Basel_1899_2	Basel
Choffat & Co.		banquiers	Rue de la préfecture	Porrentruy		1899	145	telefonbuch_149	PTT-Archiv, P-260-1_Basel_1899_2	Basel
Choquard	Jos.	& Co., Brasserie		Porrentruy		1899	146	telefonbuch_150	PTT-Archiv, P-260-1_Basel_1899_2	Basel
Coeuve		Station communale (v. p. 150)		Coeuve		1899	146	telefonbuch_150	PTT-Archiv, P-260-1_Basel_1899_2	Basel
Contrôle fédéral des ouvrages d'or et d'argent				Porrentruy		1899	146	telefonbuch_150	PTT-Archiv, P-260-1_Basel_1899_2	Basel
Coopération bruntrutaine				Porrentruy		1899	146	telefonbuch_150	PTT-Archiv, P-260-1_Basel_1899_2	Basel
Corbat	Simon	fabricant d'horlogerie		Vendlincourt		1899	146	telefonbuch_150	PTT-Archiv, P-260-1_Basel_1899_2	Basel
Coullery frères		fabricants d'horlogerie		Fontenais		1899	146	telefonbuch_150	PTT-Archiv, P-260-1_Basel_1899_2	Basel
Courbat	J.	boucher	Rue du bourg	Porrentruy		1899	146	telefonbuch_150	PTT-Archiv, P-260-1_Basel_1899_2	Basel
Courtedoux		Station communale (v. p. 150)		Courtedoux		1899	146	telefonbuch_150	PTT-Archiv, P-260-1_Basel_1899_2	Basel
Courtemaiche		Station communale (v. p. 150)		Courtemaiche		1899	146	telefonbuch_150	PTT-Archiv, P-260-1_Basel_1899_2	Basel
Crevoisier		Dr. méd.		Porrentruy		1899	146	telefonbuch_150	PTT-Archiv, P-260-1_Basel_1899_2	Basel
Cuenat	Henri	avocat	Faubourg de Belfort	Porrentruy		1899	146	telefonbuch_150	PTT-Archiv, P-260-1_Basel_1899_2	Basel
Déboeuf	Emile	Hôtel Suisse		Courgenay		1899	146	telefonbuch_150	PTT-Archiv, P-260-1_Basel_1899_2	Basel
Donzelot	Victor	négociant	Rue du marché	Porrentruy		1899	146	telefonbuch_150	PTT-Archiv, P-260-1_Basel_1899_2	Basel
Dubail	Jules	fabricant	Route de Courtedoux	Porrentruy		1899	146	telefonbuch_150	PTT-Archiv, P-260-1_Basel_1899_2	Basel
Dubail	Louis	négociant	Rue de la Cigogne	Porrentruy		1899	146	telefonbuch_150	PTT-Archiv, P-260-1_Basel_1899_2	Basel
Ecabert	Aug.	grands magasins de la cigogne		Porrentruy		1899	146	telefonbuch_150	PTT-Archiv, P-260-1_Basel_1899_2	Basel
Ecabert	François	„ au meilleur marché “		Porrentruy		1899	146	telefonbuch_150	PTT-Archiv, P-260-1_Basel_1899_2	Basel
Ecole cantonale			Collège	Porrentruy		1899	146	telefonbuch_150	PTT-Archiv, P-260-1_Basel_1899_2	Basel
Etienne	Vve.	(Hôtel cheval blanc)		Porrentruy		1899	146	telefonbuch_150	PTT-Archiv, P-260-1_Basel_1899_2	Basel
Fahy		Station communale (v. p. 150)		Fahy		1899	146	telefonbuch_150	PTT-Archiv, P-260-1_Basel_1899_2	Basel
Fattet	Jos.	Tuilerie		Bonfol		1899	146	telefonbuch_150	PTT-Archiv, P-260-1_Basel_1899_2	Basel
Fattet	Jos.	Dépôt		Porrentruy, gare		1899	146	telefonbuch_150	PTT-Archiv, P-260-1_Basel_1899_2	Basel
Favey-Jeanneret		camionnage officiel du J.S.		Porrentruy		1899	146	telefonbuch_150	PTT-Archiv, P-260-1_Basel_1899_2	Basel
Favrot	C.	buffet de la gare		Porrentruy		1899	146	telefonbuch_150	PTT-Archiv, P-260-1_Basel_1899_2	Basel
Fleury	Albert	négociant		Porrentruy		1899	146	telefonbuch_150	PTT-Archiv, P-260-1_Basel_1899_2	Basel
Fonderie de Cornol				Cornol		1899	146	telefonbuch_150	PTT-Archiv, P-260-1_Basel_1899_2	Basel
Fontenais		Municipalité	L. Contesse	Fontenais		1899	146	telefonbuch_150	PTT-Archiv, P-260-1_Basel_1899_2	Basel
Frégiécourt		Station communale (v. p. 150)		Frégiécourt		1899	147	telefonbuch_151	PTT-Archiv, P-260-1_Basel_1899_2	Basel
Frei & Wyttenbach		vins	Faubourg de France	Porrentruy		1899	147	telefonbuch_151	PTT-Archiv, P-260-1_Basel_1899_2	Basel
Fridez	Veuve	"""Hôtel Suisse"""	Rue de la préfecture	Porrentruy		1899	147	telefonbuch_151	PTT-Archiv, P-260-1_Basel_1899_2	Basel
Gall	Roussel	fabricant d'horlogerie		Porrentruy		1899	147	telefonbuch_151	PTT-Archiv, P-260-1_Basel_1899_2	Basel
Gendarmerie cantonale			Faubourg de France	Porrentruy		1899	147	telefonbuch_151	PTT-Archiv, P-260-1_Basel_1899_2	Basel
Gerber	A.	Dr. méd.		Bonfol		1899	147	telefonbuch_151	PTT-Archiv, P-260-1_Basel_1899_2	Basel
Gigon	M.	pharmacie	Rue du marché	Porrentruy		1899	147	telefonbuch_151	PTT-Archiv, P-260-1_Basel_1899_2	Basel
Gindrat	Victor	négt.	Grande rue	Porrentruy		1899	147	telefonbuch_151	PTT-Archiv, P-260-1_Basel_1899_2	Basel
Gogniat	Simon	(Hôtel de la gare)	Avenue de la gare	Porrentruy		1899	147	telefonbuch_151	PTT-Archiv, P-260-1_Basel_1899_2	Basel
Grandfontaine		Station communale (v. p. 150)		Grandfontaine		1899	147	telefonbuch_151	PTT-Archiv, P-260-1_Basel_1899_2	Basel
Grenouillet	Léon	march. de vin	Route de Courtedoux	Porrentruy		1899	147	telefonbuch_151	PTT-Archiv, P-260-1_Basel_1899_2	Basel
Guillerey	J.	vétérinaire	Grande rue	Porrentruy		1899	147	telefonbuch_151	PTT-Archiv, P-260-1_Basel_1899_2	Basel
Henry	Jos.	vins		Lugnez		1899	147	telefonbuch_151	PTT-Archiv, P-260-1_Basel_1899_2	Basel
Henzelin	Victor	négotiant		Coeuve		1899	147	telefonbuch_151	PTT-Archiv, P-260-1_Basel_1899_2	Basel
Hôpital civil du district				Porrentruy		1899	147	telefonbuch_151	PTT-Archiv, P-260-1_Basel_1899_2	Basel
Hôtel Boeuf		(F. Berret)		Cornol		1899	147	telefonbuch_151	PTT-Archiv, P-260-1_Basel_1899_2	Basel
Hôtel cheval blanc		(Vve. Etienne)	Rue cheval blanc	Porrentruy		1899	147	telefonbuch_151	PTT-Archiv, P-260-1_Basel_1899_2	Basel
Hôtel gare		(S. Gogniat)	Avenue de la gare	Porrentruy		1899	147	telefonbuch_151	PTT-Archiv, P-260-1_Basel_1899_2	Basel
Hôtel Lützelhof		(Richard)		Lucelle		1899	147	telefonbuch_151	PTT-Archiv, P-260-1_Basel_1899_2	Basel
Hôtel Montterrible		(J. B. Bouèle)		Courgenay		1899	147	telefonbuch_151	PTT-Archiv, P-260-1_Basel_1899_2	Basel
Hôtel National		(Leonardi)	Avenue de la gare	Porrentruy		1899	147	telefonbuch_151	PTT-Archiv, P-260-1_Basel_1899_2	Basel
Hôtel Suisse		(Vve. Jos. Fridez)	Rue de la préfecture	Porrentruy		1899	147	telefonbuch_151	PTT-Archiv, P-260-1_Basel_1899_2	Basel
Hôtel Suisse		(E. Déboeuf)		Courgenay		1899	147	telefonbuch_151	PTT-Archiv, P-260-1_Basel_1899_2	Basel
Hôtel trois poissons		(Vve. Busson)		Courchavon		1899	147	telefonbuch_151	PTT-Archiv, P-260-1_Basel_1899_2	Basel
Houlmann	Ed.	Dr. méd.		Porrentruy		1899	147	telefonbuch_151	PTT-Archiv, P-260-1_Basel_1899_2	Basel
Hublard & Co.		manufacture de chaussures	Allée des soupirs	Porrentruy		1899	147	telefonbuch_151	PTT-Archiv, P-260-1_Basel_1899_2	Basel
Hublard	Jos.	agence Haasenstein & Vogler	Rue des malvoisins	Porrentruy		1899	147	telefonbuch_151	PTT-Archiv, P-260-1_Basel_1899_2	Basel
Hubleur		pharmacie		Porrentruy		1899	147	telefonbuch_151	PTT-Archiv, P-260-1_Basel_1899_2	Basel
Husson	Albert	notaire	Rue de l'église	Porrentruy		1899	147	telefonbuch_151	PTT-Archiv, P-260-1_Basel_1899_2	Basel
Joly	Charles	vins	Route Courgenay	Porrentruy		1899	147	telefonbuch_151	PTT-Archiv, P-260-1_Basel_1899_2	Basel
Juillard	Emile	fabr. d'horlogerie	Avenue des tilleuls	Porrentruy		1899	147	telefonbuch_151	PTT-Archiv, P-260-1_Basel_1899_2	Basel
Jura-Simplon		chemin de fer	Gare	Porrentruy		1899	147	telefonbuch_151	PTT-Archiv, P-260-1_Basel_1899_2	Basel
Kohler-Dubail			Rue des bêches	Porrentruy		1899	147	telefonbuch_151	PTT-Archiv, P-260-1_Basel_1899_2	Basel
Lachat	Felix	commerce de beurre et de fromage	Grande rue	Porrentruy		1899	148	telefonbuch_152	PTT-Archiv, P-260-1_Basel_1899_2	Basel
Lachat	François	commerce de bois		Charmoille		1899	148	telefonbuch_152	PTT-Archiv, P-260-1_Basel_1899_2	Basel
Lang	Louis	fabricant d'horlogerie	Prés Tavannes	Porrentruy		1899	148	telefonbuch_152	PTT-Archiv, P-260-1_Basel_1899_2	Basel
Leonardi		Hôtel National	Avenue de la gare	Porrentruy		1899	148	telefonbuch_152	PTT-Archiv, P-260-1_Basel_1899_2	Basel
„Lion“		manufacture d'horlogerie, (succ. Albert Kenel & Co.)	Faubourg de France	Porrentruy		1899	148	telefonbuch_152	PTT-Archiv, P-260-1_Basel_1899_2	Basel
Lussy	Emile	ingénieur	Avenue de la gare	Porrentruy		1899	148	telefonbuch_152	PTT-Archiv, P-260-1_Basel_1899_2	Basel
Maillat	Jos.			Regional Porrentruy-Bonfol		1899	148	telefonbuch_152	PTT-Archiv, P-260-1_Basel_1899_2	Basel
Manufacture de tabacs				Boncourt		1899	148	telefonbuch_152	PTT-Archiv, P-260-1_Basel_1899_2	Basel
Marquis		Imprimerie	Grande rue	Porrentruy		1899	148	telefonbuch_152	PTT-Archiv, P-260-1_Basel_1899_2	Basel
Mercay	Eugène	menuiserie mécanique	Route de Fontenais	Porrentruy		1899	148	telefonbuch_152	PTT-Archiv, P-260-1_Basel_1899_2	Basel
Metthée	Jules	fabricant	Route de Fontenais	Porrentruy		1899	148	telefonbuch_152	PTT-Archiv, P-260-1_Basel_1899_2	Basel
Miécourt			Station communale (v. p. 150)	Miécourt		1899	148	telefonbuch_152	PTT-Archiv, P-260-1_Basel_1899_2	Basel
Milliet	S.	représentant	Rue de la préfecture	Porrentruy		1899	148	telefonbuch_152	PTT-Archiv, P-260-1_Basel_1899_2	Basel
Monnin	J. B.		Rue du gravier	Porrentruy		1899	148	telefonbuch_152	PTT-Archiv, P-260-1_Basel_1899_2	Basel
Montignez			Station communale (v. p. 150)	Montignez		1899	148	telefonbuch_152	PTT-Archiv, P-260-1_Basel_1899_2	Basel
Mouche	J.	notaire	Rue du Bourg	Porrentruy		1899	148	telefonbuch_152	PTT-Archiv, P-260-1_Basel_1899_2	Basel
Municipalité			Hôtel de ville	Porrentruy		1899	148	telefonbuch_152	PTT-Archiv, P-260-1_Basel_1899_2	Basel
Orphelinat du district			Château	Porrentruy		1899	148	telefonbuch_152	PTT-Archiv, P-260-1_Basel_1899_2	Basel
Perrot & Co.		vins	Route de Courgenay	Porrentruy		1899	148	telefonbuch_152	PTT-Archiv, P-260-1_Basel_1899_2	Basel
Perrot	Gustave	Café du „Raisin“		Porrentruy		1899	148	telefonbuch_152	PTT-Archiv, P-260-1_Basel_1899_2	Basel
Petignat	Jacques	fils, fabricant d'horlogerie, Restaurant fleur de Lys		Alle		1899	148	telefonbuch_152	PTT-Archiv, P-260-1_Basel_1899_2	Basel
Petitjean	A.	Hôtel Lützelhof		Lucelle		1899	148	telefonbuch_152	PTT-Archiv, P-260-1_Basel_1899_2	Basel
Philipp-Baumgartner		scierie à vapeur		Porrentruy		1899	148	telefonbuch_152	PTT-Archiv, P-260-1_Basel_1899_2	Basel
Pinaton	Ernest	boucher		Porrentruy		1899	148	telefonbuch_152	PTT-Archiv, P-260-1_Basel_1899_2	Basel
Police locale			Hôtel de ville	Porrentruy		1899	148	telefonbuch_152	PTT-Archiv, P-260-1_Basel_1899_2	Basel
Postes		ville		Porrentruy		1899	148	telefonbuch_152	PTT-Archiv, P-260-1_Basel_1899_2	Basel
Postes		transit		Porrentruy		1899	148	telefonbuch_152	PTT-Archiv, P-260-1_Basel_1899_2	Basel
Préfecture du district			Rue de la préfecture	Porrentruy		1899	148	telefonbuch_152	PTT-Archiv, P-260-1_Basel_1899_2	Basel
Reclère		Municipalité, Veuve Comment		Reclère		1899	148	telefonbuch_152	PTT-Archiv, P-260-1_Basel_1899_2	Basel
Rocourt		Municipalité, François Jubin		Rocourt		1899	148	telefonbuch_152	PTT-Archiv, P-260-1_Basel_1899_2	Basel
Salomon	Benj.	mercerie et tissus	Rue de l'église	Porrentruy		1899	149	telefonbuch_153	PTT-Archiv, P-260-1_Basel_1899_2	Basel
Schmider		Brasserie	Route de Courtedoux	Porrentruy		1899	149	telefonbuch_153	PTT-Archiv, P-260-1_Basel_1899_2	Basel
Schmoll	Léopold	Commerce de chevaux	Route de Courtedoux	Porrentruy		1899	149	telefonbuch_153	PTT-Archiv, P-260-1_Basel_1899_2	Basel
Simon, Burger & Gressot		fabrique d'horlogerie	Avenue de la gare	Porrentruy		1899	149	telefonbuch_153	PTT-Archiv, P-260-1_Basel_1899_2	Basel
Société d'horlogerie				Porrentruy		1899	149	telefonbuch_153	PTT-Archiv, P-260-1_Basel_1899_2	Basel
Société typographique			Rue du Bourg	Porrentruy		1899	149	telefonbuch_153	PTT-Archiv, P-260-1_Basel_1899_2	Basel
Sommer	J.	commerce de fromage et de beurre	Grande rue	Porrentruy		1899	149	telefonbuch_153	PTT-Archiv, P-260-1_Basel_1899_2	Basel
Türberg	Xavier	imprimerie	Rue du Bourg	Porrentruy		1899	149	telefonbuch_153	PTT-Archiv, P-260-1_Basel_1899_2	Basel
Ulmann frères		confections	Grande rue	Porrentruy		1899	149	telefonbuch_153	PTT-Archiv, P-260-1_Basel_1899_2	Basel
Usine à gaz				Porrentruy		1899	149	telefonbuch_153	PTT-Archiv, P-260-1_Basel_1899_2	Basel
Vallat	Maurice	architecte		Porrentruy		1899	149	telefonbuch_153	PTT-Archiv, P-260-1_Basel_1899_2	Basel
Varrin-Comment		fabr. d'horlogerie	Route Courtedoux	Porrentruy		1899	149	telefonbuch_153	PTT-Archiv, P-260-1_Basel_1899_2	Basel
Varrin	Etienne	fabr. de boîtes		Fontenais		1899	149	telefonbuch_153	PTT-Archiv, P-260-1_Basel_1899_2	Basel
Vendlincourt		Municipalité, Doyon, J., aubergiste		Vendlincourt		1899	149	telefonbuch_153	PTT-Archiv, P-260-1_Basel_1899_2	Basel
Viatte	G.	Dr. méd.		Porrentruy		1899	149	telefonbuch_153	PTT-Archiv, P-260-1_Basel_1899_2	Basel
Villars-sur-Fontenais		Municipalité, J. Créchard		Villars-sur-Fontenais		1899	149	telefonbuch_153	PTT-Archiv, P-260-1_Basel_1899_2	Basel
Weill-Hagenauer		ameublements	Grande rue	Porrentruy		1899	149	telefonbuch_153	PTT-Archiv, P-260-1_Basel_1899_2	Basel
Wilhem	A.	Dr. méd.	Grande rue	Porrentruy		1899	149	telefonbuch_153	PTT-Archiv, P-260-1_Basel_1899_2	Basel
Asuel		Bureau des postes		Asuel		1899	149	telefonbuch_153	PTT-Archiv, P-260-1_Basel_1899_2	Basel
Beurnevésain		Guenat, C., aubergiste		Beurnevésain		1899	149	telefonbuch_153	PTT-Archiv, P-260-1_Basel_1899_2	Basel
Buix		Guelat, J., aubergiste		Buix		1899	149	telefonbuch_153	PTT-Archiv, P-260-1_Basel_1899_2	Basel
Charmoille		Bureau des postes		Charmoille		1899	149	telefonbuch_153	PTT-Archiv, P-260-1_Basel_1899_2	Basel
Chevenez		B. Borruat		Chevenez		1899	149	telefonbuch_153	PTT-Archiv, P-260-1_Basel_1899_2	Basel
Ribeaud		aubergiste		Cœuve		1899	150	telefonbuch_154	PTT-Archiv, P-260-1_Basel_1899_2	Basel
Maillat	E.	aubergiste		Courtedoux		1899	150	telefonbuch_154	PTT-Archiv, P-260-1_Basel_1899_2	Basel
Galeuchet	J.	maire		Courtemaiche		1899	150	telefonbuch_154	PTT-Archiv, P-260-1_Basel_1899_2	Basel
Bureau des postes				Fahy		1899	150	telefonbuch_154	PTT-Archiv, P-260-1_Basel_1899_2	Basel
Métille	J.	aubergiste		Frégiécourt		1899	150	telefonbuch_154	PTT-Archiv, P-260-1_Basel_1899_2	Basel
Bureau des postes				Grandfontaine		1899	150	telefonbuch_154	PTT-Archiv, P-260-1_Basel_1899_2	Basel
Chapuis	F.	aubergiste		Miécourt		1899	150	telefonbuch_154	PTT-Archiv, P-260-1_Basel_1899_2	Basel
Moine	E.	aubergiste		Montignez		1899	150	telefonbuch_154	PTT-Archiv, P-260-1_Basel_1899_2	Basel
Gemeindesprechstation	Reinhard	Althaus, Wirt		Bretzwil		1899	151	telefonbuch_155	PTT-Archiv, P-260-1_Basel_1899_2	Basel
Erzer	R.	Arzt		Reigoldswil		1899	151	telefonbuch_155	PTT-Archiv, P-260-1_Basel_1899_2	Basel
Gysin-Schneider	Ad.	Bäckerei und Handlung		Reigoldswil		1899	151	telefonbuch_155	PTT-Archiv, P-260-1_Basel_1899_2	Basel
Jundt-Roth	E.	Bäckerei und Wirtschaft		Reigoldswil		1899	151	telefonbuch_155	PTT-Archiv, P-260-1_Basel_1899_2	Basel
Gemeindestation		(s. S. 152)		Lauwil		1899	151	telefonbuch_155	PTT-Archiv, P-260-1_Basel_1899_2	Basel
Müller	Albin	Gasthaus zur „Blume“		Bretzwil		1899	152	telefonbuch_156	PTT-Archiv, P-260-1_Basel_1899_2	Basel
Plattner	Ferd.	Gasthaus z. „Sonne“		Reigoldswil		1899	152	telefonbuch_156	PTT-Archiv, P-260-1_Basel_1899_2	Basel
Rosenmund-Hiltbold	T.	Mühle		Ziefen		1899	152	telefonbuch_156	PTT-Archiv, P-260-1_Basel_1899_2	Basel
Schneider	G.	Weinhandlung		Reigoldswil		1899	152	telefonbuch_156	PTT-Archiv, P-260-1_Basel_1899_2	Basel
Titterten		Gemeindestation (s. S. 152)				1899	152	telefonbuch_156	PTT-Archiv, P-260-1_Basel_1899_2	Basel
Weber-Hägler	Heinr.	Handlung		Reigoldswil		1899	152	telefonbuch_156	PTT-Archiv, P-260-1_Basel_1899_2	Basel
Aarg. Rettungs-Anstalt Pestalozzi-stiftung				Olsberg		1899	153	telefonbuch_157	PTT-Archiv, P-260-1_Basel_1899_2	Basel
Aktienbrauerei zum Feldschlösschen		Roniger, Direktor		Rheinfelden	430	1899	153	telefonbuch_157	PTT-Archiv, P-260-1_Basel_1899_2	Basel
Badarmenanstalt			Salinenstrasse 634	Rheinfelden		1899	154	telefonbuch_158	PTT-Archiv, P-260-1_Basel_1899_2	Basel
Bauer-Billet	A.	Metzger	Marktgasse 57	Rheinfelden		1899	154	telefonbuch_158	PTT-Archiv, P-260-1_Basel_1899_2	Basel
Baumer	E.	Gasthaus zum Ochsen		Rheinfelden		1899	154	telefonbuch_158	PTT-Archiv, P-260-1_Basel_1899_2	Basel
Bezirksamt Rheinfelden			Amthaus	Rheinfelden		1899	154	telefonbuch_158	PTT-Archiv, P-260-1_Basel_1899_2	Basel
Bollag		Wwe, z. Rheinfelder Warenhalle		Rheinfelden	354	1899	154	telefonbuch_158	PTT-Archiv, P-260-1_Basel_1899_2	Basel
Dietschy	J. V.	Hôtel zur Krone		Rheinfelden		1899	154	telefonbuch_158	PTT-Archiv, P-260-1_Basel_1899_2	Basel
Dietschy	J. V.	Hôtel des salines		Rheinfelden		1899	154	telefonbuch_158	PTT-Archiv, P-260-1_Basel_1899_2	Basel
Dietschy	J. V.	Villa du Parc		Rheinfelden		1899	154	telefonbuch_158	PTT-Archiv, P-260-1_Basel_1899_2	Basel
Doge	Louis	zur Probstei	Kirchplatz 307	Rheinfelden		1899	154	telefonbuch_158	PTT-Archiv, P-260-1_Basel_1899_2	Basel
Doge & Co.		Cigarrenfabrik	Kunzenthal 381	Rheinfelden		1899	154	telefonbuch_158	PTT-Archiv, P-260-1_Basel_1899_2	Basel
Ersparniskasse Rheinfelden			Marktgasse 99	Rheinfelden		1899	154	telefonbuch_158	PTT-Archiv, P-260-1_Basel_1899_2	Basel
Fass-Fabrik Rheinfelden		(Peter Hedderich)	Breitmattweg 574	Rheinfelden		1899	154	telefonbuch_158	PTT-Archiv, P-260-1_Basel_1899_2	Basel
Frey	Emil	Dr.		Möhlin		1899	154	telefonbuch_158	PTT-Archiv, P-260-1_Basel_1899_2	Basel
Gamper-Waldmeyer	A.	Architekt		Möhlin		1899	154	telefonbuch_158	PTT-Archiv, P-260-1_Basel_1899_2	Basel
Gersbach-Lenzi	G.	Tierarzt	Marktgasse 100	Rheinfelden		1899	154	telefonbuch_158	PTT-Archiv, P-260-1_Basel_1899_2	Basel
Günther-Zschokke	Karl		Tempelstrasse 52	Rheinfelden		1899	154	telefonbuch_158	PTT-Archiv, P-260-1_Basel_1899_2	Basel
Hellikon		Gemeindestation (s. S. 157)		Hellikon		1899	154	telefonbuch_158	PTT-Archiv, P-260-1_Basel_1899_2	Basel
Herzog-Hofbauer	J.	Dr. med., Arzt		Möhlin		1899	154	telefonbuch_158	PTT-Archiv, P-260-1_Basel_1899_2	Basel
Hess	J.	Baumeister		Rheinfelden	372	1899	154	telefonbuch_158	PTT-Archiv, P-260-1_Basel_1899_2	Basel
Heuberger-Erny			Hôtel Schiff	Rheinfelden		1899	154	telefonbuch_158	PTT-Archiv, P-260-1_Basel_1899_2	Basel
Hôtel Bahnhof		(Zimmermann)		Rheinfelden	397	1899	154	telefonbuch_158	PTT-Archiv, P-260-1_Basel_1899_2	Basel
Hôtel Engel		(H. Oertli-Meier)		Rheinfelden		1899	154	telefonbuch_158	PTT-Archiv, P-260-1_Basel_1899_2	Basel
Hôtel Krone		(J. V. Dietschy)		Rheinfelden		1899	154	telefonbuch_158	PTT-Archiv, P-260-1_Basel_1899_2	Basel
Hôtel Ochsen		(E. Baumer)		Rheinfelden		1899	154	telefonbuch_158	PTT-Archiv, P-260-1_Basel_1899_2	Basel
Hôtel des salines		(J. V. Dietschy)		Rheinfelden		1899	154	telefonbuch_158	PTT-Archiv, P-260-1_Basel_1899_2	Basel
Hôtel Schiff		(Heuberger-Erny)		Rheinfelden		1899	154	telefonbuch_158	PTT-Archiv, P-260-1_Basel_1899_2	Basel
Hôtel Schützen		(Fr. Kottmann)		Rheinfelden		1899	154	telefonbuch_158	PTT-Archiv, P-260-1_Basel_1899_2	Basel
Hôtel Sonne		(Tröndle-Waldmeyer)		Möhlin		1899	154	telefonbuch_158	PTT-Archiv, P-260-1_Basel_1899_2	Basel
Keller	Dr. H.		Salinenstrasse 670	Rheinfelden		1899	155	telefonbuch_159	PTT-Archiv, P-260-1_Basel_1899_2	Basel
Kottmann	Fr.	Hôtel z. „Schützen“		Rheinfelden	403	1899	155	telefonbuch_159	PTT-Archiv, P-260-1_Basel_1899_2	Basel
Kraftübertragungswerke Rheinfelden		(Direktion)	Kasino, Marktgasse	Rheinfelden		1899	155	telefonbuch_159	PTT-Archiv, P-260-1_Basel_1899_2	Basel
Kraftübertragungswerke Rheinfelden		(Bureau des Leitungsingenieurs)	Theodorshof	Rheinfelden		1899	155	telefonbuch_159	PTT-Archiv, P-260-1_Basel_1899_2	Basel
Liewen	M.	Tabakfabrik	Stadtweg 400	Rheinfelden		1899	155	telefonbuch_159	PTT-Archiv, P-260-1_Basel_1899_2	Basel
von Liliencron	C.	Apotheke zum eidg. Kreuz	Kirchplatz 300	Rheinfelden		1899	155	telefonbuch_159	PTT-Archiv, P-260-1_Basel_1899_2	Basel
Metzger	Franz	Wirt & Handlung		Ryburg		1899	155	telefonbuch_159	PTT-Archiv, P-260-1_Basel_1899_2	Basel
Meyer-Keller	E.	Metzger	Gaissgasse 171	Rheinfelden		1899	155	telefonbuch_159	PTT-Archiv, P-260-1_Basel_1899_2	Basel
Gemeindesprechstation			E. Mahrer, Coiffeur	Möhlin		1899	155	telefonbuch_159	PTT-Archiv, P-260-1_Basel_1899_2	Basel
Oertli-Meyer	Heinrich		Hôtel Engel	Rheinfelden		1899	155	telefonbuch_159	PTT-Archiv, P-260-1_Basel_1899_2	Basel
Gemeindestation		(s. S. 157)		Olsberg		1899	155	telefonbuch_159	PTT-Archiv, P-260-1_Basel_1899_2	Basel
Polizeichef			Rathaus	Rheinfelden		1899	155	telefonbuch_159	PTT-Archiv, P-260-1_Basel_1899_2	Basel
Roniger-Blatt	Th.		Bel Air	Rheinfelden		1899	155	telefonbuch_159	PTT-Archiv, P-260-1_Basel_1899_2	Basel
Rüsch	Adolf	Metzger	Marktgasse 72	Rheinfelden		1899	155	telefonbuch_159	PTT-Archiv, P-260-1_Basel_1899_2	Basel
Rüsch	Gustav	Metzger und Wirt zur „Blume“		Magden		1899	155	telefonbuch_159	PTT-Archiv, P-260-1_Basel_1899_2	Basel
Salmenbräu Rheinfelden	C. Habich-Dietschy		Bureau Kloos	Rheinfelden		1899	155	telefonbuch_159	PTT-Archiv, P-260-1_Basel_1899_2	Basel
Salmenbräu Rheinfelden	C. Habich-Dietschy		Wirtschaft z. Salmen	Rheinfelden		1899	155	telefonbuch_159	PTT-Archiv, P-260-1_Basel_1899_2	Basel
Salmenbräu Rheinfelden	C. Habich-Dietschy		Baubureau Rheinlust	Rheinfelden		1899	155	telefonbuch_159	PTT-Archiv, P-260-1_Basel_1899_2	Basel
Schonlau	Gebrüder	Cellulosefabrik		Kaiseraugst		1899	155	telefonbuch_159	PTT-Archiv, P-260-1_Basel_1899_2	Basel
Schopp	August	zum Wallfisch	Freiestrasse 641	Rheinfelden		1899	156	telefonbuch_160	PTT-Archiv, P-260-1_Basel_1899_2	Basel
Schweizerische Rheinsalinen			Saline Ryburg	Rheinfelden		1899	156	telefonbuch_160	PTT-Archiv, P-260-1_Basel_1899_2	Basel
Sibold	Joh.	Metzger	Marktgasse 116	Rheinfelden		1899	156	telefonbuch_160	PTT-Archiv, P-260-1_Basel_1899_2	Basel
Soder-Elgg	B.	mech. Werkstätte	Marktgasse 59	Rheinfelden		1899	156	telefonbuch_160	PTT-Archiv, P-260-1_Basel_1899_2	Basel
Soder	Xaver			Möhlin		1899	156	telefonbuch_160	PTT-Archiv, P-260-1_Basel_1899_2	Basel
Spar- & Leihkasse Möhlin				Möhlin		1899	156	telefonbuch_160	PTT-Archiv, P-260-1_Basel_1899_2	Basel
Sprenger	Bernhard	zur Schwibbogenmühle	Marktgasse 27	Rheinfelden		1899	156	telefonbuch_160	PTT-Archiv, P-260-1_Basel_1899_2	Basel
Sprenger	Jos.	Konditor	Marktgasse 63	Rheinfelden		1899	156	telefonbuch_160	PTT-Archiv, P-260-1_Basel_1899_2	Basel
Surber		Geschwister, Bahnhofrest.		Möhlin		1899	156	telefonbuch_160	PTT-Archiv, P-260-1_Basel_1899_2	Basel
Trændle-Waldmeyer	X.	Gasthof zur „Sonne“		Möhlin		1899	156	telefonbuch_160	PTT-Archiv, P-260-1_Basel_1899_2	Basel
Urich	Dr. J. S.	Arzt		Möhlin		1899	156	telefonbuch_160	PTT-Archiv, P-260-1_Basel_1899_2	Basel
Wäckerlin	Fr.	Tierarzt	Kaiserstrasse	Rheinfelden		1899	156	telefonbuch_160	PTT-Archiv, P-260-1_Basel_1899_2	Basel
Wegenstetten		Gemeindestation (s. S. 157)		Rheinfelden		1899	156	telefonbuch_160	PTT-Archiv, P-260-1_Basel_1899_2	Basel
Wuhrmann	A.		Marktgasse 115	Rheinfelden		1899	156	telefonbuch_160	PTT-Archiv, P-260-1_Basel_1899_2	Basel
Wuhrmann & Moff		Cigarrenfabrik	Kaiserstrasse	Rheinfelden		1899	156	telefonbuch_160	PTT-Archiv, P-260-1_Basel_1899_2	Basel
Zeiningen		Gemeindestation (s. S. 157)		Rheinfelden		1899	156	telefonbuch_160	PTT-Archiv, P-260-1_Basel_1899_2	Basel
Zollikofer’sche Apotheke			Marktgasse 95	Rheinfelden		1899	156	telefonbuch_160	PTT-Archiv, P-260-1_Basel_1899_2	Basel
Zuzgen		Gemeindestation (s. S. 157)		Rheinfelden		1899	156	telefonbuch_160	PTT-Archiv, P-260-1_Basel_1899_2	Basel
Reimann	Otto			Hellikon		1899	157	telefonbuch_161	PTT-Archiv, P-260-1_Basel_1899_2	Basel
Postablage				Olsberg		1899	157	telefonbuch_161	PTT-Archiv, P-260-1_Basel_1899_2	Basel
Herzog	Alb.	z. Pinte		Wegenstetten		1899	157	telefonbuch_161	PTT-Archiv, P-260-1_Basel_1899_2	Basel
Speiser	Ed.	z. Adler		Zeiningen		1899	157	telefonbuch_161	PTT-Archiv, P-260-1_Basel_1899_2	Basel
Hiltmann	O.			Zuzgen		1899	157	telefonbuch_161	PTT-Archiv, P-260-1_Basel_1899_2	Basel
Ammann	Léon	auberge „demie lune“		St-Ursanne		1899	158	telefonbuch_162	PTT-Archiv, P-260-1_Basel_1899_2	Basel
Asile des vieillards				St-Ursanne		1899	158	telefonbuch_162	PTT-Archiv, P-260-1_Basel_1899_2	Basel
Bouvier	Joseph	Hôtel Couronne		St-Ursanne		1899	158	telefonbuch_162	PTT-Archiv, P-260-1_Basel_1899_2	Basel
Brunod	Gaspard	entrepreneur		St-Ursanne		1899	158	telefonbuch_162	PTT-Archiv, P-260-1_Basel_1899_2	Basel
Choulat	Léon	moulin du Doubs		Ocourt		1899	158	telefonbuch_162	PTT-Archiv, P-260-1_Basel_1899_2	Basel
Choulat	Vve E.	Buffet de la gare		St-Ursanne		1899	158	telefonbuch_162	PTT-Archiv, P-260-1_Basel_1899_2	Basel
Epauvillers, Municipalité		Maître Albert		Epauvillers		1899	158	telefonbuch_162	PTT-Archiv, P-260-1_Basel_1899_2	Basel
Fattet	Jules	commerce de bois		St-Ursanne		1899	158	telefonbuch_162	PTT-Archiv, P-260-1_Basel_1899_2	Basel
Girardin	S.	Vve., Hôtel du bœuf		St-Ursanne		1899	159	telefonbuch_163	PTT-Archiv, P-260-1_Basel_1899_2	Basel
Hubler	Albert	maire		St-Ursanne		1899	159	telefonbuch_163	PTT-Archiv, P-260-1_Basel_1899_2	Basel
Humbert	J.	Vve, négte.		St-Ursanne		1899	159	telefonbuch_163	PTT-Archiv, P-260-1_Basel_1899_2	Basel
Motte	La			Ocourt		1899	159	telefonbuch_163	PTT-Archiv, P-260-1_Basel_1899_2	Basel
Ocourt		Station communale		Ocourt		1899	159	telefonbuch_163	PTT-Archiv, P-260-1_Basel_1899_2	Basel
Péca	la	Municipalité, Maillard, Camille		St-Ursanne		1899	159	telefonbuch_163	PTT-Archiv, P-260-1_Basel_1899_2	Basel
Piquerez	Arthur	fabrique de boîtes		St-Ursanne		1899	159	telefonbuch_163	PTT-Archiv, P-260-1_Basel_1899_2	Basel
Société de consommation				St-Ursanne		1899	159	telefonbuch_163	PTT-Archiv, P-260-1_Basel_1899_2	Basel
Ocourt		Bureau des postes		Ocourt		1899	159	telefonbuch_163	PTT-Archiv, P-260-1_Basel_1899_2	Basel
Bieder-Gerster	J.	zum „Löwen“		Sissach		1899	160	telefonbuch_164	PTT-Archiv, P-260-1_Basel_1899_2	Basel
Bohny	Ferd.	Baumeister		Sissach		1899	160	telefonbuch_164	PTT-Archiv, P-260-1_Basel_1899_2	Basel
Buess	E.	Weinhandlung		Sissach		1899	160	telefonbuch_164	PTT-Archiv, P-260-1_Basel_1899_2	Basel
Buser	J.	zum „Rössli“		Thürnen		1899	160	telefonbuch_164	PTT-Archiv, P-260-1_Basel_1899_2	Basel
Diegten		Gemeindestation (s. S. 161)		Diegten		1899	160	telefonbuch_164	PTT-Archiv, P-260-1_Basel_1899_2	Basel
Dietschy & Co.		untere Fabrik		Sissach		1899	160	telefonbuch_164	PTT-Archiv, P-260-1_Basel_1899_2	Basel
Egger	Samuel	Tierarzt		Sissach		1899	160	telefonbuch_164	PTT-Archiv, P-260-1_Basel_1899_2	Basel
Eptingen		Gemeindestation (s. S. 161)		Eptingen		1899	160	telefonbuch_164	PTT-Archiv, P-260-1_Basel_1899_2	Basel
Güterexpedition		Bahnhof		Sissach		1899	160	telefonbuch_164	PTT-Archiv, P-260-1_Basel_1899_2	Basel
Haefelfinger	Rob.	Steinhauer		Sissach		1899	161	telefonbuch_165	PTT-Archiv, P-260-1_Basel_1899_2	Basel
Handschin-Eglin	E.			Sissach		1899	161	telefonbuch_165	PTT-Archiv, P-260-1_Basel_1899_2	Basel
Horand	Gebrüder	zur Säge		Sissach		1899	161	telefonbuch_165	PTT-Archiv, P-260-1_Basel_1899_2	Basel
Hübner	A.	Schloss Ebenrain		Sissach		1899	161	telefonbuch_165	PTT-Archiv, P-260-1_Basel_1899_2	Basel
Jung & Co.	J.			Sissach		1899	161	telefonbuch_165	PTT-Archiv, P-260-1_Basel_1899_2	Basel
Meier-Kunz	J.			Sissach		1899	161	telefonbuch_165	PTT-Archiv, P-260-1_Basel_1899_2	Basel
Spar- & Leihkasse Sissach				Sissach		1899	161	telefonbuch_165	PTT-Archiv, P-260-1_Basel_1899_2	Basel
Statthalteramt				Sissach		1899	161	telefonbuch_165	PTT-Archiv, P-260-1_Basel_1899_2	Basel
Sutter & Christen		Sägerei und Holzhandlung		Itingen		1899	161	telefonbuch_165	PTT-Archiv, P-260-1_Basel_1899_2	Basel
Tenniken		Gemeindestation (s. S. 161)				1899	161	telefonbuch_165	PTT-Archiv, P-260-1_Basel_1899_2	Basel
Tobler	Th.	Dr. med.		Sissach		1899	161	telefonbuch_165	PTT-Archiv, P-260-1_Basel_1899_2	Basel
Tschudy	G.	Weinhandlung		Sissach		1899	161	telefonbuch_165	PTT-Archiv, P-260-1_Basel_1899_2	Basel
Zunzgen		Gemeindestation (s. S. 161)				1899	161	telefonbuch_165	PTT-Archiv, P-260-1_Basel_1899_2	Basel
Meyer	Karl	Gemeindestation		Diegten		1899	161	telefonbuch_165	PTT-Archiv, P-260-1_Basel_1899_2	Basel
Fink	Ida	Wwe., Gemeindestation		Eptingen		1899	161	telefonbuch_165	PTT-Archiv, P-260-1_Basel_1899_2	Basel
Thommen	Friedrich	Gemeindestation		Tenniken		1899	161	telefonbuch_165	PTT-Archiv, P-260-1_Basel_1899_2	Basel
Postbureau		Gemeindestation		Zunzgen		1899	161	telefonbuch_165	PTT-Archiv, P-260-1_Basel_1899_2	Basel
Hercher-Brogli	Emil	Gasthof zum Löwen		Stein (Aargau)		1899	162	telefonbuch_166	PTT-Archiv, P-260-1_Basel_1899_2	Basel
Herzog	C.	Gasthof zum Adler		Stein (Aargau)		1899	162	telefonbuch_166	PTT-Archiv, P-260-1_Basel_1899_2	Basel
Mösch-Jegge	J.	Kaufmann		Stein (Aargau)		1899	162	telefonbuch_166	PTT-Archiv, P-260-1_Basel_1899_2	Basel
Sisseln		Gemeindestation (s. S. 163)		Sisseln		1899	162	telefonbuch_166	PTT-Archiv, P-260-1_Basel_1899_2	Basel
Trændle	Joseph	Kaufmann		Stein (Aargau)		1899	162	telefonbuch_166	PTT-Archiv, P-260-1_Basel_1899_2	Basel
Waldmeyer	F. J.	Gasthof z. „Sonne“		Nieder-Mumpf		1899	162	telefonbuch_166	PTT-Archiv, P-260-1_Basel_1899_2	Basel
Wallbach		Gemeindestation (s. S. 163)		Wallbach		1899	162	telefonbuch_166	PTT-Archiv, P-260-1_Basel_1899_2	Basel
Jegge-Oertli	Jos. Ant.	Negt.		Sisseln		1899	163	telefonbuch_167	PTT-Archiv, P-260-1_Basel_1899_2	Basel
Wunderlin	Hch.	Pintenwirt		Wallbach		1899	163	telefonbuch_167	PTT-Archiv, P-260-1_Basel_1899_2	Basel
Affentranger, Haas & Plattner		Uhrenfabrik		Niederdorf		1899	165	telefonbuch_169	PTT-Archiv, P-260-1_Basel_1899_2	Basel
Bahnhof				Waldenburg		1899	165	telefonbuch_169	PTT-Archiv, P-260-1_Basel_1899_2	Basel
Bennwil		Gemeindestation (s. S. 166)				1899	165	telefonbuch_169	PTT-Archiv, P-260-1_Basel_1899_2	Basel
Berger	Gebrüder	Uhrenfabrik		Oberdorf		1899	165	telefonbuch_169	PTT-Archiv, P-260-1_Basel_1899_2	Basel
Buser frères & Lohner		Ebauchefabrik		Niederdorf		1899	165	telefonbuch_169	PTT-Archiv, P-260-1_Basel_1899_2	Basel
Dietschy, Heusler & Co.		Bandfabrik		Oberdorf		1899	165	telefonbuch_169	PTT-Archiv, P-260-1_Basel_1899_2	Basel
Gipswerk Ruf & Co.		Gipsmühle		Hölstein		1899	165	telefonbuch_169	PTT-Archiv, P-260-1_Basel_1899_2	Basel
Hölstein		Gemeindestation (s. S. 166)				1899	165	telefonbuch_169	PTT-Archiv, P-260-1_Basel_1899_2	Basel
Kellerhals	J.	Sennhaus		Waldenburg		1899	165	telefonbuch_169	PTT-Archiv, P-260-1_Basel_1899_2	Basel
Niederdorf (Baselland)		Gemeindestation (s. S. 166)				1899	165	telefonbuch_169	PTT-Archiv, P-260-1_Basel_1899_2	Basel
Oberdorf (Baselland)		Gemeindestation (s. S. 166)				1899	165	telefonbuch_169	PTT-Archiv, P-260-1_Basel_1899_2	Basel
Schaub-Peter	Gottfried	z. Löwen		Waldenburg		1899	165	telefonbuch_169	PTT-Archiv, P-260-1_Basel_1899_2	Basel
Schmutz	Frau			Kurort Abendsmatt		1899	165	telefonbuch_169	PTT-Archiv, P-260-1_Basel_1899_2	Basel
Schmutz	Wilhelm	Tierarzt		Oberdorf		1899	165	telefonbuch_169	PTT-Archiv, P-260-1_Basel_1899_2	Basel
Straumann	H.	Dr. med.		Waldenburg		1899	165	telefonbuch_169	PTT-Archiv, P-260-1_Basel_1899_2	Basel
Thommen	Alphons	Ebauchefabrik		Waldenburg		1899	165	telefonbuch_169	PTT-Archiv, P-260-1_Basel_1899_2	Basel
Thommen	Alphons	Uhrenfabrik		Waldenburg		1899	165	telefonbuch_169	PTT-Archiv, P-260-1_Basel_1899_2	Basel
Tschopp-Thommen	Wwe.	z. Rössli		Hölstein		1899	165	telefonbuch_169	PTT-Archiv, P-260-1_Basel_1899_2	Basel
Urheim-Buser	Carl	Restauration		Waldenburg		1899	165	telefonbuch_169	PTT-Archiv, P-260-1_Basel_1899_2	Basel
Germann	Christ.	Wirt, Gemeindestation		Bennwil		1899	166	telefonbuch_170	PTT-Archiv, P-260-1_Basel_1899_2	Basel
Gräflin	Jak.	Kaufmann, Gemeindestation		Hölstein		1899	166	telefonbuch_170	PTT-Archiv, P-260-1_Basel_1899_2	Basel
Ast	Adolf	Wirt, Gemeindestation		Niederdorf (Baselland)		1899	166	telefonbuch_170	PTT-Archiv, P-260-1_Basel_1899_2	Basel
Ballmer	E.	Wwe., Postbureau, Gemeindestation		Oberdorf (Baselland)		1899	166	telefonbuch_170	PTT-Archiv, P-260-1_Basel_1899_2	Basel
