EntityName1	EntityName2	Supplement	Street	Locality	PhoneNumber	Year	Page	File	RefCode	Network
Lohnhof		Polizeiposten, (mit Nachtwache) Krankenwagenstation		Basel	51	1906		telefonbuch_001	PTT-Archiv, P-260-1_Basel_1906	Basel
Steinen		Polizeiposten	Steinenthorstrasse 43	Basel	52	1906		telefonbuch_001	PTT-Archiv, P-260-1_Basel_1906	Basel
Bahnhof S. B. B.		Polizeiposten, (Krankenwagenstation)		Basel	53	1906		telefonbuch_001	PTT-Archiv, P-260-1_Basel_1906	Basel
Gundoldingen		Polizeiposten, Krankenwagenstation (mit Nachtwache)	Pfeffingerstrasse	Basel	54	1906		telefonbuch_001	PTT-Archiv, P-260-1_Basel_1906	Basel
Aeschen		Polizeiposten, (mit Nachtwache)	St. Jakobstrasse 4	Basel	55	1906		telefonbuch_001	PTT-Archiv, P-260-1_Basel_1906	Basel
St. Alban		Polizeiposten, (beim St. Albanthor)		Basel	56	1906		telefonbuch_001	PTT-Archiv, P-260-1_Basel_1906	Basel
Marktplatz		Polizeiposten, (Rathaus) (mit Nachtwache)		Basel	57	1906		telefonbuch_001	PTT-Archiv, P-260-1_Basel_1906	Basel
Rheinbrücke		Polizeiposten	Eisengasse 1	Basel	58	1906		telefonbuch_001	PTT-Archiv, P-260-1_Basel_1906	Basel
St. Johann		Polizeiposten, (beim St. Johannthor) Krankenwagenstation		Basel	59	1906		telefonbuch_001	PTT-Archiv, P-260-1_Basel_1906	Basel
Spalen		Polizeiposten, (beim Spalenthor) Krankenwagenstation (mit Nachtwache)		Basel	60	1906		telefonbuch_001	PTT-Archiv, P-260-1_Basel_1906	Basel
St. Klara		Polizeiposten, (mit Nachtwache) Krankenwagenstation		Basel	61	1906		telefonbuch_001	PTT-Archiv, P-260-1_Basel_1906	Basel
Rheinweg		Polizeiposten, (in der Kaserne)		Basel	62	1906		telefonbuch_001	PTT-Archiv, P-260-1_Basel_1906	Basel
Horburg		Polizeiposten, Krankenwagenstation (mit Nachtwache)	Hammerstrasse 184	Basel	63	1906		telefonbuch_001	PTT-Archiv, P-260-1_Basel_1906	Basel
Hägenheimer		Polizeiposten, (mit Nachtwache)	Birkenstrasse 1	Basel	64	1906		telefonbuch_001	PTT-Archiv, P-260-1_Basel_1906	Basel
Breite		Polizeiposten, (mit Nachtwache)	Zürcherstrasse 152	Basel	65	1906		telefonbuch_001	PTT-Archiv, P-260-1_Basel_1906	Basel
Kleinhüningen		Polizeiposten	Dorfstrasse 59	Kleinhüningen	66	1906		telefonbuch_001	PTT-Archiv, P-260-1_Basel_1906	Basel
Schoren		Polizeiposten	Maulbeerweg 31	Basel	67	1906		telefonbuch_001	PTT-Archiv, P-260-1_Basel_1906	Basel
Riehen		Polizeiposten		Riehen	707	1906		telefonbuch_001	PTT-Archiv, P-260-1_Basel_1906	Basel
Zimmermann		Samariterposten, Krankenwagenstation	Pfeffingerstrasse 64	Basel	3896	1906		telefonbuch_001	PTT-Archiv, P-260-1_Basel_1906	Basel
Diakonenhaus		Samariterposten, Krankenwagenstation	Aeschenvorstadt 50	Basel	2282	1906		telefonbuch_001	PTT-Archiv, P-260-1_Basel_1906	Basel
Labhardt		Samariterposten	Spiegelgasse 2	Basel	5	1906		telefonbuch_001	PTT-Archiv, P-260-1_Basel_1906	Basel
Oser	Dr.	Samariterposten, Krankenwagenstation	Colmarerstrasse 22	Basel	803	1906		telefonbuch_001	PTT-Archiv, P-260-1_Basel_1906	Basel
Walter		Samariterposten, Krankenwagenstation	Maulbeerweg 3	Basel		1906		telefonbuch_001	PTT-Archiv, P-260-1_Basel_1906	Basel
Niebergall	Dr. E.	Samariterposten, Krankenwagenstation	Steinenring 2	Basel	1083	1906		telefonbuch_001	PTT-Archiv, P-260-1_Basel_1906	Basel
Bürgin		Samariterposten, Schulhaus, Krankenwagenstation		Kleinhüningen	3328	1906		telefonbuch_001	PTT-Archiv, P-260-1_Basel_1906	Basel
Scherer		Samariterposten, zur Post, Krankenwagenstation		Binningen	187	1906		telefonbuch_001	PTT-Archiv, P-260-1_Basel_1906	Basel
Hugentobler		Samariterposten, Schulhaus, Krankenwagenstation		Birsfelden	136	1906		telefonbuch_001	PTT-Archiv, P-260-1_Basel_1906	Basel
Lützelhof		Feuerwache, (mit Nachtwache)	Spalenvorstadt 11	Basel	79	1906		telefonbuch_001	PTT-Archiv, P-260-1_Basel_1906	Basel
Brugger-Stänz	F.	Ww., Cigarrenhandlung	Bahnhofstrasse 15	Basel	3304	1906	41	telefonbuch_043	PTT-Archiv, P-260-1_Basel_1906	Basel
Filialtelegraphenbureau		Clarahof	Rebgasse 1	Basel	3211	1906	41	telefonbuch_043	PTT-Archiv, P-260-1_Basel_1906	Basel
Kiefer	H.	Cigarrenhandlung	Aeschenvorstadt 2	Basel	2013	1906	41	telefonbuch_043	PTT-Archiv, P-260-1_Basel_1906	Basel
Filialtelegraphenbureau Gundoldingen			Dornacherstrasse 124	Basel	750	1906	41	telefonbuch_043	PTT-Archiv, P-260-1_Basel_1906	Basel
Telegrammaufgabebureau			Hauptpostgebäude	Basel	3172	1906	41	telefonbuch_043	PTT-Archiv, P-260-1_Basel_1906	Basel
Automatische Station für Lokalgespräche		Stationsgebäude der B. St. B.	Barfüsserplatz	Basel	80	1906	41	telefonbuch_043	PTT-Archiv, P-260-1_Basel_1906	Basel
Georg & Cie.		Bahnhofbuchhandlung	Bahnhof S. B. B.	Basel	977	1906	41	telefonbuch_043	PTT-Archiv, P-260-1_Basel_1906	Basel
Postablage				Bettingen	707	1906	42	telefonbuch_044	PTT-Archiv, P-260-1_Basel_1906	Basel
Ruetsch	Ed.	Wirt.		Duggingen	705	1906	42	telefonbuch_044	PTT-Archiv, P-260-1_Basel_1906	Basel
Thüring	Emil	Bäcker		Ettingen	709	1906	42	telefonbuch_044	PTT-Archiv, P-260-1_Basel_1906	Basel
Berger	Frau A.	zum Kreuz.		Gempen	705	1906	42	telefonbuch_044	PTT-Archiv, P-260-1_Basel_1906	Basel
Postablage				Hochwald (Solothurn)	705	1906	42	telefonbuch_044	PTT-Archiv, P-260-1_Basel_1906	Basel
Postbureau				Kleinhüningen	3328	1906	42	telefonbuch_044	PTT-Archiv, P-260-1_Basel_1906	Basel
Meyer	Alph.	Wirt		Pfeffingen	705	1906	42	telefonbuch_044	PTT-Archiv, P-260-1_Basel_1906	Basel
Gasthaus zum Ochsen				Reinach (Baselland)	705	1906	42	telefonbuch_044	PTT-Archiv, P-260-1_Basel_1906	Basel
Jäck	J. E.	Wirt		Schönenbuch	679	1906	42	telefonbuch_044	PTT-Archiv, P-260-1_Basel_1906	Basel
Adam	Angelus	zum Rössli		Allschwil	679	1906	42	telefonbuch_044	PTT-Archiv, P-260-1_Basel_1906	Basel
Aktienziegelei Allschwil				Allschwil	1006	1906	42	telefonbuch_044	PTT-Archiv, P-260-1_Basel_1906	Basel
Augustin	Dr. Hermann	Arzt		Allschwil	679	1906	42	telefonbuch_044	PTT-Archiv, P-260-1_Basel_1906	Basel
Doleschal	Dr. M.	Arzt		Allschwil	679	1906	42	telefonbuch_044	PTT-Archiv, P-260-1_Basel_1906	Basel
Gürtler-Küng	J.	Baugeschäft		Allschwil	679	1906	42	telefonbuch_044	PTT-Archiv, P-260-1_Basel_1906	Basel
Hauser-Huber	Arnold	Wirt		Allschwil	679	1906	42	telefonbuch_044	PTT-Archiv, P-260-1_Basel_1906	Basel
Jegel	Rudolf	Metzger		Allschwil	679	1906	42	telefonbuch_044	PTT-Archiv, P-260-1_Basel_1906	Basel
Martin-Heitzmann	Wwe.	zur Kantine		Allschwil	679	1906	42	telefonbuch_044	PTT-Archiv, P-260-1_Basel_1906	Basel
Passavant-Iselin & Cie.		Ziegelei		Allschwil	3132	1906	42	telefonbuch_044	PTT-Archiv, P-260-1_Basel_1906	Basel
Reiniger	Niklaus	Tierarzt		Allschwil	679	1906	42	telefonbuch_044	PTT-Archiv, P-260-1_Basel_1906	Basel
Ruf-Martin	Paul			Allschwil	679	1906	42	telefonbuch_044	PTT-Archiv, P-260-1_Basel_1906	Basel
Simon-Bangerter & Co.		Schuhfabrik		Allschwil	679	1906	42	telefonbuch_044	PTT-Archiv, P-260-1_Basel_1906	Basel
Strübin	Fritz	Brauerei		Allschwil	679	1906	42	telefonbuch_044	PTT-Archiv, P-260-1_Basel_1906	Basel
Tanner-Stengel	R.	Metzger		Allschwil	679	1906	42	telefonbuch_044	PTT-Archiv, P-260-1_Basel_1906	Basel
Thonwarenfabrik Allschwil		(Passavant-Iselin & Cie.)		Allschwil	3132	1906	42	telefonbuch_044	PTT-Archiv, P-260-1_Basel_1906	Basel
Tobler	Adolf			Allschwil	679	1906	42	telefonbuch_044	PTT-Archiv, P-260-1_Basel_1906	Basel
Tranzer-Stoeckel	E.	Backsteinlieferant		Allschwil	679	1906	42	telefonbuch_044	PTT-Archiv, P-260-1_Basel_1906	Basel
Vogt-Goepfert	Jakob	Wirt		Allschwil	679	1906	42	telefonbuch_044	PTT-Archiv, P-260-1_Basel_1906	Basel
Vogt-Gürtler	J. Aug.	Baumeister.		Allschwil	679	1906	42	telefonbuch_044	PTT-Archiv, P-260-1_Basel_1906	Basel
Vogt-Winteregg	Rob.	Wirt		Allschwil	679	1906	42	telefonbuch_044	PTT-Archiv, P-260-1_Basel_1906	Basel
Floretspinnerei Angenstein		Fabrik.		Angenstein	705	1906	42	telefonbuch_044	PTT-Archiv, P-260-1_Basel_1906	Basel
Wanduhrenfabrik Angenstein		sowie Direktor-Wohnung		Angenstein	705	1906	42	telefonbuch_044	PTT-Archiv, P-260-1_Basel_1906	Basel
Alioth-Frank	Achilles			Arlesheim	705	1906	42	telefonbuch_044	PTT-Archiv, P-260-1_Basel_1906	Basel
Alioth-Vischer	Wilhelm			Arlesheim	705	1906	42	telefonbuch_044	PTT-Archiv, P-260-1_Basel_1906	Basel
Alioth - von Speyr	Rudolf			Arlesheim	705	1906	42	telefonbuch_044	PTT-Archiv, P-260-1_Basel_1906	Basel
Baier	Hans	Gasthaus zum Adler		Arlesheim	705	1906	42	telefonbuch_044	PTT-Archiv, P-260-1_Basel_1906	Basel
Basler Strassenbahnen		Tramdépôt (Birseckbahn)		Arlesheim	2876	1906	42	telefonbuch_044	PTT-Archiv, P-260-1_Basel_1906	Basel
Bezirksschreiberei Arlesheim				Arlesheim	705	1906	42	telefonbuch_044	PTT-Archiv, P-260-1_Basel_1906	Basel
Bischoff-Ryhiner	Emil			Arlesheim	705	1906	42	telefonbuch_044	PTT-Archiv, P-260-1_Basel_1906	Basel
Burckhardt-Meyer	Max			Arlesheim	705	1906	42	telefonbuch_044	PTT-Archiv, P-260-1_Basel_1906	Basel
Elsässer	Albert	Fürsprech		Arlesheim	705	1906	42	telefonbuch_044	PTT-Archiv, P-260-1_Basel_1906	Basel
Feigenwinter	Niklaus	Fürsprech		Arlesheim	705	1906	42	telefonbuch_044	PTT-Archiv, P-260-1_Basel_1906	Basel
Geiger-Otto	Dr. Herm.			Arlesheim	705	1906	42	telefonbuch_044	PTT-Archiv, P-260-1_Basel_1906	Basel
Gemeindesprechstation		Gasthaus zum Löwen		Arlesheim	705	1906	42	telefonbuch_044	PTT-Archiv, P-260-1_Basel_1906	Basel
Gonser	Dr. Rudolf			Arlesheim	705	1906	42	telefonbuch_044	PTT-Archiv, P-260-1_Basel_1906	Basel
Gysin-Hindermann	Wwe. V.			Arlesheim	705	1906	42	telefonbuch_044	PTT-Archiv, P-260-1_Basel_1906	Basel
Industriegesellschaft für Schappe				Arlesheim	705	1906	43	telefonbuch_045	PTT-Archiv, P-260-1_Basel_1906	Basel
Industriegesellschaft für Schappe		Direktorwohnung		Arlesheim	705	1906	43	telefonbuch_045	PTT-Archiv, P-260-1_Basel_1906	Basel
Kaffeehalle		Geschwister Gass		Arlesheim	705	1906	43	telefonbuch_045	PTT-Archiv, P-260-1_Basel_1906	Basel
Kaus-Stalder		zum Ochsen		Arlesheim	705	1906	43	telefonbuch_045	PTT-Archiv, P-260-1_Basel_1906	Basel
Löliger	Th.	Dr.		Arlesheim	705	1906	43	telefonbuch_045	PTT-Archiv, P-260-1_Basel_1906	Basel
Löw	Carl	Dr., zum Kirschgarten		Arlesheim	705	1906	43	telefonbuch_045	PTT-Archiv, P-260-1_Basel_1906	Basel
Löw	Fritz	Architekt		Arlesheim	705	1906	43	telefonbuch_045	PTT-Archiv, P-260-1_Basel_1906	Basel
Murbach-von Speyr	Ch.			Arlesheim	705	1906	43	telefonbuch_045	PTT-Archiv, P-260-1_Basel_1906	Basel
Paravicini-Müller	L.			Arlesheim	705	1906	43	telefonbuch_045	PTT-Archiv, P-260-1_Basel_1906	Basel
Renz	Th.	Wirtschaft und Bäckerei		Arlesheim	705	1906	43	telefonbuch_045	PTT-Archiv, P-260-1_Basel_1906	Basel
Sarasin	Peter			Arlesheim	705	1906	43	telefonbuch_045	PTT-Archiv, P-260-1_Basel_1906	Basel
Sartorius-Preiswerk	F.			Arlesheim	705	1906	43	telefonbuch_045	PTT-Archiv, P-260-1_Basel_1906	Basel
Spar- und Leihkasse Arlesheim				Arlesheim	705	1906	43	telefonbuch_045	PTT-Archiv, P-260-1_Basel_1906	Basel
Statthalteramt Arlesheim				Arlesheim	705	1906	43	telefonbuch_045	PTT-Archiv, P-260-1_Basel_1906	Basel
Suryhof				Arlesheim	705	1906	43	telefonbuch_045	PTT-Archiv, P-260-1_Basel_1906	Basel
Sütterlin	Alfons	Dr., Advokat		Arlesheim	705	1906	43	telefonbuch_045	PTT-Archiv, P-260-1_Basel_1906	Basel
Gemeindesprechstation		Postbureau		Aesch	705	1906	43	telefonbuch_045	PTT-Archiv, P-260-1_Basel_1906	Basel
Hosslin	Rud.	Dr. med.		Aesch	705	1906	43	telefonbuch_045	PTT-Archiv, P-260-1_Basel_1906	Basel
Karrer	Fidel	Holzhandlung		Aesch	705	1906	43	telefonbuch_045	PTT-Archiv, P-260-1_Basel_1906	Basel
Meyer-Scherer	A.	Restaurant Warteck		Aesch	705	1906	43	telefonbuch_045	PTT-Archiv, P-260-1_Basel_1906	Basel
Schmidlin-Bloch	J.	Hôtel Jura		Aesch	705	1906	43	telefonbuch_045	PTT-Archiv, P-260-1_Basel_1906	Basel
Strübin-Schmidt	Jac.	Baumeister		Aesch	705	1906	43	telefonbuch_045	PTT-Archiv, P-260-1_Basel_1906	Basel
Wenger-Nachbur	Ed.	Gasthof zum Ochsen		Aesch	705	1906	43	telefonbuch_045	PTT-Archiv, P-260-1_Basel_1906	Basel
Willi	A.	Dr., Arzt		Aesch	705	1906	43	telefonbuch_045	PTT-Archiv, P-260-1_Basel_1906	Basel
Abend	Oscar	Architekt	Weiherweg 92	Basel	4531	1906	43	telefonbuch_045	PTT-Archiv, P-260-1_Basel_1906	Basel
Abry	Louis	march.-tailleur	Theaterstrasse 14	Basel	2193	1906	43	telefonbuch_045	PTT-Archiv, P-260-1_Basel_1906	Basel
Abt-Bader	Wilh.		Hammerstrasse 10	Basel	3538	1906	43	telefonbuch_045	PTT-Archiv, P-260-1_Basel_1906	Basel
Abt-Ettlin	Hans	Bäcker	Steinenthorstr. 45	Basel	2422	1906	43	telefonbuch_045	PTT-Archiv, P-260-1_Basel_1906	Basel
Abt	James	Papierhandlung	St. Johannvorst. 48	Basel	3249	1906	43	telefonbuch_045	PTT-Archiv, P-260-1_Basel_1906	Basel
Abt-Weiss	H.	Kaminfegermeister	St. Albanvorstadt 8	Basel	12	1906	43	telefonbuch_045	PTT-Archiv, P-260-1_Basel_1906	Basel
Abt-Wenk	A. M.	Wwe.	Kirchgasse 21	Basel	3820	1906	43	telefonbuch_045	PTT-Archiv, P-260-1_Basel_1906	Basel
Achard-Milliet	E.	Wwe.	Kluserstrasse 1	Basel	219	1906	43	telefonbuch_045	PTT-Archiv, P-260-1_Basel_1906	Basel
Achard, Stampfer & Cie.			Herbergsgasse 8	Basel	1634	1906	43	telefonbuch_045	PTT-Archiv, P-260-1_Basel_1906	Basel
Acker	Fl.	Baugeschäft	Klybeckstrasse 60	Basel	3242	1906	43	telefonbuch_045	PTT-Archiv, P-260-1_Basel_1906	Basel
Actienbrauerei Basel		Bureau	Dornacherstr. 200	Basel	4008	1906	43	telefonbuch_045	PTT-Archiv, P-260-1_Basel_1906	Basel
Actienbrauerei Basel		Flaschenbiergeschäft	Dornacherstr. 200	Basel	3761	1906	43	telefonbuch_045	PTT-Archiv, P-260-1_Basel_1906	Basel
Actienbrauerei zum Feldschlösschen			Laufenstrasse 18	Basel	3994	1906	43	telefonbuch_045	PTT-Archiv, P-260-1_Basel_1906	Basel
Actienbrauerei z. Sternenberg		vorm. Gebr. Zeller (Bierburg), Bureau	Grenzacherstr. 487	Basel	3232	1906	43	telefonbuch_045	PTT-Archiv, P-260-1_Basel_1906	Basel
Actienbrauerei z. Sternenberg		Hotel Strassburg	Centralbahnstr. 17	Basel	2835	1906	43	telefonbuch_045	PTT-Archiv, P-260-1_Basel_1906	Basel
Actienbrennerei, erste, in Basel			Margarethenstr. 59	Basel	2384	1906	43	telefonbuch_045	PTT-Archiv, P-260-1_Basel_1906	Basel
Actiengesellschaft der Ofenfabrik Sursee			Steinenthorstr. 21	Basel	1409	1906	43	telefonbuch_045	PTT-Archiv, P-260-1_Basel_1906	Basel
Actiengesellschaft für graphische Industrie			Weiherweg 48	Basel	3204	1906	43	telefonbuch_045	PTT-Archiv, P-260-1_Basel_1906	Basel
Actiengesellschaft für industrielle Sandverwertung			Inn. Margarethenstr. 8	Basel	3432	1906	43	telefonbuch_045	PTT-Archiv, P-260-1_Basel_1906	Basel
Actiengesellschaft Rothes Meer			Marktgasse 3	Basel	975	1906	43	telefonbuch_045	PTT-Archiv, P-260-1_Basel_1906	Basel
Actiengesellschaft Schappe- u. Cordonnet-Spinnerei Ryhiner			Rappoltshof 9	Basel	3279	1906	43	telefonbuch_045	PTT-Archiv, P-260-1_Basel_1906	Basel
Actienmühle Basel und Augst			Gärtnerstrasse 46	Basel	4226	1906	44	telefonbuch_046	PTT-Archiv, P-260-1_Basel_1906	Basel
Adam	Alfred	Dr.	Leonhardsgraben 47	Basel	2911	1906	44	telefonbuch_046	PTT-Archiv, P-260-1_Basel_1906	Basel
Adler-Apotheke	L.	Willen	Gerbergasse 44	Basel	3137	1906	44	telefonbuch_046	PTT-Archiv, P-260-1_Basel_1906	Basel
Adlung-Würgler	Alfr.	Spengler	Güterstrasse 296	Basel	3616	1906	44	telefonbuch_046	PTT-Archiv, P-260-1_Basel_1906	Basel
Aebin	Aug.		Riehenthorstr. 30	Basel	3399	1906	44	telefonbuch_046	PTT-Archiv, P-260-1_Basel_1906	Basel
Aemmer	Ferd.		Mörsbergerstr. 40	Basel	4519	1906	44	telefonbuch_046	PTT-Archiv, P-260-1_Basel_1906	Basel
Aemmer	Fritz	Dr. med.	Mörsbergerstr. 28	Basel	3330	1906	44	telefonbuch_046	PTT-Archiv, P-260-1_Basel_1906	Basel
Aemmer & Cie.			Müllheimerstr. 50	Basel	3416	1906	44	telefonbuch_046	PTT-Archiv, P-260-1_Basel_1906	Basel
Aemmer & Cie.		Eisengiesserei	Güterstrasse 175	Basel	3922	1906	44	telefonbuch_046	PTT-Archiv, P-260-1_Basel_1906	Basel
Affolter, Christen & Cie			Dornacherstr. 160	Basel	3752	1906	44	telefonbuch_046	PTT-Archiv, P-260-1_Basel_1906	Basel
Affolter, Christen & Cie		Ofen-Musterlager	Gerbergasse 11	Basel	1376	1906	44	telefonbuch_046	PTT-Archiv, P-260-1_Basel_1906	Basel
Ahles	J.	Handelsgärtnerei	Hirzbodenweg 48	Basel	3778	1906	44	telefonbuch_046	PTT-Archiv, P-260-1_Basel_1906	Basel
Aichele	Jean	Confiseur	Steinenvorstadt 51	Basel	2567	1906	44	telefonbuch_046	PTT-Archiv, P-260-1_Basel_1906	Basel
Aichner, Sohn	R.	Baumeister	Birsigstrasse 76	Basel	3138	1906	44	telefonbuch_046	PTT-Archiv, P-260-1_Basel_1906	Basel
St. Alban-Apotheke		Dr. R. Burow	St. Albanvorstadt 42	Basel	1849	1906	44	telefonbuch_046	PTT-Archiv, P-260-1_Basel_1906	Basel
Albert	Ad.	Gold- und Silberwaren	Freiestrasse 27	Basel	1148	1906	44	telefonbuch_046	PTT-Archiv, P-260-1_Basel_1906	Basel
Albert	Fr.	Baugeschäft	Allschwilerstr. 35	Basel	2676	1906	44	telefonbuch_046	PTT-Archiv, P-260-1_Basel_1906	Basel
Albicker-Haberthür	Chr.	Wirt	Amerbachstrasse 72	Basel	776	1906	44	telefonbuch_046	PTT-Archiv, P-260-1_Basel_1906	Basel
Albrecht	Gust.	Horburgapotheke	Feldbergstrasse 57	Basel	3383	1906	44	telefonbuch_046	PTT-Archiv, P-260-1_Basel_1906	Basel
Albrecht-Wick	E. M.	Wwe.	Austrasse 16	Basel	2926	1906	44	telefonbuch_046	PTT-Archiv, P-260-1_Basel_1906	Basel
Alcoholfreies Restaurant „zum Johanniter“			St. Johannvorst. 48	Basel	3249	1906	44	telefonbuch_046	PTT-Archiv, P-260-1_Basel_1906	Basel
Aldinger-Kaltenbacher	Karl		Elisabethenstrasse 6	Basel	1337	1906	44	telefonbuch_046	PTT-Archiv, P-260-1_Basel_1906	Basel
Alioth	A.	Agenturen	St. Albananlage 3	Basel	126	1906	44	telefonbuch_046	PTT-Archiv, P-260-1_Basel_1906	Basel
Alioth	Alfred	Dr., Notar, und Siegrist, Dr. Hermann, Advokat	Gerbergasse 42	Basel	3264	1906	44	telefonbuch_046	PTT-Archiv, P-260-1_Basel_1906	Basel
Alioth-Ronus	Achille		Sevogelstrasse 76	Basel	3961	1906	44	telefonbuch_046	PTT-Archiv, P-260-1_Basel_1906	Basel
Alioth-Vischer	Wm		Rittergasse 7	Basel	1045	1906	44	telefonbuch_046	PTT-Archiv, P-260-1_Basel_1906	Basel
Allemann	Jb.	Baugeschäft	Allschwilerstr. 44	Basel	464	1906	44	telefonbuch_046	PTT-Archiv, P-260-1_Basel_1906	Basel
Allgemeine Armenpflege			Blumenrain 3	Basel	1958	1906	44	telefonbuch_046	PTT-Archiv, P-260-1_Basel_1906	Basel
Allgemeiner Christl. Verein junger Männer			Freiestrasse 17	Basel	1679	1906	44	telefonbuch_046	PTT-Archiv, P-260-1_Basel_1906	Basel
Allgemeine Droschkenanstalt		Gebr. Keller	Margarethenstr. 79	Basel	2145	1906	44	telefonbuch_046	PTT-Archiv, P-260-1_Basel_1906	Basel
Allgemeine Droschkenanstalt			Drahtzugstrasse 16	Basel	3470	1906	44	telefonbuch_046	PTT-Archiv, P-260-1_Basel_1906	Basel
Allgemeine Elektrizitäts-Gesellschaft Basel		Lagerverwaltung	Aeschengraben 4	Basel	2861	1906	44	telefonbuch_046	PTT-Archiv, P-260-1_Basel_1906	Basel
Allgemeine Elektrizitäts-Gesellschaft Basel		Kaufm. u. techn. Bureau	Gerbergasse 44	Basel	3090	1906	44	telefonbuch_046	PTT-Archiv, P-260-1_Basel_1906	Basel
Allgemeine Gewerbeschule			Petersgraben 52	Basel	2644	1906	44	telefonbuch_046	PTT-Archiv, P-260-1_Basel_1906	Basel
Allgemeine Musikschule			Leonhardstrasse 8	Basel	1587	1906	44	telefonbuch_046	PTT-Archiv, P-260-1_Basel_1906	Basel
Altermatt-Keller	K.	Wirt	Solothurnerstr. 11	Basel	862	1906	44	telefonbuch_046	PTT-Archiv, P-260-1_Basel_1906	Basel
Altwegg	Christoph		Wettsteinplatz 10	Basel	3841	1906	44	telefonbuch_046	PTT-Archiv, P-260-1_Basel_1906	Basel
Altwegg	F.	Paul Aug. Altwegg Nachf.	Florastrasse 18	Basel	3747	1906	44	telefonbuch_046	PTT-Archiv, P-260-1_Basel_1906	Basel
Altwegg & Peter			Hammerstrasse 35	Basel	3823	1906	44	telefonbuch_046	PTT-Archiv, P-260-1_Basel_1906	Basel
Amans-Madeux	C.		Schützenmattstr. 38	Basel	3251	1906	44	telefonbuch_046	PTT-Archiv, P-260-1_Basel_1906	Basel
Amans, P., & Cie.			St. Johannvorstadt 6	Basel	1389	1906	44	telefonbuch_046	PTT-Archiv, P-260-1_Basel_1906	Basel
Amberg		Betriebschef des Kreises II S. B. B. Wohnung	Rothbergerstr. 17	Basel	2100	1906	44	telefonbuch_046	PTT-Archiv, P-260-1_Basel_1906	Basel
Ammann, E., & Cie.			Lothringerstrasse 18	Basel	4195	1906	44	telefonbuch_046	PTT-Archiv, P-260-1_Basel_1906	Basel
Ammann-Kienast	B.		Kohlenberggasse 8	Basel	2419	1906	45	telefonbuch_047	PTT-Archiv, P-260-1_Basel_1906	Basel
Ammann-Stähli & Cie.			Centralbahnplatz 8	Basel	2251	1906	45	telefonbuch_047	PTT-Archiv, P-260-1_Basel_1906	Basel
Ammann-Stücklin	J.		Gundoldingerstr. 93	Basel	1841	1906	45	telefonbuch_047	PTT-Archiv, P-260-1_Basel_1906	Basel
Amsler	Ad.		Thiersteinerallee 22	Basel	3760	1906	45	telefonbuch_047	PTT-Archiv, P-260-1_Basel_1906	Basel
Amsler-Aubert	O.	(Centralbureau des schweiz. Hôtelier-Vereins)	Sternengässlein 21	Basel	2406	1906	45	telefonbuch_047	PTT-Archiv, P-260-1_Basel_1906	Basel
Amsler	Rud.	Schreiner	Friedensgasse 50	Basel	162	1906	45	telefonbuch_047	PTT-Archiv, P-260-1_Basel_1906	Basel
Amstein	E.	Fussarzt und Chirurg	Mostackerstrasse 6	Basel	2972	1906	45	telefonbuch_047	PTT-Archiv, P-260-1_Basel_1906	Basel
Amstutz	G.	Lebensmittelhandel	Utengasse 17	Basel	1210	1906	45	telefonbuch_047	PTT-Archiv, P-260-1_Basel_1906	Basel
Anatom. Institut		Vesalianum	Vesalgasse 1	Basel	2604	1906	45	telefonbuch_047	PTT-Archiv, P-260-1_Basel_1906	Basel
Anglo-Continental Commercial Comp.		(voir Tea Planters Ltd.)		Basel		1906	45	telefonbuch_047	PTT-Archiv, P-260-1_Basel_1906	Basel
Anglo-Continentales Reise-Bureau		G. van Spyk	Inn. Margarethenstr. 5	Basel	4498	1906	45	telefonbuch_047	PTT-Archiv, P-260-1_Basel_1906	Basel
Angst		Gebrüder, Alte Bayrische Bierhalle	Steinenvorstadt 1a	Basel	2391	1906	45	telefonbuch_047	PTT-Archiv, P-260-1_Basel_1906	Basel
Angst	R.	Bandagist und Sanitätsgeschäft	Blumenrain 1	Basel	1327	1906	45	telefonbuch_047	PTT-Archiv, P-260-1_Basel_1906	Basel
Angst	R.	Wohnung	Steinenring 46	Basel	3854	1906	45	telefonbuch_047	PTT-Archiv, P-260-1_Basel_1906	Basel
Anilinfarben- u. Extraktfabriken vorm. Joh. Rud. Geigy		Kassa, Parterre	Bahnhofstrasse 3	Basel	3548	1906	45	telefonbuch_047	PTT-Archiv, P-260-1_Basel_1906	Basel
Anilinfarben- u. Extraktfabriken vorm. Joh. Rud. Geigy		Waren-Abteilung u. Spedition, I. St.	Bahnhofstrasse 3	Basel	3549	1906	45	telefonbuch_047	PTT-Archiv, P-260-1_Basel_1906	Basel
Anilinfarben- u. Extraktfabriken vorm. Joh. Rud. Geigy		Fabrik	Rosenthalweg 2	Basel	3618	1906	45	telefonbuch_047	PTT-Archiv, P-260-1_Basel_1906	Basel
Anklin	Alfred	Möbelfabrik	St. Albanring 278	Basel	2146	1906	45	telefonbuch_047	PTT-Archiv, P-260-1_Basel_1906	Basel
Apotheke Rordorf			Ob. Spalenberg 63	Basel	2885	1906	45	telefonbuch_047	PTT-Archiv, P-260-1_Basel_1906	Basel
Appretur und Mech. Werkstätte vorm. Aug. Vögelin			Hammerstrasse 56	Basel	3714	1906	45	telefonbuch_047	PTT-Archiv, P-260-1_Basel_1906	Basel
Arbeitgebersekretariat			Nadelberg 20	Basel	4441	1906	45	telefonbuch_047	PTT-Archiv, P-260-1_Basel_1906	Basel
Arbeitshütte			Klingelbergstrasse	Basel	1517	1906	45	telefonbuch_047	PTT-Archiv, P-260-1_Basel_1906	Basel
Arbeitsnachweisbureau			Totengässlein 1/3	Basel	1495	1906	45	telefonbuch_047	PTT-Archiv, P-260-1_Basel_1906	Basel
Argast & Oelhafen		Baugeschäft	Burgfelderstrasse 14	Basel	1447	1906	45	telefonbuch_047	PTT-Archiv, P-260-1_Basel_1906	Basel
Armaturenfabrik J. Handschin			Dornacherstr. 146	Basel	3764	1906	45	telefonbuch_047	PTT-Archiv, P-260-1_Basel_1906	Basel
Armbruster	G.	Brod- und Feinbäckerei	Hebelstrasse 121	Basel	373	1906	45	telefonbuch_047	PTT-Archiv, P-260-1_Basel_1906	Basel
Armenamt		Bürgerliches	Stadthausgasse 13	Basel	1462	1906	45	telefonbuch_047	PTT-Archiv, P-260-1_Basel_1906	Basel
Armen-Arbeits-Anstalt zum Silberberg			Utengasse 11	Basel	4173	1906	45	telefonbuch_047	PTT-Archiv, P-260-1_Basel_1906	Basel
Armenherberge des Bürgerspitals			Petersgraben 4/6	Basel	1760	1906	45	telefonbuch_047	PTT-Archiv, P-260-1_Basel_1906	Basel
Arnold-Gisiger	Jos.	Droschkenhalter	Efringerstrasse 5	Basel	3448	1906	45	telefonbuch_047	PTT-Archiv, P-260-1_Basel_1906	Basel
Arnold-Rappard	Wilh.		Angensteinerstr. 15	Basel	4255	1906	45	telefonbuch_047	PTT-Archiv, P-260-1_Basel_1906	Basel
Augenheilanstalt			Mittlerestrasse 91	Basel	1497	1906	45	telefonbuch_047	PTT-Archiv, P-260-1_Basel_1906	Basel
Autogarage C. Schlotterbeck			Steinenring 45	Basel	1842	1906	45	telefonbuch_047	PTT-Archiv, P-260-1_Basel_1906	Basel
Aux Elégants			Freiestrasse 86	Basel	1218	1906	45	telefonbuch_047	PTT-Archiv, P-260-1_Basel_1906	Basel
A’Wengen-Meyenrock	Frau F. R.		St. Jakobstrasse 19	Basel	2287	1906	45	telefonbuch_047	PTT-Archiv, P-260-1_Basel_1906	Basel
Baader	W.		Elisabethenstr. 75	Basel	2273	1906	45	telefonbuch_047	PTT-Archiv, P-260-1_Basel_1906	Basel
Bacher	A.	Buchdruckerei	Unt. Heuberg 19	Basel	2478	1906	45	telefonbuch_047	PTT-Archiv, P-260-1_Basel_1906	Basel
Bächle-Kohlbrenner	Frid.	Wirt	Hammerstrasse 125	Basel	3408	1906	45	telefonbuch_047	PTT-Archiv, P-260-1_Basel_1906	Basel
Bachmann-Argast	Heh.	Küferei u. Weinhandlg.	Hirschgasse 44	Basel	142	1906	45	telefonbuch_047	PTT-Archiv, P-260-1_Basel_1906	Basel
Bachmann	Aug.	Küferei und Weinhandlg.	Holbeinstr. 14	Basel	4164	1906	45	telefonbuch_047	PTT-Archiv, P-260-1_Basel_1906	Basel
Bachmeier	J.	Maler	Hardtstrasse 85	Basel	3573	1906	45	telefonbuch_047	PTT-Archiv, P-260-1_Basel_1906	Basel
Bachofen-Burckhardt	C.		St. Albangraben 7	Basel	1875	1906	45	telefonbuch_047	PTT-Archiv, P-260-1_Basel_1906	Basel
Bachofen-Burckhardt	Frau Prof.		Münsterplatz 2	Basel	1086	1906	45	telefonbuch_047	PTT-Archiv, P-260-1_Basel_1906	Basel
Bachofen-Burckhardt	Frau Prof.	(Bureau)	Münsterplatz 2	Basel	1095	1906	45	telefonbuch_047	PTT-Archiv, P-260-1_Basel_1906	Basel
Bachofen-Burckhardt	Frau Prof.	Landgut	Bruderholzweg 4	Basel	3763	1906	45	telefonbuch_047	PTT-Archiv, P-260-1_Basel_1906	Basel
Bachofen-Burckhardt	Wilh.		Rheinsprung 18	Basel	1307	1906	46	telefonbuch_048	PTT-Archiv, P-260-1_Basel_1906	Basel
Bachofen-Dennler		privat	Friedensgasse 24	Basel	1494	1906	46	telefonbuch_048	PTT-Archiv, P-260-1_Basel_1906	Basel
Bachofen-Dennler & Sohn		Baugeschäft	Klingelbergstr. 27	Basel	1484	1906	46	telefonbuch_048	PTT-Archiv, P-260-1_Basel_1906	Basel
Bachofen-Petersen	J. M.	Wwe.	Gellertstrasse 24	Basel	4203	1906	46	telefonbuch_048	PTT-Archiv, P-260-1_Basel_1906	Basel
Bachofen Sohn	J. J.		Rheinsprung 18	Basel	1314	1906	46	telefonbuch_048	PTT-Archiv, P-260-1_Basel_1906	Basel
Bachofen-Vischer		Frau	Rheinsprung 18	Basel	1309	1906	46	telefonbuch_048	PTT-Archiv, P-260-1_Basel_1906	Basel
Bachofen-Vischer		Dieselbe	Singerweg 1	Basel	1854	1906	46	telefonbuch_048	PTT-Archiv, P-260-1_Basel_1906	Basel
Bachofen-Vischer		Dieselbe, Gärtnerwohnung	Singerweg 3	Basel	420	1906	46	telefonbuch_048	PTT-Archiv, P-260-1_Basel_1906	Basel
Bachofen-Vischer		Dieselbe, Villa	St. Jakobstrasse 191	Basel	3596	1906	46	telefonbuch_048	PTT-Archiv, P-260-1_Basel_1906	Basel
Bachthaler	Adolf	Schuhlager	Gerbergasse 35	Basel	2110	1906	46	telefonbuch_048	PTT-Archiv, P-260-1_Basel_1906	Basel
Bächtold	J.	Weinhandlung	Rudolfstrasse 54	Basel	2818	1906	46	telefonbuch_048	PTT-Archiv, P-260-1_Basel_1906	Basel
Bad-, Licht- und Wasser-Heil-Anstalt Basel			Missionsstrasse 17	Basel	3049	1906	46	telefonbuch_048	PTT-Archiv, P-260-1_Basel_1906	Basel
Bad- und Waschanstalt			Binningerstrasse 14	Basel	2563	1906	46	telefonbuch_048	PTT-Archiv, P-260-1_Basel_1906	Basel
Bad- und Waschanstalt		Dieselbe	Mattweg 20	Basel	3609	1906	46	telefonbuch_048	PTT-Archiv, P-260-1_Basel_1906	Basel
Bader-Ritter	W.		Spalenring 119	Basel	2733	1906	46	telefonbuch_048	PTT-Archiv, P-260-1_Basel_1906	Basel
Badische Assecuranz-Gesellschaft		Act.-Ges. (Generalbevollmächtigter R. Klaiber)	Feierabendstrasse 7	Basel	2431	1906	46	telefonbuch_048	PTT-Archiv, P-260-1_Basel_1906	Basel
Badische Pferdeversicherungsanstalt		Subdirektion	Steinenthorstr. 11	Basel	4416	1906	46	telefonbuch_048	PTT-Archiv, P-260-1_Basel_1906	Basel
Bähler	Gottlieb		Güterstrasse 76	Basel	2441	1906	46	telefonbuch_048	PTT-Archiv, P-260-1_Basel_1906	Basel
Bähler-Leiser	Alfr.		Gasstrasse 33	Basel	4483	1906	46	telefonbuch_048	PTT-Archiv, P-260-1_Basel_1906	Basel
Badische Bahn		Personenbahnhof, Auskunftsbureau		Basel	3521	1906	46	telefonbuch_048	PTT-Archiv, P-260-1_Basel_1906	Basel
Badische Bahn		Güterbahnhof, Auskunftsbureau		Basel	3512	1906	46	telefonbuch_048	PTT-Archiv, P-260-1_Basel_1906	Basel
Badische Bahn		Güterverwaltung, Grossh. Bad.	Güterbahnhof	Basel	4410	1906	46	telefonbuch_048	PTT-Archiv, P-260-1_Basel_1906	Basel
Badische Bahn		Dieselbe, Auskunft	Güterbahnhof	Basel	4432	1906	46	telefonbuch_048	PTT-Archiv, P-260-1_Basel_1906	Basel
Badische Bahn		Amtliche Güterbestätterei (Camionnage) Bureau No. 14		Basel	3220	1906	46	telefonbuch_048	PTT-Archiv, P-260-1_Basel_1906	Basel
Badische Bahn		Grossh. Bad. Eisenbahnbau-Inspektion	Riehenstrasse 192	Basel	1003	1906	46	telefonbuch_048	PTT-Archiv, P-260-1_Basel_1906	Basel
Bahnhof S.B.B., Personenbahnhof		Bahnhof-Vorstand, Auskunftsbureau		Basel	3920	1906	46	telefonbuch_048	PTT-Archiv, P-260-1_Basel_1906	Basel
Bahnhof S.B.B., Personenbahnhof		Eilgutexpedition S. B. B.		Basel	2474	1906	46	telefonbuch_048	PTT-Archiv, P-260-1_Basel_1906	Basel
Bahnhof S.B.B., Personenbahnhof		Eilgutabfertigungsstelle E. L. B.		Basel	1650	1906	46	telefonbuch_048	PTT-Archiv, P-260-1_Basel_1906	Basel
Bahnhof S.B.B., Personenbahnhof		Speiseanstalt		Basel	3932	1906	46	telefonbuch_048	PTT-Archiv, P-260-1_Basel_1906	Basel
Bahnhof S.B.B., Güterbahnhof		Güterexpedition S. B. B., Auskunftsbureau		Basel	2245	1906	46	telefonbuch_048	PTT-Archiv, P-260-1_Basel_1906	Basel
Bahnhof S.B.B., Güterbahnhof		Güterexpedition S. B. B., Versandbureau		Basel	3980	1906	46	telefonbuch_048	PTT-Archiv, P-260-1_Basel_1906	Basel
Bahnhof S.B.B., Güterbahnhof		Güterexpedition S. B. B., Empfangsbureau		Basel	3987	1906	46	telefonbuch_048	PTT-Archiv, P-260-1_Basel_1906	Basel
Bahnhof S.B.B., Güterbahnhof		Kommerzielle Agentur der S. B. B.		Basel	3976	1906	46	telefonbuch_048	PTT-Archiv, P-260-1_Basel_1906	Basel
Bahnhof S.B.B., Güterbahnhof		Güterabfertigungsstelle E. L. B.		Basel	3975	1906	46	telefonbuch_048	PTT-Archiv, P-260-1_Basel_1906	Basel
Bahnhof S.B.B., Güterbahnhof		Deutsches Zolldeklarationsbureau E. L. B.		Basel	4219	1906	46	telefonbuch_048	PTT-Archiv, P-260-1_Basel_1906	Basel
Bahnhof S.B.B., Güterbahnhof		Camionnagebureau		Basel	2421	1906	46	telefonbuch_048	PTT-Archiv, P-260-1_Basel_1906	Basel
Bahnhof S.B.B., Güterbahnhof		Lagerhausverwaltung		Basel	2479	1906	46	telefonbuch_048	PTT-Archiv, P-260-1_Basel_1906	Basel
Bahnhof S.B.B., Güterbahnhof		Sprechstation für Private		Basel	4174	1906	46	telefonbuch_048	PTT-Archiv, P-260-1_Basel_1906	Basel
Bahnhof S.B.B., Güterbahnhof		Speiseanstalt		Basel	4215	1906	46	telefonbuch_048	PTT-Archiv, P-260-1_Basel_1906	Basel
Bahnhof St. Johann		Güterexpedition S. B. B.		Basel	3615	1906	46	telefonbuch_048	PTT-Archiv, P-260-1_Basel_1906	Basel
Bahnhof St. Johann		Güterabfertigungsstelle E. L. B.		Basel	3608	1906	46	telefonbuch_048	PTT-Archiv, P-260-1_Basel_1906	Basel
Bahnhofbuchhandlung		(Georg & Cie.)	Bahnhof S. B. B.	Basel	977	1906	47	telefonbuch_049	PTT-Archiv, P-260-1_Basel_1906	Basel
Baier-Peter	H.	Eier-, Käse- u. Butterhandlung	Hegenheimerstr. 3	Basel	889	1906	47	telefonbuch_049	PTT-Archiv, P-260-1_Basel_1906	Basel
Baldeweck-Meyer	Jakob	Spengler	Steinenvorstadt 50	Basel	2495	1906	47	telefonbuch_049	PTT-Archiv, P-260-1_Basel_1906	Basel
Baldinger	W.	Tapezierer	Klosterberg 11	Basel	1971	1906	47	telefonbuch_049	PTT-Archiv, P-260-1_Basel_1906	Basel
Ballié	A.	Möbelfabrik	Freiestrasse 29	Basel	1133	1906	47	telefonbuch_049	PTT-Archiv, P-260-1_Basel_1906	Basel
Ballmer	J. Albert	Weinhdlg. u. Liqueurfabrik en gros	Zürcherstrasse 135	Basel	4129	1906	47	telefonbuch_049	PTT-Archiv, P-260-1_Basel_1906	Basel
Ballmer	J. J.	Wein- und Colonialwaren	Hardtstrasse 26	Basel	3579	1906	47	telefonbuch_049	PTT-Archiv, P-260-1_Basel_1906	Basel
Bally-Burckhardt	Max		Grellingerstrasse 75	Basel	3493	1906	47	telefonbuch_049	PTT-Archiv, P-260-1_Basel_1906	Basel
Bally-Manifico	Theodor		Steinenring 25	Basel	221	1906	47	telefonbuch_049	PTT-Archiv, P-260-1_Basel_1906	Basel
Bâloise		Feuer, Direktion	Elisabethenstr. 46	Basel	2201	1906	47	telefonbuch_049	PTT-Archiv, P-260-1_Basel_1906	Basel
Bâloise		Generalagentur für „Feuer“	Elisabethenstr. 46	Basel	2159	1906	47	telefonbuch_049	PTT-Archiv, P-260-1_Basel_1906	Basel
Bâloise		Kasse	Elisabethenstr. 46	Basel	2200	1906	47	telefonbuch_049	PTT-Archiv, P-260-1_Basel_1906	Basel
Bâloise		Leben und Unfall, Direction	Elisabethenstr. 46	Basel	2172	1906	47	telefonbuch_049	PTT-Archiv, P-260-1_Basel_1906	Basel
Bâloise		Transport	Elisabethenstr. 46	Basel	2207	1906	47	telefonbuch_049	PTT-Archiv, P-260-1_Basel_1906	Basel
Bandi	Jules	Confiseur	Freiestrasse 90	Basel	1944	1906	47	telefonbuch_049	PTT-Archiv, P-260-1_Basel_1906	Basel
Bandi	Jules	Filiale	Centralbahnpl. 6	Basel	3351	1906	47	telefonbuch_049	PTT-Archiv, P-260-1_Basel_1906	Basel
Banga	Carl	Wwe., Molkerei	Dornacherstrasse 71	Basel	2467	1906	47	telefonbuch_049	PTT-Archiv, P-260-1_Basel_1906	Basel
Banholzer	Ad.	Zimmermeister	Sennheimerstr. 40	Basel	940	1906	47	telefonbuch_049	PTT-Archiv, P-260-1_Basel_1906	Basel
Bank in Basel		(Cassa)	Marktplatz 11	Basel	1605	1906	47	telefonbuch_049	PTT-Archiv, P-260-1_Basel_1906	Basel
Bank in Basel		(Direction)	Marktplatz 11	Basel	1319	1906	47	telefonbuch_049	PTT-Archiv, P-260-1_Basel_1906	Basel
Bankverein, Schweiz.			Aeschenvorstadt 72	Basel	2281	1906	47	telefonbuch_049	PTT-Archiv, P-260-1_Basel_1906	Basel
Bankverein, Schweiz.			Aeschenvorstadt 72	Basel	2095	1906	47	telefonbuch_049	PTT-Archiv, P-260-1_Basel_1906	Basel
Bankverein, Schweiz.			Aeschenvorstadt 72	Basel	2083	1906	47	telefonbuch_049	PTT-Archiv, P-260-1_Basel_1906	Basel
Bankverein, Schweiz.		Kasse	Aeschenvorstadt 72	Basel	4545	1906	47	telefonbuch_049	PTT-Archiv, P-260-1_Basel_1906	Basel
Bankverein, Schweiz.		Börsensaal	Postgebäude	Basel	119	1906	47	telefonbuch_049	PTT-Archiv, P-260-1_Basel_1906	Basel
Bankverein, Schweiz.		Börsensaal	Postgebäude	Basel	118	1906	47	telefonbuch_049	PTT-Archiv, P-260-1_Basel_1906	Basel
Banque cantonale de Bâle			Blumenrain 2	Basel	1336	1906	47	telefonbuch_049	PTT-Archiv, P-260-1_Basel_1906	Basel
Banque cantonale de Bâle		Service spécial	Blumenrain 2	Basel	177	1906	47	telefonbuch_049	PTT-Archiv, P-260-1_Basel_1906	Basel
Banque foncière du Jura			St. Albananlage 1	Basel	1949	1906	47	telefonbuch_049	PTT-Archiv, P-260-1_Basel_1906	Basel
Bär	F.	Förster	Zürcherstrasse 193	Basel	77	1906	47	telefonbuch_049	PTT-Archiv, P-260-1_Basel_1906	Basel
Bär	Louis	Tapezierer	Aeschenvorstadt 56	Basel	2076	1906	47	telefonbuch_049	PTT-Archiv, P-260-1_Basel_1906	Basel
Bär & Co.			Leonhardsgraben 6	Basel	2731	1906	47	telefonbuch_049	PTT-Archiv, P-260-1_Basel_1906	Basel
Bär & Co.			Leonhardsgraben 6	Basel	159	1906	47	telefonbuch_049	PTT-Archiv, P-260-1_Basel_1906	Basel
Bär & Co.			Lagerplatz Dreispitz	Basel	2292	1906	47	telefonbuch_049	PTT-Archiv, P-260-1_Basel_1906	Basel
Bär-Wernet	G.		Dornacherstrasse 9	Basel	968	1906	47	telefonbuch_049	PTT-Archiv, P-260-1_Basel_1906	Basel
Barbe-Hauser	E.		Centralbahnplatz 7	Basel	3647	1906	47	telefonbuch_049	PTT-Archiv, P-260-1_Basel_1906	Basel
Barberis	G. B.		Steinenvorstadt 14	Basel	2148	1906	47	telefonbuch_049	PTT-Archiv, P-260-1_Basel_1906	Basel
Bardet & Cie.			Theaterstrasse 10	Basel	457	1906	47	telefonbuch_049	PTT-Archiv, P-260-1_Basel_1906	Basel
Barell	Emil	Dr.	Wettsteinplatz 6	Basel	2371	1906	47	telefonbuch_049	PTT-Archiv, P-260-1_Basel_1906	Basel
Barruschky	Friedr.	Spengler	Steinenvorstadt 27	Basel	2277	1906	47	telefonbuch_049	PTT-Archiv, P-260-1_Basel_1906	Basel
Bartenbach	Herm.	Eisenhandlung	Feldbergstrasse 113	Basel	3442	1906	47	telefonbuch_049	PTT-Archiv, P-260-1_Basel_1906	Basel
Barth-Burckhardt	Marg.	Wwe.	Schaffh. Rheinweg 61	Basel	3785	1906	47	telefonbuch_049	PTT-Archiv, P-260-1_Basel_1906	Basel
Barth	Paul	Dr.	Stadthausgasse 13	Basel	1469	1906	47	telefonbuch_049	PTT-Archiv, P-260-1_Basel_1906	Basel
Barth-Schwarb	J.	Schuhmachermeister	Ob. Heuberg 18	Basel	2374	1906	47	telefonbuch_049	PTT-Archiv, P-260-1_Basel_1906	Basel
Basler Anzeiger			Freiestrasse 40	Basel	2047	1906	47	telefonbuch_049	PTT-Archiv, P-260-1_Basel_1906	Basel
Basler Bandfabrik		vorm. Trüdinger & Cons.	Nauenstrasse 10	Basel	2194	1906	47	telefonbuch_049	PTT-Archiv, P-260-1_Basel_1906	Basel
Basler Baugesellschaft		Direktion	Freiestrasse 17	Basel	2045	1906	47	telefonbuch_049	PTT-Archiv, P-260-1_Basel_1906	Basel
Basler Baugesellschaft		Architekturbureau, Kasse	Freiestrasse 17	Basel	2008	1906	47	telefonbuch_049	PTT-Archiv, P-260-1_Basel_1906	Basel
Basler Baugesellschaft		Ingenieurbureau, Maurergeschäft, Betonbau, Gipsergeschäft, Werkhof	Grenzacherstr. 32	Basel	3738	1906	48	telefonbuch_050	PTT-Archiv, P-260-1_Basel_1906	Basel
Basler Baugesellschaft		Steinmetzbetrieb	Grenzacherstr. 209	Basel	3234	1906	48	telefonbuch_050	PTT-Archiv, P-260-1_Basel_1906	Basel
Basler Baugesellschaft		siehe unter „Münchenstein“		Basel		1906	48	telefonbuch_050	PTT-Archiv, P-260-1_Basel_1906	Basel
Basler Buch- und Antiquariatshandlung		vorm. Ad. Geering	Bäumleingasse 10	Basel	1851	1906	48	telefonbuch_050	PTT-Archiv, P-260-1_Basel_1906	Basel
Basler Bürsten- und Pinselfabrik		Gebr. Steib	Pfeffingerstrasse 101	Basel	3858	1906	48	telefonbuch_050	PTT-Archiv, P-260-1_Basel_1906	Basel
Basler Bürsten- und Pinselfabrik		Filiale	Aeschenvorstadt 43	Basel	2043	1906	48	telefonbuch_050	PTT-Archiv, P-260-1_Basel_1906	Basel
Basler Bürsten- und Pinselfabrik		Filiale	Unt. Rheingasse 15	Basel	1266	1906	48	telefonbuch_050	PTT-Archiv, P-260-1_Basel_1906	Basel
Basler Centralheizungs-Fabrik		Stehle & Gutknecht	Bärenfelserstr. 47	Basel	2369	1906	48	telefonbuch_050	PTT-Archiv, P-260-1_Basel_1906	Basel
Basler chem. Fabrik		siehe unter „Kleinhünigen“		Basel	3332	1906	48	telefonbuch_050	PTT-Archiv, P-260-1_Basel_1906	Basel
Basler Droguerie Leonhard Bernoulli & Co.			Hochstrasse 16	Basel	3889	1906	48	telefonbuch_050	PTT-Archiv, P-260-1_Basel_1906	Basel
Basler Droschkenanstalt Seidelen		Droschken und Möbeltransport	Davidsgasse 15	Basel	1519	1906	48	telefonbuch_050	PTT-Archiv, P-260-1_Basel_1906	Basel
Basler Droschkenanstalt Seidelen			Davidsgasse 15	Basel	1531	1906	48	telefonbuch_050	PTT-Archiv, P-260-1_Basel_1906	Basel
Basler Droschkenanstalt Seidelen		Camionnage und Fuhrhalterei	Solothurnerstr. 12	Basel	3946	1906	48	telefonbuch_050	PTT-Archiv, P-260-1_Basel_1906	Basel
Basler Druck- und Verlagsanstalt			Pfluggasse 1	Basel	2113	1906	48	telefonbuch_050	PTT-Archiv, P-260-1_Basel_1906	Basel
Basler Effektenbörse		I	Postgebäude	Basel	3146	1906	48	telefonbuch_050	PTT-Archiv, P-260-1_Basel_1906	Basel
Basler Effektenbörse		II	Postgebäude	Basel	4302	1906	48	telefonbuch_050	PTT-Archiv, P-260-1_Basel_1906	Basel
Basler Effektenbörse		III	Postgebäude	Basel	117	1906	48	telefonbuch_050	PTT-Archiv, P-260-1_Basel_1906	Basel
Basler Effektenbörse		IV	Postgebäude	Basel	1419	1906	48	telefonbuch_050	PTT-Archiv, P-260-1_Basel_1906	Basel
Basler Eisgesellschaft		(Bronner & Co.)	Nauenstrasse 1	Basel	2270	1906	48	telefonbuch_050	PTT-Archiv, P-260-1_Basel_1906	Basel
Basler	J.	& Co.	Totentanz 1	Basel	1366	1906	48	telefonbuch_050	PTT-Archiv, P-260-1_Basel_1906	Basel
Basler Lagerhausgesellschaft		Lagerhaus, Kassa und Direktion	Isteinerstrasse 120	Basel	2401	1906	48	telefonbuch_050	PTT-Archiv, P-260-1_Basel_1906	Basel
Basler Lagerhausgesellschaft		Spedition	Isteinerstrasse 120	Basel	4496	1906	48	telefonbuch_050	PTT-Archiv, P-260-1_Basel_1906	Basel
Basler Lagerhausgesellschaft		Güterbahnhof Wolf der S. B. B.	St. Jakobstr.	Basel	4213	1906	48	telefonbuch_050	PTT-Archiv, P-260-1_Basel_1906	Basel
Basler Lagerhausgesellschaft		amtliche Güterbestätterei der Badischen Bahn, Bureau No. 14	Bad. Bahnhof	Basel	3220	1906	48	telefonbuch_050	PTT-Archiv, P-260-1_Basel_1906	Basel
Basler Milchgenossenschaft			Friedrichstrasse 18	Basel	381	1906	48	telefonbuch_050	PTT-Archiv, P-260-1_Basel_1906	Basel
Basler Nachrichten		Expedition	Gerbergasse 40	Basel	3041	1906	48	telefonbuch_050	PTT-Archiv, P-260-1_Basel_1906	Basel
Basler Nachrichten		Druckerei	Gerbergasse 40	Basel	3339	1906	48	telefonbuch_050	PTT-Archiv, P-260-1_Basel_1906	Basel
Basler Nachrichten		Redaktion	Gerbergasse 40	Basel	3057	1906	48	telefonbuch_050	PTT-Archiv, P-260-1_Basel_1906	Basel
Basler Pfandleihanstalt			Luftgässlein 5	Basel	1751	1906	48	telefonbuch_050	PTT-Archiv, P-260-1_Basel_1906	Basel
Basler Seidenhaus			Falknerstrasse 1	Basel	1982	1906	48	telefonbuch_050	PTT-Archiv, P-260-1_Basel_1906	Basel
Basler Stempelfabrik	Fr.	Keller	Bäumleingasse 12	Basel	209	1906	48	telefonbuch_050	PTT-Archiv, P-260-1_Basel_1906	Basel
Basler Strassenbahnen		Direktion und Betriebsinspektion	Claragraben 57	Basel	3822	1906	48	telefonbuch_050	PTT-Archiv, P-260-1_Basel_1906	Basel
Basler Strassenbahnen		Buchhaltung und Cassa	Claragraben 57	Basel	3815	1906	48	telefonbuch_050	PTT-Archiv, P-260-1_Basel_1906	Basel
Basler Strassenbahnen		Kraftstation	Claragraben 57	Basel	3802	1906	48	telefonbuch_050	PTT-Archiv, P-260-1_Basel_1906	Basel
Basler Strassenbahnen		Tramstation	Barfüsserplatz	Basel	4266	1906	48	telefonbuch_050	PTT-Archiv, P-260-1_Basel_1906	Basel
Basler Strassenbahnen		Dépôt Klybeck, Wagenremise	Klybeckstrasse 212	Basel	3381	1906	48	telefonbuch_050	PTT-Archiv, P-260-1_Basel_1906	Basel
Basler Strassenbahnen		Klybeck, Bureaux	Klybeckstrasse 212	Basel	3228	1906	48	telefonbuch_050	PTT-Archiv, P-260-1_Basel_1906	Basel
Basler Strassenbahnen		Allschwilerstrasse	Aeussere Allschwilerstrasse	Basel	285	1906	48	telefonbuch_050	PTT-Archiv, P-260-1_Basel_1906	Basel
Basler Strassenbahnen		Arlesheim (siehe Arlesheim)		Basel	2876	1906	48	telefonbuch_050	PTT-Archiv, P-260-1_Basel_1906	Basel
Basler Strassenbahnen		Direktorwohnung	Socinstrasse 81	Basel	991	1906	48	telefonbuch_050	PTT-Archiv, P-260-1_Basel_1906	Basel
Basler Strassenbahnen		Wohnung des Adjunkten des Direktors	Kandererstrasse 32	Basel	91	1906	48	telefonbuch_050	PTT-Archiv, P-260-1_Basel_1906	Basel
Basler Strassenbahnen		Wohnung des Betriebsinspektors	Ob. Rebgasse 1/3	Basel	3819	1906	48	telefonbuch_050	PTT-Archiv, P-260-1_Basel_1906	Basel
Basler Verkaufs-Centrale der Churer Lack- und Farbenfabrik			Heumattstrasse 19	Basel	2226	1906	49	telefonbuch_051	PTT-Archiv, P-260-1_Basel_1906	Basel
Basler Versicherungsgesellschaften		Feuer, Direktion	Elisabethenstr. 46	Basel	2201	1906	49	telefonbuch_051	PTT-Archiv, P-260-1_Basel_1906	Basel
Dieselben		Generalagentur für „Feuer“	Elisabethenstr. 46	Basel	2159	1906	49	telefonbuch_051	PTT-Archiv, P-260-1_Basel_1906	Basel
Dieselben		Kasse	Elisabethenstr. 46	Basel	2200	1906	49	telefonbuch_051	PTT-Archiv, P-260-1_Basel_1906	Basel
Dieselben		Leben und Unfall, Direktion	Elisabethenstr. 46	Basel	2172	1906	49	telefonbuch_051	PTT-Archiv, P-260-1_Basel_1906	Basel
Dieselben		Transport	Elisabethenstr. 46	Basel	2207	1906	49	telefonbuch_051	PTT-Archiv, P-260-1_Basel_1906	Basel
Basler Volksblatt			Petersgasse 34	Basel	1687	1906	49	telefonbuch_051	PTT-Archiv, P-260-1_Basel_1906	Basel
Basler Volkshaus und Gasthof z. Blume			Schwanengasse 4	Basel	1695	1906	49	telefonbuch_051	PTT-Archiv, P-260-1_Basel_1906	Basel
Basler Vorwärts			Petersberg 29	Basel	1738	1906	49	telefonbuch_051	PTT-Archiv, P-260-1_Basel_1906	Basel
Basler Wach- u. Schliessgesellschaft			Utengasse 16	Basel	4455	1906	49	telefonbuch_051	PTT-Archiv, P-260-1_Basel_1906	Basel
Basler Wechselstube	R.	Blendinger	Marktplatz 14	Basel	1931	1906	49	telefonbuch_051	PTT-Archiv, P-260-1_Basel_1906	Basel
Basler Wichsefabrik		Luchsinger & Cie.	Bruderholzstr. 104	Basel	1458	1906	49	telefonbuch_051	PTT-Archiv, P-260-1_Basel_1906	Basel
Basler Wohnungsanzeiger		Redaktion	Dornacherstrasse 137	Basel	4081	1906	49	telefonbuch_051	PTT-Archiv, P-260-1_Basel_1906	Basel
Basler Zeitung und Handelsblatt			Elisabethenstr. 11	Basel	1961	1906	49	telefonbuch_051	PTT-Archiv, P-260-1_Basel_1906	Basel
Dieselbe		Redaktion	Elisabethenstr. 11	Basel	2412	1906	49	telefonbuch_051	PTT-Archiv, P-260-1_Basel_1906	Basel
Baudepartement		Sekretariat	Münsterplatz 11	Basel	1167	1906	49	telefonbuch_051	PTT-Archiv, P-260-1_Basel_1906	Basel
Baudepartement		Kantonsing., I. Adjunkt u. Zeichnungsbureau	Rheinsprung 21	Basel	1174	1906	49	telefonbuch_051	PTT-Archiv, P-260-1_Basel_1906	Basel
Baudepartement		Kassa	Münsterplatz 11	Basel	4490	1906	49	telefonbuch_051	PTT-Archiv, P-260-1_Basel_1906	Basel
Baudepartement		Hochbauinspektor I u. II, Hochbaubureau I u. II, Mobiliarverwalter, Heizungsingenieur	Münsterplatz 11	Basel	1168	1906	49	telefonbuch_051	PTT-Archiv, P-260-1_Basel_1906	Basel
Baudepartement		Werkhof, Materialverwaltung	Pestalozzistrasse 30	Basel	1537	1906	49	telefonbuch_051	PTT-Archiv, P-260-1_Basel_1906	Basel
Baudepartement		Bauverwalter I und II	Münsterplatz 11	Basel	435	1906	49	telefonbuch_051	PTT-Archiv, P-260-1_Basel_1906	Basel
Baudepartement		Baupolizei	Münsterplatz 11	Basel	120	1906	49	telefonbuch_051	PTT-Archiv, P-260-1_Basel_1906	Basel
Baudepartement		Baubureau der Börse	Fischmarkt	Basel	4521	1906	49	telefonbuch_051	PTT-Archiv, P-260-1_Basel_1906	Basel
Baudepartement		Baubureau der Mädchensekundarschule	Klybeckstrasse 113	Basel	3292	1906	49	telefonbuch_051	PTT-Archiv, P-260-1_Basel_1906	Basel
Baudepartement		Kanalisationsbureau	Ob. Rebgasse 1	Basel	1826	1906	49	telefonbuch_051	PTT-Archiv, P-260-1_Basel_1906	Basel
Baudepartement		Strasseninspektorat	Ob. Rebgasse 1	Basel	3218	1906	49	telefonbuch_051	PTT-Archiv, P-260-1_Basel_1906	Basel
Baudepartement		Stadtuhrenmacher	Nadelberg 11	Basel	2575	1906	49	telefonbuch_051	PTT-Archiv, P-260-1_Basel_1906	Basel
Bauer-Brombacher	Fr.	Buchbinder	Hebelstrasse 11	Basel	461	1906	49	telefonbuch_051	PTT-Archiv, P-260-1_Basel_1906	Basel
Bauer	Camille		Dornacherstrasse 18	Basel	2205	1906	49	telefonbuch_051	PTT-Archiv, P-260-1_Basel_1906	Basel
Bauer	Carl	Holz- und Metallhandlung	Steinenthorstrasse 4	Basel	2167	1906	49	telefonbuch_051	PTT-Archiv, P-260-1_Basel_1906	Basel
Bauer	Carl	Tapezierer	Binningerstr. 31	Basel	4017	1906	49	telefonbuch_051	PTT-Archiv, P-260-1_Basel_1906	Basel
Bauer	Conrad	Metzgermeister	Schneidergasse 19	Basel	399	1906	49	telefonbuch_051	PTT-Archiv, P-260-1_Basel_1906	Basel
Bauer	Gottfried	Buchdruckerei	St. Johannvorst. 41	Basel	1707	1906	49	telefonbuch_051	PTT-Archiv, P-260-1_Basel_1906	Basel
Bauer-Kirch	Franz		Rütlistrasse 43	Basel	3607	1906	49	telefonbuch_051	PTT-Archiv, P-260-1_Basel_1906	Basel
Bauer	J. M.		Freiestrasse 6	Basel	1575	1906	49	telefonbuch_051	PTT-Archiv, P-260-1_Basel_1906	Basel
Bauer-Sturm	Hch.	Hotel Bauer	Blumenrain 12	Basel	1302	1906	49	telefonbuch_051	PTT-Archiv, P-260-1_Basel_1906	Basel
Bauler	Jak.		Grellingerstrasse 21	Basel	3561	1906	49	telefonbuch_051	PTT-Archiv, P-260-1_Basel_1906	Basel
Bauler & Baur			Freiestrasse 22	Basel	1801	1906	49	telefonbuch_051	PTT-Archiv, P-260-1_Basel_1906	Basel
Baumann	Anton		Maulbeerweg 19	Basel	1214	1906	49	telefonbuch_051	PTT-Archiv, P-260-1_Basel_1906	Basel
Baumann	E.	Hôtel Sonne	Ob. Rheingasse 25	Basel	1221	1906	49	telefonbuch_051	PTT-Archiv, P-260-1_Basel_1906	Basel
Baumann	H. & F.	Spezierer	Gerbergasse 54	Basel	2180	1906	49	telefonbuch_051	PTT-Archiv, P-260-1_Basel_1906	Basel
Dieselben			Holbeinstrasse 56	Basel	262	1906	49	telefonbuch_051	PTT-Archiv, P-260-1_Basel_1906	Basel
Baumann-Kühnle	Joseph		Colmarstrasse 12	Basel	848	1906	49	telefonbuch_051	PTT-Archiv, P-260-1_Basel_1906	Basel
Baumann & Wehrly			Hammerstrasse 113	Basel	3444	1906	49	telefonbuch_051	PTT-Archiv, P-260-1_Basel_1906	Basel
Baumberger	E.	& Koch, Hauptbureau	Reinacherstrasse 64	Basel	2977	1906	50	telefonbuch_052	PTT-Archiv, P-260-1_Basel_1906	Basel
Baumberger	E.	& Koch, Filiallager	Hammerstrasse 20	Basel	3808	1906	50	telefonbuch_052	PTT-Archiv, P-260-1_Basel_1906	Basel
Baumberger-Schneider	E.	Ww.	Schützenmattstr. 50	Basel	3177	1906	50	telefonbuch_052	PTT-Archiv, P-260-1_Basel_1906	Basel
Baumgartner	Ed.		Aeschengraben 32	Basel	2389	1906	50	telefonbuch_052	PTT-Archiv, P-260-1_Basel_1906	Basel
Baumgartner	Ed.		Steinenvorstadt 8	Basel	2516	1906	50	telefonbuch_052	PTT-Archiv, P-260-1_Basel_1906	Basel
Baumgartner	Emil	Wirt	Elsässerstrasse 13	Basel	4144	1906	50	telefonbuch_052	PTT-Archiv, P-260-1_Basel_1906	Basel
Baumgartner	Karl	Malermeister	Claragraben 56	Basel	3640	1906	50	telefonbuch_052	PTT-Archiv, P-260-1_Basel_1906	Basel
Baumgartner-Mica	H.	Ingenieur	Mittlerestrasse 80	Basel	4540	1906	50	telefonbuch_052	PTT-Archiv, P-260-1_Basel_1906	Basel
Baumgartner	Otto		Hebelstrasse 79	Basel	1652	1906	50	telefonbuch_052	PTT-Archiv, P-260-1_Basel_1906	Basel
Baumgartner & Co.			Claragraben 37	Basel	1306	1906	50	telefonbuch_052	PTT-Archiv, P-260-1_Basel_1906	Basel
Baumgartner	X.	Hotel Breisgauerhof	Hüningerstrasse 2	Basel	1416	1906	50	telefonbuch_052	PTT-Archiv, P-260-1_Basel_1906	Basel
Baumli-Jost	B.		Badergässlein 8	Basel	4470	1906	50	telefonbuch_052	PTT-Archiv, P-260-1_Basel_1906	Basel
Baur-Greiner	Georg	Bäcker und Wirt	Unt. Rebgasse 14	Basel	1247	1906	50	telefonbuch_052	PTT-Archiv, P-260-1_Basel_1906	Basel
Baur	Karl	Schreinermeister	Drahtzugstrasse 26	Basel	3422	1906	50	telefonbuch_052	PTT-Archiv, P-260-1_Basel_1906	Basel
Baur	Samuel	Schlossermeister	Hardtstrasse 28	Basel	3784	1906	50	telefonbuch_052	PTT-Archiv, P-260-1_Basel_1906	Basel
Baur	Samuel	& Sohn, Maler	Gemsberg 5	Basel	2751	1906	50	telefonbuch_052	PTT-Archiv, P-260-1_Basel_1906	Basel
Baur		Schwestern	Eisengasse 30	Basel	1591	1906	50	telefonbuch_052	PTT-Archiv, P-260-1_Basel_1906	Basel
Bausteinfabrik Kleinhüningen			Kleinhüningerstr. 180	Basel	3198	1906	50	telefonbuch_052	PTT-Archiv, P-260-1_Basel_1906	Basel
Bayer-Studer		Wwe., Corsettengeschäft	Streitgasse 14	Basel	2011	1906	50	telefonbuch_052	PTT-Archiv, P-260-1_Basel_1906	Basel
Bazzell	L.	Hôtel Metropole & Monopol	Barfüsserplatz 3	Basel	2353	1906	50	telefonbuch_052	PTT-Archiv, P-260-1_Basel_1906	Basel
Bea	C.	fils, automobiles	Mülhauserstrasse 94	Basel	304	1906	50	telefonbuch_052	PTT-Archiv, P-260-1_Basel_1906	Basel
Bea	Karl	Restauration zum badischen Hof	Bahnhofstrasse 55	Basel	3310	1906	50	telefonbuch_052	PTT-Archiv, P-260-1_Basel_1906	Basel
Bebler	Henri	Conditor	Steinenvorstadt 71	Basel	2358	1906	50	telefonbuch_052	PTT-Archiv, P-260-1_Basel_1906	Basel
Beck	Albert	Wwe., Bauschreinerei u. Glaserei	Hardtstrasse 129	Basel	3777	1906	50	telefonbuch_052	PTT-Archiv, P-260-1_Basel_1906	Basel
Beck	Theodor	Dr.	Missionsstrasse 19	Basel	1513	1906	50	telefonbuch_052	PTT-Archiv, P-260-1_Basel_1906	Basel
Beck & Co.			Birsigstrasse 54	Basel	2566	1906	50	telefonbuch_052	PTT-Archiv, P-260-1_Basel_1906	Basel
Becker	Adolf		Freiestrasse 107	Basel	2931	1906	50	telefonbuch_052	PTT-Archiv, P-260-1_Basel_1906	Basel
Beckmann	Bruno	Dr.	Angensteinerstr. 31	Basel	474	1906	50	telefonbuch_052	PTT-Archiv, P-260-1_Basel_1906	Basel
Beil	Jean	Käsehandlung, Bureau	Tellstrasse 7	Basel	3860	1906	50	telefonbuch_052	PTT-Archiv, P-260-1_Basel_1906	Basel
Beil	Jean	Wohnung	Pfeffingerstrasse 79	Basel	3879	1906	50	telefonbuch_052	PTT-Archiv, P-260-1_Basel_1906	Basel
Bek-von Köppel	Emil Osc.	Glasmaler	Friedensgasse 69	Basel	4192	1906	50	telefonbuch_052	PTT-Archiv, P-260-1_Basel_1906	Basel
Bekbissinger	E.	Bäckerei	Schauenburgerstr. 22	Basel	412	1906	50	telefonbuch_052	PTT-Archiv, P-260-1_Basel_1906	Basel
Bélat-Vögtli	C.		Falkensteinerstr. 11	Basel	3926	1906	50	telefonbuch_052	PTT-Archiv, P-260-1_Basel_1906	Basel
Bell	Eduard	Metzger	Spalenberg 13	Basel	2713	1906	50	telefonbuch_052	PTT-Archiv, P-260-1_Basel_1906	Basel
Bell	Samuel	Söhne	Streitgasse 13/22	Basel	2055	1906	50	telefonbuch_052	PTT-Archiv, P-260-1_Basel_1906	Basel
Bellasio	Arthur	Wohnung	Unt. Rebgasse 11/13	Basel	1160	1906	50	telefonbuch_052	PTT-Archiv, P-260-1_Basel_1906	Basel
Belz	Carl	Buchbinderei	Gemsberg 7	Basel	436	1906	50	telefonbuch_052	PTT-Archiv, P-260-1_Basel_1906	Basel
Bender-Bender	J.		Unt. Rheinweg 46	Basel	1292	1906	50	telefonbuch_052	PTT-Archiv, P-260-1_Basel_1906	Basel
Benkler-Meier	Emil		Clarastrasse 35	Basel	4486	1906	50	telefonbuch_052	PTT-Archiv, P-260-1_Basel_1906	Basel
Benz	Emma		Oberwilerstr. 17	Basel	144	1906	50	telefonbuch_052	PTT-Archiv, P-260-1_Basel_1906	Basel
Benz	H.		Leonhardsgraben 61	Basel	3003	1906	50	telefonbuch_052	PTT-Archiv, P-260-1_Basel_1906	Basel
Berger-Bechtel		Wwe., Wirtschaft	Freiburgerstrasse 1	Basel	3341	1906	50	telefonbuch_052	PTT-Archiv, P-260-1_Basel_1906	Basel
Berger	Emil		Schanzenstrasse 18	Basel	3280	1906	50	telefonbuch_052	PTT-Archiv, P-260-1_Basel_1906	Basel
Bergmaier	Wilh.	Schlossermeister	Bartenheimerstr. 15	Basel	996	1906	50	telefonbuch_052	PTT-Archiv, P-260-1_Basel_1906	Basel
Bergmann	Julius		Freiestrasse 11	Basel	463	1906	50	telefonbuch_052	PTT-Archiv, P-260-1_Basel_1906	Basel
Berlinger-Kunz	Aug.		Gundoldingerstr. 432	Basel	3863	1906	50	telefonbuch_052	PTT-Archiv, P-260-1_Basel_1906	Basel
Bernard	Edouard		Marschalkenstr. 27	Basel	4536	1906	50	telefonbuch_052	PTT-Archiv, P-260-1_Basel_1906	Basel
Bernauer-Iselin	Adolf	Metzger	Clarastrasse 24	Basel	3707	1906	50	telefonbuch_052	PTT-Archiv, P-260-1_Basel_1906	Basel
Bernauer-Kraft	K.	Erdbauunternehmer	Spalenring 16	Basel	836	1906	50	telefonbuch_052	PTT-Archiv, P-260-1_Basel_1906	Basel
Bernauer-Reichert	R.		Allschwilerstr. 63	Basel	816	1906	51	telefonbuch_053	PTT-Archiv, P-260-1_Basel_1906	Basel
Bernet	J. J.	Conditor	Aeschenvorstadt 53	Basel	1998	1906	51	telefonbuch_053	PTT-Archiv, P-260-1_Basel_1906	Basel
Bernhardt	Carl	Vertreter d. Velofabr. Cosmos	Missionsstrasse 54	Basel	176	1906	51	telefonbuch_053	PTT-Archiv, P-260-1_Basel_1906	Basel
Bernheim	Charles	Metzgermeister	Ob. Heuberg 2	Basel	2860	1906	51	telefonbuch_053	PTT-Archiv, P-260-1_Basel_1906	Basel
Bernheim	Henri		Aeschenvorstadt 72	Basel	2300	1906	51	telefonbuch_053	PTT-Archiv, P-260-1_Basel_1906	Basel
Bernheim	M.		Holbeinstrasse 29	Basel	3150	1906	51	telefonbuch_053	PTT-Archiv, P-260-1_Basel_1906	Basel
Bernheim	Marc		Aeschengraben 30	Basel	1939	1906	51	telefonbuch_053	PTT-Archiv, P-260-1_Basel_1906	Basel
Bernheim	Philipp		Nauenstrasse 55	Basel	4070	1906	51	telefonbuch_053	PTT-Archiv, P-260-1_Basel_1906	Basel
Bernheim	Ph.	& Co.	Aeschenvorstadt 77	Basel	2381	1906	51	telefonbuch_053	PTT-Archiv, P-260-1_Basel_1906	Basel
Bernoulli	A.		Petersgraben 49	Basel	3623	1906	51	telefonbuch_053	PTT-Archiv, P-260-1_Basel_1906	Basel
Bernoulli	Dan. Alfr.	Architekt	St. Albanvorstadt 16	Basel	1091	1906	51	telefonbuch_053	PTT-Archiv, P-260-1_Basel_1906	Basel
Bernoulli	Dr. C. Chr.	Oberbibliothekar	Holbeinstrasse 69	Basel	3650	1906	51	telefonbuch_053	PTT-Archiv, P-260-1_Basel_1906	Basel
Bernoulli-Gengenbach	F.		Schützengraben 49	Basel	429	1906	51	telefonbuch_053	PTT-Archiv, P-260-1_Basel_1906	Basel
Bernoulli-Glitsch	Dr. Daniel		Steinengraben 77	Basel	2515	1906	51	telefonbuch_053	PTT-Archiv, P-260-1_Basel_1906	Basel
Bernoulli	Leonhard	& Cie., Basler Droguerie	Hochstrasse 16	Basel	3889	1906	51	telefonbuch_053	PTT-Archiv, P-260-1_Basel_1906	Basel
Bernoulli	Marie u. Mathilde	Kunstphotogr.	Bäumleingasse 14	Basel	1983	1906	51	telefonbuch_053	PTT-Archiv, P-260-1_Basel_1906	Basel
Bernoulli-Reber	Prof. Dr. J. J.		Kanonengasse 19	Basel	3083	1906	51	telefonbuch_053	PTT-Archiv, P-260-1_Basel_1906	Basel
Bernoulli-Riggenbach	Ed.		Langegasse 11	Basel	1902	1906	51	telefonbuch_053	PTT-Archiv, P-260-1_Basel_1906	Basel
Bernoulli-Sartorius	Dr. Wilh.		Schärtlingasse 4	Basel	3070	1906	51	telefonbuch_053	PTT-Archiv, P-260-1_Basel_1906	Basel
Bernoulli-Sulger	Wwe. H.		Steinengraben 73	Basel	2764	1906	51	telefonbuch_053	PTT-Archiv, P-260-1_Basel_1906	Basel
Bernoulli-Vischer	W.	Architekt	Wartenbergstr. 11	Basel	4184	1906	51	telefonbuch_053	PTT-Archiv, P-260-1_Basel_1906	Basel
Bernoulli-Vischer	W.	Bureau	Clarahofweg 25	Basel	4450	1906	51	telefonbuch_053	PTT-Archiv, P-260-1_Basel_1906	Basel
Bernoulli - von der Tann	W. L.		Leimenstrasse 30	Basel	2880	1906	51	telefonbuch_053	PTT-Archiv, P-260-1_Basel_1906	Basel
Bertholet	Prof. A.	Sekretariat der Regenz	Leonhardstrasse 8	Basel	2679	1906	51	telefonbuch_053	PTT-Archiv, P-260-1_Basel_1906	Basel
Bertolf	Wilhelm		Freiestrasse 42	Basel	1884	1906	51	telefonbuch_053	PTT-Archiv, P-260-1_Basel_1906	Basel
Bertrams	Heinrich		Utengasse 15	Basel	1196	1906	51	telefonbuch_053	PTT-Archiv, P-260-1_Basel_1906	Basel
Bertsch	W.	Landschaftsgärtner	Neubadstrasse 270	Basel	831	1906	51	telefonbuch_053	PTT-Archiv, P-260-1_Basel_1906	Basel
Bertschi		Buchdruckerei	Petersgasse 40	Basel	1677	1906	51	telefonbuch_053	PTT-Archiv, P-260-1_Basel_1906	Basel
Bertschi	Rud.	Rechtsanwalt	Freiestrasse 101	Basel	1970	1906	51	telefonbuch_053	PTT-Archiv, P-260-1_Basel_1906	Basel
Beschle	Ernst	Conditorei	Holbeinstrasse 49	Basel	3124	1906	51	telefonbuch_053	PTT-Archiv, P-260-1_Basel_1906	Basel
Besse	Justin	mech. Teppichklopferei u. Schreinerei	Liesbergerstrasse 15	Basel	3502	1906	51	telefonbuch_053	PTT-Archiv, P-260-1_Basel_1906	Basel
Bessermann		Dr. med.	Steinengraben 46	Basel	4514	1906	51	telefonbuch_053	PTT-Archiv, P-260-1_Basel_1906	Basel
Besson	Henri	Lichtdruckanstalt, Alfr. Ditisheim Nachf.	Elisabethenstr. 41	Basel	2094	1906	51	telefonbuch_053	PTT-Archiv, P-260-1_Basel_1906	Basel
Bestattungswesen			Domhof	Basel	2165	1906	51	telefonbuch_053	PTT-Archiv, P-260-1_Basel_1906	Basel
Betsch-Mähly	Dr. G. J. A.		Marschalkenstr. 20	Basel	4220	1906	51	telefonbuch_053	PTT-Archiv, P-260-1_Basel_1906	Basel
Betsche	Albert	Bäckermeister	Landskronstr. 31	Basel	2557	1906	51	telefonbuch_053	PTT-Archiv, P-260-1_Basel_1906	Basel
Bettwarengeschäft Rosenmund			Spalenring 166	Basel	2960	1906	51	telefonbuch_053	PTT-Archiv, P-260-1_Basel_1906	Basel
Betz	G.	& Sohn, mech. Werkstätte	Mörsbergerstr. 54	Basel	822	1906	51	telefonbuch_053	PTT-Archiv, P-260-1_Basel_1906	Basel
Betz	J.	& Cie., Cementgeschäft	Eulerstrasse 53	Basel	2759	1906	51	telefonbuch_053	PTT-Archiv, P-260-1_Basel_1906	Basel
Beutel	E.		Elisabethenstr. 77	Basel	2253	1906	51	telefonbuch_053	PTT-Archiv, P-260-1_Basel_1906	Basel
Beuttner	E.	St. Clara-Apotheke	Clarastrasse 22	Basel	3532	1906	51	telefonbuch_053	PTT-Archiv, P-260-1_Basel_1906	Basel
Bibliothek		öffentliche	Schönbeinstrasse 20	Basel	2636	1906	51	telefonbuch_053	PTT-Archiv, P-260-1_Basel_1906	Basel
Bickart & Neu			Ob. Heuberg 22	Basel	1115	1906	51	telefonbuch_053	PTT-Archiv, P-260-1_Basel_1906	Basel
Bickel	J.	Telephonchef	Mittlerestrasse 78	Basel	95	1906	51	telefonbuch_053	PTT-Archiv, P-260-1_Basel_1906	Basel
Bickert	Henri		Leimenstrasse 36	Basel	4408	1906	51	telefonbuch_053	PTT-Archiv, P-260-1_Basel_1906	Basel
Bider	Dr. Max	pract. Arzt	Schützenmattstr. 39	Basel	2660	1906	51	telefonbuch_053	PTT-Archiv, P-260-1_Basel_1906	Basel
Bider-Münger	Dr. A.	Arzt	Klingenthalgraben 35	Basel	3459	1906	51	telefonbuch_053	PTT-Archiv, P-260-1_Basel_1906	Basel
Bieder-Iselin	Dr. A.		Byfangweg 14	Basel	2990	1906	51	telefonbuch_053	PTT-Archiv, P-260-1_Basel_1906	Basel
Bieder		"""Löwenzorn"""	Gemsberg 2/4	Basel	2796	1906	51	telefonbuch_053	PTT-Archiv, P-260-1_Basel_1906	Basel
Bieder & Vischer			Kaufhausgasse 7	Basel	2027	1906	51	telefonbuch_053	PTT-Archiv, P-260-1_Basel_1906	Basel
Biedert-Hafner	W.	Fuhrhalter	Elsässerstrasse 84	Basel	1726	1906	52	telefonbuch_054	PTT-Archiv, P-260-1_Basel_1906	Basel
Bierer	Joseph		Peter Merianstr. 21	Basel	2710	1906	52	telefonbuch_054	PTT-Archiv, P-260-1_Basel_1906	Basel
Bierhalle Thoma		(Ed. Villaret-Bertrand)	Ob. Rheingasse 2	Basel	1118	1906	52	telefonbuch_054	PTT-Archiv, P-260-1_Basel_1906	Basel
Biermann	Gustav		Murtengasse 8	Basel	3796	1906	52	telefonbuch_054	PTT-Archiv, P-260-1_Basel_1906	Basel
Bihrer	Alphonse	Bijoutier	Freiestrasse 72	Basel	2033	1906	52	telefonbuch_054	PTT-Archiv, P-260-1_Basel_1906	Basel
Billich	E.	Tapetenhandlung	Theaterstrasse 14	Basel	965	1906	52	telefonbuch_054	PTT-Archiv, P-260-1_Basel_1906	Basel
Billich	Seb.	Schreinermeister	Mörsbergerstrasse 48	Basel	426	1906	52	telefonbuch_054	PTT-Archiv, P-260-1_Basel_1906	Basel
Billing-Weber	M. B.	Frau, Wasch- u. Glätterei	Kirchgasse 4	Basel	1402	1906	52	telefonbuch_054	PTT-Archiv, P-260-1_Basel_1906	Basel
Binder-Wiest	C.		Ob. Heuberg 17	Basel	2882	1906	52	telefonbuch_054	PTT-Archiv, P-260-1_Basel_1906	Basel
Bindschädler		Geschwister, Cementbaugeschäft	Klybeckstrasse 51/53	Basel	3202	1906	52	telefonbuch_054	PTT-Archiv, P-260-1_Basel_1906	Basel
Bing	E. & S.	Gebr.	Freiestrasse 40	Basel	1989	1906	52	telefonbuch_054	PTT-Archiv, P-260-1_Basel_1906	Basel
Bing		Gebr., Söhne, Seidenband en gros	St. Johannvorst. 27	Basel	1710	1906	52	telefonbuch_054	PTT-Archiv, P-260-1_Basel_1906	Basel
Bing	Robert	Dr., Arzt	Wallstrasse 1	Basel	1117	1906	52	telefonbuch_054	PTT-Archiv, P-260-1_Basel_1906	Basel
Binkert-Bohrer	Ed.		St. Johannvorst. 41	Basel	3664	1906	52	telefonbuch_054	PTT-Archiv, P-260-1_Basel_1906	Basel
Binswanger-Heilgers	Gust.		Austrasse 89	Basel	989	1906	52	telefonbuch_054	PTT-Archiv, P-260-1_Basel_1906	Basel
Binswanger & Lebert			Freiestrasse 53	Basel	4044	1906	52	telefonbuch_054	PTT-Archiv, P-260-1_Basel_1906	Basel
Binz	Urs	Advokat	Kaufhausgasse 3	Basel	1410	1906	52	telefonbuch_054	PTT-Archiv, P-260-1_Basel_1906	Basel
Bircher-Wullschleger	J.	Wirt	Centralbahnstr. 19	Basel	3857	1906	52	telefonbuch_054	PTT-Archiv, P-260-1_Basel_1906	Basel
Birkhäuser	Emil	Buchdruckerei	Elisabethenstr. 11	Basel	2307	1906	52	telefonbuch_054	PTT-Archiv, P-260-1_Basel_1906	Basel
Birkhäuser	Emil	Wohnung	Margarethenstr. 53	Basel	2425	1906	52	telefonbuch_054	PTT-Archiv, P-260-1_Basel_1906	Basel
Birkhäuser & Dübi		Buchdruckerei	Elisabethenstrasse 7	Basel	2012	1906	52	telefonbuch_054	PTT-Archiv, P-260-1_Basel_1906	Basel
Birnbaumer	Anton	Decateur	Klosterberg 8	Basel	2104	1906	52	telefonbuch_054	PTT-Archiv, P-260-1_Basel_1906	Basel
Birsigthalbahn		Direktion	Binningerstrasse 11	Basel	2470	1906	52	telefonbuch_054	PTT-Archiv, P-260-1_Basel_1906	Basel
Birsigthalbahn		Schalterhaus	auf St. Margarethen	Basel	4030	1906	52	telefonbuch_054	PTT-Archiv, P-260-1_Basel_1906	Basel
Birsigthalbahn		Kraftstation (siehe Oberwil)		Basel	3566	1906	52	telefonbuch_054	PTT-Archiv, P-260-1_Basel_1906	Basel
Bischler	August	Dr., Direktor	Unt. Rheinweg 104	Basel	2598	1906	52	telefonbuch_054	PTT-Archiv, P-260-1_Basel_1906	Basel
Bischoff	Clara		Hardtsrasse 45	Basel	4464	1906	52	telefonbuch_054	PTT-Archiv, P-260-1_Basel_1906	Basel
Bischoff	Carl	Dr.	Sevogelstrasse 53	Basel	3694	1906	52	telefonbuch_054	PTT-Archiv, P-260-1_Basel_1906	Basel
Bischoff	Eugen	Dr.	Schützenmattstr. 40	Basel	2947	1906	52	telefonbuch_054	PTT-Archiv, P-260-1_Basel_1906	Basel
Bischoff	Ed.		Hardstrasse 11	Basel	3570	1906	52	telefonbuch_054	PTT-Archiv, P-260-1_Basel_1906	Basel
Bischoff	Emil		Nadelberg 10	Basel	1432	1906	52	telefonbuch_054	PTT-Archiv, P-260-1_Basel_1906	Basel
Bischoff	J. J. A.	Dr., Frauenarzt	St. Albanvorstadt 14	Basel	1994	1906	52	telefonbuch_054	PTT-Archiv, P-260-1_Basel_1906	Basel
Bischoff-Cherbuin	Emma	Wwe.	Gellertstrasse 1	Basel	4201	1906	52	telefonbuch_054	PTT-Archiv, P-260-1_Basel_1906	Basel
Bischoff-Geigy	Chr.	Frau	Langegasse 15	Basel	2063	1906	52	telefonbuch_054	PTT-Archiv, P-260-1_Basel_1906	Basel
Bischoff	Jos.	Baugeschäft	Sennheimerstr. 15	Basel	2816	1906	52	telefonbuch_054	PTT-Archiv, P-260-1_Basel_1906	Basel
Bischoff-Meyer	B.	Frau	Marschalkenstr. 29	Basel	419	1906	52	telefonbuch_054	PTT-Archiv, P-260-1_Basel_1906	Basel
Bischoff-Ryhiner	E.		St. Jakobstrasse 17	Basel	1947	1906	52	telefonbuch_054	PTT-Archiv, P-260-1_Basel_1906	Basel
Bischoff-Ryhiner	E.	siehe unter „Arlesheim“		Basel		1906	52	telefonbuch_054	PTT-Archiv, P-260-1_Basel_1906	Basel
Bitterli-Peter	Fr.	Butterhandlung	Drahtzugstrasse 57	Basel	3473	1906	52	telefonbuch_054	PTT-Archiv, P-260-1_Basel_1906	Basel
Bitz	Wilh.	Buchbinder	Aeschenvorstadt 48	Basel	2066	1906	52	telefonbuch_054	PTT-Archiv, P-260-1_Basel_1906	Basel
Blankenhorn & Co.			Elsässerstrasse 170	Basel	1369	1906	52	telefonbuch_054	PTT-Archiv, P-260-1_Basel_1906	Basel
Blankenhorn	Hermann		Maiengasse 56	Basel	450	1906	52	telefonbuch_054	PTT-Archiv, P-260-1_Basel_1906	Basel
Blaser	Fritz		Schneidergasse 24	Basel	1439	1906	52	telefonbuch_054	PTT-Archiv, P-260-1_Basel_1906	Basel
Bläsi-Kaffeehalle			Klingenthalstrasse 1	Basel	3377	1906	52	telefonbuch_054	PTT-Archiv, P-260-1_Basel_1906	Basel
Bläsischulhaus			Bläsiringweg 110	Basel	3369	1906	52	telefonbuch_054	PTT-Archiv, P-260-1_Basel_1906	Basel
Blatter-Christener	Emanuel	Milchhändler	Allschwilerstrasse 40	Basel	956	1906	52	telefonbuch_054	PTT-Archiv, P-260-1_Basel_1906	Basel
Blatter	E.	& Cie., Tuchhandlung	Freiestrasse 31	Basel	728	1906	52	telefonbuch_054	PTT-Archiv, P-260-1_Basel_1906	Basel
Blattner-Wespi	C.	Wwe., Hebamme	Nauenstrasse 8	Basel	2313	1906	52	telefonbuch_054	PTT-Archiv, P-260-1_Basel_1906	Basel
Blauel	Leopold	Wirt	Landskronstr. 1	Basel	1356	1906	52	telefonbuch_054	PTT-Archiv, P-260-1_Basel_1906	Basel
Blaukreuzhaus		(Gesellsch.): Verw. Joh. Hasler	Petersgraben 23	Basel	1577	1906	53	telefonbuch_055	PTT-Archiv, P-260-1_Basel_1906	Basel
Blindenheim			Kohlenberggasse 20	Basel	2361	1906	53	telefonbuch_055	PTT-Archiv, P-260-1_Basel_1906	Basel
Bloch	Charles		Eulerstrasse 49	Basel	4046	1906	53	telefonbuch_055	PTT-Archiv, P-260-1_Basel_1906	Basel
Bloch	D.	Nachf. v. Bloch & Tachau	Austrasse 102	Basel	2298	1906	53	telefonbuch_055	PTT-Archiv, P-260-1_Basel_1906	Basel
Bloch	Ernst	Dr., St. Leonhardsapotheke	Leimenstrasse 27	Basel	2955	1906	53	telefonbuch_055	PTT-Archiv, P-260-1_Basel_1906	Basel
Bloch		Gebrüder	Ramsteinerstrasse 9	Basel	4293	1906	53	telefonbuch_055	PTT-Archiv, P-260-1_Basel_1906	Basel
Bloch-Heumann	Simon		Grellingerstrasse 9	Basel	3962	1906	53	telefonbuch_055	PTT-Archiv, P-260-1_Basel_1906	Basel
Bloch	Jc.	& Comp., Mercerie et Maroquinerie en gros	Dornacherstrasse 62	Basel	135	1906	53	telefonbuch_055	PTT-Archiv, P-260-1_Basel_1906	Basel
Bloch	Jules		Birsigstrasse 132	Basel	1662	1906	53	telefonbuch_055	PTT-Archiv, P-260-1_Basel_1906	Basel
Bloch-Kahn	Charles		Schützenmattstr. 46	Basel	2163	1906	53	telefonbuch_055	PTT-Archiv, P-260-1_Basel_1906	Basel
Bloch	Leopold		Thiersteinerallee 42	Basel	243	1906	53	telefonbuch_055	PTT-Archiv, P-260-1_Basel_1906	Basel
Bloch	Moritz		Gerbergasse 89	Basel	4245	1906	53	telefonbuch_055	PTT-Archiv, P-260-1_Basel_1906	Basel
Bloch	Philipp		Hardstrasse 72	Basel	4270	1906	53	telefonbuch_055	PTT-Archiv, P-260-1_Basel_1906	Basel
Bloch	Philipp	Derselbe	Johanniterstrasse 11	Basel	2785	1906	53	telefonbuch_055	PTT-Archiv, P-260-1_Basel_1906	Basel
Bloch	Simon		Falknerstrasse 1	Basel	2118	1906	53	telefonbuch_055	PTT-Archiv, P-260-1_Basel_1906	Basel
Bloch	Simon	Derselbe	Sommergasse 22	Basel	856	1906	53	telefonbuch_055	PTT-Archiv, P-260-1_Basel_1906	Basel
Bloch	S.	& Cie.	Oetlingerstrasse 69	Basel	3315	1906	53	telefonbuch_055	PTT-Archiv, P-260-1_Basel_1906	Basel
Bloch & Ulmann		Viehhändler	Steinenthorberg 12	Basel	2507	1906	53	telefonbuch_055	PTT-Archiv, P-260-1_Basel_1906	Basel
Bloch & Goldschmidt			Güterstrasse 167	Basel	4314	1906	53	telefonbuch_055	PTT-Archiv, P-260-1_Basel_1906	Basel
Blum	Albert	& Cie., Agenturen	Dornacherstr. 115	Basel	900	1906	53	telefonbuch_055	PTT-Archiv, P-260-1_Basel_1906	Basel
Blum	Gaston		Freiestrasse 117	Basel	416	1906	53	telefonbuch_055	PTT-Archiv, P-260-1_Basel_1906	Basel
Blum	R.		Eulerstrasse 29	Basel	2497	1906	53	telefonbuch_055	PTT-Archiv, P-260-1_Basel_1906	Basel
Bodenheimer	Berth.		Gartenstrasse 109	Basel	3613	1906	53	telefonbuch_055	PTT-Archiv, P-260-1_Basel_1906	Basel
Bodenheimer	Berth.	Derselbe, Lagerplatz	Dreispitz	Basel	4406	1906	53	telefonbuch_055	PTT-Archiv, P-260-1_Basel_1906	Basel
Bodenheimer	H.	au Printemps, Damenkonfektion	Freiestrasse 45	Basel	467	1906	53	telefonbuch_055	PTT-Archiv, P-260-1_Basel_1906	Basel
Bodenheimer	S.		Gartenstrasse 58	Basel	2161	1906	53	telefonbuch_055	PTT-Archiv, P-260-1_Basel_1906	Basel
Böhler	F. J.	Ofenfabrik	Clarastrasse 50	Basel	3711	1906	53	telefonbuch_055	PTT-Archiv, P-260-1_Basel_1906	Basel
Böhm	Joseph		Bruderholzstr. 104	Basel	200	1906	53	telefonbuch_055	PTT-Archiv, P-260-1_Basel_1906	Basel
Böhm-Lohri	G.		Gempenstrasse 71	Basel	4058	1906	53	telefonbuch_055	PTT-Archiv, P-260-1_Basel_1906	Basel
Böhme-Asal	Jacques	Dekorationsmaler	Dufourstrasse 50	Basel	1882	1906	53	telefonbuch_055	PTT-Archiv, P-260-1_Basel_1906	Basel
Böhme-Steinmann	Lukas	Küfermeister	Hirschgässlein 1	Basel	2086	1906	53	telefonbuch_055	PTT-Archiv, P-260-1_Basel_1906	Basel
Bohny-Collin	Alfred		Riehenthorstrasse 31	Basel	1120	1906	53	telefonbuch_055	PTT-Archiv, P-260-1_Basel_1906	Basel
Bohny	C.	Dr., Arzt	Claragraben 23	Basel	3731	1906	53	telefonbuch_055	PTT-Archiv, P-260-1_Basel_1906	Basel
Bohny, Hollinger & Co.			Clarastrasse 6	Basel	3525	1906	53	telefonbuch_055	PTT-Archiv, P-260-1_Basel_1906	Basel
Bohny-Ranzenberger	Emil		Grenzacherstr. 11	Basel	3824	1906	53	telefonbuch_055	PTT-Archiv, P-260-1_Basel_1906	Basel
Bohny-Ritschard	Ad.		Eulerstrasse 17	Basel	3261	1906	53	telefonbuch_055	PTT-Archiv, P-260-1_Basel_1906	Basel
Bohrer-Butz	Joh.	Glasermeister	Allschwilerstr. 5	Basel	729	1906	53	telefonbuch_055	PTT-Archiv, P-260-1_Basel_1906	Basel
Boivin	Edouard		St. Albananlage 1	Basel	2171	1906	53	telefonbuch_055	PTT-Archiv, P-260-1_Basel_1906	Basel
Bölger-Hindermann	Ros.	Wwe.	Aeschengraben 21	Basel	2124	1906	53	telefonbuch_055	PTT-Archiv, P-260-1_Basel_1906	Basel
Bollack, Brunschwig & Cie.			Heumattstrasse 10	Basel	2215	1906	53	telefonbuch_055	PTT-Archiv, P-260-1_Basel_1906	Basel
Bollag-Dreyfus	Jos.		Klingelbergstr. 29	Basel	3405	1906	53	telefonbuch_055	PTT-Archiv, P-260-1_Basel_1906	Basel
Bollag	Emanuel		Steinenvorstadt 54	Basel	2087	1906	53	telefonbuch_055	PTT-Archiv, P-260-1_Basel_1906	Basel
Bollag-Feuchtwanger	J.		Holbeinstrasse 15	Basel	4080	1906	53	telefonbuch_055	PTT-Archiv, P-260-1_Basel_1906	Basel
Bollag		Gebr., Bettfedern und Flaum	Lichtstrasse 39	Basel	1489	1906	53	telefonbuch_055	PTT-Archiv, P-260-1_Basel_1906	Basel
Bollag	J.	Commission u. Warrantgeschäft	Steinenvorstadt 12	Basel	3806	1906	53	telefonbuch_055	PTT-Archiv, P-260-1_Basel_1906	Basel
Bollag	Josef		Leimenstrasse 31	Basel	220	1906	53	telefonbuch_055	PTT-Archiv, P-260-1_Basel_1906	Basel
Bollag	S.	französische Warenhalle	Marktgasse 1	Basel	1606	1906	53	telefonbuch_055	PTT-Archiv, P-260-1_Basel_1906	Basel
Bollag-Sommer	J.		Birsigstrasse 136	Basel	768	1906	53	telefonbuch_055	PTT-Archiv, P-260-1_Basel_1906	Basel
Bolliger & Oberer		Elektr. Unternehmungen	Dufourstrasse 52	Basel	331	1906	54	telefonbuch_056	PTT-Archiv, P-260-1_Basel_1906	Basel
Bollinger	J.	Restauration zum Bahnhof	Güterstrasse 100	Basel	4163	1906	54	telefonbuch_056	PTT-Archiv, P-260-1_Basel_1906	Basel
Bömly	Alfr.	Direktor des Sommertheaters	Riehenstrasse 61	Basel	149	1906	54	telefonbuch_056	PTT-Archiv, P-260-1_Basel_1906	Basel
Bonnand	Ed.	Tierarzt	Pfeffingerstrasse 49	Basel	1992	1906	54	telefonbuch_056	PTT-Archiv, P-260-1_Basel_1906	Basel
Bopp	Fritz		Hegenheimerstr. 27	Basel	27	1906	54	telefonbuch_056	PTT-Archiv, P-260-1_Basel_1906	Basel
Boepple	Paul		Mittlerestrasse 61	Basel	452	1906	54	telefonbuch_056	PTT-Archiv, P-260-1_Basel_1906	Basel
Borchardt	M.	Nachfolger	Stadthausgasse 24	Basel	345	1906	54	telefonbuch_056	PTT-Archiv, P-260-1_Basel_1906	Basel
Boreux	A.		Petersgraben 31	Basel	1390	1906	54	telefonbuch_056	PTT-Archiv, P-260-1_Basel_1906	Basel
Borgognon	Louis		St. Albanthal 12	Basel	4134	1906	54	telefonbuch_056	PTT-Archiv, P-260-1_Basel_1906	Basel
Borgognon-Schneider	Louis		Holbeinstrasse 53	Basel	4507	1906	54	telefonbuch_056	PTT-Archiv, P-260-1_Basel_1906	Basel
Boeringer	P. P.		Peter Merianstr. 52	Basel	4313	1906	54	telefonbuch_056	PTT-Archiv, P-260-1_Basel_1906	Basel
Boeringer-Simonius	Ch.		Grenzacherstr. 166	Basel	3196	1906	54	telefonbuch_056	PTT-Archiv, P-260-1_Basel_1906	Basel
Derselbe			Zürcherstrasse 1	Basel	4109	1906	54	telefonbuch_056	PTT-Archiv, P-260-1_Basel_1906	Basel
Börlin	E. R.		Grellingerstrasse 82	Basel	2463	1906	54	telefonbuch_056	PTT-Archiv, P-260-1_Basel_1906	Basel
Börlin	Jakob	Tapezierer	Hirschgasse 5	Basel	1521	1906	54	telefonbuch_056	PTT-Archiv, P-260-1_Basel_1906	Basel
Börlin	Wolfgang	Dr., Bureau	Greifengasse 28	Basel	1244	1906	54	telefonbuch_056	PTT-Archiv, P-260-1_Basel_1906	Basel
Derselbe		Wohnung	Theodorsgraben 18	Basel	1022	1906	54	telefonbuch_056	PTT-Archiv, P-260-1_Basel_1906	Basel
Boesch	J.		Lothringerstrasse 19	Basel	4240	1906	54	telefonbuch_056	PTT-Archiv, P-260-1_Basel_1906	Basel
Bösinger-Schill	Leon		Delsbergerallee 31	Basel	287	1906	54	telefonbuch_056	PTT-Archiv, P-260-1_Basel_1906	Basel
Bossart	H. F.	Hotel Storchen	Stadthausgasse 25	Basel	2409	1906	54	telefonbuch_056	PTT-Archiv, P-260-1_Basel_1906	Basel
Bosshardt-Gull	Alfred		Oberwilerstrasse 63	Basel	3936	1906	54	telefonbuch_056	PTT-Archiv, P-260-1_Basel_1906	Basel
Bosshardt	H.	Zahnarzt	Eulerstrasse 15	Basel	2871	1906	54	telefonbuch_056	PTT-Archiv, P-260-1_Basel_1906	Basel
Bosshardt	Oskar	Ingenieur	Hardstrasse 87	Basel	2493	1906	54	telefonbuch_056	PTT-Archiv, P-260-1_Basel_1906	Basel
Botanisches Institut			Schönbeinstrasse 6	Basel	3151	1906	54	telefonbuch_056	PTT-Archiv, P-260-1_Basel_1906	Basel
Bote	C.	Spenglermeister	Greifengasse 32	Basel	3203	1906	54	telefonbuch_056	PTT-Archiv, P-260-1_Basel_1906	Basel
Boetsch	B.	Baugeschäft	Gundoldingerstr. 127	Basel	4024	1906	54	telefonbuch_056	PTT-Archiv, P-260-1_Basel_1906	Basel
Bott	C. R.		Claragraben 7	Basel	2952	1906	54	telefonbuch_056	PTT-Archiv, P-260-1_Basel_1906	Basel
Bourcart	C. D.	Dr.	Engelgasse 7	Basel	917	1906	54	telefonbuch_056	PTT-Archiv, P-260-1_Basel_1906	Basel
Bovet-Schmid	H.	Ingenieur	Kanonengasse 29	Basel	2735	1906	54	telefonbuch_056	PTT-Archiv, P-260-1_Basel_1906	Basel
Brack-Fässler	Chr.		Allschwilerstrasse 38	Basel	2793	1906	54	telefonbuch_056	PTT-Archiv, P-260-1_Basel_1906	Basel
Brand-Riedtmann	Rudolf		Waldenburgerstr. 14	Basel	11	1906	54	telefonbuch_056	PTT-Archiv, P-260-1_Basel_1906	Basel
Brand	Rud.		Aeschenvorstadt 47	Basel	2385	1906	54	telefonbuch_056	PTT-Archiv, P-260-1_Basel_1906	Basel
Brand	Wm.	Agentur in Seidenabfällen	Rheinfelderstr. 42	Basel	266	1906	54	telefonbuch_056	PTT-Archiv, P-260-1_Basel_1906	Basel
Brändli	J.	Mechaniker und Optiker	Freiestrasse 59	Basel	1071	1906	54	telefonbuch_056	PTT-Archiv, P-260-1_Basel_1906	Basel
Brändlin	Gustav		Gempenstrasse 25	Basel	4099	1906	54	telefonbuch_056	PTT-Archiv, P-260-1_Basel_1906	Basel
Brandversicherungsanstalt Basel-Stadt			Rathaus	Basel	2318	1906	54	telefonbuch_056	PTT-Archiv, P-260-1_Basel_1906	Basel
Brann	Julius	Mercerie u. Bonneterie	Marktplatz 1-2	Basel	1730	1906	54	telefonbuch_056	PTT-Archiv, P-260-1_Basel_1906	Basel
Bratteler-Neukomm	Emil	(siehe Birsfelden)		Basel	4517	1906	54	telefonbuch_056	PTT-Archiv, P-260-1_Basel_1906	Basel
Brauerei z. Cardinal		(Wirtschaft)	Freiestrasse 36	Basel	2114	1906	54	telefonbuch_056	PTT-Archiv, P-260-1_Basel_1906	Basel
Dieselbe		(Bureau)	Viaduktstrasse 45	Basel	2452	1906	54	telefonbuch_056	PTT-Archiv, P-260-1_Basel_1906	Basel
Brauerei Farnsburg			Reinacherstrasse 12	Basel	3927	1906	54	telefonbuch_056	PTT-Archiv, P-260-1_Basel_1906	Basel
Brauerei zum Greifen		Wirtschaft	Greifengasse 31	Basel	4196	1906	54	telefonbuch_056	PTT-Archiv, P-260-1_Basel_1906	Basel
Brauerei F. Merian			Steinenthörstr. 23	Basel	2101	1906	54	telefonbuch_056	PTT-Archiv, P-260-1_Basel_1906	Basel
Brauerei z. Warteck		(Wirtschaft)	Bahnhofstrasse 7	Basel	3620	1906	54	telefonbuch_056	PTT-Archiv, P-260-1_Basel_1906	Basel
Dieselbe		(Bureau)	Burgweg 11	Basel	3179	1906	54	telefonbuch_056	PTT-Archiv, P-260-1_Basel_1906	Basel
Dieselbe		(Pächter F. Berger)	Erlenweg 2	Basel	324	1906	54	telefonbuch_056	PTT-Archiv, P-260-1_Basel_1906	Basel
Brauerei Ziegelhof Liestal		Dépôt Basel	Mühlhauserstr. 102	Basel	1533	1906	54	telefonbuch_056	PTT-Archiv, P-260-1_Basel_1906	Basel
Braun-Bachmann	P.	Bäckermeister	Spalenvorstadt 41	Basel	1899	1906	54	telefonbuch_056	PTT-Archiv, P-260-1_Basel_1906	Basel
Braun	Fritz	Passementerie	Bäumleingasse 16	Basel	1830	1906	54	telefonbuch_056	PTT-Archiv, P-260-1_Basel_1906	Basel
Braun-Graser	Math.	Metzger	Steinenthorstr. 39	Basel	4122	1906	55	telefonbuch_057	PTT-Archiv, P-260-1_Basel_1906	Basel
Braun	Hch.	Pferdeschlächterei	St. Johannvorst. 51	Basel	1746	1906	55	telefonbuch_057	PTT-Archiv, P-260-1_Basel_1906	Basel
Braun-Ranz	Kath.	Wwe.	Utengasse 22	Basel	4249	1906	55	telefonbuch_057	PTT-Archiv, P-260-1_Basel_1906	Basel
Braun-Rietmann	Alb.	Wirt	Binningerstr. 5	Basel	2220	1906	55	telefonbuch_057	PTT-Archiv, P-260-1_Basel_1906	Basel
Braun-Schetty	Frz.		Hammerstrasse 70	Basel	3505	1906	55	telefonbuch_057	PTT-Archiv, P-260-1_Basel_1906	Basel
Braun-Schetty	Frz.	Filiale	Steinenvorstadt 53	Basel	405	1906	55	telefonbuch_057	PTT-Archiv, P-260-1_Basel_1906	Basel
Braun-Schildknecht	M.		St. Johannring 98	Basel	1628	1906	55	telefonbuch_057	PTT-Archiv, P-260-1_Basel_1906	Basel
Braunschweig-Bloch	R.		Leimenstrasse 5	Basel	2499	1906	55	telefonbuch_057	PTT-Archiv, P-260-1_Basel_1906	Basel
Braunschweig	J.	jeune	Dufourstrasse 50	Basel	837	1906	55	telefonbuch_057	PTT-Archiv, P-260-1_Basel_1906	Basel
Braunschweig	J.	Niederlagshaus Wolf	St. Jakobstrasse	Basel	4404	1906	55	telefonbuch_057	PTT-Archiv, P-260-1_Basel_1906	Basel
Braunschweig & Co.			St. Johannvorstadt 7	Basel	1361	1906	55	telefonbuch_057	PTT-Archiv, P-260-1_Basel_1906	Basel
Brausebad			Spalenring 133	Basel	201	1906	55	telefonbuch_057	PTT-Archiv, P-260-1_Basel_1906	Basel
Breisch-David	E.	Bijoutier	Freiestrasse 9	Basel	1330	1906	55	telefonbuch_057	PTT-Archiv, P-260-1_Basel_1906	Basel
Breisch-David	E.	Privat	Pilgerstrasse 27	Basel	250	1906	55	telefonbuch_057	PTT-Archiv, P-260-1_Basel_1906	Basel
Breitenstein	Alb.	Dr.	Clarastrasse 30	Basel	3710	1906	55	telefonbuch_057	PTT-Archiv, P-260-1_Basel_1906	Basel
Brenneisen	R.	Schlosserei	Güterstrasse 103	Basel	2471	1906	55	telefonbuch_057	PTT-Archiv, P-260-1_Basel_1906	Basel
Brenner	C.	Bärenzunft	Freiestrasse 34	Basel	2119	1906	55	telefonbuch_057	PTT-Archiv, P-260-1_Basel_1906	Basel
Brenner	Ed.	Cigarrenhandlung	Steinenberg 27	Basel	2542	1906	55	telefonbuch_057	PTT-Archiv, P-260-1_Basel_1906	Basel
Brenner-Eglinger	Hans		Hirzbodenweg 94	Basel	3651	1906	55	telefonbuch_057	PTT-Archiv, P-260-1_Basel_1906	Basel
Brenner	F.	Tapezierer	Steinenberg 21	Basel	2121	1906	55	telefonbuch_057	PTT-Archiv, P-260-1_Basel_1906	Basel
Brenner	Rud.		Petersgraben 49	Basel	1368	1906	55	telefonbuch_057	PTT-Archiv, P-260-1_Basel_1906	Basel
Brenner-Senn	C.		Margarethenstr. 71	Basel	4016	1906	55	telefonbuch_057	PTT-Archiv, P-260-1_Basel_1906	Basel
Bretscher-Meyer	J.	Elektrotechniker	Breisacherstr. 120	Basel	3287	1906	55	telefonbuch_057	PTT-Archiv, P-260-1_Basel_1906	Basel
Breuckmann & Cie.			Peter Merianstr. 58	Basel	4071	1906	55	telefonbuch_057	PTT-Archiv, P-260-1_Basel_1906	Basel
Breuckmann & Cie.		Lagerplatz	St. Johannbahnhof	Basel	1790	1906	55	telefonbuch_057	PTT-Archiv, P-260-1_Basel_1906	Basel
Breul	J.	Direktor	Wartenbergstr. 49	Basel	3880	1906	55	telefonbuch_057	PTT-Archiv, P-260-1_Basel_1906	Basel
Brin	S.		Spalenvorstadt 9	Basel	3496	1906	55	telefonbuch_057	PTT-Archiv, P-260-1_Basel_1906	Basel
Briner & Cie.		H. Sommerhalder, Nachf.	Thiersteinerallee 25	Basel	2453	1906	55	telefonbuch_057	PTT-Archiv, P-260-1_Basel_1906	Basel
Britisches Vice-Consulat			Eisengasse 9	Basel	857	1906	55	telefonbuch_057	PTT-Archiv, P-260-1_Basel_1906	Basel
Britschgi-Wagner	A.	Wein u. Spirituosen, Depot Eberlbräu	Herrengrabenweg 7	Basel	286	1906	55	telefonbuch_057	PTT-Archiv, P-260-1_Basel_1906	Basel
Brockenhaus-Gesellschaft			Schneidergasse 27	Basel	4537	1906	55	telefonbuch_057	PTT-Archiv, P-260-1_Basel_1906	Basel
Brodbeck	Jean		Güterstrasse 223	Basel	2427	1906	55	telefonbuch_057	PTT-Archiv, P-260-1_Basel_1906	Basel
Brodlaube		Wirtschaft	Marktplatz	Basel	1379	1906	55	telefonbuch_057	PTT-Archiv, P-260-1_Basel_1906	Basel
Brodmann	August	Gipsergeschäft	Hagenhtalerstr. 19	Basel	1487	1906	55	telefonbuch_057	PTT-Archiv, P-260-1_Basel_1906	Basel
Brodtbeck-Bühlmann	Hans		Therwilerstrasse 20	Basel	352	1906	55	telefonbuch_057	PTT-Archiv, P-260-1_Basel_1906	Basel
Brodtbeck	K. A.	Dr., Advokaturbureau	Aeschenvorstadt 2a	Basel	3479	1906	55	telefonbuch_057	PTT-Archiv, P-260-1_Basel_1906	Basel
Broggi & Appiani			Wasensträsschen 199	Basel	198	1906	55	telefonbuch_057	PTT-Archiv, P-260-1_Basel_1906	Basel
Bronner	G. W.		Nauenstrasse 1	Basel	150	1906	55	telefonbuch_057	PTT-Archiv, P-260-1_Basel_1906	Basel
Bronner-Schuler	Carl		Solothurnerstr. 70	Basel	756	1906	55	telefonbuch_057	PTT-Archiv, P-260-1_Basel_1906	Basel
Bronner & Co.		Spedition	Nauenstrasse 1	Basel	2877	1906	55	telefonbuch_057	PTT-Archiv, P-260-1_Basel_1906	Basel
Bronner & Co.		Mineralwasser, Eis	Nauenstrasse 1	Basel	2270	1906	55	telefonbuch_057	PTT-Archiv, P-260-1_Basel_1906	Basel
Bronner & Co.	G. W. Bronner	Privatwohnung	Nauenstrasse 1	Basel	150	1906	55	telefonbuch_057	PTT-Archiv, P-260-1_Basel_1906	Basel
Brown-Pfau	E.	Wwe.	Güterstrasse 91	Basel	890	1906	55	telefonbuch_057	PTT-Archiv, P-260-1_Basel_1906	Basel
Bruckner-Georg	R.		Spalenring 145	Basel	1008	1906	55	telefonbuch_057	PTT-Archiv, P-260-1_Basel_1906	Basel
Bruckner & Co.		Weinhandlung	Güterstrasse 206	Basel	3751	1906	55	telefonbuch_057	PTT-Archiv, P-260-1_Basel_1906	Basel
Bruckner-Weber	R.	Nachf. v. Samuel Weber & Cie.	Gerbergasse 20/22	Basel	754	1906	55	telefonbuch_057	PTT-Archiv, P-260-1_Basel_1906	Basel
Bruckner-Weber	Rud.		Austrasse 18	Basel	3009	1906	55	telefonbuch_057	PTT-Archiv, P-260-1_Basel_1906	Basel
Bruder	Fr.	Lithograph	Schlüsselberg 15	Basel	1094	1906	55	telefonbuch_057	PTT-Archiv, P-260-1_Basel_1906	Basel
Brüderlin-Burckhardt	Alb.		St. Albanringweg 184	Basel	2621	1906	55	telefonbuch_057	PTT-Archiv, P-260-1_Basel_1906	Basel
Brüderlin-Christmann			Petersplatz 14	Basel	1512	1906	56	telefonbuch_058	PTT-Archiv, P-260-1_Basel_1906	Basel
Brüderlin	E.	Sohn, Küfermeister	Pfeffingerstrasse 62	Basel	3958	1906	56	telefonbuch_058	PTT-Archiv, P-260-1_Basel_1906	Basel
Brüderlin	R. N.		Freiestrasse 52	Basel	1573	1906	56	telefonbuch_058	PTT-Archiv, P-260-1_Basel_1906	Basel
Brüderlin-Ronus	R.		St. Albananlage 62	Basel	4151	1906	56	telefonbuch_058	PTT-Archiv, P-260-1_Basel_1906	Basel
Brüderlin & Flubacher		Filialbureau	Austrasse 36	Basel	2946	1906	56	telefonbuch_058	PTT-Archiv, P-260-1_Basel_1906	Basel
Brüderlin-Vogel	V.	Wwe.	Thiersteinerallee 25	Basel	3907	1906	56	telefonbuch_058	PTT-Archiv, P-260-1_Basel_1906	Basel
Brugger-Stänz	F.	Wwe., Cigarren u. Tabakhdlg.	Bahnhofstrasse 15	Basel	3304	1906	56	telefonbuch_058	PTT-Archiv, P-260-1_Basel_1906	Basel
Brügger & Cie.			St. Johannvorst. 31	Basel	2286	1906	56	telefonbuch_058	PTT-Archiv, P-260-1_Basel_1906	Basel
Bruggisser	Bella	Frau	Spalenring 85	Basel	1789	1906	56	telefonbuch_058	PTT-Archiv, P-260-1_Basel_1906	Basel
Bruhin-Reif	Anton		Bruderholzstr. 76	Basel	4033	1906	56	telefonbuch_058	PTT-Archiv, P-260-1_Basel_1906	Basel
Brühl-Altermatt	A.	Spenglermeister	Spalenvorstadt 37	Basel	2618	1906	56	telefonbuch_058	PTT-Archiv, P-260-1_Basel_1906	Basel
von Brunn-Flury	J.		Grenzacherstrasse 95	Basel	3931	1906	56	telefonbuch_058	PTT-Archiv, P-260-1_Basel_1906	Basel
von Brunn	J.		Freiestrasse 84	Basel	2040	1906	56	telefonbuch_058	PTT-Archiv, P-260-1_Basel_1906	Basel
von Brunn	J.	Petroleumkeller	Wolf	Basel	3921	1906	56	telefonbuch_058	PTT-Archiv, P-260-1_Basel_1906	Basel
Brunner-Bihrer	Fritz		Freiestrasse 33	Basel	1350	1906	56	telefonbuch_058	PTT-Archiv, P-260-1_Basel_1906	Basel
Brunner-Brunner	M.	Frau, Coiffeuse	Gerbergasse 24	Basel	2868	1906	56	telefonbuch_058	PTT-Archiv, P-260-1_Basel_1906	Basel
Brunner	Fritz		Freiestrasse 33	Basel	1350	1906	56	telefonbuch_058	PTT-Archiv, P-260-1_Basel_1906	Basel
Brunner	Karl	Feinbäckerei und Konditorei	Hutgasse 17	Basel	2060	1906	56	telefonbuch_058	PTT-Archiv, P-260-1_Basel_1906	Basel
Brunschwig	B. de S.		Holbeinstrasse 48	Basel	2491	1906	56	telefonbuch_058	PTT-Archiv, P-260-1_Basel_1906	Basel
Brunschwig-Bloch	R.	Wwe.	Nadelberg 23 a	Basel	4509	1906	56	telefonbuch_058	PTT-Archiv, P-260-1_Basel_1906	Basel
Brunschwig-Breisacher	S.		Rümelinsplatz 19	Basel	749	1906	56	telefonbuch_058	PTT-Archiv, P-260-1_Basel_1906	Basel
Brunschwig	David		Schützengraben 23	Basel	2711	1906	56	telefonbuch_058	PTT-Archiv, P-260-1_Basel_1906	Basel
Brunschwig	Leon		Leimenstrasse 66	Basel	2938	1906	56	telefonbuch_058	PTT-Archiv, P-260-1_Basel_1906	Basel
Brusa-Kaiser	A.	Südfrüchte	Spalenvorstadt 3	Basel	255	1906	56	telefonbuch_058	PTT-Archiv, P-260-1_Basel_1906	Basel
Bryan	Dr. L. C.	american dentist	St. Albananlage 1	Basel	4250	1906	56	telefonbuch_058	PTT-Archiv, P-260-1_Basel_1906	Basel
Bryan	Dr. L. C.	Privatwohnung	Schweizerplatz 2	Basel	2961	1906	56	telefonbuch_058	PTT-Archiv, P-260-1_Basel_1906	Basel
Bubeck-Ehninger	D.	Bäcker	Klybeckstrasse 3	Basel	4148	1906	56	telefonbuch_058	PTT-Archiv, P-260-1_Basel_1906	Basel
Bubeck-Schaupp	Hch.		Clarastrasse 26	Basel	330	1906	56	telefonbuch_058	PTT-Archiv, P-260-1_Basel_1906	Basel
Buchdruckerei Brenner			Haltingerstrasse 64	Basel	4402	1906	56	telefonbuch_058	PTT-Archiv, P-260-1_Basel_1906	Basel
Buchdruckerei d. Schweiz. Typographenbundes		Ruf: Typographia-Druckerei	Aeschenvorstadt 34	Basel	2697	1906	56	telefonbuch_058	PTT-Archiv, P-260-1_Basel_1906	Basel
Buchdruckerei F. Gassmann			Aeschenvorstadt 30	Basel	2325	1906	56	telefonbuch_058	PTT-Archiv, P-260-1_Basel_1906	Basel
Buchdruckerei Kreis			Petersgraben 21	Basel	1514	1906	56	telefonbuch_058	PTT-Archiv, P-260-1_Basel_1906	Basel
Buchdruckerei z. Basler Berichthaus (Basl. Nachr.)			Gerbergasse 40	Basel	3339	1906	56	telefonbuch_058	PTT-Archiv, P-260-1_Basel_1906	Basel
Buch- & Kunstdruckerei Gasser & Cie.			Unt. Rheingasse 19	Basel	1762	1906	56	telefonbuch_058	PTT-Archiv, P-260-1_Basel_1906	Basel
Buchegger-Schmidt	G.	Wirt	Hochstrasse 56	Basel	4315	1906	56	telefonbuch_058	PTT-Archiv, P-260-1_Basel_1906	Basel
Bucherer	K.	Nachf. Métraux-Bucherer	Freiestrasse 28	Basel	1929	1906	56	telefonbuch_058	PTT-Archiv, P-260-1_Basel_1906	Basel
Büchler-Ott	Fried.	Goldschmied	Freiestrasse 84	Basel	2010	1906	56	telefonbuch_058	PTT-Archiv, P-260-1_Basel_1906	Basel
Buchmann	E.	Tapezierer	Oberer Heuberg 21	Basel	2949	1906	56	telefonbuch_058	PTT-Archiv, P-260-1_Basel_1906	Basel
Buchmann-Schurter	Emil		Steinenvorstadt 63	Basel	367	1906	56	telefonbuch_058	PTT-Archiv, P-260-1_Basel_1906	Basel
Buchner	Joseph	Wirt	Barfüsserplatz 17	Basel	1618	1906	56	telefonbuch_058	PTT-Archiv, P-260-1_Basel_1906	Basel
Buel	A.		Langegasse 9	Basel	819	1906	56	telefonbuch_058	PTT-Archiv, P-260-1_Basel_1906	Basel
Buess-Steiner	E.	Buchbinder	Kleinhüningerstr. 5	Basel	1283	1906	56	telefonbuch_058	PTT-Archiv, P-260-1_Basel_1906	Basel
Bufleb	Wilhelm	Versicherungen	Kartausgasse 5	Basel	2807	1906	56	telefonbuch_058	PTT-Archiv, P-260-1_Basel_1906	Basel
Bühler	Franz		Villa Otterbach	Basel	3370	1906	56	telefonbuch_058	PTT-Archiv, P-260-1_Basel_1906	Basel
Bühler-Lindenmeyer	M.	Wwe.	St. Johannring 92	Basel	4262	1906	56	telefonbuch_058	PTT-Archiv, P-260-1_Basel_1906	Basel
Bühler	Robert	Tapezierer	Wallstrasse 13	Basel	1611	1906	56	telefonbuch_058	PTT-Archiv, P-260-1_Basel_1906	Basel
Bühler-Sturm	Lud.	Zimmermeister	Bahnhofstr. 117	Basel	3696	1906	56	telefonbuch_058	PTT-Archiv, P-260-1_Basel_1906	Basel
Bühler & Manger		Nachf. Fritz Manger	Gerbergasse 81	Basel	2122	1906	56	telefonbuch_058	PTT-Archiv, P-260-1_Basel_1906	Basel
Bühlmann	Josef	Confiseur	Grenzacherstrasse 26	Basel	3730	1906	57	telefonbuch_059	PTT-Archiv, P-260-1_Basel_1906	Basel
Bührer-Bader	Joh.		Grellingerstrasse 28	Basel	3581	1906	57	telefonbuch_059	PTT-Archiv, P-260-1_Basel_1906	Basel
Bührer	C.	Dr., Arzt	Nauenstrasse 33	Basel	2179	1906	57	telefonbuch_059	PTT-Archiv, P-260-1_Basel_1906	Basel
Bulffer	Charles		Solothurnerstr. 62	Basel	4087	1906	57	telefonbuch_059	PTT-Archiv, P-260-1_Basel_1906	Basel
Bundesbahnen, Schweizer		Kreisdirektion II: Allgemeine Verwaltung, Finanz- und Rechtsdepartement	Spiesshof, Ob. Heuberg 7	Basel	2770	1906	57	telefonbuch_059	PTT-Archiv, P-260-1_Basel_1906	Basel
Bundesbahnen, Schweizer		Kreisdirektion II: Betriebsdepartement	Leonhardsgraben 36	Basel	2865	1906	57	telefonbuch_059	PTT-Archiv, P-260-1_Basel_1906	Basel
Bundesbahnen, Schweizer		Kreisdirektion II: Baudepartement u. Oberingenieur für den Bahnbau u. -Unterhalt	Leimenstrasse 2	Basel	245	1906	57	telefonbuch_059	PTT-Archiv, P-260-1_Basel_1906	Basel
Bundesbahnen, Schweizer		Materialverwaltung	Güterstrasse 109	Basel	2778	1906	57	telefonbuch_059	PTT-Archiv, P-260-1_Basel_1906	Basel
Bundesbahnen, Schweizer		Rechtsbureau	Spiesshof, Ob. Heuberg 7	Basel	3098	1906	57	telefonbuch_059	PTT-Archiv, P-260-1_Basel_1906	Basel
Bundesbahnen, Schweizer		Tarifbeamter	Ob. Heuberg 16	Basel	2887	1906	57	telefonbuch_059	PTT-Archiv, P-260-1_Basel_1906	Basel
Bundesbahnen, Schweizer		Baubureau des Bahnhofumbaues	Wallstrasse 19	Basel	1545	1906	57	telefonbuch_059	PTT-Archiv, P-260-1_Basel_1906	Basel
Bundesbahnen, Schweizer		Bureau des Bahningenieurs	Centralbahnstrasse 9	Basel	2465	1906	57	telefonbuch_059	PTT-Archiv, P-260-1_Basel_1906	Basel
Bundesbahnen, Schweizer		Bureau des Obermaschineningenieurs	Ob. Heuberg 16	Basel	3390	1906	57	telefonbuch_059	PTT-Archiv, P-260-1_Basel_1906	Basel
Bundesbahnen, Schweizer		Bureau des Depotchefs	Nauenstrasse 180	Basel	1032	1906	57	telefonbuch_059	PTT-Archiv, P-260-1_Basel_1906	Basel
Burckhardt	A.	(Pension Koller)	Kornhausgasse 18	Basel	2734	1906	57	telefonbuch_059	PTT-Archiv, P-260-1_Basel_1906	Basel
Burckhardt	Annina	(Beckenhof)	St. Albananlage 72	Basel	4117	1906	57	telefonbuch_059	PTT-Archiv, P-260-1_Basel_1906	Basel
Burckhardt-Boeringer	O.		Schweizerplatz 1	Basel	1555	1906	57	telefonbuch_059	PTT-Archiv, P-260-1_Basel_1906	Basel
Burckhardt-Burckhardt	E.	Frau	Augustinergasse 19	Basel	128	1906	57	telefonbuch_059	PTT-Archiv, P-260-1_Basel_1906	Basel
Burckhardt-Burckhardt	Emilie	Frau	Grellingerstrasse 26	Basel	1007	1906	57	telefonbuch_059	PTT-Archiv, P-260-1_Basel_1906	Basel
Burckhardt-Burckhardt	Hans		Leonhardsgraben 38	Basel	2897	1906	57	telefonbuch_059	PTT-Archiv, P-260-1_Basel_1906	Basel
Burckhardt-De Bary	Emil	Prof. Dr.	Missionsstrasse 8	Basel	2603	1906	57	telefonbuch_059	PTT-Archiv, P-260-1_Basel_1906	Basel
Burckhardt	August	Dr.	St. Albanvorstadt 94	Basel	4288	1906	57	telefonbuch_059	PTT-Archiv, P-260-1_Basel_1906	Basel
Burckhardt	Elias	Dr., Wohnung	Schützenmattstr. 85	Basel	3419	1906	57	telefonbuch_059	PTT-Archiv, P-260-1_Basel_1906	Basel
Burckhardt	Elias	Dr., & Silbernagel, Dr. Alfred, Advokaturbureau	Bäumleingasse 16	Basel	1783	1906	57	telefonbuch_059	PTT-Archiv, P-260-1_Basel_1906	Basel
Burckhardt	J. J.	Frau Dr.	St. Albananlage 51	Basel	4224	1906	57	telefonbuch_059	PTT-Archiv, P-260-1_Basel_1906	Basel
Burckhardt-Eckenstein	Hier.		Austrasse 15	Basel	2534	1906	57	telefonbuch_059	PTT-Archiv, P-260-1_Basel_1906	Basel
Burckhardt-Ecklin	M.	Dr.	Nonnenweg 62	Basel	375	1906	57	telefonbuch_059	PTT-Archiv, P-260-1_Basel_1906	Basel
Burckhardt-Fetscherin	H.	Dr., Regierungsrat	Socinstrasse 21	Basel	1470	1906	57	telefonbuch_059	PTT-Archiv, P-260-1_Basel_1906	Basel
Burckhardt-Finsler	Alb.	Dr., Regierungsrat	Schaff. Rheinweg 55	Basel	3950	1906	57	telefonbuch_059	PTT-Archiv, P-260-1_Basel_1906	Basel
Burckhardt-Friedrich	Albr.	Prof. Dr.	Kapellenstrasse 26	Basel	3048	1906	57	telefonbuch_059	PTT-Archiv, P-260-1_Basel_1906	Basel
Burckhardt	G.	Dr.	Zürcherstrasse 17	Basel	1189	1906	57	telefonbuch_059	PTT-Archiv, P-260-1_Basel_1906	Basel
Burckhardt-Grossmann	C. Ed.		Sevogelstrasse 79	Basel	3695	1906	57	telefonbuch_059	PTT-Archiv, P-260-1_Basel_1906	Basel
Burckhardt-Heimlicher	Rud.	Dr.	Rheinschanze 6	Basel	721	1906	57	telefonbuch_059	PTT-Archiv, P-260-1_Basel_1906	Basel
Burckhardt-Heussler	A.		St. Albanvorstadt 96	Basel	4276	1906	57	telefonbuch_059	PTT-Archiv, P-260-1_Basel_1906	Basel
Burckhardt-Iselin	Emma	Wwe.	Byfangweg 51	Basel	2879	1906	57	telefonbuch_059	PTT-Archiv, P-260-1_Basel_1906	Basel
Burckhardt-Iselin	Julie	Wwe.	Gartenstrasse 24	Basel	2127	1906	57	telefonbuch_059	PTT-Archiv, P-260-1_Basel_1906	Basel
Burckhardt-Jecker	C.		Davidsbodenstr. 59	Basel	1509	1906	57	telefonbuch_059	PTT-Archiv, P-260-1_Basel_1906	Basel
Burckhardt	Julie		St. Albananlage 64	Basel	4160	1906	57	telefonbuch_059	PTT-Archiv, P-260-1_Basel_1906	Basel
Burckhardt-Köchlin	E.		Hebelstrasse 32	Basel	1491	1906	57	telefonbuch_059	PTT-Archiv, P-260-1_Basel_1906	Basel
Burckhardt	Louise		St. Albanvorstadt 11	Basel	1764	1906	57	telefonbuch_059	PTT-Archiv, P-260-1_Basel_1906	Basel
Burckhardt	Marie	Seegerhof	Blumenrain 19	Basel	141	1906	57	telefonbuch_059	PTT-Archiv, P-260-1_Basel_1906	Basel
Burckhardt-Merian	Adolf		Feierabendstrasse 48	Basel	2932	1906	57	telefonbuch_059	PTT-Archiv, P-260-1_Basel_1906	Basel
Burckhardt-Merian	Julius		Neusatzweg 3	Basel	3584	1906	58	telefonbuch_060	PTT-Archiv, P-260-1_Basel_1906	Basel
Burckhardt-Merian	L. Ed.		Gellertstrasse 33	Basel	4491	1906	58	telefonbuch_060	PTT-Archiv, P-260-1_Basel_1906	Basel
Burckhardt-Passavant			St. Albanvorstadt 1	Basel	1745	1906	58	telefonbuch_060	PTT-Archiv, P-260-1_Basel_1906	Basel
Burckhardt-Passavant	Dr. H. R.	(Beckenhof)	St. Albananlage 72	Basel	4117	1906	58	telefonbuch_060	PTT-Archiv, P-260-1_Basel_1906	Basel
Burckhardt-Rüsch	Ad.		Malzgasse 23	Basel	2234	1906	58	telefonbuch_060	PTT-Archiv, P-260-1_Basel_1906	Basel
Burckhardt-Ryhiner	Carl		Aeschengraben 18	Basel	2378	1906	58	telefonbuch_060	PTT-Archiv, P-260-1_Basel_1906	Basel
Burckhardt-Sarasin	Carl		Langegasse 43	Basel	3680	1906	58	telefonbuch_060	PTT-Archiv, P-260-1_Basel_1906	Basel
Burckhardt-Sarasin	W.		Hardtstrasse 54	Basel	3780	1906	58	telefonbuch_060	PTT-Archiv, P-260-1_Basel_1906	Basel
Burckhardt-Schaub	Aug.		Mühleberg 9	Basel	2512	1906	58	telefonbuch_060	PTT-Archiv, P-260-1_Basel_1906	Basel
Burckhardt-Schazmann		Prof. Dr., Regierungsrat	St. Albananlage 70	Basel	1085	1906	58	telefonbuch_060	PTT-Archiv, P-260-1_Basel_1906	Basel
Burckhardt-Siber	Felix		Münchensteinerstr. 47	Basel	4062	1906	58	telefonbuch_060	PTT-Archiv, P-260-1_Basel_1906	Basel
Burckhardt	Sophie		St. Jakobstrasse 7	Basel	1750	1906	58	telefonbuch_060	PTT-Archiv, P-260-1_Basel_1906	Basel
Burckhardt-Sulger	E.		Missionsstrasse 58	Basel	2581	1906	58	telefonbuch_060	PTT-Archiv, P-260-1_Basel_1906	Basel
Burckhardt-Thurneysen	Dan.		St. Alabangraben 14	Basel	1848	1906	58	telefonbuch_060	PTT-Archiv, P-260-1_Basel_1906	Basel
Burckhardt & Co.			St. Albangraben 14	Basel	1879	1906	58	telefonbuch_060	PTT-Archiv, P-260-1_Basel_1906	Basel
Burckhardt & Stückelberg		Notariats- u. Advokaturbureau	Gerbergasse 24	Basel	1796	1906	58	telefonbuch_060	PTT-Archiv, P-260-1_Basel_1906	Basel
Burckhardt-Vicarino	Hans	Dr. med.	Herbergsgasse 7	Basel	1570	1906	58	telefonbuch_060	PTT-Archiv, P-260-1_Basel_1906	Basel
Burckhardt-Vischer	Dr. C. F. Wm.	Bankier	Steinenring 44	Basel	2650	1906	58	telefonbuch_060	PTT-Archiv, P-260-1_Basel_1906	Basel
Burckhardt-Vischer	Dr. W.	Advokat, Bureau	Kohlenberg 11	Basel	1889	1906	58	telefonbuch_060	PTT-Archiv, P-260-1_Basel_1906	Basel
Burckhardt-Vischer	Dr. W.	Wohnung	Wartenbergstr. 15	Basel	2382	1906	58	telefonbuch_060	PTT-Archiv, P-260-1_Basel_1906	Basel
Burckhardt-Vischer	Th.		St. Alabangraben 4	Basel	1911	1906	58	telefonbuch_060	PTT-Archiv, P-260-1_Basel_1906	Basel
Burckhardt-VonderMühll	Alf.		Hardtstrasse 1	Basel	3795	1906	58	telefonbuch_060	PTT-Archiv, P-260-1_Basel_1906	Basel
Burckhardt-VonderMühll	Wwe. A. C.		St. Albanvorstadt 34	Basel	1824	1906	58	telefonbuch_060	PTT-Archiv, P-260-1_Basel_1906	Basel
Burckhardt-vonSpeyr	G.		Kapellenstrasse 29	Basel	2069	1906	58	telefonbuch_060	PTT-Archiv, P-260-1_Basel_1906	Basel
Burckhardt	W. E.		Steinengraben 12	Basel	3293	1906	58	telefonbuch_060	PTT-Archiv, P-260-1_Basel_1906	Basel
Burckhardt-Werthemann	Prof. Dr. Dl.		St. Albangraben 14	Basel	1926	1906	58	telefonbuch_060	PTT-Archiv, P-260-1_Basel_1906	Basel
Burckhardt-Zahn	C. A.		Gellertstrasse 10	Basel	1880	1906	58	telefonbuch_060	PTT-Archiv, P-260-1_Basel_1906	Basel
Burger	Adolf	Gravieranstalt u. Stempelfabrik	Pfluggasse 9	Basel	4484	1906	58	telefonbuch_060	PTT-Archiv, P-260-1_Basel_1906	Basel
Burger	Aug.	Goldschmied	Gerbergasse 91	Basel	4307	1906	58	telefonbuch_060	PTT-Archiv, P-260-1_Basel_1906	Basel
Burger	Th.	Spezereihandlung	Zürcherstrasse 83	Basel	379	1906	58	telefonbuch_060	PTT-Archiv, P-260-1_Basel_1906	Basel
Bürgerratskanzlei		Stadthaus	Stadthausgasse 13	Basel	1462	1906	58	telefonbuch_060	PTT-Archiv, P-260-1_Basel_1906	Basel
Bürgerspital			Hebelstrasse 2	Basel	1507	1906	58	telefonbuch_060	PTT-Archiv, P-260-1_Basel_1906	Basel
Bürgi	Carl		Feierabendstrasse 74	Basel	88	1906	58	telefonbuch_060	PTT-Archiv, P-260-1_Basel_1906	Basel
Bürgin	Adolf	Möbelschreinerei	Jurastrasse 50	Basel	3772	1906	58	telefonbuch_060	PTT-Archiv, P-260-1_Basel_1906	Basel
Bürgin	Emil	Eisfabrik	Unt. Rheinweg 18	Basel	1263	1906	58	telefonbuch_060	PTT-Archiv, P-260-1_Basel_1906	Basel
Bürgin	Emil	Wohnung	Missionsstrasse 1	Basel	2666	1906	58	telefonbuch_060	PTT-Archiv, P-260-1_Basel_1906	Basel
Bürgin	Gust.	Stadtuhrenmacher und Blitzableiterexp.	Nadelberg 11	Basel	2575	1906	58	telefonbuch_060	PTT-Archiv, P-260-1_Basel_1906	Basel
Bürgin	Jakob	Büchsenmacher	Petersplatz 18	Basel	26	1906	58	telefonbuch_060	PTT-Archiv, P-260-1_Basel_1906	Basel
Bürgin-Schupp	Emil	Gundoldingerhalle	Dornacherstrasse 47	Basel	20	1906	58	telefonbuch_060	PTT-Archiv, P-260-1_Basel_1906	Basel
Buri	Dr. Theodor		Schützengraben 51	Basel	2505	1906	58	telefonbuch_060	PTT-Archiv, P-260-1_Basel_1906	Basel
Buri	Julius	Schneidermeister	Eisengasse 16	Basel	1338	1906	58	telefonbuch_060	PTT-Archiv, P-260-1_Basel_1906	Basel
Burkart	Emil	Vertr. Salmenbräu Rheinfelden	Vogesenstrasse 143	Basel	184	1906	58	telefonbuch_060	PTT-Archiv, P-260-1_Basel_1906	Basel
Burkhard-Reeb	Julius		Angensteinerstr. 25	Basel	4231	1906	58	telefonbuch_060	PTT-Archiv, P-260-1_Basel_1906	Basel
Burkhardt-Schaub	Wilhelm	Kaminfegermstr.	Utengasse 56	Basel	1142	1906	58	telefonbuch_060	PTT-Archiv, P-260-1_Basel_1906	Basel
Bürki-Gröner	C.	Spenglermeister	Weissegasse 12	Basel	2965	1906	58	telefonbuch_060	PTT-Archiv, P-260-1_Basel_1906	Basel
Bürkly	Hrch.	Kochherdfabrik	Klingenthalstr. 79	Basel	3452	1906	59	telefonbuch_061	PTT-Archiv, P-260-1_Basel_1906	Basel
Bürkly	Hrch.	Wohnung	Römergasse 29	Basel	3189	1906	59	telefonbuch_061	PTT-Archiv, P-260-1_Basel_1906	Basel
Bürner	Emil	Nachfolger v. Hans Grimm	Freiestrasse 86	Basel	1345	1906	59	telefonbuch_061	PTT-Archiv, P-260-1_Basel_1906	Basel
Burri-Thommen		Schreibmaschinengeschäft	Ob. Heuberg 17	Basel	3417	1906	59	telefonbuch_061	PTT-Archiv, P-260-1_Basel_1906	Basel
Buser-Friedmann	Karl	Gärtner	Güterstrasse 207	Basel	3855	1906	59	telefonbuch_061	PTT-Archiv, P-260-1_Basel_1906	Basel
Buser-Schöni	J.	Zahnarzt	Steinenthrostrasse 24	Basel	2459	1906	59	telefonbuch_061	PTT-Archiv, P-260-1_Basel_1906	Basel
Buser	M.	Wwe., Schweizerhaus	Steinenring 49	Basel	210	1906	59	telefonbuch_061	PTT-Archiv, P-260-1_Basel_1906	Basel
Busigny & Douchain	Mmes.	Robes et Confections	Freiestrasse 86	Basel	1897	1906	59	telefonbuch_061	PTT-Archiv, P-260-1_Basel_1906	Basel
Buss	Albert	(Wohnung)	Feierabendstrasse 59	Basel	2545	1906	59	telefonbuch_061	PTT-Archiv, P-260-1_Basel_1906	Basel
Buss	Alb.	& Co., Actiengesellschaft	Güterstrasse 190	Basel	2579	1906	59	telefonbuch_061	PTT-Archiv, P-260-1_Basel_1906	Basel
Buss	Alb.	& Co., Actiengesellschaft	Güterstrasse 190	Basel	3741	1906	59	telefonbuch_061	PTT-Archiv, P-260-1_Basel_1906	Basel
Buss	Alb.	& Co., Baubureau B. B.	Freiburgerstrasse 9	Basel	396	1906	59	telefonbuch_061	PTT-Archiv, P-260-1_Basel_1906	Basel
Buss & Holzmann	Alb. & Phil.	Rheinbrückenbau Basel	Greifengasse 2	Basel	804	1906	59	telefonbuch_061	PTT-Archiv, P-260-1_Basel_1906	Basel
Bussinger-Staub	E.		Austrasse 124	Basel	951	1906	59	telefonbuch_061	PTT-Archiv, P-260-1_Basel_1906	Basel
Büttner	A.	Markt-Apotheke	Marktplatz 30	Basel	1352	1906	59	telefonbuch_061	PTT-Archiv, P-260-1_Basel_1906	Basel
Buxtorf-Burckhardt	A.	Dr.	Grenzacherstr. 94	Basel	3810	1906	59	telefonbuch_061	PTT-Archiv, P-260-1_Basel_1906	Basel
Buxtorf-Mooser	R.		Austrasse 118	Basel	2799	1906	59	telefonbuch_061	PTT-Archiv, P-260-1_Basel_1906	Basel
Buxtorf-Rupp	F.		Sägergässlein 5	Basel	1240	1906	59	telefonbuch_061	PTT-Archiv, P-260-1_Basel_1906	Basel
Buxtorf-Schilling	F.		Hebelstrasse 133	Basel	421	1906	59	telefonbuch_061	PTT-Archiv, P-260-1_Basel_1906	Basel
Buxtorf & Cie.			Spalenthorweg 62	Basel	2741	1906	59	telefonbuch_061	PTT-Archiv, P-260-1_Basel_1906	Basel
Buxtorf & Cie.			Bad. Güterbahnhof	Basel	4428	1906	59	telefonbuch_061	PTT-Archiv, P-260-1_Basel_1906	Basel
Cafader-Mieg	M.		Aeschenvorstadt 11	Basel	1895	1906	59	telefonbuch_061	PTT-Archiv, P-260-1_Basel_1906	Basel
Cafader & Co.			Reichensteinerstr. 14	Basel	4025	1906	59	telefonbuch_061	PTT-Archiv, P-260-1_Basel_1906	Basel
Cafader-Schlaepfer	Fritz		Dornacherstrasse 24	Basel	4415	1906	59	telefonbuch_061	PTT-Archiv, P-260-1_Basel_1906	Basel
Café-Restaurant Spitz			Greifengasse 2	Basel	1269	1906	59	telefonbuch_061	PTT-Archiv, P-260-1_Basel_1906	Basel
Cappeler-Beglinger	Ad.	Hafnermeister	Schützengraben 39	Basel	2732	1906	59	telefonbuch_061	PTT-Archiv, P-260-1_Basel_1906	Basel
Cappis	Oscar		Mörsbergerstr. 30	Basel	1657	1906	59	telefonbuch_061	PTT-Archiv, P-260-1_Basel_1906	Basel
Carbiner	Jak.	Restaurateur	Elsässerstrasse 11	Basel	820	1906	59	telefonbuch_061	PTT-Archiv, P-260-1_Basel_1906	Basel
Carpentier-Burckhardt	L.		St. Albanvorstadt 110	Basel	4141	1906	59	telefonbuch_061	PTT-Archiv, P-260-1_Basel_1906	Basel
Cavin-Sutter	C.		Holbeinstrasse 91	Basel	2586	1906	59	telefonbuch_061	PTT-Archiv, P-260-1_Basel_1906	Basel
Cavin & Siebenhaar			Falknerstrasse 2	Basel	4244	1906	59	telefonbuch_061	PTT-Archiv, P-260-1_Basel_1906	Basel
Cecchini	G.		Aeschenvorstadt 8	Basel	2058	1906	59	telefonbuch_061	PTT-Archiv, P-260-1_Basel_1906	Basel
Central Hôtel		G. Wehrle	Falknerstrasse 3	Basel	1073	1906	59	telefonbuch_061	PTT-Archiv, P-260-1_Basel_1906	Basel
Centralbureau		Stellenvermittlung u. Agenturen	Gemsberg 4	Basel	960	1906	59	telefonbuch_061	PTT-Archiv, P-260-1_Basel_1906	Basel
Centralvorstand des Vereins schweiz. Geschäftsreisender			Fischmarkt 9	Basel	1546	1906	59	telefonbuch_061	PTT-Archiv, P-260-1_Basel_1906	Basel
Ceylon Import-House John Tollmann & Cie.			Riehenthorstr. 33	Basel	478	1906	59	telefonbuch_061	PTT-Archiv, P-260-1_Basel_1906	Basel
Ceylon Tea Pavillon Ltd.			Thiersteinerallee 24	Basel	1358	1906	59	telefonbuch_061	PTT-Archiv, P-260-1_Basel_1906	Basel
Chabrières, Morel & Co.		Agentur	St. Johannring 6	Basel	1081	1906	59	telefonbuch_061	PTT-Archiv, P-260-1_Basel_1906	Basel
Chappel	Jos.	Gipsermeister	Oetlingerstrasse 74	Basel	317	1906	59	telefonbuch_061	PTT-Archiv, P-260-1_Basel_1906	Basel
Chappuis	Charles	Coiffeur	Freiestrasse 69	Basel	1859	1906	59	telefonbuch_061	PTT-Archiv, P-260-1_Basel_1906	Basel
Chappuis-Sarasin	P.	Dr.	Sevogelstrasse 34	Basel	3949	1906	59	telefonbuch_061	PTT-Archiv, P-260-1_Basel_1906	Basel
Charon	Louis	Wirt	Schützengraben 62	Basel	2538	1906	59	telefonbuch_061	PTT-Archiv, P-260-1_Basel_1906	Basel
Chemische Anstalt der Universität			Bernoullianum	Basel	178	1906	59	telefonbuch_061	PTT-Archiv, P-260-1_Basel_1906	Basel
Chemisches Laboratorium der Universität		II. Abt.	Unt. Rheingasse 19	Basel	1254	1906	59	telefonbuch_061	PTT-Archiv, P-260-1_Basel_1906	Basel
Chemische Fabrik Schweizerhall			Elsässerstrasse 229	Basel	4069	1906	59	telefonbuch_061	PTT-Archiv, P-260-1_Basel_1906	Basel
Chemische Fabrik Schweizerhall		siehe unter „Schweizerhalle“		Basel		1906	59	telefonbuch_061	PTT-Archiv, P-260-1_Basel_1906	Basel
Chemische Fabrik		vorm. Sandoz, Bureau	Fabrikstrasse 60	Basel	1633	1906	60	telefonbuch_062	PTT-Archiv, P-260-1_Basel_1906	Basel
Chemische Fabrik		Dieselbe, Fabrik	Fabrikstrasse 60	Basel	4497	1906	60	telefonbuch_062	PTT-Archiv, P-260-1_Basel_1906	Basel
Choffat	H.	Ingenieur	Allschwilerstr. 56	Basel	377	1906	60	telefonbuch_062	PTT-Archiv, P-260-1_Basel_1906	Basel
Christ-Briefer	P.		Freiestrasse 54	Basel	1613	1906	60	telefonbuch_062	PTT-Archiv, P-260-1_Basel_1906	Basel
Christ-de Neufville	R.		Schönbeinstrasse 40	Basel	256	1906	60	telefonbuch_062	PTT-Archiv, P-260-1_Basel_1906	Basel
Christ-Ehinger	B. L.	Wwe., (im Winter)	St. Jakobstrasse 2	Basel	2067	1906	60	telefonbuch_062	PTT-Archiv, P-260-1_Basel_1906	Basel
Christ-Ehinger	B. L.	Dieselbe (im Sommer)	Gundoldingerstr. 326	Basel	4003	1906	60	telefonbuch_062	PTT-Archiv, P-260-1_Basel_1906	Basel
Christ-Iselin	Wm.		Wallstrasse 20	Basel	2259	1906	60	telefonbuch_062	PTT-Archiv, P-260-1_Basel_1906	Basel
Christ-Merian	Balth.		Mittlerestrasse 2	Basel	1452	1906	60	telefonbuch_062	PTT-Archiv, P-260-1_Basel_1906	Basel
Christ-Merian	Hans		Münsterplatz 6	Basel	1093	1906	60	telefonbuch_062	PTT-Archiv, P-260-1_Basel_1906	Basel
Christ-Paravicini	Alfred	Dr., Arzt	St. Jakobstrasse 42	Basel	3721	1906	60	telefonbuch_062	PTT-Archiv, P-260-1_Basel_1906	Basel
Christ-Siber	Paul	Pfarrer	Sempacherstrasse 45	Basel	4002	1906	60	telefonbuch_062	PTT-Archiv, P-260-1_Basel_1906	Basel
Christ-Socin	Herm.	Dr., Advokat	St. Jakobstrasse 5	Basel	1920	1906	60	telefonbuch_062	PTT-Archiv, P-260-1_Basel_1906	Basel
Christen	E.	Comestibles, Engros-Geschäft, Bureau und Spedition	Heumattstrasse 21	Basel	3943	1906	60	telefonbuch_062	PTT-Archiv, P-260-1_Basel_1906	Basel
Christen	E.	Derselbe, Haupt-Stadtgeschäft	Marktplatz 4	Basel	1315	1906	60	telefonbuch_062	PTT-Archiv, P-260-1_Basel_1906	Basel
Christen	E.	Derselbe, Filiale und Wohnung	Heumattstrasse 21	Basel	3726	1906	60	telefonbuch_062	PTT-Archiv, P-260-1_Basel_1906	Basel
Christen-Haas	M.	Waschanstalt	Badergässlein 2	Basel	1223	1906	60	telefonbuch_062	PTT-Archiv, P-260-1_Basel_1906	Basel
Christen	J. C.	Cartonnagefabrik	Oetlingerstrasse 189	Basel	3215	1906	60	telefonbuch_062	PTT-Archiv, P-260-1_Basel_1906	Basel
Christen-Meyer	Fritz		Steinengraben 55	Basel	3082	1906	60	telefonbuch_062	PTT-Archiv, P-260-1_Basel_1906	Basel
Christen-Weber	W.		Leonhardstrasse 14	Basel	2982	1906	60	telefonbuch_062	PTT-Archiv, P-260-1_Basel_1906	Basel
Christen-Widmer	G.		Bättwilerstrasse 10	Basel	4530	1906	60	telefonbuch_062	PTT-Archiv, P-260-1_Basel_1906	Basel
Churer Lack- und Farbenfabrik Basel			Heumattstrasse 19	Basel	2226	1906	60	telefonbuch_062	PTT-Archiv, P-260-1_Basel_1906	Basel
Civilgerichtsschreiberei Basel-Stadt			Bäumleingasse 1	Basel	1847	1906	60	telefonbuch_062	PTT-Archiv, P-260-1_Basel_1906	Basel
Civilstandsbureau			Domhof	Basel	1799	1906	60	telefonbuch_062	PTT-Archiv, P-260-1_Basel_1906	Basel
Clar		Gebrüder, Comestibles	Eisengasse 18	Basel	1386	1906	60	telefonbuch_062	PTT-Archiv, P-260-1_Basel_1906	Basel
Clavel-Respinger	Alex.		Aeschenvorstadt 4	Basel	2667	1906	60	telefonbuch_062	PTT-Archiv, P-260-1_Basel_1906	Basel
Clerici	B.		Freiestrasse 86	Basel	1218	1906	60	telefonbuch_062	PTT-Archiv, P-260-1_Basel_1906	Basel
Cognac-Brennerei Basel, erste schweiz.			Feierabendstr. 36	Basel	3464	1906	60	telefonbuch_062	PTT-Archiv, P-260-1_Basel_1906	Basel
Compagnie d'Assurances Générales sur la vie	Fritz Egli	Directeur Particulier à Bâle	Freiestrasse 84	Basel	3131	1906	60	telefonbuch_062	PTT-Archiv, P-260-1_Basel_1906	Basel
Compagnie Cosmographique			Gerbergasse 36	Basel	2834	1906	60	telefonbuch_062	PTT-Archiv, P-260-1_Basel_1906	Basel
Compagnie générale transatlantique			Nauenstrasse 12	Basel	2386	1906	60	telefonbuch_062	PTT-Archiv, P-260-1_Basel_1906	Basel
Compagnie intle des Wagons-lits		Billetverkauf und Auskunftsbureau	Bahnhof S. B. B.	Basel	3870	1906	60	telefonbuch_062	PTT-Archiv, P-260-1_Basel_1906	Basel
Compagnie intle des Wagons-lits		Dieselbe, Ober-Inspektion, Betriebsbureaux und Cassa	Dornacherstrasse 74	Basel	843	1906	60	telefonbuch_062	PTT-Archiv, P-260-1_Basel_1906	Basel
Compagnie Singer		Laden und Bureau	Freiestrasse 32	Basel	2503	1906	60	telefonbuch_062	PTT-Archiv, P-260-1_Basel_1906	Basel
Compagnie Singer		Dieselbe, Werkstätte	Thiersteinerallee 9	Basel	3849	1906	60	telefonbuch_062	PTT-Archiv, P-260-1_Basel_1906	Basel
Condition (siehe Seidentrocknungs-Anstalt)			Kirschgartenstr. 1	Basel		1906	60	telefonbuch_062	PTT-Archiv, P-260-1_Basel_1906	Basel
Confection Globus			Steinenvorstadt 12	Basel	947	1906	60	telefonbuch_062	PTT-Archiv, P-260-1_Basel_1906	Basel
Confection Marke P. K Z., Die			Freiestrasse 34	Basel	1579	1906	60	telefonbuch_062	PTT-Archiv, P-260-1_Basel_1906	Basel
Consulat der Ver. Staaten von Nordamerika	George Gifford		Leonhardsgraben 2	Basel	2397	1906	60	telefonbuch_062	PTT-Archiv, P-260-1_Basel_1906	Basel
Consumverein, Allgemeiner		Verwaltung	Birsigstrasse 14	Basel	2577	1906	60	telefonbuch_062	PTT-Archiv, P-260-1_Basel_1906	Basel
Consumverein, Allgemeiner		Kassa	Birsigstrasse 14	Basel	1031	1906	60	telefonbuch_062	PTT-Archiv, P-260-1_Basel_1906	Basel
Consumverein, Allgemeiner		Architekturbureau	Birsigstrasse 12	Basel	2302	1906	60	telefonbuch_062	PTT-Archiv, P-260-1_Basel_1906	Basel
Consumverein		Allgemeiner, Metzgereifiliale	Allschwilerstr. 41	Basel	907	1906	61	telefonbuch_063	PTT-Archiv, P-260-1_Basel_1906	Basel
Consumverein		Allgemeiner, Metzgereifiliale	Bachlettenstrasse 25	Basel	3418	1906	61	telefonbuch_063	PTT-Archiv, P-260-1_Basel_1906	Basel
Consumverein		Allgemeiner, Metzgereifiliale	Clarastrasse 46	Basel	3633	1906	61	telefonbuch_063	PTT-Archiv, P-260-1_Basel_1906	Basel
Consumverein		Allgemeiner, Metzgereifiliale	Dornacherstr. 131	Basel	3876	1906	61	telefonbuch_063	PTT-Archiv, P-260-1_Basel_1906	Basel
Consumverein		Allgemeiner, Metzgereifiliale	Hegenheimerstr. 23	Basel	841	1906	61	telefonbuch_063	PTT-Archiv, P-260-1_Basel_1906	Basel
Consumverein		Allgemeiner, Metzgereifiliale	Mattweg 76	Basel	3423	1906	61	telefonbuch_063	PTT-Archiv, P-260-1_Basel_1906	Basel
Consumverein		Allgemeiner, Metzgereifiliale	Mörsbergerstr. 54	Basel	275	1906	61	telefonbuch_063	PTT-Archiv, P-260-1_Basel_1906	Basel
Consumverein		Allgemeiner, Metzgereifiliale	Feldbergstrasse 42	Basel	3247	1906	61	telefonbuch_063	PTT-Archiv, P-260-1_Basel_1906	Basel
Consumverein		Allgemeiner, Metzgereifiliale	Claragraben 3	Basel	3217	1906	61	telefonbuch_063	PTT-Archiv, P-260-1_Basel_1906	Basel
Consumverein		Allgemeiner, Metzgereifiliale	Ochsengasse 11	Basel	1201	1906	61	telefonbuch_063	PTT-Archiv, P-260-1_Basel_1906	Basel
Consumverein		Allgemeiner, Metzgereifiliale	Sempacherstrasse 23	Basel	4083	1906	61	telefonbuch_063	PTT-Archiv, P-260-1_Basel_1906	Basel
Consumverein		Allgemeiner, Metzgereifiliale	Spalenvorstadt 27	Basel	2675	1906	61	telefonbuch_063	PTT-Archiv, P-260-1_Basel_1906	Basel
Consumverein		Allgemeiner, Metzgereifiliale	Steinenvorstadt 24	Basel	2373	1906	61	telefonbuch_063	PTT-Archiv, P-260-1_Basel_1906	Basel
Consumverein		Allgemeiner, Metzgereifiliale	Sternengasse 11	Basel	1212	1906	61	telefonbuch_063	PTT-Archiv, P-260-1_Basel_1906	Basel
Consumverein		Allgemeiner, Metzgereifiliale	Zürcherstrasse 105	Basel	886	1906	61	telefonbuch_063	PTT-Archiv, P-260-1_Basel_1906	Basel
Consumverein		Allgemeiner, Metzgereifiliale	Rümelinsplatz 19	Basel	2672	1906	61	telefonbuch_063	PTT-Archiv, P-260-1_Basel_1906	Basel
Consumverein		Allgemeiner, Metzgereifiliale	Kleinhüningen	Basel	748	1906	61	telefonbuch_063	PTT-Archiv, P-260-1_Basel_1906	Basel
Consumverein		Allgemeiner, Metzgereifiliale	Davidsrain 25	Basel	4433	1906	61	telefonbuch_063	PTT-Archiv, P-260-1_Basel_1906	Basel
Consumverein		Allgemeiner, Metzgereifiliale	Rufacherstrasse 106	Basel	4414	1906	61	telefonbuch_063	PTT-Archiv, P-260-1_Basel_1906	Basel
Consumverein		Allgemeiner, Metzgereifiliale	Tellsplatz 3	Basel	4413	1906	61	telefonbuch_063	PTT-Archiv, P-260-1_Basel_1906	Basel
Consumverein		Allgemeiner, Bäckereigeschäft	Birsigstrasse 12	Basel	203	1906	61	telefonbuch_063	PTT-Archiv, P-260-1_Basel_1906	Basel
Consumverein		Allgemeiner, Brennmaterialiengeschäft	Elsässerstrasse 227	Basel	312	1906	61	telefonbuch_063	PTT-Archiv, P-260-1_Basel_1906	Basel
Consumverein		Allgemeiner, Gemüsehandel	Margarethenstr. 15	Basel	828	1906	61	telefonbuch_063	PTT-Archiv, P-260-1_Basel_1906	Basel
Consumverein		Allgemeiner, Haushaltungsartikel-Geschäft	Rümelinsplatz 19	Basel	2857	1906	61	telefonbuch_063	PTT-Archiv, P-260-1_Basel_1906	Basel
Consumverein		Allgemeiner, Schlächterei	Mülhauserstrasse 40	Basel	342	1906	61	telefonbuch_063	PTT-Archiv, P-260-1_Basel_1906	Basel
Consumverein		Allgemeiner, Schlächterei	Mülhauserstrasse 36	Basel	2954	1906	61	telefonbuch_063	PTT-Archiv, P-260-1_Basel_1906	Basel
Consumverein		Allgemeiner, Schuhgeschäft	Rümelinbachweg 53	Basel	4274	1906	61	telefonbuch_063	PTT-Archiv, P-260-1_Basel_1906	Basel
Consumverein		Allgemeiner, Milchgeschäft	Steinenthörstr. 24	Basel	2239	1906	61	telefonbuch_063	PTT-Archiv, P-260-1_Basel_1906	Basel
Consumverein		Allgemeiner, Stallung	Hochstrasse 52	Basel	4162	1906	61	telefonbuch_063	PTT-Archiv, P-260-1_Basel_1906	Basel
Consumverein		Allgemeiner, Warenbureau	Rümelinbachweg 23	Basel	4263	1906	61	telefonbuch_063	PTT-Archiv, P-260-1_Basel_1906	Basel
Continental		Restaurant, Ph. Plachner	Küchengässlein 15	Basel	4495	1906	61	telefonbuch_063	PTT-Archiv, P-260-1_Basel_1906	Basel
Conzelmann-Hunziker	J.	Schreinermeister	Belchenstrasse 16	Basel	258	1906	61	telefonbuch_063	PTT-Archiv, P-260-1_Basel_1906	Basel
de Coppet	Maurice	Consul de France	Angensteinerstr. 13	Basel	2802	1906	61	telefonbuch_063	PTT-Archiv, P-260-1_Basel_1906	Basel
Corcoran	J. V.		Bruderholzstr. 18	Basel	4474	1906	61	telefonbuch_063	PTT-Archiv, P-260-1_Basel_1906	Basel
Cornelius	Carl	Prof.	Hirzbodenweg 96	Basel	476	1906	61	telefonbuch_063	PTT-Archiv, P-260-1_Basel_1906	Basel
Corning	H. K.	Prof. Dr.	Bundesstrasse 17	Basel	1659	1906	61	telefonbuch_063	PTT-Archiv, P-260-1_Basel_1906	Basel
Courvoisier	L. G.	Prof. Dr.	Holbeinstrasse 93	Basel	3101	1906	61	telefonbuch_063	PTT-Archiv, P-260-1_Basel_1906	Basel
Crome	Ernst Friedrich		St. Johannring 125	Basel	1304	1906	61	telefonbuch_063	PTT-Archiv, P-260-1_Basel_1906	Basel
Crowe	Ulrich Milne		Dornacherstrasse 22	Basel	4036	1906	61	telefonbuch_063	PTT-Archiv, P-260-1_Basel_1906	Basel
Cuny & Cie.			Kirchgasse 6	Basel	3190	1906	61	telefonbuch_063	PTT-Archiv, P-260-1_Basel_1906	Basel
Dahler	Carl	Handelsgärtner	Giessliweg 56	Basel	2744	1906	61	telefonbuch_063	PTT-Archiv, P-260-1_Basel_1906	Basel
Dahler	Friedr.		Florastrasse 27	Basel	3617	1906	61	telefonbuch_063	PTT-Archiv, P-260-1_Basel_1906	Basel
Dalang-David	E.	Bäcker	Ob. Rheingasse 56	Basel	1185	1906	61	telefonbuch_063	PTT-Archiv, P-260-1_Basel_1906	Basel
Dallwigk	O.	Vertreter der Schreibwarenfabrik F. Soennecken	Kohlenberg 25	Basel	4463	1906	61	telefonbuch_063	PTT-Archiv, P-260-1_Basel_1906	Basel
Damsohn-Ried	Chr.	Wirt	Elsässerstrasse 3	Basel	4439	1906	61	telefonbuch_063	PTT-Archiv, P-260-1_Basel_1906	Basel
Dannenberger	Leo	Malermeister	Habsburgerstr. 36	Basel	3878	1906	62	telefonbuch_064	PTT-Archiv, P-260-1_Basel_1906	Basel
Danner	R.	Eisenhandlung	Freiestrasse 54	Basel	1918	1906	62	telefonbuch_064	PTT-Archiv, P-260-1_Basel_1906	Basel
Danzas & Co. A.-G.		I, Export	Holbeinstrasse 2	Basel	2918	1906	62	telefonbuch_064	PTT-Archiv, P-260-1_Basel_1906	Basel
Dieselben		II., Import	Holbeinstrasse 2	Basel	2886	1906	62	telefonbuch_064	PTT-Archiv, P-260-1_Basel_1906	Basel
Dieselben		III., Cassa, Buchhaltung und Messageries Anglo-Suisses	Holbeinstrasse 2	Basel	3270	1906	62	telefonbuch_064	PTT-Archiv, P-260-1_Basel_1906	Basel
Dieselben		Güterbahnhof	St. Jakobstrasse	Basel	4209	1906	62	telefonbuch_064	PTT-Archiv, P-260-1_Basel_1906	Basel
Dieselben			Bad. Güterbahnhof	Basel	4424	1906	62	telefonbuch_064	PTT-Archiv, P-260-1_Basel_1906	Basel
Danzeisen	Ernst	Metzger	Schützenmattstr. 11	Basel	2690	1906	62	telefonbuch_064	PTT-Archiv, P-260-1_Basel_1906	Basel
Danzeisen-Rieder	A.		Friedensgasse 70	Basel	1456	1906	62	telefonbuch_064	PTT-Archiv, P-260-1_Basel_1906	Basel
Dätwiler	Friedrich		Mülhauserstrasse 96	Basel	354	1906	62	telefonbuch_064	PTT-Archiv, P-260-1_Basel_1906	Basel
David	Dr. Heinrich		Rennweg 42	Basel	3789	1906	62	telefonbuch_064	PTT-Archiv, P-260-1_Basel_1906	Basel
David-Hoch	Alb.	Direktor der Volksbank	Bachlettenstrasse 68	Basel	3159	1906	62	telefonbuch_064	PTT-Archiv, P-260-1_Basel_1906	Basel
DeBary-Bavier	Rud.		Augustinergasse 1	Basel	1176	1906	62	telefonbuch_064	PTT-Archiv, P-260-1_Basel_1906	Basel
DeBary-Burckhardt	Joh.		St. Albananlage 25	Basel	4281	1906	62	telefonbuch_064	PTT-Archiv, P-260-1_Basel_1906	Basel
DeBary & Co.			Augustinergasse 1	Basel	1170	1906	62	telefonbuch_064	PTT-Archiv, P-260-1_Basel_1906	Basel
Dieselben		Fabrik	Gellertstrasse 67	Basel	1437	1906	62	telefonbuch_064	PTT-Archiv, P-260-1_Basel_1906	Basel
Deck	Melchior	Metzger	Schützenmattstr. 1	Basel	2601	1906	62	telefonbuch_064	PTT-Archiv, P-260-1_Basel_1906	Basel
Deffner	B.		Heinrichsgasse 22	Basel	3272	1906	62	telefonbuch_064	PTT-Archiv, P-260-1_Basel_1906	Basel
Degen-Rössiger	E.		Thiersteinerallee 15	Basel	759	1906	62	telefonbuch_064	PTT-Archiv, P-260-1_Basel_1906	Basel
Dehne	Franz		Riehenstrasse 8	Basel	3428	1906	62	telefonbuch_064	PTT-Archiv, P-260-1_Basel_1906	Basel
Deiss	K.	Schuhhandlung	Hutgasse 5	Basel	1527	1906	62	telefonbuch_064	PTT-Archiv, P-260-1_Basel_1906	Basel
Dennler	Fritz	Milch- und Butterhandlung	Webergasse 27	Basel	994	1906	62	telefonbuch_064	PTT-Archiv, P-260-1_Basel_1906	Basel
Denz	Joh.	Steinhauergeschäft	Rufacherstrasse 120	Basel	445	1906	62	telefonbuch_064	PTT-Archiv, P-260-1_Basel_1906	Basel
Departement des Innern			Rathaus	Basel	1387	1906	62	telefonbuch_064	PTT-Archiv, P-260-1_Basel_1906	Basel
v. Deschwanden-Gasser	J. M.	Flaschenbier-dépöt Feldschlösschen	Hagenthalerstr. 16	Basel	2786	1906	62	telefonbuch_064	PTT-Archiv, P-260-1_Basel_1906	Basel
Dettwiler	Emil	Architekt, Baubureau Gschwind, Dettwyler & Co.	Steinenthorstr. 27	Basel	2475	1906	62	telefonbuch_064	PTT-Archiv, P-260-1_Basel_1906	Basel
Dettwiler-Kellerhals	Franz		Dornacherstrasse 161	Basel	3776	1906	62	telefonbuch_064	PTT-Archiv, P-260-1_Basel_1906	Basel
Deutler	Gustav	Tapezierer	Spitalstrasse 26	Basel	2874	1906	62	telefonbuch_064	PTT-Archiv, P-260-1_Basel_1906	Basel
Deutsches Konsulat			Drahtzugstrasse 10	Basel	3301	1906	62	telefonbuch_064	PTT-Archiv, P-260-1_Basel_1906	Basel
Dewald	André	Vertr. v. Aug. Göricke	Steinenvorstadt 23	Basel	240	1906	62	telefonbuch_064	PTT-Archiv, P-260-1_Basel_1906	Basel
Diakonenanstalt im Hirzen			Aeschenvorstadt 50	Basel	2282	1906	62	telefonbuch_064	PTT-Archiv, P-260-1_Basel_1906	Basel
Diakonenstation Basel			Claragraben 160	Basel	3867	1906	62	telefonbuch_064	PTT-Archiv, P-260-1_Basel_1906	Basel
Dick	R.	vorm. Jos. Burri & Cie.	Hammerstrasse 115	Basel	3456	1906	62	telefonbuch_064	PTT-Archiv, P-260-1_Basel_1906	Basel
Didio-Kuchemann	L.	Wasch- und Glätterei	Spalenring 162	Basel	984	1906	62	telefonbuch_064	PTT-Archiv, P-260-1_Basel_1906	Basel
Diehl Gageur & Co.			St. Albanthal 35	Basel	4297	1906	62	telefonbuch_064	PTT-Archiv, P-260-1_Basel_1906	Basel
Diehr-Asal	Rob.		Palmenstrasse 20	Basel	916	1906	62	telefonbuch_064	PTT-Archiv, P-260-1_Basel_1906	Basel
Dierks	W.		Freiestrasse 74	Basel	3749	1906	62	telefonbuch_064	PTT-Archiv, P-260-1_Basel_1906	Basel
Dietrich-Böhme	Louis	Bierbrauer, Privat	Müllheimerstr. 141	Basel	3353	1906	62	telefonbuch_064	PTT-Archiv, P-260-1_Basel_1906	Basel
Dietrich	Gebr.	Brauerei z. Greifen, Brauerei und Bureau	Amerbachstrasse 36	Basel	3355	1906	62	telefonbuch_064	PTT-Archiv, P-260-1_Basel_1906	Basel
Dietrich	Herm.	Dr. med.	Kleinhüningerstr. 169	Basel	3393	1906	62	telefonbuch_064	PTT-Archiv, P-260-1_Basel_1906	Basel
Dietrich & Co.		Bijouterie	Freiestrasse 5	Basel	1549	1906	62	telefonbuch_064	PTT-Archiv, P-260-1_Basel_1906	Basel
Dietschy-Alioth	W.		Pilgerstrasse 19	Basel	1714	1906	62	telefonbuch_064	PTT-Archiv, P-260-1_Basel_1906	Basel
Dietschy-Burckhardt	J. J.		St. Johannvorst. 22	Basel	1391	1906	62	telefonbuch_064	PTT-Archiv, P-260-1_Basel_1906	Basel
Dietschy	Dr. Richard		Sevogelstrasse 30	Basel	4306	1906	62	telefonbuch_064	PTT-Archiv, P-260-1_Basel_1906	Basel
Dietschy, Heusler & Co.		Comptoir	St. Johannvorst. 19	Basel	1398	1906	62	telefonbuch_064	PTT-Archiv, P-260-1_Basel_1906	Basel
Dieselben		Fergstube	St. Johannvorst. 19	Basel	1397	1906	62	telefonbuch_064	PTT-Archiv, P-260-1_Basel_1906	Basel
Dietschy-Fürstenberger	W. R.		Peter Merianstr. 48	Basel	4065	1906	63	telefonbuch_065	PTT-Archiv, P-260-1_Basel_1906	Basel
Dilger-Ruh	W.	Installateur	Spalenberg 62	Basel	311	1906	63	telefonbuch_065	PTT-Archiv, P-260-1_Basel_1906	Basel
Dill	Th.	Zahnarzt	St. Albananlage 7	Basel	4259	1906	63	telefonbuch_065	PTT-Archiv, P-260-1_Basel_1906	Basel
Dinser	Conrad	Architekt	Güterstrasse 277	Basel	3425	1906	63	telefonbuch_065	PTT-Archiv, P-260-1_Basel_1906	Basel
Direktion der eidg. Bauten		Baubureau	Gartenstrasse 68	Basel	242	1906	63	telefonbuch_065	PTT-Archiv, P-260-1_Basel_1906	Basel
Diriwächter	G. W.		Petersgasse 10	Basel	4535	1906	63	telefonbuch_065	PTT-Archiv, P-260-1_Basel_1906	Basel
Disch-Jaeck	Aug.		Riehenthorstrasse 12	Basel	2819	1906	63	telefonbuch_065	PTT-Archiv, P-260-1_Basel_1906	Basel
Dischler	A.	Sculpture, Ebénisterie	Luftgässlein 6	Basel	3634	1906	63	telefonbuch_065	PTT-Archiv, P-260-1_Basel_1906	Basel
Disler	F.	(Hôtel Rütli)	Theaterstrasse 24	Basel	2549	1906	63	telefonbuch_065	PTT-Archiv, P-260-1_Basel_1906	Basel
Distel-Motsch	L.	Milchhandlung	Hägenheimerstr. 66	Basel	191	1906	63	telefonbuch_065	PTT-Archiv, P-260-1_Basel_1906	Basel
Ditisheim	Alfred	Lichtdruckanstalt, Nachf. v. Henri Besson	Elisabethenstr. 41	Basel	2094	1906	63	telefonbuch_065	PTT-Archiv, P-260-1_Basel_1906	Basel
Ditisheim		Gebrüder	Güterstrasse 126	Basel	2473	1906	63	telefonbuch_065	PTT-Archiv, P-260-1_Basel_1906	Basel
Ditisheim	M.	Dr. med.	Inn. Margarethenstr. 18	Basel	2522	1906	63	telefonbuch_065	PTT-Archiv, P-260-1_Basel_1906	Basel
Döbbelin	A.	Nachf. v. H. R. Pfisterer	Freiestrasse 42	Basel	248	1906	63	telefonbuch_065	PTT-Archiv, P-260-1_Basel_1906	Basel
Döbeli-Hofer	T.	zur Burgvogtei	Ob. Rebgasse 12/14	Basel	1162	1906	63	telefonbuch_065	PTT-Archiv, P-260-1_Basel_1906	Basel
Dobler	Karl	Handelsgärtner	Lehenmattweg 230	Basel	855	1906	63	telefonbuch_065	PTT-Archiv, P-260-1_Basel_1906	Basel
Dolder	C.		Aeschenvorstadt 20	Basel	2096	1906	63	telefonbuch_065	PTT-Archiv, P-260-1_Basel_1906	Basel
Dollfus	R. A.		Grellingerstrasse 77	Basel	2343	1906	63	telefonbuch_065	PTT-Archiv, P-260-1_Basel_1906	Basel
Dollinger-Kölliker	Wilh.	Graveur	Malzgasse 11	Basel	2418	1906	63	telefonbuch_065	PTT-Archiv, P-260-1_Basel_1906	Basel
Domma	Rob.	Conditor	Oetlingerstrasse 63	Basel	291	1906	63	telefonbuch_065	PTT-Archiv, P-260-1_Basel_1906	Basel
Dopler	Jules H.	march.-tailleur	Kohlenberg 11	Basel	3267	1906	63	telefonbuch_065	PTT-Archiv, P-260-1_Basel_1906	Basel
Doppler	Gustav	Architekt	Müllheimerstr. 73	Basel	3347	1906	63	telefonbuch_065	PTT-Archiv, P-260-1_Basel_1906	Basel
Doppler	Heinrich	Baumeister	Allschwilerstr. 48	Basel	206	1906	63	telefonbuch_065	PTT-Archiv, P-260-1_Basel_1906	Basel
Dörflinger	Fritz	Fuhrhalter	Hägenheimerstr. 117	Basel	897	1906	63	telefonbuch_065	PTT-Archiv, P-260-1_Basel_1906	Basel
Dörflinger-Rietmann	Fr.		St. Johannvorst. 44	Basel	4011	1906	63	telefonbuch_065	PTT-Archiv, P-260-1_Basel_1906	Basel
Dornacher-Gutmann	L.	Spenglermeister	Unt. Heuberg 13	Basel	4442	1906	63	telefonbuch_065	PTT-Archiv, P-260-1_Basel_1906	Basel
Dorner	Albert		Gundoldingerstr. 410	Basel	745	1906	63	telefonbuch_065	PTT-Archiv, P-260-1_Basel_1906	Basel
Dorner & Co.		Weinimport	Reinacherstrasse 10	Basel	745	1906	63	telefonbuch_065	PTT-Archiv, P-260-1_Basel_1906	Basel
Doetsch	Richard	Apotheker	Sommergasse 38	Basel	2335	1906	63	telefonbuch_065	PTT-Archiv, P-260-1_Basel_1906	Basel
Doetschmann & Hoch			Eulerstrasse 8	Basel	2891	1906	63	telefonbuch_065	PTT-Archiv, P-260-1_Basel_1906	Basel
Dreher	Germann		Gerbergasse 57	Basel	883	1906	63	telefonbuch_065	PTT-Archiv, P-260-1_Basel_1906	Basel
Dreher-Strahm	Wilhelm		Hardtstrasse 95	Basel	3788	1906	63	telefonbuch_065	PTT-Archiv, P-260-1_Basel_1906	Basel
Dreher-Treichler	J.	Sargfabrik, Nachf. v. C. Wassermann	Totentanz 8	Basel	1399	1906	63	telefonbuch_065	PTT-Archiv, P-260-1_Basel_1906	Basel
Dreifuss-Kahn	Leopold		Schützengraben 9	Basel	2779	1906	63	telefonbuch_065	PTT-Archiv, P-260-1_Basel_1906	Basel
Dreimann	A.		Spalenthorweg 31	Basel	2562	1906	63	telefonbuch_065	PTT-Archiv, P-260-1_Basel_1906	Basel
Drei Rosen		Wirtschaft (Cardinal)	Horburgstrasse 1	Basel	931	1906	63	telefonbuch_065	PTT-Archiv, P-260-1_Basel_1906	Basel
Dreispitz-Lagerplatz		siehe „Verwaltung“		Basel	4257	1906	63	telefonbuch_065	PTT-Archiv, P-260-1_Basel_1906	Basel
Dreux	Eugène	Vertreter	Dornacherstrasse 58	Basel	4222	1906	63	telefonbuch_065	PTT-Archiv, P-260-1_Basel_1906	Basel
Dreux-Heimgartner	Chs.	Restaurant zum Güterbahnhof (Wolf)	St. Jakobstrasse 159	Basel	3995	1906	63	telefonbuch_065	PTT-Archiv, P-260-1_Basel_1906	Basel
Drexler	Camille	Hotel Roter Ochsen	Ochsengasse 10	Basel	1249	1906	63	telefonbuch_065	PTT-Archiv, P-260-1_Basel_1906	Basel
Drexler	J.	Bürsten- und Pinselfabrikation	Marktplatz 3	Basel	116	1906	63	telefonbuch_065	PTT-Archiv, P-260-1_Basel_1906	Basel
Dreyfus	Alfred		Steinenvorstadt 60	Basel	2498	1906	63	telefonbuch_065	PTT-Archiv, P-260-1_Basel_1906	Basel
Dreyfus	Armand		Steinenring 6	Basel	3632	1906	63	telefonbuch_065	PTT-Archiv, P-260-1_Basel_1906	Basel
Dreyfus-Bernheim	S.		Steinengraben 25	Basel	2890	1906	63	telefonbuch_065	PTT-Archiv, P-260-1_Basel_1906	Basel
Dreyfus-Brettauer	B. A.		Steinengraben 49	Basel	3072	1906	63	telefonbuch_065	PTT-Archiv, P-260-1_Basel_1906	Basel
Dreyfus-Brodski	Jules		St. Jakobstrasse 44	Basel	2156	1906	63	telefonbuch_065	PTT-Archiv, P-260-1_Basel_1906	Basel
Dreyfus	Charles		St. Johannring 91	Basel	2630	1906	63	telefonbuch_065	PTT-Archiv, P-260-1_Basel_1906	Basel
Dreyfus		Dr. med.	Schützenmattstr. 69	Basel	2848	1906	64	telefonbuch_066	PTT-Archiv, P-260-1_Basel_1906	Basel
Dreyfus	E.		Theaterstrasse 22	Basel	884	1906	64	telefonbuch_066	PTT-Archiv, P-260-1_Basel_1906	Basel
Dreyfus	Ernst		Socinstrasse 35	Basel	2702	1906	64	telefonbuch_066	PTT-Archiv, P-260-1_Basel_1906	Basel
Dreyfus-Geismar	Achilles		Lothringerstrasse 9	Basel	1233	1906	64	telefonbuch_066	PTT-Archiv, P-260-1_Basel_1906	Basel
Dreyfus	L. de Emanuel		Spalenthorweg 20	Basel	2708	1906	64	telefonbuch_066	PTT-Archiv, P-260-1_Basel_1906	Basel
Dreyfus-Merzbacher	Ida	Wwe.	Eulerstrasse 10	Basel	2800	1906	64	telefonbuch_066	PTT-Archiv, P-260-1_Basel_1906	Basel
Dreyfus-Neumann	S.		Steinengraben 51	Basel	3060	1906	64	telefonbuch_066	PTT-Archiv, P-260-1_Basel_1906	Basel
Dreyfus-Rueff	M.	Frau	Burgunderstrasse 11	Basel	3543	1906	64	telefonbuch_066	PTT-Archiv, P-260-1_Basel_1906	Basel
Dreyfus-Rueff	S.		Leimenstrasse 13	Basel	2852	1906	64	telefonbuch_066	PTT-Archiv, P-260-1_Basel_1906	Basel
Dreyfus Söhne & Co.			Aeschenvorstadt 16	Basel	2075	1906	64	telefonbuch_066	PTT-Archiv, P-260-1_Basel_1906	Basel
Dieselben		Börse	Börse	Basel	101	1906	64	telefonbuch_066	PTT-Archiv, P-260-1_Basel_1906	Basel
Dreyfus-Strauss	Isaak		Schützenmattstr. 43	Basel	2769	1906	64	telefonbuch_066	PTT-Archiv, P-260-1_Basel_1906	Basel
Drissler-Eitel	Aug.	Bildhauer	Unt. Rheinweg 58	Basel	214	1906	64	telefonbuch_066	PTT-Archiv, P-260-1_Basel_1906	Basel
Droschkenanstalt, allgemeine		Gebrüder Keller	Margarethenstr. 79	Basel	2145	1906	64	telefonbuch_066	PTT-Archiv, P-260-1_Basel_1906	Basel
Dieselbe			Drahtzugstrasse 16	Basel	3470	1906	64	telefonbuch_066	PTT-Archiv, P-260-1_Basel_1906	Basel
Droschkenanstalt Settelen, Basler		Droschken- und Möbeltransport	Davidsgasse 15	Basel	1519	1906	64	telefonbuch_066	PTT-Archiv, P-260-1_Basel_1906	Basel
Dieselbe			Davidsgasse 15	Basel	1531	1906	64	telefonbuch_066	PTT-Archiv, P-260-1_Basel_1906	Basel
Dieselbe		Camionnage und Fuhrhalterei	Solothurnerstr. 12	Basel	3946	1906	64	telefonbuch_066	PTT-Archiv, P-260-1_Basel_1906	Basel
Dreser	H. J.	Bürsten- und Pinselfabrik	Eisengasse 11	Basel	1343	1906	64	telefonbuch_066	PTT-Archiv, P-260-1_Basel_1906	Basel
Derselbe		Filiale	Spalenberg 38	Basel	2649	1906	64	telefonbuch_066	PTT-Archiv, P-260-1_Basel_1906	Basel
Düblin	Emil	Spenglermeister	Allschwilerstrasse 34	Basel	2788	1906	64	telefonbuch_066	PTT-Archiv, P-260-1_Basel_1906	Basel
Düby	E.	Generalsekretär V. P. S T.	Freiestrasse 103	Basel	2021	1906	64	telefonbuch_066	PTT-Archiv, P-260-1_Basel_1906	Basel
Dudenhoeffer	J.		Münchensteinerstrasse 134	Basel	3504	1906	64	telefonbuch_066	PTT-Archiv, P-260-1_Basel_1906	Basel
Dukas	S.		Weiherweg 28	Basel	2998	1906	64	telefonbuch_066	PTT-Archiv, P-260-1_Basel_1906	Basel
Dukas	S.	& Co.	Freiestrasse 17	Basel	3040	1906	64	telefonbuch_066	PTT-Archiv, P-260-1_Basel_1906	Basel
Dieselben		Börse	Postgebäude	Basel	3156	1906	64	telefonbuch_066	PTT-Archiv, P-260-1_Basel_1906	Basel
Dieselben		Börse	Postgebäude	Basel	3141	1906	64	telefonbuch_066	PTT-Archiv, P-260-1_Basel_1906	Basel
Dunlop Pneumatic Tyre Co., The			Thiersteinerallee 23	Basel	3412	1906	64	telefonbuch_066	PTT-Archiv, P-260-1_Basel_1906	Basel
Durot	Ernest		Rennweg 82	Basel	3682	1906	64	telefonbuch_066	PTT-Archiv, P-260-1_Basel_1906	Basel
Dürrenberger	H.	Mechaniker	Türkheimerstr. 32	Basel	2269	1906	64	telefonbuch_066	PTT-Archiv, P-260-1_Basel_1906	Basel
Dürr	Alfred	Agentur und Kommission	St. Johannring 122	Basel	1442	1906	64	telefonbuch_066	PTT-Archiv, P-260-1_Basel_1906	Basel
Dürring-Kummler	R.	Wagner	Pfeffingerstrasse 61	Basel	3887	1906	64	telefonbuch_066	PTT-Archiv, P-260-1_Basel_1906	Basel
Eberhard	Hans	Bauunternehmer	Holbeinstrasse 11	Basel	2948	1906	64	telefonbuch_066	PTT-Archiv, P-260-1_Basel_1906	Basel
Eberhard	Hch.	Bauunternehmer	Kohlenberggasse 6	Basel	3118	1906	64	telefonbuch_066	PTT-Archiv, P-260-1_Basel_1906	Basel
Derselbe		Werkhof	Hägenheimerstr. 39	Basel	811	1906	64	telefonbuch_066	PTT-Archiv, P-260-1_Basel_1906	Basel
Ebstein	Leopold		Mostackerstrasse 7	Basel	1770	1906	64	telefonbuch_066	PTT-Archiv, P-260-1_Basel_1906	Basel
Eckel-Labhart	Ch.		Mittlerestrasse 43	Basel	2760	1906	64	telefonbuch_066	PTT-Archiv, P-260-1_Basel_1906	Basel
Eckenstein	Louis	Pianolager	Nadelberg 20	Basel	1239	1906	64	telefonbuch_066	PTT-Archiv, P-260-1_Basel_1906	Basel
Eckenstein-Marfort	A.		Grellingerstrasse 34	Basel	90	1906	64	telefonbuch_066	PTT-Archiv, P-260-1_Basel_1906	Basel
Eckenstein-Schmidt	Rud.		Margarethenstr. 69	Basel	4045	1906	64	telefonbuch_066	PTT-Archiv, P-260-1_Basel_1906	Basel
Eckenstein-Schröter	Eduard		Dornacherstrasse 7	Basel	2340	1906	64	telefonbuch_066	PTT-Archiv, P-260-1_Basel_1906	Basel
Eckerlin-Bürgin	Gustav		Hegenheimerstr. 70	Basel	894	1906	64	telefonbuch_066	PTT-Archiv, P-260-1_Basel_1906	Basel
Eckerlin-Vogelbach	Fritz		Steinenvorstadt 26	Basel	979	1906	64	telefonbuch_066	PTT-Archiv, P-260-1_Basel_1906	Basel
Eckert	Johann	Fuhrhalterei	Pfeffingerstrasse 34	Basel	3888	1906	64	telefonbuch_066	PTT-Archiv, P-260-1_Basel_1906	Basel
Eckhardt-Schwere	F.	Spezereihandlung	Theodorsgraben 40	Basel	348	1906	64	telefonbuch_066	PTT-Archiv, P-260-1_Basel_1906	Basel
Ecklin	Theod.	Dr., Arzt	Zürcherstrasse 19	Basel	4277	1906	64	telefonbuch_066	PTT-Archiv, P-260-1_Basel_1906	Basel
Egg-Sieberg	H.	Oberingenieur	Güterstrasse 279	Basel	477	1906	64	telefonbuch_066	PTT-Archiv, P-260-1_Basel_1906	Basel
Egger	F.	Prof. Dr.	Bundesstrasse 3	Basel	2856	1906	65	telefonbuch_067	PTT-Archiv, P-260-1_Basel_1906	Basel
Egger	J. F.	& Co., Bureau	Steinenthorberg 18	Basel	2260	1906	65	telefonbuch_067	PTT-Archiv, P-260-1_Basel_1906	Basel
Dieselben		Lagerplatz	Dreispitz	Basel	3982	1906	65	telefonbuch_067	PTT-Archiv, P-260-1_Basel_1906	Basel
Egli	Anton	Versicherungsagenturen	Kohlenberg 11	Basel	2518	1906	65	telefonbuch_067	PTT-Archiv, P-260-1_Basel_1906	Basel
Egli-Eckenstein	E. R.		Holbeinstrasse 85	Basel	972	1906	65	telefonbuch_067	PTT-Archiv, P-260-1_Basel_1906	Basel
Egli-Reinmann & Co.			Wallstrasse 22	Basel	2469	1906	65	telefonbuch_067	PTT-Archiv, P-260-1_Basel_1906	Basel
Egli-Scherer	Fritz	(Wohnung) [Bureau 3131]	Dornacherstrasse 93	Basel	3895	1906	65	telefonbuch_067	PTT-Archiv, P-260-1_Basel_1906	Basel
Eglinger-Oboussier	G.		Sonnenweg 4	Basel	3572	1906	65	telefonbuch_067	PTT-Archiv, P-260-1_Basel_1906	Basel
Ehinger-Heusler	Alph. M.		Aeschenvorstadt 15	Basel	1883	1906	65	telefonbuch_067	PTT-Archiv, P-260-1_Basel_1906	Basel
Derselbe		siehe unter „Neue Welt“		Basel	3910	1906	65	telefonbuch_067	PTT-Archiv, P-260-1_Basel_1906	Basel
Ehinger-Sarasin	L.	Dr.	St. Jakobsstrasse 41	Basel	1901	1906	65	telefonbuch_067	PTT-Archiv, P-260-1_Basel_1906	Basel
Ehinger & Co.			Aeschenvorstadt 15	Basel	2028	1906	65	telefonbuch_067	PTT-Archiv, P-260-1_Basel_1906	Basel
Dieselben			Aeschenvorstadt 15	Basel	2510	1906	65	telefonbuch_067	PTT-Archiv, P-260-1_Basel_1906	Basel
Dieselben		Börse	Gerbergasse 13	Basel	114	1906	65	telefonbuch_067	PTT-Archiv, P-260-1_Basel_1906	Basel
Ehret	G.		Pfluggasse 14	Basel	1845	1906	65	telefonbuch_067	PTT-Archiv, P-260-1_Basel_1906	Basel
Ehrhardt	Adolph		Schärtlingasse 22	Basel	2573	1906	65	telefonbuch_067	PTT-Archiv, P-260-1_Basel_1906	Basel
Ehrhardt-Korte	A.	Parfümerien	Alemannengasse 72	Basel	3229	1906	65	telefonbuch_067	PTT-Archiv, P-260-1_Basel_1906	Basel
Ehrich-Fischer	Rudolf		Leimenstrasse 57	Basel	2832	1906	65	telefonbuch_067	PTT-Archiv, P-260-1_Basel_1906	Basel
Ehrich	R.	Buchdruckerei	Nadelberg 20	Basel	1584	1906	65	telefonbuch_067	PTT-Archiv, P-260-1_Basel_1906	Basel
Ehrler-Wittich	A. K.	Wwe.	Ob. Rheinweg 87	Basel	1139	1906	65	telefonbuch_067	PTT-Archiv, P-260-1_Basel_1906	Basel
Ehrsam-Fischer	W.	Agentur	St. Johannvorst. 42	Basel	1737	1906	65	telefonbuch_067	PTT-Archiv, P-260-1_Basel_1906	Basel
Ehrsam	Jean	Kaminfegermeister	Totentanz 15	Basel	1293	1906	65	telefonbuch_067	PTT-Archiv, P-260-1_Basel_1906	Basel
Eichenberger	Arthur	Baumeister	Kannenfeldstr. 55	Basel	1976	1906	65	telefonbuch_067	PTT-Archiv, P-260-1_Basel_1906	Basel
Eichenberger & Pernaux			Marktplatz 31	Basel	1620	1906	65	telefonbuch_067	PTT-Archiv, P-260-1_Basel_1906	Basel
Eichenlaub	E.	Coiffeur	Stadthausgasse 23	Basel	1964	1906	65	telefonbuch_067	PTT-Archiv, P-260-1_Basel_1906	Basel
Eichin	G.	Hôtel goldenes Lamm	Ob. Rebgasse 16	Basel	1195	1906	65	telefonbuch_067	PTT-Archiv, P-260-1_Basel_1906	Basel
Eichkorn	A.	Brennmaterialienhandlung	Mattweg 31	Basel	3485	1906	65	telefonbuch_067	PTT-Archiv, P-260-1_Basel_1906	Basel
Eichstätte Basel	J. F.	Linder	Petersgraben 35	Basel	369	1906	65	telefonbuch_067	PTT-Archiv, P-260-1_Basel_1906	Basel
Eidgenössische Bank		laufendes Geschäft	St. Albangraben 3	Basel	1898	1906	65	telefonbuch_067	PTT-Archiv, P-260-1_Basel_1906	Basel
Dieselbe		Direktion	St. Albangraben 3	Basel	1807	1906	65	telefonbuch_067	PTT-Archiv, P-260-1_Basel_1906	Basel
Dieselbe		Börse	Postgebäude	Basel	3537	1906	65	telefonbuch_067	PTT-Archiv, P-260-1_Basel_1906	Basel
Eisenbahnbank, Schweiz.			Aeschenvorstadt 16	Basel	2015	1906	65	telefonbuch_067	PTT-Archiv, P-260-1_Basel_1906	Basel
Eisenhut	Herm.	Dr., Gundoldingerapotheke	Dornacherstrasse 83	Basel	4094	1906	65	telefonbuch_067	PTT-Archiv, P-260-1_Basel_1906	Basel
Eisenmann	L.		Birmannsgasse 31	Basel	2352	1906	65	telefonbuch_067	PTT-Archiv, P-260-1_Basel_1906	Basel
Eisenring	Fritz	Conditor	Heumattstrasse 3	Basel	2256	1906	65	telefonbuch_067	PTT-Archiv, P-260-1_Basel_1906	Basel
Eisenwerk Wülfel		Filiale Basel	Blumenrain 32	Basel	2206	1906	65	telefonbuch_067	PTT-Archiv, P-260-1_Basel_1906	Basel
Eisfabrik Bürgin			Unt. Rheinweg 18	Basel	1263	1906	65	telefonbuch_067	PTT-Archiv, P-260-1_Basel_1906	Basel
Eisgesellschaft, Basler		(Bronner & Cie.)	Nauenstrasse 1	Basel	2270	1906	65	telefonbuch_067	PTT-Archiv, P-260-1_Basel_1906	Basel
Eisinger	Fr.	Spenglerei (Bureau)	Aeschenvorst. 26/28	Basel	2073	1906	65	telefonbuch_067	PTT-Archiv, P-260-1_Basel_1906	Basel
Derselbe		Eiskasten- und Bierbuffetsfabrik	Margarethenstr. 19	Basel	2400	1906	65	telefonbuch_067	PTT-Archiv, P-260-1_Basel_1906	Basel
Eisinger-Karle	M. E.	Wwe., Waschanstalt	Ob. Rheingasse 54	Basel	3539	1906	65	telefonbuch_067	PTT-Archiv, P-260-1_Basel_1906	Basel
Elektrizität A.-G.			Birsigstrasse 5	Basel	3443	1906	65	telefonbuch_067	PTT-Archiv, P-260-1_Basel_1906	Basel
Elektrizitätsgesellschaft Alioth		(s. Münchenstein)		Basel	1670	1906	65	telefonbuch_067	PTT-Archiv, P-260-1_Basel_1906	Basel
Else-Schmidt	B.		Spalenberg 20	Basel	444	1906	65	telefonbuch_067	PTT-Archiv, P-260-1_Basel_1906	Basel
Elser		Wwe., & Sohn, Tapezierergeschäft	Schneidergasse 34	Basel	1503	1906	65	telefonbuch_067	PTT-Archiv, P-260-1_Basel_1906	Basel
Eltner	J.	Sattler und Carrossier	Klingenthalstrasse 3	Basel	3275	1906	65	telefonbuch_067	PTT-Archiv, P-260-1_Basel_1906	Basel
Emmel		Geschwister	Gerbergasse 33	Basel	2186	1906	65	telefonbuch_067	PTT-Archiv, P-260-1_Basel_1906	Basel
Enderle	Hch.	Hafner	Klingenthalstr. 68	Basel	3302	1906	65	telefonbuch_067	PTT-Archiv, P-260-1_Basel_1906	Basel
Enderlen	E.	Prof. Dr.	Hebelstrasse 21	Basel	160	1906	65	telefonbuch_067	PTT-Archiv, P-260-1_Basel_1906	Basel
Engel-Gros	F.		Gundoldingerstr. 218	Basel	3754	1906	66	telefonbuch_068	PTT-Archiv, P-260-1_Basel_1906	Basel
Engelberger	Jos.		Freiestrasse 31	Basel	1036	1906	66	telefonbuch_068	PTT-Archiv, P-260-1_Basel_1906	Basel
Engelhof			Nadelberg 4	Basel	1476	1906	66	telefonbuch_068	PTT-Archiv, P-260-1_Basel_1906	Basel
Engeli-Schönholzer	Traugott		Freiestrasse 65	Basel	1059	1906	66	telefonbuch_068	PTT-Archiv, P-260-1_Basel_1906	Basel
Engelmann	Th.	Dr., Apotheker	Unt. Rheingasse 2	Basel	1282	1906	66	telefonbuch_068	PTT-Archiv, P-260-1_Basel_1906	Basel
Engisch	Aug.	& Cie.	Eulerstrasse 1	Basel	2924	1906	66	telefonbuch_068	PTT-Archiv, P-260-1_Basel_1906	Basel
Engisch-Kroeber	Aug.		Eulerstrasse 1	Basel	2924	1906	66	telefonbuch_068	PTT-Archiv, P-260-1_Basel_1906	Basel
Engler-Steiner	Albert		Spalenthorweg 43	Basel	2765	1906	66	telefonbuch_068	PTT-Archiv, P-260-1_Basel_1906	Basel
Eppens	Paul	Tapezierer	Holbeinstrasse 9	Basel	2646	1906	66	telefonbuch_068	PTT-Archiv, P-260-1_Basel_1906	Basel
Epstein		Gebrüder	Leonhardsgraben 42	Basel	2957	1906	66	telefonbuch_068	PTT-Archiv, P-260-1_Basel_1906	Basel
Epstein-Meier	M.		Leimenstrasse 59	Basel	3912	1906	66	telefonbuch_068	PTT-Archiv, P-260-1_Basel_1906	Basel
Equitable		(Direktor v. Welck)	Missionsstrasse 34	Basel	3282	1906	66	telefonbuch_068	PTT-Archiv, P-260-1_Basel_1906	Basel
Erb	Wilh.	Malermeister	Spalenring 50	Basel	1668	1906	66	telefonbuch_068	PTT-Archiv, P-260-1_Basel_1906	Basel
Erhardt	Carl		Hochbergerstr. 27	Basel	395	1906	66	telefonbuch_068	PTT-Archiv, P-260-1_Basel_1906	Basel
Erne	M.	Hôtel Schrieder z. Deutschen Hof	Bahnhofstrasse 19	Basel	3466	1906	66	telefonbuch_068	PTT-Archiv, P-260-1_Basel_1906	Basel
Ernst	Wilh. H.		Gundoldingerstr. 117	Basel	4239	1906	66	telefonbuch_068	PTT-Archiv, P-260-1_Basel_1906	Basel
Ersparniskasse Basel			St. Albangraben 3	Basel	1892	1906	66	telefonbuch_068	PTT-Archiv, P-260-1_Basel_1906	Basel
Ersparniskasse Basel		Filiale	Claragraben 162	Basel	3324	1906	66	telefonbuch_068	PTT-Archiv, P-260-1_Basel_1906	Basel
Erste Aktienbrennerei in Basel			Margarethenstr. 59	Basel	2384	1906	66	telefonbuch_068	PTT-Archiv, P-260-1_Basel_1906	Basel
Erste Oesterreichische Actienges. zur Erzeugung von Möbeln aus gebogenem Holze		Jakob & Jos. Kohn	Leonhardstrasse 9	Basel	4004	1906	66	telefonbuch_068	PTT-Archiv, P-260-1_Basel_1906	Basel
Erste Schweiz. Cognac-Brennerei Basel			Feierabendstr. 36	Basel	3464	1906	66	telefonbuch_068	PTT-Archiv, P-260-1_Basel_1906	Basel
Erstein	L.	& Bro (Vertreter A. Luschka)	Freiestrasse 65	Basel	1818	1906	66	telefonbuch_068	PTT-Archiv, P-260-1_Basel_1906	Basel
Erzer & Thüring		Holzhandl. u. Baumaterialien	Dreispitz	Basel	3947	1906	66	telefonbuch_068	PTT-Archiv, P-260-1_Basel_1906	Basel
Erziehungsdepartement		(Mentelinhof)	Münsterplatz 14	Basel	1063	1906	66	telefonbuch_068	PTT-Archiv, P-260-1_Basel_1906	Basel
Erziehungsdepartement		Kleiderverteilung	Klein Klingenthal 19	Basel	391	1906	66	telefonbuch_068	PTT-Archiv, P-260-1_Basel_1906	Basel
Eschbach & Schmid			Weidengasse 25	Basel	4291	1906	66	telefonbuch_068	PTT-Archiv, P-260-1_Basel_1906	Basel
Eschbaecher	L. E.		Leimenstrasse 50	Basel	3285	1906	66	telefonbuch_068	PTT-Archiv, P-260-1_Basel_1906	Basel
Ess-Dörflinger	A.	Frau, Plazierungsbureau	Ob. Rheingasse 30	Basel	1198	1906	66	telefonbuch_068	PTT-Archiv, P-260-1_Basel_1906	Basel
Essig-Ackermann	C.	Frau	Gundoldingerstr. 87	Basel	4217	1906	66	telefonbuch_068	PTT-Archiv, P-260-1_Basel_1906	Basel
Euler-Barth	A.		Leimenstrasse 44	Basel	2953	1906	66	telefonbuch_068	PTT-Archiv, P-260-1_Basel_1906	Basel
Eulert-Frey	G.	Papeterie und Buchhandlung	Klybeckstrasse 23	Basel	2268	1906	66	telefonbuch_068	PTT-Archiv, P-260-1_Basel_1906	Basel
Ewald-Steib	Ch.	Parfümeriefabrikant	Austrasse 120	Basel	2774	1906	66	telefonbuch_068	PTT-Archiv, P-260-1_Basel_1906	Basel
Ewald & Co.		Parfumerie Franco-Suisse	Kraftstrasse 11	Basel	4546	1906	66	telefonbuch_068	PTT-Archiv, P-260-1_Basel_1906	Basel
Ewig	Georges		Hegenheimerstr. 129	Basel	3239	1906	66	telefonbuch_068	PTT-Archiv, P-260-1_Basel_1906	Basel
Ewig-Turneysen	Fried.	Wwe.	Grenzacherstr. 405	Basel	3866	1906	66	telefonbuch_068	PTT-Archiv, P-260-1_Basel_1906	Basel
Eybisch-Hübscher	Albert		Clarastrasse 57	Basel	1320	1906	66	telefonbuch_068	PTT-Archiv, P-260-1_Basel_1906	Basel
Facklam	Ferd. P. H.	Zahnarzt	Wallstrasse 17	Basel	2455	1906	66	telefonbuch_068	PTT-Archiv, P-260-1_Basel_1906	Basel
Fahm	J.	Dr.	Klingenthalgrb. 33	Basel	1298	1906	66	telefonbuch_068	PTT-Archiv, P-260-1_Basel_1906	Basel
Fähnle-Blattner	W.	Spenglermeister	St. Albanring 204	Basel	3316	1906	66	telefonbuch_068	PTT-Archiv, P-260-1_Basel_1906	Basel
Fahrner	M.	Lithograph	St. Albanvorstadt 40	Basel	1843	1906	66	telefonbuch_068	PTT-Archiv, P-260-1_Basel_1906	Basel
Falkner	Fritz	Hutmacher	Gerbergasse 63	Basel	2036	1906	66	telefonbuch_068	PTT-Archiv, P-260-1_Basel_1906	Basel
Faller-Schlecht	R.		Thiersteinerallee 55	Basel	778	1906	66	telefonbuch_068	PTT-Archiv, P-260-1_Basel_1906	Basel
Fankhauser	Fritz		Frobenstrasse 16	Basel	2472	1906	66	telefonbuch_068	PTT-Archiv, P-260-1_Basel_1906	Basel
Fankhauser	F.	& Cie.	Malzgasse 18	Basel	1999	1906	66	telefonbuch_068	PTT-Archiv, P-260-1_Basel_1906	Basel
Fankhauser-Thommen	Joh.	Gärtner	Neuwilerstrasse 18	Basel	3462	1906	66	telefonbuch_068	PTT-Archiv, P-260-1_Basel_1906	Basel
Fankhauser	Wilhelm		Güterstrasse 112	Basel	1669	1906	66	telefonbuch_068	PTT-Archiv, P-260-1_Basel_1906	Basel
Färberei und Appreturgesellschaft		Färberei und Druckerei	Gärtnerstrasse 22	Basel	790	1906	67	telefonbuch_069	PTT-Archiv, P-260-1_Basel_1906	Basel
Färberei und Appreturgesellschaft		Dieselbe, Appretur	Breisacherstrasse 1	Basel	1287	1906	67	telefonbuch_069	PTT-Archiv, P-260-1_Basel_1906	Basel
Färbereien vorm. Jos. Schetty Söhne A.-G.			Unt. Rebgasse 4	Basel	1245	1906	67	telefonbuch_069	PTT-Archiv, P-260-1_Basel_1906	Basel
Farbwerke		vorm. L. Durand, Huguenin & Co.	Fabrikstrasse 40	Basel	1624	1906	67	telefonbuch_069	PTT-Archiv, P-260-1_Basel_1906	Basel
Faesch	Emil	Architekt	Holbeinstrasse 36	Basel	806	1906	67	telefonbuch_069	PTT-Archiv, P-260-1_Basel_1906	Basel
Faesch	Emil	Derselbe (Emil Faesch-Geering), Wohnung	Sommergasse 26	Basel	802	1906	67	telefonbuch_069	PTT-Archiv, P-260-1_Basel_1906	Basel
Faesch	Fr.	elektrotechn. Installationsgeschäft	Spalenthorweg 15	Basel	2377	1906	67	telefonbuch_069	PTT-Archiv, P-260-1_Basel_1906	Basel
Faesch-Kaufmann	E.	Frau	Lohweg 6	Basel	2417	1906	67	telefonbuch_069	PTT-Archiv, P-260-1_Basel_1906	Basel
Faesch	Th. R.	Zahnarzt	Elisabethenstr. 15	Basel	1429	1906	67	telefonbuch_069	PTT-Archiv, P-260-1_Basel_1906	Basel
Faesch	Th. R.	Derselbe, Wohnung	Sommergasse 46	Basel	787	1906	67	telefonbuch_069	PTT-Archiv, P-260-1_Basel_1906	Basel
Fässy	Adolf	Schuhhandlung	Freiestrasse 38	Basel	1805	1906	67	telefonbuch_069	PTT-Archiv, P-260-1_Basel_1906	Basel
Faude-Walz	J.	Bäckermeister	Gerbergasse 64	Basel	2595	1906	67	telefonbuch_069	PTT-Archiv, P-260-1_Basel_1906	Basel
Fay	Ernest	Vergolder	Leonhardsgraben 18	Basel	2359	1906	67	telefonbuch_069	PTT-Archiv, P-260-1_Basel_1906	Basel
Fay	Paul		Pfirtergasse 28	Basel	1023	1906	67	telefonbuch_069	PTT-Archiv, P-260-1_Basel_1906	Basel
Fecht	C.	Comestibles	Sierenzerstrasse 5	Basel	809	1906	67	telefonbuch_069	PTT-Archiv, P-260-1_Basel_1906	Basel
Fechter	Rud.	Architekt	Sternengässlein 27	Basel	2396	1906	67	telefonbuch_069	PTT-Archiv, P-260-1_Basel_1906	Basel
Feer	Emil	Dr. med	St. Albanvorstadt 10	Basel	2324	1906	67	telefonbuch_069	PTT-Archiv, P-260-1_Basel_1906	Basel
Fehlmann	Emanuel		Gempenstrasse 50	Basel	2280	1906	67	telefonbuch_069	PTT-Archiv, P-260-1_Basel_1906	Basel
Feigenwinter & Joos	Ernst & Albert	Dr., Dr., Advokaturbureau	Oberer Heuberg 12	Basel	2866	1906	67	telefonbuch_069	PTT-Archiv, P-260-1_Basel_1906	Basel
Feldschlösschen		Wirtschaft z. Landskron (W. Koch-Kiefer)	Landskronstr. 37	Basel	4472	1906	67	telefonbuch_069	PTT-Archiv, P-260-1_Basel_1906	Basel
Fenner-Matter	E.		Feierabendstr. 52	Basel	2939	1906	67	telefonbuch_069	PTT-Archiv, P-260-1_Basel_1906	Basel
Festersen	F.	& Co.	Gerbergasse 71	Basel	2109	1906	67	telefonbuch_069	PTT-Archiv, P-260-1_Basel_1906	Basel
Fetscherin	R.	Tierarzt	Elsässerstrasse 4	Basel	1917	1906	67	telefonbuch_069	PTT-Archiv, P-260-1_Basel_1906	Basel
Bär	F.	Kommandant	Zürcherstrasse 193	Basel	77	1906	67	telefonbuch_069	PTT-Archiv, P-260-1_Basel_1906	Basel
Horner	R.	Kommissär	Byfangweg 7	Basel	78	1906	67	telefonbuch_069	PTT-Archiv, P-260-1_Basel_1906	Basel
Feuerwache und Kommissariat		Lützelhof	Spalenvorstadt 11	Basel	79	1906	67	telefonbuch_069	PTT-Archiv, P-260-1_Basel_1906	Basel
Feuerwehrmagazin 1			Schneidergasse 2	Basel	1598	1906	67	telefonbuch_069	PTT-Archiv, P-260-1_Basel_1906	Basel
Feuerwehrmagazin 2			Wallstrasse 1	Basel	1954	1906	67	telefonbuch_069	PTT-Archiv, P-260-1_Basel_1906	Basel
Feuerwehrmagazin 3			Zeughaus	Basel	283	1906	67	telefonbuch_069	PTT-Archiv, P-260-1_Basel_1906	Basel
Feuerwehrmagazin 4			Ob. Rebgasse 3	Basel	4252	1906	67	telefonbuch_069	PTT-Archiv, P-260-1_Basel_1906	Basel
Feuerwehrmagazin 5			Hammerstrasse 190	Basel	868	1906	67	telefonbuch_069	PTT-Archiv, P-260-1_Basel_1906	Basel
Rutschmann	G.	Hauptmann	Spalenberg 53	Basel	2	1906	67	telefonbuch_069	PTT-Archiv, P-260-1_Basel_1906	Basel
Geiger	A.	Lieut.	Marktplatz 24	Basel	3	1906	67	telefonbuch_069	PTT-Archiv, P-260-1_Basel_1906	Basel
Tschan	Hermann	Wachtmeister	Schneidergasse 8	Basel	4	1906	67	telefonbuch_069	PTT-Archiv, P-260-1_Basel_1906	Basel
Labhardt	Ulr.	Oberlieut.	Spiegelgasse 2	Basel	5	1906	67	telefonbuch_069	PTT-Archiv, P-260-1_Basel_1906	Basel
Fischer	Emil	Oberlieut.	Spalenberg 22	Basel	6	1906	67	telefonbuch_069	PTT-Archiv, P-260-1_Basel_1906	Basel
Wassermann	Emanuel	Lieut.	Oberer Heuberg 25	Basel	7	1906	67	telefonbuch_069	PTT-Archiv, P-260-1_Basel_1906	Basel
Hummel	E.	Wachtmeister	Marktplatz 22	Basel	8	1906	67	telefonbuch_069	PTT-Archiv, P-260-1_Basel_1906	Basel
Lindner	Carl	Feldwebel	Nadelberg 3	Basel	9	1906	67	telefonbuch_069	PTT-Archiv, P-260-1_Basel_1906	Basel
Flügel	Rud.	Lieut.	Gerbergasse 51	Basel	10	1906	67	telefonbuch_069	PTT-Archiv, P-260-1_Basel_1906	Basel
Brand	Rud.	Lieut.	Waldenburgerstr. 14	Basel	11	1906	68	telefonbuch_070	PTT-Archiv, P-260-1_Basel_1906	Basel
Abt	Heinrich	Lieut.	St. Albanvorstadt 8	Basel	12	1906	68	telefonbuch_070	PTT-Archiv, P-260-1_Basel_1906	Basel
Weisskopf	Arn.	Oberlieut.	Frobenstrasse 61	Basel	13	1906	68	telefonbuch_070	PTT-Archiv, P-260-1_Basel_1906	Basel
Sigrist	Hch.	Hauptmann	Tiersteineralle 71	Basel	14	1906	68	telefonbuch_070	PTT-Archiv, P-260-1_Basel_1906	Basel
Nidecker	C. F.	Oberlieut.	Elisabethenstr. 40	Basel	15	1906	68	telefonbuch_070	PTT-Archiv, P-260-1_Basel_1906	Basel
Kölz	Julius	Wachtmeister	Wallstrasse 13	Basel	16	1906	68	telefonbuch_070	PTT-Archiv, P-260-1_Basel_1906	Basel
Soland	Sam.	Wachtmeister	St. Albanthal 30	Basel	17	1906	68	telefonbuch_070	PTT-Archiv, P-260-1_Basel_1906	Basel
Bürgin	Emil	Lieut.	Dornacherstrasse 47	Basel	20	1906	68	telefonbuch_070	PTT-Archiv, P-260-1_Basel_1906	Basel
Vögelin	Herm.	Lieut.	Birkenstrasse 42	Basel	21	1906	68	telefonbuch_070	PTT-Archiv, P-260-1_Basel_1906	Basel
Müller	Carl	Hauptmann	Missionsstrasse 64	Basel	23	1906	68	telefonbuch_070	PTT-Archiv, P-260-1_Basel_1906	Basel
Schmidt	Georg	Oberlieut.	Spalenring 141	Basel	24	1906	68	telefonbuch_070	PTT-Archiv, P-260-1_Basel_1906	Basel
Müller	Ls.	Oberlieut.	Schanzenstrasse 31	Basel	25	1906	68	telefonbuch_070	PTT-Archiv, P-260-1_Basel_1906	Basel
Bürgin	Jakob	Feldwebel	Petersplatz 18	Basel	26	1906	68	telefonbuch_070	PTT-Archiv, P-260-1_Basel_1906	Basel
Bopp	Fritz	Feldwebel	Hegenheimerstr. 27	Basel	27	1906	68	telefonbuch_070	PTT-Archiv, P-260-1_Basel_1906	Basel
Letzgus	Max		Hebelstrasse 82	Basel	28	1906	68	telefonbuch_070	PTT-Archiv, P-260-1_Basel_1906	Basel
Fininger	Wilh.	Lieut.	Barfüssergasse 3	Basel	29	1906	68	telefonbuch_070	PTT-Archiv, P-260-1_Basel_1906	Basel
Hindenlang	E.	Hauptmann	Utengasse 12	Basel	32	1906	68	telefonbuch_070	PTT-Archiv, P-260-1_Basel_1906	Basel
Peter	Gottfried	Lieut.	Claragraben 62	Basel	33	1906	68	telefonbuch_070	PTT-Archiv, P-260-1_Basel_1906	Basel
Höhn	Gottlieb	Oberlieut.	Drahtzugstrasse 36	Basel	35	1906	68	telefonbuch_070	PTT-Archiv, P-260-1_Basel_1906	Basel
Gutekunst	J.	Lieut.	Klybeckstrasse 42	Basel	36	1906	68	telefonbuch_070	PTT-Archiv, P-260-1_Basel_1906	Basel
Hindermann	Rud.		Mörsbergerstrasse 4	Basel	37	1906	68	telefonbuch_070	PTT-Archiv, P-260-1_Basel_1906	Basel
Rudin	Oscar	Lieut.	Unt. Rheingasse 8	Basel	38	1906	68	telefonbuch_070	PTT-Archiv, P-260-1_Basel_1906	Basel
Scholer	E.	Wachtmeister	Clarastrasse 1	Basel	39	1906	68	telefonbuch_070	PTT-Archiv, P-260-1_Basel_1906	Basel
Jucker	H.	Oberlieut.	Sperrstrasse 61	Basel	40	1906	68	telefonbuch_070	PTT-Archiv, P-260-1_Basel_1906	Basel
Suter	Gottfried	Lieut.	Leuengasse 28	Basel	41	1906	68	telefonbuch_070	PTT-Archiv, P-260-1_Basel_1906	Basel
Pfrunder	Ed.	Lieut.	Unt. Rheinweg 146	Basel	42	1906	68	telefonbuch_070	PTT-Archiv, P-260-1_Basel_1906	Basel
Stadelmann	C.	Oberlieut.	Unt. Rheinweg 66	Basel	43	1906	68	telefonbuch_070	PTT-Archiv, P-260-1_Basel_1906	Basel
Thommen	Hans	Hauptmann	Hammerstrasse 192	Basel	44	1906	68	telefonbuch_070	PTT-Archiv, P-260-1_Basel_1906	Basel
Lederle	Rud.		Feldbergstrasse 119	Basel	46	1906	68	telefonbuch_070	PTT-Archiv, P-260-1_Basel_1906	Basel
Schetty	Aug.	Oberlieut.	Kleinhüningerstr. 192	Basel	47	1906	68	telefonbuch_070	PTT-Archiv, P-260-1_Basel_1906	Basel
Sprüngli	F.	Lieut.	Kleinhüningerstr. 172	Basel	50	1906	68	telefonbuch_070	PTT-Archiv, P-260-1_Basel_1906	Basel
Fichter	Fritz	Prof. Dr.	Marschalkenstr. 24	Basel	3917	1906	68	telefonbuch_070	PTT-Archiv, P-260-1_Basel_1906	Basel
Fichter-Liebi	W. H.	Architekt	Grellingerstrasse 74	Basel	3373	1906	68	telefonbuch_070	PTT-Archiv, P-260-1_Basel_1906	Basel
Fiechter	E.	internationale Transporte	Elisabethenstrasse 17	Basel	2331	1906	68	telefonbuch_070	PTT-Archiv, P-260-1_Basel_1906	Basel
Fiechter	E.	Güterbahnhof	St. Jakobstrasse	Basel	4208	1906	68	telefonbuch_070	PTT-Archiv, P-260-1_Basel_1906	Basel
Fiechter	Emil		Mittlerestrasse 41	Basel	789	1906	68	telefonbuch_070	PTT-Archiv, P-260-1_Basel_1906	Basel
Fiechter	H.	Mühleneinrichtungsgeschäft	Dornacherstrasse 137	Basel	4081	1906	68	telefonbuch_070	PTT-Archiv, P-260-1_Basel_1906	Basel
Fiechter-Jung	S.	Frau Dr.	Schweizergasse 43	Basel	1755	1906	68	telefonbuch_070	PTT-Archiv, P-260-1_Basel_1906	Basel
Fiechter	Louis B.		Dornacherstrasse 20	Basel	882	1906	68	telefonbuch_070	PTT-Archiv, P-260-1_Basel_1906	Basel
Fiechter	Louis B.	siehe „Neuewelt“		Basel	969	1906	68	telefonbuch_070	PTT-Archiv, P-260-1_Basel_1906	Basel
Fiechter & Schmidt			Hüningerstrasse 137	Basel	4089	1906	69	telefonbuch_071	PTT-Archiv, P-260-1_Basel_1906	Basel
Finanzdepartement			Rathaus	Basel	2390	1906	69	telefonbuch_071	PTT-Archiv, P-260-1_Basel_1906	Basel
Finckh	Dr.	& Eissner, chem. Fabrik vorm. Siegwart	St. Johannvorst. 10	Basel	911	1906	69	telefonbuch_071	PTT-Archiv, P-260-1_Basel_1906	Basel
Finckh	Ernst	Verlagsbuchhandlung	Petersgraben 63	Basel	197	1906	69	telefonbuch_071	PTT-Archiv, P-260-1_Basel_1906	Basel
Fingerlin	Julius		Mörsbergerstr. 32	Basel	3320	1906	69	telefonbuch_071	PTT-Archiv, P-260-1_Basel_1906	Basel
Fininger-Merian	Ld.	Dr. jur.	Engelgasse 50	Basel	4159	1906	69	telefonbuch_071	PTT-Archiv, P-260-1_Basel_1906	Basel
Fininger	Wilh.		Barfüssergasse 3	Basel	29	1906	69	telefonbuch_071	PTT-Archiv, P-260-1_Basel_1906	Basel
Fininger	W.	& Cie., vorm. Ed. Werdenberg, Gasapparatefabrik	Barfüssergasse 3	Basel	29	1906	69	telefonbuch_071	PTT-Archiv, P-260-1_Basel_1906	Basel
Fischer	Dr. Alfred		Güterstrasse 83	Basel	2174	1906	69	telefonbuch_071	PTT-Archiv, P-260-1_Basel_1906	Basel
Fischer	Eduard	Optiker	Eisengasse 15	Basel	1371	1906	69	telefonbuch_071	PTT-Archiv, P-260-1_Basel_1906	Basel
Fischer	Emil	z. Wolf	Spalenberg 22	Basel	6	1906	69	telefonbuch_071	PTT-Archiv, P-260-1_Basel_1906	Basel
Fischer	Emil	Filiale	Aeschenvorstadt 23	Basel	2024	1906	69	telefonbuch_071	PTT-Archiv, P-260-1_Basel_1906	Basel
Fischer	Emil	Wohnung	Therwilerstrasse 19	Basel	2614	1906	69	telefonbuch_071	PTT-Archiv, P-260-1_Basel_1906	Basel
Fischer jr.		Wechselstube Merkur	Marktgasse 18	Basel	1346	1906	69	telefonbuch_071	PTT-Archiv, P-260-1_Basel_1906	Basel
Fischer	Karl	Automatenhalle	Barfüsserplatz 3	Basel	2048	1906	69	telefonbuch_071	PTT-Archiv, P-260-1_Basel_1906	Basel
Fischer-Memmel	R.	Geschäft und Wohnung	Eisengasse 5	Basel	1349	1906	69	telefonbuch_071	PTT-Archiv, P-260-1_Basel_1906	Basel
Fischer-Plüss	Gottfr.	Elektriker	Kraftstrasse 16	Basel	3216	1906	69	telefonbuch_071	PTT-Archiv, P-260-1_Basel_1906	Basel
Fischer-Preiswerk	Aug.	Bau- und Kunstschlosserei	Bärenfelserstrasse 19	Basel	3440	1906	69	telefonbuch_071	PTT-Archiv, P-260-1_Basel_1906	Basel
Fischer	Samuel	Laden	Freiestrasse 9	Basel	1434	1906	69	telefonbuch_071	PTT-Archiv, P-260-1_Basel_1906	Basel
Fischer	Samuel	Bureau	Freiestrasse 9	Basel	1051	1906	69	telefonbuch_071	PTT-Archiv, P-260-1_Basel_1906	Basel
Fischer	Samuel	Filiale	Aeschenvorstadt 11	Basel	1990	1906	69	telefonbuch_071	PTT-Archiv, P-260-1_Basel_1906	Basel
Fischer	Samuel	Wohnung	Rütlistrasse 51	Basel	997	1906	69	telefonbuch_071	PTT-Archiv, P-260-1_Basel_1906	Basel
Fix	Victor		Schanzenstrasse 14	Basel	3923	1906	69	telefonbuch_071	PTT-Archiv, P-260-1_Basel_1906	Basel
Flaig-Pümpin	Jos.	Bierdepot Eberl- u. Warteckbräu	Landskronstrasse 55	Basel	212	1906	69	telefonbuch_071	PTT-Archiv, P-260-1_Basel_1906	Basel
Flammer	Jakob	Velohandlung	Feldbergstrasse 138	Basel	359	1906	69	telefonbuch_071	PTT-Archiv, P-260-1_Basel_1906	Basel
Fleig-Lützelschwab	A.	Bäcker	Bachlettenstrasse 11	Basel	2544	1906	69	telefonbuch_071	PTT-Archiv, P-260-1_Basel_1906	Basel
Fleiner-Schmidlin	E.		Sevogelstrasse 5	Basel	4121	1906	69	telefonbuch_071	PTT-Archiv, P-260-1_Basel_1906	Basel
Fleiner		Sohn	Kohlenberg 29	Basel	3086	1906	69	telefonbuch_071	PTT-Archiv, P-260-1_Basel_1906	Basel
Fleissig	Dr. P.	Spitalapotheker	Palmenstrasse 4	Basel	259	1906	69	telefonbuch_071	PTT-Archiv, P-260-1_Basel_1906	Basel
Fliegenschmidt	Hermann		Spalenberg 12	Basel	2685	1906	69	telefonbuch_071	PTT-Archiv, P-260-1_Basel_1906	Basel
Floretspinnerei Ringwald			St. Albananlage 7	Basel	4254	1906	69	telefonbuch_071	PTT-Archiv, P-260-1_Basel_1906	Basel
Flubacher	A.		Austrasse 36	Basel	2946	1906	69	telefonbuch_071	PTT-Archiv, P-260-1_Basel_1906	Basel
Flubacher-Bernhard	Wilh.		Eulerstrasse 12	Basel	2754	1906	69	telefonbuch_071	PTT-Archiv, P-260-1_Basel_1906	Basel
Flubacher & Seidel		Maler	Münchensteinerstrasse 138	Basel	4029	1906	69	telefonbuch_071	PTT-Archiv, P-260-1_Basel_1906	Basel
Flück	C.		Schützenmattstr. 75	Basel	3392	1906	69	telefonbuch_071	PTT-Archiv, P-260-1_Basel_1906	Basel
Flügel-Georg	Rud.	Buchbinder	Gerbergasse 51	Basel	10	1906	69	telefonbuch_071	PTT-Archiv, P-260-1_Basel_1906	Basel
Flügel	Heinrich	Architekt	Burgfelderstrasse 12	Basel	3826	1906	69	telefonbuch_071	PTT-Archiv, P-260-1_Basel_1906	Basel
Flügel	H.	& Widmer, Architekten	Burgfelderstrasse 12	Basel	3826	1906	69	telefonbuch_071	PTT-Archiv, P-260-1_Basel_1906	Basel
Flum	L.		Theaterstrasse 22	Basel	884	1906	69	telefonbuch_071	PTT-Archiv, P-260-1_Basel_1906	Basel
Flury	Urs	Steinhauermeister	Nonnenweg 51	Basel	3312	1906	69	telefonbuch_071	PTT-Archiv, P-260-1_Basel_1906	Basel
Forcart-Bachofen	Rudolf		St. Jakobsstrasse 6	Basel	1948	1906	69	telefonbuch_071	PTT-Archiv, P-260-1_Basel_1906	Basel
Forcart	Dr. M. K.	Arzt	Engelgasse 3	Basel	4431	1906	69	telefonbuch_071	PTT-Archiv, P-260-1_Basel_1906	Basel
Forcart	Louise		Langegasse 47	Basel	4155	1906	69	telefonbuch_071	PTT-Archiv, P-260-1_Basel_1906	Basel
Forster	K. E.	Präsident der Kreisdirektion der Schweiz. Bundesbahnen (Wohnung)	Missionsstrasse 17	Basel	1407	1906	69	telefonbuch_071	PTT-Archiv, P-260-1_Basel_1906	Basel
Forster	K. E.	Bureau	Ob. Heuberg 7	Basel	337	1906	69	telefonbuch_071	PTT-Archiv, P-260-1_Basel_1906	Basel
Förter	Dr. Hugo		Florastrasse 19	Basel	1187	1906	69	telefonbuch_071	PTT-Archiv, P-260-1_Basel_1906	Basel
Fortwängler-Rupp	Karl		Sperrstrasse 33	Basel	3438	1906	69	telefonbuch_071	PTT-Archiv, P-260-1_Basel_1906	Basel
Franck	Hrch.	Söhne (Bureau, Direktorwohnung)	Horburgstrasse 109	Basel	3364	1906	70	telefonbuch_072	PTT-Archiv, P-260-1_Basel_1906	Basel
Frank-Sitterle	F.		Hammerstrasse 111	Basel	3430	1906	70	telefonbuch_072	PTT-Archiv, P-260-1_Basel_1906	Basel
Fränkel, Voellmy & Cie.			Riehenstrasse 157	Basel	3833	1906	70	telefonbuch_072	PTT-Archiv, P-260-1_Basel_1906	Basel
Frankenbach	Georg		Aeschenvorstadt 42	Basel	2062	1906	70	telefonbuch_072	PTT-Archiv, P-260-1_Basel_1906	Basel
Frankenbach	Georg		Sternengasse 10	Basel	2088	1906	70	telefonbuch_072	PTT-Archiv, P-260-1_Basel_1906	Basel
Frauenspital			Klingelbergstr. 50	Basel	1538	1906	70	telefonbuch_072	PTT-Archiv, P-260-1_Basel_1906	Basel
Frehner	J.	Buchdruckerei	Steinenvorstadt 15	Basel	2249	1906	70	telefonbuch_072	PTT-Archiv, P-260-1_Basel_1906	Basel
Freimaurerloge Basel			Byfangweg 13	Basel	3008	1906	70	telefonbuch_072	PTT-Archiv, P-260-1_Basel_1906	Basel
Freléchoux-Weniger	L.	Wirt	Nonnenweg 22	Basel	2869	1906	70	telefonbuch_072	PTT-Archiv, P-260-1_Basel_1906	Basel
Freudenreich-Probst	Emil		Offenburgerstr. 61	Basel	374	1906	70	telefonbuch_072	PTT-Archiv, P-260-1_Basel_1906	Basel
Freudiger	Joh.	Fuhrhalter	Gundoldingerstr. 280	Basel	1693	1906	70	telefonbuch_072	PTT-Archiv, P-260-1_Basel_1906	Basel
Freuler	K.	Passementier	Steinenthorstr. 15	Basel	2362	1906	70	telefonbuch_072	PTT-Archiv, P-260-1_Basel_1906	Basel
Frey-Bourquin	F.		Zürcherstrasse 11	Basel	4105	1906	70	telefonbuch_072	PTT-Archiv, P-260-1_Basel_1906	Basel
Frey	Carl		Kanonengasse 13	Basel	1532	1906	70	telefonbuch_072	PTT-Archiv, P-260-1_Basel_1906	Basel
Frey	Carl	Glaser, Geschäft	Marktgasse 16	Basel	1603	1906	70	telefonbuch_072	PTT-Archiv, P-260-1_Basel_1906	Basel
Frey	Carl	Wohnung	Friedensgasse 61	Basel	1455	1906	70	telefonbuch_072	PTT-Archiv, P-260-1_Basel_1906	Basel
Frey	Dr. Carl	Advokat	Augustinergasse 17	Basel	1373	1906	70	telefonbuch_072	PTT-Archiv, P-260-1_Basel_1906	Basel
Frey	E.	Vizepräsident der Kreisdirektion der Schweiz. Bundesbahnen (Wohnung)	Oberwilerstrasse 78	Basel	1675	1906	70	telefonbuch_072	PTT-Archiv, P-260-1_Basel_1906	Basel
Frey, E., & Cie.			Malzgasse 2	Basel	1858	1906	70	telefonbuch_072	PTT-Archiv, P-260-1_Basel_1906	Basel
Frey	Emil	Ingenieur, Technisches Bureau	Weiherweg 48	Basel	3959	1906	70	telefonbuch_072	PTT-Archiv, P-260-1_Basel_1906	Basel
Frey	Emil	(E. Frey-Bruggisser), Privatwohnung	Schützengraben 31	Basel	4216	1906	70	telefonbuch_072	PTT-Archiv, P-260-1_Basel_1906	Basel
Frey-Freyvogel	Wm.		Leimenstrasse 14	Basel	2859	1906	70	telefonbuch_072	PTT-Archiv, P-260-1_Basel_1906	Basel
Frey	Fritz	Droguerie	Greifengasse 25	Basel	1342	1906	70	telefonbuch_072	PTT-Archiv, P-260-1_Basel_1906	Basel
Frey	G.		Mülhauserstr. 123	Basel	845	1906	70	telefonbuch_072	PTT-Archiv, P-260-1_Basel_1906	Basel
Frey	Georg		Sevogelstrasse 72	Basel	3656	1906	70	telefonbuch_072	PTT-Archiv, P-260-1_Basel_1906	Basel
Frey-Gysin	E.	Wienerbäckerei u. Conditorei	Clarastrasse 18	Basel	3531	1906	70	telefonbuch_072	PTT-Archiv, P-260-1_Basel_1906	Basel
Frey-Hauser	Chr.	Bäcker	Thannerstrasse 41	Basel	389	1906	70	telefonbuch_072	PTT-Archiv, P-260-1_Basel_1906	Basel
Frey & Eberle			Hebelstrasse 11	Basel	1539	1906	70	telefonbuch_072	PTT-Archiv, P-260-1_Basel_1906	Basel
Frey & Schweizer		Geschäftsbureau	Spalenberg 16	Basel	1586	1906	70	telefonbuch_072	PTT-Archiv, P-260-1_Basel_1906	Basel
Frey-Vogt	Emil		St. Albanring 168	Basel	4548	1906	70	telefonbuch_072	PTT-Archiv, P-260-1_Basel_1906	Basel
Frick	Hch.	Heizungsmonteur v. Gebr. Sulzer	Bartenheimerstr. 24	Basel	234	1906	70	telefonbuch_072	PTT-Archiv, P-260-1_Basel_1906	Basel
Fricker-Heierle	K.	Hotel Bristol	Centralbahnstr. 15	Basel	1002	1906	70	telefonbuch_072	PTT-Archiv, P-260-1_Basel_1906	Basel
Frieden-Furter	K.		Therwilerstrasse 20	Basel	928	1906	70	telefonbuch_072	PTT-Archiv, P-260-1_Basel_1906	Basel
Frieden-Furter	K.		Neuensteinerstr. 32	Basel	4475	1906	70	telefonbuch_072	PTT-Archiv, P-260-1_Basel_1906	Basel
Friedmatt			Milchsuppen	Basel	1477	1906	70	telefonbuch_072	PTT-Archiv, P-260-1_Basel_1906	Basel
Friedrich	Leonhard	Architekt, Bureau	Steinenberg 25	Basel	2147	1906	70	telefonbuch_072	PTT-Archiv, P-260-1_Basel_1906	Basel
Friedrich	Leonhard	Wohnung	Leonhardsgraben 45	Basel	1988	1906	70	telefonbuch_072	PTT-Archiv, P-260-1_Basel_1906	Basel
Friedrich	R.	Privatwohnung	Engelgasse 55	Basel	3675	1906	70	telefonbuch_072	PTT-Archiv, P-260-1_Basel_1906	Basel
Friedrich	Victor		Missionsstrasse 46	Basel	165	1906	70	telefonbuch_072	PTT-Archiv, P-260-1_Basel_1906	Basel
Fritsch-Dreher	Aug.	Colonialwarenhandlg.	Untere Rebgasse 7	Basel	3313	1906	70	telefonbuch_072	PTT-Archiv, P-260-1_Basel_1906	Basel
Fritz	Carl	Wwe. & Sohn, Baugeschäft	Güterstrasse 243	Basel	3891	1906	70	telefonbuch_072	PTT-Archiv, P-260-1_Basel_1906	Basel
Fritz	Emil Martin	Schweinehändler	Elsässerstrasse 38	Basel	1641	1906	70	telefonbuch_072	PTT-Archiv, P-260-1_Basel_1906	Basel
Fritz	Oscar	Kantonaler Reitlehrer	Kaserne Klingenthal	Basel	1275	1906	70	telefonbuch_072	PTT-Archiv, P-260-1_Basel_1906	Basel
Fritz	Oscar	Wohnung und Luxuspferdegeschäft	Unt. Rheinweg 40	Basel	1700	1906	70	telefonbuch_072	PTT-Archiv, P-260-1_Basel_1906	Basel
Fröhle	Gustav	Schreinermeister	Aeschenvorstadt 2	Basel	1856	1906	70	telefonbuch_072	PTT-Archiv, P-260-1_Basel_1906	Basel
Frölicher-Emmerich	Frau Mathilde		Schärtlingasse 26	Basel	1016	1906	70	telefonbuch_072	PTT-Archiv, P-260-1_Basel_1906	Basel
Froese & Co.		Buch- u. Kunstdruckerei	Breisacherstrasse 66	Basel	459	1906	70	telefonbuch_072	PTT-Archiv, P-260-1_Basel_1906	Basel
Frutiger	Adolf	Dr.	Holbeinstrasse 65	Basel	3908	1906	71	telefonbuch_073	PTT-Archiv, P-260-1_Basel_1906	Basel
Fuchs	Carl	Metzgermeister	Freiestrasse 1	Basel	1395	1906	71	telefonbuch_073	PTT-Archiv, P-260-1_Basel_1906	Basel
Fuchs	Carl	Spenglermeister	Claragraben 5	Basel	3486	1906	71	telefonbuch_073	PTT-Archiv, P-260-1_Basel_1906	Basel
Fuchs-Herre	Joh.	Wirt	Colmarerstrasse 88	Basel	829	1906	71	telefonbuch_073	PTT-Archiv, P-260-1_Basel_1906	Basel
Fueg-Strub	V.		Spalenthorweg 4	Basel	2584	1906	71	telefonbuch_073	PTT-Archiv, P-260-1_Basel_1906	Basel
Füglistaller-Frey	Carl	Kaufmann	Hirzbodenweg 95	Basel	4242	1906	71	telefonbuch_073	PTT-Archiv, P-260-1_Basel_1906	Basel
Füglistaller-Schmid	B.		Schaffh. Rheinweg 73	Basel	3739	1906	71	telefonbuch_073	PTT-Archiv, P-260-1_Basel_1906	Basel
Füglistaller-Sprenger	B.		Grenzacherstr. 70	Basel	3180	1906	71	telefonbuch_073	PTT-Archiv, P-260-1_Basel_1906	Basel
Fuhrer	Carl		Dornacherstrasse 39	Basel	4528	1906	71	telefonbuch_073	PTT-Archiv, P-260-1_Basel_1906	Basel
Fünfschilling-Näf	Ernst		Müllheimerstr. 89	Basel	3357	1906	71	telefonbuch_073	PTT-Archiv, P-260-1_Basel_1906	Basel
Furler	Adolf	Restaurant zum Blumenrain	Blumenrain 23	Basel	1089	1906	71	telefonbuch_073	PTT-Archiv, P-260-1_Basel_1906	Basel
Fürstenberger	Albert		St. Albananlage 58	Basel	4115	1906	71	telefonbuch_073	PTT-Archiv, P-260-1_Basel_1906	Basel
Fuss-Suter	C.		Klingelbergstr. 63	Basel	1374	1906	71	telefonbuch_073	PTT-Archiv, P-260-1_Basel_1906	Basel
Fueter-Gelzer	R. E.		Sevogelstrasse 7	Basel	4139	1906	71	telefonbuch_073	PTT-Archiv, P-260-1_Basel_1906	Basel
Futterer & Co.			Steinethorstrasse 30	Basel	2416	1906	71	telefonbuch_073	PTT-Archiv, P-260-1_Basel_1906	Basel
Gaiser-Metzger	Ernst	Bäcker	Güterstrasse 253	Basel	3993	1906	71	telefonbuch_073	PTT-Archiv, P-260-1_Basel_1906	Basel
Galfetti	Bernardo	succ. de E. Morosini	Aeschenvorstadt 38	Basel	2308	1906	71	telefonbuch_073	PTT-Archiv, P-260-1_Basel_1906	Basel
Galliker	A.	Buchdruckerei	Oetlingerstrasse 75	Basel	1265	1906	71	telefonbuch_073	PTT-Archiv, P-260-1_Basel_1906	Basel
Gally-Preiswerk	L.	Wwe., Bureau	Binningerstrasse 19	Basel	2500	1906	71	telefonbuch_073	PTT-Archiv, P-260-1_Basel_1906	Basel
Gally-Preiswerk	L.	Wohnung	Byfangweg 49	Basel	4238	1906	71	telefonbuch_073	PTT-Archiv, P-260-1_Basel_1906	Basel
Gansser	Emil	Pelzwaren- u. Hutlager	Freiestrasse 24	Basel	1800	1906	71	telefonbuch_073	PTT-Archiv, P-260-1_Basel_1906	Basel
Ganthaus			Steinethorstrasse 7	Basel	2198	1906	71	telefonbuch_073	PTT-Archiv, P-260-1_Basel_1906	Basel
Gartenmann-Kellerhals	J. J.		St. Johannring 102	Basel	3952	1906	71	telefonbuch_073	PTT-Archiv, P-260-1_Basel_1906	Basel
Gas-, Wasser- u. Elektrizitätswerk		Direktion der 3 Werke und Hauptbureau des Gaswerkes	Binningerstrasse 8	Basel	76	1906	71	telefonbuch_073	PTT-Archiv, P-260-1_Basel_1906	Basel
Gas-, Wasser- u. Elektrizitätswerk		Materialverwaltung der 3 Werke	Binningerstrasse 8	Basel	2132	1906	71	telefonbuch_073	PTT-Archiv, P-260-1_Basel_1906	Basel
Gas-, Wasser- u. Elektrizitätswerk		Bureau des Wasserwerkes	Binningerstrasse 8	Basel	2571	1906	71	telefonbuch_073	PTT-Archiv, P-260-1_Basel_1906	Basel
Gas-, Wasser- u. Elektrizitätswerk		Bureau des Elektrizitätswerkes	Binningerstrasse 8	Basel	2607	1906	71	telefonbuch_073	PTT-Archiv, P-260-1_Basel_1906	Basel
Gas-, Wasser- u. Elektrizitätswerk		Gasfabrik	Fabrikstrasse 24	Basel	1631	1906	71	telefonbuch_073	PTT-Archiv, P-260-1_Basel_1906	Basel
Gas-, Wasser- u. Elektrizitätswerk		Wachtlokal der Anzünder	Barfüssergasse 10	Basel	1965	1906	71	telefonbuch_073	PTT-Archiv, P-260-1_Basel_1906	Basel
Gas-, Wasser- u. Elektrizitätswerk		Pumpwerk	Lange Erlen	Basel	3475	1906	71	telefonbuch_073	PTT-Archiv, P-260-1_Basel_1906	Basel
Gas-, Wasser- u. Elektrizitätswerk		Reservoir	auf dem Bruderholz	Basel	4037	1906	71	telefonbuch_073	PTT-Archiv, P-260-1_Basel_1906	Basel
Gas-, Wasser- u. Elektrizitätswerk		Kraftstation des Elektrizitätswerkes	Voltastrasse	Basel	334	1906	71	telefonbuch_073	PTT-Archiv, P-260-1_Basel_1906	Basel
Gas-, Wasser- u. Elektrizitätswerk		Unterstation des Elektrizitätswerkes	Steinenbachgässl. 4	Basel	2368	1906	71	telefonbuch_073	PTT-Archiv, P-260-1_Basel_1906	Basel
Gas-, Wasser- u. Elektrizitätswerk		Schaltstation des Elektrizitätswerkes	Zürcherstrasse	Basel	4269	1906	71	telefonbuch_073	PTT-Archiv, P-260-1_Basel_1906	Basel
Gas-, Wasser- u. Elektrizitätswerk		Wohnung von Direktor Miescher	Augustinergasse 21	Basel	3114	1906	71	telefonbuch_073	PTT-Archiv, P-260-1_Basel_1906	Basel
Gas-, Wasser- u. Elektrizitätswerk		Wohnung von Inspektor Gautschi	Heinrichsgasse 17	Basel	784	1906	71	telefonbuch_073	PTT-Archiv, P-260-1_Basel_1906	Basel
Gas-, Wasser- u. Elektrizitätswerk		Wohnung von Inspektor Bosshardt	Hardstrasse 87	Basel	2493	1906	71	telefonbuch_073	PTT-Archiv, P-260-1_Basel_1906	Basel
Gas-, Wasser- u. Elektrizitätswerk		Wohnung von Inspektor Mieg	Feierabendstrasse 27	Basel	1711	1906	71	telefonbuch_073	PTT-Archiv, P-260-1_Basel_1906	Basel
Gas-, Wasser- u. Elektrizitätswerk		Wohnung von Ingenieur Gengenbacher	Claragraben 3	Basel	2576	1906	71	telefonbuch_073	PTT-Archiv, P-260-1_Basel_1906	Basel
Gas-, Wasser- u. Elektrizitätswerk		Beamtenwohnung	Elsässerstrasse 52	Basel	1727	1906	71	telefonbuch_073	PTT-Archiv, P-260-1_Basel_1906	Basel
Gas-, Wasser- u. Elektrizitätswerk		Wohnung von Brunnenmeister Kölliker	St. Albankirchrain 14	Basel	4137	1906	71	telefonbuch_073	PTT-Archiv, P-260-1_Basel_1906	Basel
Gas-, Wasser- u. Elektrizitätswerk		Dienstwohnung beim Pumpwerk	Schorenweg 113	Basel	3465	1906	71	telefonbuch_073	PTT-Archiv, P-260-1_Basel_1906	Basel
Gas-, Wasser- u. Elektrizitätswerk		Wohnung von Aufseher Fross	Kohlenberggasse 3	Basel	2376	1906	71	telefonbuch_073	PTT-Archiv, P-260-1_Basel_1906	Basel
Gass-Seiffert	A. S.	Wwe.	Birsigstrasse 36	Basel	2486	1906	72	telefonbuch_074	PTT-Archiv, P-260-1_Basel_1906	Basel
Gass & Kress			St. Albananlage 4	Basel	1663	1906	72	telefonbuch_074	PTT-Archiv, P-260-1_Basel_1906	Basel
Gasser-Dopler	E.	Wirt	Habsburgerstrasse 43	Basel	801	1906	72	telefonbuch_074	PTT-Archiv, P-260-1_Basel_1906	Basel
Gasser-Thallinger	Gottfr.	Tapezierer	Schützengraben 56	Basel	921	1906	72	telefonbuch_074	PTT-Archiv, P-260-1_Basel_1906	Basel
Gasser & Cie.		Buch- und Kunstdruckerei	Unt. Rheingasse 19	Basel	1762	1906	72	telefonbuch_074	PTT-Archiv, P-260-1_Basel_1906	Basel
Gassmann	Emma	Schuhwaren	Steinenberg 23	Basel	2196	1906	72	telefonbuch_074	PTT-Archiv, P-260-1_Basel_1906	Basel
Gassmann	F.	Buchdruckerei	Aeschenvorstadt 30	Basel	2325	1906	72	telefonbuch_074	PTT-Archiv, P-260-1_Basel_1906	Basel
Gautschy	Henry		Malzgasse 9	Basel	2133	1906	72	telefonbuch_074	PTT-Archiv, P-260-1_Basel_1906	Basel
Gebhardt	E.	Architekt	Hammerstrasse 114	Basel	2135	1906	72	telefonbuch_074	PTT-Archiv, P-260-1_Basel_1906	Basel
Gebrüder Keller		Allgemeine Droschkenanstalt	Margarethenstr. 79	Basel	2145	1906	72	telefonbuch_074	PTT-Archiv, P-260-1_Basel_1906	Basel
Gebrüder Keller		Allgemeine Droschkenanstalt	Drahtzugstrasse 16	Basel	3470	1906	72	telefonbuch_074	PTT-Archiv, P-260-1_Basel_1906	Basel
Geering	Ad.	Basler Buch- und Antiquariatshandlung	Bäumleingasse 10	Basel	1851	1906	72	telefonbuch_074	PTT-Archiv, P-260-1_Basel_1906	Basel
Geering	H.		Aeschengraben 6	Basel	2057	1906	72	telefonbuch_074	PTT-Archiv, P-260-1_Basel_1906	Basel
Gehrig-Hausin		Droschkenhalter, Nachf. G. Stamm-Hausin	Hägenheimerstr. 20	Basel	830	1906	72	telefonbuch_074	PTT-Archiv, P-260-1_Basel_1906	Basel
Gehrig's Hôtel Continental			Küchegässlein 15	Basel	2272	1906	72	telefonbuch_074	PTT-Archiv, P-260-1_Basel_1906	Basel
Geiger	Fritz		Isteinerstrasse 54	Basel	3520	1906	72	telefonbuch_074	PTT-Archiv, P-260-1_Basel_1906	Basel
Geiger-Knapp		Frau Dr., Apotheker's	Kanonengasse 21	Basel	3116	1906	72	telefonbuch_074	PTT-Archiv, P-260-1_Basel_1906	Basel
Geiger-Mähly	Paul	Dr.	Hirzbodenweg 34	Basel	3758	1906	72	telefonbuch_074	PTT-Archiv, P-260-1_Basel_1906	Basel
Geiger-Miville	A.		Marktplatz 24	Basel	3	1906	72	telefonbuch_074	PTT-Archiv, P-260-1_Basel_1906	Basel
Geiger-Otto	H.	Dr.	Rüdengasse 1	Basel	1075	1906	72	telefonbuch_074	PTT-Archiv, P-260-1_Basel_1906	Basel
Geigy-Burckhardt	M. E.	Frau	Aeschengraben 5	Basel	2315	1906	72	telefonbuch_074	PTT-Archiv, P-260-1_Basel_1906	Basel
Geigy-Burckhardt	M. E.	Frau, siehe auch unter „Münchenstein“		Basel	3911	1906	72	telefonbuch_074	PTT-Archiv, P-260-1_Basel_1906	Basel
Geigy-Burckhardt	Karl		Kapellenstrasse 20	Basel	2365	1906	72	telefonbuch_074	PTT-Archiv, P-260-1_Basel_1906	Basel
Geigy-Buxtorf	S.	Wwe.	Leonardsgraben 48	Basel	2989	1906	72	telefonbuch_074	PTT-Archiv, P-260-1_Basel_1906	Basel
Geigy	Rud.	Dr.	St. Albananlage 1	Basel	2079	1906	72	telefonbuch_074	PTT-Archiv, P-260-1_Basel_1906	Basel
Geigy	Rud.	Dr., Bäumlinhof	Riehenstrasse 392	Basel	3835	1906	72	telefonbuch_074	PTT-Archiv, P-260-1_Basel_1906	Basel
Geigy	Emilie	Frl.	Angensteinerstr. 17	Basel	1969	1906	72	telefonbuch_074	PTT-Archiv, P-260-1_Basel_1906	Basel
Geigy-Hagenbach	Karl		Hardstrasse 52	Basel	1428	1906	72	telefonbuch_074	PTT-Archiv, P-260-1_Basel_1906	Basel
Geigy-Hagenbach	Karl	Bäumlinhof	Riehenstrasse 392	Basel	3831	1906	72	telefonbuch_074	PTT-Archiv, P-260-1_Basel_1906	Basel
Geigy	Joh. Rud.	& Co., Anilinfarben- und Extraktfabriken, Kassa, Parterre	Bahnhofstrasse 3	Basel	3548	1906	72	telefonbuch_074	PTT-Archiv, P-260-1_Basel_1906	Basel
Geigy	Joh. Rud.	& Co., Anilinfarben- und Extraktfabriken, Warenabteilung u. Sped., I. Stock	Bahnhofstrasse 3	Basel	3549	1906	72	telefonbuch_074	PTT-Archiv, P-260-1_Basel_1906	Basel
Geigy	Joh. Rud.	& Co., Anilinfarben- und Extraktfabriken, Fabrik	Rosenthalweg 2	Basel	3618	1906	72	telefonbuch_074	PTT-Archiv, P-260-1_Basel_1906	Basel
Geigy-Merian	Rud.	Bäumlinhof	Riehenstrasse 392	Basel	3830	1906	72	telefonbuch_074	PTT-Archiv, P-260-1_Basel_1906	Basel
Geigy-Merian	Rud.		Aeschenvorstadt 13	Basel	2031	1906	72	telefonbuch_074	PTT-Archiv, P-260-1_Basel_1906	Basel
Geilenkirchen	Alf.	Hôtel Bernerhof & du Parc	Elisabethenstr. 62	Basel	2247	1906	72	telefonbuch_074	PTT-Archiv, P-260-1_Basel_1906	Basel
Geipel	C. A.	Privatwohnung	Oberwilerstrasse 36	Basel	235	1906	72	telefonbuch_074	PTT-Archiv, P-260-1_Basel_1906	Basel
Geipel		Nachf. Mangold & Röthlisberger, chemische Wäscherei und Färberei	Gerbergasse 57	Basel	2188	1906	72	telefonbuch_074	PTT-Archiv, P-260-1_Basel_1906	Basel
Geismar	Salomon		Elisabethenstr. 20	Basel	1913	1906	72	telefonbuch_074	PTT-Archiv, P-260-1_Basel_1906	Basel
Geismar & Sée		mech. Schuhfabrik St. Alban	Nauenstrasse 10	Basel	4157	1906	72	telefonbuch_074	PTT-Archiv, P-260-1_Basel_1906	Basel
Geissberger-Schorr	Alb.	Pflästerer u. Erdbauunternehmer	Hegenheimerstr. 24	Basel	813	1906	72	telefonbuch_074	PTT-Archiv, P-260-1_Basel_1906	Basel
Geissler	Carl	Privat	Feierabendstrasse 22	Basel	4532	1906	72	telefonbuch_074	PTT-Archiv, P-260-1_Basel_1906	Basel
Geissler	Carl	Bureau	Centralbahnstr. 5	Basel	3017	1906	72	telefonbuch_074	PTT-Archiv, P-260-1_Basel_1906	Basel
Geissler	Carl	Lagerplatz	Dreispitz	Basel	2449	1906	72	telefonbuch_074	PTT-Archiv, P-260-1_Basel_1906	Basel
Geldner	Carl	Privat	Steinenthorberg 16	Basel	2439	1906	72	telefonbuch_074	PTT-Archiv, P-260-1_Basel_1906	Basel
Geldner-Frey	Alice	Wwe.	Spalenring 143	Basel	218	1906	73	telefonbuch_075	PTT-Archiv, P-260-1_Basel_1906	Basel
Gelpke-Bleuler	Rud.		Austrasse 41	Basel	942	1906	73	telefonbuch_075	PTT-Archiv, P-260-1_Basel_1906	Basel
Gelpke	Rudolf	Ingenieur	Mühleberg 3	Basel	1769	1906	73	telefonbuch_075	PTT-Archiv, P-260-1_Basel_1906	Basel
Geltenzunft		(J. Ineichen-Plüss)	Marktplatz 13	Basel	771	1906	73	telefonbuch_075	PTT-Archiv, P-260-1_Basel_1906	Basel
Gempp & Unold		Blechemballagefabrik	Bahnhofstrasse 139	Basel	753	1906	73	telefonbuch_075	PTT-Archiv, P-260-1_Basel_1906	Basel
Gemuseus	Bertha		Aeschengraben 22	Basel	2405	1906	73	telefonbuch_075	PTT-Archiv, P-260-1_Basel_1906	Basel
Gemuseus	Carl	Agenturen und Kohlen	Grellingerstrasse 55	Basel	1143	1906	73	telefonbuch_075	PTT-Archiv, P-260-1_Basel_1906	Basel
Gemuseus-Grossmann	A.	Wwe.	Sevogelstrasse 36	Basel	4118	1906	73	telefonbuch_075	PTT-Archiv, P-260-1_Basel_1906	Basel
Gemuseus	Joh. Rud.		Aeschengraben 22	Basel	2405	1906	73	telefonbuch_075	PTT-Archiv, P-260-1_Basel_1906	Basel
Gemuseus-Passavant	Rud.		Aeschenvorstadt 4	Basel	3557	1906	73	telefonbuch_075	PTT-Archiv, P-260-1_Basel_1906	Basel
Gemuseus-Simmoth	E.		Leimenstrasse 46	Basel	2923	1906	73	telefonbuch_075	PTT-Archiv, P-260-1_Basel_1906	Basel
Gemuseus & Stöcklin			Aeschenvorstadt 22	Basel	2323	1906	73	telefonbuch_075	PTT-Archiv, P-260-1_Basel_1906	Basel
Generalsekretariat des Verbandes des Personals schweiz. Transportanstalten			Freiestrasse 103	Basel	2021	1906	73	telefonbuch_075	PTT-Archiv, P-260-1_Basel_1906	Basel
Gengenbach	G.	& Co.	Spitalstrasse 17	Basel	1694	1906	73	telefonbuch_075	PTT-Archiv, P-260-1_Basel_1906	Basel
Gengenbach-Gysin	Gust.		Austrasse 93	Basel	2829	1906	73	telefonbuch_075	PTT-Archiv, P-260-1_Basel_1906	Basel
Gengenbach-Labhardt	E. L.	Wwe.	Birmannsgasse 15	Basel	2641	1906	73	telefonbuch_075	PTT-Archiv, P-260-1_Basel_1906	Basel
Genossenschaft für Häute- und Fellverwertung			Elsässerstrasse 4	Basel	1862	1906	73	telefonbuch_075	PTT-Archiv, P-260-1_Basel_1906	Basel
Genossenschaft Schweiz. Gipsermeister			Alemannengasse 56	Basel	440	1906	73	telefonbuch_075	PTT-Archiv, P-260-1_Basel_1906	Basel
Genossenschafts-Buchdruckerei			Petersberg 29	Basel	1738	1906	73	telefonbuch_075	PTT-Archiv, P-260-1_Basel_1906	Basel
Georg	Germann		Schützengraben 53	Basel	2715	1906	73	telefonbuch_075	PTT-Archiv, P-260-1_Basel_1906	Basel
Georg & Cie.		Buch- u. Kunsthandlung	Freiestrasse 10	Basel	1396	1906	73	telefonbuch_075	PTT-Archiv, P-260-1_Basel_1906	Basel
Georg-Vogel	Ed.		Dornacherstr. 157	Basel	1622	1906	73	telefonbuch_075	PTT-Archiv, P-260-1_Basel_1906	Basel
Georg-Wacker	Adèle	Wwe.	Mittlerestrasse 1	Basel	2587	1906	73	telefonbuch_075	PTT-Archiv, P-260-1_Basel_1906	Basel
Gerber-Bärwart	Karol.	Wwe.	Kanonengasse 30	Basel	3154	1906	73	telefonbuch_075	PTT-Archiv, P-260-1_Basel_1906	Basel
Gerber-Oesterlin	J.	Spengler	Obere Rebgasse 7	Basel	3728	1906	73	telefonbuch_075	PTT-Archiv, P-260-1_Basel_1906	Basel
Gerhardt	Katharina		Aeschenvorstadt 23	Basel	1062	1906	73	telefonbuch_075	PTT-Archiv, P-260-1_Basel_1906	Basel
Geringer-von Tobel	Charles		Feierabendstrasse 57	Basel	797	1906	73	telefonbuch_075	PTT-Archiv, P-260-1_Basel_1906	Basel
Gerspach	Carl	Droschkenanstalt	Weidengasse 19	Basel	4101	1906	73	telefonbuch_075	PTT-Archiv, P-260-1_Basel_1906	Basel
Gerspach	Jakob	Droschkenhalter	Klybeckstrasse 64	Basel	3787	1906	73	telefonbuch_075	PTT-Archiv, P-260-1_Basel_1906	Basel
Gerster	Emil	Glasmaler	Austrasse 107	Basel	208	1906	73	telefonbuch_075	PTT-Archiv, P-260-1_Basel_1906	Basel
Gerster	Julius		Bachlettenstr. 80	Basel	3032	1906	73	telefonbuch_075	PTT-Archiv, P-260-1_Basel_1906	Basel
Gerster-Wicky	Emil	Spenglermeister	Landskronstrasse 29	Basel	154	1906	73	telefonbuch_075	PTT-Archiv, P-260-1_Basel_1906	Basel
Gerwig		Herker & Co.	Sandgrubenweg 12	Basel	3492	1906	73	telefonbuch_075	PTT-Archiv, P-260-1_Basel_1906	Basel
Gerwig-Weber	Carl		Claragraben 1	Basel	3814	1906	73	telefonbuch_075	PTT-Archiv, P-260-1_Basel_1906	Basel
Gesellschaft für Bandfabrikation			St. Johannvorstadt 33	Basel	1697	1906	73	telefonbuch_075	PTT-Archiv, P-260-1_Basel_1906	Basel
Dieselbe		Direktion	St. Johannvorstadt 33	Basel	3641	1906	73	telefonbuch_075	PTT-Archiv, P-260-1_Basel_1906	Basel
Gesellschaft für chem. Industrie			Klybeckstrasse 151	Basel	724	1906	73	telefonbuch_075	PTT-Archiv, P-260-1_Basel_1906	Basel
Dieselbe		(auch pharmaceutische Abteilung)	Klybeckstrasse 151	Basel	3294	1906	73	telefonbuch_075	PTT-Archiv, P-260-1_Basel_1906	Basel
Gesellschaft für Holzstoffbereitung			Sternengässlein 17	Basel	2128	1906	73	telefonbuch_075	PTT-Archiv, P-260-1_Basel_1906	Basel
Gesellschaft zum Löwenfels			Steinenvorstadt 36	Basel	2508	1906	73	telefonbuch_075	PTT-Archiv, P-260-1_Basel_1906	Basel
Gesellschaft für Malzfabrikation			Margarethenstr. 35	Basel	2437	1906	73	telefonbuch_075	PTT-Archiv, P-260-1_Basel_1906	Basel
Gesellschaft für Papierindustrie			Leonhardstr. 29/31	Basel	3001	1906	73	telefonbuch_075	PTT-Archiv, P-260-1_Basel_1906	Basel
Gesellschaft zum Wettsteinhof			Claragraben 43	Basel	3803	1906	73	telefonbuch_075	PTT-Archiv, P-260-1_Basel_1906	Basel
Gessler	Andreas		Obere Rheingasse 7	Basel	1166	1906	73	telefonbuch_075	PTT-Archiv, P-260-1_Basel_1906	Basel
Gessler	Hans	Metzgermeister	Steinenvorstadt 69	Basel	2211	1906	73	telefonbuch_075	PTT-Archiv, P-260-1_Basel_1906	Basel
Derselbe			Solothurnerstr. 57	Basel	147	1906	73	telefonbuch_075	PTT-Archiv, P-260-1_Basel_1906	Basel
Gessler-Herzog	C. A.		Leimenstrasse 45	Basel	2978	1906	73	telefonbuch_075	PTT-Archiv, P-260-1_Basel_1906	Basel
Gessler	Leonhard		Petersgraben 45	Basel	1496	1906	73	telefonbuch_075	PTT-Archiv, P-260-1_Basel_1906	Basel
Gessler-Plattner	E.	Ww.	Angensteinerstr. 33	Basel	3546	1906	73	telefonbuch_075	PTT-Archiv, P-260-1_Basel_1906	Basel
Gessler-Sänger	Hans	Malermeister	Steinenvorstadt 56	Basel	2219	1906	74	telefonbuch_076	PTT-Archiv, P-260-1_Basel_1906	Basel
Gessler-Vonkilch	K. U.	Wwe.	Schützengraben 15	Basel	3037	1906	74	telefonbuch_076	PTT-Archiv, P-260-1_Basel_1906	Basel
Gessler	Wilhelm	Bettwarenhandlung	Gerbergasse 55	Basel	2192	1906	74	telefonbuch_076	PTT-Archiv, P-260-1_Basel_1906	Basel
Gessler-Horner	Wilhelm	Derselbe	Rütlistrasse 41	Basel	800	1906	74	telefonbuch_076	PTT-Archiv, P-260-1_Basel_1906	Basel
Gétaz-Rychen	Ls.	Fuhrhalter	Allschwilerstrasse 65	Basel	930	1906	74	telefonbuch_076	PTT-Archiv, P-260-1_Basel_1906	Basel
Geugelin	Georg		Clarastrasse 44	Basel	3709	1906	74	telefonbuch_076	PTT-Archiv, P-260-1_Basel_1906	Basel
Gewerbebank Basel			Theaterstrasse 22	Basel	1018	1906	74	telefonbuch_076	PTT-Archiv, P-260-1_Basel_1906	Basel
Gewerbehalle			Spalenvorstadt 14	Basel	1335	1906	74	telefonbuch_076	PTT-Archiv, P-260-1_Basel_1906	Basel
Gewerbe-Inspektorat			Rathaus	Basel	137	1906	74	telefonbuch_076	PTT-Archiv, P-260-1_Basel_1906	Basel
Gewerbemuseum			Spalenvorstadt 2	Basel	2611	1906	74	telefonbuch_076	PTT-Archiv, P-260-1_Basel_1906	Basel
Gewerbeschule		allgemeine	Petersgraben 52	Basel	2644	1906	74	telefonbuch_076	PTT-Archiv, P-260-1_Basel_1906	Basel
Geymüller	P.		Spitalstrasse 40	Basel	1664	1906	74	telefonbuch_076	PTT-Archiv, P-260-1_Basel_1906	Basel
Giauque	E.	Baumeister	Claragraben 139	Basel	36	1906	74	telefonbuch_076	PTT-Archiv, P-260-1_Basel_1906	Basel
Gilg-Keller	E.	Hôtel Freiburgerhof	Obere Rebgasse 2	Basel	3252	1906	74	telefonbuch_076	PTT-Archiv, P-260-1_Basel_1906	Basel
Ginsbourger-Wahl	Lucie	Wwe.	Leonhardsgraben 12	Basel	1029	1906	74	telefonbuch_076	PTT-Archiv, P-260-1_Basel_1906	Basel
Gintzburger	R.	& fils, Holzhandlung (Vertr.: N. Valentin)	Spalenring 18	Basel	3513	1906	74	telefonbuch_076	PTT-Archiv, P-260-1_Basel_1906	Basel
Gisler	Gideon	Dr.	Farnsburgerstr. 37	Basel	1177	1906	74	telefonbuch_076	PTT-Archiv, P-260-1_Basel_1906	Basel
Giss-Leberth	W.		Maulbeerweg 36	Basel	3515	1906	74	telefonbuch_076	PTT-Archiv, P-260-1_Basel_1906	Basel
Glaser-Fichter	Wilh.		Kartausgasse 11	Basel	3382	1906	74	telefonbuch_076	PTT-Archiv, P-260-1_Basel_1906	Basel
Glaser	Friedr.	Söhne	Freiestrasse 52	Basel	1154	1906	74	telefonbuch_076	PTT-Archiv, P-260-1_Basel_1906	Basel
Dieselben		Bureau und Wohnung	Freiestrasse 52	Basel	1956	1906	74	telefonbuch_076	PTT-Archiv, P-260-1_Basel_1906	Basel
Glaser-Haag	J.	Bäckermeister	Sempacherstrasse 10	Basel	3649	1906	74	telefonbuch_076	PTT-Archiv, P-260-1_Basel_1906	Basel
Glaser-Johannes	Wilh.		Grenzacherstr. 140	Basel	3188	1906	74	telefonbuch_076	PTT-Archiv, P-260-1_Basel_1906	Basel
Glaser	Ignaz		Marktplatz 31	Basel	1607	1906	74	telefonbuch_076	PTT-Archiv, P-260-1_Basel_1906	Basel
Glättli	Jacques	& Co.	Heumattstrasse 3	Basel	2238	1906	74	telefonbuch_076	PTT-Archiv, P-260-1_Basel_1906	Basel
Glättli-Iberg	H.		Holbeinstrasse 12	Basel	2909	1906	74	telefonbuch_076	PTT-Archiv, P-260-1_Basel_1906	Basel
Glättli	M.	jr.	Claragraben 82	Basel	3474	1906	74	telefonbuch_076	PTT-Archiv, P-260-1_Basel_1906	Basel
Glaus-Gemuseus	Alfred		Steinenring 11	Basel	3534	1906	74	telefonbuch_076	PTT-Archiv, P-260-1_Basel_1906	Basel
Glenck	Carl		Clarastrasse 39	Basel	3509	1906	74	telefonbuch_076	PTT-Archiv, P-260-1_Basel_1906	Basel
von Glenck	Hugo		Grellingerstrasse 81	Basel	3954	1906	74	telefonbuch_076	PTT-Archiv, P-260-1_Basel_1906	Basel
Gloor	Fritz	& Co., Weinhandlung	Güterstrasse 210	Basel	3743	1906	74	telefonbuch_076	PTT-Archiv, P-260-1_Basel_1906	Basel
Gloor	Else	Frau	Socinstrasse 62	Basel	941	1906	74	telefonbuch_076	PTT-Archiv, P-260-1_Basel_1906	Basel
Glor-Haas	Joh.		Weiherweg 62	Basel	954	1906	74	telefonbuch_076	PTT-Archiv, P-260-1_Basel_1906	Basel
Gnöpff	Carl		Leonhardsgraben 32	Basel	2750	1906	74	telefonbuch_076	PTT-Archiv, P-260-1_Basel_1906	Basel
Göber-Roser	Berthold	Schreinermeister	Solothurnerstr. 69	Basel	378	1906	74	telefonbuch_076	PTT-Archiv, P-260-1_Basel_1906	Basel
Goldene Apotheke	H. & P.	von Dr. Geiger	Rüdengasse 1	Basel	1075	1906	74	telefonbuch_076	PTT-Archiv, P-260-1_Basel_1906	Basel
Dieselbe		Laboratorium	St. Johannvorst. 20	Basel	123	1906	74	telefonbuch_076	PTT-Archiv, P-260-1_Basel_1906	Basel
Goldfuss-Wohnlich	R.	Wwe.	Steinengraben 42	Basel	3174	1906	74	telefonbuch_076	PTT-Archiv, P-260-1_Basel_1906	Basel
Goldinger-Dunkel	L.	Konditor	Ryffstrasse 2	Basel	1637	1906	74	telefonbuch_076	PTT-Archiv, P-260-1_Basel_1906	Basel
Goldschmidt	Samuel		Burgfelderstrasse 3	Basel	1713	1906	74	telefonbuch_076	PTT-Archiv, P-260-1_Basel_1906	Basel
Goldschmidt	Siegfried		Murtengasse 9	Basel	2797	1906	74	telefonbuch_076	PTT-Archiv, P-260-1_Basel_1906	Basel
Gönner	Alfred	Dr. med.	St. Albananlage 19	Basel	4161	1906	74	telefonbuch_076	PTT-Archiv, P-260-1_Basel_1906	Basel
von Gonten	W.	Direktor der ersten Actienbrennerei Basel	Margarethenstr. 59	Basel	2384	1906	74	telefonbuch_076	PTT-Archiv, P-260-1_Basel_1906	Basel
Goepfert-Huber	Alb.	Gypsermeister	Herrengrabenweg 46	Basel	3329	1906	74	telefonbuch_076	PTT-Archiv, P-260-1_Basel_1906	Basel
Goppelsrœder-LaRoche	Friedr.	Prof. Dr.	Leimenstrasse 51	Basel	3265	1906	74	telefonbuch_076	PTT-Archiv, P-260-1_Basel_1906	Basel
Göricke	Aug.	Vertreter A. Dewald	Steinenvorstadt 23	Basel	240	1906	74	telefonbuch_076	PTT-Archiv, P-260-1_Basel_1906	Basel
Gossauer	A. & E.		Holbeinstrasse 95	Basel	4072	1906	74	telefonbuch_076	PTT-Archiv, P-260-1_Basel_1906	Basel
Goetschel	Armand		Falknerstrasse 1	Basel	1982	1906	74	telefonbuch_076	PTT-Archiv, P-260-1_Basel_1906	Basel
Götschel		Gebrüder	Kornhausgasse 8	Basel	2705	1906	74	telefonbuch_076	PTT-Archiv, P-260-1_Basel_1906	Basel
Götschel	Léon		Gerbergasse 42	Basel	3093	1906	75	telefonbuch_077	PTT-Archiv, P-260-1_Basel_1906	Basel
Götschel	S.		Feierabendstrasse 53	Basel	3158	1906	75	telefonbuch_077	PTT-Archiv, P-260-1_Basel_1906	Basel
Gotthelfschulhaus			Gotthelfplatz	Basel	229	1906	75	telefonbuch_077	PTT-Archiv, P-260-1_Basel_1906	Basel
Göttisheim	Dr. E.	Advokat, Bureau	Greifengasse 28	Basel	1244	1906	75	telefonbuch_077	PTT-Archiv, P-260-1_Basel_1906	Basel
Göttisheim	Dr. E.	Wohnung	Unt. Rheinweg 116	Basel	1604	1906	75	telefonbuch_077	PTT-Archiv, P-260-1_Basel_1906	Basel
Göttisheim	Dr. E.	& Börlin, Dr. W., Advokatur- und Notariatsbureau	Greifengasse 28	Basel	1244	1906	75	telefonbuch_077	PTT-Archiv, P-260-1_Basel_1906	Basel
Göttisheim	Emanuel	Schlosser	Hebelstrasse 77	Basel	1492	1906	75	telefonbuch_077	PTT-Archiv, P-260-1_Basel_1906	Basel
Goetz	J. Ch.	Hotel Bayerischer Hof und Restaurant Hallauerhof	Hammerstrasse 61	Basel	139	1906	75	telefonbuch_077	PTT-Archiv, P-260-1_Basel_1906	Basel
Goetz-Straub	Georg	Spenglermeister	Friedrichstrasse 17	Basel	253	1906	75	telefonbuch_077	PTT-Archiv, P-260-1_Basel_1906	Basel
Götzinger	E. J.	Hôtel Schweizerhof	Centralbahnplatz 1	Basel	2225	1906	75	telefonbuch_077	PTT-Archiv, P-260-1_Basel_1906	Basel
Graemer		Dr, Rosenberg & Deegener	St. Johannvorst. 42	Basel	4436	1906	75	telefonbuch_077	PTT-Archiv, P-260-1_Basel_1906	Basel
Graf	Arnold	Spenglermeister	Jurastrasse 4	Basel	3768	1906	75	telefonbuch_077	PTT-Archiv, P-260-1_Basel_1906	Basel
Gräslin-Keller	J.	Holzhandlung	Bahnhofstrasse 121	Basel	3449	1906	75	telefonbuch_077	PTT-Archiv, P-260-1_Basel_1906	Basel
Grauwyler-Ammann	J. J.	Metzger	Kaufhausgasse 2	Basel	1833	1906	75	telefonbuch_077	PTT-Archiv, P-260-1_Basel_1906	Basel
Grauwyler-Ammann	J. J.	Stallung	Baumgartenweg 7	Basel	2283	1906	75	telefonbuch_077	PTT-Archiv, P-260-1_Basel_1906	Basel
Grauwyler	Aug.		Austrasse 35	Basel	1775	1906	75	telefonbuch_077	PTT-Archiv, P-260-1_Basel_1906	Basel
Grauwyler	Jakob	Sohn, Metzger	Freiestrasse 63	Basel	1043	1906	75	telefonbuch_077	PTT-Archiv, P-260-1_Basel_1906	Basel
Grenacher-Dörflinger	C.	Malermeister	Drahtzugstrasse 53	Basel	3483	1906	75	telefonbuch_077	PTT-Archiv, P-260-1_Basel_1906	Basel
Grenouillet-Riedtmann	E.	Frau	Freiestrasse 5	Basel	1033	1906	75	telefonbuch_077	PTT-Archiv, P-260-1_Basel_1906	Basel
Greppin-Mäglin	E.		Riehenstrasse 65	Basel	3705	1906	75	telefonbuch_077	PTT-Archiv, P-260-1_Basel_1906	Basel
Grether	Emil	Architekt	Delsbergerallee 27	Basel	2099	1906	75	telefonbuch_077	PTT-Archiv, P-260-1_Basel_1906	Basel
Grether-Gautschy	E.	Wwe., Spenglergeschäft	Feldbergstrasse 39	Basel	3376	1906	75	telefonbuch_077	PTT-Archiv, P-260-1_Basel_1906	Basel
Grether	K.	Wäscherei und Glätterei	Jurastrasse 18	Basel	3892	1906	75	telefonbuch_077	PTT-Archiv, P-260-1_Basel_1906	Basel
Grether-Müller	Reinh.	Schreiner	Amerbachstrasse 51	Basel	3342	1906	75	telefonbuch_077	PTT-Archiv, P-260-1_Basel_1906	Basel
Greulich-Langbein	Friedr.		Klybeckstrasse 240	Basel	387	1906	75	telefonbuch_077	PTT-Archiv, P-260-1_Basel_1906	Basel
Grieder	Emanuel	Bau- und Kunstschlosserei	Klingelbergstr. 27	Basel	1499	1906	75	telefonbuch_077	PTT-Archiv, P-260-1_Basel_1906	Basel
Grieder	Hermann		Güterstrasse 76	Basel	4407	1906	75	telefonbuch_077	PTT-Archiv, P-260-1_Basel_1906	Basel
Grimm	Robert	Spedition	Tellstrasse 23	Basel	2224	1906	75	telefonbuch_077	PTT-Archiv, P-260-1_Basel_1906	Basel
Grisard	C.	Wwe.	Freiestrasse 39	Basel	1886	1906	75	telefonbuch_077	PTT-Archiv, P-260-1_Basel_1906	Basel
Groener & Co.			Leonhardstrasse 18	Basel	3023	1906	75	telefonbuch_077	PTT-Archiv, P-260-1_Basel_1906	Basel
Grogg-Wetzstein	S.	Weine und Spirituosen	Jurastrasse 50	Basel	4508	1906	75	telefonbuch_077	PTT-Archiv, P-260-1_Basel_1906	Basel
Grosheintz	Dr. Alb.	Ohrenarzt	Socinstrasse 1a	Basel	2297	1906	75	telefonbuch_077	PTT-Archiv, P-260-1_Basel_1906	Basel
Grosheintz	Dr. E.	Zahnarzt	Holbeinstrasse 55	Basel	3077	1906	75	telefonbuch_077	PTT-Archiv, P-260-1_Basel_1906	Basel
Grosshardt-Hiltpold	M.		Farnsburgerstr. 61	Basel	4499	1906	75	telefonbuch_077	PTT-Archiv, P-260-1_Basel_1906	Basel
Grossmann		Gebrüder	Elisabethenstr. 15	Basel	2326	1906	75	telefonbuch_077	PTT-Archiv, P-260-1_Basel_1906	Basel
Grossmann	Paul	elektrotechn. Installationsgeschäft	Aeschenvorstadt 75	Basel	1720	1906	75	telefonbuch_077	PTT-Archiv, P-260-1_Basel_1906	Basel
Grossmann	Paul	Wohnung	St. Albanvorstadt 16	Basel	4466	1906	75	telefonbuch_077	PTT-Archiv, P-260-1_Basel_1906	Basel
Grossmann-Simon	Rudolf		Malzgasse 24	Basel	3624	1906	75	telefonbuch_077	PTT-Archiv, P-260-1_Basel_1906	Basel
Grossmann-Stähelin	Rudolf		Sevogelstrasse 81	Basel	3686	1906	75	telefonbuch_077	PTT-Archiv, P-260-1_Basel_1906	Basel
Grossmann-Stoll	H.	Wwe.	Sonnenweg 14	Basel	1916	1906	75	telefonbuch_077	PTT-Archiv, P-260-1_Basel_1906	Basel
Grossratssaal			Rathaus	Basel	1680	1906	75	telefonbuch_077	PTT-Archiv, P-260-1_Basel_1906	Basel
Grossratssaal		Journalistentribüne	Rathaus	Basel	1035	1906	75	telefonbuch_077	PTT-Archiv, P-260-1_Basel_1906	Basel
Grotzinger	Stephan	Glaser	Oetlingerstrasse 65	Basel	364	1906	75	telefonbuch_077	PTT-Archiv, P-260-1_Basel_1906	Basel
Grumbacher	J.		Nadelberg 23	Basel	1541	1906	75	telefonbuch_077	PTT-Archiv, P-260-1_Basel_1906	Basel
Grunauer	Adolf	Bureau	Petersplatz 4	Basel	2637	1906	75	telefonbuch_077	PTT-Archiv, P-260-1_Basel_1906	Basel
Grunauer	Adolf	Lagerplatz	Dreispitz	Basel	3977	1906	75	telefonbuch_077	PTT-Archiv, P-260-1_Basel_1906	Basel
Grunauer	Aug.	Hutmacher	Gerbergasse 18	Basel	425	1906	75	telefonbuch_077	PTT-Archiv, P-260-1_Basel_1906	Basel
Grunauer	H.	Aelteste Basler Drechslerwarenfabrik	Vogesenstrasse 31	Basel	765	1906	76	telefonbuch_078	PTT-Archiv, P-260-1_Basel_1906	Basel
Derselbe		Laden	Hutgasse 16	Basel	1431	1906	76	telefonbuch_078	PTT-Archiv, P-260-1_Basel_1906	Basel
Grundbuchgeometerbureau		Domhof	Münsterplatz 12	Basel	1812	1906	76	telefonbuch_078	PTT-Archiv, P-260-1_Basel_1906	Basel
Grundbuchverwaltung und Handelsregister		Domhof	Münsterplatz 12	Basel	1766	1906	76	telefonbuch_078	PTT-Archiv, P-260-1_Basel_1906	Basel
Grüneisen-Becker	Ed.		Schärtlingasse 6	Basel	2543	1906	76	telefonbuch_078	PTT-Archiv, P-260-1_Basel_1906	Basel
Gruner-His	Frau A. K.		Nauenstrasse 9	Basel	2197	1906	76	telefonbuch_078	PTT-Archiv, P-260-1_Basel_1906	Basel
Gruner-Kern	H. E.		Maiengasse 58	Basel	3746	1906	76	telefonbuch_078	PTT-Archiv, P-260-1_Basel_1906	Basel
Grüninger-Bischoff	Dr. Rob.		Burgunderstrasse 32	Basel	3619	1906	76	telefonbuch_078	PTT-Archiv, P-260-1_Basel_1906	Basel
Grüninger	R.	Fuhrhalter	Hammerstrasse 158	Basel	3406	1906	76	telefonbuch_078	PTT-Archiv, P-260-1_Basel_1906	Basel
Grüninger & VonderMühll			Freiestrasse 31	Basel	1156	1906	76	telefonbuch_078	PTT-Archiv, P-260-1_Basel_1906	Basel
Grütliverein Gross-Basel			Nadelberg 13	Basel	738	1906	76	telefonbuch_078	PTT-Archiv, P-260-1_Basel_1906	Basel
Gschlecht	Wilh.	Bierhalle (Brauerei Warteck)	Heumattstrasse 25	Basel	3938	1906	76	telefonbuch_078	PTT-Archiv, P-260-1_Basel_1906	Basel
Güdemann	Fritz		Sempacherstrasse 7	Basel	408	1906	76	telefonbuch_078	PTT-Archiv, P-260-1_Basel_1906	Basel
Gugel-Meyn	K.	Buchdruckerei	Klarastrasse 55	Basel	4516	1906	76	telefonbuch_078	PTT-Archiv, P-260-1_Basel_1906	Basel
Gugel-Weber	Fr.	american Bar	Eisengasse 26	Basel	1340	1906	76	telefonbuch_078	PTT-Archiv, P-260-1_Basel_1906	Basel
Guggenbühl	Charles			Basel	1385	1906	76	telefonbuch_078	PTT-Archiv, P-260-1_Basel_1906	Basel
Guggenbühl-Merian	H.		Freiestrasse 70	Basel	190	1906	76	telefonbuch_078	PTT-Archiv, P-260-1_Basel_1906	Basel
Guggenheim	A. H.		Gartenstrasse 109	Basel	2178	1906	76	telefonbuch_078	PTT-Archiv, P-260-1_Basel_1906	Basel
Guggenheim	Constant	Tissus	Gempenstrasse 39	Basel	468	1906	76	telefonbuch_078	PTT-Archiv, P-260-1_Basel_1906	Basel
Guggenheim-Dreyfus	Emil		Arnold Böcklinstr. 15	Basel	4512	1906	76	telefonbuch_078	PTT-Archiv, P-260-1_Basel_1906	Basel
Guggenheim	Jacques	& Co.	Güterstrasse 218	Basel	4064	1906	76	telefonbuch_078	PTT-Archiv, P-260-1_Basel_1906	Basel
Guggenheim-Lauchheimer	D.		Gerbergasse 56	Basel	413	1906	76	telefonbuch_078	PTT-Archiv, P-260-1_Basel_1906	Basel
Guggenheim	Moritz		Missionsstrasse 4	Basel	3025	1906	76	telefonbuch_078	PTT-Archiv, P-260-1_Basel_1906	Basel
Guggenheim-Reichenbach	Herm.		Nauenstrasse 37	Basel	2178	1906	76	telefonbuch_078	PTT-Archiv, P-260-1_Basel_1906	Basel
Guggenheim	Sigmund		Binningerstrasse 9	Basel	1768	1906	76	telefonbuch_078	PTT-Archiv, P-260-1_Basel_1906	Basel
Guggenheim & Co.			Elisabethenstr. 56	Basel	2248	1906	76	telefonbuch_078	PTT-Archiv, P-260-1_Basel_1906	Basel
Guidi-Schlageter	Carl	Eishandlung	Greifengasse 35	Basel	3283	1906	76	telefonbuch_078	PTT-Archiv, P-260-1_Basel_1906	Basel
Gundoldinger-Casino			Tellstrasse 2	Basel	3992	1906	76	telefonbuch_078	PTT-Archiv, P-260-1_Basel_1906	Basel
Gundoldinger-Schulhaus			Sempacherstrasse 60	Basel	4022	1906	76	telefonbuch_078	PTT-Archiv, P-260-1_Basel_1906	Basel
Günther-Hübner	E.		Sommergasse 30	Basel	4210	1906	76	telefonbuch_078	PTT-Archiv, P-260-1_Basel_1906	Basel
Günther-Heiz	Rich.	Schuhmachermeister	Imberggässlein 23	Basel	1540	1906	76	telefonbuch_078	PTT-Archiv, P-260-1_Basel_1906	Basel
Günzburger	Salomon		Schützengraben 11	Basel	2740	1906	76	telefonbuch_078	PTT-Archiv, P-260-1_Basel_1906	Basel
Günzburger & Haas			Claragraben 88/90	Basel	3305	1906	76	telefonbuch_078	PTT-Archiv, P-260-1_Basel_1906	Basel
Günzburger & Wolf			Oetlingerstrasse 75	Basel	2783	1906	76	telefonbuch_078	PTT-Archiv, P-260-1_Basel_1906	Basel
Gürlet	Otto		Binningerstrasse 9	Basel	923	1906	76	telefonbuch_078	PTT-Archiv, P-260-1_Basel_1906	Basel
Gürtler-Hauser	J.	Bildhauer	Burgfelderstrasse 27	Basel	173	1906	76	telefonbuch_078	PTT-Archiv, P-260-1_Basel_1906	Basel
Gürtler	Henri	Gypsermeister	Rudolfstrasse 10	Basel	2839	1906	76	telefonbuch_078	PTT-Archiv, P-260-1_Basel_1906	Basel
Gürtler	J.	vorm. Gebr. Gürtler (Schreinerei)	Thannerstrasse 30	Basel	2838	1906	76	telefonbuch_078	PTT-Archiv, P-260-1_Basel_1906	Basel
Gusiné	Juan	spanische Weinhalle	Clarastrasse 14	Basel	3719	1906	76	telefonbuch_078	PTT-Archiv, P-260-1_Basel_1906	Basel
Gut	H.	Conditorei	Güterstrasse 96	Basel	294	1906	76	telefonbuch_078	PTT-Archiv, P-260-1_Basel_1906	Basel
Gutekunst	C. E.	elektrotechn. Installationsgesch.	St.Johannrheinweg 46	Basel	171	1906	76	telefonbuch_078	PTT-Archiv, P-260-1_Basel_1906	Basel
Gutekunst & Giauque		Baugeschäft	Claragraben 139	Basel	36	1906	76	telefonbuch_078	PTT-Archiv, P-260-1_Basel_1906	Basel
Gutekunst & Meier		Baugeschäft	Neuensteinerstr. 14	Basel	1576	1906	76	telefonbuch_078	PTT-Archiv, P-260-1_Basel_1906	Basel
Gutekunst-Wehrli	J.	Schmiedmeister	Steinenthorstrasse 29	Basel	1804	1906	76	telefonbuch_078	PTT-Archiv, P-260-1_Basel_1906	Basel
Gutknecht	Dr. Fr.	prakt. Arzt	Steinenberg 5	Basel	2578	1906	76	telefonbuch_078	PTT-Archiv, P-260-1_Basel_1906	Basel
Gutknecht-Heinrich	Chs.	Bildhauermeister	Leonhardstrasse 21	Basel	3031	1906	76	telefonbuch_078	PTT-Archiv, P-260-1_Basel_1906	Basel
Gutsmann	B.	Schreinerei	Hegenheimerstr. 26	Basel	4523	1906	76	telefonbuch_078	PTT-Archiv, P-260-1_Basel_1906	Basel
Gutzwiller	C.	& Co.	Gerbergasse 11	Basel	2801	1906	77	telefonbuch_079	PTT-Archiv, P-260-1_Basel_1906	Basel
Gutzwiller	C.	& Co., Börse	Gerbergasse 13	Basel	3143	1906	77	telefonbuch_079	PTT-Archiv, P-260-1_Basel_1906	Basel
Gutzwiller	H.	Dr.	Austrasse 14	Basel	2983	1906	77	telefonbuch_079	PTT-Archiv, P-260-1_Basel_1906	Basel
Gutzwiller	F. Xaver		Steinenvorstadt 57	Basel	1558	1906	77	telefonbuch_079	PTT-Archiv, P-260-1_Basel_1906	Basel
Gutzwiller-Meyer	C.		Bundesstrasse 21	Basel	207	1906	77	telefonbuch_079	PTT-Archiv, P-260-1_Basel_1906	Basel
Gysin-Albrecht	S.	Wwe.	Elisabethenstr. 67	Basel	2276	1906	77	telefonbuch_079	PTT-Archiv, P-260-1_Basel_1906	Basel
Gysin	Arnold	Direktor d. Basler Strassenbahnen	Socinstrasse 81	Basel	991	1906	77	telefonbuch_079	PTT-Archiv, P-260-1_Basel_1906	Basel
Gysin		Hartmann & Co.	Rümelinbachweg 55	Basel	2484	1906	77	telefonbuch_079	PTT-Archiv, P-260-1_Basel_1906	Basel
Gysin-Hindermann	V.	Wwe.	Austrasse 12	Basel	3046	1906	77	telefonbuch_079	PTT-Archiv, P-260-1_Basel_1906	Basel
Gysin-Maeder	J. J.		Nonnenweg 15	Basel	2558	1906	77	telefonbuch_079	PTT-Archiv, P-260-1_Basel_1906	Basel
Gysin-Marmier	Wilhelm		Margarethenstr. 73	Basel	4023	1906	77	telefonbuch_079	PTT-Archiv, P-260-1_Basel_1906	Basel
Gysin-Oberer	Ad.	Spenglermeister	Mattweg 43	Basel	3491	1906	77	telefonbuch_079	PTT-Archiv, P-260-1_Basel_1906	Basel
Gysin	Rudolf		Steinenthorst. 14	Basel	2271	1906	77	telefonbuch_079	PTT-Archiv, P-260-1_Basel_1906	Basel
Gysin-Savary	Fr.		Birsigstrasse 102	Basel	368	1906	77	telefonbuch_079	PTT-Archiv, P-260-1_Basel_1906	Basel
Gysin-Schäublin	G.	Dienstmänneranstalt	Bäumleingasse 13	Basel	1729	1906	77	telefonbuch_079	PTT-Archiv, P-260-1_Basel_1906	Basel
Gysin & Co.		Schuhwaren en gros	Elisabethenstr. 41	Basel	2009	1906	77	telefonbuch_079	PTT-Archiv, P-260-1_Basel_1906	Basel
Gysin & Maisenhölder		C. Keckeis Nachfolger	Clarahofweg 5	Basel	3630	1906	77	telefonbuch_079	PTT-Archiv, P-260-1_Basel_1906	Basel
Haag	Fritz	Schmiedmeister	St. Albanvorstadt 76	Basel	812	1906	77	telefonbuch_079	PTT-Archiv, P-260-1_Basel_1906	Basel
Haag-Höhn	L.		Nauenstrasse 39	Basel	2149	1906	77	telefonbuch_079	PTT-Archiv, P-260-1_Basel_1906	Basel
Haagen		Dr.	Langegasse 37	Basel	1082	1906	77	telefonbuch_079	PTT-Archiv, P-260-1_Basel_1906	Basel
Haas	Anton		Gartenstrasse 60	Basel	195	1906	77	telefonbuch_079	PTT-Archiv, P-260-1_Basel_1906	Basel
Haas		Gebrüder	Leimenstrasse 24	Basel	2833	1906	77	telefonbuch_079	PTT-Archiv, P-260-1_Basel_1906	Basel
Haas-Moch		Wwe.	Petersgraben 73	Basel	2596	1906	77	telefonbuch_079	PTT-Archiv, P-260-1_Basel_1906	Basel
Haas	Otto	Installationsgeschäft	Bahnhofstrasse 7	Basel	1012	1906	77	telefonbuch_079	PTT-Archiv, P-260-1_Basel_1906	Basel
Haas’sche Schriftgiesserei		Inh. M. Krayer & Cie.	Holbeinstrasse 35	Basel	3055	1906	77	telefonbuch_079	PTT-Archiv, P-260-1_Basel_1906	Basel
Haasenstein & Vogler		(L. Treu), Bureau	Gerbergasse 38	Basel	3065	1906	77	telefonbuch_079	PTT-Archiv, P-260-1_Basel_1906	Basel
Haasenstein & Vogler	(L. Treu)	Wohnung	Maiengasse 64	Basel	1467	1906	77	telefonbuch_079	PTT-Archiv, P-260-1_Basel_1906	Basel
Haass	Th.	(Wohnung)	Spalenberg 53	Basel	3821	1906	77	telefonbuch_079	PTT-Archiv, P-260-1_Basel_1906	Basel
Habé-Ott	Jos.	Restaurateur	Dornacherstr. 113	Basel	2257	1906	77	telefonbuch_079	PTT-Archiv, P-260-1_Basel_1906	Basel
Haberbusch	Joh.		Ochsengasse 9	Basel	1580	1906	77	telefonbuch_079	PTT-Archiv, P-260-1_Basel_1906	Basel
Haberthür-Rogenmoser	A.	Wirt	Spalenberg 21	Basel	2360	1906	77	telefonbuch_079	PTT-Archiv, P-260-1_Basel_1906	Basel
Haberthür	Seb.	Gypsermeister	Frobenstrasse 10	Basel	2454	1906	77	telefonbuch_079	PTT-Archiv, P-260-1_Basel_1906	Basel
Habisreitinger	Wilh.	Schweinehändler	St. Johannsplatz 27	Basel	1629	1906	77	telefonbuch_079	PTT-Archiv, P-260-1_Basel_1906	Basel
Häfelfinger-Baumgartner	Hans		Rütimeyerstrasse 7	Basel	3856	1906	77	telefonbuch_079	PTT-Archiv, P-260-1_Basel_1906	Basel
Haefelfinger-Urech	A.	Frau	Friedensgasse 72	Basel	1446	1906	77	telefonbuch_079	PTT-Archiv, P-260-1_Basel_1906	Basel
Haefely	Emil	(Fabrik)	Laufenstrasse 5	Basel	4510	1906	77	telefonbuch_079	PTT-Archiv, P-260-1_Basel_1906	Basel
Haefely	Emil	(Wohnung)	Pilgerstrasse 29	Basel	4525	1906	77	telefonbuch_079	PTT-Archiv, P-260-1_Basel_1906	Basel
Haefliger	Kaspar	Metzger	Hüningerstrasse 82	Basel	3415	1906	77	telefonbuch_079	PTT-Archiv, P-260-1_Basel_1906	Basel
Hägi-Huber	J.		Amerbachstrasse 66	Basel	730	1906	77	telefonbuch_079	PTT-Archiv, P-260-1_Basel_1906	Basel
Haering & Merz		Farbengeschäft	Klybeckstrasse 63	Basel	3388	1906	77	telefonbuch_079	PTT-Archiv, P-260-1_Basel_1906	Basel
Haerle-Metzler	Wilh.		Rheinschanze 12	Basel	1715	1906	77	telefonbuch_079	PTT-Archiv, P-260-1_Basel_1906	Basel
Haerle, Simonius, Strohl & Cie.			Nadelberg 24	Basel	2695	1906	77	telefonbuch_079	PTT-Archiv, P-260-1_Basel_1906	Basel
Hagenbach-Bischoff	Ed.	Prof. Dr.	Missionsstrasse 20	Basel	2631	1906	77	telefonbuch_079	PTT-Archiv, P-260-1_Basel_1906	Basel
Hagenbach-Burckhardt	E.	Prof. Dr.	Leimenstrasse 12	Basel	2826	1906	77	telefonbuch_079	PTT-Archiv, P-260-1_Basel_1906	Basel
Hagenbach	Ernst	Dr., Arzt	Schützenmattstr. 15	Basel	4461	1906	77	telefonbuch_079	PTT-Archiv, P-260-1_Basel_1906	Basel
Hagenbach	Karl	Dr.	Steinengraben 75	Basel	2560	1906	77	telefonbuch_079	PTT-Archiv, P-260-1_Basel_1906	Basel
Hagenbach - Von der Mühll	Hans	Dr.	Petersgraben 27	Basel	282	1906	77	telefonbuch_079	PTT-Archiv, P-260-1_Basel_1906	Basel
Hagens-Wölfflin	B. F.		Elisabethenstr. 38	Basel	2398	1906	78	telefonbuch_080	PTT-Archiv, P-260-1_Basel_1906	Basel
Hägler-à Wengen	Adolf	Dr.	Peter Merianstr. 23	Basel	2263	1906	78	telefonbuch_080	PTT-Archiv, P-260-1_Basel_1906	Basel
Hägler-Gutzwiller	Adolf	Dr.	Elisabethenanlage 43	Basel	2240	1906	78	telefonbuch_080	PTT-Archiv, P-260-1_Basel_1906	Basel
Haegler-Passavant	C.	Prof.	Petersgraben 1a	Basel	1542	1906	78	telefonbuch_080	PTT-Archiv, P-260-1_Basel_1906	Basel
Haegler-Passavant	C.	Klinik und Sprechstunde	Petersgraben 11	Basel	1702	1906	78	telefonbuch_080	PTT-Archiv, P-260-1_Basel_1906	Basel
Hahn-Schmidter	Daniel		Hagenthalerstr. 45	Basel	4221	1906	78	telefonbuch_080	PTT-Archiv, P-260-1_Basel_1906	Basel
Halff	J.	& Co.	Hutgasse 15	Basel	2789	1906	78	telefonbuch_080	PTT-Archiv, P-260-1_Basel_1906	Basel
Hallauer	O.	Dr. med.	Spalenring 147	Basel	2916	1906	78	telefonbuch_080	PTT-Archiv, P-260-1_Basel_1906	Basel
Haller-Bolliger	J.	Mineralwasserfabrik	Hegenheimerstr. 135	Basel	1138	1906	78	telefonbuch_080	PTT-Archiv, P-260-1_Basel_1906	Basel
Haller	Otto		Feierabendstr. 69	Basel	2881	1906	78	telefonbuch_080	PTT-Archiv, P-260-1_Basel_1906	Basel
Haller	V.	Söhne	Engelgasse 93	Basel	3972	1906	78	telefonbuch_080	PTT-Archiv, P-260-1_Basel_1906	Basel
Haller-Willig	J.	Fuhrhalter	Güterstrasse 97	Basel	398	1906	78	telefonbuch_080	PTT-Archiv, P-260-1_Basel_1906	Basel
Hamburg-Amerika-Linie		(Bronner & Co.)	Nauenstrasse 1	Basel	2877	1906	78	telefonbuch_080	PTT-Archiv, P-260-1_Basel_1906	Basel
Hammond Typewriter			Aeschenvorstadt 51	Basel	346	1906	78	telefonbuch_080	PTT-Archiv, P-260-1_Basel_1906	Basel
Handelsbank		Basler	Freiestrasse 96	Basel	1962	1906	78	telefonbuch_080	PTT-Archiv, P-260-1_Basel_1906	Basel
Handelsbank		Basler	Freiestrasse 96	Basel	1955	1906	78	telefonbuch_080	PTT-Archiv, P-260-1_Basel_1906	Basel
Handelsbank		Basler	Freiestrasse 96	Basel	103	1906	78	telefonbuch_080	PTT-Archiv, P-260-1_Basel_1906	Basel
Handelsbank		Basler	Freiestrasse 96	Basel	104	1906	78	telefonbuch_080	PTT-Archiv, P-260-1_Basel_1906	Basel
Handelsbank		Basler, Börse	Postgebäude	Basel	3152	1906	78	telefonbuch_080	PTT-Archiv, P-260-1_Basel_1906	Basel
Handelsbank		Basler, Börse	Postgebäude	Basel	3186	1906	78	telefonbuch_080	PTT-Archiv, P-260-1_Basel_1906	Basel
Handelsbank		Basler, Börse	Postgebäude	Basel	102	1906	78	telefonbuch_080	PTT-Archiv, P-260-1_Basel_1906	Basel
Handelsbank		Basler, Wechselstube	Freiestrasse 90	Basel	1995	1906	78	telefonbuch_080	PTT-Archiv, P-260-1_Basel_1906	Basel
Handelskammer Basel			Gerbergasse 93	Basel	2029	1906	78	telefonbuch_080	PTT-Archiv, P-260-1_Basel_1906	Basel
Handelsregister		Domhof	Münsterplatz 12	Basel	1766	1906	78	telefonbuch_080	PTT-Archiv, P-260-1_Basel_1906	Basel
Handelsschule			Kohlenberg 13	Basel	2488	1906	78	telefonbuch_080	PTT-Archiv, P-260-1_Basel_1906	Basel
Handelszeitung		Neue Basler	Marktgasse 18	Basel	2131	1906	78	telefonbuch_080	PTT-Archiv, P-260-1_Basel_1906	Basel
Handmann	Rud.	Pfarrer	Langegasse 21	Basel	3873	1906	78	telefonbuch_080	PTT-Archiv, P-260-1_Basel_1906	Basel
Handschin	Walter	Dr., Arzt	Austrasse 108	Basel	4234	1906	78	telefonbuch_080	PTT-Archiv, P-260-1_Basel_1906	Basel
Handschin	J.	Armaturenfabrik	Dornacherstrasse 146	Basel	3764	1906	78	telefonbuch_080	PTT-Archiv, P-260-1_Basel_1906	Basel
Handschin-Stohler	Hans		Hutgasse 2	Basel	3748	1906	78	telefonbuch_080	PTT-Archiv, P-260-1_Basel_1906	Basel
Handwerkerbank Basel			St. Albangraben 1	Basel	2020	1906	78	telefonbuch_080	PTT-Archiv, P-260-1_Basel_1906	Basel
Handwerkerbank Basel		Filiale	Untere Rebgasse 5	Basel	1256	1906	78	telefonbuch_080	PTT-Archiv, P-260-1_Basel_1906	Basel
Handwerker- und Gewerbeverein			Schnabelgasse 4	Basel	840	1906	78	telefonbuch_080	PTT-Archiv, P-260-1_Basel_1906	Basel
Hartmann	H.		Spalenring 42	Basel	876	1906	78	telefonbuch_080	PTT-Archiv, P-260-1_Basel_1906	Basel
Hartmann	Hch.	Schreiner	Leonhardsgraben 16	Basel	2898	1906	78	telefonbuch_080	PTT-Archiv, P-260-1_Basel_1906	Basel
Hartmann	L.		Mittlerestrasse 115	Basel	880	1906	78	telefonbuch_080	PTT-Archiv, P-260-1_Basel_1906	Basel
Hartmann-Loosli	G.	Schinkengeschäft	Schnabelgasse 6	Basel	273	1906	78	telefonbuch_080	PTT-Archiv, P-260-1_Basel_1906	Basel
Hartmann	Oskar		Barfüsserplatz 22	Basel	4534	1906	78	telefonbuch_080	PTT-Archiv, P-260-1_Basel_1906	Basel
Hartmann-Rehm	H.		Elsässerstrasse 138	Basel	238	1906	78	telefonbuch_080	PTT-Archiv, P-260-1_Basel_1906	Basel
Hartmann-Rey	Dl.	Wirt	Hegenheimerstr. 14	Basel	860	1906	78	telefonbuch_080	PTT-Archiv, P-260-1_Basel_1906	Basel
Hartmann-Schaffner	Friedr.		Lichtstrasse 27	Basel	2791	1906	78	telefonbuch_080	PTT-Archiv, P-260-1_Basel_1906	Basel
Hartmann-Wintsch	Aline	Modes	Freiestrasse 66	Basel	1354	1906	78	telefonbuch_080	PTT-Archiv, P-260-1_Basel_1906	Basel
Hassert	J. D.		Müllheimerstrasse 53	Basel	3241	1906	78	telefonbuch_080	PTT-Archiv, P-260-1_Basel_1906	Basel
Hässig	R.	Flaschenbierhdlg. u. Limonadenfabr.	Elsässerstrasse 13	Basel	3490	1906	78	telefonbuch_080	PTT-Archiv, P-260-1_Basel_1906	Basel
Hatzinger-Helfesrieder	Karl		Clarastrasse 1	Basel	3181	1906	78	telefonbuch_080	PTT-Archiv, P-260-1_Basel_1906	Basel
Haubensack	Friedrich		Sattelgasse 6	Basel	1430	1906	78	telefonbuch_080	PTT-Archiv, P-260-1_Basel_1906	Basel
Haubensack-Springer	E.		Hammerstrasse 76	Basel	3424	1906	78	telefonbuch_080	PTT-Archiv, P-260-1_Basel_1906	Basel
Hauck	M.	Schreinermeister	Türkheimerstr. 75	Basel	981	1906	78	telefonbuch_080	PTT-Archiv, P-260-1_Basel_1906	Basel
Haug	J. F.		Grenzacherstrasse 1	Basel	3446	1906	78	telefonbuch_080	PTT-Archiv, P-260-1_Basel_1906	Basel
Hausbesitzer-Verein			Sattelgasse 6	Basel	950	1906	79	telefonbuch_081	PTT-Archiv, P-260-1_Basel_1906	Basel
Hauser-Amans	Rud.		Burgunderstrasse 44	Basel	2942	1906	79	telefonbuch_081	PTT-Archiv, P-260-1_Basel_1906	Basel
Hauser	Conrad		Austrasse 39	Basel	1792	1906	79	telefonbuch_081	PTT-Archiv, P-260-1_Basel_1906	Basel
Hauser	R.	& Co.	St. Albanvorstadt 12	Basel	1820	1906	79	telefonbuch_081	PTT-Archiv, P-260-1_Basel_1906	Basel
Hauser	Rud. C.		Sevogelstrasse 56	Basel	4108	1906	79	telefonbuch_081	PTT-Archiv, P-260-1_Basel_1906	Basel
Hauser-Schmidlin	Ed.	Hôtel garni	Pfeffingerstrasse 8	Basel	3899	1906	79	telefonbuch_081	PTT-Archiv, P-260-1_Basel_1906	Basel
Hauser-Schüssler	O.	Bäckermeister	Leonhardstrasse 40	Basel	4506	1906	79	telefonbuch_081	PTT-Archiv, P-260-1_Basel_1906	Basel
Hauser-Wohnlich	J.	Wwe.	Feierabendstrasse 15	Basel	3099	1906	79	telefonbuch_081	PTT-Archiv, P-260-1_Basel_1906	Basel
Häusler	Otto	Gärtnermeister	Lehenmattstr. 203	Basel	1020	1906	79	telefonbuch_081	PTT-Archiv, P-260-1_Basel_1906	Basel
Hausmann		Sanitätsgeschäft, A.-G.	Freiestrasse 15	Basel	1486	1906	79	telefonbuch_081	PTT-Archiv, P-260-1_Basel_1906	Basel
Haussmann	M.	Wechselsensal	Güterstrasse 87	Basel	2442	1906	79	telefonbuch_081	PTT-Archiv, P-260-1_Basel_1906	Basel
Hechinger	Hedwig	Frau, Restaurant	Spalenring 170	Basel	998	1906	79	telefonbuch_081	PTT-Archiv, P-260-1_Basel_1906	Basel
Heck-Gasser	J. A.	Metzger	Klingenthalstr. 81	Basel	3308	1906	79	telefonbuch_081	PTT-Archiv, P-260-1_Basel_1906	Basel
Heck-Gasser	J. A.		Hutgasse 21	Basel	1933	1906	79	telefonbuch_081	PTT-Archiv, P-260-1_Basel_1906	Basel
Heckendorn-Läuger	Alb.	Spenglermeister	Gempenstrasse 8	Basel	3904	1906	79	telefonbuch_081	PTT-Archiv, P-260-1_Basel_1906	Basel
Hediger	A.	Cigarrenhandlung	Steinenvorstadt 73	Basel	2519	1906	79	telefonbuch_081	PTT-Archiv, P-260-1_Basel_1906	Basel
Hediger-Knecht	W.		Allschwilerstrasse 8	Basel	2810	1906	79	telefonbuch_081	PTT-Archiv, P-260-1_Basel_1906	Basel
Hediger	Rudolf		Schützenmattstr. 81	Basel		1906	79	telefonbuch_081	PTT-Archiv, P-260-1_Basel_1906	Basel
Hediger & Co.			Claragraben 54	Basel	3715	1906	79	telefonbuch_081	PTT-Archiv, P-260-1_Basel_1906	Basel
Hediger & Co.		Güterbahnhof	Bad. Bahnhof	Basel	4421	1906	79	telefonbuch_081	PTT-Archiv, P-260-1_Basel_1906	Basel
Hediger-Trueb	Alfred		Burgunderstrasse 25	Basel	3716	1906	79	telefonbuch_081	PTT-Archiv, P-260-1_Basel_1906	Basel
Hedinger-Benz	E.		Spalenvorstadt 12	Basel	2623	1906	79	telefonbuch_081	PTT-Archiv, P-260-1_Basel_1906	Basel
Hedinger-Benz	E.		Steinengraben 28	Basel	3024	1906	79	telefonbuch_081	PTT-Archiv, P-260-1_Basel_1906	Basel
Heer	Emil	Hutmacher	Gerbergasse 41	Basel	2187	1906	79	telefonbuch_081	PTT-Archiv, P-260-1_Basel_1906	Basel
Heer	Emil	Wohnung	Neubadstrasse 23	Basel	913	1906	79	telefonbuch_081	PTT-Archiv, P-260-1_Basel_1906	Basel
Heer	Jakob	Malermeister	Spalenring 160	Basel	202	1906	79	telefonbuch_081	PTT-Archiv, P-260-1_Basel_1906	Basel
Heer-Koch	A.	Wwe.	Austrasse 79	Basel	995	1906	79	telefonbuch_081	PTT-Archiv, P-260-1_Basel_1906	Basel
Hegar	O.	Flügel- und Pianolager	Bäumleingasse 7	Basel	1741	1906	79	telefonbuch_081	PTT-Archiv, P-260-1_Basel_1906	Basel
Hegar	Robert	Musikalienhandlung	Steinenberg 3	Basel	1072	1906	79	telefonbuch_081	PTT-Archiv, P-260-1_Basel_1906	Basel
Heierle	K.	Buchbinderei	Freiestrasse 65	Basel	1959	1906	79	telefonbuch_081	PTT-Archiv, P-260-1_Basel_1906	Basel
Heilsarmee			Mörsbergerstrasse 44	Basel	3918	1906	79	telefonbuch_081	PTT-Archiv, P-260-1_Basel_1906	Basel
Heimberger	Fr.	Nähmaschinen und Fahrräder	Hammerstrasse 101	Basel	153	1906	79	telefonbuch_081	PTT-Archiv, P-260-1_Basel_1906	Basel
Heimburger	Chs.	Carrossier	Spitalstrasse 26	Basel	1523	1906	79	telefonbuch_081	PTT-Archiv, P-260-1_Basel_1906	Basel
Heimerdinger-Bohny	O.		Florastrasse 21	Basel	1224	1906	79	telefonbuch_081	PTT-Archiv, P-260-1_Basel_1906	Basel
Heimpel	H. O.		Steinengraben 41	Basel	3237	1906	79	telefonbuch_081	PTT-Archiv, P-260-1_Basel_1906	Basel
Hein	P.	Fleuriste	Spalenvorstadt 29	Basel	1653	1906	79	telefonbuch_081	PTT-Archiv, P-260-1_Basel_1906	Basel
Heiniger-Tschirren	Fritz		Schauenburgerstr. 24	Basel	1158	1906	79	telefonbuch_081	PTT-Archiv, P-260-1_Basel_1906	Basel
Heinz	Jak.	Schlossermeister	St. Johannring 130	Basel	1449	1906	79	telefonbuch_081	PTT-Archiv, P-260-1_Basel_1906	Basel
Heinzelmann	Andreas		Ob. Rebgasse 29	Basel	340	1906	79	telefonbuch_081	PTT-Archiv, P-260-1_Basel_1906	Basel
Heinzelmann-Mory	O.	zur Kronenhalle	Centralbahnplatz 10	Basel	1795	1906	79	telefonbuch_081	PTT-Archiv, P-260-1_Basel_1906	Basel
Heitz	Carl	mech. Drechslerei	Untere Rebgasse 8	Basel	1253	1906	79	telefonbuch_081	PTT-Archiv, P-260-1_Basel_1906	Basel
Heitz		Geschwister, Nachf. v. Gustav Heitz Wwe.	Freiestrasse 117	Basel	1893	1906	79	telefonbuch_081	PTT-Archiv, P-260-1_Basel_1906	Basel
Heitz	Louis	Handelsgärtner, Blumenladen	Freiestrasse 62	Basel	2403	1906	79	telefonbuch_081	PTT-Archiv, P-260-1_Basel_1906	Basel
Heitz	Louis	siehe unter „Kleinhüningen“		Basel	3334	1906	79	telefonbuch_081	PTT-Archiv, P-260-1_Basel_1906	Basel
Helbing & Lichtenhahn		vorm. Reich-Detloff	Freiestrasse 40	Basel	1551	1906	79	telefonbuch_081	PTT-Archiv, P-260-1_Basel_1906	Basel
Helfenberger	H.	Modes	Steinenberg 3	Basel	723	1906	79	telefonbuch_081	PTT-Archiv, P-260-1_Basel_1906	Basel
Helfenberger	Ida		Freiestrasse 72	Basel	376	1906	79	telefonbuch_081	PTT-Archiv, P-260-1_Basel_1906	Basel
Helfenberger & Co.		Colonialwaren	Margarethenstr. 89	Basel	2025	1906	80	telefonbuch_082	PTT-Archiv, P-260-1_Basel_1906	Basel
Helfenberger & Co.		Weinhandlung	Feierabendstrasse 51	Basel	4452	1906	80	telefonbuch_082	PTT-Archiv, P-260-1_Basel_1906	Basel
Helmerking	E.	Comestibles	Schneidergasse 4	Basel	1457	1906	80	telefonbuch_082	PTT-Archiv, P-260-1_Basel_1906	Basel
Hemann	Erwin	Architekt	Sempacherstrasse 38	Basel	2903	1906	80	telefonbuch_082	PTT-Archiv, P-260-1_Basel_1906	Basel
Heman	Fritz	Dr., Advokaturbureau	Streitgasse 5	Basel	4526	1906	80	telefonbuch_082	PTT-Archiv, P-260-1_Basel_1906	Basel
Hemmer-Ruf	Karl		Matthäusstrasse 7	Basel	722	1906	80	telefonbuch_082	PTT-Archiv, P-260-1_Basel_1906	Basel
Hengelhaupt	O. R.	Hôtel Simon	Spalenvorstadt 5	Basel	2717	1906	80	telefonbuch_082	PTT-Archiv, P-260-1_Basel_1906	Basel
Henrici-Veillard	C.		Austrasse 25	Basel	3052	1906	80	telefonbuch_082	PTT-Archiv, P-260-1_Basel_1906	Basel
Hensel	Jean	Basler Margarin-Talgschmelze	Immengasse 15	Basel	3429	1906	80	telefonbuch_082	PTT-Archiv, P-260-1_Basel_1906	Basel
von Herff	O.	Prof. Dr.	Maiengasse 62	Basel	3755	1906	80	telefonbuch_082	PTT-Archiv, P-260-1_Basel_1906	Basel
Hermann	C.	Apotheker	Centralbahnplatz 13	Basel	2274	1906	80	telefonbuch_082	PTT-Archiv, P-260-1_Basel_1906	Basel
Hertach	Jb.	Spenglermeister	Hochstrasse 54	Basel	3969	1906	80	telefonbuch_082	PTT-Archiv, P-260-1_Basel_1906	Basel
Hertenstein-Wittich	W.	Metzger	Greifengasse 26	Basel	1164	1906	80	telefonbuch_082	PTT-Archiv, P-260-1_Basel_1906	Basel
Herter-Gutjahr	H.	Traiteur	Schweizergasse 49	Basel	2991	1906	80	telefonbuch_082	PTT-Archiv, P-260-1_Basel_1906	Basel
von Herzer-Dollfus	E.		Peter Merianstr. 38	Basel	3865	1906	80	telefonbuch_082	PTT-Archiv, P-260-1_Basel_1906	Basel
Herzog-Miville	Marie	Frau	Feierabendstrasse 70	Basel	2854	1906	80	telefonbuch_082	PTT-Archiv, P-260-1_Basel_1906	Basel
Herzog-Wick	Aug.		Birmannsgasse 24	Basel	3622	1906	80	telefonbuch_082	PTT-Archiv, P-260-1_Basel_1906	Basel
Hess-Amiet	Carl Fr.		Friedensgasse 19	Basel	4007	1906	80	telefonbuch_082	PTT-Archiv, P-260-1_Basel_1906	Basel
Hess-Brombacher	Hch.		Drahtzugstrasse 61	Basel	365	1906	80	telefonbuch_082	PTT-Archiv, P-260-1_Basel_1906	Basel
Hess		frères	Marktplatz 16	Basel	1571	1906	80	telefonbuch_082	PTT-Archiv, P-260-1_Basel_1906	Basel
Hess	Jean		Claragraben 60	Basel	2415	1906	80	telefonbuch_082	PTT-Archiv, P-260-1_Basel_1906	Basel
Hess-Ruf	Emanuel		Leimenstrasse 21	Basel	2693	1906	80	telefonbuch_082	PTT-Archiv, P-260-1_Basel_1906	Basel
Hess-Wolf	A.		Socinstrasse 37	Basel	247	1906	80	telefonbuch_082	PTT-Archiv, P-260-1_Basel_1906	Basel
Hetzel-Hetzel	E.	Frau	Austrasse 23	Basel	4187	1906	80	telefonbuch_082	PTT-Archiv, P-260-1_Basel_1906	Basel
Heusler-Bischoff	R.		Hirzbodenweg 84	Basel	3583	1906	80	telefonbuch_082	PTT-Archiv, P-260-1_Basel_1906	Basel
Heusler-Christ	D.	Derselbe siehe unter „Riehen“	St. Albangraben 8	Basel	1785	1906	80	telefonbuch_082	PTT-Archiv, P-260-1_Basel_1906	Basel
Heusler-Veillon	R.		Peter Merianstr. 23	Basel	3869	1906	80	telefonbuch_082	PTT-Archiv, P-260-1_Basel_1906	Basel
Heusler-Vonder Mühll	Wilh.		St. Albanvorstadt 36	Basel	1850	1906	80	telefonbuch_082	PTT-Archiv, P-260-1_Basel_1906	Basel
Heusser	Emil	Holzhandlung	Mittlerestrasse 102	Basel	133	1906	80	telefonbuch_082	PTT-Archiv, P-260-1_Basel_1906	Basel
Heymann, R., & Co.		Commission u. Exportation	Aeschenvorstadt 5	Basel	2535	1906	80	telefonbuch_082	PTT-Archiv, P-260-1_Basel_1906	Basel
Heymann, R., & Co.			Holbeinstrasse 63	Basel	3723	1906	80	telefonbuch_082	PTT-Archiv, P-260-1_Basel_1906	Basel
Hibbert	Robert	Bureau	Margarethenstr. 29	Basel	1742	1906	80	telefonbuch_082	PTT-Archiv, P-260-1_Basel_1906	Basel
Hibbert	Robert	Maschinenausstellung	St. Johannvorst. 16	Basel	407	1906	80	telefonbuch_082	PTT-Archiv, P-260-1_Basel_1906	Basel
Hilberg	J.	Schuhhandlung	Claragraben 78	Basel	1182	1906	80	telefonbuch_082	PTT-Archiv, P-260-1_Basel_1906	Basel
Hiller	J. J.	Bäcker	Kleinhüningerstr. 197	Basel	3344	1906	80	telefonbuch_082	PTT-Archiv, P-260-1_Basel_1906	Basel
Himmely	Jacques	junior	Rothbergerstrasse 25	Basel	2964	1906	80	telefonbuch_082	PTT-Archiv, P-260-1_Basel_1906	Basel
Hinden-Jäggi	Joh.	Wirt	Grenzacherstr. 60	Basel	181	1906	80	telefonbuch_082	PTT-Archiv, P-260-1_Basel_1906	Basel
Hindenlang-Völlmy	E.	Küfermeister	Utengasse 12	Basel	32	1906	80	telefonbuch_082	PTT-Archiv, P-260-1_Basel_1906	Basel
Hindermann	Emanuel	Lithographie	Friedensgasse 52	Basel	2005	1906	80	telefonbuch_082	PTT-Archiv, P-260-1_Basel_1906	Basel
Hindermann-Kessler	Flora	Eier- u. Butterhdlg.	Spalenberg 4	Basel	1414	1906	80	telefonbuch_082	PTT-Archiv, P-260-1_Basel_1906	Basel
Hindermann	Max		Laufenstrasse 13	Basel	3864	1906	80	telefonbuch_082	PTT-Archiv, P-260-1_Basel_1906	Basel
Hindermann	R.	mech. Wagnerei	Mörsbergerstrasse 4	Basel	37	1906	80	telefonbuch_082	PTT-Archiv, P-260-1_Basel_1906	Basel
Hinlein	Adolf		Gerbergasse 36	Basel	3058	1906	80	telefonbuch_082	PTT-Archiv, P-260-1_Basel_1906	Basel
Hintermann-Braig	S. Ad.	Kaminfegermeister	Sperrstrasse 87	Basel	3522	1906	80	telefonbuch_082	PTT-Archiv, P-260-1_Basel_1906	Basel
Hipp	Karl	Baugesch., vorm. R. Friedrich & Co.	Hardtstrasse 92	Basel	3783	1906	80	telefonbuch_082	PTT-Archiv, P-260-1_Basel_1906	Basel
Hipp-Jecker	Karl	Baumeister	Grellingerstrasse 57	Basel	3577	1906	80	telefonbuch_082	PTT-Archiv, P-260-1_Basel_1906	Basel
Hirzel-Brunner	Rob.		Ob. Rheingasse 5	Basel	1294	1906	80	telefonbuch_082	PTT-Archiv, P-260-1_Basel_1906	Basel
His-Bell	Ernst	Ingenieur	Arnold Böcklinstr. 46	Basel	4438	1906	80	telefonbuch_082	PTT-Archiv, P-260-1_Basel_1906	Basel
His-Burckhardt	Frau E.	Dieselbe, siehe unter „Riehen“	Petersplatz 13	Basel	1529	1906	81	telefonbuch_083	PTT-Archiv, P-260-1_Basel_1906	Basel
His, Imboden & Co.			Kirschgartenstr. 12	Basel	2388	1906	81	telefonbuch_083	PTT-Archiv, P-260-1_Basel_1906	Basel
His	Wilhelm	Prof. Dr.	Bundesstrasse 19	Basel	279	1906	81	telefonbuch_083	PTT-Archiv, P-260-1_Basel_1906	Basel
His-Schlumberger	Ed.		Engelgasse 83	Basel	3692	1906	81	telefonbuch_083	PTT-Archiv, P-260-1_Basel_1906	Basel
His-Veillon	Albert		Gartenstrasse 5	Basel	1927	1906	81	telefonbuch_083	PTT-Archiv, P-260-1_Basel_1906	Basel
Hiss	J.	Bäckermeister	Solothurnerstr. 31	Basel	3642	1906	81	telefonbuch_083	PTT-Archiv, P-260-1_Basel_1906	Basel
Historisches Museum		(Verwaltung)	Steinenberg 4	Basel	2346	1906	81	telefonbuch_083	PTT-Archiv, P-260-1_Basel_1906	Basel
Hobelwerk Steinmann			St. Johannring 133	Basel	4412	1906	81	telefonbuch_083	PTT-Archiv, P-260-1_Basel_1906	Basel
Hoch		siehe Seidenhaus Hoch	Stadthausgasse 24	Basel	2117	1906	81	telefonbuch_083	PTT-Archiv, P-260-1_Basel_1906	Basel
Höchli	Gottfried	Baumeister	Belchenstrasse 4	Basel	2805	1906	81	telefonbuch_083	PTT-Archiv, P-260-1_Basel_1906	Basel
Höchstetter	N.		Eulerstrasse 50	Basel	1681	1906	81	telefonbuch_083	PTT-Archiv, P-260-1_Basel_1906	Basel
Hockenjos	H. jr.		Birsigstrasse 109	Basel	3248	1906	81	telefonbuch_083	PTT-Archiv, P-260-1_Basel_1906	Basel
Hockenjos-Kaufmann	Hch.		Byfangweg 31	Basel	3051	1906	81	telefonbuch_083	PTT-Archiv, P-260-1_Basel_1906	Basel
Hodel	F.		Eulerstrasse 44	Basel	2925	1906	81	telefonbuch_083	PTT-Archiv, P-260-1_Basel_1906	Basel
Hofer	A.	& Co.	Dornacherstrasse 15	Basel	4015	1906	81	telefonbuch_083	PTT-Archiv, P-260-1_Basel_1906	Basel
Hofer	Gebr.	Hôtel Drei Könige	Blumenrain 8	Basel	1328	1906	81	telefonbuch_083	PTT-Archiv, P-260-1_Basel_1906	Basel
Hofer-Seiffert	C.		Margarethenstr. 67	Basel	3840	1906	81	telefonbuch_083	PTT-Archiv, P-260-1_Basel_1906	Basel
Hœferlin-Heiz	Wwe. E.	Metzgerei	Rappoltshof 17	Basel	3445	1906	81	telefonbuch_083	PTT-Archiv, P-260-1_Basel_1906	Basel
Höfflin	Christian	Metzger	Rudolfstrasse 27	Basel	2812	1906	81	telefonbuch_083	PTT-Archiv, P-260-1_Basel_1906	Basel
Hoffmann	A.	Dr. med.	Dufourstrasse 23	Basel	1834	1906	81	telefonbuch_083	PTT-Archiv, P-260-1_Basel_1906	Basel
Hoffmann	Albert A.		Hirzbodenweg 89	Basel	4258	1906	81	telefonbuch_083	PTT-Archiv, P-260-1_Basel_1906	Basel
Hoffmann	Aug.	Blumenbinderei	Petersgasse 50	Basel	1554	1906	81	telefonbuch_083	PTT-Archiv, P-260-1_Basel_1906	Basel
Hoffmann-Bachmann	E.	Conditor	Spalenvorstadt 39	Basel	2703	1906	81	telefonbuch_083	PTT-Archiv, P-260-1_Basel_1906	Basel
Hoffmann-Burckhardt	Frau A.	Bureau	Rittergasse 21	Basel	1053	1906	81	telefonbuch_083	PTT-Archiv, P-260-1_Basel_1906	Basel
Hoffmann-Burckhardt	Frau A.	Wohnung	Rittergasse 21	Basel	1047	1906	81	telefonbuch_083	PTT-Archiv, P-260-1_Basel_1906	Basel
Hoffmann-Burckhardt	Frau A.	Solitude	Grenzacherstr. 206	Basel	3225	1906	81	telefonbuch_083	PTT-Archiv, P-260-1_Basel_1906	Basel
Hoffmann-Burckhardt	Frau A.	Kleine Solitude	Grenzacherstr. 186	Basel	3226	1906	81	telefonbuch_083	PTT-Archiv, P-260-1_Basel_1906	Basel
Hoffmann-Burckhardt	Frau A.	Gärtnerwohnung	Grenzacherstr. 258	Basel	3335	1906	81	telefonbuch_083	PTT-Archiv, P-260-1_Basel_1906	Basel
Hoffmann	Karl R.	Dr., Kinderarzt	St. Albanvorstadt 102	Basel	842	1906	81	telefonbuch_083	PTT-Archiv, P-260-1_Basel_1906	Basel
Hoffmann-Eglin	Wwe. Kath.		St. Albanvorstadt 12	Basel	1794	1906	81	telefonbuch_083	PTT-Archiv, P-260-1_Basel_1906	Basel
Hoffmann-Fleiner	E.		Kapellenstrasse 30	Basel	1811	1906	81	telefonbuch_083	PTT-Archiv, P-260-1_Basel_1906	Basel
Hoffmann	Fritz	Privat	Grenzacherstr. 184	Basel	2502	1906	81	telefonbuch_083	PTT-Archiv, P-260-1_Basel_1906	Basel
Hoffmann-Krayer	E.	Prof. Dr.	Hirzbodenweg 91	Basel	3693	1906	81	telefonbuch_083	PTT-Archiv, P-260-1_Basel_1906	Basel
Hoffmann-LaRoche	F.		St. Jakobstrasse 86	Basel	4059	1906	81	telefonbuch_083	PTT-Archiv, P-260-1_Basel_1906	Basel
Hoffmann-LaRoche	F.	Stallung	Brunngässlein 7	Basel	3648	1906	81	telefonbuch_083	PTT-Archiv, P-260-1_Basel_1906	Basel
Hoffmann-LaRoche	F.	& Co., chem. Fabrik	Grenzacherstr. 184	Basel	3195	1906	81	telefonbuch_083	PTT-Archiv, P-260-1_Basel_1906	Basel
Hoffmann-Merian	Wwe E.		St. Albananlage 27	Basel	4283	1906	81	telefonbuch_083	PTT-Archiv, P-260-1_Basel_1906	Basel
Hoffmann-Preiswerk	Hans		Schaffh.-Rheinweg 79	Basel	3182	1906	81	telefonbuch_083	PTT-Archiv, P-260-1_Basel_1906	Basel
Hoffmann	Robert		Ob. Rebgasse 17	Basel	3610	1906	81	telefonbuch_083	PTT-Archiv, P-260-1_Basel_1906	Basel
Hoffmann	Rosalie		Holbeinstrasse 40	Basel	2986	1906	81	telefonbuch_083	PTT-Archiv, P-260-1_Basel_1906	Basel
Hoffmann	Th.	Photograph	Clarastrasse 36	Basel	3718	1906	81	telefonbuch_083	PTT-Archiv, P-260-1_Basel_1906	Basel
Hoefler-Harbrecht	H.	Wirt	Hammerstrasse 108	Basel	1101	1906	81	telefonbuch_083	PTT-Archiv, P-260-1_Basel_1906	Basel
Höflinger	August	Photograph	Blumenrain 32	Basel	1333	1906	81	telefonbuch_083	PTT-Archiv, P-260-1_Basel_1906	Basel
Hofmann	Phil.	Bäckermeister	Feldbergstrasse 30	Basel	1219	1906	81	telefonbuch_083	PTT-Archiv, P-260-1_Basel_1906	Basel
Hofstetter	August	Schreinermeister	Malzgasse 9	Basel	4142	1906	81	telefonbuch_083	PTT-Archiv, P-260-1_Basel_1906	Basel
Höhn-Kramer	Gottl.	Spenglermeister	Drahtzugstrasse 36	Basel	35	1906	81	telefonbuch_083	PTT-Archiv, P-260-1_Basel_1906	Basel
Holbeinapotheke		Dr. E. Katz	Leonhardsstrasse 37	Basel	3011	1906	81	telefonbuch_083	PTT-Archiv, P-260-1_Basel_1906	Basel
Hollenweger	Heinrich		Klybeckstrasse 20	Basel	3352	1906	81	telefonbuch_083	PTT-Archiv, P-260-1_Basel_1906	Basel
Hollstein	Max		Burgweg 35	Basel	1172	1906	82	telefonbuch_084	PTT-Archiv, P-260-1_Basel_1906	Basel
Holzach-Gessler	F.	Dr.	Hardstrasse 105	Basel	3646	1906	82	telefonbuch_084	PTT-Archiv, P-260-1_Basel_1906	Basel
Holzach	Hortense		Freiestrasse 103	Basel	2051	1906	82	telefonbuch_084	PTT-Archiv, P-260-1_Basel_1906	Basel
Holzscheiter	G.	& Co., Laden	Freiestrasse 51	Basel	1784	1906	82	telefonbuch_084	PTT-Archiv, P-260-1_Basel_1906	Basel
Holzscheiter	G.	& Co., Dieselben, Bureau	Bruderholzstr. 31	Basel	2334	1906	82	telefonbuch_084	PTT-Archiv, P-260-1_Basel_1906	Basel
Holzwarth-Bär	Fritz	Baumeister	Mittlerestrasse 134	Basel	172	1906	82	telefonbuch_084	PTT-Archiv, P-260-1_Basel_1906	Basel
Holzwarth-Gränicher	Fr.	Rest. z. Farnsburg	Barfüsserplatz 9	Basel	293	1906	82	telefonbuch_084	PTT-Archiv, P-260-1_Basel_1906	Basel
Holzwarth & Co.			St. Johannring 12	Basel	1504	1906	82	telefonbuch_084	PTT-Archiv, P-260-1_Basel_1906	Basel
Holzwollfabrik Louis Stöcklin		siehe „Binningen“		Basel	3585	1906	82	telefonbuch_084	PTT-Archiv, P-260-1_Basel_1906	Basel
Höner-Rauber	C.		Mostackerstrasse 10	Basel	3183	1906	82	telefonbuch_084	PTT-Archiv, P-260-1_Basel_1906	Basel
Hopf	J.	Bureau	Gartenstrasse 109	Basel	3933	1906	82	telefonbuch_084	PTT-Archiv, P-260-1_Basel_1906	Basel
Hopf-Schnewlin	J.	Wohnung	Murtengasse 11	Basel	2429	1906	82	telefonbuch_084	PTT-Archiv, P-260-1_Basel_1906	Basel
Hörler-Jundt	Fritz	Konditorei	Greifengasse 13	Basel	1230	1906	82	telefonbuch_084	PTT-Archiv, P-260-1_Basel_1906	Basel
Hörler-Kehrer	Th.	Konditor	Barfüsserplatz 18	Basel	2554	1906	82	telefonbuch_084	PTT-Archiv, P-260-1_Basel_1906	Basel
Horner-Merian	Rud.		Byfangweg 7	Basel	78	1906	82	telefonbuch_084	PTT-Archiv, P-260-1_Basel_1906	Basel
Hosch	F.	Buchbindermeister	Luftgässlein 1	Basel	1748	1906	82	telefonbuch_084	PTT-Archiv, P-260-1_Basel_1906	Basel
Hosch-Gessler	C.		Angensteinerstr. 5	Basel	3687	1906	82	telefonbuch_084	PTT-Archiv, P-260-1_Basel_1906	Basel
Hosch-Jacquel		Frau Prof.	Holbeinstrasse 44	Basel	3059	1906	82	telefonbuch_084	PTT-Archiv, P-260-1_Basel_1906	Basel
Hosch-Simonius	Alfred		Rennweg 78	Basel	2776	1906	82	telefonbuch_084	PTT-Archiv, P-260-1_Basel_1906	Basel
Hoesli & Cie.			Horburgstrasse 99	Basel	922	1906	82	telefonbuch_084	PTT-Archiv, P-260-1_Basel_1906	Basel
Hôtel Badischer Hof	K. Bea		Bahnhofstrasse 55	Basel	3310	1906	82	telefonbuch_084	PTT-Archiv, P-260-1_Basel_1906	Basel
Hôtel des Balances	G. Strohl-Schweizer		Gerbergasse 76	Basel	2181	1906	82	telefonbuch_084	PTT-Archiv, P-260-1_Basel_1906	Basel
Hôtel Basler Hof		Ges. d. Kath. Vereinshauses	Clarastrasse 38	Basel	3702	1906	82	telefonbuch_084	PTT-Archiv, P-260-1_Basel_1906	Basel
Hôtel Bauer	H. Bauer-Sturm		Blumenrain 12	Basel	1302	1906	82	telefonbuch_084	PTT-Archiv, P-260-1_Basel_1906	Basel
Hôtel Bayerischer Hof	J. Ch. Goetz		Hammerstrasse 61	Basel	139	1906	82	telefonbuch_084	PTT-Archiv, P-260-1_Basel_1906	Basel
Hôtel Bernerhof & du Parc	Alf. Geilenkirchen		Elisabetheustr. 62	Basel	2247	1906	82	telefonbuch_084	PTT-Archiv, P-260-1_Basel_1906	Basel
Hôtel Blaukreuzhaus	Joh. Hasler	Verwalter	Petersgraben 23	Basel	1577	1906	82	telefonbuch_084	PTT-Archiv, P-260-1_Basel_1906	Basel
Hôtel Blume und Basler Volkshaus			Schwanengasse 4	Basel	1695	1906	82	telefonbuch_084	PTT-Archiv, P-260-1_Basel_1906	Basel
Hôtel Breisgauerhof	R. Rais		Hüningerstrasse 2	Basel	1416	1906	82	telefonbuch_084	PTT-Archiv, P-260-1_Basel_1906	Basel
Hôtel Bristol	K. Fricker		Centralbahnstr. 15	Basel	1002	1906	82	telefonbuch_084	PTT-Archiv, P-260-1_Basel_1906	Basel
Hôtel Central	G. Wehrle		Falknerstrasse 3	Basel	1073	1906	82	telefonbuch_084	PTT-Archiv, P-260-1_Basel_1906	Basel
Hôtel Continental	R. Gehrig		Küchegässlein 15	Basel	2272	1906	82	telefonbuch_084	PTT-Archiv, P-260-1_Basel_1906	Basel
Hôtel de la gare	Schmid-Kopp		Gartenstrasse 117	Basel	3948	1906	82	telefonbuch_084	PTT-Archiv, P-260-1_Basel_1906	Basel
Hôtel Drei Könige	Gebr. Hofer		Blumenrain 8	Basel	1328	1906	82	telefonbuch_084	PTT-Archiv, P-260-1_Basel_1906	Basel
Hôtel Euler	A. Schrämli-Bucher		Centralbahnplatz 14	Basel	2241	1906	82	telefonbuch_084	PTT-Archiv, P-260-1_Basel_1906	Basel
Hôtel Europäischer Hof	P. Tscharner		Steinenvorstadt 75	Basel	2420	1906	82	telefonbuch_084	PTT-Archiv, P-260-1_Basel_1906	Basel
Hôtel Freiburgerhof	E. Gilg-Keller		Ob. Rebgasse 2	Basel	3252	1906	82	telefonbuch_084	PTT-Archiv, P-260-1_Basel_1906	Basel
Hôtel garni	Ed. Hauser		Pfeffingerstrasse 8	Basel	3899	1906	82	telefonbuch_084	PTT-Archiv, P-260-1_Basel_1906	Basel
Hôtel Goldener Hirsch	J. Meier-Trinkler		Bahnhofstrasse 37	Basel	3460	1906	82	telefonbuch_084	PTT-Archiv, P-260-1_Basel_1906	Basel
Hôtel Goldener Stern	Wwe. Kissel		Aeschenvorstadt 44	Basel	2293	1906	82	telefonbuch_084	PTT-Archiv, P-260-1_Basel_1906	Basel
Hôtel Goldenes Lamm	G. Eichin		Obere Rebgasse 16	Basel	1195	1906	82	telefonbuch_084	PTT-Archiv, P-260-1_Basel_1906	Basel
Hôtel Hofer	A. Schirrer		Centralbahnstr. 11	Basel	2278	1906	82	telefonbuch_084	PTT-Archiv, P-260-1_Basel_1906	Basel
Hôtel Jura		Schirrer & Co.	Centralbahnplatz 11	Basel	2246	1906	82	telefonbuch_084	PTT-Archiv, P-260-1_Basel_1906	Basel
Hôtel Krafft	Joh. Steger-Koch		Obere Rheingasse 12	Basel	1186	1906	82	telefonbuch_084	PTT-Archiv, P-260-1_Basel_1906	Basel
Hôtel Metropol & Monopol	L. Bazzell		Barfüsserplatz 3	Basel	2353	1906	82	telefonbuch_084	PTT-Archiv, P-260-1_Basel_1906	Basel
Hôtel National	J. Weidmann		Centralbahnplatz 3	Basel	2231	1906	82	telefonbuch_084	PTT-Archiv, P-260-1_Basel_1906	Basel
Hôtel du Pont	Joh. Meyer		Ob. Rheingasse 8	Basel	3516	1906	82	telefonbuch_084	PTT-Archiv, P-260-1_Basel_1906	Basel
Hôtel Roter Ochsen	Camille Drexler		Ochisengasse 10	Basel	1249	1906	82	telefonbuch_084	PTT-Archiv, P-260-1_Basel_1906	Basel
Hôtel Rütli	F. Disler		Theaterstrasse 24	Basel	2549	1906	82	telefonbuch_084	PTT-Archiv, P-260-1_Basel_1906	Basel
Hotel St. Gotthard-Terminus		(O. Vogt-Gehrig)	Centralbahnstr. 13	Basel	3928	1906	83	telefonbuch_085	PTT-Archiv, P-260-1_Basel_1906	Basel
Hotel Schrieder zum deutschen Hof		(M. Erne)	Bahnhofstrasse 19	Basel	3466	1906	83	telefonbuch_085	PTT-Archiv, P-260-1_Basel_1906	Basel
Hotel Schwarzer Ochsen		(J. Wächter)	Schützenmattstr. 2	Basel	2691	1906	83	telefonbuch_085	PTT-Archiv, P-260-1_Basel_1906	Basel
Hotel Schweizerhof		(E. J. Götzinger)	Centralbahnplatz 1	Basel	2225	1906	83	telefonbuch_085	PTT-Archiv, P-260-1_Basel_1906	Basel
Hotel Simon		(O. R. Hengelhaupt)	Spalenvorstadt 5	Basel	2717	1906	83	telefonbuch_085	PTT-Archiv, P-260-1_Basel_1906	Basel
Hotel Simplon		(Joh. Starkemann)	Güterstrasse 108	Basel	3185	1906	83	telefonbuch_085	PTT-Archiv, P-260-1_Basel_1906	Basel
Hotel Sonne		(E. Baumann)	Obere Rheingasse 25	Basel	1221	1906	83	telefonbuch_085	PTT-Archiv, P-260-1_Basel_1906	Basel
Hotel Storchen		(Aktiengesellschaft)	Stadthausgasse 25	Basel	1563	1906	83	telefonbuch_085	PTT-Archiv, P-260-1_Basel_1906	Basel
Hotel Storchen		(H. F. Bossart)	Stadthausgasse 25	Basel	2409	1906	83	telefonbuch_085	PTT-Archiv, P-260-1_Basel_1906	Basel
Hotel Strassburg		(Aktienbrauerei Sternenberg)	Centralbahnstr. 17	Basel	2835	1906	83	telefonbuch_085	PTT-Archiv, P-260-1_Basel_1906	Basel
Hotel du Théâtre		(E. Racine)	Theaterstrasse 2	Basel	2363	1906	83	telefonbuch_085	PTT-Archiv, P-260-1_Basel_1906	Basel
Hotel de l'Univers		(Dir. H. Hartung)	Centralbahnstr. 7	Basel	899	1906	83	telefonbuch_085	PTT-Archiv, P-260-1_Basel_1906	Basel
Hotel Victoria		(Paul Otto)	Centralbahnplatz 4	Basel	2258	1906	83	telefonbuch_085	PTT-Archiv, P-260-1_Basel_1906	Basel
Hôtelier-Verein, schweiz.		Centralbureau (O. Amsler-Aubert)	Sternengässlein 21	Basel	2406	1906	83	telefonbuch_085	PTT-Archiv, P-260-1_Basel_1906	Basel
Hottinger-Bélat	Ad.		Hirzbodenweg 47	Basel	3580	1906	83	telefonbuch_085	PTT-Archiv, P-260-1_Basel_1906	Basel
Hotz	Rud.	Dr.	Schanzenstrasse 27	Basel	792	1906	83	telefonbuch_085	PTT-Archiv, P-260-1_Basel_1906	Basel
Huber-Burckhardt	A.	Dr., Advokaturbureau	Freiestrasse 91	Basel	1774	1906	83	telefonbuch_085	PTT-Archiv, P-260-1_Basel_1906	Basel
Huber-Burckhardt	A.	Dr., Wohnung	Socinstrasse 45	Basel	4478	1906	83	telefonbuch_085	PTT-Archiv, P-260-1_Basel_1906	Basel
Huber	A.	Dr., & Knörr, Dr. J., Advokaturbureau	Freiestrasse 91	Basel	1774	1906	83	telefonbuch_085	PTT-Archiv, P-260-1_Basel_1906	Basel
Huber-Freistetter	Fr.	Handelsgärtner	St. Albanringweg 173	Basel	3742	1906	83	telefonbuch_085	PTT-Archiv, P-260-1_Basel_1906	Basel
Huber	Hermann	Schreibmaschinen Underwood	Ob. Heuberg 12	Basel	87	1906	83	telefonbuch_085	PTT-Archiv, P-260-1_Basel_1906	Basel
Huber-Kuhn	A.	Bayr. Bierhalle St. Johann	Feldbergstrasse 2	Basel	4000	1906	83	telefonbuch_085	PTT-Archiv, P-260-1_Basel_1906	Basel
Huber-Petzold	Hans		Angensteinerstr. 30	Basel	3556	1906	83	telefonbuch_085	PTT-Archiv, P-260-1_Basel_1906	Basel
Huber-Schulz	Fr.		Elsässerstrasse 43	Basel	462	1906	83	telefonbuch_085	PTT-Archiv, P-260-1_Basel_1906	Basel
Hübsch	F.	(Bureau)	Totengässlein 6	Basel	1516	1906	83	telefonbuch_085	PTT-Archiv, P-260-1_Basel_1906	Basel
Hübsch	F.	Wohnung	Maiengasse 2	Basel	1547	1906	83	telefonbuch_085	PTT-Archiv, P-260-1_Basel_1906	Basel
Hübscher-Schiess	Carl	Dr., Arzt	St. Johannvorst. 88	Basel	1716	1906	83	telefonbuch_085	PTT-Archiv, P-260-1_Basel_1906	Basel
Hübscher-Fackler	C.	Dr.	Elisabethenstr. 28	Basel	3488	1906	83	telefonbuch_085	PTT-Archiv, P-260-1_Basel_1906	Basel
Hübscher-Stauber	H.	Agenturen	Schützenmattstr. 32	Basel	3902	1906	83	telefonbuch_085	PTT-Archiv, P-260-1_Basel_1906	Basel
Hug, Gebrüder, & Co.		Musikalienhandlung	Kaufhausgasse 1	Basel	1924	1906	83	telefonbuch_085	PTT-Archiv, P-260-1_Basel_1906	Basel
Hug	Heinrich	Kohlenhandlung	Spalenthorweg 10	Basel	1630	1906	83	telefonbuch_085	PTT-Archiv, P-260-1_Basel_1906	Basel
Hug-Keller	Emil	zum Birseckerhof	Binningerstrasse 15	Basel	1044	1906	83	telefonbuch_085	PTT-Archiv, P-260-1_Basel_1906	Basel
Hugelshofer	Albert	Dr.	Hammerstrasse 18	Basel	3809	1906	83	telefonbuch_085	PTT-Archiv, P-260-1_Basel_1906	Basel
Hugentobler	Paul	Baumeister	Kleinhüningerstr. 151	Basel	1040	1906	83	telefonbuch_085	PTT-Archiv, P-260-1_Basel_1906	Basel
Hugentobler & Huber		Marmorindustrie	Mattweg 30	Basel	428	1906	83	telefonbuch_085	PTT-Archiv, P-260-1_Basel_1906	Basel
Hügin		Pension	Spitalstrasse 38	Basel	1009	1906	83	telefonbuch_085	PTT-Archiv, P-260-1_Basel_1906	Basel
Hugo Gebrüder		Nachf. Diehl Gageur & Co.	St. Albanthal 35	Basel	4297	1906	83	telefonbuch_085	PTT-Archiv, P-260-1_Basel_1906	Basel
Huguenin	E.		Schützenmattstr. 59	Basel	2870	1906	83	telefonbuch_085	PTT-Archiv, P-260-1_Basel_1906	Basel
Hui	J.	Director d. Schweiz. Bundesbahnen (Wohng.)	Holbeinstrasse 87	Basel	1408	1906	83	telefonbuch_085	PTT-Archiv, P-260-1_Basel_1906	Basel
Hülfsspital			Burgfelderstr. 101	Basel	895	1906	83	telefonbuch_085	PTT-Archiv, P-260-1_Basel_1906	Basel
Humitzsch	W.	Agenturen in Manufakturwaren	Mittlerestrasse 141	Basel	1832	1906	83	telefonbuch_085	PTT-Archiv, P-260-1_Basel_1906	Basel
Hummel	E.		Marktplatz 22	Basel	8	1906	83	telefonbuch_085	PTT-Archiv, P-260-1_Basel_1906	Basel
Hummel-Müller	Carl	Schuhmachermeister	Metzerstrasse 24	Basel	442	1906	83	telefonbuch_085	PTT-Archiv, P-260-1_Basel_1906	Basel
Hungerbühler-Züllig	Jakob		Clarastrasse 17	Basel	1017	1906	83	telefonbuch_085	PTT-Archiv, P-260-1_Basel_1906	Basel
Hunziger-Kessler	Joh.		Amerbachstrasse 41	Basel	4434	1906	83	telefonbuch_085	PTT-Archiv, P-260-1_Basel_1906	Basel
Hunziker	Ad.	z. Hirscheneck	Riehenthorstrasse 9	Basel	1136	1906	83	telefonbuch_085	PTT-Archiv, P-260-1_Basel_1906	Basel
Hunziker	Anna	Frau, Robes	Freiestrasse 38	Basel	1806	1906	83	telefonbuch_085	PTT-Archiv, P-260-1_Basel_1906	Basel
Hunziker-Siegrist	S.	Vertreter d. Aktienbrauerei Feldschlösschen Rheinfelden	Güterstrasse 245	Basel	3797	1906	83	telefonbuch_085	PTT-Archiv, P-260-1_Basel_1906	Basel
Hürlimann	J. J.		Münchensteinerstrasse 120	Basel	4073	1906	84	telefonbuch_086	PTT-Archiv, P-260-1_Basel_1906	Basel
Hürzeler	F.		Mittlerestrasse 74	Basel	2968	1906	84	telefonbuch_086	PTT-Archiv, P-260-1_Basel_1906	Basel
Hygienische Anstalt			Petersplatz 10	Basel	261	1906	84	telefonbuch_086	PTT-Archiv, P-260-1_Basel_1906	Basel
Hypothekenbank			Elisabethenstr. 30	Basel	2209	1906	84	telefonbuch_086	PTT-Archiv, P-260-1_Basel_1906	Basel
Hypothekenbank, Basellandschaftliche			Elisabethenstr. 42	Basel	2208	1906	84	telefonbuch_086	PTT-Archiv, P-260-1_Basel_1906	Basel
Iberg	G.	Optiker	Streitgasse 16	Basel	1993	1906	84	telefonbuch_086	PTT-Archiv, P-260-1_Basel_1906	Basel
Ilg	Heinrich	Schlossermeister	Spalenvorstadt 33	Basel	3266	1906	84	telefonbuch_086	PTT-Archiv, P-260-1_Basel_1906	Basel
Im Hof-Bronner	Fr. C.		Nauenstrasse 1	Basel	443	1906	84	telefonbuch_086	PTT-Archiv, P-260-1_Basel_1906	Basel
Im Hof-Erb	M.		Leimenstrasse 23	Basel	1922	1906	84	telefonbuch_086	PTT-Archiv, P-260-1_Basel_1906	Basel
Im Hof-Raemy		Frau Wwe.	Birmannsgasse 8	Basel	2655	1906	84	telefonbuch_086	PTT-Archiv, P-260-1_Basel_1906	Basel
Im Hof & Schäfer			Gerbergasse 39	Basel	2184	1906	84	telefonbuch_086	PTT-Archiv, P-260-1_Basel_1906	Basel
Im Hof & Schäfer			Mülhauserstrasse 26	Basel	350	1906	84	telefonbuch_086	PTT-Archiv, P-260-1_Basel_1906	Basel
Imhoff-Ernst	Fritz		Birmannsgasse 10	Basel	2648	1906	84	telefonbuch_086	PTT-Archiv, P-260-1_Basel_1906	Basel
Imhoff	Fritz	vormals Chr. v. Chr. Burckhardt	Freiestrasse 4	Basel	1568	1906	84	telefonbuch_086	PTT-Archiv, P-260-1_Basel_1906	Basel
Imhoff-Hübscher	J.	Frau	Eulerstrasse 60	Basel	2728	1906	84	telefonbuch_086	PTT-Archiv, P-260-1_Basel_1906	Basel
Imhoff-Im Hof	E.		Weiherweg 12	Basel	2828	1906	84	telefonbuch_086	PTT-Archiv, P-260-1_Basel_1906	Basel
Imhoff-Lüscher	E.	Frau	Bundesstrasse 23	Basel	4154	1906	84	telefonbuch_086	PTT-Archiv, P-260-1_Basel_1906	Basel
Imhoff-Settelen	E.		Bruderholzstrasse 12	Basel	2506	1906	84	telefonbuch_086	PTT-Archiv, P-260-1_Basel_1906	Basel
Imhoff zum roten Turm			Freiestrasse 2	Basel	1574	1906	84	telefonbuch_086	PTT-Archiv, P-260-1_Basel_1906	Basel
Immer-Klein		Versandlager Basel	Elisabethenstr. 41	Basel	929	1906	84	telefonbuch_086	PTT-Archiv, P-260-1_Basel_1906	Basel
Im Obersteg	C.	Versicherungsbureau	Centralbahnplatz 9	Basel	2252	1906	84	telefonbuch_086	PTT-Archiv, P-260-1_Basel_1906	Basel
Im Obersteg	Karl	(Wohnung)	Centralbahnplatz 9	Basel	1552	1906	84	telefonbuch_086	PTT-Archiv, P-260-1_Basel_1906	Basel
Im Obersteg	J.		Solothurnerstr. 39	Basel	4075	1906	84	telefonbuch_086	PTT-Archiv, P-260-1_Basel_1906	Basel
Im Obersteg & Co.		Spedition und Commission	Solothurnerstr. 39	Basel	2158	1906	84	telefonbuch_086	PTT-Archiv, P-260-1_Basel_1906	Basel
Im Obersteg & Co.		Passage	Gempenstrasse 2	Basel	4282	1906	84	telefonbuch_086	PTT-Archiv, P-260-1_Basel_1906	Basel
Im Obersteg & Co.		Güterbahnhof	St. Jakobstrasse	Basel	4205	1906	84	telefonbuch_086	PTT-Archiv, P-260-1_Basel_1906	Basel
Im Obersteg & Co.			Bad. Güterbahnhof	Basel	4426	1906	84	telefonbuch_086	PTT-Archiv, P-260-1_Basel_1906	Basel
In Albon-Lorentz	Jules	Weinessig- und Senffabrik	Drahtzugstrasse 69	Basel	3514	1906	84	telefonbuch_086	PTT-Archiv, P-260-1_Basel_1906	Basel
Industriegesellschaft für Schappe		Bureau	Isteinerstrasse 50	Basel	3600	1906	84	telefonbuch_086	PTT-Archiv, P-260-1_Basel_1906	Basel
Industriegesellschaft für Schappe		Fabrik	Isteinerstrasse 32	Basel	3601	1906	84	telefonbuch_086	PTT-Archiv, P-260-1_Basel_1906	Basel
Ingold	P.	Bandagist	St. Johannvorst. 8	Basel	164	1906	84	telefonbuch_086	PTT-Archiv, P-260-1_Basel_1906	Basel
Inspektorat der Kleinkinder-Anstalten			Kanonengasse 7	Basel	3255	1906	84	telefonbuch_086	PTT-Archiv, P-260-1_Basel_1906	Basel
Inspektorat der Knabenprimarschule		Wohnung von Dr. Franz Fäh, Inspektor	Oberwilerstrasse 80	Basel	919	1906	84	telefonbuch_086	PTT-Archiv, P-260-1_Basel_1906	Basel
Inspektorat der Mädchenprimarschule		Wohnung von A. Tuchschmid, Inspektor	Schaffh. Rheinweg 71	Basel	987	1906	84	telefonbuch_086	PTT-Archiv, P-260-1_Basel_1906	Basel
Institut für physikalische Therapie			Missionsstrasse 17	Basel	3049	1906	84	telefonbuch_086	PTT-Archiv, P-260-1_Basel_1906	Basel
Internationales Arbeitsamt		(Direktor Prof. Bauer)	Obere Rebgasse 1	Basel	1919	1906	84	telefonbuch_086	PTT-Archiv, P-260-1_Basel_1906	Basel
Internat. Bureau für Handel und Industrie		Huber & Santschi	Münzgässlein 1	Basel	456	1906	84	telefonbuch_086	PTT-Archiv, P-260-1_Basel_1906	Basel
Internat. Lehr- u. Erziehungsanstalt Eugen Schmitt			Gundoldingerstr. 446	Basel	986	1906	84	telefonbuch_086	PTT-Archiv, P-260-1_Basel_1906	Basel
Internationales Reisebureau			Inn. Margarethenstr. 5	Basel	2539	1906	84	telefonbuch_086	PTT-Archiv, P-260-1_Basel_1906	Basel
Iselin	Isaak	Dr.	Engelgasse 43	Basel	3699	1906	84	telefonbuch_086	PTT-Archiv, P-260-1_Basel_1906	Basel
Iselin-His	E.	Frau	Mittlerestrasse 19	Basel	1417	1906	84	telefonbuch_086	PTT-Archiv, P-260-1_Basel_1906	Basel
Iselin-Merian	Alfr.		Steinengraben 69	Basel	3117	1906	84	telefonbuch_086	PTT-Archiv, P-260-1_Basel_1906	Basel
Iselin-Passavant		Seidenhof	Blumenrain 34	Basel	1332	1906	84	telefonbuch_086	PTT-Archiv, P-260-1_Basel_1906	Basel
Iselin	Rudolf		Aeschengraben 27	Basel	2136	1906	84	telefonbuch_086	PTT-Archiv, P-260-1_Basel_1906	Basel
Iselin & Co.			Rittergasse 22	Basel	1066	1906	85	telefonbuch_087	PTT-Archiv, P-260-1_Basel_1906	Basel
Iselin-Vischer	Alfred		Steinengraben 47	Basel	2956	1906	85	telefonbuch_087	PTT-Archiv, P-260-1_Basel_1906	Basel
Israelitische Gemeinde Basel			Eulerstrasse 6	Basel	288	1906	85	telefonbuch_087	PTT-Archiv, P-260-1_Basel_1906	Basel
Istler-Schweinlin	Wilh.		Grenzacherhorn 121	Basel	3477	1906	85	telefonbuch_087	PTT-Archiv, P-260-1_Basel_1906	Basel
Itin-Wernli	Emil	Metzger	Solothurnerstr. 17	Basel	3883	1906	85	telefonbuch_087	PTT-Archiv, P-260-1_Basel_1906	Basel
Jacky-Mangold	Charles		Spalenring 149	Basel	1001	1906	85	telefonbuch_087	PTT-Archiv, P-260-1_Basel_1906	Basel
Jacky, Summerer & Cie.			Wallstrasse 8	Basel	2210	1906	85	telefonbuch_087	PTT-Archiv, P-260-1_Basel_1906	Basel
Jacky, Summerer & Cie.			Wallstrasse 8	Basel	2204	1906	85	telefonbuch_087	PTT-Archiv, P-260-1_Basel_1906	Basel
Jacky, Summerer & Cie.		Güterbahnhof S. B. B.	St. Jakobstrasse	Basel	4212	1906	85	telefonbuch_087	PTT-Archiv, P-260-1_Basel_1906	Basel
Jacky, Summerer & Cie.			Bad. Güterbahnhof	Basel	4430	1906	85	telefonbuch_087	PTT-Archiv, P-260-1_Basel_1906	Basel
Jaecklé	A.		Holbeinstrasse 38	Basel	1596	1906	85	telefonbuch_087	PTT-Archiv, P-260-1_Basel_1906	Basel
Jaecklé	Alphons	Dr.	Austrasse 94	Basel	3916	1906	85	telefonbuch_087	PTT-Archiv, P-260-1_Basel_1906	Basel
Jäcklin		Gebrüder, Maschinenbau-Werkstätte	Vogesenstrasse 81	Basel	1502	1906	85	telefonbuch_087	PTT-Archiv, P-260-1_Basel_1906	Basel
Jacob-Angele	Aug.	Coiffeur	St. Johannring 145	Basel	194	1906	85	telefonbuch_087	PTT-Archiv, P-260-1_Basel_1906	Basel
Jacob-Wagner	Carl	Coiffeur	Heumattstrasse 3	Basel	392	1906	85	telefonbuch_087	PTT-Archiv, P-260-1_Basel_1906	Basel
Jacobson	Otto		Missionsstrasse 4	Basel	2530	1906	85	telefonbuch_087	PTT-Archiv, P-260-1_Basel_1906	Basel
Jacobsohn	M.	Papeterie, Lithographie	Aeschenvorstadt 52	Basel	2064	1906	85	telefonbuch_087	PTT-Archiv, P-260-1_Basel_1906	Basel
Jäger-Liebrich	Ludw.	Buchbinder	Weissegasse 3	Basel	2004	1906	85	telefonbuch_087	PTT-Archiv, P-260-1_Basel_1906	Basel
Jagerspacher	C.	Dr.	Rheinfelderstr. 32	Basel	3528	1906	85	telefonbuch_087	PTT-Archiv, P-260-1_Basel_1906	Basel
Jäggi	Emil	Coiffeur	Clarastrasse 49	Basel	3421	1906	85	telefonbuch_087	PTT-Archiv, P-260-1_Basel_1906	Basel
Jaisli-Caflisch	Ch.	Wwe., Kaminfegergeschäft	Unt. Heuberg 3	Basel	4469	1906	85	telefonbuch_087	PTT-Archiv, P-260-1_Basel_1906	Basel
Jakob-Kapp	Ludw.	Bäcker	Bläsiringweg 74	Basel	211	1906	85	telefonbuch_087	PTT-Archiv, P-260-1_Basel_1906	Basel
Jakob-Kemmler	Wilh.	Bäcker	St. Johannvorst. 63	Basel	1699	1906	85	telefonbuch_087	PTT-Archiv, P-260-1_Basel_1906	Basel
Jalon	M.		Socinstrasse 30	Basel	89	1906	85	telefonbuch_087	PTT-Archiv, P-260-1_Basel_1906	Basel
Jaquet	Alfred	Prof. Dr.	Schützengraben 13	Basel	175	1906	85	telefonbuch_087	PTT-Archiv, P-260-1_Basel_1906	Basel
Jardini	P. & S.	Bauunternehmer	Thiersteinerallee 34	Basel	757	1906	85	telefonbuch_087	PTT-Archiv, P-260-1_Basel_1906	Basel
Jauslin	Charles Aug.	Confiseur	Austrasse 29	Basel	3022	1906	85	telefonbuch_087	PTT-Archiv, P-260-1_Basel_1906	Basel
Jauslin	Jacques		Tellstrasse 25	Basel	2466	1906	85	telefonbuch_087	PTT-Archiv, P-260-1_Basel_1906	Basel
Jautz-Abele	Engelbert	Wirt	Hardstrasse 62	Basel	422	1906	85	telefonbuch_087	PTT-Archiv, P-260-1_Basel_1906	Basel
Jecker	Kasimir		Aeschengraben 29	Basel	3276	1906	85	telefonbuch_087	PTT-Archiv, P-260-1_Basel_1906	Basel
Jehle	August	Photograph	Klybeckstrasse 1	Basel	3360	1906	85	telefonbuch_087	PTT-Archiv, P-260-1_Basel_1906	Basel
Jeltsch, A., & Cie.		zum Kaffeebaum	Gerbergasse 93	Basel	2130	1906	85	telefonbuch_087	PTT-Archiv, P-260-1_Basel_1906	Basel
Jeltsch, A., & Cie.			Barfüsserplatz 20	Basel	2130	1906	85	telefonbuch_087	PTT-Archiv, P-260-1_Basel_1906	Basel
Jeltsch-Heizmann	A.	Wohnung	Schweizergasse 25	Basel	2959	1906	85	telefonbuch_087	PTT-Archiv, P-260-1_Basel_1906	Basel
Jenny-Flubacher	Hch.		Grellingerstrasse 76	Basel	3966	1906	85	telefonbuch_087	PTT-Archiv, P-260-1_Basel_1906	Basel
Jenny-Hindermann			Steinengraben 23	Basel	2895	1906	85	telefonbuch_087	PTT-Archiv, P-260-1_Basel_1906	Basel
Jenny	Theodor	Conditor	Hardstrasse 60	Basel	217	1906	85	telefonbuch_087	PTT-Archiv, P-260-1_Basel_1906	Basel
Jezler-Lorenz	Heinrich		Rütimeyerstrasse 47	Basel	343	1906	85	telefonbuch_087	PTT-Archiv, P-260-1_Basel_1906	Basel
Jeuch	Eugen		Hardstrasse 14	Basel	3589	1906	85	telefonbuch_087	PTT-Archiv, P-260-1_Basel_1906	Basel
St. Johann-Apotheke		v. Dr. A. Haefliger	St. Johannvorst. 56	Basel	260	1906	85	telefonbuch_087	PTT-Archiv, P-260-1_Basel_1906	Basel
St. Johann-Schulhaus			Pestalozzistrasse 10	Basel	1535	1906	85	telefonbuch_087	PTT-Archiv, P-260-1_Basel_1906	Basel
Johanni	Ulrich	Dr., prakt. Arzt	St. Johannvorst. 46	Basel	289	1906	85	telefonbuch_087	PTT-Archiv, P-260-1_Basel_1906	Basel
Johannitergarten		Rest. zum (P. Grimm-Jakob)	Elsässerstrasse 16	Basel	237	1906	85	telefonbuch_087	PTT-Archiv, P-260-1_Basel_1906	Basel
Jonasch-Haldi	Frz.	Confiserie	St. Johannring 120	Basel	3256	1906	85	telefonbuch_087	PTT-Archiv, P-260-1_Basel_1906	Basel
Joos	Albert	Dr. (Bureau 28 66)	Sommergasse 48	Basel	805	1906	85	telefonbuch_087	PTT-Archiv, P-260-1_Basel_1906	Basel
Joos-Fattet	Louis		Austrasse 114	Basel	3263	1906	85	telefonbuch_087	PTT-Archiv, P-260-1_Basel_1906	Basel
Joos		Gebrüder, Eisenhandlung	Spalenvorstadt 24	Basel	2620	1906	85	telefonbuch_087	PTT-Archiv, P-260-1_Basel_1906	Basel
Joos-Hohler	Ch.		Austrasse 68	Basel	2873	1906	85	telefonbuch_087	PTT-Archiv, P-260-1_Basel_1906	Basel
Jörin-Graf	Friedr.	Fuhrhalter	Gasstrasse 14	Basel	1636	1906	86	telefonbuch_088	PTT-Archiv, P-260-1_Basel_1906	Basel
Jörin-Suter	J.		Bundesplatz 10	Basel	3097	1906	86	telefonbuch_088	PTT-Archiv, P-260-1_Basel_1906	Basel
Josephskirche		Pfarr-Rektorat	Amerbachstrasse 11	Basel	731	1906	86	telefonbuch_088	PTT-Archiv, P-260-1_Basel_1906	Basel
Jost-Fritz	A.	Gallerten- und Pastetengeschäft	Hutgasse 11	Basel	1325	1906	86	telefonbuch_088	PTT-Archiv, P-260-1_Basel_1906	Basel
Jost-Meister	Alfr.	Metzgermeister	Bläsiringweg 142	Basel	3403	1906	86	telefonbuch_088	PTT-Archiv, P-260-1_Basel_1906	Basel
Jouve	G.	Schirmfabrikant	Stadthausgasse 3	Basel	1638	1906	86	telefonbuch_088	PTT-Archiv, P-260-1_Basel_1906	Basel
Jucker-Madörin	Fr.	Tapezierer	Byfangweg 34	Basel	1932	1906	86	telefonbuch_088	PTT-Archiv, P-260-1_Basel_1906	Basel
Jucker-Reutter	H.		Sperrstrasse 61	Basel		1906	86	telefonbuch_088	PTT-Archiv, P-260-1_Basel_1906	Basel
Jucker-Schaefer	B.		Missionsstrasse 62	Basel	2613	1906	86	telefonbuch_088	PTT-Archiv, P-260-1_Basel_1906	Basel
Juillerat-Bohny	P.	Wirt	Leuengasse 2	Basel	1718	1906	86	telefonbuch_088	PTT-Archiv, P-260-1_Basel_1906	Basel
Juillerat-Vion	P.		Kaufhausgasse 3	Basel	1894	1906	86	telefonbuch_088	PTT-Archiv, P-260-1_Basel_1906	Basel
Jundt	E.	Amtmann	Clarastrasse 10	Basel	3639	1906	86	telefonbuch_088	PTT-Archiv, P-260-1_Basel_1906	Basel
Jung	Jules		Pfeffingerstrasse 14	Basel	976	1906	86	telefonbuch_088	PTT-Archiv, P-260-1_Basel_1906	Basel
Jungck	Henri		Güterstrasse 82	Basel	2435	1906	86	telefonbuch_088	PTT-Archiv, P-260-1_Basel_1906	Basel
Jünglingsvereinsbureau			Freiestrasse 107	Basel	733	1906	86	telefonbuch_088	PTT-Archiv, P-260-1_Basel_1906	Basel
Junker	Carl	Bäckermeister	Elsässerstrasse 14	Basel	1734	1906	86	telefonbuch_088	PTT-Archiv, P-260-1_Basel_1906	Basel
Justizdepartement		Mentelinhof	Münsterplatz 14	Basel	1063	1906	86	telefonbuch_088	PTT-Archiv, P-260-1_Basel_1906	Basel
Jutzler	Elise		St. Johannring 95	Basel	835	1906	86	telefonbuch_088	PTT-Archiv, P-260-1_Basel_1906	Basel
Anatomisches Institut		(Vesalianum)	Vesalgasse 1	Basel	2604	1906	86	telefonbuch_088	PTT-Archiv, P-260-1_Basel_1906	Basel
Arbeitsnachweisbureau			Totengässlein 1/3	Basel	1495	1906	86	telefonbuch_088	PTT-Archiv, P-260-1_Basel_1906	Basel
Armenamt		Bürgerliches	Stadthausgasse 13	Basel	1462	1906	86	telefonbuch_088	PTT-Archiv, P-260-1_Basel_1906	Basel
Bestattungswesen			Domhof	Basel	2165	1906	86	telefonbuch_088	PTT-Archiv, P-260-1_Basel_1906	Basel
Bibliothek		Oeffentliche	Schönbeinstrasse 20	Basel	2636	1906	86	telefonbuch_088	PTT-Archiv, P-260-1_Basel_1906	Basel
Botanisches Institut			Schönbeinstrasse 6	Basel	3151	1906	86	telefonbuch_088	PTT-Archiv, P-260-1_Basel_1906	Basel
Brandversicherungsanstalt			Rathaus	Basel	2318	1906	86	telefonbuch_088	PTT-Archiv, P-260-1_Basel_1906	Basel
Brausebad			Spalenring 133	Basel	201	1906	86	telefonbuch_088	PTT-Archiv, P-260-1_Basel_1906	Basel
Chemische Anstalt der Universität			Bernoullianum	Basel	178	1906	86	telefonbuch_088	PTT-Archiv, P-260-1_Basel_1906	Basel
Chemisches Laboratorium der Universität		II. Abt.	Unt. Rheingasse 19	Basel	1254	1906	86	telefonbuch_088	PTT-Archiv, P-260-1_Basel_1906	Basel
Civilgerichtsschreiberei			Bäumleingasse 1	Basel	1847	1906	86	telefonbuch_088	PTT-Archiv, P-260-1_Basel_1906	Basel
Civilstandsbureau			Domhof	Basel	1799	1906	86	telefonbuch_088	PTT-Archiv, P-260-1_Basel_1906	Basel
Departement des Innern			Rathaus	Basel	1387	1906	86	telefonbuch_088	PTT-Archiv, P-260-1_Basel_1906	Basel
Erziehungsdepartement		(Mentelinhof)	Münsterplatz 14	Basel	1063	1906	86	telefonbuch_088	PTT-Archiv, P-260-1_Basel_1906	Basel
Dasselbe		Kleiderverteilung	Klein Klingenthal 19	Basel	391	1906	86	telefonbuch_088	PTT-Archiv, P-260-1_Basel_1906	Basel
Finanzdepartement			Rathaus	Basel	2390	1906	86	telefonbuch_088	PTT-Archiv, P-260-1_Basel_1906	Basel
Frauenspital			Klingelbergstr. 50	Basel	1538	1906	86	telefonbuch_088	PTT-Archiv, P-260-1_Basel_1906	Basel
Friedmatt		Heil- und Pflegeanstalt	Milchsuppen	Basel	1477	1906	86	telefonbuch_088	PTT-Archiv, P-260-1_Basel_1906	Basel
Ganthaus			Steinenthorstrasse 7	Basel	2198	1906	86	telefonbuch_088	PTT-Archiv, P-260-1_Basel_1906	Basel
Gewerbe-Inspektorat			Rathaus	Basel	137	1906	86	telefonbuch_088	PTT-Archiv, P-260-1_Basel_1906	Basel
Gewerbemuseum			Spalenvorstadt 2	Basel	2611	1906	86	telefonbuch_088	PTT-Archiv, P-260-1_Basel_1906	Basel
Grossratssaal			Rathaus	Basel	1680	1906	86	telefonbuch_088	PTT-Archiv, P-260-1_Basel_1906	Basel
Derselbe		Journalistentribüne	Rathaus	Basel	1035	1906	86	telefonbuch_088	PTT-Archiv, P-260-1_Basel_1906	Basel
Grundbuchgeometerbureau			Domhof	Basel	1812	1906	86	telefonbuch_088	PTT-Archiv, P-260-1_Basel_1906	Basel
Grundbuchverwaltung			Domhof	Basel	1766	1906	87	telefonbuch_089	PTT-Archiv, P-260-1_Basel_1906	Basel
Handelsregister			Domhof	Basel	1766	1906	87	telefonbuch_089	PTT-Archiv, P-260-1_Basel_1906	Basel
Historisches Museum		(Verwaltung)	Steinenberg 4	Basel	2346	1906	87	telefonbuch_089	PTT-Archiv, P-260-1_Basel_1906	Basel
Hülfsspital			Burgfelderstr. 101	Basel	895	1906	87	telefonbuch_089	PTT-Archiv, P-260-1_Basel_1906	Basel
Hygienische Anstalt			Petersplatz 10	Basel	261	1906	87	telefonbuch_089	PTT-Archiv, P-260-1_Basel_1906	Basel
Inspektorat der Knabenprimarschule	Franz	Wohnung von Dr. Fäh, Inspektor	Oberwilerstrasse 80	Basel	919	1906	87	telefonbuch_089	PTT-Archiv, P-260-1_Basel_1906	Basel
Inspektorat der Mädchenprimarschule	A.	Wohnung von Tuchschmid, Inspektor	Schaffh. Rheinweg 71	Basel	987	1906	87	telefonbuch_089	PTT-Archiv, P-260-1_Basel_1906	Basel
Justizdepartement		(Mentelinhof)	Münsterplatz 14	Basel	1063	1906	87	telefonbuch_089	PTT-Archiv, P-260-1_Basel_1906	Basel
Kanalisationsbureau			Obere Rebgasse 1	Basel	1826	1906	87	telefonbuch_089	PTT-Archiv, P-260-1_Basel_1906	Basel
Kantonalbank		Basler	Blumenrain 2	Basel	1336	1906	87	telefonbuch_089	PTT-Archiv, P-260-1_Basel_1906	Basel
Kantonalbank		Spezialdienst	Blumenrain 2	Basel	177	1906	87	telefonbuch_089	PTT-Archiv, P-260-1_Basel_1906	Basel
Kantons-Chemiker			Petersplatz 10	Basel	1422	1906	87	telefonbuch_089	PTT-Archiv, P-260-1_Basel_1906	Basel
Kantons-Tierarzt			Domhof	Basel	1660	1906	87	telefonbuch_089	PTT-Archiv, P-260-1_Basel_1906	Basel
Kaserne		Bureau des Schulkommandos	Klingenthal	Basel	1264	1906	87	telefonbuch_089	PTT-Archiv, P-260-1_Basel_1906	Basel
Kasernenverwaltung	F.	(Zweig)	Klingenthal	Basel	1272	1906	87	telefonbuch_089	PTT-Archiv, P-260-1_Basel_1906	Basel
Kleinkinder-Anstalten		Inspektorat	Kanonengasse 7	Basel	3255	1906	87	telefonbuch_089	PTT-Archiv, P-260-1_Basel_1906	Basel
Konkursamt			Bäumleingasse 3	Basel	1747	1906	87	telefonbuch_089	PTT-Archiv, P-260-1_Basel_1906	Basel
Kontrollbureau			Lohnhof	Basel	2367	1906	87	telefonbuch_089	PTT-Archiv, P-260-1_Basel_1906	Basel
Kreiskommando			Petersgraben 46	Basel	1426	1906	87	telefonbuch_089	PTT-Archiv, P-260-1_Basel_1906	Basel
Mineralogisch-geologische Anstalt der Universität			Münsterplatz 7	Basel	1054	1906	87	telefonbuch_089	PTT-Archiv, P-260-1_Basel_1906	Basel
Museum			Augustinergasse 2	Basel	1155	1906	87	telefonbuch_089	PTT-Archiv, P-260-1_Basel_1906	Basel
Museum		Kunstsammlung	Augustinergasse 2	Basel	433	1906	87	telefonbuch_089	PTT-Archiv, P-260-1_Basel_1906	Basel
Pathologisch-anatomische Anstalt			Hebelstrasse 2	Basel	122	1906	87	telefonbuch_089	PTT-Archiv, P-260-1_Basel_1906	Basel
Physikalische Anstalt			Bernoullianum	Basel	1451	1906	87	telefonbuch_089	PTT-Archiv, P-260-1_Basel_1906	Basel
Poliklinik		Allgemeine	Hebelstrasse 1	Basel	1421	1906	87	telefonbuch_089	PTT-Archiv, P-260-1_Basel_1906	Basel
Poliklinik		geburt-h.-gynaecolog.	Johanniterstrasse 81	Basel	1538	1906	87	telefonbuch_089	PTT-Archiv, P-260-1_Basel_1906	Basel
Polizeidepartement		Polizeikommando, Hauptwache u. Journalbur.	Lohnhof	Basel	51	1906	87	telefonbuch_089	PTT-Archiv, P-260-1_Basel_1906	Basel
Polizeidepartement		Administrativ- und Strafsachenabteilung	Lohnhof	Basel	403	1906	87	telefonbuch_089	PTT-Archiv, P-260-1_Basel_1906	Basel
Polizeigericht			Bäumleingasse 1	Basel	1765	1906	87	telefonbuch_089	PTT-Archiv, P-260-1_Basel_1906	Basel
Primarschulinspektoren		Bureau	Münsterplatz 19	Basel	124	1906	87	telefonbuch_089	PTT-Archiv, P-260-1_Basel_1906	Basel
Rettungsanstalt		kantonale	Klosterfichten	Basel	4038	1906	87	telefonbuch_089	PTT-Archiv, P-260-1_Basel_1906	Basel
Sanitätsdepartement			Münsterplatz 20	Basel	1757	1906	87	telefonbuch_089	PTT-Archiv, P-260-1_Basel_1906	Basel
Sanitätskommissär II			Klein Klingenthal 19	Basel	1281	1906	87	telefonbuch_089	PTT-Archiv, P-260-1_Basel_1906	Basel
Schiessplatz		neuer (Abwartwohnung)	Allschwilerweiher	Basel	3128	1906	87	telefonbuch_089	PTT-Archiv, P-260-1_Basel_1906	Basel
Schlachthaus		Bureau der Viehrampe	Elsässerstrasse 4	Basel	323	1906	87	telefonbuch_089	PTT-Archiv, P-260-1_Basel_1906	Basel
Schlachthausverwaltung			Elsässerstrasse 4	Basel	1735	1906	87	telefonbuch_089	PTT-Archiv, P-260-1_Basel_1906	Basel
Staatsanwaltschaft			Lohnhof	Basel	3119	1906	87	telefonbuch_089	PTT-Archiv, P-260-1_Basel_1906	Basel
Staatsarchiv			Martinsgasse 2	Basel	1331	1906	87	telefonbuch_089	PTT-Archiv, P-260-1_Basel_1906	Basel
Staatskasse Basel-Stadt			Rathaus	Basel	2390	1906	87	telefonbuch_089	PTT-Archiv, P-260-1_Basel_1906	Basel
Staatskanzlei			Rathaus	Basel	1387	1906	87	telefonbuch_089	PTT-Archiv, P-260-1_Basel_1906	Basel
Statistisches Amt Basel-Stadt			Rathaus	Basel	1288	1906	87	telefonbuch_089	PTT-Archiv, P-260-1_Basel_1906	Basel
Stempelamt			Rathaus	Basel	2318	1906	87	telefonbuch_089	PTT-Archiv, P-260-1_Basel_1906	Basel
Steuerverwaltung I		(Einkommens-, Vermögens- und Erbschaftssteuer)	Rathaus	Basel	2404	1906	87	telefonbuch_089	PTT-Archiv, P-260-1_Basel_1906	Basel
Steuerverwaltung II		Städtische Gemeindesteuer, Feuerwehr-, Beleuchtungs- u. Reinigungssteuer	Rathaus	Basel	1649	1906	88	telefonbuch_090	PTT-Archiv, P-260-1_Basel_1906	Basel
Strafgericht			Bäumleingasse 1	Basel	1754	1906	88	telefonbuch_090	PTT-Archiv, P-260-1_Basel_1906	Basel
Strafanstalt		Direktion	Strafanstalt	Basel	1665	1906	88	telefonbuch_090	PTT-Archiv, P-260-1_Basel_1906	Basel
Strasseninspektorat		Bureau	Obere Rebgasse 1	Basel	3218	1906	88	telefonbuch_090	PTT-Archiv, P-260-1_Basel_1906	Basel
Dasselbe		Wohnung des Inspektors	Spalenring 158	Basel	271	1906	88	telefonbuch_090	PTT-Archiv, P-260-1_Basel_1906	Basel
Unfallbureau			Rathaus	Basel	137	1906	88	telefonbuch_090	PTT-Archiv, P-260-1_Basel_1906	Basel
Universität			Rheinsprung 7	Basel	1169	1906	88	telefonbuch_090	PTT-Archiv, P-260-1_Basel_1906	Basel
Verwaltung der öffentlichen Materiallagerplätze			Dreispitz	Basel	4257	1906	88	telefonbuch_090	PTT-Archiv, P-260-1_Basel_1906	Basel
Waisenamt		Mentelinhof	Münsterplatz 14	Basel	1070	1906	88	telefonbuch_090	PTT-Archiv, P-260-1_Basel_1906	Basel
Waisenhaus		Waisenvater	Theodorskirchplatz 7	Basel	1153	1906	88	telefonbuch_090	PTT-Archiv, P-260-1_Basel_1906	Basel
Dasselbe		Verwalterbureau	Theodorskirchplatz 7	Basel	1132	1906	88	telefonbuch_090	PTT-Archiv, P-260-1_Basel_1906	Basel
Wasenmeisterei			Fabrikstrasse 50	Basel	335	1906	88	telefonbuch_090	PTT-Archiv, P-260-1_Basel_1906	Basel
Zeughausverwaltung			Petersgraben 44	Basel	1781	1906	88	telefonbuch_090	PTT-Archiv, P-260-1_Basel_1906	Basel
Käch-Scherrer	Fr.	Dr.	Dornacherstrasse 124	Basel	3897	1906	88	telefonbuch_090	PTT-Archiv, P-260-1_Basel_1906	Basel
Kachler	Gotthilf	Metzgermeister	Amerbachstrasse 22	Basel	3288	1906	88	telefonbuch_090	PTT-Archiv, P-260-1_Basel_1906	Basel
Kaelin	A.	schweiz. Oel-Importhaus	Freiburgerstrasse 13	Basel	4035	1906	88	telefonbuch_090	PTT-Archiv, P-260-1_Basel_1906	Basel
Kaffeewirtschaft zu St. Margarethen			Gundoldingerstr. 1	Basel	4053	1906	88	telefonbuch_090	PTT-Archiv, P-260-1_Basel_1906	Basel
Kägi	J. J.	Kupferschmied	Spiegelgasse 4	Basel	791	1906	88	telefonbuch_090	PTT-Archiv, P-260-1_Basel_1906	Basel
Kahn	Albert	Weinhandlung	Nonnenweg 4	Basel	4448	1906	88	telefonbuch_090	PTT-Archiv, P-260-1_Basel_1906	Basel
Kahn	Berth.	Centralverkauf v. Rud. Weill & Co.	Leonhardsgraben 10	Basel	3397	1906	88	telefonbuch_090	PTT-Archiv, P-260-1_Basel_1906	Basel
Derselbe			Burgunderstrasse 13	Basel	4168	1906	88	telefonbuch_090	PTT-Archiv, P-260-1_Basel_1906	Basel
Kahn-Burger	Daniel	Wohnung	Austrasse 87	Basel	4459	1906	88	telefonbuch_090	PTT-Archiv, P-260-1_Basel_1906	Basel
Kahn	D.	Weinhandlung, Bureau	Hint. Spitalstr. 2	Basel	2696	1906	88	telefonbuch_090	PTT-Archiv, P-260-1_Basel_1906	Basel
Kahn	S.	Weinhandlung	Austrasse 83	Basel	944	1906	88	telefonbuch_090	PTT-Archiv, P-260-1_Basel_1906	Basel
Kaiser	J. Louis	Costumier	Utengasse 21	Basel	1258	1906	88	telefonbuch_090	PTT-Archiv, P-260-1_Basel_1906	Basel
Kaiser's Kaffeegeschäft			Güterstrasse 309	Basel	3704	1906	88	telefonbuch_090	PTT-Archiv, P-260-1_Basel_1906	Basel
Kaiser	Louis		Elisabethenstr. 58	Basel	2237	1906	88	telefonbuch_090	PTT-Archiv, P-260-1_Basel_1906	Basel
Kaller	Jos.	Erster Schweiz. Hutbazar	Gerbergasse 71	Basel	1861	1906	88	telefonbuch_090	PTT-Archiv, P-260-1_Basel_1906	Basel
Kaltenbach-Lang	Jos.	Wirt	Bahnhofstrasse 1	Basel	3372	1906	88	telefonbuch_090	PTT-Archiv, P-260-1_Basel_1906	Basel
Kämpf	Emil	Konditor	Spalenberg 35	Basel	2642	1906	88	telefonbuch_090	PTT-Archiv, P-260-1_Basel_1906	Basel
Kanalisationsbureau			Obere Rebgasse 1	Basel	1826	1906	88	telefonbuch_090	PTT-Archiv, P-260-1_Basel_1906	Basel
Kanderner Thonwarenfabrik		E. Kammüller	Drahtzugstrasse 14	Basel	746	1906	88	telefonbuch_090	PTT-Archiv, P-260-1_Basel_1906	Basel
Kantonalbank		Basler	Blumenrain 2	Basel	1336	1906	88	telefonbuch_090	PTT-Archiv, P-260-1_Basel_1906	Basel
Dieselbe		Spezialdienst	Blumenrain 2	Basel	177	1906	88	telefonbuch_090	PTT-Archiv, P-260-1_Basel_1906	Basel
Kantons-Chemiker		Bureau	Petersplatz 10	Basel	1422	1906	88	telefonbuch_090	PTT-Archiv, P-260-1_Basel_1906	Basel
Kantonstierarzt		Domhof	Münsterplatz 12	Basel	1660	1906	88	telefonbuch_090	PTT-Archiv, P-260-1_Basel_1906	Basel
Kapfer	Xaver		St. Johannring 6	Basel	1081	1906	88	telefonbuch_090	PTT-Archiv, P-260-1_Basel_1906	Basel
Kapp	Emil		Steinenvorstadt 65	Basel	2570	1906	88	telefonbuch_090	PTT-Archiv, P-260-1_Basel_1906	Basel
Kappeler & Kleinert			Müllheimerstrasse 55	Basel	328	1906	88	telefonbuch_090	PTT-Archiv, P-260-1_Basel_1906	Basel
Karch-Baumann	Joh.		Münchensteinerstr. 136	Basel	4066	1906	88	telefonbuch_090	PTT-Archiv, P-260-1_Basel_1906	Basel
Karcher	Hans	Dr. med.	Eulerstrasse 33	Basel	2044	1906	88	telefonbuch_090	PTT-Archiv, P-260-1_Basel_1906	Basel
Karcher	Jacques		Kanonengasse 21	Basel	2755	1906	88	telefonbuch_090	PTT-Archiv, P-260-1_Basel_1906	Basel
Karl-Nussbaumer	Fritz		Leonhardsgraben 20	Basel	2761	1906	88	telefonbuch_090	PTT-Archiv, P-260-1_Basel_1906	Basel
Karli	W.		Ochsengasse 3	Basel	1255	1906	88	telefonbuch_090	PTT-Archiv, P-260-1_Basel_1906	Basel
Derselbe		Filiale	Schneidergasse 26	Basel	1107	1906	88	telefonbuch_090	PTT-Archiv, P-260-1_Basel_1906	Basel
Derselbe		Filiale	Bachlettenstr. 47	Basel	2221	1906	88	telefonbuch_090	PTT-Archiv, P-260-1_Basel_1906	Basel
Kartonnagenfabrik J. Kestenholz Söhne			Elisabethenstr. 41	Basel	2383	1906	89	telefonbuch_091	PTT-Archiv, P-260-1_Basel_1906	Basel
Kaserne		Bureau des Schulkommandos (nur während der Militärkurse)	Klingenthal	Basel	1264	1906	89	telefonbuch_091	PTT-Archiv, P-260-1_Basel_1906	Basel
Kasernenverwaltung		(F. Zweig)	Klingenthal	Basel	1272	1906	89	telefonbuch_091	PTT-Archiv, P-260-1_Basel_1906	Basel
Katholische Landeskirche		(Pfr. Weckerle)	Friedensgasse 40	Basel	2517	1906	89	telefonbuch_091	PTT-Archiv, P-260-1_Basel_1906	Basel
Katholisches Vereinshaus		(Hotel Basler Hof)	Clarastrasse 38	Basel	3702	1906	89	telefonbuch_091	PTT-Archiv, P-260-1_Basel_1906	Basel
Katz	E.	Dr., Holbein-Apotheke	Leonhardstrasse 37	Basel	3011	1906	89	telefonbuch_091	PTT-Archiv, P-260-1_Basel_1906	Basel
Kauffmann-Gerber	F.		Klybeckstrasse 69	Basel	3291	1906	89	telefonbuch_091	PTT-Archiv, P-260-1_Basel_1906	Basel
Kaufmann	Adolph		Mostackerstrasse 11	Basel	4123	1906	89	telefonbuch_091	PTT-Archiv, P-260-1_Basel_1906	Basel
Kaufmann-Bisig	Rud.		Friedensgasse 63	Basel	185	1906	89	telefonbuch_091	PTT-Archiv, P-260-1_Basel_1906	Basel
Kaufmann-Burckhardt	J.	Wwe.	Zürcherstrasse 65	Basel	762	1906	89	telefonbuch_091	PTT-Archiv, P-260-1_Basel_1906	Basel
Kaufmann	Ed.	Prof.	Maiengasse 57	Basel	3792	1906	89	telefonbuch_091	PTT-Archiv, P-260-1_Basel_1906	Basel
Kaufmann	Jakob	Wirt	Amerbachstrasse 14	Basel	302	1906	89	telefonbuch_091	PTT-Archiv, P-260-1_Basel_1906	Basel
Kaufmann-Lieberg	D.		Weiherweg 32	Basel	988	1906	89	telefonbuch_091	PTT-Archiv, P-260-1_Basel_1906	Basel
Kaufmann-Merkle	A.		Leonhardsgraben 3	Basel	3067	1906	89	telefonbuch_091	PTT-Archiv, P-260-1_Basel_1906	Basel
Kaufmann	R.	feine Lederwaren	Freiestrasse 97	Basel	1903	1906	89	telefonbuch_091	PTT-Archiv, P-260-1_Basel_1906	Basel
Kaufmann-Streckeisen	Alfred		Engelgasse 115	Basel	3578	1906	89	telefonbuch_091	PTT-Archiv, P-260-1_Basel_1906	Basel
Kaufmann-Sturm	J.	Wirt	Isteinerstrasse 70	Basel	3503	1906	89	telefonbuch_091	PTT-Archiv, P-260-1_Basel_1906	Basel
Kaufmann & Co.		Bankgeschäft	Leonhardsgraben 3	Basel	2719	1906	89	telefonbuch_091	PTT-Archiv, P-260-1_Basel_1906	Basel
Kaufmann & Co.		Dieselben, Börse	Postgebäude	Basel	111	1906	89	telefonbuch_091	PTT-Archiv, P-260-1_Basel_1906	Basel
Kaufmann & Co.		Dieselben, Börse	Börse	Basel	2908	1906	89	telefonbuch_091	PTT-Archiv, P-260-1_Basel_1906	Basel
Kaufmann & Dorner			Reinacherstrasse 10	Basel	4026	1906	89	telefonbuch_091	PTT-Archiv, P-260-1_Basel_1906	Basel
Kaufmännischer Verein Basel		Sekretariat, Stellenvermittlung	Gerbergasse 24	Basel	4417	1906	89	telefonbuch_091	PTT-Archiv, P-260-1_Basel_1906	Basel
Kaufmännischer Verein Basel		Handelsschule: Rektorat	Gerbergasse 24	Basel	4417	1906	89	telefonbuch_091	PTT-Archiv, P-260-1_Basel_1906	Basel
Käumlen	M.	Handelsgärtner	Landskronstrasse 80	Basel	1444	1906	89	telefonbuch_091	PTT-Archiv, P-260-1_Basel_1906	Basel
Kaus, M., & Rytz		Hafner	Aeschenvorstadt 57	Basel	1945	1906	89	telefonbuch_091	PTT-Archiv, P-260-1_Basel_1906	Basel
Keckeis	Th.	Wwe.	Drahtzugstrasse 34	Basel	3314	1906	89	telefonbuch_091	PTT-Archiv, P-260-1_Basel_1906	Basel
Kehl	P.	Die Confection	Freiestrasse 34	Basel	1579	1906	89	telefonbuch_091	PTT-Archiv, P-260-1_Basel_1906	Basel
Kehlstadt-Bauler	Louis	Tapezierer	Gerbergasse 38	Basel	3026	1906	89	telefonbuch_091	PTT-Archiv, P-260-1_Basel_1906	Basel
Kehlstadt-David	W.	Metzgermeister	Aeschenvorstadt 46	Basel	2070	1906	89	telefonbuch_091	PTT-Archiv, P-260-1_Basel_1906	Basel
Kehlstadt-Hindermann	Adolf		Missionsstrasse 48	Basel	869	1906	89	telefonbuch_091	PTT-Archiv, P-260-1_Basel_1906	Basel
Kehlstadt-Schilling	L.	Wohnung	Schützenmattstr. 77	Basel	961	1906	89	telefonbuch_091	PTT-Archiv, P-260-1_Basel_1906	Basel
Keller	Albert	Tierarzt	Margarethenstr. 79	Basel	2145	1906	89	telefonbuch_091	PTT-Archiv, P-260-1_Basel_1906	Basel
Keller-Elmiger	Louis		Barfüssergasse 14	Basel	4411	1906	89	telefonbuch_091	PTT-Archiv, P-260-1_Basel_1906	Basel
Keller	Fr.	Basler Stempelfabrik	Bäumleingasse 12	Basel	209	1906	89	telefonbuch_091	PTT-Archiv, P-260-1_Basel_1906	Basel
Keller		Gebrüder, allgemeine Droschkenanstalt	Margarethenstr. 79	Basel	2145	1906	89	telefonbuch_091	PTT-Archiv, P-260-1_Basel_1906	Basel
Keller		Dieselben	Drahtzugstrasse 16	Basel	3470	1906	89	telefonbuch_091	PTT-Archiv, P-260-1_Basel_1906	Basel
Keller		Dieselben	Margarethenstr. 79	Basel	4001	1906	89	telefonbuch_091	PTT-Archiv, P-260-1_Basel_1906	Basel
Keller		Dieselben	Drahtzugstrasse 16	Basel	3356	1906	89	telefonbuch_091	PTT-Archiv, P-260-1_Basel_1906	Basel
Keller-Hartmann	J. H.	Gold- u. Silberhandlung	Eisengasse 32	Basel	1782	1906	89	telefonbuch_091	PTT-Archiv, P-260-1_Basel_1906	Basel
Keller-Kilchenmann	Ernst	Zahnarzt	Socinstrasse 6	Basel	2622	1906	89	telefonbuch_091	PTT-Archiv, P-260-1_Basel_1906	Basel
Keller-Schacher	Wilh.	Fuhrhalter	Lothringerstrasse 30	Basel	1648	1906	89	telefonbuch_091	PTT-Archiv, P-260-1_Basel_1906	Basel
Keller-Schmid	J.	Wwe.	Steinenvorstadt 10	Basel	1359	1906	89	telefonbuch_091	PTT-Archiv, P-260-1_Basel_1906	Basel
Keller & Cie.			Aeschenvorstadt 51	Basel	346	1906	89	telefonbuch_091	PTT-Archiv, P-260-1_Basel_1906	Basel
Kellerhals, Bellasio & Cie.			Unt. Rebgasse 11/13	Basel	1160	1906	89	telefonbuch_091	PTT-Archiv, P-260-1_Basel_1906	Basel
Kellerhals-Uhlmann	J. C.		Feierabendstr. 65	Basel	2609	1906	89	telefonbuch_091	PTT-Archiv, P-260-1_Basel_1906	Basel
Kelterborn	G. & J.	Architekten	Blumenrain 22	Basel	1334	1906	89	telefonbuch_091	PTT-Archiv, P-260-1_Basel_1906	Basel
Kelterborn-Krayer	C.		Spalenring 156	Basel	268	1906	90	telefonbuch_092	PTT-Archiv, P-260-1_Basel_1906	Basel
de Kermel	O.	Ingenieur	Birmannsgasse 47	Basel	4088	1906	90	telefonbuch_092	PTT-Archiv, P-260-1_Basel_1906	Basel
Kern	Dr. A.		Burgunderstrasse 42	Basel	2843	1906	90	telefonbuch_092	PTT-Archiv, P-260-1_Basel_1906	Basel
Kern-Alioth			St. Albananlage 38	Basel	1900	1906	90	telefonbuch_092	PTT-Archiv, P-260-1_Basel_1906	Basel
Kern	Aug.	Sohn von Kern-Schalch, Bauschlosserei und Eisenmöbelfabrik	Schlettstadterstr. 24	Basel	881	1906	90	telefonbuch_092	PTT-Archiv, P-260-1_Basel_1906	Basel
Kern-His	Dr. Ed.	(Wohnung)	Petersplatz 12	Basel	1536	1906	90	telefonbuch_092	PTT-Archiv, P-260-1_Basel_1906	Basel
Kern	J. Rud.	Cigarrenhandlung	Freiestrasse 38	Basel	1810	1906	90	telefonbuch_092	PTT-Archiv, P-260-1_Basel_1906	Basel
Kern	J. Rud.	Cigarrenhandlung	Greifengasse 19	Basel	1251	1906	90	telefonbuch_092	PTT-Archiv, P-260-1_Basel_1906	Basel
Kern	Maria		Steinengasse 42	Basel	1522	1906	90	telefonbuch_092	PTT-Archiv, P-260-1_Basel_1906	Basel
Kern	Oskar	St. Clara-Droguerie	Rebgasse 10	Basel	233	1906	90	telefonbuch_092	PTT-Archiv, P-260-1_Basel_1906	Basel
Kern-Ryhiner	A.		St. Johannvorstadt 5	Basel	1300	1906	90	telefonbuch_092	PTT-Archiv, P-260-1_Basel_1906	Basel
Kern Sohn & Co.			Spitalstrasse 4	Basel	1365	1906	90	telefonbuch_092	PTT-Archiv, P-260-1_Basel_1906	Basel
Kern-Stähelin	F.		Rheinfelderstrasse 7	Basel	3800	1906	90	telefonbuch_092	PTT-Archiv, P-260-1_Basel_1906	Basel
Kernen-Heer	Rob.		Aeschenvorstadt 75	Basel	2451	1906	90	telefonbuch_092	PTT-Archiv, P-260-1_Basel_1906	Basel
Kessler	Daniel	Architekt	Mittlerestrasse 78	Basel	4092	1906	90	telefonbuch_092	PTT-Archiv, P-260-1_Basel_1906	Basel
Kessler	Ludwig		Greifengasse 32	Basel	3401	1906	90	telefonbuch_092	PTT-Archiv, P-260-1_Basel_1906	Basel
Kessler	Hans	Baumeister	Breisacherstrasse 81	Basel	3338	1906	90	telefonbuch_092	PTT-Archiv, P-260-1_Basel_1906	Basel
Kestenholz Söhne	J.	Kartonnagenfabrik	Elisabethenstr. 41	Basel	2383	1906	90	telefonbuch_092	PTT-Archiv, P-260-1_Basel_1906	Basel
Kestenholz-Weber	K.		Holbeinstrasse 18	Basel	314	1906	90	telefonbuch_092	PTT-Archiv, P-260-1_Basel_1906	Basel
Kiebiger	E. A.		Sperrstrasse 85	Basel	3450	1906	90	telefonbuch_092	PTT-Archiv, P-260-1_Basel_1906	Basel
Kiefer-Brüderlin	E.		Kandererstrasse 32	Basel	91	1906	90	telefonbuch_092	PTT-Archiv, P-260-1_Basel_1906	Basel
Kiefer	Charles		Clarastrasse 16	Basel	1984	1906	90	telefonbuch_092	PTT-Archiv, P-260-1_Basel_1906	Basel
Kiefer	Georg		Münchensteinerstr. 69	Basel	3983	1906	90	telefonbuch_092	PTT-Archiv, P-260-1_Basel_1906	Basel
Kiefer	G.	& Co.	Gerbergasse 14	Basel	1520	1906	90	telefonbuch_092	PTT-Archiv, P-260-1_Basel_1906	Basel
Kiefer	G.	& Co.	Freiestrasse 23	Basel	1209	1906	90	telefonbuch_092	PTT-Archiv, P-260-1_Basel_1906	Basel
Kiefer-Henke	A.		Spalenberg 59	Basel	2003	1906	90	telefonbuch_092	PTT-Archiv, P-260-1_Basel_1906	Basel
Kiefer-Herde	Joseph		Elsässerstrasse 39	Basel	338	1906	90	telefonbuch_092	PTT-Archiv, P-260-1_Basel_1906	Basel
Kiefer	Hermann	Cigarrenhandlung	Aeschenvorstadt 2	Basel	2013	1906	90	telefonbuch_092	PTT-Archiv, P-260-1_Basel_1906	Basel
Kiefer-Lehner	K. F.		Isteinerstrasse 102	Basel	1042	1906	90	telefonbuch_092	PTT-Archiv, P-260-1_Basel_1906	Basel
Kiefer	Rud.	Sohn	Fischmarkt 3	Basel	1295	1906	90	telefonbuch_092	PTT-Archiv, P-260-1_Basel_1906	Basel
Kienast-Blattner	Alb.	Spenglermeister	Klingenthalstr. 55	Basel	3458	1906	90	telefonbuch_092	PTT-Archiv, P-260-1_Basel_1906	Basel
Kienast	L.		Pilgerstrasse 21	Basel	2569	1906	90	telefonbuch_092	PTT-Archiv, P-260-1_Basel_1906	Basel
Kinderhorte der Primarschulen		Leitung: A. Wildi	Theodorsgraben 28	Basel	3262	1906	90	telefonbuch_092	PTT-Archiv, P-260-1_Basel_1906	Basel
Kinderspital			Burgweg 22	Basel	1128	1906	90	telefonbuch_092	PTT-Archiv, P-260-1_Basel_1906	Basel
Kindhauser-Gebhardt	R.		Marktgasse 3	Basel	170	1906	90	telefonbuch_092	PTT-Archiv, P-260-1_Basel_1906	Basel
Kissel	Wwe.	Hotel goldener Stern	Aeschenvorstadt 44	Basel	2293	1906	90	telefonbuch_092	PTT-Archiv, P-260-1_Basel_1906	Basel
Kissner-Meier	Fr.	Fassholzhauerei	Oetlingerstrasse 171	Basel	2698	1906	90	telefonbuch_092	PTT-Archiv, P-260-1_Basel_1906	Basel
Kist-Marquardt	Lukas	Küfermeister	Güterstrasse 96	Basel	863	1906	90	telefonbuch_092	PTT-Archiv, P-260-1_Basel_1906	Basel
Kiit	Aug.	Bäckermeister	Klingenthalstr. 87	Basel	3471	1906	90	telefonbuch_092	PTT-Archiv, P-260-1_Basel_1906	Basel
Klaiber-Desponds	Louis		Winkelriedplatz 9	Basel	4077	1906	90	telefonbuch_092	PTT-Archiv, P-260-1_Basel_1906	Basel
Klaiber-Dettinger	Emma	Wwe.	Spalenthorweg 34	Basel	4177	1906	90	telefonbuch_092	PTT-Archiv, P-260-1_Basel_1906	Basel
Klaiber	R.		Feierabendstrasse 7	Basel	2431	1906	90	telefonbuch_092	PTT-Archiv, P-260-1_Basel_1906	Basel
Klaiber-Vest	Richard		Feierabendstrasse 7	Basel	2431	1906	90	telefonbuch_092	PTT-Archiv, P-260-1_Basel_1906	Basel
Klaraschulhaus			Claragraben 59	Basel	3638	1906	90	telefonbuch_092	PTT-Archiv, P-260-1_Basel_1906	Basel
Kleeb-Willi		Spezerei- und Schinkenhandlung	Mittlerestrasse 67	Basel	1466	1906	90	telefonbuch_092	PTT-Archiv, P-260-1_Basel_1906	Basel
Kleiber	Louis	Chem. Wäscherei und Färberei	Gempenstrasse 11	Basel	4505	1906	90	telefonbuch_092	PTT-Archiv, P-260-1_Basel_1906	Basel
Klessen & Siebenmann		Automobiles	Elsässerstrasse 130	Basel	4488	1906	90	telefonbuch_092	PTT-Archiv, P-260-1_Basel_1906	Basel
Klein	H.	Zinngiesserei und Glashandlung	Schneidergasse 30	Basel	2867	1906	91	telefonbuch_093	PTT-Archiv, P-260-1_Basel_1906	Basel
Kling-Jenny	Carl	Photographie	Petersgraben 17	Basel	1440	1906	91	telefonbuch_093	PTT-Archiv, P-260-1_Basel_1906	Basel
Kling-Kündig	Oscar	zur Bernerhalle	Spalenring 132	Basel	2809	1906	91	telefonbuch_093	PTT-Archiv, P-260-1_Basel_1906	Basel
Klingelfuss	Fr.	& Co., elektrotechnische Fabrik	Petersgasse 7	Basel	1686	1906	91	telefonbuch_093	PTT-Archiv, P-260-1_Basel_1906	Basel
Kloetzer	Dr. Ferd. C.	American Dentist, Praxis	Freiestrasse 70	Basel	963	1906	91	telefonbuch_093	PTT-Archiv, P-260-1_Basel_1906	Basel
Derselbe		Wohnung	Mittlerestrasse 104	Basel	1026	1906	91	telefonbuch_093	PTT-Archiv, P-260-1_Basel_1906	Basel
Klumpp-Scheeder	Gust.	Metzger	Blumenrain 25	Basel	1382	1906	91	telefonbuch_093	PTT-Archiv, P-260-1_Basel_1906	Basel
Derselbe			St. Johannring 48	Basel	385	1906	91	telefonbuch_093	PTT-Archiv, P-260-1_Basel_1906	Basel
Klybeck-Kasino		(L. Herrmann-Thoma, Wirt)	Klybeckstrasse 34	Basel	3278	1906	91	telefonbuch_093	PTT-Archiv, P-260-1_Basel_1906	Basel
Knabensekundarschule z. Mücke			Münsterplatz 18	Basel	1092	1906	91	telefonbuch_093	PTT-Archiv, P-260-1_Basel_1906	Basel
Dieselbe		Pestalozzischulhaus	St. Johannplatz 9	Basel	1666	1906	91	telefonbuch_093	PTT-Archiv, P-260-1_Basel_1906	Basel
Dieselbe		Wettsteinschulhaus	Clarahofweg 4	Basel	3807	1906	91	telefonbuch_093	PTT-Archiv, P-260-1_Basel_1906	Basel
Knapp	Carl	Droguerie	Güterstrasse 155	Basel	780	1906	91	telefonbuch_093	PTT-Archiv, P-260-1_Basel_1906	Basel
Knapp	Dr. Paul		Klingenthalgraben 31	Basel	2112	1906	91	telefonbuch_093	PTT-Archiv, P-260-1_Basel_1906	Basel
Knapp	Dr. Th.	Apotheker	Solothurnerstr. 41	Basel	3965	1906	91	telefonbuch_093	PTT-Archiv, P-260-1_Basel_1906	Basel
Knecht	Louis	Nachf. W. Riggenbach	Elisabethenstr. 41	Basel	924	1906	91	telefonbuch_093	PTT-Archiv, P-260-1_Basel_1906	Basel
Kneubühler-Meier	Ad.	Wirt	Hägenheimerstr. 10	Basel	877	1906	91	telefonbuch_093	PTT-Archiv, P-260-1_Basel_1906	Basel
Knöbel	R.	fabr. d'instr. de chirurgie	Spalenring 15	Basel	2634	1906	91	telefonbuch_093	PTT-Archiv, P-260-1_Basel_1906	Basel
Knopf	S.		Freiestrasse 49	Basel	1808	1906	91	telefonbuch_093	PTT-Archiv, P-260-1_Basel_1906	Basel
Derselbe		Filiale	Greifengasse 24	Basel	3254	1906	91	telefonbuch_093	PTT-Archiv, P-260-1_Basel_1906	Basel
Knörr	Dr. J.	Advokaturbureau	Freiestrasse 91	Basel	1774	1906	91	telefonbuch_093	PTT-Archiv, P-260-1_Basel_1906	Basel
Kober	C. F.	Spittlers Nachfolger	Schlüsselberg 3	Basel	1200	1906	91	telefonbuch_093	PTT-Archiv, P-260-1_Basel_1906	Basel
Kober-Gobat	Frau Marie		Socinstrasse 17	Basel	470	1906	91	telefonbuch_093	PTT-Archiv, P-260-1_Basel_1906	Basel
Koch	Albert	Conditor	Freiestrasse 93	Basel	1761	1906	91	telefonbuch_093	PTT-Archiv, P-260-1_Basel_1906	Basel
Koch	Emil	Confiseur	Eisengasse 3	Basel	1316	1906	91	telefonbuch_093	PTT-Archiv, P-260-1_Basel_1906	Basel
Koch-Müller	Aug.	Bäcker	Friedrichstrasse 14	Basel	906	1906	91	telefonbuch_093	PTT-Archiv, P-260-1_Basel_1906	Basel
Koch-Sixt	Hans		Murtengasse 14	Basel	2966	1906	91	telefonbuch_093	PTT-Archiv, P-260-1_Basel_1906	Basel
Koch-Zeller	Reinh.	Weinhandlung	Mittlerestrasse 40	Basel	1498	1906	91	telefonbuch_093	PTT-Archiv, P-260-1_Basel_1906	Basel
Kocherhans-Schaub	Jak.		Spaltenthorweg 16	Basel	2647	1906	91	telefonbuch_093	PTT-Archiv, P-260-1_Basel_1906	Basel
Köchli-Gloor	Karl	Wirt	Allschwilerstrasse 2	Basel	297	1906	91	telefonbuch_093	PTT-Archiv, P-260-1_Basel_1906	Basel
Köchlin-Burckhardt	Ernst	(Wohnung)	Hirzbodenweg 49	Basel	3591	1906	91	telefonbuch_093	PTT-Archiv, P-260-1_Basel_1906	Basel
Köchlin		Burckhardt & Co.	Isteinerstrasse 24	Basel	1881	1906	91	telefonbuch_093	PTT-Archiv, P-260-1_Basel_1906	Basel
Dieselben			Riehenteichweg 8	Basel	3602	1906	91	telefonbuch_093	PTT-Archiv, P-260-1_Basel_1906	Basel
Köchlin-Hagenbach	Eugen		Kapellenstrasse 16	Basel	2092	1906	91	telefonbuch_093	PTT-Archiv, P-260-1_Basel_1906	Basel
Köchlin-Hoffmann	Albert		Nauenstrasse 2	Basel	2228	1906	91	telefonbuch_093	PTT-Archiv, P-260-1_Basel_1906	Basel
Köchlin-Iselin	Carl		Engelgasse 51	Basel	3698	1906	91	telefonbuch_093	PTT-Archiv, P-260-1_Basel_1906	Basel
Köchlin	Dr. Paul	Apotheker	Elisabethenstr. 18	Basel	2408	1906	91	telefonbuch_093	PTT-Archiv, P-260-1_Basel_1906	Basel
Köchlin	Paul Emil		Rennweg 53	Basel	3553	1906	91	telefonbuch_093	PTT-Archiv, P-260-1_Basel_1906	Basel
Köchlin-Schneeli	Alf.		Römergasse 5	Basel	1135	1906	91	telefonbuch_093	PTT-Archiv, P-260-1_Basel_1906	Basel
Köchlin-Staehelin	Alb. G.		St. Albanvorstadt 25	Basel	4447	1906	91	telefonbuch_093	PTT-Archiv, P-260-1_Basel_1906	Basel
Köchlin & Lichtenhahn		Notariat und Advokatur	St. Albangraben 1	Basel	2154	1906	91	telefonbuch_093	PTT-Archiv, P-260-1_Basel_1906	Basel
Kofler	M.	Handschuhgeschäft	Stadthausgasse 7	Basel	1616	1906	91	telefonbuch_093	PTT-Archiv, P-260-1_Basel_1906	Basel
Koger	Gustav		Dornacherstr. 41	Basel	4264	1906	91	telefonbuch_093	PTT-Archiv, P-260-1_Basel_1906	Basel
Kohlensäurefabrik Bürgin			Unt. Rheinweg 18	Basel	1263	1906	91	telefonbuch_093	PTT-Archiv, P-260-1_Basel_1906	Basel
Kohlenunion Geldner			St. Albangraben 4	Basel	1885	1906	91	telefonbuch_093	PTT-Archiv, P-260-1_Basel_1906	Basel
Dieselbe		Lagerplatz	Dreispitz	Basel	3990	1906	91	telefonbuch_093	PTT-Archiv, P-260-1_Basel_1906	Basel
Kohler-Brunner	Wwe., & Söhne	Entleerungsgeschäft	Riehenstrasse 96	Basel	3847	1906	91	telefonbuch_093	PTT-Archiv, P-260-1_Basel_1906	Basel
Kohler-Burow	E.	Bahnhofrestauration	Bahnhof S. B. B.	Basel	2244	1906	91	telefonbuch_093	PTT-Archiv, P-260-1_Basel_1906	Basel
Derselbe		Wohnung	Solothurnerstr. 44	Basel	3861	1906	91	telefonbuch_093	PTT-Archiv, P-260-1_Basel_1906	Basel
Kohler	Gottl.	Ameublements	Mittlerestrasse 30	Basel	4027	1906	92	telefonbuch_094	PTT-Archiv, P-260-1_Basel_1906	Basel
Kohler	Melchior	Schuhmacher	Spalenberg 8	Basel	2639	1906	92	telefonbuch_094	PTT-Archiv, P-260-1_Basel_1906	Basel
Köhler & Bosshardt		Kupferschmiedwerkstätte	Obere Rebgasse 20	Basel	1202	1906	92	telefonbuch_094	PTT-Archiv, P-260-1_Basel_1906	Basel
Kölla-Stänz	C. R.		Sonnenweg 11	Basel	1661	1906	92	telefonbuch_094	PTT-Archiv, P-260-1_Basel_1906	Basel
Kölliker	P. A.	& Cie.	Freiestrasse 103	Basel	2321	1906	92	telefonbuch_094	PTT-Archiv, P-260-1_Basel_1906	Basel
Kölz	Julius		Wallstrasse 13	Basel	16	1906	92	telefonbuch_094	PTT-Archiv, P-260-1_Basel_1906	Basel
Kommandit-Gesellschaft für Verdampfanlagen O. Faller & Co.			Thiersteinerallee 53	Basel	1005	1906	92	telefonbuch_094	PTT-Archiv, P-260-1_Basel_1906	Basel
Konkursamt			Bäumleingasse 3	Basel	1747	1906	92	telefonbuch_094	PTT-Archiv, P-260-1_Basel_1906	Basel
Kontrollbureau des Kantons Basel-Stadt			Lohnhof	Basel	2367	1906	92	telefonbuch_094	PTT-Archiv, P-260-1_Basel_1906	Basel
Körner-Mäglin	V.		Leimenstrasse 69	Basel	2976	1906	92	telefonbuch_094	PTT-Archiv, P-260-1_Basel_1906	Basel
Körner-Schmid	Karl	Maler	Spalenring 30	Basel	874	1906	92	telefonbuch_094	PTT-Archiv, P-260-1_Basel_1906	Basel
Kornfeld	Wilhelm		Florastrasse 32	Basel	4476	1906	92	telefonbuch_094	PTT-Archiv, P-260-1_Basel_1906	Basel
Korporation der Kleinbasler Teichinteressenten		Wohnung des Wasserknechtes	Schliesse Lange Erlen	Basel	3827	1906	92	telefonbuch_094	PTT-Archiv, P-260-1_Basel_1906	Basel
Kost	Leonhard's Wwe.	Bürstenfabrikation	Freiestrasse 51	Basel	1791	1906	92	telefonbuch_094	PTT-Archiv, P-260-1_Basel_1906	Basel
Krafft	Carl		Güterstrasse 85	Basel	2588	1906	92	telefonbuch_094	PTT-Archiv, P-260-1_Basel_1906	Basel
Krämer	Heinr.	Bäckermeister	Jurastrasse 25	Basel	3753	1906	92	telefonbuch_094	PTT-Archiv, P-260-1_Basel_1906	Basel
Kramer	Magnus	Lithogr. Anstalt	Leonhardstrasse 20	Basel	3039	1906	92	telefonbuch_094	PTT-Archiv, P-260-1_Basel_1906	Basel
Kramer-Reinhardt	Karl	Wirt	Kleinhüningerstr. 97	Basel	3837	1906	92	telefonbuch_094	PTT-Archiv, P-260-1_Basel_1906	Basel
Kramer-Rohr	H.	Wirt	Sandgrubenweg 2	Basel	3894	1906	92	telefonbuch_094	PTT-Archiv, P-260-1_Basel_1906	Basel
Kramer & Cie.			Schützengraben 38	Basel	2723	1906	92	telefonbuch_094	PTT-Archiv, P-260-1_Basel_1906	Basel
Kränacher-Bienger	Karl		St. Albanrheinweg 188	Basel	390	1906	92	telefonbuch_094	PTT-Archiv, P-260-1_Basel_1906	Basel
Krauss-Haberstroh	M.	Wirt	Bahnhofstrasse 11	Basel	3614	1906	92	telefonbuch_094	PTT-Archiv, P-260-1_Basel_1906	Basel
Krayer-Burckhardt	A.		Wartenbergstr. 41	Basel	3542	1906	92	telefonbuch_094	PTT-Archiv, P-260-1_Basel_1906	Basel
Krayer	F.	Sohn	Spalenring 156	Basel	268	1906	92	telefonbuch_094	PTT-Archiv, P-260-1_Basel_1906	Basel
Krayer-Förster	H. A.	Wwe.	Sevogelstrasse 32	Basel	4102	1906	92	telefonbuch_094	PTT-Archiv, P-260-1_Basel_1906	Basel
Krayer-Kelterborn	Friedr.		Schützenmattstr. 27	Basel	958	1906	92	telefonbuch_094	PTT-Archiv, P-260-1_Basel_1906	Basel
Krayer-LaRoche	M. E. G.		Sonnenweg 6	Basel	3660	1906	92	telefonbuch_094	PTT-Archiv, P-260-1_Basel_1906	Basel
Krayer	M.	& Co.	Holbeinstrasse 35	Basel	3055	1906	92	telefonbuch_094	PTT-Archiv, P-260-1_Basel_1906	Basel
Krayer-Ramsperger's Nachf.		Mineralwasser- & Colonialwarenh.	Freiestrasse 39	Basel	1057	1906	92	telefonbuch_094	PTT-Archiv, P-260-1_Basel_1906	Basel
Krebs	G.	Buchdrucker	Fischmarkt 1	Basel	1617	1906	92	telefonbuch_094	PTT-Archiv, P-260-1_Basel_1906	Basel
Krebs	G.	Buchdrucker	Steinenthorstr. 13	Basel	3395	1906	92	telefonbuch_094	PTT-Archiv, P-260-1_Basel_1906	Basel
Krebs & Siebenmann			Wallstrasse 9	Basel	4318	1906	92	telefonbuch_094	PTT-Archiv, P-260-1_Basel_1906	Basel
Krebs	H.	vorm. J. Krebs-Weiss, Bettwarengeschäft	Gerbergässlein 10	Basel	3004	1906	92	telefonbuch_094	PTT-Archiv, P-260-1_Basel_1906	Basel
Kreis		Buchdruckerei	Petersgraben 21	Basel	1514	1906	92	telefonbuch_094	PTT-Archiv, P-260-1_Basel_1906	Basel
Kreis	Hans	Dr., Kantons-Chemiker	Petersplatz 10	Basel	1422	1906	92	telefonbuch_094	PTT-Archiv, P-260-1_Basel_1906	Basel
Kreis	Hermann		Steinengraben 79	Basel	2501	1906	92	telefonbuch_094	PTT-Archiv, P-260-1_Basel_1906	Basel
Kreis	Oscar	Dr. med.	Steinengraben 20	Basel	3621	1906	92	telefonbuch_094	PTT-Archiv, P-260-1_Basel_1906	Basel
Kreis	Th.	Damenkleiderstoffe	Barfüsserplatz 3	Basel	2052	1906	92	telefonbuch_094	PTT-Archiv, P-260-1_Basel_1906	Basel
Kreiskommando Basel			Petersgraben 46	Basel	1426	1906	92	telefonbuch_094	PTT-Archiv, P-260-1_Basel_1906	Basel
Kron-Waechter	J.		Sommergasse 34	Basel	4467	1906	92	telefonbuch_094	PTT-Archiv, P-260-1_Basel_1906	Basel
Kronenhalle	O. Heinzelmann		Centralbahnplatz 10	Basel	1795	1906	92	telefonbuch_094	PTT-Archiv, P-260-1_Basel_1906	Basel
Kropf-Werthmüller	Joh.	Metzgermeister	Erlenweg 52	Basel	808	1906	92	telefonbuch_094	PTT-Archiv, P-260-1_Basel_1906	Basel
Krüger-Zimmermann	B.		Freiestrasse 84	Basel	2001	1906	92	telefonbuch_094	PTT-Archiv, P-260-1_Basel_1906	Basel
Krüsi	Hermann	Buchdruckerei	Kohlenberg 7	Basel	2509	1906	92	telefonbuch_094	PTT-Archiv, P-260-1_Basel_1906	Basel
Krummenacher	Emil	Wirt	Amerbachstrasse 2	Basel	3274	1906	92	telefonbuch_094	PTT-Archiv, P-260-1_Basel_1906	Basel
Krummenacher	Joh.	& Bell, Emil, Fuhrhalterei	Sierenzerstrasse 10	Basel	824	1906	93	telefonbuch_095	PTT-Archiv, P-260-1_Basel_1906	Basel
Kübler-Heissinger	W.		Schweizerplatz 1	Basel	2772	1906	93	telefonbuch_095	PTT-Archiv, P-260-1_Basel_1906	Basel
Kübler		Söhne	Freiestrasse 68	Basel	1986	1906	93	telefonbuch_095	PTT-Archiv, P-260-1_Basel_1906	Basel
Kübler		Söhne	Gerbergasse 53	Basel	2189	1906	93	telefonbuch_095	PTT-Archiv, P-260-1_Basel_1906	Basel
Kübler		Söhne	Greifengasse 7	Basel	992	1906	93	telefonbuch_095	PTT-Archiv, P-260-1_Basel_1906	Basel
Kuebler	Robert		Centralbahnstr. 21	Basel	301	1906	93	telefonbuch_095	PTT-Archiv, P-260-1_Basel_1906	Basel
Kuentzy-Kübler	F.		Schweizerplatz 1	Basel	2772	1906	93	telefonbuch_095	PTT-Archiv, P-260-1_Basel_1906	Basel
Kueny-Meich	Albert	Agentur	Mittlerestrasse 107	Basel	751	1906	93	telefonbuch_095	PTT-Archiv, P-260-1_Basel_1906	Basel
Kugler	Alfred	Photograph	Stadthausgasse 24	Basel	458	1906	93	telefonbuch_095	PTT-Archiv, P-260-1_Basel_1906	Basel
Kugler	J. G.		Rütlistrasse 50	Basel	999	1906	93	telefonbuch_095	PTT-Archiv, P-260-1_Basel_1906	Basel
Kugler	T.		Birsigstrasse 80	Basel	3102	1906	93	telefonbuch_095	PTT-Archiv, P-260-1_Basel_1906	Basel
Kuhn		Glasmalerei, Inhaber Max Kuhn	Klingenthalstr. 69	Basel	3463	1906	93	telefonbuch_095	PTT-Archiv, P-260-1_Basel_1906	Basel
Kuhn	J.	Schreinermeister	Markgräflerstr. 34	Basel	224	1906	93	telefonbuch_095	PTT-Archiv, P-260-1_Basel_1906	Basel
Kuhn	W.	Eisen und Haushaltsartikel	Solothurnerstrasse 47	Basel	3875	1906	93	telefonbuch_095	PTT-Archiv, P-260-1_Basel_1906	Basel
Kühne-Wiesendanger	M.	Metzgermeister	Spalenvorstadt 23	Basel	2668	1906	93	telefonbuch_095	PTT-Archiv, P-260-1_Basel_1906	Basel
Kühner	Ch.		Elsässerstrasse 254	Basel	1930	1906	93	telefonbuch_095	PTT-Archiv, P-260-1_Basel_1906	Basel
Kully	Othmar	Dr., Advokat	Gerbergasse 11	Basel	2327	1906	93	telefonbuch_095	PTT-Archiv, P-260-1_Basel_1906	Basel
Kummer	Rud.		Byfangweg 3	Basel	3000	1906	93	telefonbuch_095	PTT-Archiv, P-260-1_Basel_1906	Basel
Kümmich	A.	Bierdépôt	Elisabethenstr. 41	Basel	2399	1906	93	telefonbuch_095	PTT-Archiv, P-260-1_Basel_1906	Basel
Kündig	Aug.	Dr.	Leimenstrasse 35	Basel	2950	1906	93	telefonbuch_095	PTT-Archiv, P-260-1_Basel_1906	Basel
Kündig	R.	Dr., Wohnung	Sevogelstrasse 74	Basel	3951	1906	93	telefonbuch_095	PTT-Archiv, P-260-1_Basel_1906	Basel
Kündig	Rud.	Dr., & Stumm, Dr. Herm.	Freiestrasse 88	Basel	2054	1906	93	telefonbuch_095	PTT-Archiv, P-260-1_Basel_1906	Basel
Kündig-VonSpeyr	E.	Wwe.	Socinstrasse 1	Basel	1459	1906	93	telefonbuch_095	PTT-Archiv, P-260-1_Basel_1906	Basel
Kunsthalle-Restaurant (Peter)			Steinenberg 7	Basel	2372	1906	93	telefonbuch_095	PTT-Archiv, P-260-1_Basel_1906	Basel
Kunstsammlung		öffentliche, Museum	Augustinergasse 2	Basel	433	1906	93	telefonbuch_095	PTT-Archiv, P-260-1_Basel_1906	Basel
Kunz-Brunner	J.	Dr.	Klingelbergstr. 31	Basel	788	1906	93	telefonbuch_095	PTT-Archiv, P-260-1_Basel_1906	Basel
Kunz	P.		Sternengässlein 17	Basel	2332	1906	93	telefonbuch_095	PTT-Archiv, P-260-1_Basel_1906	Basel
Künzi-Glauser	K.	Kaminfegermeister	Gempenstrasse 39	Basel	310	1906	93	telefonbuch_095	PTT-Archiv, P-260-1_Basel_1906	Basel
Künzli-Egg	Fr.	Bäckermeister	Aeschenvorstadt 6	Basel	2077	1906	93	telefonbuch_095	PTT-Archiv, P-260-1_Basel_1906	Basel
Künzli-Mahler	Otto	Fuhrhalter	Sierenzerstrasse 40	Basel	823	1906	93	telefonbuch_095	PTT-Archiv, P-260-1_Basel_1906	Basel
Kury	Konrad	Dr.	Efringerstrasse 18	Basel	336	1906	93	telefonbuch_095	PTT-Archiv, P-260-1_Basel_1906	Basel
Küry	Ernst	Dr., Wohnung	Thiersteinerallee 79	Basel	1674	1906	93	telefonbuch_095	PTT-Archiv, P-260-1_Basel_1906	Basel
Küry	Ernst	Dr., Bureau	Freiestrasse 103	Basel	2021	1906	93	telefonbuch_095	PTT-Archiv, P-260-1_Basel_1906	Basel
Kuttruff & Frefel		mech. Werkstätte	St. Albanthal 6	Basel	4132	1906	93	telefonbuch_095	PTT-Archiv, P-260-1_Basel_1906	Basel
Labhardt	B.	Frau Wwe.	Therwilerstrasse 33	Basel	2758	1906	93	telefonbuch_095	PTT-Archiv, P-260-1_Basel_1906	Basel
Labhardt-Thommen	E.	Dr.	Missionsstrasse 53	Basel	3414	1906	93	telefonbuch_095	PTT-Archiv, P-260-1_Basel_1906	Basel
Labhardt	Ulr.	Coiffeur	Spiegelgasse 2	Basel	5	1906	93	telefonbuch_095	PTT-Archiv, P-260-1_Basel_1906	Basel
Lachenmeier	R.	Möbelschreinerei	Maulbeerweg 24	Basel	3501	1906	93	telefonbuch_095	PTT-Archiv, P-260-1_Basel_1906	Basel
Ladendorff		Nachf. E. Gerber	Untere Rebgasse 18	Basel	1242	1906	93	telefonbuch_095	PTT-Archiv, P-260-1_Basel_1906	Basel
Lagerhausverwaltung der S. B. B.			Güterbahnhof	Basel	2479	1906	93	telefonbuch_095	PTT-Archiv, P-260-1_Basel_1906	Basel
Lais	August	Schlosserei	St. Albanvorstadt 16	Basel	1838	1906	93	telefonbuch_095	PTT-Archiv, P-260-1_Basel_1906	Basel
Lamm-Mollinet	Fr.	Droguerie	Sennheimerstrasse 45	Basel	151	1906	93	telefonbuch_095	PTT-Archiv, P-260-1_Basel_1906	Basel
Lämmle-Schmid	Siegfr.	Wirt	Ob. Rebgasse 49	Basel	3071	1906	93	telefonbuch_095	PTT-Archiv, P-260-1_Basel_1906	Basel
Landsrath	Emil	Schieferdeckermeister	Weissagasse 22	Basel	2059	1906	93	telefonbuch_095	PTT-Archiv, P-260-1_Basel_1906	Basel
Lang-Herrmann	Philipp		Steinenthorstrasse 40	Basel	2555	1906	93	telefonbuch_095	PTT-Archiv, P-260-1_Basel_1906	Basel
Lang	J.		Missionsstrasse 68	Basel	891	1906	93	telefonbuch_095	PTT-Archiv, P-260-1_Basel_1906	Basel
Lang	Joseph	Metzger	Elsässerstrasse 6	Basel	1725	1906	93	telefonbuch_095	PTT-Archiv, P-260-1_Basel_1906	Basel
Lang-Kunz	Ernst		Angensteinerstr. 27	Basel	3569	1906	94	telefonbuch_096	PTT-Archiv, P-260-1_Basel_1906	Basel
Lang-Lauer	Louis	Wirt	Elsässerstrasse 1	Basel	1647	1906	94	telefonbuch_096	PTT-Archiv, P-260-1_Basel_1906	Basel
Lang	Pierre		Feierabendstrasse 51	Basel	2900	1906	94	telefonbuch_096	PTT-Archiv, P-260-1_Basel_1906	Basel
Lang	Mathias	Fuhr- und Droschkenhalter	Mülhauserstrasse 68	Basel	1645	1906	94	telefonbuch_096	PTT-Archiv, P-260-1_Basel_1906	Basel
Lang-Müller	Georg	Wirt	Spalenvorstadt 45	Basel	2671	1906	94	telefonbuch_096	PTT-Archiv, P-260-1_Basel_1906	Basel
Lang	Siegfried	Weinhandlung	Steinenvorstadt 67	Basel	2468	1906	94	telefonbuch_096	PTT-Archiv, P-260-1_Basel_1906	Basel
Lang	Siegfried	Eisenhandlung	Steinenvorstadt 67	Basel	2468	1906	94	telefonbuch_096	PTT-Archiv, P-260-1_Basel_1906	Basel
Längin-Ankelin	Joh.	Schuhhandlung	Rheingasse 52	Basel	1180	1906	94	telefonbuch_096	PTT-Archiv, P-260-1_Basel_1906	Basel
Längin	E. & F.	Fuhrhalter	Gasstrasse 46	Basel	1508	1906	94	telefonbuch_096	PTT-Archiv, P-260-1_Basel_1906	Basel
Langmesser-Dennler	J.	Seilerei	Vogelsangweg 6	Basel	2134	1906	94	telefonbuch_096	PTT-Archiv, P-260-1_Basel_1906	Basel
LaRoche-Burckhardt	Frau H.		Münchensteinerstr. 4	Basel	3981	1906	94	telefonbuch_096	PTT-Archiv, P-260-1_Basel_1906	Basel
LaRoche-Burckhardt	Louis		Gellertstrasse 20	Basel	1048	1906	94	telefonbuch_096	PTT-Archiv, P-260-1_Basel_1906	Basel
LaRoche-Burckhardt	Aug.	Sohn	St. Albananlage 32	Basel	1935	1906	94	telefonbuch_096	PTT-Archiv, P-260-1_Basel_1906	Basel
LaRoche	Emanuel W.		Kapellenstrasse 18	Basel	3668	1906	94	telefonbuch_096	PTT-Archiv, P-260-1_Basel_1906	Basel
LaRoche Sohn & Cie.			Aeschenvorstadt 4	Basel	2014	1906	94	telefonbuch_096	PTT-Archiv, P-260-1_Basel_1906	Basel
LaRoche	Hermann		Gellertstrasse 27	Basel	4106	1906	94	telefonbuch_096	PTT-Archiv, P-260-1_Basel_1906	Basel
LaRoche-Heusler	Emanuel		Gellertstrasse 14	Basel	3666	1906	94	telefonbuch_096	PTT-Archiv, P-260-1_Basel_1906	Basel
LaRoche-Iselin	Dr. A.		Angensteinerstr. 12	Basel	3957	1906	94	telefonbuch_096	PTT-Archiv, P-260-1_Basel_1906	Basel
LaRoche	L. B.		Luftgässlein 1	Basel	1749	1906	94	telefonbuch_096	PTT-Archiv, P-260-1_Basel_1906	Basel
LaRoche-Merian	Fritz		St. Albanvorstadt 83	Basel	1821	1906	94	telefonbuch_096	PTT-Archiv, P-260-1_Basel_1906	Basel
LaRoche-Merian	Fritz		Riehenstrasse 170	Basel	3811	1906	94	telefonbuch_096	PTT-Archiv, P-260-1_Basel_1906	Basel
LaRoche-Passavant	A.		St. Jakobstrasse 94	Basel	3997	1906	94	telefonbuch_096	PTT-Archiv, P-260-1_Basel_1906	Basel
LaRoche-Ringwald			Steinenvorstadt 23	Basel	2969	1906	94	telefonbuch_096	PTT-Archiv, P-260-1_Basel_1906	Basel
LaRoche-Ryhiner	R.		Gellertstrasse 3	Basel	4111	1906	94	telefonbuch_096	PTT-Archiv, P-260-1_Basel_1906	Basel
LaRoche, Stähelin & Co.			Malzgasse 16	Basel	4290	1906	94	telefonbuch_096	PTT-Archiv, P-260-1_Basel_1906	Basel
LaRoche, Stähelin & Co.		Hôtel de l'Univers	Centralbahnstr. 7	Basel	899	1906	94	telefonbuch_096	PTT-Archiv, P-260-1_Basel_1906	Basel
LaRoche & Co.			Sternengasse 10	Basel	1835	1906	94	telefonbuch_096	PTT-Archiv, P-260-1_Basel_1906	Basel
La Roche-VonderMühll	R.		Rennweg 32	Basel	1985	1906	94	telefonbuch_096	PTT-Archiv, P-260-1_Basel_1906	Basel
Laub	Adolf		Elsässerstrasse 36	Basel	305	1906	94	telefonbuch_096	PTT-Archiv, P-260-1_Basel_1906	Basel
Laube-Blanchard	Rud.		Clarahofweg 34	Basel	3703	1906	94	telefonbuch_096	PTT-Archiv, P-260-1_Basel_1906	Basel
Laube	Ed.	vorm. Laube Söhne	Clarahofweg 36	Basel	3708	1906	94	telefonbuch_096	PTT-Archiv, P-260-1_Basel_1906	Basel
Laube-Labhardt	E.		Riehenstrasse 57	Basel	3629	1906	94	telefonbuch_096	PTT-Archiv, P-260-1_Basel_1906	Basel
Laubscher	G.	fabr. d'instruments de chirurgie	Petersgraben 20	Basel	1528	1906	94	telefonbuch_096	PTT-Archiv, P-260-1_Basel_1906	Basel
Laudier	C.		Kronengasse 11	Basel	1600	1906	94	telefonbuch_096	PTT-Archiv, P-260-1_Basel_1906	Basel
Lauer	Ernst	Baugeschäft	Kleinhüningerstr. 198	Basel	3358	1906	94	telefonbuch_096	PTT-Archiv, P-260-1_Basel_1906	Basel
Lauly	J. A., & Cie.	(Comptoir Th. Eckel)	Blumenrain 10	Basel	1329	1906	94	telefonbuch_096	PTT-Archiv, P-260-1_Basel_1906	Basel
Laurin	Richard	Uhrenhandlung	Freiestrasse 105	Basel	1873	1906	94	telefonbuch_096	PTT-Archiv, P-260-1_Basel_1906	Basel
Lebert	Edgar		Sommergasse 29	Basel	2597	1906	94	telefonbuch_096	PTT-Archiv, P-260-1_Basel_1906	Basel
Leder-Angst	Fr.		Hardstrasse 115	Basel	4079	1906	94	telefonbuch_096	PTT-Archiv, P-260-1_Basel_1906	Basel
Lederer-Weidenbach		Bäcker	Güterstrasse 210	Basel	3765	1906	94	telefonbuch_096	PTT-Archiv, P-260-1_Basel_1906	Basel
Lederle	Rud.	Spenglermeister	Feldbergstrasse 119	Basel	46	1906	94	telefonbuch_096	PTT-Archiv, P-260-1_Basel_1906	Basel
Lefebvre-Holzach	Wwe. S.		Socinstrasse 2	Basel	1772	1906	94	telefonbuch_096	PTT-Archiv, P-260-1_Basel_1906	Basel
Lehmann-Mutschler		Parqueterie	Breisacherstrasse 30	Basel	1234	1906	94	telefonbuch_096	PTT-Archiv, P-260-1_Basel_1906	Basel
Lehmann-Vogel	Karl		Mülhauserstrasse 123	Basel	4458	1906	94	telefonbuch_096	PTT-Archiv, P-260-1_Basel_1906	Basel
Lehmeier	L.		Leonhardstrasse 10	Basel		1906	94	telefonbuch_096	PTT-Archiv, P-260-1_Basel_1906	Basel
Lehner-Rohrer	J.	Handelsgärtner	Klybeckstrasse 13	Basel	4268	1906	94	telefonbuch_096	PTT-Archiv, P-260-1_Basel_1906	Basel
Leisinger-Blum	J.	Elektriker	Gerbergässlein 12	Basel	935	1906	94	telefonbuch_096	PTT-Archiv, P-260-1_Basel_1906	Basel
Leisinger	Jb.	Hôtel Blume	Schwanengasse 4	Basel	1695	1906	94	telefonbuch_096	PTT-Archiv, P-260-1_Basel_1906	Basel
Lemle	N.		Leonhardstrasse 45	Basel	2350	1906	95	telefonbuch_097	PTT-Archiv, P-260-1_Basel_1906	Basel
Lendorff	C. F.	akad. Buchhandlung	Freiestrasse 84	Basel	1393	1906	95	telefonbuch_097	PTT-Archiv, P-260-1_Basel_1906	Basel
Lenz & Cie.			St. Johannring 141	Basel	736	1906	95	telefonbuch_097	PTT-Archiv, P-260-1_Basel_1906	Basel
St. Leonhards - Schulhaus			Kanonengasse 1	Basel	2082	1906	95	telefonbuch_097	PTT-Archiv, P-260-1_Basel_1906	Basel
Lesch	Robert	(Bureau)	Freiestrasse 33	Basel	121	1906	95	telefonbuch_097	PTT-Archiv, P-260-1_Basel_1906	Basel
Lesch-Rauschenbach	Rob.	(Privatwohnung)	Gundoldingerstr. 177	Basel	4068	1906	95	telefonbuch_097	PTT-Archiv, P-260-1_Basel_1906	Basel
Lesegesellschaft		allgemeine	Münsterplatz 8	Basel	1049	1906	95	telefonbuch_097	PTT-Archiv, P-260-1_Basel_1906	Basel
Letzgus-Weber	Max	Schmiedmeister	Hebelstrasse 82	Basel	28	1906	95	telefonbuch_097	PTT-Archiv, P-260-1_Basel_1906	Basel
Leu-Lerch	Jakob	Gärtner	Sperrstrasse 59	Basel	3817	1906	95	telefonbuch_097	PTT-Archiv, P-260-1_Basel_1906	Basel
Leubin	H.	Wirt	Spalenring 98	Basel	938	1906	95	telefonbuch_097	PTT-Archiv, P-260-1_Basel_1906	Basel
Leuenberger-Grauwyler		Gebrüder, Metzgermstr.	Aeschenvorstadt 71	Basel	1942	1906	95	telefonbuch_097	PTT-Archiv, P-260-1_Basel_1906	Basel
Dieselben			St. Albanvorstadt 56	Basel	1822	1906	95	telefonbuch_097	PTT-Archiv, P-260-1_Basel_1906	Basel
Leumann-Spyr	Alb.	Dr. phil.	Solothurnerstr. 89	Basel	2981	1906	95	telefonbuch_097	PTT-Archiv, P-260-1_Basel_1906	Basel
Levaillant	B.	& Co.	Schützengraben 34	Basel	2851	1906	95	telefonbuch_097	PTT-Archiv, P-260-1_Basel_1906	Basel
Levaillant-Bollag	S.		Steinengraben 12	Basel	2984	1906	95	telefonbuch_097	PTT-Archiv, P-260-1_Basel_1906	Basel
Levaillant	H.	Pferdehändler	Spalenring 56	Basel	2678	1906	95	telefonbuch_097	PTT-Archiv, P-260-1_Basel_1906	Basel
Levy	Achille	Vve. et fils, Pferdehandlung	Kannenfeldstr. 22	Basel	4074	1906	95	telefonbuch_097	PTT-Archiv, P-260-1_Basel_1906	Basel
Levy	Albert		Holbeinstrasse 17	Basel	853	1906	95	telefonbuch_097	PTT-Archiv, P-260-1_Basel_1906	Basel
Levy-Brunschwig	P.		Heumattstrasse 15	Basel	2170	1906	95	telefonbuch_097	PTT-Archiv, P-260-1_Basel_1906	Basel
Levy	Charles	Wein- und Spirituosenhandlung	Bahnhofstrasse 77	Basel	3318	1906	95	telefonbuch_097	PTT-Archiv, P-260-1_Basel_1906	Basel
Levy		fils	Güterstrasse 133	Basel	3940	1906	95	telefonbuch_097	PTT-Archiv, P-260-1_Basel_1906	Basel
Levy frères		Papierhandlung	Solothurnerstr. 48	Basel	4091	1906	95	telefonbuch_097	PTT-Archiv, P-260-1_Basel_1906	Basel
Levy	Gabriel		Güterstrasse 133	Basel	1113	1906	95	telefonbuch_097	PTT-Archiv, P-260-1_Basel_1906	Basel
Levy-Isliker	T.	Hauptbureaux	Dreispitz	Basel	3934	1906	95	telefonbuch_097	PTT-Archiv, P-260-1_Basel_1906	Basel
Derselbe		Wohnung	Bachlettenstrasse 86	Basel	2527	1906	95	telefonbuch_097	PTT-Archiv, P-260-1_Basel_1906	Basel
Derselbe		siehe unter „Birsfelden“		Basel	887	1906	95	telefonbuch_097	PTT-Archiv, P-260-1_Basel_1906	Basel
Levy-Levy	J.		Sperrstrasse 3	Basel	3791	1906	95	telefonbuch_097	PTT-Archiv, P-260-1_Basel_1906	Basel
Levy	Marx		Feierabendstrasse 10	Basel	3725	1906	95	telefonbuch_097	PTT-Archiv, P-260-1_Basel_1906	Basel
Levy-Oettinger	C.		Oberwilerstrasse 19	Basel	1127	1906	95	telefonbuch_097	PTT-Archiv, P-260-1_Basel_1906	Basel
Levy-Wahl	Leon		Spalenthorweg 4	Basel	2599	1906	95	telefonbuch_097	PTT-Archiv, P-260-1_Basel_1906	Basel
Lichtdruckanstalt Alfr. Ditisheim, Nachf. v. H. Besson			Elisabethenstr. 41	Basel	2094	1906	95	telefonbuch_097	PTT-Archiv, P-260-1_Basel_1906	Basel
Lichtenberg	G. F.	Zahnarzt	St. Jakobstrasse 18	Basel	2305	1906	95	telefonbuch_097	PTT-Archiv, P-260-1_Basel_1906	Basel
Lichtenhahn-Awengen	Carl	Dr. jur., Advokat	Engelgasse 103	Basel	4186	1906	95	telefonbuch_097	PTT-Archiv, P-260-1_Basel_1906	Basel
Derselbe		Bureau	St. Albangraben 1	Basel	2154	1906	95	telefonbuch_097	PTT-Archiv, P-260-1_Basel_1906	Basel
Lichtenhahn	Hans	Buchhändler	Clarastrasse 15	Basel	1271	1906	95	telefonbuch_097	PTT-Archiv, P-260-1_Basel_1906	Basel
Lichtenhahn-Hauser	J.	Wwe.	Engelgasse 5	Basel	1909	1906	95	telefonbuch_097	PTT-Archiv, P-260-1_Basel_1906	Basel
Lichtenhahn-Müller			Angensteinerstr. 14	Basel	3960	1906	95	telefonbuch_097	PTT-Archiv, P-260-1_Basel_1906	Basel
Lichtenhahn	Paul		Oberwilerstrasse 11	Basel	326	1906	95	telefonbuch_097	PTT-Archiv, P-260-1_Basel_1906	Basel
Lichtenhahn-von Wattenwyl		Frau Pfr. D.	Clarastrasse 15	Basel	1271	1906	95	telefonbuch_097	PTT-Archiv, P-260-1_Basel_1906	Basel
Lieb-Burckhardt	Susa	Frau	Birmannsgasse 13	Basel	2658	1906	95	telefonbuch_097	PTT-Archiv, P-260-1_Basel_1906	Basel
Lieb-Burckhardt	Lina	Wwe.	Socinstrasse 22	Basel	2673	1906	95	telefonbuch_097	PTT-Archiv, P-260-1_Basel_1906	Basel
Liebi-Pettermand		Waschanstalt	St. Albanthal 52	Basel	4286	1906	95	telefonbuch_097	PTT-Archiv, P-260-1_Basel_1906	Basel
Liebmann		Gebrüder, & Oehme	Steinenthorstr. 12	Basel	2250	1906	95	telefonbuch_097	PTT-Archiv, P-260-1_Basel_1906	Basel
Liebrich-Frey	H.		Rüdengasse 1	Basel	1877	1906	95	telefonbuch_097	PTT-Archiv, P-260-1_Basel_1906	Basel
Liechti-Burckhardt	H.		Davidsbodenstr. 59	Basel	1509	1906	95	telefonbuch_097	PTT-Archiv, P-260-1_Basel_1906	Basel
Liechti		Gebrüder, Landwirte	Singerweg 2	Basel	1732	1906	95	telefonbuch_097	PTT-Archiv, P-260-1_Basel_1906	Basel
Liechti	J. G.	& Cie.	Petersgraben 3	Basel	3816	1906	95	telefonbuch_097	PTT-Archiv, P-260-1_Basel_1906	Basel
Lierow	A.	& Sohn, Lithograph	Nadelberg 12	Basel	1401	1906	95	telefonbuch_097	PTT-Archiv, P-260-1_Basel_1906	Basel
Lindenmeyer-Müller	E.	Wwe.	Missionsstrasse 12	Basel	2617	1906	96	telefonbuch_098	PTT-Archiv, P-260-1_Basel_1906	Basel
Lindenmeyer-Seiler	Fritz		Mittlerestrasse 5	Basel	851	1906	96	telefonbuch_098	PTT-Archiv, P-260-1_Basel_1906	Basel
Linder	Rudolf	Wohnung	Wettsteinplatz 8	Basel	3727	1906	96	telefonbuch_098	PTT-Archiv, P-260-1_Basel_1906	Basel
Linder	Rudolf	Architekturbureau	Wettsteinplatz 8	Basel	264	1906	96	telefonbuch_098	PTT-Archiv, P-260-1_Basel_1906	Basel
Linder-Hopf	J. J.		Missionsstrasse 31	Basel	2628	1906	96	telefonbuch_098	PTT-Archiv, P-260-1_Basel_1906	Basel
Linder-Kummer	R.		Austrasse 37	Basel	2979	1906	96	telefonbuch_098	PTT-Archiv, P-260-1_Basel_1906	Basel
Linder	Paul	Dr., Advokaturbureau	Freiestrasse 6	Basel	1159	1906	96	telefonbuch_098	PTT-Archiv, P-260-1_Basel_1906	Basel
Linder-Preiswerk	H.		Mittlerestrasse 39	Basel	84	1906	96	telefonbuch_098	PTT-Archiv, P-260-1_Basel_1906	Basel
Lindner	Carl	Buchbindermeister	Nadelberg 3	Basel	9	1906	96	telefonbuch_098	PTT-Archiv, P-260-1_Basel_1906	Basel
Link	Fritz	Schreiner	Petersgasse 48	Basel	1562	1906	96	telefonbuch_098	PTT-Archiv, P-260-1_Basel_1906	Basel
Lippmann	S.	Ausstattungsmagazin	Steinenvorstadt 58	Basel	2490	1906	96	telefonbuch_098	PTT-Archiv, P-260-1_Basel_1906	Basel
Lippmann	Leop.		Steinenthorstr. 27	Basel	3068	1906	96	telefonbuch_098	PTT-Archiv, P-260-1_Basel_1906	Basel
Lips-Boss	Rud.	Malermeister	Petersgraben 47	Basel	1433	1906	96	telefonbuch_098	PTT-Archiv, P-260-1_Basel_1906	Basel
Lips		Gebrüder, Lithographen	Nadelberg 37	Basel	2656	1906	96	telefonbuch_098	PTT-Archiv, P-260-1_Basel_1906	Basel
Lips-Rauch	Jb.	Glasermeister	Thannerstrasse 7	Basel	990	1906	96	telefonbuch_098	PTT-Archiv, P-260-1_Basel_1906	Basel
Lithographie Wolf			Unt. Heuberg 2	Basel	2853	1906	96	telefonbuch_098	PTT-Archiv, P-260-1_Basel_1906	Basel
Litzler & Keller		Feuerwerker, Bureau	Socinstrasse 15	Basel	892	1906	96	telefonbuch_098	PTT-Archiv, P-260-1_Basel_1906	Basel
Litzler & Keller		Werkhof und Magazin	Klybeckstrasse 124	Basel	775	1906	96	telefonbuch_098	PTT-Archiv, P-260-1_Basel_1906	Basel
Loeb	Arthur		Birsigstrasse 125	Basel	465	1906	96	telefonbuch_098	PTT-Archiv, P-260-1_Basel_1906	Basel
Loeb		Gebrüder, Söhne	Eisengasse 21	Basel	1583	1906	96	telefonbuch_098	PTT-Archiv, P-260-1_Basel_1906	Basel
Löb-Schwarz	Justus		Spalenthorweg 54	Basel	2684	1906	96	telefonbuch_098	PTT-Archiv, P-260-1_Basel_1906	Basel
Locher-Vögeli	G.	zum Colmarerhof	Colmarerstrasse 42	Basel	471	1906	96	telefonbuch_098	PTT-Archiv, P-260-1_Basel_1906	Basel
Lodewig	Wilh.	Architekt	Freiestrasse 88	Basel	2914	1906	96	telefonbuch_098	PTT-Archiv, P-260-1_Basel_1906	Basel
Löffel	Wilhelm	Baugeschäft	Vogesenstrasse 140	Basel	1318	1906	96	telefonbuch_098	PTT-Archiv, P-260-1_Basel_1906	Basel
Löffler	Carl		Steinengraben 8	Basel	2940	1906	96	telefonbuch_098	PTT-Archiv, P-260-1_Basel_1906	Basel
Löffler & Co.			Gerbergasse 2	Basel	1438	1906	96	telefonbuch_098	PTT-Archiv, P-260-1_Basel_1906	Basel
Löffler & Co.		Magazin, Güterbahnhof	St. Johann	Basel	222	1906	96	telefonbuch_098	PTT-Archiv, P-260-1_Basel_1906	Basel
Logier- und Vereinshaus Kleinbasel			Brandgasse 5	Basel	3457	1906	96	telefonbuch_098	PTT-Archiv, P-260-1_Basel_1906	Basel
Lohner	J.	Malermeister	St. Albanthal 40	Basel	4146	1906	96	telefonbuch_098	PTT-Archiv, P-260-1_Basel_1906	Basel
Löhrer-Gysin	Jb.	Baugeschäft	Sperrstrasse 91	Basel	3322	1906	96	telefonbuch_098	PTT-Archiv, P-260-1_Basel_1906	Basel
Löhrich-Brombacher	H.		Hammerstrasse 111	Basel	83	1906	96	telefonbuch_098	PTT-Archiv, P-260-1_Basel_1906	Basel
Löliger-Jenny	Fritz		Margarethenstr. 99	Basel	3016	1906	96	telefonbuch_098	PTT-Archiv, P-260-1_Basel_1906	Basel
London Tea Company			Petersgraben 37	Basel	1450	1906	96	telefonbuch_098	PTT-Archiv, P-260-1_Basel_1906	Basel
London Union		Vertreter: A. Schmid	Inn. Margarethenstr. 8	Basel	4471	1906	96	telefonbuch_098	PTT-Archiv, P-260-1_Basel_1906	Basel
Lorenz	Ed.	Kürschner und Pelzhandlung	Spalenberg 9	Basel	2600	1906	96	telefonbuch_098	PTT-Archiv, P-260-1_Basel_1906	Basel
Lorétan-Huguenin	H.		Wartenbergstr. 28	Basel	1625	1906	96	telefonbuch_098	PTT-Archiv, P-260-1_Basel_1906	Basel
Lotz	Albert	Dr., prakt. Arzt	Austrasse 40	Basel	418	1906	96	telefonbuch_098	PTT-Archiv, P-260-1_Basel_1906	Basel
Lotz	Arnold	Dr. med.	Austrasse 2	Basel	3061	1906	96	telefonbuch_098	PTT-Archiv, P-260-1_Basel_1906	Basel
Lotz	A.	& Co.	Rheingasse 33	Basel	1184	1906	96	telefonbuch_098	PTT-Archiv, P-260-1_Basel_1906	Basel
Lotz-Landerer	Th.	Dr. med.	Leonhardstrasse 4	Basel	2987	1906	96	telefonbuch_098	PTT-Archiv, P-260-1_Basel_1906	Basel
Lotze-Lips	G.	Spenglermeister	Grellingerstrasse 41	Basel	3592	1906	96	telefonbuch_098	PTT-Archiv, P-260-1_Basel_1906	Basel
Löw & Spreyermann			Birmannsgasse 17	Basel	3194	1906	96	telefonbuch_098	PTT-Archiv, P-260-1_Basel_1906	Basel
Löwenbräu, Basler			Grenzacherstr. 124	Basel	3175	1906	96	telefonbuch_098	PTT-Archiv, P-260-1_Basel_1906	Basel
Löwenbräu, Basler		Oscar Türke	Clarastrasse 2	Basel	3527	1906	96	telefonbuch_098	PTT-Archiv, P-260-1_Basel_1906	Basel
Löwenbräu, Basler			Aeschenvorstadt 45	Basel	1946	1906	96	telefonbuch_098	PTT-Archiv, P-260-1_Basel_1906	Basel
Löwenbräu, Basler		C. Müller-Käfer	Bahnhofstrasse 51	Basel	3420	1906	96	telefonbuch_098	PTT-Archiv, P-260-1_Basel_1906	Basel
Löwenbräu, Basler			Amerbachstrasse 67	Basel	380	1906	96	telefonbuch_098	PTT-Archiv, P-260-1_Basel_1906	Basel
Löwenbräu, Basler			Erlenpark	Basel	740	1906	96	telefonbuch_098	PTT-Archiv, P-260-1_Basel_1906	Basel
Lüber-Bell	W.	Dr.	Grellingerstrasse 84	Basel	4243	1906	97	telefonbuch_099	PTT-Archiv, P-260-1_Basel_1906	Basel
Lüchinger	Jakob	Eierhandlung	Dornacherstrasse 36	Basel	4095	1906	97	telefonbuch_099	PTT-Archiv, P-260-1_Basel_1906	Basel
Ludin	Fritz	Conditor	Streitgasse 7	Basel	1963	1906	97	telefonbuch_099	PTT-Archiv, P-260-1_Basel_1906	Basel
Lüdin-Bachert	Ludwig	Wirt	Falknerstrasse 31	Basel	1797	1906	97	telefonbuch_099	PTT-Archiv, P-260-1_Basel_1906	Basel
Lüdin-Jundt	H.		Eulerstrasse 62	Basel	2701	1906	97	telefonbuch_099	PTT-Archiv, P-260-1_Basel_1906	Basel
Ludwig	R.		Leimenstrasse 17	Basel	2933	1906	97	telefonbuch_099	PTT-Archiv, P-260-1_Basel_1906	Basel
Lumpert	Albert	Schuhhandlung	Eisengasse 34	Basel	1383	1906	97	telefonbuch_099	PTT-Archiv, P-260-1_Basel_1906	Basel
Lüscher-Burckhardt	Rud.		Aeschengraben 16	Basel	1972	1906	97	telefonbuch_099	PTT-Archiv, P-260-1_Basel_1906	Basel
Lüscher & Co.			Freiestrasse 74	Basel	2338	1906	97	telefonbuch_099	PTT-Archiv, P-260-1_Basel_1906	Basel
Dieselben		Börse	Postgebäude	Basel	3148	1906	97	telefonbuch_099	PTT-Archiv, P-260-1_Basel_1906	Basel
Dieselben		Börse	Postgebäude	Basel	3145	1906	97	telefonbuch_099	PTT-Archiv, P-260-1_Basel_1906	Basel
Lüscher	J. A.	Metzger	Schneidergasse 9	Basel	1609	1906	97	telefonbuch_099	PTT-Archiv, P-260-1_Basel_1906	Basel
Lüscher-Streckeisen	C.		Aeschengraben 13	Basel	2304	1906	97	telefonbuch_099	PTT-Archiv, P-260-1_Basel_1906	Basel
Lüscher-Wieland	W.		Leonhardstrasse 2	Basel	2996	1906	97	telefonbuch_099	PTT-Archiv, P-260-1_Basel_1906	Basel
Luschka	A.		Oberwilerstrasse 68	Basel	3066	1906	97	telefonbuch_099	PTT-Archiv, P-260-1_Basel_1906	Basel
Lüssi	J. J.		Schnabelgasse 4	Basel	840	1906	97	telefonbuch_099	PTT-Archiv, P-260-1_Basel_1906	Basel
Lüssy-Gemuseus	Rob.	Dr.	Angensteinerstr. 28	Basel	3530	1906	97	telefonbuch_099	PTT-Archiv, P-260-1_Basel_1906	Basel
Lüthy-Aichner	E.		Schanzenstrasse 22	Basel	1740	1906	97	telefonbuch_099	PTT-Archiv, P-260-1_Basel_1906	Basel
Lüthy-Albrecht	Samuel	Säger	Elsässerstrasse 36	Basel	3461	1906	97	telefonbuch_099	PTT-Archiv, P-260-1_Basel_1906	Basel
Lüthy	Gottlieb	Charcuterie	Gerbergasse 52	Basel	2572	1906	97	telefonbuch_099	PTT-Archiv, P-260-1_Basel_1906	Basel
Lüthy-Spühler	J. C.		Centralbahnstr. 5	Basel	1010	1906	97	telefonbuch_099	PTT-Archiv, P-260-1_Basel_1906	Basel
Lutz	Otto	Dr., Advokat (Bureau)	Aeschenvorstadt 36	Basel	2348	1906	97	telefonbuch_099	PTT-Archiv, P-260-1_Basel_1906	Basel
Derselbe		(Wohnung)	Feierabendstrasse 31	Basel	3906	1906	97	telefonbuch_099	PTT-Archiv, P-260-1_Basel_1906	Basel
Lutz-Georg	Th.	Architekt	St. Johannring 105	Basel	1488	1906	97	telefonbuch_099	PTT-Archiv, P-260-1_Basel_1906	Basel
Lutz & Schraemli			Güterstrasse 142	Basel	4063	1906	97	telefonbuch_099	PTT-Archiv, P-260-1_Basel_1906	Basel
Mackenthun	E.	& Co.	St. Johannvorst. 42	Basel	1837	1906	97	telefonbuch_099	PTT-Archiv, P-260-1_Basel_1906	Basel
Madörin	F. A.		Klingenthal 5	Basel	1291	1906	97	telefonbuch_099	PTT-Archiv, P-260-1_Basel_1906	Basel
Madöry	Hermann		Steinengraben 81	Basel	2594	1906	97	telefonbuch_099	PTT-Archiv, P-260-1_Basel_1906	Basel
Maeder-Burkhalter	A.		Birmannsgasse 37	Basel	2142	1906	97	telefonbuch_099	PTT-Archiv, P-260-1_Basel_1906	Basel
Maeder	D.	Söhne, Parfumerie-Magazin	Freiestrasse 101	Basel	1865	1906	97	telefonbuch_099	PTT-Archiv, P-260-1_Basel_1906	Basel
Maeder	D.	(Wohnung)	Schaffh. Rheinweg 67	Basel	1116	1906	97	telefonbuch_099	PTT-Archiv, P-260-1_Basel_1906	Basel
Maeder	Fritz	Vertr. von A. Schnebli, Baden	Hirschgasse 15	Basel		1906	97	telefonbuch_099	PTT-Archiv, P-260-1_Basel_1906	Basel
Maeder-Salathé	Adolf		Feierabendstrasse 12	Basel	3094	1906	97	telefonbuch_099	PTT-Archiv, P-260-1_Basel_1906	Basel
Magazine zu den vier Jahreszeiten		(vormals A. Eppens Sohn)	Clarastrasse 7	Basel	3506	1906	97	telefonbuch_099	PTT-Archiv, P-260-1_Basel_1906	Basel
Dieselben			Eisengasse 28	Basel	1592	1906	97	telefonbuch_099	PTT-Archiv, P-260-1_Basel_1906	Basel
Dieselben			Marktplatz 20	Basel	1556	1906	97	telefonbuch_099	PTT-Archiv, P-260-1_Basel_1906	Basel
Magazine zum wilden Mann		(vorm. Jakob Sutter)	Freiestrasse 35	Basel	1074	1906	97	telefonbuch_099	PTT-Archiv, P-260-1_Basel_1906	Basel
Mäglin-Grunauer	E.	Wwe.	Florastrasse 2	Basel	3337	1906	97	telefonbuch_099	PTT-Archiv, P-260-1_Basel_1906	Basel
Mäglin	J. J.	Wwe., Weinhandlung	Schützenmattstr. 16	Basel	2737	1906	97	telefonbuch_099	PTT-Archiv, P-260-1_Basel_1906	Basel
Mähly-Brenner	J.	Prof. Dr.	Sevogelstrasse 64	Basel	4248	1906	97	telefonbuch_099	PTT-Archiv, P-260-1_Basel_1906	Basel
Mähly-Eglinger	J.	Dr.	Sonnenweg 2	Basel	3625	1906	97	telefonbuch_099	PTT-Archiv, P-260-1_Basel_1906	Basel
Mähly-Sessler	Friedr.		Arnold Böcklinstr. 44	Basel	2855	1906	97	telefonbuch_099	PTT-Archiv, P-260-1_Basel_1906	Basel
Maier-Brunner	F.	Restaurateur, Rebleutenzunft	Freiestrasse 50	Basel	1906	1906	97	telefonbuch_099	PTT-Archiv, P-260-1_Basel_1906	Basel
Maier-Engler	Ed.	Wirt	Grenzacherstr. 276	Basel	3231	1906	97	telefonbuch_099	PTT-Archiv, P-260-1_Basel_1906	Basel
Maier	Friedrich	Zimmermeister	Brombacherstr. 42	Basel	1205	1906	97	telefonbuch_099	PTT-Archiv, P-260-1_Basel_1906	Basel
Maier	G. A.	Agentur	Pfeffingerstrasse 84	Basel	2762	1906	97	telefonbuch_099	PTT-Archiv, P-260-1_Basel_1906	Basel
Maier	Jacques	& Co.	Marktgasse 10	Basel	1553	1906	97	telefonbuch_099	PTT-Archiv, P-260-1_Basel_1906	Basel
Maier	Karl	Agentur	Gerbergasse 50	Basel	3269	1906	97	telefonbuch_099	PTT-Archiv, P-260-1_Basel_1906	Basel
Mailänder Gardinenfabrik Francesco Gola & Soci		Vertr. R. Moor	Wintergasse 18	Basel	3547	1906	98	telefonbuch_100	PTT-Archiv, P-260-1_Basel_1906	Basel
Majer	Philipp	Farbwaren	Greifengasse 25	Basel	1163	1906	98	telefonbuch_100	PTT-Archiv, P-260-1_Basel_1906	Basel
Mamier	Leo	Metzger	Hardstrasse 58	Basel	3340	1906	98	telefonbuch_100	PTT-Archiv, P-260-1_Basel_1906	Basel
Mandowsky	A.	Nachf. G. Seligmann	Marktplatz 4	Basel	2464	1906	98	telefonbuch_100	PTT-Archiv, P-260-1_Basel_1906	Basel
Manger	Emil		Güterstrasse 138	Basel	4096	1906	98	telefonbuch_100	PTT-Archiv, P-260-1_Basel_1906	Basel
Manger	Fritz		Gerbergasse 81	Basel	2122	1906	98	telefonbuch_100	PTT-Archiv, P-260-1_Basel_1906	Basel
Mangold & Co.			Hammerstrasse 144	Basel	3447	1906	98	telefonbuch_100	PTT-Archiv, P-260-1_Basel_1906	Basel
Mangold-Hoffner	M.	Wwe.	Hammerstrasse 144	Basel	3447	1906	98	telefonbuch_100	PTT-Archiv, P-260-1_Basel_1906	Basel
Mangold & Röthlisberger		chem. Waschanstalt und Färberei, Laden	Gerbergasse 57	Basel	2188	1906	98	telefonbuch_100	PTT-Archiv, P-260-1_Basel_1906	Basel
Dieselben		Fabrik und Bureau	Bachlettenstr. 37/39	Basel	2188	1906	98	telefonbuch_100	PTT-Archiv, P-260-1_Basel_1906	Basel
Manissadjian & Cie.		Bureaux	Lohweg 10	Basel	1798	1906	98	telefonbuch_100	PTT-Archiv, P-260-1_Basel_1906	Basel
Dieselben		Atelier	Rümelinbachweg 10	Basel	4460	1906	98	telefonbuch_100	PTT-Archiv, P-260-1_Basel_1906	Basel
Mannheimer Lagerhausgesellschaft		Filiale Basel	Lindenberg 17	Basel	1137	1906	98	telefonbuch_100	PTT-Archiv, P-260-1_Basel_1906	Basel
Dieselbe			Bad. Güterbahnhof	Basel	4425	1906	98	telefonbuch_100	PTT-Archiv, P-260-1_Basel_1906	Basel
Marchal	M.		Wallstrasse 11	Basel	2202	1906	98	telefonbuch_100	PTT-Archiv, P-260-1_Basel_1906	Basel
Marchetti-Trinkler	P.	Comestibles	Aeschenvorstadt 22	Basel	2090	1906	98	telefonbuch_100	PTT-Archiv, P-260-1_Basel_1906	Basel
Marck-Stahl	Wilh.		Allschwilerstr. 57	Basel	4527	1906	98	telefonbuch_100	PTT-Archiv, P-260-1_Basel_1906	Basel
Marfort	Alb.		Freiestrasse 37	Basel	1077	1906	98	telefonbuch_100	PTT-Archiv, P-260-1_Basel_1906	Basel
Margarethen-Kaffeewirtschaft			Gundoldingerstr. 1	Basel	4053	1906	98	telefonbuch_100	PTT-Archiv, P-260-1_Basel_1906	Basel
Margulies	Heinrich	Eier-Export und Import	Freiestrasse 44	Basel	3391	1906	98	telefonbuch_100	PTT-Archiv, P-260-1_Basel_1906	Basel
Marienhaus		Institut Ingenbohl	Horburgstrasse 54	Basel	3361	1906	98	telefonbuch_100	PTT-Archiv, P-260-1_Basel_1906	Basel
Marienkirche		Pfarr-Rektorat	Austrasse 30	Basel	3019	1906	98	telefonbuch_100	PTT-Archiv, P-260-1_Basel_1906	Basel
Markees	E.	Dr., prakt. Arzt	Güterstrasse 146	Basel	4014	1906	98	telefonbuch_100	PTT-Archiv, P-260-1_Basel_1906	Basel
Markees	Ed.	Dr., Apotheker	Sevogelstrasse 51	Basel	3560	1906	98	telefonbuch_100	PTT-Archiv, P-260-1_Basel_1906	Basel
Markees-Jecklin	Johanna	Frau	Byfangweg 12	Basel	2994	1906	98	telefonbuch_100	PTT-Archiv, P-260-1_Basel_1906	Basel
Martin-Birk	J. K.	Wirt	Bachlettenstrasse 19	Basel	2551	1906	98	telefonbuch_100	PTT-Archiv, P-260-1_Basel_1906	Basel
Martin	Emilie		Mittlerestrasse 83	Basel	1482	1906	98	telefonbuch_100	PTT-Archiv, P-260-1_Basel_1906	Basel
Martin-Haller	Jos.	Wirt	Barfüsserplatz 6	Basel	2053	1906	98	telefonbuch_100	PTT-Archiv, P-260-1_Basel_1906	Basel
Martin	Heinrich	Sohn, Maler	Ob. Rebgasse 24	Basel	1199	1906	98	telefonbuch_100	PTT-Archiv, P-260-1_Basel_1906	Basel
Marx	Adolph		Leimenstrasse 62	Basel	2920	1906	98	telefonbuch_100	PTT-Archiv, P-260-1_Basel_1906	Basel
Maschinenbau-Gesellschaft			Hochstrasse 34	Basel	3919	1906	98	telefonbuch_100	PTT-Archiv, P-260-1_Basel_1906	Basel
Maschinenfabrik Burckhardt A.-G.			Dornacherstr. 192	Basel	3757	1906	98	telefonbuch_100	PTT-Archiv, P-260-1_Basel_1906	Basel
Mascioni-Eckenstein	B.	Dr.	St. Johannring 90	Basel	1103	1906	98	telefonbuch_100	PTT-Archiv, P-260-1_Basel_1906	Basel
Maser-Hofer	Jean	Wirt	Ryffstrasse 5	Basel	1728	1906	98	telefonbuch_100	PTT-Archiv, P-260-1_Basel_1906	Basel
Maser-Leberth	Chr.	Wirt	Horburgstrasse 30	Basel	4443	1906	98	telefonbuch_100	PTT-Archiv, P-260-1_Basel_1906	Basel
Massini	Hans		St. Albananlage 6	Basel	4236	1906	98	telefonbuch_100	PTT-Archiv, P-260-1_Basel_1906	Basel
Massini		Frau Prof. Dr.	Steinengraben 71	Basel	2553	1906	98	telefonbuch_100	PTT-Archiv, P-260-1_Basel_1906	Basel
Mast	Jakob	Ingenieur	Grenzacherstrasse 3	Basel	3245	1906	98	telefonbuch_100	PTT-Archiv, P-260-1_Basel_1906	Basel
Mast-Strobel	Hans	Malermeister	Dornacherstrasse 238	Basel	4520	1906	98	telefonbuch_100	PTT-Archiv, P-260-1_Basel_1906	Basel
Masüger	A.	Dr. med.	Feldbergstrasse 128	Basel	1991	1906	98	telefonbuch_100	PTT-Archiv, P-260-1_Basel_1906	Basel
Mathis-Ammann	J.	Milch-, Käse- u. Butterhdlg.	Blumenrain 26	Basel	318	1906	98	telefonbuch_100	PTT-Archiv, P-260-1_Basel_1906	Basel
Mathiss	Emil		Schützenmattstr. 16	Basel	2847	1906	98	telefonbuch_100	PTT-Archiv, P-260-1_Basel_1906	Basel
Mathys-Sterchi		Agent	Dornacherstrasse 58	Basel	3770	1906	98	telefonbuch_100	PTT-Archiv, P-260-1_Basel_1906	Basel
Matthews	Arthur	Wwe.	Angensteinerstr. 22	Basel	3679	1906	98	telefonbuch_100	PTT-Archiv, P-260-1_Basel_1906	Basel
Mathey-Meier & Co.		Sargmagazin und Desinfektionsanstalt	Steinenvorstadt 25	Basel	2199	1906	98	telefonbuch_100	PTT-Archiv, P-260-1_Basel_1906	Basel
Mattmüller-Glatt	Aug.		Farbstrasse 35	Basel	386	1906	98	telefonbuch_100	PTT-Archiv, P-260-1_Basel_1906	Basel
Matzinger	Julius	Dr.	Margarethenstr. 49	Basel	4040	1906	98	telefonbuch_100	PTT-Archiv, P-260-1_Basel_1906	Basel
Matzinger	F.	Linoleumhandlung	Steinenberg 25	Basel	2126	1906	99	telefonbuch_101	PTT-Archiv, P-260-1_Basel_1906	Basel
Maune	G.	Küfer und Wirt	Obere Rebgasse 21	Basel	3250	1906	99	telefonbuch_101	PTT-Archiv, P-260-1_Basel_1906	Basel
Maurer	Gottl.		Luftgässlein 3	Basel	1124	1906	99	telefonbuch_101	PTT-Archiv, P-260-1_Basel_1906	Basel
Maurer-Schenk	G.	Bäckerei	Färberstrasse 5	Basel	3793	1906	99	telefonbuch_101	PTT-Archiv, P-260-1_Basel_1906	Basel
Mauthe-Schlenker	Joh.	Wirt	Burgfelderstrasse 2	Basel	1268	1906	99	telefonbuch_101	PTT-Archiv, P-260-1_Basel_1906	Basel
Mautz-Dahler	S.	Wwe.	Wiesendamm 1	Basel	904	1906	99	telefonbuch_101	PTT-Archiv, P-260-1_Basel_1906	Basel
Mavrogordato		Société anonyme pour l'exploitation des brevets Mavrogordato	Güterstrasse 146	Basel	1779	1906	99	telefonbuch_101	PTT-Archiv, P-260-1_Basel_1906	Basel
May	August	Buchbinder	Spalenvorstadt 21	Basel	2688	1906	99	telefonbuch_101	PTT-Archiv, P-260-1_Basel_1906	Basel
May	Camille		Feierabendstr. 39	Basel	4437	1906	99	telefonbuch_101	PTT-Archiv, P-260-1_Basel_1906	Basel
Mayer-Besels	H.	Wwe.	Spalenthorweg 8	Basel	2589	1906	99	telefonbuch_101	PTT-Archiv, P-260-1_Basel_1906	Basel
Mayer-Holz	Friedr.	Wirt	Feldbergstrasse 23	Basel	1222	1906	99	telefonbuch_101	PTT-Archiv, P-260-1_Basel_1906	Basel
Mayer	J. de A.		Austrasse 52	Basel	2883	1906	99	telefonbuch_101	PTT-Archiv, P-260-1_Basel_1906	Basel
Mayer-Kirchhofer	Jos.	Bäcker	Unterer Heuberg 21	Basel	2160	1906	99	telefonbuch_101	PTT-Archiv, P-260-1_Basel_1906	Basel
Mayer	Louis	Wwe., & Co.	Vogesenstrasse 137	Basel	3893	1906	99	telefonbuch_101	PTT-Archiv, P-260-1_Basel_1906	Basel
Mayor	A. H.	Fleurs naturelles	Sattelgasse 19	Basel	174	1906	99	telefonbuch_101	PTT-Archiv, P-260-1_Basel_1906	Basel
Mechel-Pfaff	A.	Weinhandlung	Obere Rebgasse 28	Basel	1215	1906	99	telefonbuch_101	PTT-Archiv, P-260-1_Basel_1906	Basel
Mechel	R.	Söhne	Unt. Rheingasse 17	Basel	1267	1906	99	telefonbuch_101	PTT-Archiv, P-260-1_Basel_1906	Basel
Mechel-Rosenmund	Alb.	Wwe.	Schaffh. Rheinweg 77	Basel	3735	1906	99	telefonbuch_101	PTT-Archiv, P-260-1_Basel_1906	Basel
von Mechel-von Sprecher	A.		Angensteinerstr. 19	Basel	205	1906	99	telefonbuch_101	PTT-Archiv, P-260-1_Basel_1906	Basel
Meder	G.	Buchdruckerei u. Schreibmaterialien	St. Johannvorst. 23	Basel	3281	1906	99	telefonbuch_101	PTT-Archiv, P-260-1_Basel_1906	Basel
Meerwein	Fr.		St. Albanvorstadt 18	Basel	1846	1906	99	telefonbuch_101	PTT-Archiv, P-260-1_Basel_1906	Basel
Meichsner-Stulz	Rob.		Theaterstrasse 18	Basel	2341	1906	99	telefonbuch_101	PTT-Archiv, P-260-1_Basel_1906	Basel
Meidinger	G.	& Cie., Bureau	Maiengasse 20	Basel	1572	1906	99	telefonbuch_101	PTT-Archiv, P-260-1_Basel_1906	Basel
Meidinger	G.	& Cie., Wohnung	Sommergasse 9	Basel	168	1906	99	telefonbuch_101	PTT-Archiv, P-260-1_Basel_1906	Basel
Meier	F.	Dr.	St. Johannvorst. 44	Basel	1277	1906	99	telefonbuch_101	PTT-Archiv, P-260-1_Basel_1906	Basel
Meier	J.	Sargmagazin	Ob. Rebgasse 25	Basel	1211	1906	99	telefonbuch_101	PTT-Archiv, P-260-1_Basel_1906	Basel
Meier-Meier	Frz.	Milch- und Spezereihandlg.	Müllheimerstr. 142	Basel	3343	1906	99	telefonbuch_101	PTT-Archiv, P-260-1_Basel_1906	Basel
Meier	John	Prof. Dr.	Pilgerstrasse 45	Basel	744	1906	99	telefonbuch_101	PTT-Archiv, P-260-1_Basel_1906	Basel
Meier-Trinkler	J.	Hôtel goldener Hirsch	Bahnhofstrasse 37	Basel	3460	1906	99	telefonbuch_101	PTT-Archiv, P-260-1_Basel_1906	Basel
Meili	Louise	Café Helm	Fischmarkt 4	Basel	1566	1906	99	telefonbuch_101	PTT-Archiv, P-260-1_Basel_1906	Basel
Meister	Jos.	(Bureau)	Utengasse 15	Basel	1194	1906	99	telefonbuch_101	PTT-Archiv, P-260-1_Basel_1906	Basel
Mellinger	Carl	Dr., Prof.	Holbeinstrasse 1	Basel	2756	1906	99	telefonbuch_101	PTT-Archiv, P-260-1_Basel_1906	Basel
Mellinger	Karl	Holz- und Kohlenhandlung	Holbeinstrasse 36	Basel	2342	1906	99	telefonbuch_101	PTT-Archiv, P-260-1_Basel_1906	Basel
Memmel	M. E.	Kautschukstempel-Fabrik	Bäumleingasse 14	Basel	1874	1906	99	telefonbuch_101	PTT-Archiv, P-260-1_Basel_1906	Basel
Memminger	Chr.	Metzger	Zürcherstrasse 141	Basel	3782	1906	99	telefonbuch_101	PTT-Archiv, P-260-1_Basel_1906	Basel
Meng-Leimgruber	Daniel	Malermeister	Pfeffingerstrasse 78	Basel	4446	1906	99	telefonbuch_101	PTT-Archiv, P-260-1_Basel_1906	Basel
Mercier	Ad.	fils, Reitschule	Oetlingerstrasse 62	Basel	4061	1906	99	telefonbuch_101	PTT-Archiv, P-260-1_Basel_1906	Basel
Merian	Adolf		Münsterplatz 17	Basel	1090	1906	99	telefonbuch_101	PTT-Archiv, P-260-1_Basel_1906	Basel
Merian	Adolf	"Villa ""Surinam"""	Riehenstrasse 275	Basel	216	1906	99	telefonbuch_101	PTT-Archiv, P-260-1_Basel_1906	Basel
Merian	Albert		Mostackerstrasse 5	Basel	1667	1906	99	telefonbuch_101	PTT-Archiv, P-260-1_Basel_1906	Basel
Merian-Bischoff	S.	Lilienhof	Gellertstrasse 9	Basel	4103	1906	99	telefonbuch_101	PTT-Archiv, P-260-1_Basel_1906	Basel
Merian-Burckhardt	Sophie	Wwe.	Rittergasse 20	Basel	1815	1906	99	telefonbuch_101	PTT-Archiv, P-260-1_Basel_1906	Basel
Merian (Chr.)'sche Stiftung			Elisabethenstrasse 8	Basel	1423	1906	99	telefonbuch_101	PTT-Archiv, P-260-1_Basel_1906	Basel
Merian (Chr.)'sche Stiftung			Reinacherstrasse 260	Basel	769	1906	99	telefonbuch_101	PTT-Archiv, P-260-1_Basel_1906	Basel
Merian (Chr.)'sche Stiftung		"siehe unter ""St. Jakob"""		Basel	3565	1906	99	telefonbuch_101	PTT-Archiv, P-260-1_Basel_1906	Basel
Merian	H.	& Co.	Aeschenvorstadt 4	Basel	2019	1906	99	telefonbuch_101	PTT-Archiv, P-260-1_Basel_1906	Basel
Merian-Heusler	W.		Grenzacherstr. 325	Basel	3233	1906	99	telefonbuch_101	PTT-Archiv, P-260-1_Basel_1906	Basel
Merian	Julie Marg.		Langegasse 23	Basel	1904	1906	99	telefonbuch_101	PTT-Archiv, P-260-1_Basel_1906	Basel
Merian	Math.		Sevogelstrasse 58	Basel	3588	1906	100	telefonbuch_102	PTT-Archiv, P-260-1_Basel_1906	Basel
Merian-Müller	Maria	Wwe.	Byfangweg 36	Basel	3109	1906	100	telefonbuch_102	PTT-Archiv, P-260-1_Basel_1906	Basel
Merian-Paravicini	Hch.		St. Albanvorst. 82	Basel	4284	1906	100	telefonbuch_102	PTT-Archiv, P-260-1_Basel_1906	Basel
Merian-Paravicini	Hch.	Derselbe	Vogelsangweg 3	Basel	3836	1906	100	telefonbuch_102	PTT-Archiv, P-260-1_Basel_1906	Basel
Merian	Rud.	Dr.	Riehenstrasse 154	Basel	1125	1906	100	telefonbuch_102	PTT-Archiv, P-260-1_Basel_1906	Basel
Merian	Sam. T.		Engelgasse 109	Basel	4544	1906	100	telefonbuch_102	PTT-Archiv, P-260-1_Basel_1906	Basel
Merian	R. O.	Gut Bellevue	Allmendweg 31	Basel	3842	1906	100	telefonbuch_102	PTT-Archiv, P-260-1_Basel_1906	Basel
Merian-Thurneysen	Alfred		Riehenstr. 234/246	Basel	3839	1906	100	telefonbuch_102	PTT-Archiv, P-260-1_Basel_1906	Basel
Merian-Weber	Friedrich		Rennweg 2	Basel	3149	1906	100	telefonbuch_102	PTT-Archiv, P-260-1_Basel_1906	Basel
Merian-Zaeslin	J. R.		Missionsstrasse 24	Basel	2619	1906	100	telefonbuch_102	PTT-Archiv, P-260-1_Basel_1906	Basel
Merk	A.	Schreinermeister	Sternengasse 29	Basel	2402	1906	100	telefonbuch_102	PTT-Archiv, P-260-1_Basel_1906	Basel
Merk	K.	Rektor	Bachlettenstrasse 56	Basel	2958	1906	100	telefonbuch_102	PTT-Archiv, P-260-1_Basel_1906	Basel
Merke-Hediger	M.	Wwe.	Gartenstrasse 101	Basel	1105	1906	100	telefonbuch_102	PTT-Archiv, P-260-1_Basel_1906	Basel
Merkle-Imbach	Ed.		Missionsstrasse 9	Basel	2632	1906	100	telefonbuch_102	PTT-Archiv, P-260-1_Basel_1906	Basel
Merkle & Co.			Falknerstrasse 2	Basel	3111	1906	100	telefonbuch_102	PTT-Archiv, P-260-1_Basel_1906	Basel
Merkt-Schmutz	A.	Metzger	Spalenberg 60	Basel	2686	1906	100	telefonbuch_102	PTT-Archiv, P-260-1_Basel_1906	Basel
Merkur		Schweizer Chocoladen-u. Colonialhaus	Gerbergasse 44	Basel	846	1906	100	telefonbuch_102	PTT-Archiv, P-260-1_Basel_1906	Basel
Merkur		Dasselbe	Elisabethenstrasse 1	Basel	4547	1906	100	telefonbuch_102	PTT-Archiv, P-260-1_Basel_1906	Basel
Mertz	Emil		Weidengasse 5	Basel	4298	1906	100	telefonbuch_102	PTT-Archiv, P-260-1_Basel_1906	Basel
Merz	Hans	Dr., Arzt	St. Johannring 16	Basel	761	1906	100	telefonbuch_102	PTT-Archiv, P-260-1_Basel_1906	Basel
Merz	Lina	Cigarrenhandlung	Eisengasse 34	Basel	1602	1906	100	telefonbuch_102	PTT-Archiv, P-260-1_Basel_1906	Basel
Métraux-Bucherer		vormals Karl Bucherer	Freiestrasse 28	Basel	1929	1906	100	telefonbuch_102	PTT-Archiv, P-260-1_Basel_1906	Basel
Metz	Gebrüder		Reichensteinerstr. 18	Basel	3533	1906	100	telefonbuch_102	PTT-Archiv, P-260-1_Basel_1906	Basel
Metzger	Adolf	Papierhandlung	Thiersteinerallee 9	Basel	4006	1906	100	telefonbuch_102	PTT-Archiv, P-260-1_Basel_1906	Basel
Metzger	E.	Entleerungsgeschäft	Leuengasse 36	Basel	3197	1906	100	telefonbuch_102	PTT-Archiv, P-260-1_Basel_1906	Basel
Metzger	Gust.	Chemiserie-, Wäsche- und Weisswarenmagazin	Münsterberg 2	Basel	1827	1906	100	telefonbuch_102	PTT-Archiv, P-260-1_Basel_1906	Basel
Metzger	Gust.	Derselbe, mech. Wäschefabrik	Thiersteinerallee 23	Basel	3930	1906	100	telefonbuch_102	PTT-Archiv, P-260-1_Basel_1906	Basel
Metzger-Hugenschmidt	B.	Schreinermeister	Hammerstrasse 57	Basel	3631	1906	100	telefonbuch_102	PTT-Archiv, P-260-1_Basel_1906	Basel
Meyenrock	Fr.		Austrasse 116	Basel	4468	1906	100	telefonbuch_102	PTT-Archiv, P-260-1_Basel_1906	Basel
Meyer-Altwegg	Heinr.	Dr. med.	Petersgraben 63	Basel	2712	1906	100	telefonbuch_102	PTT-Archiv, P-260-1_Basel_1906	Basel
Meyer-Altorfer	H.	Frau	Schützenmattstr. 44	Basel	4538	1906	100	telefonbuch_102	PTT-Archiv, P-260-1_Basel_1906	Basel
Meyer	Anny		Aeschengraben 8	Basel	4513	1906	100	telefonbuch_102	PTT-Archiv, P-260-1_Basel_1906	Basel
Meyer	August		Rebgasse 42	Basel	1123	1906	100	telefonbuch_102	PTT-Archiv, P-260-1_Basel_1906	Basel
Meyer-Brügger	J.		Burgunderstrasse 38	Basel	2937	1906	100	telefonbuch_102	PTT-Archiv, P-260-1_Basel_1906	Basel
Meyer	Casimir		Steinenthorstr. 30	Basel	3012	1906	100	telefonbuch_102	PTT-Archiv, P-260-1_Basel_1906	Basel
Meyer	C. F.	Dr., Frauenarzt	Mittlerestrasse 35	Basel	946	1906	100	telefonbuch_102	PTT-Archiv, P-260-1_Basel_1906	Basel
Meyer	C. J. & E.		Güterstrasse 146	Basel	333	1906	100	telefonbuch_102	PTT-Archiv, P-260-1_Basel_1906	Basel
Meyer	Eduard	Dr., Zahnarzt	Steinenring 52	Basel	1957	1906	100	telefonbuch_102	PTT-Archiv, P-260-1_Basel_1906	Basel
Meyer	Fritz	Basler Margarin-Talgschmelze	Mülhauserstrasse 24	Basel	356	1906	100	telefonbuch_102	PTT-Archiv, P-260-1_Basel_1906	Basel
Meyer	Gebrüder	Baugeschäft	Allschwilerstr. 63	Basel	2677	1906	100	telefonbuch_102	PTT-Archiv, P-260-1_Basel_1906	Basel
Meyer	Hans	Bäcker	St. Albanvorst. 41	Basel	1767	1906	100	telefonbuch_102	PTT-Archiv, P-260-1_Basel_1906	Basel
Meyer-Hauser	Fr.	Fuhrhalterei u. off. Camionnage S. B. B.	Klosterberg 25	Basel	2140	1906	100	telefonbuch_102	PTT-Archiv, P-260-1_Basel_1906	Basel
Meyer-Hauser	Fr.	Derselbe, Wohnung	Binningerstrasse 15	Basel	2627	1906	100	telefonbuch_102	PTT-Archiv, P-260-1_Basel_1906	Basel
Meyer-Hauser	Fr.	Derselbe, Camionnagebureau für Frachtgüter	Güterbahnhof S. B. B.	Basel	2421	1906	100	telefonbuch_102	PTT-Archiv, P-260-1_Basel_1906	Basel
Meyer-Hauser	Fr.	Derselbe, Camionnagebureau Eil- und Expressgüter	Personenbahnh. S. B. B.	Basel	2474	1906	100	telefonbuch_102	PTT-Archiv, P-260-1_Basel_1906	Basel
Meyer-Honegger	C.	Holzhändler	Habsburgerstr. 29	Basel	827	1906	100	telefonbuch_102	PTT-Archiv, P-260-1_Basel_1906	Basel
Meyer-Hort	Luise	Schuhwarenhandlung	Güterstrasse 164	Basel	3955	1906	100	telefonbuch_102	PTT-Archiv, P-260-1_Basel_1906	Basel
Meyer	Joh.	Hôtel du Pont	Ob. Rheingasse 8	Basel	3516	1906	100	telefonbuch_102	PTT-Archiv, P-260-1_Basel_1906	Basel
Meyer	Josef	Architekt, Bureau	Allschwilerstr. 35	Basel	2328	1906	100	telefonbuch_102	PTT-Archiv, P-260-1_Basel_1906	Basel
Meyer	Jos.	Architekt, Wohnung	Marschalkenstr. 41	Basel	303	1906	101	telefonbuch_103	PTT-Archiv, P-260-1_Basel_1906	Basel
Meyer-Kistler	Herm.	Spenglermeister	Unt. Heuberg 11	Basel	2440	1906	101	telefonbuch_103	PTT-Archiv, P-260-1_Basel_1906	Basel
Meyer-Kläsi	Eduard		Engelgasse 95	Basel	4193	1906	101	telefonbuch_103	PTT-Archiv, P-260-1_Basel_1906	Basel
Meyer-Lichtenhahn	Th.	(Bureau)	Elisabethenstr. 20	Basel	2139	1906	101	telefonbuch_103	PTT-Archiv, P-260-1_Basel_1906	Basel
Meyer-Lichtenhahn	Th.	Wohnung	Pfeffingerstrasse 107	Basel	3985	1906	101	telefonbuch_103	PTT-Archiv, P-260-1_Basel_1906	Basel
Meyer-Lieb	Paul	Dr.	Holbeinstrasse 6	Basel	2223	1906	101	telefonbuch_103	PTT-Archiv, P-260-1_Basel_1906	Basel
Meyer-Märkt	Barb.	Wwe.	Steinengraben 22	Basel	2988	1906	101	telefonbuch_103	PTT-Archiv, P-260-1_Basel_1906	Basel
Meyer	Oskar	Dr., Advokat	Gerbergasse 55	Basel	2354	1906	101	telefonbuch_103	PTT-Archiv, P-260-1_Basel_1906	Basel
Meyer-Pflüger	Jos.	Malermeister	Burgfelderstrasse 30	Basel	1474	1906	101	telefonbuch_103	PTT-Archiv, P-260-1_Basel_1906	Basel
Meyer	René	& Co.	Leimenstrasse 39	Basel	2944	1906	101	telefonbuch_103	PTT-Archiv, P-260-1_Basel_1906	Basel
Meyer's	J. C.	Wwe. & Co.	Gerbergässlein 22	Basel	3112	1906	101	telefonbuch_103	PTT-Archiv, P-260-1_Basel_1906	Basel
Meyer-Schaal	E.	Bäcker	Webergasse 35	Basel	1217	1906	101	telefonbuch_103	PTT-Archiv, P-260-1_Basel_1906	Basel
Meyer-Schmid	Carl	Prof. Dr.	Feierabendstrasse 71	Basel	2176	1906	101	telefonbuch_103	PTT-Archiv, P-260-1_Basel_1906	Basel
Meyer-Siegrist	A.		Pilgerstrasse 15	Basel	2782	1906	101	telefonbuch_103	PTT-Archiv, P-260-1_Basel_1906	Basel
Meyer Söhne		Weinhandlung	Leimenstrasse 22	Basel	2845	1906	101	telefonbuch_103	PTT-Archiv, P-260-1_Basel_1906	Basel
Meyer-Stöcklin	Joh.	Schneidermeister	Schützengraben 58	Basel	3389	1906	101	telefonbuch_103	PTT-Archiv, P-260-1_Basel_1906	Basel
Meyer & Goetschel			Eulerstrasse 77	Basel	2546	1906	101	telefonbuch_103	PTT-Archiv, P-260-1_Basel_1906	Basel
Meyer-Vogel	M.	Wwe.	Steinengraben 40	Basel	3084	1906	101	telefonbuch_103	PTT-Archiv, P-260-1_Basel_1906	Basel
Meyer-von Schmid	L. H.	Wwe.	Holbeinstrasse 86	Basel	3069	1906	101	telefonbuch_103	PTT-Archiv, P-260-1_Basel_1906	Basel
Mezger-Hersberger	J.		Hochbergerweg 23	Basel	3363	1906	101	telefonbuch_103	PTT-Archiv, P-260-1_Basel_1906	Basel
Mick-Bähler	Fritz	Konditor und Traiteur	Spalenring 152	Basel	952	1906	101	telefonbuch_103	PTT-Archiv, P-260-1_Basel_1906	Basel
Mieg-Buser	Emanuel		Rothbergerstr. 27	Basel	1111	1906	101	telefonbuch_103	PTT-Archiv, P-260-1_Basel_1906	Basel
Mieg	Charles		St. Albananlage 11	Basel	292	1906	101	telefonbuch_103	PTT-Archiv, P-260-1_Basel_1906	Basel
Mieg	Emanuel		Kanonengasse 15	Basel	2481	1906	101	telefonbuch_103	PTT-Archiv, P-260-1_Basel_1906	Basel
Miescher-Berner	M.	Frau	Feierabendstrasse 25	Basel	1206	1906	101	telefonbuch_103	PTT-Archiv, P-260-1_Basel_1906	Basel
Miescher	Paul		Augustinergasse 21	Basel	3114	1906	101	telefonbuch_103	PTT-Archiv, P-260-1_Basel_1906	Basel
Miescher-Rüsch	M.	Frau	Gartenstrasse 87	Basel	3193	1906	101	telefonbuch_103	PTT-Archiv, P-260-1_Basel_1906	Basel
Milchkuranstalt		Basler, v. Wwe. Walther Schmid	Schönbeinstrasse 36	Basel	2592	1906	101	telefonbuch_103	PTT-Archiv, P-260-1_Basel_1906	Basel
Mineralogisch-geologische Anstalt der Universität			Münsterplatz 7	Basel	1054	1906	101	telefonbuch_103	PTT-Archiv, P-260-1_Basel_1906	Basel
Mineralwasser- und Colonialwarenhandlung		vorm. E. Krayer-Ramspérger	Freiestrasse 39	Basel	1057	1906	101	telefonbuch_103	PTT-Archiv, P-260-1_Basel_1906	Basel
Missionsbuchhandlung			Missionsstrasse 21	Basel	854	1906	101	telefonbuch_103	PTT-Archiv, P-260-1_Basel_1906	Basel
Missionsbuchhandlung			Eisengasse 7	Basel	1500	1906	101	telefonbuch_103	PTT-Archiv, P-260-1_Basel_1906	Basel
Missionshandlungsgesellschaft			Nonnenweg 21	Basel	2669	1906	101	telefonbuch_103	PTT-Archiv, P-260-1_Basel_1906	Basel
Missionsverwaltung			Missionsstrasse 21	Basel	2625	1906	101	telefonbuch_103	PTT-Archiv, P-260-1_Basel_1906	Basel
Misslin-Mahrer's Erben			Leonhardstrasse 11	Basel	1479	1906	101	telefonbuch_103	PTT-Archiv, P-260-1_Basel_1906	Basel
Miville-Burckhardt	Rud.		St. Jakobsstrasse 16	Basel	1836	1906	101	telefonbuch_103	PTT-Archiv, P-260-1_Basel_1906	Basel
Miville-Iselin	R.		Gartenstrasse 73	Basel	2310	1906	101	telefonbuch_103	PTT-Archiv, P-260-1_Basel_1906	Basel
Mock-Huber	F.	Kunstmaler	Leimenstrasse 79	Basel	4145	1906	101	telefonbuch_103	PTT-Archiv, P-260-1_Basel_1906	Basel
Mohler	Adolf	Cigarrenhandlung	Leonhardsgraben 2	Basel	2299	1906	101	telefonbuch_103	PTT-Archiv, P-260-1_Basel_1906	Basel
Möhrle	Hermann	Velofabrik	Ob. Rheingasse 23	Basel	455	1906	101	telefonbuch_103	PTT-Archiv, P-260-1_Basel_1906	Basel
Mönch & Wörner		Baugeschäft	Laufenstrasse 62	Basel	254	1906	101	telefonbuch_103	PTT-Archiv, P-260-1_Basel_1906	Basel
Mondet-Weiler	R.	Wwe.	Gerbergasse 75	Basel	4152	1906	101	telefonbuch_103	PTT-Archiv, P-260-1_Basel_1906	Basel
Mondet-Zehnder	Louis		Gerbergasse 78	Basel	2115	1906	101	telefonbuch_103	PTT-Archiv, P-260-1_Basel_1906	Basel
Mondet-Zehnder	Louis		Leonhardsgraben 4	Basel	1977	1906	101	telefonbuch_103	PTT-Archiv, P-260-1_Basel_1906	Basel
Moor	Rudolf		Wintergasse 18	Basel	3547	1906	101	telefonbuch_103	PTT-Archiv, P-260-1_Basel_1906	Basel
Moppert-Roth	C.		Steinenthorstr. 38	Basel	2428	1906	101	telefonbuch_103	PTT-Archiv, P-260-1_Basel_1906	Basel
Morath	J.	Spenglermeister	Hammerstrasse 44	Basel	3712	1906	102	telefonbuch_104	PTT-Archiv, P-260-1_Basel_1906	Basel
Morel-Vischer	A.		Rittergasse 19	Basel	1802	1906	102	telefonbuch_104	PTT-Archiv, P-260-1_Basel_1906	Basel
Morf-Gutfleisch	J.	Wwe.	Austrasse 59	Basel	2485	1906	102	telefonbuch_104	PTT-Archiv, P-260-1_Basel_1906	Basel
Morf	J. J.	Lithographie	Peterskirchplatz 10	Basel	1481	1906	102	telefonbuch_104	PTT-Archiv, P-260-1_Basel_1906	Basel
Mörikofer	P.		Johanniterstrasse 19	Basel	1698	1906	102	telefonbuch_104	PTT-Archiv, P-260-1_Basel_1906	Basel
Morin	F.	& Sohn	Hebelstrasse 5	Basel	213	1906	102	telefonbuch_104	PTT-Archiv, P-260-1_Basel_1906	Basel
Morlock	Friedr.	Zimmermeister	Landskronstr. 40	Basel	1231	1906	102	telefonbuch_104	PTT-Archiv, P-260-1_Basel_1906	Basel
Mory		& Cie.	Grellingerstrasse 9	Basel	2105	1906	102	telefonbuch_104	PTT-Archiv, P-260-1_Basel_1906	Basel
Möschinger	J.	Verbandstoffe, Sanitäts- und Gummiwaren	Spalenberg 2	Basel	1406	1906	102	telefonbuch_104	PTT-Archiv, P-260-1_Basel_1906	Basel
Moser-Ebell	Adolf		Leonhardstrasse 24	Basel	1024	1906	102	telefonbuch_104	PTT-Archiv, P-260-1_Basel_1906	Basel
Moser	Hermann	Graveur	Spalenberg 29	Basel	2496	1906	102	telefonbuch_104	PTT-Archiv, P-260-1_Basel_1906	Basel
Moser-Massini	R.		Steinengraben 21	Basel	2863	1906	102	telefonbuch_104	PTT-Archiv, P-260-1_Basel_1906	Basel
Mosse	Rudolf	Annoncen-Expedition	Freiestrasse 41	Basel	1064	1906	102	telefonbuch_104	PTT-Archiv, P-260-1_Basel_1906	Basel
Motorlastwagen Soller		A.-G.	Clarastrasse 43	Basel	3481	1906	102	telefonbuch_104	PTT-Archiv, P-260-1_Basel_1906	Basel
Motorlastwagen Soller		A.-G., Techn. Bureau	Gundeldingerstr. 209	Basel	4418	1906	102	telefonbuch_104	PTT-Archiv, P-260-1_Basel_1906	Basel
Mühlberg	Ernst	Papierhandlung	Greifengasse 27	Basel	1276	1906	102	telefonbuch_104	PTT-Archiv, P-260-1_Basel_1906	Basel
Mühlemann	Ernst		Bachlettenstrasse 1	Basel	228	1906	102	telefonbuch_104	PTT-Archiv, P-260-1_Basel_1906	Basel
Mühlethaler	R.	& Söhne, Droguerie	Freiestrasse 15	Basel	1344	1906	102	telefonbuch_104	PTT-Archiv, P-260-1_Basel_1906	Basel
Müller	Dr. Achilles	Arzt	Nadelberg 18	Basel	437	1906	102	telefonbuch_104	PTT-Archiv, P-260-1_Basel_1906	Basel
Müller	Arnold		Leonhardsgraben 52	Basel	2888	1906	102	telefonbuch_104	PTT-Archiv, P-260-1_Basel_1906	Basel
Müller	August	Spenglermeister	Lehenmattweg 53	Basel	1108	1906	102	telefonbuch_104	PTT-Archiv, P-260-1_Basel_1906	Basel
Müller	Carl	& Vogt, Gypser	Margarethenstr. 65	Basel	4010	1906	102	telefonbuch_104	PTT-Archiv, P-260-1_Basel_1906	Basel
Müller	Dr. H.	Redakteur	Freiestrasse 38	Basel	3136	1906	102	telefonbuch_104	PTT-Archiv, P-260-1_Basel_1906	Basel
Müller	Emil	Handelsgärtner	Aeschenvorstadt 7	Basel	2026	1906	102	telefonbuch_104	PTT-Archiv, P-260-1_Basel_1906	Basel
Müller	Emil		St. Albanringw. 204	Basel	3593	1906	102	telefonbuch_104	PTT-Archiv, P-260-1_Basel_1906	Basel
Müller-Fader	Edwin		Rosshofgasse 10	Basel	296	1906	102	telefonbuch_104	PTT-Archiv, P-260-1_Basel_1906	Basel
Müller	Gust.	& Co., Weinhandlung	Utengasse 5	Basel	1165	1906	102	telefonbuch_104	PTT-Archiv, P-260-1_Basel_1906	Basel
Müller-Haberstich	F.		Claragraben 35	Basel	3843	1906	102	telefonbuch_104	PTT-Archiv, P-260-1_Basel_1906	Basel
Müller	Hans	jun.	Freiestrasse 41	Basel	1064	1906	102	telefonbuch_104	PTT-Archiv, P-260-1_Basel_1906	Basel
Müller	Hans	Wirt	Erlenweg 59	Basel	393	1906	102	telefonbuch_104	PTT-Archiv, P-260-1_Basel_1906	Basel
Müller-Heer	G.	Restaurateur	Bad. Bahnhof	Basel	3469	1906	102	telefonbuch_104	PTT-Archiv, P-260-1_Basel_1906	Basel
Müller	Heinrich		Maulbeerweg 7	Basel	3511	1906	102	telefonbuch_104	PTT-Archiv, P-260-1_Basel_1906	Basel
Müller	Heinrich	Konditor	Dornacherstrasse 67	Basel	4078	1906	102	telefonbuch_104	PTT-Archiv, P-260-1_Basel_1906	Basel
Müller-Hindenlang		& Co., Käsehandlung, Bureau	Davidsbodenstr. 26	Basel	1510	1906	102	telefonbuch_104	PTT-Archiv, P-260-1_Basel_1906	Basel
Müller-Hindenlang	Ros.	Wwe.	Socinstrasse 42	Basel	2652	1906	102	telefonbuch_104	PTT-Archiv, P-260-1_Basel_1906	Basel
Müller	J.	Schirmfabrikant	Freiestrasse 85	Basel	1867	1906	102	telefonbuch_104	PTT-Archiv, P-260-1_Basel_1906	Basel
Müller	J.		Greifengasse 12	Basel	3205	1906	102	telefonbuch_104	PTT-Archiv, P-260-1_Basel_1906	Basel
Müller	J. J.	Metallwarenfabrik und Giesserei	Steinengraben 80	Basel	2504	1906	102	telefonbuch_104	PTT-Archiv, P-260-1_Basel_1906	Basel
Müller-Kelterborn	E.	Wwe.	Ob. Heuberg 22	Basel	770	1906	102	telefonbuch_104	PTT-Archiv, P-260-1_Basel_1906	Basel
Müller-Krauer	J.	Wwe.	Hardtstrasse 36	Basel	3599	1906	102	telefonbuch_104	PTT-Archiv, P-260-1_Basel_1906	Basel
Müller-Leimgruber	J.	Frau, Hebamme	Hammerstrasse 99	Basel	1676	1906	102	telefonbuch_104	PTT-Archiv, P-260-1_Basel_1906	Basel
Müller	Max	Feinbäckerei und Konditorei	Steinenvorstadt 2	Basel	2457	1906	102	telefonbuch_104	PTT-Archiv, P-260-1_Basel_1906	Basel
Müller-Mechel	Aug.		Grenzacherstr. 65	Basel	2602	1906	102	telefonbuch_104	PTT-Archiv, P-260-1_Basel_1906	Basel
Müller-Oberer	Carl	Baugeschäft	Missionsstrasse 64	Basel	23	1906	102	telefonbuch_104	PTT-Archiv, P-260-1_Basel_1906	Basel
Müller	Otto	Cigarrenhandlung	Küchegässlein 9	Basel	2111	1906	102	telefonbuch_104	PTT-Archiv, P-260-1_Basel_1906	Basel
Müller-Plüss	O.		Güterstrasse 276	Basel	3637	1906	102	telefonbuch_104	PTT-Archiv, P-260-1_Basel_1906	Basel
Müller-Schmid	Aug.	Lithograph und Buchdruckereibesitzer	St. Johannvorst. 44	Basel	3303	1906	102	telefonbuch_104	PTT-Archiv, P-260-1_Basel_1906	Basel
Müller-Schurter	Th.		Sternenbergerstr. 1	Basel	3482	1906	102	telefonbuch_104	PTT-Archiv, P-260-1_Basel_1906	Basel
Müller-Senn	W.	Droguerie	Aeschenvorstadt 75	Basel	1888	1906	102	telefonbuch_104	PTT-Archiv, P-260-1_Basel_1906	Basel
Müller-Stähelin's Erben	Lydia und Hans Müller		Leimenstrasse 25	Basel	2615	1906	103	telefonbuch_105	PTT-Archiv, P-260-1_Basel_1906	Basel
Müller-Stücklin	A.	Cigarren, Tabak	Dornacherstrasse 75	Basel	850	1906	103	telefonbuch_105	PTT-Archiv, P-260-1_Basel_1906	Basel
Müller-Tanner	Wwe. S.		Bahnhofstrasse 29	Basel	4462	1906	103	telefonbuch_105	PTT-Archiv, P-260-1_Basel_1906	Basel
Müller & Cie.		Bankgeschäft	Gerbergasse 24	Basel	2107	1906	103	telefonbuch_105	PTT-Archiv, P-260-1_Basel_1906	Basel
Müller & Cie.		Börse	Postgebäude	Basel	112	1906	103	telefonbuch_105	PTT-Archiv, P-260-1_Basel_1906	Basel
Müller & Hess		Baugeschäft	Schanzenstrasse 31	Basel	25	1906	103	telefonbuch_105	PTT-Archiv, P-260-1_Basel_1906	Basel
Münch	Alph.		Breisacherstrasse 60	Basel	3354	1906	103	telefonbuch_105	PTT-Archiv, P-260-1_Basel_1906	Basel
Münch-Bender	Hch.		Ob. Rehgasse 27	Basel	383	1906	103	telefonbuch_105	PTT-Archiv, P-260-1_Basel_1906	Basel
Muntwyler	Wilh.	Schmiedmeister	Pfeffingerstrasse 27	Basel	3999	1906	103	telefonbuch_105	PTT-Archiv, P-260-1_Basel_1906	Basel
Munz	Joh.	Glaser	Hammerstrasse 90	Basel	3431	1906	103	telefonbuch_105	PTT-Archiv, P-260-1_Basel_1906	Basel
Münzer		Professor	Marschalkenstr. 26	Basel	4501	1906	103	telefonbuch_105	PTT-Archiv, P-260-1_Basel_1906	Basel
Müry	Alb.	Dr. med.	Nonnenweg 27	Basel	732	1906	103	telefonbuch_105	PTT-Archiv, P-260-1_Basel_1906	Basel
Müry-Dietschy	E.		Rütimeyerstrasse 10	Basel	2564	1906	103	telefonbuch_105	PTT-Archiv, P-260-1_Basel_1906	Basel
Müry, E., & Cie.			Eisengasse 14	Basel	1370	1906	103	telefonbuch_105	PTT-Archiv, P-260-1_Basel_1906	Basel
Müry-Flück	Emil		Nonnenweg 29	Basel	2659	1906	103	telefonbuch_105	PTT-Archiv, P-260-1_Basel_1906	Basel
Musante	S.	Kolonialwaren	Steinenthorstr. 29	Basel	1471	1906	103	telefonbuch_105	PTT-Archiv, P-260-1_Basel_1906	Basel
Museum			Augustinergasse 2	Basel	1155	1906	103	telefonbuch_105	PTT-Archiv, P-260-1_Basel_1906	Basel
Museum		Kunstsammlung	Augustinergasse 2	Basel	433	1906	103	telefonbuch_105	PTT-Archiv, P-260-1_Basel_1906	Basel
Muspach-Ruckle	W.	Vertr. d. Brauerei Warteck	Eulerstrasse 46	Basel	2704	1906	103	telefonbuch_105	PTT-Archiv, P-260-1_Basel_1906	Basel
Mylius	A.		Langegasse 90	Basel	3559	1906	103	telefonbuch_105	PTT-Archiv, P-260-1_Basel_1906	Basel
Mylius-Passavant	Dr. Albert		Kapellenstrasse 32	Basel	3737	1906	103	telefonbuch_105	PTT-Archiv, P-260-1_Basel_1906	Basel
Nadolny	E.	pharmaceut. Specialitäten	Spitalstrasse 9	Basel	1079	1906	103	telefonbuch_105	PTT-Archiv, P-260-1_Basel_1906	Basel
Näf	O.	zum Bienenkorb	Schneidergasse 1	Basel	1526	1906	103	telefonbuch_105	PTT-Archiv, P-260-1_Basel_1906	Basel
Nagel-Precht	Wilh.		Hammerstrasse 155	Basel	3378	1906	103	telefonbuch_105	PTT-Archiv, P-260-1_Basel_1906	Basel
Nägelin-Müller	J.	Maurermeister	Brantgasse 10	Basel	3306	1906	103	telefonbuch_105	PTT-Archiv, P-260-1_Basel_1906	Basel
Nägelin	Samuel	Handelsgärtner	Neuwylerstrasse 78	Basel	3147	1906	103	telefonbuch_105	PTT-Archiv, P-260-1_Basel_1906	Basel
Napp, C., & Co.			Nauenstrasse 10	Basel	2748	1906	103	telefonbuch_105	PTT-Archiv, P-260-1_Basel_1906	Basel
Nater	Jakob		Bahnhofstrasse 23	Basel	1753	1906	103	telefonbuch_105	PTT-Archiv, P-260-1_Basel_1906	Basel
Nathan	Dr. A.		St. Albangraben 1	Basel	1925	1906	103	telefonbuch_105	PTT-Archiv, P-260-1_Basel_1906	Basel
National-Zeitung		Exp. (Inserate u. Abonnement)	Marktplatz 6	Basel	1704	1906	103	telefonbuch_105	PTT-Archiv, P-260-1_Basel_1906	Basel
National-Zeitung		Redaktion, politischer Teil	Marktplatz 6	Basel	1688	1906	103	telefonbuch_105	PTT-Archiv, P-260-1_Basel_1906	Basel
Natural	A.	Le Coultre & Cie.	Hochstrasse 31	Basel	4511	1906	103	telefonbuch_105	PTT-Archiv, P-260-1_Basel_1906	Basel
Nebel-Stortz	Jos.	Milch- und Butterhandlung	Farnsburgerstr. 30	Basel	1021	1906	103	telefonbuch_105	PTT-Archiv, P-260-1_Basel_1906	Basel
Neddermann	R.	Gummiwaren	Steinenthorstrasse 11	Basel	1980	1906	103	telefonbuch_105	PTT-Archiv, P-260-1_Basel_1906	Basel
Nees-Gärtner	Hch.	Baumeister	Klybeckstrasse 234	Basel	4473	1906	103	telefonbuch_105	PTT-Archiv, P-260-1_Basel_1906	Basel
Neff-Gässler	Franz		Untere Rebgasse 24	Basel	4454	1906	103	telefonbuch_105	PTT-Archiv, P-260-1_Basel_1906	Basel
Neff	J.	Milchkuranstalt	Aeuss. Allschwilerstrasse 38	Basel	933	1906	103	telefonbuch_105	PTT-Archiv, P-260-1_Basel_1906	Basel
Nessler-Weber	G. A.	Restaurateur	Gerbergasse 84	Basel	2568	1906	103	telefonbuch_105	PTT-Archiv, P-260-1_Basel_1906	Basel
Neth-Weltin	Georg	Bäckerei	Elsässerstrasse 136	Basel	313	1906	103	telefonbuch_105	PTT-Archiv, P-260-1_Basel_1906	Basel
Neuenschwander	R.		Oetlingerstrasse 67	Basel	319	1906	103	telefonbuch_105	PTT-Archiv, P-260-1_Basel_1906	Basel
Neuer Cercle			Schützengraben 16	Basel	2718	1906	103	telefonbuch_105	PTT-Archiv, P-260-1_Basel_1906	Basel
Neukomm	Hermann	Architekt	Inn. Margarethenstr. 6	Basel	3323	1906	103	telefonbuch_105	PTT-Archiv, P-260-1_Basel_1906	Basel
Neumaier-Schürpf	Ph.		Oetlingerstrasse 64	Basel	3271	1906	103	telefonbuch_105	PTT-Archiv, P-260-1_Basel_1906	Basel
New-York, Lebens-Versicherungs-Ges.		Filiale	Freiestrasse 17	Basel	371	1906	103	telefonbuch_105	PTT-Archiv, P-260-1_Basel_1906	Basel
Nicod	A.		Claragraben 117	Basel	3277	1906	103	telefonbuch_105	PTT-Archiv, P-260-1_Basel_1906	Basel
Nicola	Charles		Sonnenweg 21	Basel	4477	1906	103	telefonbuch_105	PTT-Archiv, P-260-1_Basel_1906	Basel
Nicolaï	Karl		Freiestrasse 88	Basel	1559	1906	104	telefonbuch_106	PTT-Archiv, P-260-1_Basel_1906	Basel
Nicolet-Heusser	Paul	Spezierer	Tellstrasse 1	Basel	3941	1906	104	telefonbuch_106	PTT-Archiv, P-260-1_Basel_1906	Basel
Nidecker	C. F.		Elisabethenstr. 40	Basel	15	1906	104	telefonbuch_106	PTT-Archiv, P-260-1_Basel_1906	Basel
Niebergall	E.	Dr. med.	Steinenring 2	Basel	1083	1906	104	telefonbuch_106	PTT-Archiv, P-260-1_Basel_1906	Basel
Niebergall-Siegfried	A.		Rothbergerstrasse 4	Basel	3219	1906	104	telefonbuch_106	PTT-Archiv, P-260-1_Basel_1906	Basel
Niebergall & Goth		Export	Aeschengraben 12	Basel	2339	1906	104	telefonbuch_106	PTT-Archiv, P-260-1_Basel_1906	Basel
Dieselben		Import	Aeschengraben 12	Basel	2288	1906	104	telefonbuch_106	PTT-Archiv, P-260-1_Basel_1906	Basel
Dieselben		Güterbahnhof	St. Jakobstrasse	Basel	4100	1906	104	telefonbuch_106	PTT-Archiv, P-260-1_Basel_1906	Basel
Dieselben			Bad. Güterbahnhof	Basel	4423	1906	104	telefonbuch_106	PTT-Archiv, P-260-1_Basel_1906	Basel
Niebergall-Wahl	M. L.	Wwe.	Schützenmattstr. 83	Basel	2905	1906	104	telefonbuch_106	PTT-Archiv, P-260-1_Basel_1906	Basel
Niederhauser	Heinrich	Dr.	Steinenvorstadt 57	Basel	2233	1906	104	telefonbuch_106	PTT-Archiv, P-260-1_Basel_1906	Basel
Niederhauser	Fritz	Dienstmänneranstalt	Steinenvorstadt 30	Basel	2426	1906	104	telefonbuch_106	PTT-Archiv, P-260-1_Basel_1906	Basel
Niedermoser	Chr.	Holzbildhauer	St. Johannvorst. 28	Basel	189	1906	104	telefonbuch_106	PTT-Archiv, P-260-1_Basel_1906	Basel
Nielsen-Bohny	Hans	Zimmermeister	Chrischonastrasse 41	Basel	3734	1906	104	telefonbuch_106	PTT-Archiv, P-260-1_Basel_1906	Basel
Nienhaus	Casimir	Löwenapotheke	Greifengasse 20	Basel	1257	1906	104	telefonbuch_106	PTT-Archiv, P-260-1_Basel_1906	Basel
Nietzki	R.	Prof. Dr. (Wohnung)	Austrasse 96	Basel	2665	1906	104	telefonbuch_106	PTT-Archiv, P-260-1_Basel_1906	Basel
Noack	Karl	Apotheker	Fischmarkt 11	Basel	1612	1906	104	telefonbuch_106	PTT-Archiv, P-260-1_Basel_1906	Basel
Nober-Rieger	Friedr.	Wirt	Müllheimerstr. 154	Basel	3729	1906	104	telefonbuch_106	PTT-Archiv, P-260-1_Basel_1906	Basel
Noll-Emele	J.	Schneidermeister	Sattelgasse 10	Basel	774	1906	104	telefonbuch_106	PTT-Archiv, P-260-1_Basel_1906	Basel
Noll-Jakob	Karl		Sperrstrasse 97	Basel	3518	1906	104	telefonbuch_106	PTT-Archiv, P-260-1_Basel_1906	Basel
Nolting	Karl	Vertr. von R. Neddermann	Steinenthorstr. 11	Basel	1980	1906	104	telefonbuch_106	PTT-Archiv, P-260-1_Basel_1906	Basel
Norddeutscher Lloyd		Conr. Schneebeli, Hauptagentur	Elisabethenstr. 54	Basel	2235	1906	104	telefonbuch_106	PTT-Archiv, P-260-1_Basel_1906	Basel
Nordmann	Charles		Kornhausgasse 8	Basel	3187	1906	104	telefonbuch_106	PTT-Archiv, P-260-1_Basel_1906	Basel
Nordmann	Achilles	Dr.	Steinenring 40	Basel	2768	1906	104	telefonbuch_106	PTT-Archiv, P-260-1_Basel_1906	Basel
Noetzlin-Werthemann	Rud.		Schützenmattstr. 67	Basel	955	1906	104	telefonbuch_106	PTT-Archiv, P-260-1_Basel_1906	Basel
Nunnenmacher	B.		Spalenthorweg 45	Basel	2017	1906	104	telefonbuch_106	PTT-Archiv, P-260-1_Basel_1906	Basel
Nunnenmacher & Co.			Elisabethenstr. 41	Basel	2392	1906	104	telefonbuch_106	PTT-Archiv, P-260-1_Basel_1906	Basel
Nussbaum	Jak.	Haferhandlung	Mattweg 39	Basel	3558	1906	104	telefonbuch_106	PTT-Archiv, P-260-1_Basel_1906	Basel
Nussbaumer		Schwestern, Wirtschaft	Leonhardsgraben 20	Basel	2761	1906	104	telefonbuch_106	PTT-Archiv, P-260-1_Basel_1906	Basel
Nussbaumer & Herbold			Clarastrasse 19	Basel	3453	1906	104	telefonbuch_106	PTT-Archiv, P-260-1_Basel_1906	Basel
Nüsseler's Wwe.	Th.	Papeterie u. Buchbinderei	Greifengasse 11	Basel	888	1906	104	telefonbuch_106	PTT-Archiv, P-260-1_Basel_1906	Basel
Obere Realschule		Rektorat	DeWettestrasse	Basel	1121	1906	104	telefonbuch_106	PTT-Archiv, P-260-1_Basel_1906	Basel
Oberer	A.	Hauptagentur der schweiz. Mobiliarversicherungsgesellschaft	Bäumleingasse 9	Basel	1771	1906	104	telefonbuch_106	PTT-Archiv, P-260-1_Basel_1906	Basel
Oberer-Hindermann	J. J.	Dr.	Güterstrasse 89	Basel	2443	1906	104	telefonbuch_106	PTT-Archiv, P-260-1_Basel_1906	Basel
Oberer	J.	Dr. med.	Solothurnerstr. 45	Basel	3885	1906	104	telefonbuch_106	PTT-Archiv, P-260-1_Basel_1906	Basel
Oberrheinische Industrie-Gesellschaft Pfister & Cie.			St. Johannvorst. 31	Basel	1505	1906	104	telefonbuch_106	PTT-Archiv, P-260-1_Basel_1906	Basel
Obrist-Fäsler	Paul	Viktualienhandlung	Rümelinsplatz 7	Basel	2846	1906	104	telefonbuch_106	PTT-Archiv, P-260-1_Basel_1906	Basel
Obst- und Weinbau-Genossenschaft am Zürichsee			Sempacherstrasse 7	Basel	1197	1906	104	telefonbuch_106	PTT-Archiv, P-260-1_Basel_1906	Basel
Oechslin	Carl	Holzhandlung	Hammerstrasse 100	Basel	3467	1906	104	telefonbuch_106	PTT-Archiv, P-260-1_Basel_1906	Basel
Oehninger	Hch.		Güterstrasse 116	Basel	3398	1906	104	telefonbuch_106	PTT-Archiv, P-260-1_Basel_1906	Basel
Oelhafen-Bähler	Emil	Architekt	Schaffh. Rheinweg 5	Basel	1119	1906	104	telefonbuch_106	PTT-Archiv, P-260-1_Basel_1906	Basel
Oelhafen	Max	Architekt	Tellstrasse 54	Basel	4549	1906	104	telefonbuch_106	PTT-Archiv, P-260-1_Basel_1906	Basel
Oesch	Albert	Dr.	Hutgasse 1	Basel	3311	1906	104	telefonbuch_106	PTT-Archiv, P-260-1_Basel_1906	Basel
Oettel-Meister	Gabr.		St. Albanvorstadt 53	Basel	4256	1906	104	telefonbuch_106	PTT-Archiv, P-260-1_Basel_1906	Basel
Oettinger	Max		Eisengasse 9	Basel	1357	1906	104	telefonbuch_106	PTT-Archiv, P-260-1_Basel_1906	Basel
Derselbe			Falknerstrasse 2	Basel	4247	1906	104	telefonbuch_106	PTT-Archiv, P-260-1_Basel_1906	Basel
Ofenfabrik Sursee		A.-G., Filiale Basel	Steinenvorstadt 21	Basel	1409	1906	104	telefonbuch_106	PTT-Archiv, P-260-1_Basel_1906	Basel
Oggenfuss	Emilie		Claragraben 156	Basel	316	1906	104	telefonbuch_106	PTT-Archiv, P-260-1_Basel_1906	Basel
Olbert-Meynecke	Georg		Streitgasse 3	Basel	1936	1906	105	telefonbuch_107	PTT-Archiv, P-260-1_Basel_1906	Basel
Old England		(L. Corréard)	Gerbergasse 36	Basel	3006	1906	105	telefonbuch_107	PTT-Archiv, P-260-1_Basel_1906	Basel
Old	Johann	Baugeschäft	Oetlingerstrasse 12	Basel	432	1906	105	telefonbuch_107	PTT-Archiv, P-260-1_Basel_1906	Basel
Oppikofer	Ernst	Dr.	Petersgraben 20	Basel	130	1906	105	telefonbuch_107	PTT-Archiv, P-260-1_Basel_1906	Basel
Orell Füssli & Co.			Gerbergasse 89	Basel	2185	1906	105	telefonbuch_107	PTT-Archiv, P-260-1_Basel_1906	Basel
Oeri	R.	Dr.	St. Albanvorstadt 19	Basel	1778	1906	105	telefonbuch_107	PTT-Archiv, P-260-1_Basel_1906	Basel
Oeri-Oschwald	J. J.	Dr.	Leonhardstrasse 57	Basel	3697	1906	105	telefonbuch_107	PTT-Archiv, P-260-1_Basel_1906	Basel
Orientalische Teppich-Import-Gesellschaft			Freiestrasse 29	Basel	1033	1906	105	telefonbuch_107	PTT-Archiv, P-260-1_Basel_1906	Basel
Orth	Hermann	Metzger	Dornacherstrasse 89	Basel	4098	1906	105	telefonbuch_107	PTT-Archiv, P-260-1_Basel_1906	Basel
Ortler	J. B.	Wwe., Eierhandlung	Gerbergässlein 3	Basel	3027	1906	105	telefonbuch_107	PTT-Archiv, P-260-1_Basel_1906	Basel
Orzel	R.		Schützenmattstr. 9	Basel	278	1906	105	telefonbuch_107	PTT-Archiv, P-260-1_Basel_1906	Basel
Oser	Wilh.	Dr., Vogesenapotheke & Laborator.	Colmarerstrasse 22	Basel	803	1906	105	telefonbuch_107	PTT-Archiv, P-260-1_Basel_1906	Basel
Oser	Rud.	Handelsgärtner	St. Albanringweg 189	Basel	3562	1906	105	telefonbuch_107	PTT-Archiv, P-260-1_Basel_1906	Basel
Oser	Rud.	Blumenladen	Freiestrasse 41	Basel	1056	1906	105	telefonbuch_107	PTT-Archiv, P-260-1_Basel_1906	Basel
Oser	Th.	Spenglermeister	Pfluggasse 7	Basel	2106	1906	105	telefonbuch_107	PTT-Archiv, P-260-1_Basel_1906	Basel
Oser-Thurneysen & Co.			St. Albanthal 36	Basel	4294	1906	105	telefonbuch_107	PTT-Archiv, P-260-1_Basel_1906	Basel
Oester	Joh.	Bäckermeister	Steinenvorstadt 35	Basel	2056	1906	105	telefonbuch_107	PTT-Archiv, P-260-1_Basel_1906	Basel
Oesterlin & Cie.			Bruderholzstrasse 40	Basel	3942	1906	105	telefonbuch_107	PTT-Archiv, P-260-1_Basel_1906	Basel
Oesterlin & Cie.		Filiale	Hutgasse 14	Basel	4522	1906	105	telefonbuch_107	PTT-Archiv, P-260-1_Basel_1906	Basel
Oswald	Ernst	Dr.	Spalenberg 63	Basel	2841	1906	105	telefonbuch_107	PTT-Archiv, P-260-1_Basel_1906	Basel
Oswald-Fleiner	C.	Dr.	Sevogelstrasse 62	Basel	4251	1906	105	telefonbuch_107	PTT-Archiv, P-260-1_Basel_1906	Basel
Oswald		Gebrüder	Münsterberg 9	Basel	1831	1906	105	telefonbuch_107	PTT-Archiv, P-260-1_Basel_1906	Basel
Oswald-Hindermann	P.		Steinengraben 27	Basel	2771	1906	105	telefonbuch_107	PTT-Archiv, P-260-1_Basel_1906	Basel
Oswald-Meyer	M.		Steinengraben 44	Basel	3104	1906	105	telefonbuch_107	PTT-Archiv, P-260-1_Basel_1906	Basel
Oswald-Meyer	A.	Wwe.	Gartenstrasse 107	Basel	2164	1906	105	telefonbuch_107	PTT-Archiv, P-260-1_Basel_1906	Basel
Oswald, Paravicini & Co.			Eisengasse 9	Basel	857	1906	105	telefonbuch_107	PTT-Archiv, P-260-1_Basel_1906	Basel
Oswald, Paravicini & Co.		Börse	Postgebäude	Basel	3153	1906	105	telefonbuch_107	PTT-Archiv, P-260-1_Basel_1906	Basel
Otto	Paul	Hôtel Victoria	Centralbahnplatz 4	Basel	2258	1906	105	telefonbuch_107	PTT-Archiv, P-260-1_Basel_1906	Basel
Otto	Paul	Wohnhaus	Margarethenstr. 63	Basel	852	1906	105	telefonbuch_107	PTT-Archiv, P-260-1_Basel_1906	Basel
Panten	R.	Direktor	Oberwilerstrasse 15	Basel	2907	1906	105	telefonbuch_107	PTT-Archiv, P-260-1_Basel_1906	Basel
Pape	A. F.		Immengasse 1	Basel	1643	1906	105	telefonbuch_107	PTT-Archiv, P-260-1_Basel_1906	Basel
Pape	Aug.	Dr.	Unt. Rheinweg 102	Basel	1226	1906	105	telefonbuch_107	PTT-Archiv, P-260-1_Basel_1906	Basel
Paraf	Josué		St. Jakobsstrasse 9	Basel	2182	1906	105	telefonbuch_107	PTT-Archiv, P-260-1_Basel_1906	Basel
Paravicini-Bachofen	E.	Frau	St. Jakobsstrasse 20	Basel	4050	1906	105	telefonbuch_107	PTT-Archiv, P-260-1_Basel_1906	Basel
Paravicini-Heusler	E.		St. Jakobsstrasse 110	Basel	3996	1906	105	telefonbuch_107	PTT-Archiv, P-260-1_Basel_1906	Basel
Paravicini-Meyer	S. Marg.	Wwe.	Holbeinstrasse 3	Basel	2910	1906	105	telefonbuch_107	PTT-Archiv, P-260-1_Basel_1906	Basel
Paravicini	R.		Elisabethenstr. 21	Basel	2329	1906	105	telefonbuch_107	PTT-Archiv, P-260-1_Basel_1906	Basel
Paravicini-Vischer	R.		Elisabethenstr. 19	Basel	2322	1906	105	telefonbuch_107	PTT-Archiv, P-260-1_Basel_1906	Basel
Paravicini & Co.		Brauerei-Artikel	Petersplatz 3	Basel	2585	1906	105	telefonbuch_107	PTT-Archiv, P-260-1_Basel_1906	Basel
Parfumerie Franco-Suisse		Ewald & Co.	Kraftstrasse 11	Basel	4546	1906	105	telefonbuch_107	PTT-Archiv, P-260-1_Basel_1906	Basel
Parmentier-Straumann	B.	Bäcker	Elisabethenstrasse 9	Basel	2091	1906	105	telefonbuch_107	PTT-Archiv, P-260-1_Basel_1906	Basel
Paronella	Fr.	spanische Bodega	Obere Rebgasse 6	Basel	3258	1906	105	telefonbuch_107	PTT-Archiv, P-260-1_Basel_1906	Basel
Paronella	Fr.	spanische Weinhalle	Barfüsserplatz 16	Basel	2533	1906	105	telefonbuch_107	PTT-Archiv, P-260-1_Basel_1906	Basel
Pasqualini	L.	Commission und Agenturen	Aeschenvorstadt 67	Basel	1544	1906	105	telefonbuch_107	PTT-Archiv, P-260-1_Basel_1906	Basel
Passavant-Allemandi	E.		Gartenstrasse 1	Basel	1928	1906	105	telefonbuch_107	PTT-Archiv, P-260-1_Basel_1906	Basel
Passavant		Gebrüder	Steinenvorstadt 1	Basel	2166	1906	105	telefonbuch_107	PTT-Archiv, P-260-1_Basel_1906	Basel
Passavant	Georges		Gellertstrasse 21	Basel	4130	1906	105	telefonbuch_107	PTT-Archiv, P-260-1_Basel_1906	Basel
Passavant	Hans Franz		Elisabethenanlage 41	Basel	2275	1906	105	telefonbuch_107	PTT-Archiv, P-260-1_Basel_1906	Basel
Passavant-Iselin & Co.			Küchegässlein 5	Basel	2476	1906	106	telefonbuch_108	PTT-Archiv, P-260-1_Basel_1906	Basel
Passavant-Iselin & Co.		siehe auch unter „Allschwil“		Basel	3132	1906	106	telefonbuch_108	PTT-Archiv, P-260-1_Basel_1906	Basel
Passavant & Co.			Rheinsprung 22	Basel	1308	1906	106	telefonbuch_108	PTT-Archiv, P-260-1_Basel_1906	Basel
Passavant, Zaeslin & Co.			Freiestrasse 91	Basel	1080	1906	106	telefonbuch_108	PTT-Archiv, P-260-1_Basel_1906	Basel
Patentbank Confidentia A.-G.		Filiale Basel	Elisabethenstr. 44	Basel	3170	1906	106	telefonbuch_108	PTT-Archiv, P-260-1_Basel_1906	Basel
Pathologisch-anatomische Anstalt			Hebelstrasse 2	Basel	122	1906	106	telefonbuch_108	PTT-Archiv, P-260-1_Basel_1906	Basel
Pedrina	Antonio		Spalenberg 52	Basel	4500	1906	106	telefonbuch_108	PTT-Archiv, P-260-1_Basel_1906	Basel
Peisker	August	Goldschmied	Gerbergasse 37	Basel	132	1906	106	telefonbuch_108	PTT-Archiv, P-260-1_Basel_1906	Basel
Perzy-Huber	F.	Geschäftsleiter der Basler Druck- und Verlagsanstalt	Sulzerstrasse 10	Basel	290	1906	106	telefonbuch_108	PTT-Archiv, P-260-1_Basel_1906	Basel
Pesenti	Joh.	Baugeschäft	Güterstrasse 302	Basel	308	1906	106	telefonbuch_108	PTT-Archiv, P-260-1_Basel_1906	Basel
Peter-Borner	Emil	Dr., Wohnung	Gartenstrasse 103	Basel	1173	1906	106	telefonbuch_108	PTT-Archiv, P-260-1_Basel_1906	Basel
Peter	Louis		Birsigstrasse 40	Basel	4405	1906	106	telefonbuch_108	PTT-Archiv, P-260-1_Basel_1906	Basel
Peter-Sennhauser	Jakob	Lithographie	Alemannengasse 11	Basel	3222	1906	106	telefonbuch_108	PTT-Archiv, P-260-1_Basel_1906	Basel
Peter-Studer	Gottfried		Claragraben 62	Basel	33	1906	106	telefonbuch_108	PTT-Archiv, P-260-1_Basel_1906	Basel
Peter & Brüderlin		Advokatur und Notariat	Rheinsprung 1	Basel	793	1906	106	telefonbuch_108	PTT-Archiv, P-260-1_Basel_1906	Basel
Petersen-Mayer	G.		Grellingerstrasse 30	Basel	3571	1906	106	telefonbuch_108	PTT-Archiv, P-260-1_Basel_1906	Basel
Petersschulhaus			Nadelberg 2	Basel	252	1906	106	telefonbuch_108	PTT-Archiv, P-260-1_Basel_1906	Basel
Petitjean-Baumann	A.		Gotthelfstrasse 26	Basel	227	1906	106	telefonbuch_108	PTT-Archiv, P-260-1_Basel_1906	Basel
Petitjean-Bischoff	J.		Steinenthorstrasse 35	Basel	2446	1906	106	telefonbuch_108	PTT-Archiv, P-260-1_Basel_1906	Basel
Petitjean-Pabst	Andreas		Colmarerstrasse 16	Basel	849	1906	106	telefonbuch_108	PTT-Archiv, P-260-1_Basel_1906	Basel
Petitpierre	Fanny		Hirschgasse 12	Basel	322	1906	106	telefonbuch_108	PTT-Archiv, P-260-1_Basel_1906	Basel
Petroleum-Handelgesellschaft		schweiz.	Tellstrasse 11	Basel	3984	1906	106	telefonbuch_108	PTT-Archiv, P-260-1_Basel_1906	Basel
Petroleum-Import-Cie.			Steinenthorberg 8	Basel	2411	1906	106	telefonbuch_108	PTT-Archiv, P-260-1_Basel_1906	Basel
Pfaff-Meyer	A.	Tapezierer u. Möbelhandlung	Ob. Rebgasse 52	Basel	1739	1906	106	telefonbuch_108	PTT-Archiv, P-260-1_Basel_1906	Basel
Pfandleihanstalt		Basler	Luftgässlein 5	Basel	1751	1906	106	telefonbuch_108	PTT-Archiv, P-260-1_Basel_1906	Basel
Pfannenschwarz	Wilh.	Bäcker	Hegenheimerstr. 64	Basel	832	1906	106	telefonbuch_108	PTT-Archiv, P-260-1_Basel_1906	Basel
Pfau	Johann	Wirt	St. Johannvorstadt 13	Basel	1372	1906	106	telefonbuch_108	PTT-Archiv, P-260-1_Basel_1906	Basel
Pfeiffer	Albert		Güterstrasse 275	Basel	4479	1906	106	telefonbuch_108	PTT-Archiv, P-260-1_Basel_1906	Basel
Pfeiffer	Gustav	Gypsermeister	Alemannengasse 56	Basel	1152	1906	106	telefonbuch_108	PTT-Archiv, P-260-1_Basel_1906	Basel
Pfeiffer	Wilhelm	Konditor	Aeschenvorstadt 62	Basel	2061	1906	106	telefonbuch_108	PTT-Archiv, P-260-1_Basel_1906	Basel
Pfister	Alfons	Spenglermeister	Schauenburgerstr. 21	Basel	4492	1906	106	telefonbuch_108	PTT-Archiv, P-260-1_Basel_1906	Basel
Pfister	Alfr.	Milch-, Käse- und Butterhandlung	Schweizergasse 8	Basel	1339	1906	106	telefonbuch_108	PTT-Archiv, P-260-1_Basel_1906	Basel
Pfister	Arnold		Neubadstrasse 25	Basel	2823	1906	106	telefonbuch_108	PTT-Archiv, P-260-1_Basel_1906	Basel
Pfister	Ch. H.	& Co., Unternehmung für Bodenbelag in Litosilo	Leonhardsgraben 34	Basel	1114	1906	106	telefonbuch_108	PTT-Archiv, P-260-1_Basel_1906	Basel
Pfister-Christen	J.	Bettwarenhandlung	Unt. Rheingasse 10	Basel	1273	1906	106	telefonbuch_108	PTT-Archiv, P-260-1_Basel_1906	Basel
Pfister-Pfeiffer	P.		St. Johannvorst. 31	Basel	1505	1906	106	telefonbuch_108	PTT-Archiv, P-260-1_Basel_1906	Basel
Pfister-Schilling	J. A.	Wwe.	Efringerstrasse 1	Basel	3371	1906	106	telefonbuch_108	PTT-Archiv, P-260-1_Basel_1906	Basel
Pfisterer's (H. R.) Nachf. A. Döbbelin			Freiestrasse 47	Basel	248	1906	106	telefonbuch_108	PTT-Archiv, P-260-1_Basel_1906	Basel
Pfleiderer	Chr.	Handelsgärtner	Kleinhüningerstr. 35	Basel	1279	1906	106	telefonbuch_108	PTT-Archiv, P-260-1_Basel_1906	Basel
Pfleiderer	Chr.		Schneidergasse 5	Basel	251	1906	106	telefonbuch_108	PTT-Archiv, P-260-1_Basel_1906	Basel
Pfleiderer-Josenhans	C.	Geschäftsführer der Missionshandlungsgesellschaft	Nonnenweg 21	Basel	2669	1906	106	telefonbuch_108	PTT-Archiv, P-260-1_Basel_1906	Basel
Pflüger	Albert	Spenglermeister	Breisacherstrasse 41	Basel	1286	1906	106	telefonbuch_108	PTT-Archiv, P-260-1_Basel_1906	Basel
Pflüger-Büchelin	E.	Metzger	Feldbergstrasse 26	Basel	1285	1906	106	telefonbuch_108	PTT-Archiv, P-260-1_Basel_1906	Basel
Pflüger	Louis	Nachf. v. Emil Bastady	Hegenheimerstr. 1	Basel	4310	1906	106	telefonbuch_108	PTT-Archiv, P-260-1_Basel_1906	Basel
Pflüger-Walter	Alb.	Metzger	Güterstrasse 298	Basel	2279	1906	106	telefonbuch_108	PTT-Archiv, P-260-1_Basel_1906	Basel
Pfrunder	Ed.	Architekt, Bureau	Greifengasse 28	Basel	361	1906	106	telefonbuch_108	PTT-Archiv, P-260-1_Basel_1906	Basel
Pfrunder	Ed.	Wohnung	Unt. Rheinweg 146	Basel	42	1906	106	telefonbuch_108	PTT-Archiv, P-260-1_Basel_1906	Basel
Pfulmann	Ernst	Baugeschäft	Klybeckstrasse 1	Basel	3035	1906	107	telefonbuch_109	PTT-Archiv, P-260-1_Basel_1906	Basel
Philippi & Hermann			Aeschengraben 28	Basel	2393	1906	107	telefonbuch_109	PTT-Archiv, P-260-1_Basel_1906	Basel
Philippi	Maria	Konzertsängerin	Grellingerstrasse 32	Basel	3587	1906	107	telefonbuch_109	PTT-Archiv, P-260-1_Basel_1906	Basel
Philippi-Mauley	Rob.		Wartenbergstr. 39	Basel	3845	1906	107	telefonbuch_109	PTT-Archiv, P-260-1_Basel_1906	Basel
Philippson	Carl		Schwanengasse 6	Basel	1375	1906	107	telefonbuch_109	PTT-Archiv, P-260-1_Basel_1906	Basel
Phönix	franz.	Feuervers.-Gesellschaft in Paris	Freiestrasse 33	Basel	121	1906	107	telefonbuch_109	PTT-Archiv, P-260-1_Basel_1906	Basel
Photographie Kling-Jenny			Petersgraben 17	Basel	1440	1906	107	telefonbuch_109	PTT-Archiv, P-260-1_Basel_1906	Basel
Physikalische Anstalt			Bernoullistrasse 60	Basel	1451	1906	107	telefonbuch_109	PTT-Archiv, P-260-1_Basel_1906	Basel
Picard	Paul		Küchegässlein 3	Basel	3848	1906	107	telefonbuch_109	PTT-Archiv, P-260-1_Basel_1906	Basel
Pichonnaz-Martin	A. L.		Birsigstrasse 4	Basel	3498	1906	107	telefonbuch_109	PTT-Archiv, P-260-1_Basel_1906	Basel
Pildner-Linder	M.	Uhrenmacher	Spalenvorstadt 31	Basel	2889	1906	107	telefonbuch_109	PTT-Archiv, P-260-1_Basel_1906	Basel
Pilloud	Simon	Sattlermeister	Münchensteinerstrasse 148	Basel	3828	1906	107	telefonbuch_109	PTT-Archiv, P-260-1_Basel_1906	Basel
Plachner	Ph.	Restaurant Continental	Küchegässlein 15	Basel	4495	1906	107	telefonbuch_109	PTT-Archiv, P-260-1_Basel_1906	Basel
von Planta	Hermann		Nonnenweg 58	Basel	3387	1906	107	telefonbuch_109	PTT-Archiv, P-260-1_Basel_1906	Basel
Plattner-Oswald		Tierarzt (Wohnung)	Schönbeinstrasse 34	Basel	394	1906	107	telefonbuch_109	PTT-Archiv, P-260-1_Basel_1906	Basel
Plattner-Oswald		Derselbe, Bureau und Stallung	Davidsgasse 8	Basel	1524	1906	107	telefonbuch_109	PTT-Archiv, P-260-1_Basel_1906	Basel
Plattner	Rud.	Architekt	Allschwilerstrasse 15	Basel	948	1906	107	telefonbuch_109	PTT-Archiv, P-260-1_Basel_1906	Basel
Pohl-Wohnlich	Max	Musikalienhandlung	Gerbergasse 40	Basel	397	1906	107	telefonbuch_109	PTT-Archiv, P-260-1_Basel_1906	Basel
Poliklinik	allgemeine		Hebelstrasse 1	Basel	1421	1906	107	telefonbuch_109	PTT-Archiv, P-260-1_Basel_1906	Basel
Poliklinik	geburtsh.-gynaecolog.		Johanniterstrasse 81	Basel	1538	1906	107	telefonbuch_109	PTT-Archiv, P-260-1_Basel_1906	Basel
Polizeigericht			Bäumleingasse 1	Basel	1765	1906	107	telefonbuch_109	PTT-Archiv, P-260-1_Basel_1906	Basel
Polizeikommando		Hauptwache und Journalbureau	Lohnhof	Basel	51	1906	107	telefonbuch_109	PTT-Archiv, P-260-1_Basel_1906	Basel
Administrativ- und Strafsachen-Abteilung			Lohnhof	Basel	403	1906	107	telefonbuch_109	PTT-Archiv, P-260-1_Basel_1906	Basel
Polizeiposten	Marktplatz		Rathaus	Basel	57	1906	107	telefonbuch_109	PTT-Archiv, P-260-1_Basel_1906	Basel
Polizeiposten	Rheinbrücke		Eisengasse 1	Basel	58	1906	107	telefonbuch_109	PTT-Archiv, P-260-1_Basel_1906	Basel
Polizeiposten	St. Clara		Claraplatz 4	Basel	61	1906	107	telefonbuch_109	PTT-Archiv, P-260-1_Basel_1906	Basel
Polizeiposten	Aeschen		St. Jakobstrasse 4	Basel	55	1906	107	telefonbuch_109	PTT-Archiv, P-260-1_Basel_1906	Basel
Polizeiposten	Spalen		Schönbeinstrasse 2	Basel	60	1906	107	telefonbuch_109	PTT-Archiv, P-260-1_Basel_1906	Basel
Polizeiposten	St. Johann		St. Johannvorstadt 90	Basel	59	1906	107	telefonbuch_109	PTT-Archiv, P-260-1_Basel_1906	Basel
Polizeiposten	Steinen		Steinenthonstr. 43	Basel	52	1906	107	telefonbuch_109	PTT-Archiv, P-260-1_Basel_1906	Basel
Polizeiposten	St. Albanthor		St. Albanvorst. 101	Basel	56	1906	107	telefonbuch_109	PTT-Archiv, P-260-1_Basel_1906	Basel
Polizeiposten	Bahnhof S. B. B.		Bahnhof S. B. B.	Basel	53	1906	107	telefonbuch_109	PTT-Archiv, P-260-1_Basel_1906	Basel
Polizeiposten	Unt. Rheinweg		Kaserne	Basel	62	1906	107	telefonbuch_109	PTT-Archiv, P-260-1_Basel_1906	Basel
Polizeiposten	Gundoldingen		Pfeffingerstrasse 49	Basel	54	1906	107	telefonbuch_109	PTT-Archiv, P-260-1_Basel_1906	Basel
Polizeiposten	Horburg		Hammerstrasse 184	Basel	63	1906	107	telefonbuch_109	PTT-Archiv, P-260-1_Basel_1906	Basel
Polizeiposten	Hägenheimer		Birkenstrasse 1	Basel	64	1906	107	telefonbuch_109	PTT-Archiv, P-260-1_Basel_1906	Basel
Polizeiposten	Breite		Zürcherstrasse 152	Basel	65	1906	107	telefonbuch_109	PTT-Archiv, P-260-1_Basel_1906	Basel
Polizeiposten	Kleinhüningen		Kleinhüningen	Basel	66	1906	107	telefonbuch_109	PTT-Archiv, P-260-1_Basel_1906	Basel
Polizeiposten	Schoren		Maulbeerweg 31	Basel	67	1906	107	telefonbuch_109	PTT-Archiv, P-260-1_Basel_1906	Basel
Portmann	August		Riehenstrasse 159	Basel	4311	1906	107	telefonbuch_109	PTT-Archiv, P-260-1_Basel_1906	Basel
Portmann-Schetty	M.	Handelsmühle	Klingenthal 7	Basel	1274	1906	107	telefonbuch_109	PTT-Archiv, P-260-1_Basel_1906	Basel
Portmann-Steiger	M.	Wohnung	Schaffh. Rheinweg 53	Basel	3191	1906	107	telefonbuch_109	PTT-Archiv, P-260-1_Basel_1906	Basel
Pradella-Burckhardt	C.	Dr.	Hirzbodenweg 81	Basel	360	1906	107	telefonbuch_109	PTT-Archiv, P-260-1_Basel_1906	Basel
Preckel	Stephan	Maler	Birmannsgasse 45	Basel	249	1906	107	telefonbuch_109	PTT-Archiv, P-260-1_Basel_1906	Basel
Preiswerk-Bernoulli	Ed.		Missionsstrasse 42	Basel	879	1906	107	telefonbuch_109	PTT-Archiv, P-260-1_Basel_1906	Basel
Preiswerk-Biry	B.	Büchsenmacher	Kaufhausgasse 6	Basel	2267	1906	108	telefonbuch_110	PTT-Archiv, P-260-1_Basel_1906	Basel
Preiswerk-Burckhardt	Rud.		St. Albananlage 56	Basel	4116	1906	108	telefonbuch_110	PTT-Archiv, P-260-1_Basel_1906	Basel
Preiswerk-Buxtorf	A. M.	Wwe.	St. Albananlage 6	Basel	2813	1906	108	telefonbuch_110	PTT-Archiv, P-260-1_Basel_1906	Basel
Preiswerk, Esser & Cie.			Mattweg 63	Basel	2436	1906	108	telefonbuch_110	PTT-Archiv, P-260-1_Basel_1906	Basel
Preiswerk-Friedrich	Ed.	Pfr.	Leonhardskirchpl. 2	Basel	1632	1906	108	telefonbuch_110	PTT-Archiv, P-260-1_Basel_1906	Basel
Preiswerk		Gebrüder	Rheinsprung 20	Basel	1313	1906	108	telefonbuch_110	PTT-Archiv, P-260-1_Basel_1906	Basel
Preiswerk-Groben			Maiengasse 63	Basel	2612	1906	108	telefonbuch_110	PTT-Archiv, P-260-1_Basel_1906	Basel
Preiswerk-Haller	Ed.	Gärtnermeister	Lehenmattstr. 224	Basel	3574	1906	108	telefonbuch_110	PTT-Archiv, P-260-1_Basel_1906	Basel
Preiswerk-Haller	Ed.		Hirzbodenweg 92	Basel	3657	1906	108	telefonbuch_110	PTT-Archiv, P-260-1_Basel_1906	Basel
Preiswerk-Imhoff	W.		Missionsstrasse 23	Basel	2635	1906	108	telefonbuch_110	PTT-Archiv, P-260-1_Basel_1906	Basel
Preiswerk-Maggi	G.	Dr. med. Zahnarzt (Praxis)	Leonhardsgraben 34	Basel	2864	1906	108	telefonbuch_110	PTT-Archiv, P-260-1_Basel_1906	Basel
Preiswerk-Maggi	G.	(Wohnung)	Neusatzweg 2	Basel	4487	1906	108	telefonbuch_110	PTT-Archiv, P-260-1_Basel_1906	Basel
Preiswerk-Ringwald	R.		St. Albanvorst. 108	Basel	4275	1906	108	telefonbuch_110	PTT-Archiv, P-260-1_Basel_1906	Basel
Preiswerk-Ryhiner	Alfr.		St. Albanvorstadt 13	Basel	1743	1906	108	telefonbuch_110	PTT-Archiv, P-260-1_Basel_1906	Basel
Preiswerk-Sarasin	Samuel		Hirzbodenweg 107	Basel	3667	1906	108	telefonbuch_110	PTT-Archiv, P-260-1_Basel_1906	Basel
Preiswerk-Schaefer	E.	Wwe.	Missionsstrasse 41	Basel	2638	1906	108	telefonbuch_110	PTT-Archiv, P-260-1_Basel_1906	Basel
Preiswerk Söhne		Colonialwaren	Schneidergasse 34	Basel	2694	1906	108	telefonbuch_110	PTT-Archiv, P-260-1_Basel_1906	Basel
Preiswerk Söhne		Filiale	Elisabethenstr. 36	Basel	1987	1906	108	telefonbuch_110	PTT-Archiv, P-260-1_Basel_1906	Basel
Preiswerk Söhne		Filiale	Missionsstrasse 39	Basel	858	1906	108	telefonbuch_110	PTT-Archiv, P-260-1_Basel_1906	Basel
Preiswerk Söhne		Filiale	Unt. Rheingasse 4	Basel	1290	1906	108	telefonbuch_110	PTT-Archiv, P-260-1_Basel_1906	Basel
Preiswerk-Stähelin	Paul		Steinenring 10	Basel	2651	1906	108	telefonbuch_110	PTT-Archiv, P-260-1_Basel_1906	Basel
Preiswerk & Co.		Baugeschäft	Missionsstrasse 43	Basel	2626	1906	108	telefonbuch_110	PTT-Archiv, P-260-1_Basel_1906	Basel
Preiswerk & Co.		Holzlagerplatz und Stallung	Burgfelderstr. 205	Basel	739	1906	108	telefonbuch_110	PTT-Archiv, P-260-1_Basel_1906	Basel
Primarschulinspektoren		Bureaux	Münsterplatz 19	Basel	124	1906	108	telefonbuch_110	PTT-Archiv, P-260-1_Basel_1906	Basel
„au Printemps“	H.	Bodenheimer, Damenkonfektion	Freiestrasse 45	Basel	467	1906	108	telefonbuch_110	PTT-Archiv, P-260-1_Basel_1906	Basel
Privatklinik		Chirurg., Dr. Suter & Dr. Hagenbach	Socinstrasse 13	Basel	2682	1906	108	telefonbuch_110	PTT-Archiv, P-260-1_Basel_1906	Basel
Privatklinik und Orthopäd. Institut Dr. Hübscher			Rheinschanze 2	Basel		1906	108	telefonbuch_110	PTT-Archiv, P-260-1_Basel_1906	Basel
Privatklinik im Andlauerhof		(Prof. Haegler)	Petersgraben 11	Basel	1702	1906	108	telefonbuch_110	PTT-Archiv, P-260-1_Basel_1906	Basel
Privatkrankenhaus			Mostackerstrasse 13	Basel	2775	1906	108	telefonbuch_110	PTT-Archiv, P-260-1_Basel_1906	Basel
Privatspital für Frauenkrankheiten und Geburtshilfe von Dr. Niebergall			Steinenring 2	Basel	1083	1906	108	telefonbuch_110	PTT-Archiv, P-260-1_Basel_1906	Basel
Privat-Telefon-Gesellschaft		Filiale Basel	Utengasse 15	Basel	1014	1906	108	telefonbuch_110	PTT-Archiv, P-260-1_Basel_1906	Basel
Probst-Bauer	A.	photogr. Artikel	Bäumleingasse 14	Basel	1703	1906	108	telefonbuch_110	PTT-Archiv, P-260-1_Basel_1906	Basel
Probst-Brunner	J.	Cigarrenhandlung	Kohlenberg 1	Basel	2227	1906	108	telefonbuch_110	PTT-Archiv, P-260-1_Basel_1906	Basel
Probst, E., & Co.		Bankgeschäft	Freiestrasse 44	Basel	3125	1906	108	telefonbuch_110	PTT-Archiv, P-260-1_Basel_1906	Basel
Probst-Lotz	Ed.		Steinengraben 48	Basel	3115	1906	108	telefonbuch_110	PTT-Archiv, P-260-1_Basel_1906	Basel
Probst-Müller		Materialhandlung	Spalenberg 51	Basel	2899	1906	108	telefonbuch_110	PTT-Archiv, P-260-1_Basel_1906	Basel
Probst-Müller		Wohnung	Nonnenweg 56	Basel	4518	1906	108	telefonbuch_110	PTT-Archiv, P-260-1_Basel_1906	Basel
Probst-Schilling	G.		Nonnenweg 35	Basel	2550	1906	108	telefonbuch_110	PTT-Archiv, P-260-1_Basel_1906	Basel
Probst-Schmidt	Em.	Dr.	Socinstrasse 53	Basel	985	1906	108	telefonbuch_110	PTT-Archiv, P-260-1_Basel_1906	Basel
Racine	Emil	Hôtel du Théâtre	Theaterstrasse 2	Basel	2363	1906	108	telefonbuch_110	PTT-Archiv, P-260-1_Basel_1906	Basel
Raillard-Schmidt	Aug.		Unt. Rheinweg 48	Basel	1204	1906	108	telefonbuch_110	PTT-Archiv, P-260-1_Basel_1906	Basel
Raillard	Th.		Grellingerstrasse 43	Basel	3014	1906	108	telefonbuch_110	PTT-Archiv, P-260-1_Basel_1906	Basel
Raillard & Schaefer			Rheingasse 39	Basel	1191	1906	108	telefonbuch_110	PTT-Archiv, P-260-1_Basel_1906	Basel
Rais-Fräulein	R.	Hotel Breisgauerhof	Hüningerstrasse 2	Basel	1416	1906	108	telefonbuch_110	PTT-Archiv, P-260-1_Basel_1906	Basel
Ranft, St., & Söhne		Handelsgärtner	Mittlerestrasse 159	Basel	1478	1906	108	telefonbuch_110	PTT-Archiv, P-260-1_Basel_1906	Basel
Ranft, St., & Söhne		Baumschule, siehe „Neu-Allschwil“		Basel	453	1906	108	telefonbuch_110	PTT-Archiv, P-260-1_Basel_1906	Basel
Ranz-Domberger	Paul	Fuhrhalter	Rheinweilerweg 15	Basel	3365	1906	108	telefonbuch_110	PTT-Archiv, P-260-1_Basel_1906	Basel
Rapp-Bührer	Joachim		Thiersteinerallee 40	Basel	4190	1906	109	telefonbuch_111	PTT-Archiv, P-260-1_Basel_1906	Basel
Rapp-Müller	Wilh.		Hochstrasse 101	Basel	3968	1906	109	telefonbuch_111	PTT-Archiv, P-260-1_Basel_1906	Basel
Rapp	W. & J.	Baugeschäft	Hochstrasse 96	Basel	3924	1906	109	telefonbuch_111	PTT-Archiv, P-260-1_Basel_1906	Basel
Rappaz		Dr. med.	Klingelbergstrasse 3	Basel	388	1906	109	telefonbuch_111	PTT-Archiv, P-260-1_Basel_1906	Basel
Rasser	E.	Baugeschäft	Ahornstrasse 39	Basel	902	1906	109	telefonbuch_111	PTT-Archiv, P-260-1_Basel_1906	Basel
Rath	Fr.	Kunsthandlung und Vergolderei	Aeschenvorstadt 37	Basel	2295	1906	109	telefonbuch_111	PTT-Archiv, P-260-1_Basel_1906	Basel
Rathe-Fehlmann			Kohlenberggasse 8	Basel	2379	1906	109	telefonbuch_111	PTT-Archiv, P-260-1_Basel_1906	Basel
Rauch	Emil	Dr.	Kohlenberg 27	Basel	3110	1906	109	telefonbuch_111	PTT-Archiv, P-260-1_Basel_1906	Basel
Rauch-Fuss	M.	Wwe.	Klybeckstrasse 98	Basel	332	1906	109	telefonbuch_111	PTT-Archiv, P-260-1_Basel_1906	Basel
Rauch-Fuss	M.	Wwe. (Dieselbe)	Hochstrasse 75	Basel		1906	109	telefonbuch_111	PTT-Archiv, P-260-1_Basel_1906	Basel
Rauch-Georg	Othmar	Dr.	Grellingerstrasse 62	Basel	4202	1906	109	telefonbuch_111	PTT-Archiv, P-260-1_Basel_1906	Basel
Reber-Burckhardt	Paul	Architekt, Wohnhaus	Missionsstrasse 44	Basel	2583	1906	109	telefonbuch_111	PTT-Archiv, P-260-1_Basel_1906	Basel
Reber-Burckhardt	Paul	Bureaux (Preiswerk & Co.)	Missionsstrasse 43	Basel	2626	1906	109	telefonbuch_111	PTT-Archiv, P-260-1_Basel_1906	Basel
Reber	Max	Dr. med.	Schützengraben 7	Basel	82	1906	109	telefonbuch_111	PTT-Archiv, P-260-1_Basel_1906	Basel
Rebleutenzunft, Maier-Brunner	F.	Restaurateur	Freiestrasse 50	Basel	1906	1906	109	telefonbuch_111	PTT-Archiv, P-260-1_Basel_1906	Basel
Rebsamen-Forrer	H.	Architekt	Schweizergasse 53	Basel	3937	1906	109	telefonbuch_111	PTT-Archiv, P-260-1_Basel_1906	Basel
Refardt-Bischoff	Arnold		Engelgasse 119	Basel	1813	1906	109	telefonbuch_111	PTT-Archiv, P-260-1_Basel_1906	Basel
Reichenbach	Hermann	Tierarzt	Römergasse 36	Basel	1220	1906	109	telefonbuch_111	PTT-Archiv, P-260-1_Basel_1906	Basel
Reinbold	Fritz	Elektriker	Sperrstrasse 97	Basel	155	1906	109	telefonbuch_111	PTT-Archiv, P-260-1_Basel_1906	Basel
Reinbolt & Christe		Nachfolger v. Kauffmann	Elsässerstrasse 59	Basel	1644	1906	109	telefonbuch_111	PTT-Archiv, P-260-1_Basel_1906	Basel
Reinger-Bruder	F.		Spalenthorweg 39	Basel	2766	1906	109	telefonbuch_111	PTT-Archiv, P-260-1_Basel_1906	Basel
Reinhardt	Friedrich	Buchdruckerei u. Privat	St. Albanvorstadt 15	Basel	2041	1906	109	telefonbuch_111	PTT-Archiv, P-260-1_Basel_1906	Basel
Reinhardt	Georg	Schlossermeister	Markgräflerstr. 48	Basel	325	1906	109	telefonbuch_111	PTT-Archiv, P-260-1_Basel_1906	Basel
Reinhardt	Ludwig	Dr. med., Arzt	Spalenvorstadt 6	Basel	2773	1906	109	telefonbuch_111	PTT-Archiv, P-260-1_Basel_1906	Basel
Reinhold	N.		Birsigstrasse 117	Basel	2862	1906	109	telefonbuch_111	PTT-Archiv, P-260-1_Basel_1906	Basel
Reis-Kaiser	Emil		Thiersteinerallee 29	Basel	2191	1906	109	telefonbuch_111	PTT-Archiv, P-260-1_Basel_1906	Basel
Reisebureau der Hamburg-Amerika-Linie		(Bronner & Co.)	Nauenstrasse 1	Basel	2877	1906	109	telefonbuch_111	PTT-Archiv, P-260-1_Basel_1906	Basel
Reiter	Ernst		Grellingerstrasse 24	Basel	3582	1906	109	telefonbuch_111	PTT-Archiv, P-260-1_Basel_1906	Basel
Rektorat der untern Realschule			Rittergasse 4	Basel	1759	1906	109	telefonbuch_111	PTT-Archiv, P-260-1_Basel_1906	Basel
Rellstab	H.	Dienstmänneranstalt	Kohlenberg 11	Basel	2525	1906	109	telefonbuch_111	PTT-Archiv, P-260-1_Basel_1906	Basel
Rensch	G.	Gewürz-, Droguen- u. Getreidemühle	St. Albanthal 8	Basel	735	1906	109	telefonbuch_111	PTT-Archiv, P-260-1_Basel_1906	Basel
Rensch-Huber		Wwe., Fleischhandlung	Sattelgasse 7	Basel	1436	1906	109	telefonbuch_111	PTT-Archiv, P-260-1_Basel_1906	Basel
Rensch-Miville		vorm. Ambs Bohny, Tafelsenffabr.	Mühleberg 21	Basel	4135	1906	109	telefonbuch_111	PTT-Archiv, P-260-1_Basel_1906	Basel
Resch	Wilh.	Spenglermeister	Hardtstrasse 83	Basel	3786	1906	109	telefonbuch_111	PTT-Archiv, P-260-1_Basel_1906	Basel
Respinger-Bauer	A.		Aeschengraben 10	Basel	2355	1906	109	telefonbuch_111	PTT-Archiv, P-260-1_Basel_1906	Basel
Respinger	H. B.	Dr., Zahnarzt, Wohnung	Marschalkenstr. 39	Basel		1906	109	telefonbuch_111	PTT-Archiv, P-260-1_Basel_1906	Basel
Respinger	H. B.	Dr., Privatpraxis	St. Albananlage 5	Basel	2032	1906	109	telefonbuch_111	PTT-Archiv, P-260-1_Basel_1906	Basel
Respinger-His	Cécile	Wwe.	Socinstrasse 32	Basel	2700	1906	109	telefonbuch_111	PTT-Archiv, P-260-1_Basel_1906	Basel
Respinger-Jaques	B.		Langegasse 17	Basel	4199	1906	109	telefonbuch_111	PTT-Archiv, P-260-1_Basel_1906	Basel
Respinger-Kiefer	A. E.	Wwe.	Grellingerstrasse 92	Basel	3973	1906	109	telefonbuch_111	PTT-Archiv, P-260-1_Basel_1906	Basel
Respinger-Passavant	E.	Wwe.	Totentanz 10	Basel	1348	1906	109	telefonbuch_111	PTT-Archiv, P-260-1_Basel_1906	Basel
Respinger-Senn	M.	Wwe.	Birmannsgasse 4	Basel	3257	1906	109	telefonbuch_111	PTT-Archiv, P-260-1_Basel_1906	Basel
Respinger	Wilh.	Dr. med.	Schweizerplatz 1	Basel	4180	1906	109	telefonbuch_111	PTT-Archiv, P-260-1_Basel_1906	Basel
Rettungsanstalt, kantonale			Klosterfiechten	Basel	4038	1906	109	telefonbuch_111	PTT-Archiv, P-260-1_Basel_1906	Basel
Reusche	Hermann		Dornacherstr. 183	Basel	2722	1906	109	telefonbuch_111	PTT-Archiv, P-260-1_Basel_1906	Basel
Rey	Isidor		Blotzheimerw. 29/31	Basel	898	1906	109	telefonbuch_111	PTT-Archiv, P-260-1_Basel_1906	Basel
Rhein	Aron		Birsigstrasse 84	Basel	3108	1906	109	telefonbuch_111	PTT-Archiv, P-260-1_Basel_1906	Basel
Rhein		Gebrüder	Bäumleingasse 5	Basel	1758	1906	109	telefonbuch_111	PTT-Archiv, P-260-1_Basel_1906	Basel
Rheinschule			Unt. Rheinweg 160	Basel	1078	1906	109	telefonbuch_111	PTT-Archiv, P-260-1_Basel_1906	Basel
Rhyner	Emma	Dr.	Feierabendstr. 33	Basel	4305	1906	110	telefonbuch_112	PTT-Archiv, P-260-1_Basel_1906	Basel
Richter-Bienz	C. A.		Holbeinstrasse 60	Basel	4228	1906	110	telefonbuch_112	PTT-Archiv, P-260-1_Basel_1906	Basel
Richter-Rickert	P.	Bettwarengeschäft	Rheinsprung 7	Basel	1301	1906	110	telefonbuch_112	PTT-Archiv, P-260-1_Basel_1906	Basel
Rickenbach	G.	Büchsenmacher	Bäumleingasse 8	Basel	1872	1906	110	telefonbuch_112	PTT-Archiv, P-260-1_Basel_1906	Basel
Rickenbacher & Co.		Holzhandlung	Elsässerstrasse 9	Basel	307	1906	110	telefonbuch_112	PTT-Archiv, P-260-1_Basel_1906	Basel
Rickenbacher & Renz			Münzgässlein 1	Basel	1134	1906	110	telefonbuch_112	PTT-Archiv, P-260-1_Basel_1906	Basel
Rickert-Daetwyler	P.	Architekt	Neubadstrasse 51	Basel	3208	1906	110	telefonbuch_112	PTT-Archiv, P-260-1_Basel_1906	Basel
Rickli-Linder	G.		Missionsstrasse 36	Basel	1453	1906	110	telefonbuch_112	PTT-Archiv, P-260-1_Basel_1906	Basel
Rieber	Henri		Aeschenvorstadt 41	Basel	1952	1906	110	telefonbuch_112	PTT-Archiv, P-260-1_Basel_1906	Basel
Riedtmann	E.	Dr.	Eulerstrasse 51	Basel	2752	1906	110	telefonbuch_112	PTT-Archiv, P-260-1_Basel_1906	Basel
Riedtmann-Ostertag	R.	Bäcker	Aeschenvorstadt 60	Basel	2072	1906	110	telefonbuch_112	PTT-Archiv, P-260-1_Basel_1906	Basel
Riedweg	K.	Wwe.	Andreasplatz 16	Basel	1000	1906	110	telefonbuch_112	PTT-Archiv, P-260-1_Basel_1906	Basel
Rieffel	J. M.		Feierabendstr. 63	Basel	859	1906	110	telefonbuch_112	PTT-Archiv, P-260-1_Basel_1906	Basel
Ries-Welti	Jos.	Restaurant Schützenhaus	Schützenmattstr. 56	Basel	2999	1906	110	telefonbuch_112	PTT-Archiv, P-260-1_Basel_1906	Basel
Riesterer-Asmus		Zimmermeister	Klingenthalstr. 77	Basel	3309	1906	110	telefonbuch_112	PTT-Archiv, P-260-1_Basel_1906	Basel
Riesterer-Grüninger	Fritz	Baugeschäft	Vogesenstrasse 27	Basel	276	1906	110	telefonbuch_112	PTT-Archiv, P-260-1_Basel_1906	Basel
Rieter-Herzog	Marie	Frau	Grellingerstrasse 23	Basel	3551	1906	110	telefonbuch_112	PTT-Archiv, P-260-1_Basel_1906	Basel
Rietmann-Dörflinger	E.		Margarethenstr. 47	Basel	239	1906	110	telefonbuch_112	PTT-Archiv, P-260-1_Basel_1906	Basel
Riggenbach	Adolf	Bäckerei	St. Johannvorst. 11	Basel	1381	1906	110	telefonbuch_112	PTT-Archiv, P-260-1_Basel_1906	Basel
Riggenbach	Alb.	Spenglerei und Installation	Elisabethenstr. 41	Basel	1353	1906	110	telefonbuch_112	PTT-Archiv, P-260-1_Basel_1906	Basel
Riggenbach	Alb.	Alb. Riggenbach-Gürtler, Wohnung	Rudolfstrasse 28	Basel	1473	1906	110	telefonbuch_112	PTT-Archiv, P-260-1_Basel_1906	Basel
Riggenbach-Burckhardt	A.	Prof. Dr.	Bernoullistrasse 20	Basel	799	1906	110	telefonbuch_112	PTT-Archiv, P-260-1_Basel_1906	Basel
Riggenbach	Ed.	Ingenieur	St. Albanvorstadt 72	Basel	1890	1906	110	telefonbuch_112	PTT-Archiv, P-260-1_Basel_1906	Basel
Riggenbach	Ed.	Papeterie	Rüdengasse 3	Basel	1351	1906	110	telefonbuch_112	PTT-Archiv, P-260-1_Basel_1906	Basel
Riggenbach, Gebrüder, & Cie.		zum Arm	Marktplatz 5	Basel	1601	1906	110	telefonbuch_112	PTT-Archiv, P-260-1_Basel_1906	Basel
Riggenbach, Gebrüder, & Cie.			Clarastrasse 30	Basel	3701	1906	110	telefonbuch_112	PTT-Archiv, P-260-1_Basel_1906	Basel
Riggenbach, Gebrüder, & Cie.			St. Albanvorstadt 59	Basel	1816	1906	110	telefonbuch_112	PTT-Archiv, P-260-1_Basel_1906	Basel
Riggenbach, Gebrüder, & Cie.			Petersgraben 18	Basel	1525	1906	110	telefonbuch_112	PTT-Archiv, P-260-1_Basel_1906	Basel
Riggenbach, Gebrüder, & Cie.			Angensteinerstr. 48	Basel	3568	1906	110	telefonbuch_112	PTT-Archiv, P-260-1_Basel_1906	Basel
Riggenbach-Iselin	A.		Wallstrasse 16	Basel	2216	1906	110	telefonbuch_112	PTT-Archiv, P-260-1_Basel_1906	Basel
Riggenbach-Oser	A.	Wwe.	Leimenstrasse 48	Basel	2901	1906	110	telefonbuch_112	PTT-Archiv, P-260-1_Basel_1906	Basel
Riggenbach-Preiswerk	Chr.	Wwe.	St. Albananlage 63	Basel	4285	1906	110	telefonbuch_112	PTT-Archiv, P-260-1_Basel_1906	Basel
Riggenbach-Thurneysen	Ed.	Lic.	Langegasse 13	Basel	2098	1906	110	telefonbuch_112	PTT-Archiv, P-260-1_Basel_1906	Basel
Riggenbach	W.	Nachf. von Louis Knecht	Elisabethenstr. 41	Basel	924	1906	110	telefonbuch_112	PTT-Archiv, P-260-1_Basel_1906	Basel
Riggenbach-Woringer	Aug.		Herbstgasse 7	Basel	4182	1906	110	telefonbuch_112	PTT-Archiv, P-260-1_Basel_1906	Basel
Riggenbach-Zollinger	E.	Wwe.	Birsigstrasse 30	Basel	4260	1906	110	telefonbuch_112	PTT-Archiv, P-260-1_Basel_1906	Basel
Rilliet	Victor		Thiersteinerallee 56	Basel	3091	1906	110	telefonbuch_112	PTT-Archiv, P-260-1_Basel_1906	Basel
Rilling	Fritz	Spenglermeister	Lothringerstrasse 82	Basel	169	1906	110	telefonbuch_112	PTT-Archiv, P-260-1_Basel_1906	Basel
Rimathé	A.	Pfr.	Sommergasse 30	Basel	4197	1906	110	telefonbuch_112	PTT-Archiv, P-260-1_Basel_1906	Basel
Rinderspacher-Banholzer	Fr.	Gärtner	Klybeckstrasse 73	Basel	3298	1906	110	telefonbuch_112	PTT-Archiv, P-260-1_Basel_1906	Basel
Ringier	Emil		Birsigstrasse 75	Basel	3670	1906	110	telefonbuch_112	PTT-Archiv, P-260-1_Basel_1906	Basel
Riniker, Strübin & Cie.			Jurastrasse 42	Basel	3771	1906	110	telefonbuch_112	PTT-Archiv, P-260-1_Basel_1906	Basel
Rising-Herwaerts	M. A.	Frau	Marktplatz 14	Basel	4456	1906	110	telefonbuch_112	PTT-Archiv, P-260-1_Basel_1906	Basel
Rissel	Julius		Isteinerstrasse 92	Basel	315	1906	110	telefonbuch_112	PTT-Archiv, P-260-1_Basel_1906	Basel
Ritter	A.	Ingenieur und Patentanwalt	Birsigstrasse 2	Basel	2487	1906	110	telefonbuch_112	PTT-Archiv, P-260-1_Basel_1906	Basel
Ritter	Alex.	Schlosserei und Mechaniker	Isteinerstrasse 114	Basel	3435	1906	110	telefonbuch_112	PTT-Archiv, P-260-1_Basel_1906	Basel
Ritter	Hans	Buchbindermeister	Nadelberg 23	Basel	1777	1906	110	telefonbuch_112	PTT-Archiv, P-260-1_Basel_1906	Basel
Ritter	R. B.	Ingenieur-Conseil	Kartausgasse 11	Basel	2007	1906	110	telefonbuch_112	PTT-Archiv, P-260-1_Basel_1906	Basel
Ritter	R. B.	Wohnung	Missionsstrasse 35	Basel	4515	1906	110	telefonbuch_112	PTT-Archiv, P-260-1_Basel_1906	Basel
Ritter & Uhlmann		Broncewaren-Fabrik	Clarastrasse 4	Basel	3526	1906	111	telefonbuch_113	PTT-Archiv, P-260-1_Basel_1906	Basel
Ritter-Wehrle	O.		Austrasse 54	Basel	1027	1906	111	telefonbuch_113	PTT-Archiv, P-260-1_Basel_1906	Basel
Rittmann	Adolf	Zahnarzt	Mittlerestrasse 27	Basel	161	1906	111	telefonbuch_113	PTT-Archiv, P-260-1_Basel_1906	Basel
Rittmann	Hch.	Zahnarzt	Leonhardsgraben 8	Basel	1614	1906	111	telefonbuch_113	PTT-Archiv, P-260-1_Basel_1906	Basel
Rittmann-Urech	Aug.	Sohn, Zahnarzt	Augustinergasse 5	Basel	1147	1906	111	telefonbuch_113	PTT-Archiv, P-260-1_Basel_1906	Basel
Derselbe		Wohnung	Güterstrasse 72	Basel	2430	1906	111	telefonbuch_113	PTT-Archiv, P-260-1_Basel_1906	Basel
Ritzmann	Emil	Brennmaterialien	Güterstrasse 205	Basel	3756	1906	111	telefonbuch_113	PTT-Archiv, P-260-1_Basel_1906	Basel
Robert	Adolf		Eulerstrasse 26	Basel	2590	1906	111	telefonbuch_113	PTT-Archiv, P-260-1_Basel_1906	Basel
Röchling		Gebrüder	Margarethenstr. 21	Basel	2424	1906	111	telefonbuch_113	PTT-Archiv, P-260-1_Basel_1906	Basel
Dieselben			Margarethenstr. 21	Basel	2316	1906	111	telefonbuch_113	PTT-Archiv, P-260-1_Basel_1906	Basel
Dieselben		Lagerplatz	Dreispitz	Basel	4218	1906	111	telefonbuch_113	PTT-Archiv, P-260-1_Basel_1906	Basel
Röckel	Jos.		Rennweg 57	Basel	1411	1906	111	telefonbuch_113	PTT-Archiv, P-260-1_Basel_1906	Basel
Rogg-Baumgartner	L.	Gärtner	Riehenstrasse 180	Basel	3851	1906	111	telefonbuch_113	PTT-Archiv, P-260-1_Basel_1906	Basel
Rognon-Schönbein	E.		Münchensteinerstr. 39	Basel	3998	1906	111	telefonbuch_113	PTT-Archiv, P-260-1_Basel_1906	Basel
Rognon-Zimmerli	E.	Wwe.	St. Jakobstrasse 23	Basel	186	1906	111	telefonbuch_113	PTT-Archiv, P-260-1_Basel_1906	Basel
Rohner-Plattner	J.		Unt. Rheinweg 98	Basel	4481	1906	111	telefonbuch_113	PTT-Archiv, P-260-1_Basel_1906	Basel
Rohr-Duthaler	Hch.		Luftgässlein 5	Basel	1751	1906	111	telefonbuch_113	PTT-Archiv, P-260-1_Basel_1906	Basel
Roehrl	A.		Kartausgasse 11	Basel	1384	1906	111	telefonbuch_113	PTT-Archiv, P-260-1_Basel_1906	Basel
Romang	A.		Utengasse 31	Basel	1183	1906	111	telefonbuch_113	PTT-Archiv, P-260-1_Basel_1906	Basel
Römisch-katholische Krankenanstalt			Hammerstrasse 43	Basel	3805	1906	111	telefonbuch_113	PTT-Archiv, P-260-1_Basel_1906	Basel
Römisch-katholische Pfarrei			Lindenberg 12	Basel	1146	1906	111	telefonbuch_113	PTT-Archiv, P-260-1_Basel_1906	Basel
Rommel & Co.			Centralbahnplatz 12	Basel	2242	1906	111	telefonbuch_113	PTT-Archiv, P-260-1_Basel_1906	Basel
Ronus-Bœringer	C.		Grellingerstrasse 66	Basel	1171	1906	111	telefonbuch_113	PTT-Archiv, P-260-1_Basel_1906	Basel
Ronus-von Speyr	V.	Wwe.	Aeschengraben 9	Basel	2306	1906	111	telefonbuch_113	PTT-Archiv, P-260-1_Basel_1906	Basel
Ronus-Wegner	K. El.	Wwe.	Angensteinerstr. 24	Basel	3669	1906	111	telefonbuch_113	PTT-Archiv, P-260-1_Basel_1906	Basel
Roos	J.		Hutgasse 17	Basel	2356	1906	111	telefonbuch_113	PTT-Archiv, P-260-1_Basel_1906	Basel
Rordorf		Apotheke	Ob. Spalenberg 63	Basel	2885	1906	111	telefonbuch_113	PTT-Archiv, P-260-1_Basel_1906	Basel
Rordorf		Sanitas	Ob. Spalenberg 63	Basel	2885	1906	111	telefonbuch_113	PTT-Archiv, P-260-1_Basel_1906	Basel
Rordorf	Hartm.	Wohnung	Burgunderstrasse 18	Basel	2821	1906	111	telefonbuch_113	PTT-Archiv, P-260-1_Basel_1906	Basel
Rosen-Apotheke		Heer & Cie.	Rudolfstrasse 2	Basel	2753	1906	111	telefonbuch_113	PTT-Archiv, P-260-1_Basel_1906	Basel
Rosenthal-Schulhaus			Isteinerstrasse 10	Basel	3645	1906	111	telefonbuch_113	PTT-Archiv, P-260-1_Basel_1906	Basel
Rosenzweig	A. W.		Steinenvorstadt 67	Basel	943	1906	111	telefonbuch_113	PTT-Archiv, P-260-1_Basel_1906	Basel
Roser	Ernst		Türkheimerstr. 48	Basel	818	1906	111	telefonbuch_113	PTT-Archiv, P-260-1_Basel_1906	Basel
Rossier	Albert		Hammerstrasse 11	Basel	446	1906	111	telefonbuch_113	PTT-Archiv, P-260-1_Basel_1906	Basel
Rössiger & Co.			Dornacherstr. 101	Basel	4097	1906	111	telefonbuch_113	PTT-Archiv, P-260-1_Basel_1906	Basel
Roth-Bischoff	Herm.		Nonnenweg 31	Basel	2657	1906	111	telefonbuch_113	PTT-Archiv, P-260-1_Basel_1906	Basel
Röth	H.		Bäumleingasse 12	Basel	1717	1906	111	telefonbuch_113	PTT-Archiv, P-260-1_Basel_1906	Basel
Roth	Hermann	Tapezierer	Hochstrasse 6	Basel	3653	1906	111	telefonbuch_113	PTT-Archiv, P-260-1_Basel_1906	Basel
Roth-Kündig	M.	Frau	Wallstrasse 26	Basel	2643	1906	111	telefonbuch_113	PTT-Archiv, P-260-1_Basel_1906	Basel
Roth-Stecher	Ach.	Veltlinerhalle	Gerbergasse 26	Basel	2894	1906	111	telefonbuch_113	PTT-Archiv, P-260-1_Basel_1906	Basel
Roth	Traugott	Tapezierer	Dufourstrasse 48	Basel	4147	1906	111	telefonbuch_113	PTT-Archiv, P-260-1_Basel_1906	Basel
Rothe-Suter	Heinrich		Zürcherstrasse 172	Basel	1038	1906	111	telefonbuch_113	PTT-Archiv, P-260-1_Basel_1906	Basel
Rothenberger-Klein	Chr.	Dr., Advokat (Bureau)	Falknerstrasse 2	Basel	1860	1906	111	telefonbuch_113	PTT-Archiv, P-260-1_Basel_1906	Basel
Derselbe		Wohnung	Rennweg 80	Basel	3300	1906	111	telefonbuch_113	PTT-Archiv, P-260-1_Basel_1906	Basel
Rübelmann-Dold	A.	Schreiner	Spitalstrasse 42	Basel	1621	1906	111	telefonbuch_113	PTT-Archiv, P-260-1_Basel_1906	Basel
Ruckhäberle	E.	Dr.	Socinstrasse 9	Basel	204	1906	111	telefonbuch_113	PTT-Archiv, P-260-1_Basel_1906	Basel
Ruckhäberle	M. O.		Nauenstrasse 22	Basel	2177	1906	111	telefonbuch_113	PTT-Archiv, P-260-1_Basel_1906	Basel
Ruckstuhl	J.	Centralheizungsgeschäft	Rümelinbachweg 6/8	Basel	2896	1906	111	telefonbuch_113	PTT-Archiv, P-260-1_Basel_1906	Basel
Rudin	Emil		Oetlingerstrasse 152	Basel	1413	1906	111	telefonbuch_113	PTT-Archiv, P-260-1_Basel_1906	Basel
Rudin-Gabriel	H.		Kannenfeldstr. 15	Basel	2116	1906	112	telefonbuch_114	PTT-Archiv, P-260-1_Basel_1906	Basel
Rudin	Hans, Dr.	& Frey, Dr. Carl, Advokaturbureau	Augustinergasse 17	Basel	1373	1906	112	telefonbuch_114	PTT-Archiv, P-260-1_Basel_1906	Basel
Rudin-Rudin	Oscar		Untere Rheingasse 8	Basel	38	1906	112	telefonbuch_114	PTT-Archiv, P-260-1_Basel_1906	Basel
Rudin	Theophil	Lithograph	St. Johannvorstadt 70	Basel	1708	1906	112	telefonbuch_114	PTT-Archiv, P-260-1_Basel_1906	Basel
Rüdisühli	Rudolf	Confiseur	Eulerstrasse 38	Basel	2736	1906	112	telefonbuch_114	PTT-Archiv, P-260-1_Basel_1906	Basel
Rueb-Lapp	Fr.		Davidsbodenstr. 11	Basel	321	1906	112	telefonbuch_114	PTT-Archiv, P-260-1_Basel_1906	Basel
Rueff	F.		Leonhardstrasse 36	Basel	2902	1906	112	telefonbuch_114	PTT-Archiv, P-260-1_Basel_1906	Basel
Rueff	F.	& Cie., Caoutchoucwaren	Leonhardstrasse 26	Basel	3209	1906	112	telefonbuch_114	PTT-Archiv, P-260-1_Basel_1906	Basel
Rueff	Jos.	Getreide	Kornhausgasse 10	Basel	2739	1906	112	telefonbuch_114	PTT-Archiv, P-260-1_Basel_1906	Basel
Rueff-Weil	J.		Burgfelderstrasse 8	Basel	180	1906	112	telefonbuch_114	PTT-Archiv, P-260-1_Basel_1906	Basel
Ruegg	Carl, Dr.	Zahnarzt	Leonhardstrasse 59	Basel	2917	1906	112	telefonbuch_114	PTT-Archiv, P-260-1_Basel_1906	Basel
Ruegg-Krayer	S., Wwe.		Feierabendstrasse 80	Basel	2973	1906	112	telefonbuch_114	PTT-Archiv, P-260-1_Basel_1906	Basel
Ruegger	Jak.	Wohnung	Steinenvorstadt 63	Basel	1974	1906	112	telefonbuch_114	PTT-Archiv, P-260-1_Basel_1906	Basel
Derselbe		Eisenbau, Maschinenfabrik	Birsigstrasse 5	Basel	2458	1906	112	telefonbuch_114	PTT-Archiv, P-260-1_Basel_1906	Basel
Ruf	C.	Photograph	Steinenthorberg 20	Basel	2433	1906	112	telefonbuch_114	PTT-Archiv, P-260-1_Basel_1906	Basel
Ruf-Martin	Paul		Leonhardsgraben 20	Basel	3636	1906	112	telefonbuch_114	PTT-Archiv, P-260-1_Basel_1906	Basel
Rufer-Hartmann	C.	Handelsgärtner	Holeestrasse 115	Basel	2729	1906	112	telefonbuch_114	PTT-Archiv, P-260-1_Basel_1906	Basel
Ruffio	Achilles		Gerbergasse 50	Basel	3626	1906	112	telefonbuch_114	PTT-Archiv, P-260-1_Basel_1906	Basel
Ruh	Ed.	Schreinermeister	Leonhardsberg 14	Basel	2309	1906	112	telefonbuch_114	PTT-Archiv, P-260-1_Basel_1906	Basel
Rümmele	J.		Haltingerstrasse 70	Basel	3410	1906	112	telefonbuch_114	PTT-Archiv, P-260-1_Basel_1906	Basel
Rumpf-von Salis	Werner		Maiengasse 55	Basel	1454	1906	112	telefonbuch_114	PTT-Archiv, P-260-1_Basel_1906	Basel
Rumpf'sche Kreppweberei A.-G.			Maulbeerweg 87	Basel	3517	1906	112	telefonbuch_114	PTT-Archiv, P-260-1_Basel_1906	Basel
Dieselbe		"siehe unter ""Neue Welt"""		Basel	4150	1906	112	telefonbuch_114	PTT-Archiv, P-260-1_Basel_1906	Basel
Runge-Menningen	Otto		Thiersteinerallee 5	Basel	3986	1906	112	telefonbuch_114	PTT-Archiv, P-260-1_Basel_1906	Basel
Ruoff	Fried.	Direkter der Schorenanstalt	Schorenweg 12	Basel	3484	1906	112	telefonbuch_114	PTT-Archiv, P-260-1_Basel_1906	Basel
Rupe-Fischer	C. M., Wwe.		Feierabendstrasse 8	Basel	2347	1906	112	telefonbuch_114	PTT-Archiv, P-260-1_Basel_1906	Basel
Rupprecht	Philipp	Waschanstalt	Hammerstrasse 23	Basel	3812	1906	112	telefonbuch_114	PTT-Archiv, P-260-1_Basel_1906	Basel
Rüsch-Burckhardt	Ferd.		Elisabethenstr. 27	Basel	2410	1906	112	telefonbuch_114	PTT-Archiv, P-260-1_Basel_1906	Basel
Russ	M.	Möbelschreinerei	Elsässerstrasse 36	Basel	953	1906	112	telefonbuch_114	PTT-Archiv, P-260-1_Basel_1906	Basel
Rütimeyer	L., Dr.		Socinstrasse 25	Basel	2670	1906	112	telefonbuch_114	PTT-Archiv, P-260-1_Basel_1906	Basel
Rutschmann	Ferd.	Bäcker	Aeschenvorstadt 49	Basel	1951	1906	112	telefonbuch_114	PTT-Archiv, P-260-1_Basel_1906	Basel
Rutschmann	G.		Spalenberg 53	Basel	2	1906	112	telefonbuch_114	PTT-Archiv, P-260-1_Basel_1906	Basel
Ruutz	H., Dr.	Zahnarzt	Leonhardstrasse 16	Basel	3013	1906	112	telefonbuch_114	PTT-Archiv, P-260-1_Basel_1906	Basel
Ryffel	H.	Cigarrenhandlung	Greifengasse 30	Basel	3200	1906	112	telefonbuch_114	PTT-Archiv, P-260-1_Basel_1906	Basel
Ryhiner-Heusler		Frau	Gartenstrasse 46	Basel	1973	1906	112	telefonbuch_114	PTT-Archiv, P-260-1_Basel_1906	Basel
Ryhiner	Louise		Gellertstrasse 6	Basel	1560	1906	112	telefonbuch_114	PTT-Archiv, P-260-1_Basel_1906	Basel
Ryhiner-Merian	C.		Engelgasse 9	Basel	1907	1906	112	telefonbuch_114	PTT-Archiv, P-260-1_Basel_1906	Basel
Ryhiner-Stehlin	Alb.		St. Albananlage 14	Basel	4176	1906	112	telefonbuch_114	PTT-Archiv, P-260-1_Basel_1906	Basel
Ryhiner-VonderMühll	C.		Engelgasse 105	Basel	3604	1906	112	telefonbuch_114	PTT-Archiv, P-260-1_Basel_1906	Basel
Saass	Johann	Kohlenhandlung	Blumenrain 32	Basel	4435	1906	112	telefonbuch_114	PTT-Archiv, P-260-1_Basel_1906	Basel
Sænger-Jæckle	Otto		Pfeffingerstrasse 104	Basel	764	1906	112	telefonbuch_114	PTT-Archiv, P-260-1_Basel_1906	Basel
Saenger-Ritter	Ernst		Rütimeyerstrasse 12	Basel	910	1906	112	telefonbuch_114	PTT-Archiv, P-260-1_Basel_1906	Basel
Saenger & Co.			Pfeffingerstrasse 83	Basel	3759	1906	112	telefonbuch_114	PTT-Archiv, P-260-1_Basel_1906	Basel
Safranzunft			Gerbergasse 11	Basel	1465	1906	112	telefonbuch_114	PTT-Archiv, P-260-1_Basel_1906	Basel
Salathé-Bärwart	Dor., Wwe.		Birsigstrasse 134	Basel	1780	1906	112	telefonbuch_114	PTT-Archiv, P-260-1_Basel_1906	Basel
Salathé	E.	& Co.	Austrasse 10	Basel	3002	1906	112	telefonbuch_114	PTT-Archiv, P-260-1_Basel_1906	Basel
v. Salis	Luzius, Dr.		Missionsstrasse 6	Basel	1122	1906	112	telefonbuch_114	PTT-Archiv, P-260-1_Basel_1906	Basel
Salmeck		Restauration, J. Benz	Vogesenstrasse 143	Basel	277	1906	112	telefonbuch_114	PTT-Archiv, P-260-1_Basel_1906	Basel
Salmenbräu Rheinfelden		Depot Basel, Vertreter E. Burkart	Vogesenstrasse 141	Basel	184	1906	113	telefonbuch_115	PTT-Archiv, P-260-1_Basel_1906	Basel
Salmenbräu Rheinfelden		Wirtschaft	Steinenthorstr. 40	Basel	2555	1906	113	telefonbuch_115	PTT-Archiv, P-260-1_Basel_1906	Basel
Salmen	G. Lang-Müller	Wirt	Spalenvorstadt 45	Basel	2671	1906	113	telefonbuch_115	PTT-Archiv, P-260-1_Basel_1906	Basel
Samstag		Basler Wochenschrift, Gasser & Cie, Verl.	Unt. Rheingasse 19	Basel	1762	1906	113	telefonbuch_115	PTT-Archiv, P-260-1_Basel_1906	Basel
Samuel	E.		Spalenring 18	Basel	959	1906	113	telefonbuch_115	PTT-Archiv, P-260-1_Basel_1906	Basel
Sanatorium Leimenstrasse Basel			Leimenstrasse 67	Basel	2975	1906	113	telefonbuch_115	PTT-Archiv, P-260-1_Basel_1906	Basel
Sandreuter-Brüderlin	Frau Anna		Pilgerstrasse 17	Basel	3268	1906	113	telefonbuch_115	PTT-Archiv, P-260-1_Basel_1906	Basel
Sandreuter	Emanuel		Davidsgasse 10	Basel	1424	1906	113	telefonbuch_115	PTT-Archiv, P-260-1_Basel_1906	Basel
Sandreuter-Grüninger	Ad.	Bau- und Kunstschlosserei	Leonhardstrasse 12	Basel	2919	1906	113	telefonbuch_115	PTT-Archiv, P-260-1_Basel_1906	Basel
Sandreuter	J. W.	Agenturen	Sommergasse 31	Basel	920	1906	113	telefonbuch_115	PTT-Archiv, P-260-1_Basel_1906	Basel
Sandreuter-Jundt	R.	Architekt	Sommergasse 13	Basel	1140	1906	113	telefonbuch_115	PTT-Archiv, P-260-1_Basel_1906	Basel
Sandreuter-Kündig	Eml.		Sevogelstrasse 69	Basel	3974	1906	113	telefonbuch_115	PTT-Archiv, P-260-1_Basel_1906	Basel
Sandreuter	Rud.	Kupferschmied	Gundoldingerstr. 123	Basel	3713	1906	113	telefonbuch_115	PTT-Archiv, P-260-1_Basel_1906	Basel
Sandreuter & Lang		Nachf. v. Nikl. Brüderlin	Gerbergasse 7	Basel	1589	1906	113	telefonbuch_115	PTT-Archiv, P-260-1_Basel_1906	Basel
Sanitarisches Institut			Weiherweg 46/48	Basel	2811	1906	113	telefonbuch_115	PTT-Archiv, P-260-1_Basel_1906	Basel
Sanitas Rordorf			Ob. Spalenberg 63	Basel	2885	1906	113	telefonbuch_115	PTT-Archiv, P-260-1_Basel_1906	Basel
Sanitätsgeschäft Hausmann, A.-G.			Freiestrasse 15	Basel	1486	1906	113	telefonbuch_115	PTT-Archiv, P-260-1_Basel_1906	Basel
Sanitäts- und Gummiwarengeschäft	J. Möschinger		Spalenberg 2	Basel	1406	1906	113	telefonbuch_115	PTT-Archiv, P-260-1_Basel_1906	Basel
Sanitätsdepartement			Münsterplatz 20	Basel	1757	1906	113	telefonbuch_115	PTT-Archiv, P-260-1_Basel_1906	Basel
Sanitätskommissär II			Klein. Klingenthal 19	Basel	1281	1906	113	telefonbuch_115	PTT-Archiv, P-260-1_Basel_1906	Basel
Sarasin	A.	& Cie.	Freiestrasse 107	Basel	2037	1906	113	telefonbuch_115	PTT-Archiv, P-260-1_Basel_1906	Basel
Sarasin-Alioth	Hans		St. Albananlage 24	Basel	4138	1906	113	telefonbuch_115	PTT-Archiv, P-260-1_Basel_1906	Basel
Sarasin-Alioth	Peter	zum Lautengarten	Malzgasse 30	Basel	1953	1906	113	telefonbuch_115	PTT-Archiv, P-260-1_Basel_1906	Basel
Sarasin-Bischoff	Th.	"Derselbe, siehe unter ""Riehen"""	St. Albanvorstadt 32	Basel	1814	1906	113	telefonbuch_115	PTT-Archiv, P-260-1_Basel_1906	Basel
Sarasin-Brunner	Frau Ros.		Münchensteinerstr. 8	Basel	3978	1906	113	telefonbuch_115	PTT-Archiv, P-260-1_Basel_1906	Basel
Sarasin-Brunner	Frau Ros.		St. Albanvorstadt 49	Basel	1786	1906	113	telefonbuch_115	PTT-Archiv, P-260-1_Basel_1906	Basel
Sarasin	Dr. P. & F.		Spitalstrasse 22	Basel	1712	1906	113	telefonbuch_115	PTT-Archiv, P-260-1_Basel_1906	Basel
Sarasin-Iselin	Alfred		Langegasse 80	Basel	3688	1906	113	telefonbuch_115	PTT-Archiv, P-260-1_Basel_1906	Basel
Sarasin-Iselin	Wilh.		St. Jakobstrasse 14	Basel	2294	1906	113	telefonbuch_115	PTT-Archiv, P-260-1_Basel_1906	Basel
Sarasin	Rudolf	& Co., Comptoir	Bäumleingasse 18	Basel	1787	1906	113	telefonbuch_115	PTT-Archiv, P-260-1_Basel_1906	Basel
Sarasin, Rudolf, & Co.			Waldenburgerstr. 1	Basel	2380	1906	113	telefonbuch_115	PTT-Archiv, P-260-1_Basel_1906	Basel
Sarasin, Rudolf, & Co.			Luftgässlein 4	Basel	1855	1906	113	telefonbuch_115	PTT-Archiv, P-260-1_Basel_1906	Basel
Sarasin-Schlumberger	J.		Gartenstrasse 28	Basel	2120	1906	113	telefonbuch_115	PTT-Archiv, P-260-1_Basel_1906	Basel
Sarasin Söhne		(Bureau)	St. Johannvorstadt 3	Basel	3775	1906	113	telefonbuch_115	PTT-Archiv, P-260-1_Basel_1906	Basel
Sarasin Söhne		Fergstube	Spitalstrasse 2	Basel	833	1906	113	telefonbuch_115	PTT-Archiv, P-260-1_Basel_1906	Basel
Sarasin Söhne		Zettlerei	Elsässerstrasse 248	Basel	912	1906	113	telefonbuch_115	PTT-Archiv, P-260-1_Basel_1906	Basel
Sarasin Stähelin & Co.			St. Albanvorstadt 49	Basel	1793	1906	113	telefonbuch_115	PTT-Archiv, P-260-1_Basel_1906	Basel
Sarasin-Thiersch	Frau Anna L.		Grellingerstrasse 64	Basel	4170	1906	113	telefonbuch_115	PTT-Archiv, P-260-1_Basel_1906	Basel
Sarasin-Thurneysen	H.		St. Albanvorstadt 90	Basel	734	1906	113	telefonbuch_115	PTT-Archiv, P-260-1_Basel_1906	Basel
Sarasin-Vischer	Rud.		St. Albanvorstadt 17	Basel	1763	1906	113	telefonbuch_115	PTT-Archiv, P-260-1_Basel_1906	Basel
Sarasin-VonderMühll	Ernst		Rittergasse 25	Basel	772	1906	113	telefonbuch_115	PTT-Archiv, P-260-1_Basel_1906	Basel
Sarasin-Warnery	Reinhold		St. Albananlage 26	Basel	3661	1906	113	telefonbuch_115	PTT-Archiv, P-260-1_Basel_1906	Basel
Sarasin	W.	& Cie.	St. Albanvorstadt 93	Basel	4279	1906	113	telefonbuch_115	PTT-Archiv, P-260-1_Basel_1906	Basel
Sartorius-Burckhardt	Wwe. Joh.		Nonnenweg 60	Basel	785	1906	113	telefonbuch_115	PTT-Archiv, P-260-1_Basel_1906	Basel
Sattler's	Alb., Wwe.	Münzen- und Antiquitätenhandlung	Blumenrain 7	Basel	1326	1906	113	telefonbuch_115	PTT-Archiv, P-260-1_Basel_1906	Basel
Sauter	Jos.	Buchbinder	Barfüsserplatz 14	Basel	2489	1906	113	telefonbuch_115	PTT-Archiv, P-260-1_Basel_1906	Basel
Sauter	U.	Goldschmied	Freiestrasse 44	Basel	720	1906	113	telefonbuch_115	PTT-Archiv, P-260-1_Basel_1906	Basel
Schabelitz-Steinmann	W.	(Wohnung)	Socinstrasse 52	Basel	962	1906	114	telefonbuch_116	PTT-Archiv, P-260-1_Basel_1906	Basel
Schabelitz & La Roche			Nonnenweg 16	Basel	2662	1906	114	telefonbuch_116	PTT-Archiv, P-260-1_Basel_1906	Basel
Schächtelin	D.	Spengler	Claragraben 14	Basel	3813	1906	114	telefonbuch_116	PTT-Archiv, P-260-1_Basel_1906	Basel
Schäfer-Denger	E.	Bäckermeister	Aeschenvorstadt 18	Basel	2093	1906	114	telefonbuch_116	PTT-Archiv, P-260-1_Basel_1906	Basel
Schäfer	E.		Oberwilerstrasse 50	Basel	3075	1906	114	telefonbuch_116	PTT-Archiv, P-260-1_Basel_1906	Basel
Schäfer	Emil	Glasmaler	Grenzacherstrasse 91	Basel	3818	1906	114	telefonbuch_116	PTT-Archiv, P-260-1_Basel_1906	Basel
Schaefer-Schmidt	H.		Römergasse 1	Basel	1141	1906	114	telefonbuch_116	PTT-Archiv, P-260-1_Basel_1906	Basel
Schäffer	Samuel		Eulerstrasse 22	Basel	4211	1906	114	telefonbuch_116	PTT-Archiv, P-260-1_Basel_1906	Basel
Schaffner	Dr. G.		Schützengraben 24	Basel	2423	1906	114	telefonbuch_116	PTT-Archiv, P-260-1_Basel_1906	Basel
Schaffner-Zingg	W.		Leonhardstrasse 12	Basel	4485	1906	114	telefonbuch_116	PTT-Archiv, P-260-1_Basel_1906	Basel
Schaller	Konrad		Breisacherstr. 125	Basel	1104	1906	114	telefonbuch_116	PTT-Archiv, P-260-1_Basel_1906	Basel
Schamböck	S.	Tapezierer	Aeschenvorstadt 3	Basel	2030	1906	114	telefonbuch_116	PTT-Archiv, P-260-1_Basel_1906	Basel
Schaerer	Ed.	Hafner	Küchegässlein 7	Basel	2254	1906	114	telefonbuch_116	PTT-Archiv, P-260-1_Basel_1906	Basel
Schardt	P.		Eulerstrasse 74	Basel	3536	1906	114	telefonbuch_116	PTT-Archiv, P-260-1_Basel_1906	Basel
Scharf-Seiffert	K.	Hafnermeister	Nadelberg 26	Basel	2616	1906	114	telefonbuch_116	PTT-Archiv, P-260-1_Basel_1906	Basel
Schätzle-Kümmerle	F.	Wirt (Filiale Brauerei Sternenberg)	Alemannengasse 1	Basel	1131	1906	114	telefonbuch_116	PTT-Archiv, P-260-1_Basel_1906	Basel
Schatzmann	Hch.	Baumeister	St. Johannring 93	Basel	817	1906	114	telefonbuch_116	PTT-Archiv, P-260-1_Basel_1906	Basel
Schaub-Lüssi	A.	Plazierungsbureau	Riehenthorstrasse 14	Basel	1175	1906	114	telefonbuch_116	PTT-Archiv, P-260-1_Basel_1906	Basel
Schaub	Paul	Spengler	Schützenmattstr. 5	Basel	2714	1906	114	telefonbuch_116	PTT-Archiv, P-260-1_Basel_1906	Basel
Schaub	P. R.		Binningerstrasse 11	Basel	4232	1906	114	telefonbuch_116	PTT-Archiv, P-260-1_Basel_1906	Basel
Schaub-Ryser	J. J.	Malermeister	Gartenstrasse 64	Basel	2168	1906	114	telefonbuch_116	PTT-Archiv, P-260-1_Basel_1906	Basel
Schäublin	J. R.		Austrasse 61	Basel	2884	1906	114	telefonbuch_116	PTT-Archiv, P-260-1_Basel_1906	Basel
Schäublin-Senn	H.	Mineralwasser	Allschwilerstr. 71	Basel	2792	1906	114	telefonbuch_116	PTT-Archiv, P-260-1_Basel_1906	Basel
Schaupp-Beausire	Alb.	Bäckermeister	Hardtstrasse 66	Basel	3781	1906	114	telefonbuch_116	PTT-Archiv, P-260-1_Basel_1906	Basel
Scheerle	R.		Hammerstrasse 53	Basel	3956	1906	114	telefonbuch_116	PTT-Archiv, P-260-1_Basel_1906	Basel
Scheibler	Hans		Hirzbodenweg 85	Basel	475	1906	114	telefonbuch_116	PTT-Archiv, P-260-1_Basel_1906	Basel
Scheidecker	C. & E.	mech. Werkstätte und Messinggiesserei	Klybeckstrasse 45	Basel	3273	1906	114	telefonbuch_116	PTT-Archiv, P-260-1_Basel_1906	Basel
Scheidegger	Dr. med. E.		Missionsstrasse 33	Basel	81	1906	114	telefonbuch_116	PTT-Archiv, P-260-1_Basel_1906	Basel
Scheidegger & Cie.			Färberstrasse 30	Basel	786	1906	114	telefonbuch_116	PTT-Archiv, P-260-1_Basel_1906	Basel
Schellenberg	A.	Nachf. v. Harder & Co.	Birsigstrasse 3	Basel	2480	1906	114	telefonbuch_116	PTT-Archiv, P-260-1_Basel_1906	Basel
Schellhorn	Julius	Allg. Transport-Agentur	Heumattstrasse 12	Basel	411	1906	114	telefonbuch_116	PTT-Archiv, P-260-1_Basel_1906	Basel
Schenitza	Ph.		Therwilerstrasse 16	Basel	1978	1906	114	telefonbuch_116	PTT-Archiv, P-260-1_Basel_1906	Basel
Schenk	H.	march.-tailleur	Luftgässlein 1	Basel	2050	1906	114	telefonbuch_116	PTT-Archiv, P-260-1_Basel_1906	Basel
Scherer-Jundt	A.		Gartenstrasse 72	Basel	3868	1906	114	telefonbuch_116	PTT-Archiv, P-260-1_Basel_1906	Basel
Scherer	Dr. Victor Emil		Therwilerstrasse 35	Basel	441	1906	114	telefonbuch_116	PTT-Archiv, P-260-1_Basel_1906	Basel
Scherrer	Dr. Paul		Angensteinerstr. 11	Basel	3690	1906	114	telefonbuch_116	PTT-Archiv, P-260-1_Basel_1906	Basel
Scherrer	Dr. Paul	& Fischer, Dr. Alfred	Freiestrasse 82	Basel	2319	1906	114	telefonbuch_116	PTT-Archiv, P-260-1_Basel_1906	Basel
Scherrer	C.		Zürcherstrasse 41	Basel	4127	1906	114	telefonbuch_116	PTT-Archiv, P-260-1_Basel_1906	Basel
Scherrer-Heidet	Fred. Ed.		Oberwilerstrasse 38	Basel	3120	1906	114	telefonbuch_116	PTT-Archiv, P-260-1_Basel_1906	Basel
Schetty	Dr. Fr.		Claragraben 49	Basel	3825	1906	114	telefonbuch_116	PTT-Archiv, P-260-1_Basel_1906	Basel
Schetty-Eisenlohr	Aug.		Rappoltshof 16	Basel	3296	1906	114	telefonbuch_116	PTT-Archiv, P-260-1_Basel_1906	Basel
Schetty	Fräulein		Klybeckstrasse 22	Basel	3380	1906	114	telefonbuch_116	PTT-Archiv, P-260-1_Basel_1906	Basel
Schetty-Haas	Paul		Klybeckstrasse 5	Basel	3368	1906	114	telefonbuch_116	PTT-Archiv, P-260-1_Basel_1906	Basel
Schetty-Haberstich	Alb.		Claraplatz 3	Basel	1243	1906	114	telefonbuch_116	PTT-Archiv, P-260-1_Basel_1906	Basel
Schetty-Oechslin	Carl		Claraplatz 2	Basel	3299	1906	114	telefonbuch_116	PTT-Archiv, P-260-1_Basel_1906	Basel
Schetty-Riesterer	Fr.		Clarastrasse 15	Basel	2081	1906	114	telefonbuch_116	PTT-Archiv, P-260-1_Basel_1906	Basel
Schetty-Strübin	Jos. Aug.		Kleinhüningerstr. 192	Basel	47	1906	114	telefonbuch_116	PTT-Archiv, P-260-1_Basel_1906	Basel
Schetty-Wybert	Rudolf		Riehenthorstr. 33	Basel	415	1906	114	telefonbuch_116	PTT-Archiv, P-260-1_Basel_1906	Basel
Scheuchzer-Dür	A.	privatim	Friedensgasse 64	Basel	1405	1906	115	telefonbuch_117	PTT-Archiv, P-260-1_Basel_1906	Basel
Scheuchzer & Cie.		Handlung	Petersgraben 19	Basel	1530	1906	115	telefonbuch_117	PTT-Archiv, P-260-1_Basel_1906	Basel
Scheurer	Fritz	zur Wolfsschlucht	Gerbergasse 50	Basel	2561	1906	115	telefonbuch_117	PTT-Archiv, P-260-1_Basel_1906	Basel
Scheuring	A.	(in Firma Heinrich Franck Söhne)	Horburgstrasse 109	Basel	3364	1906	115	telefonbuch_117	PTT-Archiv, P-260-1_Basel_1906	Basel
Scheven	Frau Auguste		Wartenbergstr. 47	Basel	3691	1906	115	telefonbuch_117	PTT-Archiv, P-260-1_Basel_1906	Basel
Schibli-Buser	H.	Tapezierermeister	Missionsstrasse 67	Basel	274	1906	115	telefonbuch_117	PTT-Archiv, P-260-1_Basel_1906	Basel
Schielé-Lorenz	Ch.		Kanonengasse 23	Basel	3478	1906	115	telefonbuch_117	PTT-Archiv, P-260-1_Basel_1906	Basel
Schiess	Prof. Dr. H.		Missionsstrasse 28	Basel	2580	1906	115	telefonbuch_117	PTT-Archiv, P-260-1_Basel_1906	Basel
Schiesser	Wwe. E.	Confiserie	Marktplatz 26	Basel	1561	1906	115	telefonbuch_117	PTT-Archiv, P-260-1_Basel_1906	Basel
Schiessplatz	neuer	(Abwartwohnung)	b. Allschwilerweiher	Basel	3128	1906	115	telefonbuch_117	PTT-Archiv, P-260-1_Basel_1906	Basel
Schill-Braun	Ad.	Sattlermeister	Sperrstrasse 41	Basel	158	1906	115	telefonbuch_117	PTT-Archiv, P-260-1_Basel_1906	Basel
Schill-Ernst	Ed.		Feierabendstrasse 58	Basel	2906	1906	115	telefonbuch_117	PTT-Archiv, P-260-1_Basel_1906	Basel
Schilling-Rosenmund	A.	Bettwarengeschäft	Fischmarkt 9	Basel	1564	1906	115	telefonbuch_117	PTT-Archiv, P-260-1_Basel_1906	Basel
Schillinger	Georg	Bäckermeister	Amerbachstrasse 78	Basel	3500	1906	115	telefonbuch_117	PTT-Archiv, P-260-1_Basel_1906	Basel
Schillinger-Lang	Karl	Wirt	Brombacherstr. 30	Basel	3829	1906	115	telefonbuch_117	PTT-Archiv, P-260-1_Basel_1906	Basel
Schirach	W.		Mittlerestrasse 148	Basel	1302	1906	115	telefonbuch_117	PTT-Archiv, P-260-1_Basel_1906	Basel
Schirmer	Aug.	Glasreinigungsgeschäft	Haltingerstrasse 2	Basel	2936	1906	115	telefonbuch_117	PTT-Archiv, P-260-1_Basel_1906	Basel
Schirrer	Aug.	Hotel Hofer	Centralbahnstr. 11	Basel	2278	1906	115	telefonbuch_117	PTT-Archiv, P-260-1_Basel_1906	Basel
Schirrer & Co.		Hôtel Jura	Centralbahnplatz 11	Basel	2246	1906	115	telefonbuch_117	PTT-Archiv, P-260-1_Basel_1906	Basel
Schlachter-Aby	Th.		Klybeckstrasse 136	Basel	1914	1906	115	telefonbuch_117	PTT-Archiv, P-260-1_Basel_1906	Basel
Schlachthaus		Bureau der Viehrampe	Elsässerstrasse 4	Basel	323	1906	115	telefonbuch_117	PTT-Archiv, P-260-1_Basel_1906	Basel
Schlachthaus-Verwaltung		der Stadt Basel	Elsässerstrasse 4	Basel	1735	1906	115	telefonbuch_117	PTT-Archiv, P-260-1_Basel_1906	Basel
Schlager-Baumgärtner	Ernst		Elsässerstrasse 259	Basel	309	1906	115	telefonbuch_117	PTT-Archiv, P-260-1_Basel_1906	Basel
Schlageter-Hartmann	Karl	Schuhmachermeister	Münsterberg 10	Basel	1690	1906	115	telefonbuch_117	PTT-Archiv, P-260-1_Basel_1906	Basel
Schlageter	J.	Amtmann	Bäumleingasse 12	Basel	1905	1906	115	telefonbuch_117	PTT-Archiv, P-260-1_Basel_1906	Basel
Schlageter	J.	Wohnung	Rötelerstrasse 10	Basel	3246	1906	115	telefonbuch_117	PTT-Archiv, P-260-1_Basel_1906	Basel
Schläppi-Plattner		Fleischwarenhandlung	Spalenberg 24	Basel	2763	1906	115	telefonbuch_117	PTT-Archiv, P-260-1_Basel_1906	Basel
Schleuss	Rudolf		Wallstrasse 15	Basel	2445	1906	115	telefonbuch_117	PTT-Archiv, P-260-1_Basel_1906	Basel
Schlichtholz-Schwarz	Friedr.	Spenglermeister	Rappoltshof 7	Basel	2817	1906	115	telefonbuch_117	PTT-Archiv, P-260-1_Basel_1906	Basel
Schlienger-Berlinger	Jos.		Münchensteinerstr. 126	Basel	3939	1906	115	telefonbuch_117	PTT-Archiv, P-260-1_Basel_1906	Basel
Schlienger	Hermann	Butterhandlung	Pfeffingerstrasse 100	Basel	755	1906	115	telefonbuch_117	PTT-Archiv, P-260-1_Basel_1906	Basel
Schlimme	F.	Kürschner	Gerbergasse 72	Basel	2540	1906	115	telefonbuch_117	PTT-Archiv, P-260-1_Basel_1906	Basel
Schlosser-Bendel	S. R.		Augustinergasse 13	Basel	1068	1906	115	telefonbuch_117	PTT-Archiv, P-260-1_Basel_1906	Basel
Schlosser	Dr. Hans		Missionsstrasse 49	Basel	873	1906	115	telefonbuch_117	PTT-Archiv, P-260-1_Basel_1906	Basel
Schlosser-Hunziker	Jos.		Hammerstrasse 128	Basel	1460	1906	115	telefonbuch_117	PTT-Archiv, P-260-1_Basel_1906	Basel
Schloeth-Burckhardt	R.		Spalenvorstadt 10	Basel	2699	1906	115	telefonbuch_117	PTT-Archiv, P-260-1_Basel_1906	Basel
Schlotterbeck	C.	Bureau und Laden	Steinenring 45	Basel	1842	1906	115	telefonbuch_117	PTT-Archiv, P-260-1_Basel_1906	Basel
Schlotterer	Wilh.	Metzger	Hägenheimerstr. 8	Basel	2633	1906	115	telefonbuch_117	PTT-Archiv, P-260-1_Basel_1906	Basel
Schloz	G.	Bierdépôt Feldschlösschen	Bleicheweg 7	Basel	1238	1906	115	telefonbuch_117	PTT-Archiv, P-260-1_Basel_1906	Basel
Schlumberger-Ehinger	Wwe. F.		St. Jakobstrasse 29	Basel	2289	1906	115	telefonbuch_117	PTT-Archiv, P-260-1_Basel_1906	Basel
Schlumberger	J.		Delsbergerallee 34	Basel	3321	1906	115	telefonbuch_117	PTT-Archiv, P-260-1_Basel_1906	Basel
Schlumberger-Le Grand	Wwe. A. M.		Feierabendstrasse 68	Basel	3036	1906	115	telefonbuch_117	PTT-Archiv, P-260-1_Basel_1906	Basel
Schlumberger-Vischer	Ch.		St. Jakobstrasse 25	Basel	3794	1906	115	telefonbuch_117	PTT-Archiv, P-260-1_Basel_1906	Basel
Schmid	Adolph	Papeterie	Leonhardsgraben 2	Basel	2941	1906	115	telefonbuch_117	PTT-Archiv, P-260-1_Basel_1906	Basel
Schmid	Ad.	Schreinermeister	Rebgasse 46	Basel	1145	1906	115	telefonbuch_117	PTT-Archiv, P-260-1_Basel_1906	Basel
Schmid	Alfred	Versich.-Inspektor	Inn. Margarethenstr. 8	Basel	4471	1906	115	telefonbuch_117	PTT-Archiv, P-260-1_Basel_1906	Basel
Schmid-Bähler	Wwe.	Basler Milchkuranstalt	Schönbeinstrasse 36	Basel	2592	1906	115	telefonbuch_117	PTT-Archiv, P-260-1_Basel_1906	Basel
Schmid-Ballié	J.		Engelgasse 79	Basel	3677	1906	115	telefonbuch_117	PTT-Archiv, P-260-1_Basel_1906	Basel
Schmid-Behringer	J.		Haltingerstrasse 13	Basel	3487	1906	115	telefonbuch_117	PTT-Archiv, P-260-1_Basel_1906	Basel
Schmid-Glardon	Fritz		Thiersteinerallee 19	Basel	3029	1906	116	telefonbuch_118	PTT-Archiv, P-260-1_Basel_1906	Basel
Schmid		Gebrüder	Rittergasse 33	Basel	1067	1906	116	telefonbuch_118	PTT-Archiv, P-260-1_Basel_1906	Basel
Schmid-Kistler	Ch.	Konditor	Spalenberg 55	Basel	2893	1906	116	telefonbuch_118	PTT-Archiv, P-260-1_Basel_1906	Basel
Schmid-Kopp	T.	(Hôtel de la gare)	Gartenstrasse 117	Basel	3948	1906	116	telefonbuch_118	PTT-Archiv, P-260-1_Basel_1906	Basel
Schmid-Paganini	J.	Dr.	Oetlingerstrasse 2	Basel	3206	1906	116	telefonbuch_118	PTT-Archiv, P-260-1_Basel_1906	Basel
Schmid-Recher	E.	Frau	Murtengasse 2	Basel	4076	1906	116	telefonbuch_118	PTT-Archiv, P-260-1_Basel_1906	Basel
Schmid-Rhiner	Kath.	Wwe.	Schlettstadterstr. 12	Basel	826	1906	116	telefonbuch_118	PTT-Archiv, P-260-1_Basel_1906	Basel
Schmid-Rickenbacher	T.		Ob. Rebgasse 4	Basel	270	1906	116	telefonbuch_118	PTT-Archiv, P-260-1_Basel_1906	Basel
Schmid-Roth	J.	Bäckermeister	St. Albanvorstadt 57	Basel	1823	1906	116	telefonbuch_118	PTT-Archiv, P-260-1_Basel_1906	Basel
Schmid-Rufer	F.	Bouquets- u. Kranzbinderei	Allschwilerstr. 29	Basel	2787	1906	116	telefonbuch_118	PTT-Archiv, P-260-1_Basel_1906	Basel
Schmid-Weber	Peter		Peter Merianstr. 34	Basel	3859	1906	116	telefonbuch_118	PTT-Archiv, P-260-1_Basel_1906	Basel
Schmidlin-Müller	W.		Rennweg 34	Basel	3662	1906	116	telefonbuch_118	PTT-Archiv, P-260-1_Basel_1906	Basel
Schmidlin-Rath	J.		Feierabendstrasse 9	Basel	3045	1906	116	telefonbuch_118	PTT-Archiv, P-260-1_Basel_1906	Basel
Schmidlin-VonderMühll	Bertha	Frau	Rennweg 60	Basel	244	1906	116	telefonbuch_118	PTT-Archiv, P-260-1_Basel_1906	Basel
Schmidt	A.	Tapezierer- und Möbelgeschäft	Schützenmattstr. 7	Basel	2747	1906	116	telefonbuch_118	PTT-Archiv, P-260-1_Basel_1906	Basel
Schmidt	Anton	Zahnarzt	St. Albananlage 3	Basel	937	1906	116	telefonbuch_118	PTT-Archiv, P-260-1_Basel_1906	Basel
Schmidt-Auer	Ant.	Bäcker	Horburgstrasse 89	Basel	192	1906	116	telefonbuch_118	PTT-Archiv, P-260-1_Basel_1906	Basel
Schmidt	Gustav	Spengler	Heumattstrasse 17	Basel	2236	1906	116	telefonbuch_118	PTT-Archiv, P-260-1_Basel_1906	Basel
Schmidt-Hagenbuch	Ph.		Malzgasse 18	Basel	4289	1906	116	telefonbuch_118	PTT-Archiv, P-260-1_Basel_1906	Basel
Schmidt	Kath.		Missionsstrasse 22	Basel	4539	1906	116	telefonbuch_118	PTT-Archiv, P-260-1_Basel_1906	Basel
Schmidt	Maria		Eulerstrasse 14	Basel	2520	1906	116	telefonbuch_118	PTT-Archiv, P-260-1_Basel_1906	Basel
Schmidt	Karl	Prof. Dr.	Hardstrasse 107	Basel	3576	1906	116	telefonbuch_118	PTT-Archiv, P-260-1_Basel_1906	Basel
Schmidt		Söhne, Holzhandlung	Grenzacherstr. 187	Basel	3227	1906	116	telefonbuch_118	PTT-Archiv, P-260-1_Basel_1906	Basel
Schmidt & Sigrist			Freiestrasse 86	Basel	1179	1906	116	telefonbuch_118	PTT-Archiv, P-260-1_Basel_1906	Basel
Schmidt & Staehelin			Freiestrasse 42	Basel	2831	1906	116	telefonbuch_118	PTT-Archiv, P-260-1_Basel_1906	Basel
Schmidt-Widmann	Georg		Spalenring 141	Basel	24	1906	116	telefonbuch_118	PTT-Archiv, P-260-1_Basel_1906	Basel
Schmidt-Mannok	B.	Frau, Wascherei u. Glätterei	Kolmarerstrasse 38	Basel	821	1906	116	telefonbuch_118	PTT-Archiv, P-260-1_Basel_1906	Basel
Schmitz	R.	Ingenieur	Bahnhofstrasse 7	Basel	3611	1906	116	telefonbuch_118	PTT-Archiv, P-260-1_Basel_1906	Basel
Schmoll fils & Cie.			Eulerstrasse 85	Basel	2653	1906	116	telefonbuch_118	PTT-Archiv, P-260-1_Basel_1906	Basel
Schmoll	Sylvain	fils	Schützengraben 5	Basel	3375	1906	116	telefonbuch_118	PTT-Archiv, P-260-1_Basel_1906	Basel
Schmoll-Hartmann	M.	Wwe.	Münchensteinerstr. 130	Basel	2780	1906	116	telefonbuch_118	PTT-Archiv, P-260-1_Basel_1906	Basel
Schmoll & Co.		Bureau	b. St. Johannbahnhof	Basel	295	1906	116	telefonbuch_118	PTT-Archiv, P-260-1_Basel_1906	Basel
Schmoll & Co.		Bureau	Schützengraben 24	Basel	2985	1906	116	telefonbuch_118	PTT-Archiv, P-260-1_Basel_1906	Basel
Schmutz	Adolf	Bäckermeister	Pfeffingerstrasse 38	Basel	3884	1906	116	telefonbuch_118	PTT-Archiv, P-260-1_Basel_1906	Basel
Schmutz	Albert	Bäckermeister	Zürcherstrasse 91	Basel	355	1906	116	telefonbuch_118	PTT-Archiv, P-260-1_Basel_1906	Basel
Schneebeli	Conrad		Elisabethenstr. 54	Basel	2235	1906	116	telefonbuch_118	PTT-Archiv, P-260-1_Basel_1906	Basel
Schneeberger	Hans	& Co.	Gerbergasse 16	Basel	1404	1906	116	telefonbuch_118	PTT-Archiv, P-260-1_Basel_1906	Basel
Schneider-Degen	David	Elektriker	Sperrstrasse 37	Basel	1149	1906	116	telefonbuch_118	PTT-Archiv, P-260-1_Basel_1906	Basel
Schneider	Emil	Antiquar	Steinenberg 1	Basel	2016	1906	116	telefonbuch_118	PTT-Archiv, P-260-1_Basel_1906	Basel
Schneider	Erhard	& Cie.	Totentanz 17/18	Basel	1392	1906	116	telefonbuch_118	PTT-Archiv, P-260-1_Basel_1906	Basel
Schneider	Erhard	& Cie.	Bad. Güterbahnhof	Basel	4420	1906	116	telefonbuch_118	PTT-Archiv, P-260-1_Basel_1906	Basel
Schneider	Ernst	Droguerie	Feldbergstrasse 86	Basel	3348	1906	116	telefonbuch_118	PTT-Archiv, P-260-1_Basel_1906	Basel
Schneider	Ferd.	Tapezierer und Dekorationsgeschäft	Austrasse 44	Basel	2945	1906	116	telefonbuch_118	PTT-Archiv, P-260-1_Basel_1906	Basel
Schneider-Fininger	E.		Leimenstrasse 56	Basel	2930	1906	116	telefonbuch_118	PTT-Archiv, P-260-1_Basel_1906	Basel
Schneider-Gengenbacher	E.	Bäckerei u. Conditorei	Clarastrasse 23	Basel	3627	1906	116	telefonbuch_118	PTT-Archiv, P-260-1_Basel_1906	Basel
Schneider	Hermann	Putz- und Blumengeschäft	Hammerstrasse 130	Basel	3404	1906	116	telefonbuch_118	PTT-Archiv, P-260-1_Basel_1906	Basel
Schneider	Jakob	Metzgermeister	Bärschwilerstr. 8	Basel	4181	1906	116	telefonbuch_118	PTT-Archiv, P-260-1_Basel_1906	Basel
Schneider-Merian	Fritz		Friedensgasse 63	Basel	1441	1906	116	telefonbuch_118	PTT-Archiv, P-260-1_Basel_1906	Basel
Schneider-Mouturat	Jacques	Weinhandlung	Thannerstrasse 80	Basel	284	1906	117	telefonbuch_119	PTT-Archiv, P-260-1_Basel_1906	Basel
Schneider	Wilh.	Kunst- und Handelsgärtner	Lothringerstrasse 30	Basel	1623	1906	117	telefonbuch_119	PTT-Archiv, P-260-1_Basel_1906	Basel
Schneider & Schmid		Schreinerei	Davidsbodenstr. 32	Basel	4489	1906	117	telefonbuch_119	PTT-Archiv, P-260-1_Basel_1906	Basel
Schneller	Marie	Wwe., Spezereihandlung	St. Albanthal 26	Basel	2971	1906	117	telefonbuch_119	PTT-Archiv, P-260-1_Basel_1906	Basel
Schneller	Jak.	elektrotechn. Installationsgesch.	St. Albanthal 26	Basel	2971	1906	117	telefonbuch_119	PTT-Archiv, P-260-1_Basel_1906	Basel
Schnetzler	Adolf	Baugesch., vorm. Tschaggeny	Bahnhofstrasse 95	Basel	3436	1906	117	telefonbuch_119	PTT-Archiv, P-260-1_Basel_1906	Basel
Schnetzler	J.	Wwe.	Petersgraben 7	Basel	1683	1906	117	telefonbuch_119	PTT-Archiv, P-260-1_Basel_1906	Basel
Schnider-Bloch	K.	Wwe., Fuhrhalterei	Mattweg 37	Basel	384	1906	117	telefonbuch_119	PTT-Archiv, P-260-1_Basel_1906	Basel
Schnurr	Georg	Maurermeister	Breisacherstrasse 54	Basel	3213	1906	117	telefonbuch_119	PTT-Archiv, P-260-1_Basel_1906	Basel
Schnyder-Meisel	C.	Fuhrhalter	Pfeffingerstrasse 34	Basel	3888	1906	117	telefonbuch_119	PTT-Archiv, P-260-1_Basel_1906	Basel
Schoeberlein-Brupbacher	Joh.		Sulzerstrasse 12	Basel	767	1906	117	telefonbuch_119	PTT-Archiv, P-260-1_Basel_1906	Basel
Schoch	Ernst	Bureau	Gerbergasse 12	Basel	1490	1906	117	telefonbuch_119	PTT-Archiv, P-260-1_Basel_1906	Basel
Derselbe		Bureau	Gerbergasse 12	Basel	1582	1906	117	telefonbuch_119	PTT-Archiv, P-260-1_Basel_1906	Basel
Derselbe		Magazin	Elsässerstrasse 174	Basel	726	1906	117	telefonbuch_119	PTT-Archiv, P-260-1_Basel_1906	Basel
Derselbe			Elsässerstrasse 174	Basel	3235	1906	117	telefonbuch_119	PTT-Archiv, P-260-1_Basel_1906	Basel
Schoch	M.	Südfrüchtehandlung	Steinenvorstadt 28	Basel	1975	1906	117	telefonbuch_119	PTT-Archiv, P-260-1_Basel_1906	Basel
Scholer	E.		Clarastrasse 1	Basel	39	1906	117	telefonbuch_119	PTT-Archiv, P-260-1_Basel_1906	Basel
Scholer-Schiesser	Alb.	Landschaftsgärtner	Burgfelderstrasse 6	Basel	2720	1906	117	telefonbuch_119	PTT-Archiv, P-260-1_Basel_1906	Basel
Schöllkopf	Chs.		Austrasse 102	Basel	2264	1906	117	telefonbuch_119	PTT-Archiv, P-260-1_Basel_1906	Basel
Schönauer	Otto		Langegasse 35	Basel	3674	1906	117	telefonbuch_119	PTT-Archiv, P-260-1_Basel_1906	Basel
Schöneck-Schæfer	G.	Konditor	Bahnhofstrasse 21	Basel	3472	1906	117	telefonbuch_119	PTT-Archiv, P-260-1_Basel_1906	Basel
Schönholzer & Brenner			Freiestrasse 65	Basel	1069	1906	117	telefonbuch_119	PTT-Archiv, P-260-1_Basel_1906	Basel
Schonlau		Gebrüder	Clarastrasse 21	Basel	1360	1906	117	telefonbuch_119	PTT-Archiv, P-260-1_Basel_1906	Basel
Schöntag	Jakob	Restaurateur	St. Johannvorst. 71	Basel	469	1906	117	telefonbuch_119	PTT-Archiv, P-260-1_Basel_1906	Basel
Schorenanstalt		mit Bureau u. Direktorwohnung	Schorenweg 16	Basel	3484	1906	117	telefonbuch_119	PTT-Archiv, P-260-1_Basel_1906	Basel
Schrameck-Brunschwig	Abraham		Burgfelderstrasse 5	Basel	2591	1906	117	telefonbuch_119	PTT-Archiv, P-260-1_Basel_1906	Basel
Schrameck-Meyer	K.	Wwe.	Gundoldingerstr. 111	Basel	2724	1906	117	telefonbuch_119	PTT-Archiv, P-260-1_Basel_1906	Basel
Schrameck-Ullmann	R.	Wwe.	Schützengraben 35	Basel	847	1906	117	telefonbuch_119	PTT-Archiv, P-260-1_Basel_1906	Basel
Schrämli-Bucher	A.	Hôtel Euler	Centralbahnplatz 14	Basel	2241	1906	117	telefonbuch_119	PTT-Archiv, P-260-1_Basel_1906	Basel
Schreiber-Jäggi	H.	Direktor der Kap. Schreiber	Feldbergstrasse 124	Basel	3433	1906	117	telefonbuch_119	PTT-Archiv, P-260-1_Basel_1906	Basel
Schreibmaschinengeschäft Burri-Thommen			Oberer Heuberg 17	Basel	3417	1906	117	telefonbuch_119	PTT-Archiv, P-260-1_Basel_1906	Basel
Schreibmaschinen Underwood	H.	Huber	Falknerstrasse 2	Basel	87	1906	117	telefonbuch_119	PTT-Archiv, P-260-1_Basel_1906	Basel
Schreibstube für Arbeitslose			Rheinsprung 21	Basel	1055	1906	117	telefonbuch_119	PTT-Archiv, P-260-1_Basel_1906	Basel
Schreiner	Chr.	Bäckerei und Konditorei	Feldbergstrasse 31	Basel	1232	1906	117	telefonbuch_119	PTT-Archiv, P-260-1_Basel_1906	Basel
Schreiter-Bauer	R.	Schuhmagazin zum Fuchs	Steinenvorst. 29/31	Basel	2370	1906	117	telefonbuch_119	PTT-Archiv, P-260-1_Basel_1906	Basel
Schubarth & Bodenheimer			Sempacherstrasse 17	Basel	4093	1906	117	telefonbuch_119	PTT-Archiv, P-260-1_Basel_1906	Basel
Schubarth	Wilhelm		Dornacherstr. 112	Basel	4009	1906	117	telefonbuch_119	PTT-Archiv, P-260-1_Basel_1906	Basel
Schuhmacher	Louis	Wirt	Riehenstrasse 106	Basel	3853	1906	117	telefonbuch_119	PTT-Archiv, P-260-1_Basel_1906	Basel
Allgemeine Gewerbeschule		Schulhaus	Petersgraben 52	Basel	2644	1906	117	telefonbuch_119	PTT-Archiv, P-260-1_Basel_1906	Basel
Bläsischulhaus			Bläsiringweg 110	Basel	3369	1906	117	telefonbuch_119	PTT-Archiv, P-260-1_Basel_1906	Basel
Gotthelfschulhaus			Gotthelfplatz	Basel	229	1906	117	telefonbuch_119	PTT-Archiv, P-260-1_Basel_1906	Basel
Gundoldingerschulhaus			Sempacherstrasse 60	Basel	4022	1906	117	telefonbuch_119	PTT-Archiv, P-260-1_Basel_1906	Basel
Klaraschulhaus			Klaragraben 59	Basel	3638	1906	117	telefonbuch_119	PTT-Archiv, P-260-1_Basel_1906	Basel
Kleinhüningerschule			Kleinhüningen	Basel	362	1906	117	telefonbuch_119	PTT-Archiv, P-260-1_Basel_1906	Basel
zur Mücke		Knabensekundarschule	Münsterplatz 18	Basel	1092	1906	117	telefonbuch_119	PTT-Archiv, P-260-1_Basel_1906	Basel
Obere Realschule		Rektorat	De Wettestrasse	Basel	1121	1906	117	telefonbuch_119	PTT-Archiv, P-260-1_Basel_1906	Basel
Pestalozzischulhaus		Knaben-Sek.-Schule	St. Johannplatz 9	Basel	1666	1906	118	telefonbuch_120	PTT-Archiv, P-260-1_Basel_1906	Basel
Petersschulhaus			Nadelberg 2	Basel	252	1906	118	telefonbuch_120	PTT-Archiv, P-260-1_Basel_1906	Basel
Rheinschule			Unt. Rheinweg 160	Basel	1078	1906	118	telefonbuch_120	PTT-Archiv, P-260-1_Basel_1906	Basel
Rosenthalschulhaus			Isteinerstrasse 10	Basel	3645	1906	118	telefonbuch_120	PTT-Archiv, P-260-1_Basel_1906	Basel
St. Johannschulhaus			Pestalozzistr. 10	Basel	1535	1906	118	telefonbuch_120	PTT-Archiv, P-260-1_Basel_1906	Basel
St. Leonhardsschulhaus			Kanonengasse 1	Basel	2082	1906	118	telefonbuch_120	PTT-Archiv, P-260-1_Basel_1906	Basel
Sevogelschulhaus			Sevogelstrasse 61	Basel	3970	1906	118	telefonbuch_120	PTT-Archiv, P-260-1_Basel_1906	Basel
Spalenschulhaus			Schützengraben 42	Basel	4165	1906	118	telefonbuch_120	PTT-Archiv, P-260-1_Basel_1906	Basel
Steinenschulhaus			Theaterstrasse 5	Basel	2137	1906	118	telefonbuch_120	PTT-Archiv, P-260-1_Basel_1906	Basel
Dasselbe		Abwart	Theaterstrasse 5	Basel	1788	1906	118	telefonbuch_120	PTT-Archiv, P-260-1_Basel_1906	Basel
Theodorsschulhaus			Theodorskirchplatz 3	Basel	4179	1906	118	telefonbuch_120	PTT-Archiv, P-260-1_Basel_1906	Basel
Töchterschule			Kanonengasse 10	Basel	3064	1906	118	telefonbuch_120	PTT-Archiv, P-260-1_Basel_1906	Basel
Untere Realschule		Rektorat	Rittergasse 4	Basel	1759	1906	118	telefonbuch_120	PTT-Archiv, P-260-1_Basel_1906	Basel
Wettsteinschulhaus		Knaben-Sek.-Schule	Clarahofweg 4	Basel	3807	1906	118	telefonbuch_120	PTT-Archiv, P-260-1_Basel_1906	Basel
Schuller	Jean	Sattlermeister	Spalenvorstadt 25	Basel	1593	1906	118	telefonbuch_120	PTT-Archiv, P-260-1_Basel_1906	Basel
Schulthess	C. O.	Dr., Zahnarzt	Leonhardstrasse 23	Basel	3050	1906	118	telefonbuch_120	PTT-Archiv, P-260-1_Basel_1906	Basel
Schulthess	F.	Tapezierer	Aeschenvorstadt 34	Basel	1896	1906	118	telefonbuch_120	PTT-Archiv, P-260-1_Basel_1906	Basel
Derselbe		(Wohnung)	Birsigstrasse 140	Basel	2000	1906	118	telefonbuch_120	PTT-Archiv, P-260-1_Basel_1906	Basel
Derselbe		Werkstätte	Ackerstrasse 28	Basel	4482	1906	118	telefonbuch_120	PTT-Archiv, P-260-1_Basel_1906	Basel
Schulthess & Co.			Steinenthorstrasse 20	Basel	2266	1906	118	telefonbuch_120	PTT-Archiv, P-260-1_Basel_1906	Basel
Schulz-Lutz	Karl	Metzgermeister	Maulbeerweg 8	Basel	1004	1906	118	telefonbuch_120	PTT-Archiv, P-260-1_Basel_1906	Basel
Schumacher	F.	Dr.	Steinenthorberg 2	Basel	2492	1906	118	telefonbuch_120	PTT-Archiv, P-260-1_Basel_1906	Basel
Schürch-Fuss	Otto Emanuel		Missionsstrasse 3	Basel	2608	1906	118	telefonbuch_120	PTT-Archiv, P-260-1_Basel_1906	Basel
Schütt	Franz	Marchand-tailleur	Eisengasse 11	Basel	1317	1906	118	telefonbuch_120	PTT-Archiv, P-260-1_Basel_1906	Basel
Schützenhaus		(J. Ries-Welti)	Schützenmattstr. 56	Basel	2999	1906	118	telefonbuch_120	PTT-Archiv, P-260-1_Basel_1906	Basel
Schützenpark		Wirtschaft	Blauenstrasse 90	Basel	1112	1906	118	telefonbuch_120	PTT-Archiv, P-260-1_Basel_1906	Basel
Schwabe	Benno	Sortiment	Schwanengasse 2	Basel	2213	1906	118	telefonbuch_120	PTT-Archiv, P-260-1_Basel_1906	Basel
Schwabe-Hegar	Hugo		Elisabethenstr. 43	Basel	2123	1906	118	telefonbuch_120	PTT-Archiv, P-260-1_Basel_1906	Basel
Schwartz-Köchlin	O.		Engelgasse 65	Basel	4055	1906	118	telefonbuch_120	PTT-Archiv, P-260-1_Basel_1906	Basel
Schwartz	Oskar	Bureau	Freiestrasse 107	Basel	2931	1906	118	telefonbuch_120	PTT-Archiv, P-260-1_Basel_1906	Basel
Schwarz-Keller	Ed.	Ingenieur	Byfangweg 2	Basel	138	1906	118	telefonbuch_120	PTT-Archiv, P-260-1_Basel_1906	Basel
Schwarz-Müller	A.	Baugeschäft	St. Albanvorst. 104	Basel	4278	1906	118	telefonbuch_120	PTT-Archiv, P-260-1_Basel_1906	Basel
Schwarz	Rud.	Zahnarzt	Hutgasse 1	Basel	2559	1906	118	telefonbuch_120	PTT-Archiv, P-260-1_Basel_1906	Basel
Schwarz-Suter	Joh.	Baugeschäft	Socinstrasse 7	Basel	2574	1906	118	telefonbuch_120	PTT-Archiv, P-260-1_Basel_1906	Basel
Schwarz	Theodor	elektr. Installationsgesch.	Elisabethenstr. 15	Basel	2078	1906	118	telefonbuch_120	PTT-Archiv, P-260-1_Basel_1906	Basel
Derselbe		Wohnung	Kanonengasse 13	Basel	4317	1906	118	telefonbuch_120	PTT-Archiv, P-260-1_Basel_1906	Basel
Schwarzer-Meyer	E.	Wwe.	Burgunderstrasse 9	Basel	2912	1906	118	telefonbuch_120	PTT-Archiv, P-260-1_Basel_1906	Basel
Schweitzer	Hans		Freiestrasse 89	Basel	423	1906	118	telefonbuch_120	PTT-Archiv, P-260-1_Basel_1906	Basel
Schweitzer	J. B.		Ahornstrasse 33	Basel	4444	1906	118	telefonbuch_120	PTT-Archiv, P-260-1_Basel_1906	Basel
Schweizer	Heinrich		Grenzacherstr. 4	Basel	4214	1906	118	telefonbuch_120	PTT-Archiv, P-260-1_Basel_1906	Basel
Schweizer-Hosslin	Wilh.	Gerbstoff- und Lederhandlung	Petersgasse 17	Basel	1658	1906	118	telefonbuch_120	PTT-Archiv, P-260-1_Basel_1906	Basel
Schweizer	R.	& Sohn, Maler	Grellingerstrasse 11	Basel	3605	1906	118	telefonbuch_120	PTT-Archiv, P-260-1_Basel_1906	Basel
Schweizer	Rudolf	Traiteur	Freiestrasse 87	Basel	1938	1906	118	telefonbuch_120	PTT-Archiv, P-260-1_Basel_1906	Basel
Schweizer	Samuel	Schlosserei u. Kochherdfabr.	Petersberg 23	Basel	1673	1906	118	telefonbuch_120	PTT-Archiv, P-260-1_Basel_1906	Basel
Schweizer-Troesch	Herm.		Kannenfeldstr. 20	Basel	85	1906	118	telefonbuch_120	PTT-Archiv, P-260-1_Basel_1906	Basel
Schweiz. Bretzel- und Zwiebackfabrik		Ch. Singer	Clarastrasse 13	Basel	3480	1906	118	telefonbuch_120	PTT-Archiv, P-260-1_Basel_1906	Basel
Schweiz. Briket-Import-Gesellschaft			Freiestrasse 40	Basel	1682	1906	118	telefonbuch_120	PTT-Archiv, P-260-1_Basel_1906	Basel
Schweizerische Bundesbahnen		Kreisdirektion II, Allgemeine Verwaltung, Finanz- und Rechtsdepartement, Spiesshof	Ob. Heuberg 7	Basel	2770	1906	119	telefonbuch_121	PTT-Archiv, P-260-1_Basel_1906	Basel
Schweizerische Bundesbahnen		Kreisdirektion II, Betriebsdepartement	Leonhardsgraben 36	Basel	2865	1906	119	telefonbuch_121	PTT-Archiv, P-260-1_Basel_1906	Basel
Schweizerische Bundesbahnen		Kreisdirektion II, Baudepartement und Obering. f. d. Bahnbau u. Unterhalt	Leimenstrasse 2	Basel	245	1906	119	telefonbuch_121	PTT-Archiv, P-260-1_Basel_1906	Basel
Schweizerische Bundesbahnen		Materialverwaltung	Güterstrasse 109	Basel	2778	1906	119	telefonbuch_121	PTT-Archiv, P-260-1_Basel_1906	Basel
Schweizerische Bundesbahnen		Rechtsbureau, Spiesshof	Ob. Heuberg 7	Basel	3098	1906	119	telefonbuch_121	PTT-Archiv, P-260-1_Basel_1906	Basel
Schweizerische Bundesbahnen		Tarifbeamter	Ob. Heuberg 16	Basel	2887	1906	119	telefonbuch_121	PTT-Archiv, P-260-1_Basel_1906	Basel
Schweizerische Bundesbahnen		Bureau des Bahningenieurs	Centralbahnstrasse 9	Basel	2465	1906	119	telefonbuch_121	PTT-Archiv, P-260-1_Basel_1906	Basel
Schweizerische Bundesbahnen		Depotchef, Bureau	Nauenstrasse 180	Basel	1032	1906	119	telefonbuch_121	PTT-Archiv, P-260-1_Basel_1906	Basel
Schweizerische Bundesbahnen		Obermaschineningenieur, Bureau	Ob. Heuberg 16	Basel	3390	1906	119	telefonbuch_121	PTT-Archiv, P-260-1_Basel_1906	Basel
Schweizerische Bundesbahnen		Bahnhofumbau, Baubureau	Wallstrasse 19	Basel	1545	1906	119	telefonbuch_121	PTT-Archiv, P-260-1_Basel_1906	Basel
Schweiz. Concert-Bureau			Freiestrasse 95	Basel	4419	1906	119	telefonbuch_121	PTT-Archiv, P-260-1_Basel_1906	Basel
Schweiz. Conditoren-Verband			Steinenvorstadt 26	Basel	2002	1906	119	telefonbuch_121	PTT-Archiv, P-260-1_Basel_1906	Basel
Schweiz. Darmproduktions- und Handelsgesellschaft A.-G.			Mülhauserstrasse 49	Basel	1736	1906	119	telefonbuch_121	PTT-Archiv, P-260-1_Basel_1906	Basel
Schweiz. Depeschen-Agentur Bern, Filiale Basel			Freiestrasse 53	Basel	1262	1906	119	telefonbuch_121	PTT-Archiv, P-260-1_Basel_1906	Basel
Schweiz. Depeschen-Agentur Bern, Filiale Basel			Freiestrasse 53	Basel	1296	1906	119	telefonbuch_121	PTT-Archiv, P-260-1_Basel_1906	Basel
Schweizer. Gesellschaft für elektrische Industrie			Freiestrasse 96	Basel	2039	1906	119	telefonbuch_121	PTT-Archiv, P-260-1_Basel_1906	Basel
Schweiz. Gipswerke, A.-G.		vorm. Gipswerk Ruf & Co.	Wallstrasse 7	Basel	2745	1906	119	telefonbuch_121	PTT-Archiv, P-260-1_Basel_1906	Basel
Schweiz. Israelitisches Waisenhaus			Gotthelfstrasse 98	Basel	230	1906	119	telefonbuch_121	PTT-Archiv, P-260-1_Basel_1906	Basel
Schweiz. Kaufmännischer Verein		Stellenvermittlung	Gerbergasse 24	Basel	4417	1906	119	telefonbuch_121	PTT-Archiv, P-260-1_Basel_1906	Basel
Schweiz. Kreditanstalt			Barfüssergasse 6	Basel	2080	1906	119	telefonbuch_121	PTT-Archiv, P-260-1_Basel_1906	Basel
Schweiz. Kreditanstalt			Barfüssergasse 6	Basel	4229	1906	119	telefonbuch_121	PTT-Archiv, P-260-1_Basel_1906	Basel
Schweiz. Kreditanstalt		Börse	Postgebäude	Basel	3173	1906	119	telefonbuch_121	PTT-Archiv, P-260-1_Basel_1906	Basel
Schweiz. Kreditanstalt		Börse	Postgebäude	Basel	115	1906	119	telefonbuch_121	PTT-Archiv, P-260-1_Basel_1906	Basel
Schweiz. Kreditanstalt		Bauleitung	Freiestrasse 109	Basel	341	1906	119	telefonbuch_121	PTT-Archiv, P-260-1_Basel_1906	Basel
Schweiz. Lebensversicherungsverein			Winkelriedplatz 12	Basel	2141	1906	119	telefonbuch_121	PTT-Archiv, P-260-1_Basel_1906	Basel
Schweiz. Metallurgische Gesellschaft			Rümelinbachweg 10	Basel	1829	1906	119	telefonbuch_121	PTT-Archiv, P-260-1_Basel_1906	Basel
Schweiz. Nähmaschinenfabrik Luzern		Filiale	Kohlenberg 7	Basel	410	1906	119	telefonbuch_121	PTT-Archiv, P-260-1_Basel_1906	Basel
Schweiz. National-Versicherungs-Gesellschaft			Steinengraben 39	Basel	1921	1906	119	telefonbuch_121	PTT-Archiv, P-260-1_Basel_1906	Basel
Schweiz. Obst-Export-Gesellschaft			Socinstrasse 35	Basel	2702	1906	119	telefonbuch_121	PTT-Archiv, P-260-1_Basel_1906	Basel
Schweiz. Oel-Import-Haus		A. Kälin	Freiburgerstrasse 13	Basel	4035	1906	119	telefonbuch_121	PTT-Archiv, P-260-1_Basel_1906	Basel
Schweiz. Petroleum-Handel-Gesellschaft			Tellstrasse 11	Basel	3984	1906	119	telefonbuch_121	PTT-Archiv, P-260-1_Basel_1906	Basel
Schweiz. Sterbe- und Alterskasse			Kaufhausgasse 3	Basel	1960	1906	119	telefonbuch_121	PTT-Archiv, P-260-1_Basel_1906	Basel
Schweiz. Verlagsdruckerei		G. Böhm	Steinenbachgässl. 40	Basel	2511	1906	119	telefonbuch_121	PTT-Archiv, P-260-1_Basel_1906	Basel
Schweizerische Volksbank			Gerbergasse 36	Basel	3028	1906	119	telefonbuch_121	PTT-Archiv, P-260-1_Basel_1906	Basel
Schwendt-Eschbaecher	A.	Dr.	Leimenstrasse 43	Basel	2951	1906	119	telefonbuch_121	PTT-Archiv, P-260-1_Basel_1906	Basel
Schwere-Erne	F.	Wirt	Solothurnerstr. 37	Basel	3898	1906	119	telefonbuch_121	PTT-Archiv, P-260-1_Basel_1906	Basel
Schwob-Halff	B.	Wwe.	Leonhardsstrasse 32	Basel	1061	1906	119	telefonbuch_121	PTT-Archiv, P-260-1_Basel_1906	Basel
Schwob	Paul	Schuhwaren	Hutgasse 19	Basel	834	1906	119	telefonbuch_121	PTT-Archiv, P-260-1_Basel_1906	Basel
Seckinger-Stump	E.	Wwe.	Güterstrasse 75	Basel	1731	1906	119	telefonbuch_121	PTT-Archiv, P-260-1_Basel_1906	Basel
Segretariato Operaio Italiano			Rümelinbachweg 14	Basel	915	1906	119	telefonbuch_121	PTT-Archiv, P-260-1_Basel_1906	Basel
Seiberth	Jean		Freiestrasse 74	Basel	1941	1906	119	telefonbuch_121	PTT-Archiv, P-260-1_Basel_1906	Basel
Seidenhaus Hoch		vorm. Aug. Tobler	Stadthausgasse 24	Basel	2117	1906	119	telefonbuch_121	PTT-Archiv, P-260-1_Basel_1906	Basel
Seidentrocknungsanstalt Basel		Trocknungsanstalt	Kirschgartenstr 1	Basel	2414	1906	119	telefonbuch_121	PTT-Archiv, P-260-1_Basel_1906	Basel
Seidentrocknungsanstalt Basel		Titrieranstalt	Kirschgartenstr 1	Basel	2413	1906	119	telefonbuch_121	PTT-Archiv, P-260-1_Basel_1906	Basel
Seiffert-Dill	F.		Freiestrasse 77	Basel	1876	1906	120	telefonbuch_122	PTT-Archiv, P-260-1_Basel_1906	Basel
Seiffert	Gust.	Rümelinsmühle	Rümelinsplatz 1	Basel	2875	1906	120	telefonbuch_122	PTT-Archiv, P-260-1_Basel_1906	Basel
Seiffert-Jenny	J.	Wirt	Feldbergstrasse 47	Basel	1997	1906	120	telefonbuch_122	PTT-Archiv, P-260-1_Basel_1906	Basel
Seiler-Bähler	Fritz	Metzger	Rheingasse 3	Basel	1259	1906	120	telefonbuch_122	PTT-Archiv, P-260-1_Basel_1906	Basel
Seiler	Charles		Marktplatz 14	Basel	1323	1906	120	telefonbuch_122	PTT-Archiv, P-260-1_Basel_1906	Basel
Seiler-Hauser	D.	Frau	Gellertstrasse 5	Basel	4104	1906	120	telefonbuch_122	PTT-Archiv, P-260-1_Basel_1906	Basel
Seiler	Jean	Gummiwaren	Clarastrasse 5	Basel	3454	1906	120	telefonbuch_122	PTT-Archiv, P-260-1_Basel_1906	Basel
Seiler-Jess	Ed.	Tierarzt	Claragraben 21	Basel	1213	1906	120	telefonbuch_122	PTT-Archiv, P-260-1_Basel_1906	Basel
Seiler-LaRoche	E.		Angensteinerstr. 26	Basel	3597	1906	120	telefonbuch_122	PTT-Archiv, P-260-1_Basel_1906	Basel
Seiler-Schelling	Emil		Pfeffingerstrasse 46	Basel	3877	1906	120	telefonbuch_122	PTT-Archiv, P-260-1_Basel_1906	Basel
Seiler-Stoll	Franz	Gärtner	Lehenmattweg 146	Basel	885	1906	120	telefonbuch_122	PTT-Archiv, P-260-1_Basel_1906	Basel
Seiler & Co.			St. Albanvorstadt 80	Basel	1828	1906	120	telefonbuch_122	PTT-Archiv, P-260-1_Basel_1906	Basel
Seiler & Co.		Dieselben	St. Albanvorstadt 80	Basel	1412	1906	120	telefonbuch_122	PTT-Archiv, P-260-1_Basel_1906	Basel
Seiler-Wirz		Café-Restaurant Central	Leonhardsgraben 1	Basel	2716	1906	120	telefonbuch_122	PTT-Archiv, P-260-1_Basel_1906	Basel
Sekretariat der Regenz		(Prof. A. Bertholet)	Leonhardstr. 8	Basel	2679	1906	120	telefonbuch_122	PTT-Archiv, P-260-1_Basel_1906	Basel
Seligmann	G.	vorm. A. Mandowsky	Marktplatz 4	Basel	2464	1906	120	telefonbuch_122	PTT-Archiv, P-260-1_Basel_1906	Basel
Seligmann	G.	Derselbe, Wohnung	Schützengraben 17	Basel		1906	120	telefonbuch_122	PTT-Archiv, P-260-1_Basel_1906	Basel
Selinger-Hipp	G.	Coiffeur	Aeschenvorstadt 58	Basel	3439	1906	120	telefonbuch_122	PTT-Archiv, P-260-1_Basel_1906	Basel
Selinger-Rieder	St.	Chirurg und Fussarzt	Hardstrasse 97	Basel	2084	1906	120	telefonbuch_122	PTT-Archiv, P-260-1_Basel_1906	Basel
Senft	E.		Lindenberg 17	Basel	3253	1906	120	telefonbuch_122	PTT-Archiv, P-260-1_Basel_1906	Basel
Senglet	Arnold		Leonhardsberg 1	Basel	2767	1906	120	telefonbuch_122	PTT-Archiv, P-260-1_Basel_1906	Basel
Senglet	F. & A.	& Co.	Gerbergasse 4	Basel	1608	1906	120	telefonbuch_122	PTT-Archiv, P-260-1_Basel_1906	Basel
Senglet	F. & A.	"Dieselben, siehe unter ""Muttenz"""		Basel		1906	120	telefonbuch_122	PTT-Archiv, P-260-1_Basel_1906	Basel
Senn	Emil	Uhrenhandlung	Gerbergasse 31	Basel	2407	1906	120	telefonbuch_122	PTT-Archiv, P-260-1_Basel_1906	Basel
Senn	Emil	Derselbe (E. Senn-Bürgin)	Byfangweg 35	Basel	3076	1906	120	telefonbuch_122	PTT-Archiv, P-260-1_Basel_1906	Basel
Senn	Carl	Nachf. v. Wwe. Siegfr. Merian & Sohn	Herbergsgasse 1	Basel	1678	1906	120	telefonbuch_122	PTT-Archiv, P-260-1_Basel_1906	Basel
Senn-Gruner	O.		Schützenmattstr. 35	Basel	2892	1906	120	telefonbuch_122	PTT-Archiv, P-260-1_Basel_1906	Basel
Senn-Hiltbold & Co.			Leonhardsgraben 8	Basel	2394	1906	120	telefonbuch_122	PTT-Archiv, P-260-1_Basel_1906	Basel
Senn-Hiltbold & Co.		Dieselben	Gotthelfstrasse 22	Basel	329	1906	120	telefonbuch_122	PTT-Archiv, P-260-1_Basel_1906	Basel
Senn-Otto	Fr.		Grellingerstrasse 12	Basel	4204	1906	120	telefonbuch_122	PTT-Archiv, P-260-1_Basel_1906	Basel
Senn-Simmoth	L.	Frau	Socinstrasse 16	Basel	2565	1906	120	telefonbuch_122	PTT-Archiv, P-260-1_Basel_1906	Basel
Senn-Trümpy	C.		Herbergsgasse 1	Basel	4126	1906	120	telefonbuch_122	PTT-Archiv, P-260-1_Basel_1906	Basel
Senn & Co.			St. Johannvorst. 17	Basel	1367	1906	120	telefonbuch_122	PTT-Archiv, P-260-1_Basel_1906	Basel
Senn	Walter	Photograph	Spalenvorstadt 3	Basel	4308	1906	120	telefonbuch_122	PTT-Archiv, P-260-1_Basel_1906	Basel
Senn		Wwe. (Pension Senn)	Leimenstrasse 60	Basel	2980	1906	120	telefonbuch_122	PTT-Archiv, P-260-1_Basel_1906	Basel
Senti & Cie.			Steinenvorstadt 9	Basel	4188	1906	120	telefonbuch_122	PTT-Archiv, P-260-1_Basel_1906	Basel
Settelen	O.	Dr., american dentist	Steinenberg 1	Basel	2085	1906	120	telefonbuch_122	PTT-Archiv, P-260-1_Basel_1906	Basel
Settelen	Emil	& Cie., Bureau	Leonhardstrasse 26	Basel	2222	1906	120	telefonbuch_122	PTT-Archiv, P-260-1_Basel_1906	Basel
Settelen	Emil	Wohnung	Feierabendstr. 54	Basel	2904	1906	120	telefonbuch_122	PTT-Archiv, P-260-1_Basel_1906	Basel
Settelen	Ernst		Oberwilerstrasse 65	Basel	1534	1906	120	telefonbuch_122	PTT-Archiv, P-260-1_Basel_1906	Basel
Settelen		Basler Droschkenanstalt, Droschken und Möbeltransport	Davidsgasse 15	Basel	1519	1906	120	telefonbuch_122	PTT-Archiv, P-260-1_Basel_1906	Basel
Settelen		Dieselben	Davidsgasse 15	Basel	1531	1906	120	telefonbuch_122	PTT-Archiv, P-260-1_Basel_1906	Basel
Settelen		Dieselben, Camionnage und Fuhrhalterei	Solothurnerstr. 12	Basel	3946	1906	120	telefonbuch_122	PTT-Archiv, P-260-1_Basel_1906	Basel
Settelen-Imhoff	Jules		Hebelstrasse 44	Basel	183	1906	120	telefonbuch_122	PTT-Archiv, P-260-1_Basel_1906	Basel
Settelen	Victor		Gerbergasse 4	Basel	1261	1906	120	telefonbuch_122	PTT-Archiv, P-260-1_Basel_1906	Basel
Settelen	Victor	Derselbe	Oberwilerstrasse 62	Basel	2285	1906	120	telefonbuch_122	PTT-Archiv, P-260-1_Basel_1906	Basel
Sevogelschulhaus			Sevogelstrasse 61	Basel	3970	1906	120	telefonbuch_122	PTT-Archiv, P-260-1_Basel_1906	Basel
Siber	Wilhelm		Spalenthorweg 23	Basel	3123	1906	120	telefonbuch_122	PTT-Archiv, P-260-1_Basel_1906	Basel
Sibold & Müller			St. Albangraben 1	Basel	179	1906	121	telefonbuch_123	PTT-Archiv, P-260-1_Basel_1906	Basel
Sichel	S.	Alleinverkauf der Herz-Schuhwaren	Gerbergasse 27	Basel		1906	121	telefonbuch_123	PTT-Archiv, P-260-1_Basel_1906	Basel
Siebenhaar	Alfred	(Firma Cavin & Siebenhaar)	Falknerstrasse 2	Basel	4244	1906	121	telefonbuch_123	PTT-Archiv, P-260-1_Basel_1906	Basel
Siebenmann	Friedr.	Prof. Dr.	Bernoullistrasse 8	Basel	1506	1906	121	telefonbuch_123	PTT-Archiv, P-260-1_Basel_1906	Basel
Sieber	Fritz	Dr. jur.	Feierabendstrasse 13	Basel	2849	1906	121	telefonbuch_123	PTT-Archiv, P-260-1_Basel_1906	Basel
Siebert	Emil	& Co., Baumaterialien, Bureau	Claragraben 131	Basel	3400	1906	121	telefonbuch_123	PTT-Archiv, P-260-1_Basel_1906	Basel
Dieselben		Engroslager	St. Johannbahnhof	Basel	3020	1906	121	telefonbuch_123	PTT-Archiv, P-260-1_Basel_1906	Basel
Siebert	Hans		Steinenthortrasse 11	Basel	4416	1906	121	telefonbuch_123	PTT-Archiv, P-260-1_Basel_1906	Basel
Siebold	Richard	Droguerie	Klybeckstrasse 76	Basel	3223	1906	121	telefonbuch_123	PTT-Archiv, P-260-1_Basel_1906	Basel
Siegfried	Ch. & G.	fils	Güterstrasse 127	Basel	3925	1906	121	telefonbuch_123	PTT-Archiv, P-260-1_Basel_1906	Basel
Siegfried-Seiler	C. A.		Mittlerestrasse 155	Basel	281	1906	121	telefonbuch_123	PTT-Archiv, P-260-1_Basel_1906	Basel
Sieglin-Tschudin	Wilh.	Fuhrhalterei	Neuwylerstrass 41	Basel	1028	1906	121	telefonbuch_123	PTT-Archiv, P-260-1_Basel_1906	Basel
Siegmund	Hubert		Hardstrasse 142	Basel	3654	1906	121	telefonbuch_123	PTT-Archiv, P-260-1_Basel_1906	Basel
Siegrist	A.		Birsigstrasse 18	Basel	1355	1906	121	telefonbuch_123	PTT-Archiv, P-260-1_Basel_1906	Basel
Siegrist	Hermann	Dr., Advokat, und Alioth, Dr. Alfred, Notar	Gerbergasse 42	Basel	3264	1906	121	telefonbuch_123	PTT-Archiv, P-260-1_Basel_1906	Basel
Siegrist-Oehninger	A.	Dr.	Leimenstrasse 18	Basel	2913	1906	121	telefonbuch_123	PTT-Archiv, P-260-1_Basel_1906	Basel
Siegrist	P.	Agenturen, Install. v. Gasglühlicht	Vogesenstrasse 3	Basel	1427	1906	121	telefonbuch_123	PTT-Archiv, P-260-1_Basel_1906	Basel
Siegwart	Ed.		Gundoldingerstr. 115	Basel	758	1906	121	telefonbuch_123	PTT-Archiv, P-260-1_Basel_1906	Basel
Siglinger	W. S.	Wwe.	Colmarerstrasse 2	Basel	814	1906	121	telefonbuch_123	PTT-Archiv, P-260-1_Basel_1906	Basel
Sigrist-Götz	H.	Generalagent der Helvetia	Thiersteinerallee 71	Basel	14	1906	121	telefonbuch_123	PTT-Archiv, P-260-1_Basel_1906	Basel
Sigrist	J.	Musikhaus	Spalenberg 59	Basel	909	1906	121	telefonbuch_123	PTT-Archiv, P-260-1_Basel_1906	Basel
Sigrist-Riedlin	Eugen		Ryffstrasse 30	Basel	3157	1906	121	telefonbuch_123	PTT-Archiv, P-260-1_Basel_1906	Basel
Silbereissen	F.		Sempacherstrasse 38	Basel	2878	1906	121	telefonbuch_123	PTT-Archiv, P-260-1_Basel_1906	Basel
Silbernagel	Adolf	Ingenieur	Birmannsgasse 19	Basel	3790	1906	121	telefonbuch_123	PTT-Archiv, P-260-1_Basel_1906	Basel
Silbernagel	J.	& Co.	Austrasse 122	Basel	2798	1906	121	telefonbuch_123	PTT-Archiv, P-260-1_Basel_1906	Basel
Silbernagel-Jäger	M. K.	Wwe.	St. Johannring 50	Basel	3230	1906	121	telefonbuch_123	PTT-Archiv, P-260-1_Basel_1906	Basel
Siméon	B.	zum Schlüssel	Freiestrasse 25	Basel	1216	1906	121	telefonbuch_123	PTT-Archiv, P-260-1_Basel_1906	Basel
Simmoth	Fritz	Dr. jur.	Eulerstrasse 22	Basel	2351	1906	121	telefonbuch_123	PTT-Archiv, P-260-1_Basel_1906	Basel
Simmoth-Meyer			Austrasse 95	Basel	2830	1906	121	telefonbuch_123	PTT-Archiv, P-260-1_Basel_1906	Basel
Simon-Kuegler	Chs.		St. Albananlage 13	Basel	4171	1906	121	telefonbuch_123	PTT-Archiv, P-260-1_Basel_1906	Basel
Simon-Leuthardt	A.	Glas- und Porzellanhandlg.	Rosshofgasse 7	Basel	2822	1906	121	telefonbuch_123	PTT-Archiv, P-260-1_Basel_1906	Basel
Simon-Sichler	A.		Zürcherstrasse 13	Basel	4292	1906	121	telefonbuch_123	PTT-Archiv, P-260-1_Basel_1906	Basel
Simon & Mürner		Baugeschäft	Efringerstrasse 7	Basel	4054	1906	121	telefonbuch_123	PTT-Archiv, P-260-1_Basel_1906	Basel
Simonius-Burckhardt			Hardtstrasse 4	Basel	3681	1906	121	telefonbuch_123	PTT-Archiv, P-260-1_Basel_1906	Basel
Singer	Ch.	Bäckerei	Clarastrasse 13	Basel	3480	1906	121	telefonbuch_123	PTT-Archiv, P-260-1_Basel_1906	Basel
Derselbe			Fischmarkt 12	Basel	1615	1906	121	telefonbuch_123	PTT-Archiv, P-260-1_Basel_1906	Basel
Singer's Weinstube			Fischmarkt 10	Basel	1581	1906	121	telefonbuch_123	PTT-Archiv, P-260-1_Basel_1906	Basel
Smith Premier Typewriter Co., The			Freiestrasse 82	Basel	1013	1906	121	telefonbuch_123	PTT-Archiv, P-260-1_Basel_1906	Basel
Société anonyme de la Mer Rouge			Marktgasse 3	Basel	975	1906	121	telefonbuch_123	PTT-Archiv, P-260-1_Basel_1906	Basel
Société anonyme internationale de transports Gondrand frères			St. Albananlage 5	Basel	4253	1906	121	telefonbuch_123	PTT-Archiv, P-260-1_Basel_1906	Basel
Dieselbe		Güterbahnhof	St. Jakobsstrasse	Basel	4207	1906	121	telefonbuch_123	PTT-Archiv, P-260-1_Basel_1906	Basel
Dieselbe			Bad. Güterbahnhof	Basel	4427	1906	121	telefonbuch_123	PTT-Archiv, P-260-1_Basel_1906	Basel
Société anonyme pour l'exploitation des brevets Mavrogordato			Güterstrasse 146	Basel	1779	1906	121	telefonbuch_123	PTT-Archiv, P-260-1_Basel_1906	Basel
Socin	C. A.	Dr.	Hebelstrasse 7	Basel	1425	1906	121	telefonbuch_123	PTT-Archiv, P-260-1_Basel_1906	Basel
Socin-His	Ros.	Wwe.	Kapellenstrasse 28	Basel	3671	1906	121	telefonbuch_123	PTT-Archiv, P-260-1_Basel_1906	Basel
Socin-Kaufmann	B.	Wwe.	Hebelstrasse 7	Basel	1425	1906	121	telefonbuch_123	PTT-Archiv, P-260-1_Basel_1906	Basel
Socin & Riggenbach		Advokaturbureau	Bäumleingasse 14	Basel	4504	1906	122	telefonbuch_124	PTT-Archiv, P-260-1_Basel_1906	Basel
Soder	Aug.	Gerichtshamtmann	Nadelberg 19	Basel	1400	1906	122	telefonbuch_124	PTT-Archiv, P-260-1_Basel_1906	Basel
Soder-Traber	Rich.	Fuhrhalter	Mülhauserstrasse 30	Basel	1646	1906	122	telefonbuch_124	PTT-Archiv, P-260-1_Basel_1906	Basel
Soland	Sam.		St. Albanthal 30	Basel	17	1906	122	telefonbuch_124	PTT-Archiv, P-260-1_Basel_1906	Basel
Söll-Petitjean	Jos.	Bauunternehmer	Burgfelderstr. 23	Basel	3080	1906	122	telefonbuch_124	PTT-Archiv, P-260-1_Basel_1906	Basel
Soller	Eugen		Clarastrasse 43	Basel	3481	1906	122	telefonbuch_124	PTT-Archiv, P-260-1_Basel_1906	Basel
Sollinger-Bob	Ed.	Küfermeister	St. Johannring 116	Basel	351	1906	122	telefonbuch_124	PTT-Archiv, P-260-1_Basel_1906	Basel
Sommer	Fritz	Wwe., Wein und Spirituosen	Grünpfahlgasse 5	Basel	3015	1906	122	telefonbuch_124	PTT-Archiv, P-260-1_Basel_1906	Basel
Sommer	L.	Lederlager	Lohhofweg 8	Basel	2820	1906	122	telefonbuch_124	PTT-Archiv, P-260-1_Basel_1906	Basel
Sommercasino		(J. Weidmann, A. Müller)	Münchensteinerstr. 1	Basel	3673	1906	122	telefonbuch_124	PTT-Archiv, P-260-1_Basel_1906	Basel
Sommerhalder	H.	Nachf. v. Briner & Cie.	Thiersteinerallee 25	Basel	2453	1906	122	telefonbuch_124	PTT-Archiv, P-260-1_Basel_1906	Basel
Sommerhalder	P.	Söhne	Unt. Rheinweg 96	Basel	357	1906	122	telefonbuch_124	PTT-Archiv, P-260-1_Basel_1906	Basel
Sotzin-Gisin	Gottl.	Wirt	Breisacherstrasse 73	Basel	1724	1906	122	telefonbuch_124	PTT-Archiv, P-260-1_Basel_1906	Basel
Spahr-Bensel	L.	Sattlermeister	Unt. Rebgasse 9	Basel	3244	1906	122	telefonbuch_124	PTT-Archiv, P-260-1_Basel_1906	Basel
Spalenschulhaus			Schützengraben 42	Basel	4165	1906	122	telefonbuch_124	PTT-Archiv, P-260-1_Basel_1906	Basel
Spaeter	Carl	G. m. b. H.	Heumattstrasse 21	Basel	86	1906	122	telefonbuch_124	PTT-Archiv, P-260-1_Basel_1906	Basel
Spätig-Stebler	J.	Wirt	Steinenthortrasse 31	Basel	2218	1906	122	telefonbuch_124	PTT-Archiv, P-260-1_Basel_1906	Basel
Specht	Jacques		Thiersteinerallee 21	Basel	4524	1906	122	telefonbuch_124	PTT-Archiv, P-260-1_Basel_1906	Basel
Speisehalle Claragraben			Claragraben 123	Basel	3409	1906	122	telefonbuch_124	PTT-Archiv, P-260-1_Basel_1906	Basel
Speisehalle zum Engel			Kornhausgasse 2	Basel	2804	1906	122	telefonbuch_124	PTT-Archiv, P-260-1_Basel_1906	Basel
Speiser	F. J.	Conditor	Freiestrasse 61	Basel	1041	1906	122	telefonbuch_124	PTT-Archiv, P-260-1_Basel_1906	Basel
Speiser	H.	Lichtdruckanstalt	Austrasse 102	Basel	3018	1906	122	telefonbuch_124	PTT-Archiv, P-260-1_Basel_1906	Basel
Speiser-Lüscher	Dr. Emil	prakt. Arzt	Schweizergasse 46	Basel	4403	1906	122	telefonbuch_124	PTT-Archiv, P-260-1_Basel_1906	Basel
Speiser-Sarasin	Dr. Paul		Langegasse 86	Basel	3555	1906	122	telefonbuch_124	PTT-Archiv, P-260-1_Basel_1906	Basel
Speiser-Strohl	Wm.		Langegasse 39	Basel	1910	1906	122	telefonbuch_124	PTT-Archiv, P-260-1_Basel_1906	Basel
Speiser	William	Bureau	St. Albanvorstadt 40	Basel	2387	1906	122	telefonbuch_124	PTT-Archiv, P-260-1_Basel_1906	Basel
von Speyr	Alfred		Gartenstrasse 99	Basel	2175	1906	122	telefonbuch_124	PTT-Archiv, P-260-1_Basel_1906	Basel
von Speyr		Anstalt	Holeestrasse 62	Basel	3130	1906	122	telefonbuch_124	PTT-Archiv, P-260-1_Basel_1906	Basel
von Speyr - Bernoulli	Carl		Peter Merianstr. 40	Basel	3221	1906	122	telefonbuch_124	PTT-Archiv, P-260-1_Basel_1906	Basel
von Speyr-Bölger	Albert		St. Albananlage 31	Basel	2144	1906	122	telefonbuch_124	PTT-Archiv, P-260-1_Basel_1906	Basel
von Speyr & Co.		A.-G., Bank	Freiestrasse 74	Basel	1943	1906	122	telefonbuch_124	PTT-Archiv, P-260-1_Basel_1906	Basel
Dieselben		Bank, Börse	Postgebäude	Basel	4300	1906	122	telefonbuch_124	PTT-Archiv, P-260-1_Basel_1906	Basel
Dieselben		Bank, Börse	Postgebäude	Basel	4301	1906	122	telefonbuch_124	PTT-Archiv, P-260-1_Basel_1906	Basel
Dieselben		Bank	Freiestrasse 74	Basel	1950	1906	122	telefonbuch_124	PTT-Archiv, P-260-1_Basel_1906	Basel
Dieselben		u. Abwart (während Bureauschluss)	Freiestrasse 74	Basel	4550	1906	122	telefonbuch_124	PTT-Archiv, P-260-1_Basel_1906	Basel
Dieselben		Spedition	Kirschgartenstr. 12	Basel	2395	1906	122	telefonbuch_124	PTT-Archiv, P-260-1_Basel_1906	Basel
Dieselben		Spedition, Güterbahnhof	St. Jakobstrasse	Basel	4169	1906	122	telefonbuch_124	PTT-Archiv, P-260-1_Basel_1906	Basel
Dieselben		Spedition	Bad. Güterbahnhof	Basel	4422	1906	122	telefonbuch_124	PTT-Archiv, P-260-1_Basel_1906	Basel
Spichtin	J.		Hägenheimerstr. 211	Basel	896	1906	122	telefonbuch_124	PTT-Archiv, P-260-1_Basel_1906	Basel
Spiess	Emil		Steinenvorstadt 10	Basel	2291	1906	122	telefonbuch_124	PTT-Archiv, P-260-1_Basel_1906	Basel
Spiller	J.	Buchbinderei und Papeterie	Streitgasse 4	Basel	1996	1906	122	telefonbuch_124	PTT-Archiv, P-260-1_Basel_1906	Basel
Spiller-Sacher	J.		Inn. Margarethenstr. 10	Basel	1809	1906	122	telefonbuch_124	PTT-Archiv, P-260-1_Basel_1906	Basel
Spiller-Zandt	M. L.	Wwe.	Birsigstrasse 8	Basel	2438	1906	122	telefonbuch_124	PTT-Archiv, P-260-1_Basel_1906	Basel
Spillmann-Kellerhals	J.	Restaurant	Unt. Rebgasse 15	Basel	752	1906	122	telefonbuch_124	PTT-Archiv, P-260-1_Basel_1906	Basel
Spindler	Aug.		St. Johannvorst. 84	Basel	1485	1906	122	telefonbuch_124	PTT-Archiv, P-260-1_Basel_1906	Basel
Spinnler-Lutz	F.		Sommergasse 33	Basel	1377	1906	122	telefonbuch_124	PTT-Archiv, P-260-1_Basel_1906	Basel
Spira & Cie.			Petersgraben 61	Basel	2097	1906	122	telefonbuch_124	PTT-Archiv, P-260-1_Basel_1906	Basel
Spitalapotheke			Hebelstrasse 2	Basel	225	1906	122	telefonbuch_124	PTT-Archiv, P-260-1_Basel_1906	Basel
Spleiss	Heinrich	Hufschmied	Malzgasse 7	Basel	4143	1906	122	telefonbuch_124	PTT-Archiv, P-260-1_Basel_1906	Basel
Spohn	Julius		Bahnhofstrasse 9	Basel	3606	1906	122	telefonbuch_124	PTT-Archiv, P-260-1_Basel_1906	Basel
Spreng-Gersbach	Rob.	Photograph	Clarastrasse 54	Basel	3612	1906	123	telefonbuch_125	PTT-Archiv, P-260-1_Basel_1906	Basel
Sprenger	Fr.	Cigarrenhandlung	Feldbergstrasse 110	Basel	3441	1906	123	telefonbuch_125	PTT-Archiv, P-260-1_Basel_1906	Basel
Spreuermann	Rud.	Agenturen	Reinacherstrasse 4	Basel	925	1906	123	telefonbuch_125	PTT-Archiv, P-260-1_Basel_1906	Basel
Spreyermann	Hch.	Sohn, Bäckerei	Spalenvorstadt 7	Basel	3044	1906	123	telefonbuch_125	PTT-Archiv, P-260-1_Basel_1906	Basel
Spreyermann-Stump	H.	Bäckermeister	Steinenvorstadt 4	Basel	2448	1906	123	telefonbuch_125	PTT-Archiv, P-260-1_Basel_1906	Basel
Springer	M.	Möbelfabrik	Claragraben 80	Basel	3394	1906	123	telefonbuch_125	PTT-Archiv, P-260-1_Basel_1906	Basel
Sprüngli	F.	Handelsgärtner	Kleinhüningerstr. 172	Basel	50	1906	123	telefonbuch_125	PTT-Archiv, P-260-1_Basel_1906	Basel
Staatsanwaltschaft			Lohnhof	Basel	3119	1906	123	telefonbuch_125	PTT-Archiv, P-260-1_Basel_1906	Basel
Staatsarchiv			Martinsgasse 2	Basel	1331	1906	123	telefonbuch_125	PTT-Archiv, P-260-1_Basel_1906	Basel
Staatskasse Basel-Stadt			Rathaus	Basel	2390	1906	123	telefonbuch_125	PTT-Archiv, P-260-1_Basel_1906	Basel
Staatskanzlei			Rathaus	Basel	1387	1906	123	telefonbuch_125	PTT-Archiv, P-260-1_Basel_1906	Basel
Stächelin	G.	Baumeister	Austrasse 77	Basel	2844	1906	123	telefonbuch_125	PTT-Archiv, P-260-1_Basel_1906	Basel
Stächelin	G.	Werkhof	Elsässerstrasse	Basel	1733	1906	123	telefonbuch_125	PTT-Archiv, P-260-1_Basel_1906	Basel
Stächelin	G.	Bau- und Privatbureau	Totengässlein 14	Basel	1565	1906	123	telefonbuch_125	PTT-Archiv, P-260-1_Basel_1906	Basel
Stadelmann	C.		Unt. Rheinweg 66	Basel	43	1906	123	telefonbuch_125	PTT-Archiv, P-260-1_Basel_1906	Basel
Stadtcasino		Café-Restaurant	Stadtcasino	Basel	2320	1906	123	telefonbuch_125	PTT-Archiv, P-260-1_Basel_1906	Basel
Stadtcasino		A. & E. Clar, Bureau und Service, Stadt und auswärts	Stadtcasino	Basel	2049	1906	123	telefonbuch_125	PTT-Archiv, P-260-1_Basel_1906	Basel
Stadtgärtnerei		Bureau	Elsässerstrasse 2	Basel	1640	1906	123	telefonbuch_125	PTT-Archiv, P-260-1_Basel_1906	Basel
Stähelin	Anna		St. Albanvorstadt 25	Basel	1744	1906	123	telefonbuch_125	PTT-Archiv, P-260-1_Basel_1906	Basel
Stähelin	B. de B.	& Co.	Leonhardsgraben 42	Basel	2927	1906	123	telefonbuch_125	PTT-Archiv, P-260-1_Basel_1906	Basel
Stähelin-Bernoulli	J. Fritz		Kanonengasse 27	Basel	4401	1906	123	telefonbuch_125	PTT-Archiv, P-260-1_Basel_1906	Basel
Stähelin-Bischoff	Aug.		Rötelerstrasse 8	Basel	460	1906	123	telefonbuch_125	PTT-Archiv, P-260-1_Basel_1906	Basel
Stähelin-Burckhardt	Benedikt		Kapellenstrasse 33	Basel	3590	1906	123	telefonbuch_125	PTT-Archiv, P-260-1_Basel_1906	Basel
Stähelin-Burckhardt	C.		St. Albananlage 64	Basel	4124	1906	123	telefonbuch_125	PTT-Archiv, P-260-1_Basel_1906	Basel
Stähelin-Burckhardt	Theodor		Sevogelstrasse 60	Basel	4167	1906	123	telefonbuch_125	PTT-Archiv, P-260-1_Basel_1906	Basel
Stähelin-Burckhardt	M.	Wwe.	Münchensteinerstr. 49	Basel	3988	1906	123	telefonbuch_125	PTT-Archiv, P-260-1_Basel_1906	Basel
Stähelin	Aug.	Dr.	Dufourstrasse 37	Basel	4272	1906	123	telefonbuch_125	PTT-Archiv, P-260-1_Basel_1906	Basel
Stähelin	E.	Pfarrer	Obere Rebgasse 38	Basel	1150	1906	123	telefonbuch_125	PTT-Archiv, P-260-1_Basel_1906	Basel
Stähelin	Ernst		Aeschenvorstadt 51	Basel	346	1906	123	telefonbuch_125	PTT-Archiv, P-260-1_Basel_1906	Basel
Stähelin-Grossmann	C.		Malzgasse 17	Basel	1857	1906	123	telefonbuch_125	PTT-Archiv, P-260-1_Basel_1906	Basel
Stähelin-Gruner	Alf.		Hirzbodenweg 103	Basel	3598	1906	123	telefonbuch_125	PTT-Archiv, P-260-1_Basel_1906	Basel
Stähelin-Hagenbach		Frau Wwe.	Rheinfelderstr. 11	Basel	3238	1906	123	telefonbuch_125	PTT-Archiv, P-260-1_Basel_1906	Basel
Stähelin-Heusler	Johs.		Missionsstrasse 27	Basel	3030	1906	123	telefonbuch_125	PTT-Archiv, P-260-1_Basel_1906	Basel
Stähelin	Laure		Aeschengraben 6	Basel	4120	1906	123	telefonbuch_125	PTT-Archiv, P-260-1_Basel_1906	Basel
Stähelin-Lieb	G.	Pfarrer	Allschwilerstr. 62	Basel	905	1906	123	telefonbuch_125	PTT-Archiv, P-260-1_Basel_1906	Basel
Stähelin-Preiswerk	Paul		Feierabendstrasse 34	Basel	2997	1906	123	telefonbuch_125	PTT-Archiv, P-260-1_Basel_1906	Basel
Staehelin-Reber	B.	Wwe.	Austrasse 91	Basel	4440	1906	123	telefonbuch_125	PTT-Archiv, P-260-1_Basel_1906	Basel
Staehelin	Rudolf	Dr. med.	Bernoullistrasse 26	Basel	167	1906	123	telefonbuch_125	PTT-Archiv, P-260-1_Basel_1906	Basel
Stähelin-Stockmeyer	M.	Wwe.	Bernoullistrasse 26	Basel	167	1906	123	telefonbuch_125	PTT-Archiv, P-260-1_Basel_1906	Basel
Stähelin & Merz			Leonhardsgraben 42	Basel	2935	1906	123	telefonbuch_125	PTT-Archiv, P-260-1_Basel_1906	Basel
Stähelin-Vischer	A.		Gellertstrasse 40	Basel	4112	1906	123	telefonbuch_125	PTT-Archiv, P-260-1_Basel_1906	Basel
Stähelin-VonderMühll	Ch.		Aeschengraben 7	Basel	2074	1906	123	telefonbuch_125	PTT-Archiv, P-260-1_Basel_1906	Basel
Staehelin - v. Enzberg	C. W.		Riehenstrasse 46	Basel	3801	1906	123	telefonbuch_125	PTT-Archiv, P-260-1_Basel_1906	Basel
Staehli	Charles	Agenturen in Rohtabak	Gartenstrasse 60	Basel	236	1906	123	telefonbuch_125	PTT-Archiv, P-260-1_Basel_1906	Basel
Stamm-Bruckner	G.		Steinenring 41	Basel	783	1906	123	telefonbuch_125	PTT-Archiv, P-260-1_Basel_1906	Basel
Stamm		Gebrüder, Baugeschäft (Bureau)	Bachlettenstrasse 20	Basel	3106	1906	123	telefonbuch_125	PTT-Archiv, P-260-1_Basel_1906	Basel
Stamm-Hausin	G.	Droschkenhalter	Hägenheimerstr. 20	Basel	830	1906	123	telefonbuch_125	PTT-Archiv, P-260-1_Basel_1906	Basel
Stamm-Meyer	M. E.	Wwe.	Bachlettenstrasse 62	Basel	4309	1906	123	telefonbuch_125	PTT-Archiv, P-260-1_Basel_1906	Basel
Stamm-Napp	Aug.		Trillengässlein 2	Basel	3495	1906	123	telefonbuch_125	PTT-Archiv, P-260-1_Basel_1906	Basel
Stammi-Preiswerk	J.	Baumeister	Dornacherstr. 35	Basel	2477	1906	124	telefonbuch_126	PTT-Archiv, P-260-1_Basel_1906	Basel
Stampfer	Hans		Herbergsgasse 4	Basel	3426	1906	124	telefonbuch_126	PTT-Archiv, P-260-1_Basel_1906	Basel
Stappung	E.		Ochsengasse 14	Basel	1241	1906	124	telefonbuch_126	PTT-Archiv, P-260-1_Basel_1906	Basel
Stärk	Richard	Musiklehrer	Pfirtergasse 27	Basel	3074	1906	124	telefonbuch_126	PTT-Archiv, P-260-1_Basel_1906	Basel
Starkemann	Joh.	Hotel Simplon	Güterstrasse 108	Basel	3185	1906	124	telefonbuch_126	PTT-Archiv, P-260-1_Basel_1906	Basel
Statistisches Amt Basel-Stadt			Rathaus	Basel	1288	1906	124	telefonbuch_126	PTT-Archiv, P-260-1_Basel_1906	Basel
Stauber-Hirsbrunner	Ad.	Bäckerei u. Conditorei	Dornacherstr. 141	Basel	4156	1906	124	telefonbuch_126	PTT-Archiv, P-260-1_Basel_1906	Basel
Stauber-Schweighauser	T.	Bäckermeister	Spalenvorstadt 8	Basel	2606	1906	124	telefonbuch_126	PTT-Archiv, P-260-1_Basel_1906	Basel
Stauffacher-Reber	W.		Oberwilerstrasse 64	Basel	1110	1906	124	telefonbuch_126	PTT-Archiv, P-260-1_Basel_1906	Basel
Stefan-Fritschy	Jos.	Metzgermeister	Bläsiringweg 1	Basel	347	1906	124	telefonbuch_126	PTT-Archiv, P-260-1_Basel_1906	Basel
Steffen	J.	Sattler	St. Albanvorstadt 62	Basel	4235	1906	124	telefonbuch_126	PTT-Archiv, P-260-1_Basel_1906	Basel
Steffensen	Frau Prof. M.		Münsterplatz 4	Basel	372	1906	124	telefonbuch_126	PTT-Archiv, P-260-1_Basel_1906	Basel
Steger-Koch	J.	Hôtel Krafft	Obere Rheingasse 12	Basel	1186	1906	124	telefonbuch_126	PTT-Archiv, P-260-1_Basel_1906	Basel
Stehelin	Gustav	& Co.	Leonhardstrasse 53	Basel	2995	1906	124	telefonbuch_126	PTT-Archiv, P-260-1_Basel_1906	Basel
Stehelin	Gustav	(Wohnung)	Leimenstrasse 29	Basel	2995	1906	124	telefonbuch_126	PTT-Archiv, P-260-1_Basel_1906	Basel
Stehelin	Jérôme	& fils	Hebelstrasse 28	Basel	1480	1906	124	telefonbuch_126	PTT-Archiv, P-260-1_Basel_1906	Basel
Stehelin-Werlin	Alfr.		Austrasse 99	Basel	2781	1906	124	telefonbuch_126	PTT-Archiv, P-260-1_Basel_1906	Basel
Stehle	Albert	Metzger	Steinenvorstadt 81	Basel	2261	1906	124	telefonbuch_126	PTT-Archiv, P-260-1_Basel_1906	Basel
Stehle	Carl	vorm. Casp. Krug	Freiestrasse 8	Basel	1569	1906	124	telefonbuch_126	PTT-Archiv, P-260-1_Basel_1906	Basel
Stehle & Gutknecht		Basler Centralheizungsfabrik	Bärenfelserstr. 47	Basel	2369	1906	124	telefonbuch_126	PTT-Archiv, P-260-1_Basel_1906	Basel
Stehlin	Dr. Karl		St. Albanvorstadt 69	Basel	4175	1906	124	telefonbuch_126	PTT-Archiv, P-260-1_Basel_1906	Basel
Stehlin	Fritz	Architekt (Bureau)	St. Albanvorstadt 69	Basel	864	1906	124	telefonbuch_126	PTT-Archiv, P-260-1_Basel_1906	Basel
Stehlin	Fritz	(Wohnung)	St. Albanvorstadt 71	Basel	4166	1906	124	telefonbuch_126	PTT-Archiv, P-260-1_Basel_1906	Basel
Stehlin-Merian	Cécile	Wwe.	St. Albananlage 14	Basel	4191	1906	124	telefonbuch_126	PTT-Archiv, P-260-1_Basel_1906	Basel
Stehlin-Miville		Wwe.	Gartenstrasse 89	Basel	2125	1906	124	telefonbuch_126	PTT-Archiv, P-260-1_Basel_1906	Basel
Stehlin-Pfister	A.		Greifengasse 40	Basel	406	1906	124	telefonbuch_126	PTT-Archiv, P-260-1_Basel_1906	Basel
Steib		Gebrüder, Basler Bürsten- u. Pinselfabrik	Pfeffingerstr. 101	Basel	3858	1906	124	telefonbuch_126	PTT-Archiv, P-260-1_Basel_1906	Basel
Steib		Gebrüder (Filiale)	Unt. Rheingasse 15	Basel	1266	1906	124	telefonbuch_126	PTT-Archiv, P-260-1_Basel_1906	Basel
Steib		Gebrüder (Filiale)	Aeschenvorstadt 43	Basel	2043	1906	124	telefonbuch_126	PTT-Archiv, P-260-1_Basel_1906	Basel
Steib-Kradolfer	M.	Billardmonteur u. Drechsler	Dornacherstr. 154	Basel	4034	1906	124	telefonbuch_126	PTT-Archiv, P-260-1_Basel_1906	Basel
Steib-Ritzenthaler	J. E.	Kassenfabrik, Bureau u. Lager	Holbeinstrasse 58	Basel	3374	1906	124	telefonbuch_126	PTT-Archiv, P-260-1_Basel_1906	Basel
Steib-Ritzenthaler	J. E.	Werkstätte	Holeestrasse 153	Basel	4533	1906	124	telefonbuch_126	PTT-Archiv, P-260-1_Basel_1906	Basel
Steiger	Emil	Apotheker	Bäumleingasse 4	Basel	1866	1906	124	telefonbuch_126	PTT-Archiv, P-260-1_Basel_1906	Basel
Steiger	F.	Schirmfabrik	Freiestrasse 82	Basel	1868	1906	124	telefonbuch_126	PTT-Archiv, P-260-1_Basel_1906	Basel
Steiger	J. J.	sel. Erben, Leckerligeschäft	St. Johannvorst. 63	Basel	1699	1906	124	telefonbuch_126	PTT-Archiv, P-260-1_Basel_1906	Basel
Steiger-Richter			Theodorsgraben 8	Basel	1188	1906	124	telefonbuch_126	PTT-Archiv, P-260-1_Basel_1906	Basel
Steigmeier & Cie.			Aeschenvorstadt 22	Basel	3989	1906	124	telefonbuch_126	PTT-Archiv, P-260-1_Basel_1906	Basel
Stein	Louis	(Bureau)	Dornacherstrasse 38	Basel	4012	1906	124	telefonbuch_126	PTT-Archiv, P-260-1_Basel_1906	Basel
Stein-Reichenberger	Louis	(Wohnung)	Austrasse 7	Basel	2541	1906	124	telefonbuch_126	PTT-Archiv, P-260-1_Basel_1906	Basel
Steinacher & Rueff			Dornacherstrasse 54	Basel	4028	1906	124	telefonbuch_126	PTT-Archiv, P-260-1_Basel_1906	Basel
Steinacher & Rueff			Bad. Güterbahnhof	Basel	4429	1906	124	telefonbuch_126	PTT-Archiv, P-260-1_Basel_1906	Basel
Steinbach	Emil		Mittlerestrasse 62	Basel	2967	1906	124	telefonbuch_126	PTT-Archiv, P-260-1_Basel_1906	Basel
Steinbach-Schultheiss	J.	Restaurant	Spitalstrasse 13	Basel	1039	1906	124	telefonbuch_126	PTT-Archiv, P-260-1_Basel_1906	Basel
Steinegger & Co.			Güterstrasse 137	Basel	3945	1906	124	telefonbuch_126	PTT-Archiv, P-260-1_Basel_1906	Basel
Steinenschulhaus			Theaterstrasse 5	Basel	2137	1906	124	telefonbuch_126	PTT-Archiv, P-260-1_Basel_1906	Basel
Steinenschulhaus		Abwart	Theaterstrasse 5	Basel	1788	1906	124	telefonbuch_126	PTT-Archiv, P-260-1_Basel_1906	Basel
Steiner	Emanuel	Buchbinder	Rümelinsplatz 11	Basel	2827	1906	124	telefonbuch_126	PTT-Archiv, P-260-1_Basel_1906	Basel
Steiner	Emanuel		Angensteinerstr. 34	Basel	4316	1906	124	telefonbuch_126	PTT-Archiv, P-260-1_Basel_1906	Basel
Steiner	Jean	& Co.	Pfeffingerstrasse 27	Basel	3913	1906	124	telefonbuch_126	PTT-Archiv, P-260-1_Basel_1906	Basel
Steiner	R.	Zahnarzt	Clarastrasse 41	Basel	417	1906	125	telefonbuch_127	PTT-Archiv, P-260-1_Basel_1906	Basel
Steinmann	E.	Spenglermeister	Kanonengasse 13	Basel	1037	1906	125	telefonbuch_127	PTT-Archiv, P-260-1_Basel_1906	Basel
Steinmann	Emil	Weinagentur	Wallstrasse 7	Basel	760	1906	125	telefonbuch_127	PTT-Archiv, P-260-1_Basel_1906	Basel
Steinmann	Fr.	Gérant d. Verbandstoff-Fabrik Schaffhausen, Fil. Basel	Gerbergasse 38	Basel	3005	1906	125	telefonbuch_127	PTT-Archiv, P-260-1_Basel_1906	Basel
Steinmann	Hch.	Tapezierer	Claraplatz 1	Basel	1252	1906	125	telefonbuch_127	PTT-Archiv, P-260-1_Basel_1906	Basel
Steinmann	W.	& Cie., Weinhandlung	Rümelinbachweg 16	Basel	2483	1906	125	telefonbuch_127	PTT-Archiv, P-260-1_Basel_1906	Basel
Steinmann	W.	& Cie., Ablage	Freiestrasse 38	Basel	1817	1906	125	telefonbuch_127	PTT-Archiv, P-260-1_Basel_1906	Basel
Stempelamt			Rathaus	Basel	2318	1906	125	telefonbuch_127	PTT-Archiv, P-260-1_Basel_1906	Basel
Stempfle-Glattfelder	A.		Gerbergässlein 1	Basel	131	1906	125	telefonbuch_127	PTT-Archiv, P-260-1_Basel_1906	Basel
Sternenberg		Restaurant (Pächter Th. Thoma)	Utengasse 3	Basel	344	1906	125	telefonbuch_127	PTT-Archiv, P-260-1_Basel_1906	Basel
Sternwarte		Restaurant zur	Mittlerestrasse 11	Basel	272	1906	125	telefonbuch_127	PTT-Archiv, P-260-1_Basel_1906	Basel
Steuer-Jenne	H.		Mörsbergerstrasse 36	Basel	3350	1906	125	telefonbuch_127	PTT-Archiv, P-260-1_Basel_1906	Basel
Steuer	L. E.		Spalenthorweg 53	Basel	2212	1906	125	telefonbuch_127	PTT-Archiv, P-260-1_Basel_1906	Basel
Steuer’s Möbelhaus		(E. Steuer-Müller)	Feldbergstrasse 89	Basel	1084	1906	125	telefonbuch_127	PTT-Archiv, P-260-1_Basel_1906	Basel
Steuer & Cie.			Nadelberg 10	Basel	1432	1906	125	telefonbuch_127	PTT-Archiv, P-260-1_Basel_1906	Basel
Steuerverwaltung I		(Einkommens-, Vermögens- und Erbschaftssteuer)	Rathaus	Basel	2404	1906	125	telefonbuch_127	PTT-Archiv, P-260-1_Basel_1906	Basel
Steuerverwaltung II		(Städtische Gemeindesteuer, Feuerwehr-, Beleuchtungs- u. Reinigungssteuer)	Rathaus	Basel	1649	1906	125	telefonbuch_127	PTT-Archiv, P-260-1_Basel_1906	Basel
Steyer-Graf	E.	Handelsgärtner	Kleinhüningerstr. 148	Basel	3325	1906	125	telefonbuch_127	PTT-Archiv, P-260-1_Basel_1906	Basel
Stickelberger	Hans	Ingenieur u. Patentanwalt	Leonhardstrasse 34	Basel	2934	1906	125	telefonbuch_127	PTT-Archiv, P-260-1_Basel_1906	Basel
Stieber	G.	Spengler	Webergasse 32	Basel	3214	1906	125	telefonbuch_127	PTT-Archiv, P-260-1_Basel_1906	Basel
Stiengelin-Zürcher	H.		Freiestrasse 88	Basel	1923	1906	125	telefonbuch_127	PTT-Archiv, P-260-1_Basel_1906	Basel
Stöckli-Suppiger	A.	Restaurant z. Wolf	St. Jakobstrasse 118	Basel	1685	1906	125	telefonbuch_127	PTT-Archiv, P-260-1_Basel_1906	Basel
Stöcklin	E.	Dr. (Bureau)	Gerbergasse 36	Basel	3033	1906	125	telefonbuch_127	PTT-Archiv, P-260-1_Basel_1906	Basel
Stöcklin	E.	Dr. (Wohnung)	Byfangweg 33	Basel	3054	1906	125	telefonbuch_127	PTT-Archiv, P-260-1_Basel_1906	Basel
Stöcklin-Hilsenbeck	Sam.		Engelgasse 97	Basel	3658	1906	125	telefonbuch_127	PTT-Archiv, P-260-1_Basel_1906	Basel
Stöcklin	Jos.	Dr., Advokatur und Inkasso	Aeschenvorstadt 8	Basel	439	1906	125	telefonbuch_127	PTT-Archiv, P-260-1_Basel_1906	Basel
Stöcklin	Louis	Holzwollfabrik, siehe „Binningen“		Basel	3585	1906	125	telefonbuch_127	PTT-Archiv, P-260-1_Basel_1906	Basel
Stöcklin & Co.			St. Albanthal 1	Basel	4133	1906	125	telefonbuch_127	PTT-Archiv, P-260-1_Basel_1906	Basel
Stoffel	B.		Heumattstrasse 8	Basel	2232	1906	125	telefonbuch_127	PTT-Archiv, P-260-1_Basel_1906	Basel
Stohler-Kiefer	Rudolf		Elsässerstrasse 20	Basel	300	1906	125	telefonbuch_127	PTT-Archiv, P-260-1_Basel_1906	Basel
Stohrer-Recher	G.	Schreinermeister	Spalenring 114	Basel	939	1906	125	telefonbuch_127	PTT-Archiv, P-260-1_Basel_1906	Basel
Stoeckle	Otto	Uhren- und Bijouterie	Klybeckstrasse 33	Basel	3259	1906	125	telefonbuch_127	PTT-Archiv, P-260-1_Basel_1906	Basel
Stöcklin & Thüring			Pfeffingerstrasse 65	Basel	3260	1906	125	telefonbuch_127	PTT-Archiv, P-260-1_Basel_1906	Basel
Storz-Schlachter	C.	Landesprodukte	Hammerstrasse 174	Basel	182	1906	125	telefonbuch_127	PTT-Archiv, P-260-1_Basel_1906	Basel
Stortz-Hänni	Fritz	Metzger	Güterstrasse 242	Basel	2482	1906	125	telefonbuch_127	PTT-Archiv, P-260-1_Basel_1906	Basel
Stortz-Münch	Georg	Bäcker	Ochsengasse 7	Basel	1203	1906	125	telefonbuch_127	PTT-Archiv, P-260-1_Basel_1906	Basel
Stössel	J.	Sanitäts- und Gummiwarengeschäft	Güterstrasse 140	Basel	4246	1906	125	telefonbuch_127	PTT-Archiv, P-260-1_Basel_1906	Basel
Stotz	H. Conrad	Tapezierer	Malzgasse 7	Basel	4143	1906	125	telefonbuch_127	PTT-Archiv, P-260-1_Basel_1906	Basel
Strafgericht			Bäumleingasse 1	Basel	1754	1906	125	telefonbuch_127	PTT-Archiv, P-260-1_Basel_1906	Basel
Strafanstalt		Direktion	Strafanstalt	Basel	1665	1906	125	telefonbuch_127	PTT-Archiv, P-260-1_Basel_1906	Basel
Strahm-Böcklin	M.	Frau	Grenzacherstrasse 9	Basel	4493	1906	125	telefonbuch_127	PTT-Archiv, P-260-1_Basel_1906	Basel
Strahm	E.	Eisenhandlung	Greifengasse 38	Basel	3207	1906	125	telefonbuch_127	PTT-Archiv, P-260-1_Basel_1906	Basel
Strassenbahnen		siehe Basler Strassenbahnen		Basel		1906	125	telefonbuch_127	PTT-Archiv, P-260-1_Basel_1906	Basel
Strasseninspektorat			Obere Rebgasse 1	Basel	3218	1906	125	telefonbuch_127	PTT-Archiv, P-260-1_Basel_1906	Basel
Strasseninspektorat		(Inspektorwohnung)	Spalenring 158	Basel	271	1906	125	telefonbuch_127	PTT-Archiv, P-260-1_Basel_1906	Basel
Strasser	Emil		Blumenrain 16	Basel	1181	1906	125	telefonbuch_127	PTT-Archiv, P-260-1_Basel_1906	Basel
Straub	F.	Spengler	Eimeldingerweg 23	Basel	1321	1906	126	telefonbuch_128	PTT-Archiv, P-260-1_Basel_1906	Basel
Straub's Bäckerei			Drahtzugstrasse 65	Basel	2840	1906	126	telefonbuch_128	PTT-Archiv, P-260-1_Basel_1906	Basel
Straub & Büchler			Sternengässlein 19	Basel	2337	1906	126	telefonbuch_128	PTT-Archiv, P-260-1_Basel_1906	Basel
Straumann	Heinrich	Spengler	St. Albanvorstadt 52	Basel	1819	1906	126	telefonbuch_128	PTT-Archiv, P-260-1_Basel_1906	Basel
Streckeisen	A.	Dr.	Aeschengraben 11	Basel	2312	1906	126	telefonbuch_128	PTT-Archiv, P-260-1_Basel_1906	Basel
Streckeisen	Julie		Sevogelstrasse 49	Basel	3678	1906	126	telefonbuch_128	PTT-Archiv, P-260-1_Basel_1906	Basel
Streichenberg	Arthur		Kapellenstrasse 24	Basel	3563	1906	126	telefonbuch_128	PTT-Archiv, P-260-1_Basel_1906	Basel
Stritt	S.	Sattler	Spalenberg 15	Basel	2680	1906	126	telefonbuch_128	PTT-Archiv, P-260-1_Basel_1906	Basel
Stritt	S.	Sattler	Klingelbergstr. 35	Basel	166	1906	126	telefonbuch_128	PTT-Archiv, P-260-1_Basel_1906	Basel
Strittmatter	August	Spengler	Spalenring 34	Basel	978	1906	126	telefonbuch_128	PTT-Archiv, P-260-1_Basel_1906	Basel
Strohl	C. V.		Burgunderstrasse 40	Basel	3079	1906	126	telefonbuch_128	PTT-Archiv, P-260-1_Basel_1906	Basel
Strohl-Schweizer	G.	Hôtel des balances	Gerbergasse 76	Basel	2181	1906	126	telefonbuch_128	PTT-Archiv, P-260-1_Basel_1906	Basel
Strub-Amberg	M.	Wwe.	Schneidergasse 7	Basel	1610	1906	126	telefonbuch_128	PTT-Archiv, P-260-1_Basel_1906	Basel
Strub	Henri	Cigarrenhandlung	Nadelberg 36	Basel	2757	1906	126	telefonbuch_128	PTT-Archiv, P-260-1_Basel_1906	Basel
Strub-Ruf	A. M.	Wwe.	Barfüsserplatz 11	Basel	2153	1906	126	telefonbuch_128	PTT-Archiv, P-260-1_Basel_1906	Basel
Strub-Walder	Ed.		Steinenvorstadt 9	Basel	2243	1906	126	telefonbuch_128	PTT-Archiv, P-260-1_Basel_1906	Basel
Strübin	Carl	Kommission und Spedition	Bahnhofstrasse 93	Basel	466	1906	126	telefonbuch_128	PTT-Archiv, P-260-1_Basel_1906	Basel
Strübin-Gschwind	Fritz		Ob. Rebgasse 19	Basel	3507	1906	126	telefonbuch_128	PTT-Archiv, P-260-1_Basel_1906	Basel
Strübin	H.	& Sohn, Optiker	Gerbergasse 25	Basel	454	1906	126	telefonbuch_128	PTT-Archiv, P-260-1_Basel_1906	Basel
Strübin-Spiess	H.		Socinstrasse 43	Basel	3635	1906	126	telefonbuch_128	PTT-Archiv, P-260-1_Basel_1906	Basel
Strübin	T. & A.	Cementsteinfabrik	Kleinhüningerstr. 180	Basel	3198	1906	126	telefonbuch_128	PTT-Archiv, P-260-1_Basel_1906	Basel
Strütt	S.	Wwe., Privatwohnung	Untere Rebgasse 17	Basel	1161	1906	126	telefonbuch_128	PTT-Archiv, P-260-1_Basel_1906	Basel
Strütt	S.	Dieselbe, siehe unter „Riehen“, Bureau (707)		Basel		1906	126	telefonbuch_128	PTT-Archiv, P-260-1_Basel_1906	Basel
Stübi	Ed.	Wirt	Aeschenvorstadt 66	Basel	2344	1906	126	telefonbuch_128	PTT-Archiv, P-260-1_Basel_1906	Basel
Stückelberg	Alfr.	Dr., Advokat (Bureau Burckhardt & Stückelberg)	Gerbergasse 24	Basel	1796	1906	126	telefonbuch_128	PTT-Archiv, P-260-1_Basel_1906	Basel
Stuckert	Otto		Augustinergasse 17	Basel	1088	1906	126	telefonbuch_128	PTT-Archiv, P-260-1_Basel_1906	Basel
Studer-Bischoff	Ignaz	Fuhrhalter	Buschwilerweg 24	Basel	2790	1906	126	telefonbuch_128	PTT-Archiv, P-260-1_Basel_1906	Basel
Stumm	Carl	Sohn, Bureau	Gartenstrasse 113	Basel	1511	1906	126	telefonbuch_128	PTT-Archiv, P-260-1_Basel_1906	Basel
Stumm	Carl	Derselbe, Wohnung	Bruderholzstr. 40	Basel	3750	1906	126	telefonbuch_128	PTT-Archiv, P-260-1_Basel_1906	Basel
Stumm	Herm.	Dr., Wohnung (Bureau 2054)	Austrasse 126	Basel	918	1906	126	telefonbuch_128	PTT-Archiv, P-260-1_Basel_1906	Basel
Stumm	Gustav	Bierdépôt u. Spezereihandlung	Eulerstrasse 56	Basel	2721	1906	126	telefonbuch_128	PTT-Archiv, P-260-1_Basel_1906	Basel
Stumpf-Bechtel	A.		Feldbergstrasse 95	Basel	430	1906	126	telefonbuch_128	PTT-Archiv, P-260-1_Basel_1906	Basel
Stünzi	Carl	zum Clarabad	Clarastrasse 29	Basel	3489	1906	126	telefonbuch_128	PTT-Archiv, P-260-1_Basel_1906	Basel
Stünzi-Sprüngli	Robert		Langegasse 7	Basel	2089	1906	126	telefonbuch_128	PTT-Archiv, P-260-1_Basel_1906	Basel
Stupanus	Alfred	Metzger	Feldbergstrasse 100	Basel	3700	1906	126	telefonbuch_128	PTT-Archiv, P-260-1_Basel_1906	Basel
Stupanus	J.	Sohn	Claragraben 60	Basel	4273	1906	126	telefonbuch_128	PTT-Archiv, P-260-1_Basel_1906	Basel
Stupanus-Schelling	Rud.	Bäckerei	Austrasse 47	Basel	2915	1906	126	telefonbuch_128	PTT-Archiv, P-260-1_Basel_1906	Basel
Sturzenegger	Eduard		Freiestrasse 64	Basel	1887	1906	126	telefonbuch_128	PTT-Archiv, P-260-1_Basel_1906	Basel
Sturzenegger	J. C.	Mineralwasserfabrik	Webergasse 15	Basel	1237	1906	126	telefonbuch_128	PTT-Archiv, P-260-1_Basel_1906	Basel
Stüssi	R.	photogr. Artikel	Freiestrasse 88	Basel	1940	1906	126	telefonbuch_128	PTT-Archiv, P-260-1_Basel_1906	Basel
Stutz	A.	Sub-Direktor	Holbeinstrasse 74	Basel	3121	1906	126	telefonbuch_128	PTT-Archiv, P-260-1_Basel_1906	Basel
Stutz-Stadelmann	Carl	Coiffeur	b. Bahnhof	Basel	4453	1906	126	telefonbuch_128	PTT-Archiv, P-260-1_Basel_1906	Basel
Sulger	Aug.	Dr., Advokat und Notar (Bureau)	Blumenrain 16	Basel	1341	1906	126	telefonbuch_128	PTT-Archiv, P-260-1_Basel_1906	Basel
Sulger	Aug.	Derselbe (Wohnung)	Malzgasse 21	Basel	4287	1906	126	telefonbuch_128	PTT-Archiv, P-260-1_Basel_1906	Basel
Sulger	Aug.	Derselbe, siehe unter „Münchenstein“		Basel		1906	126	telefonbuch_128	PTT-Archiv, P-260-1_Basel_1906	Basel
Sumser	Jos.	Wirt	Bahnhofstrasse 13	Basel	1297	1906	126	telefonbuch_128	PTT-Archiv, P-260-1_Basel_1906	Basel
Surbeck	J. G.	Konditor	Greifengasse 39	Basel	3284	1906	126	telefonbuch_128	PTT-Archiv, P-260-1_Basel_1906	Basel
Suter	Adolf		Gartenstrasse 66	Basel	2046	1906	126	telefonbuch_128	PTT-Archiv, P-260-1_Basel_1906	Basel
Suter	A.	& Cie., f. hiesige Kohlenbestellungen	Austrasse 4	Basel	3063	1906	127	telefonbuch_129	PTT-Archiv, P-260-1_Basel_1906	Basel
Suter	A.	& Cie., Hauptbureau	Austrasse 4	Basel	3047	1906	127	telefonbuch_129	PTT-Archiv, P-260-1_Basel_1906	Basel
Suter	A.	& Cie., Lagerplatz	Dreispitz	Basel	3991	1906	127	telefonbuch_129	PTT-Archiv, P-260-1_Basel_1906	Basel
Suter	A.	& Cie., Stallung	Engelgasse 126	Basel	3684	1906	127	telefonbuch_129	PTT-Archiv, P-260-1_Basel_1906	Basel
Suter-Breitenstein		& Co.	Leonhardsgraben 4	Basel	1347	1906	127	telefonbuch_129	PTT-Archiv, P-260-1_Basel_1906	Basel
Suter	Carl	Lichtdruckanstalt	Leonhardstrasse 12	Basel	3178	1906	127	telefonbuch_129	PTT-Archiv, P-260-1_Basel_1906	Basel
Suter-Christ	M.	Wwe.	Rheinfelderstr 12	Basel	3804	1906	127	telefonbuch_129	PTT-Archiv, P-260-1_Basel_1906	Basel
Suter	F.	Dr. med.	Missionsstrasse 32	Basel	878	1906	127	telefonbuch_129	PTT-Archiv, P-260-1_Basel_1906	Basel
Suter	E.	optische Anstalt	Feierabendstrasse 32	Basel	2993	1906	127	telefonbuch_129	PTT-Archiv, P-260-1_Basel_1906	Basel
Suter	Fr.	Spengler	Schützenmattstr. 19	Basel	2689	1906	127	telefonbuch_129	PTT-Archiv, P-260-1_Basel_1906	Basel
Suter-Glogg	G.		Leuengasse 28	Basel	41	1906	127	telefonbuch_129	PTT-Archiv, P-260-1_Basel_1906	Basel
Suter	Hermann	Musikdirektor	Heinrichsgasse 8	Basel	3944	1906	127	telefonbuch_129	PTT-Archiv, P-260-1_Basel_1906	Basel
Suter-Ludwig	Arnold	Privat	Austrasse 6	Basel	3092	1906	127	telefonbuch_129	PTT-Archiv, P-260-1_Basel_1906	Basel
Suter-Oeri	Rud.	Architekt	Rittergasse 23	Basel	3199	1906	127	telefonbuch_129	PTT-Archiv, P-260-1_Basel_1906	Basel
Suter-Oes	G.		Thiersteinerallee 13	Basel	3881	1906	127	telefonbuch_129	PTT-Archiv, P-260-1_Basel_1906	Basel
Suter-Rietschle	Rud.		St. Johannring 108	Basel	838	1906	127	telefonbuch_129	PTT-Archiv, P-260-1_Basel_1906	Basel
Suter & Burckhardt		Architekten	Bäumleingasse 7	Basel	1878	1906	127	telefonbuch_129	PTT-Archiv, P-260-1_Basel_1906	Basel
Sutter-Bickel	Ludwig	Metzger	Hegenheimerstr. 61	Basel	844	1906	127	telefonbuch_129	PTT-Archiv, P-260-1_Basel_1906	Basel
Sutter	Ernst		Sommergasse 21	Basel	1706	1906	127	telefonbuch_129	PTT-Archiv, P-260-1_Basel_1906	Basel
Sutter-Frey	G.	Handelsgärtner	Lehenmattstr. 122	Basel	796	1906	127	telefonbuch_129	PTT-Archiv, P-260-1_Basel_1906	Basel
Sutter	R.	fils	Freiestrasse 53	Basel	1937	1906	127	telefonbuch_129	PTT-Archiv, P-260-1_Basel_1906	Basel
Sutter	Reinh. Andr.	Wirt	Klingenthalstr. 84	Basel	3345	1906	127	telefonbuch_129	PTT-Archiv, P-260-1_Basel_1906	Basel
Sutter-Siméon	J.		Missionsstrasse 14	Basel	4503	1906	127	telefonbuch_129	PTT-Archiv, P-260-1_Basel_1906	Basel
Sütterlin	Max	heliogr. Atelier	Allschwilerstrasse 67	Basel	908	1906	127	telefonbuch_129	PTT-Archiv, P-260-1_Basel_1906	Basel
Tarifauskunftsstelle der Verkehrs-Inspektion E. L. B.			Gempenstrasse 32	Basel	2217	1906	127	telefonbuch_129	PTT-Archiv, P-260-1_Basel_1906	Basel
Täuber-Gisin	Alb.	Conditor	Feldbergstrasse 70	Basel	964	1906	127	telefonbuch_129	PTT-Archiv, P-260-1_Basel_1906	Basel
Täuber-Schweizer	Hch.		St. Johannring 32	Basel	1672	1906	127	telefonbuch_129	PTT-Archiv, P-260-1_Basel_1906	Basel
Täuber & Cie.			Nadelberg 8	Basel	1578	1906	127	telefonbuch_129	PTT-Archiv, P-260-1_Basel_1906	Basel
Täuber & Cie.		Laden	Marktgasse 3	Basel	434	1906	127	telefonbuch_129	PTT-Archiv, P-260-1_Basel_1906	Basel
Tea Planters Ltd.			Thiersteinerallee 24	Basel	1358	1906	127	telefonbuch_129	PTT-Archiv, P-260-1_Basel_1906	Basel
Telephon-Verwaltung		Bureau des Chefs	Blumenrain 2	Basel	73	1906	127	telefonbuch_129	PTT-Archiv, P-260-1_Basel_1906	Basel
Telephon-Verwaltung		Wohnung des Chefs	Mittlerestrasse 78	Basel	95	1906	127	telefonbuch_129	PTT-Archiv, P-260-1_Basel_1906	Basel
Telephon-Verwaltung		Auskunftsbureau	Blumenrain 2	Basel	71	1906	127	telefonbuch_129	PTT-Archiv, P-260-1_Basel_1906	Basel
Telephon-Verwaltung		Technische Abteilung	Blumenrain 2	Basel	73	1906	127	telefonbuch_129	PTT-Archiv, P-260-1_Basel_1906	Basel
Temme	Richard	Dr.	Austrasse 5	Basel	3089	1906	127	telefonbuch_129	PTT-Archiv, P-260-1_Basel_1906	Basel
Temme, Kern & Albrecht			Kaufhausgasse 5	Basel	1966	1906	127	telefonbuch_129	PTT-Archiv, P-260-1_Basel_1906	Basel
Teufel	Philipp	Journalist	Hebelstrasse 101	Basel	358	1906	127	telefonbuch_129	PTT-Archiv, P-260-1_Basel_1906	Basel
Teuteberg-Irmler	Heinrich		Greifengasse 16	Basel	970	1906	127	telefonbuch_129	PTT-Archiv, P-260-1_Basel_1906	Basel
Theater-Kassenverwaltung			Theaterstrasse 10	Basel	2364	1906	127	telefonbuch_129	PTT-Archiv, P-260-1_Basel_1906	Basel
Theodorsschulhaus			Theodorskirchpl. 3	Basel	4179	1906	127	telefonbuch_129	PTT-Archiv, P-260-1_Basel_1906	Basel
Theuerkauf-Lippe	E.	Plazierungsb. u. Agenturen	Rümelinsplatz 19	Basel	3113	1906	127	telefonbuch_129	PTT-Archiv, P-260-1_Basel_1906	Basel
Thiele & Co.			Steinenthorstrasse 22	Basel	2432	1906	127	telefonbuch_129	PTT-Archiv, P-260-1_Basel_1906	Basel
Thierry & Co.			Spalenring 167	Basel	226	1906	127	telefonbuch_129	PTT-Archiv, P-260-1_Basel_1906	Basel
Thoma	H.	Bierbrauerei, Bureau	St. Jakobstrasse 3	Basel	2042	1906	127	telefonbuch_129	PTT-Archiv, P-260-1_Basel_1906	Basel
Thoma	H.	Wirtschaft	St. Jakobstrasse 3	Basel	3722	1906	127	telefonbuch_129	PTT-Archiv, P-260-1_Basel_1906	Basel
Thomann	Georg	Metzger	Webergasse 38	Basel	1227	1906	127	telefonbuch_129	PTT-Archiv, P-260-1_Basel_1906	Basel
Thommen-Bregger	G. Fr.	Fuhrhalter	Grenzacherstrasse 87	Basel	3733	1906	128	telefonbuch_130	PTT-Archiv, P-260-1_Basel_1906	Basel
Thommen-Flubacher	George		Thiersteinerallee 33	Basel	3979	1906	128	telefonbuch_130	PTT-Archiv, P-260-1_Basel_1906	Basel
Thommen	Hans	Baugeschäft	Hammerstrasse 192	Basel	44	1906	128	telefonbuch_130	PTT-Archiv, P-260-1_Basel_1906	Basel
Thommen Sohn	Joh.		Freiestrasse 53	Basel	1912	1906	128	telefonbuch_130	PTT-Archiv, P-260-1_Basel_1906	Basel
Thommen-Meyer	M.	Wwe.	Grenzacherstrasse 82	Basel	3176	1906	128	telefonbuch_130	PTT-Archiv, P-260-1_Basel_1906	Basel
Thommen	Rudolf		Römergasse 7	Basel	1151	1906	128	telefonbuch_130	PTT-Archiv, P-260-1_Basel_1906	Basel
Thommen	Rud.	Dr.	Angensteinerstr. 21	Basel	3676	1906	128	telefonbuch_130	PTT-Archiv, P-260-1_Basel_1906	Basel
Thommen-Weissenberger	Adèle	Frau Dr., prakt. Aerztin	Holbeinstrasse 57	Basel	3096	1906	128	telefonbuch_130	PTT-Archiv, P-260-1_Basel_1906	Basel
Thommen-Wilhelm	G.	Metzger	Birsigstrasse 88	Basel	2552	1906	128	telefonbuch_130	PTT-Archiv, P-260-1_Basel_1906	Basel
Thöni-Brutschin	P.	Bäckermeister	Sattelgasse 8	Basel	1550	1906	128	telefonbuch_130	PTT-Archiv, P-260-1_Basel_1906	Basel
Thöni-Seiler	J.	Bäckermeister	Austrasse 58	Basel	320	1906	128	telefonbuch_130	PTT-Archiv, P-260-1_Basel_1906	Basel
Thoofì	J.		Byfangweg 11	Basel	2556	1906	128	telefonbuch_130	PTT-Archiv, P-260-1_Basel_1906	Basel
Thürkauf-Frank	Emil	Wirt	Webergasse 23	Basel	1203	1906	128	telefonbuch_130	PTT-Archiv, P-260-1_Basel_1906	Basel
Thurneysen-Hoffmann	A.	Wwe.	St. Albanvorstadt 87	Basel	4136	1906	128	telefonbuch_130	PTT-Archiv, P-260-1_Basel_1906	Basel
Thurneysen	Lydia	Wasch- und Glätterei	Rudolfstrasse 44	Basel	267	1906	128	telefonbuch_130	PTT-Archiv, P-260-1_Basel_1906	Basel
Thurneysen-Rösch	A.	Wirt	Steinenvorstadt 13	Basel	3407	1906	128	telefonbuch_130	PTT-Archiv, P-260-1_Basel_1906	Basel
Thurneysen & Co.			Rittergasse 12	Basel	1756	1906	128	telefonbuch_130	PTT-Archiv, P-260-1_Basel_1906	Basel
Thurneysen & Co.		Dieselben	Eptingerstrasse 4	Basel	2143	1906	128	telefonbuch_130	PTT-Archiv, P-260-1_Basel_1906	Basel
Tissot	Ed.	Dr.	Wartenbergstrasse 9	Basel	1096	1906	128	telefonbuch_130	PTT-Archiv, P-260-1_Basel_1906	Basel
Tobler	Adolf		Burgfelderstrasse 7	Basel	839	1906	128	telefonbuch_130	PTT-Archiv, P-260-1_Basel_1906	Basel
Tobler-Nussbaum	Henri		Clarastrasse 5	Basel	2434	1906	128	telefonbuch_130	PTT-Archiv, P-260-1_Basel_1906	Basel
Tobler	Victor		Dornacherstrasse 26	Basel	3900	1906	128	telefonbuch_130	PTT-Archiv, P-260-1_Basel_1906	Basel
Töchterschule			Kanonengasse 10	Basel	3064	1906	128	telefonbuch_130	PTT-Archiv, P-260-1_Basel_1906	Basel
Tollmann, John, & Co.		Ceylon Import House	Riehenthorstrasse 33	Basel	478	1906	128	telefonbuch_130	PTT-Archiv, P-260-1_Basel_1906	Basel
Torrisi-Meyer	N.		Herrengrabenweg 11	Basel	127	1906	128	telefonbuch_130	PTT-Archiv, P-260-1_Basel_1906	Basel
Tourailles	D.	de la maison Bardet & Cie, Genève	Theaterstrasse 10	Basel	457	1906	128	telefonbuch_130	PTT-Archiv, P-260-1_Basel_1906	Basel
Tramêr	D.	Dr. med.	Klingenthalgr. 37	Basel	1225	1906	128	telefonbuch_130	PTT-Archiv, P-260-1_Basel_1906	Basel
Träris	Friedr.	Küferei und Weinhandlung	Petersgasse 38	Basel	1719	1906	128	telefonbuch_130	PTT-Archiv, P-260-1_Basel_1906	Basel
Traub	Wilhelm	Bäckerei	Elsässerstrasse 46	Basel	269	1906	128	telefonbuch_130	PTT-Archiv, P-260-1_Basel_1906	Basel
Trautmann-Lange	W.	Metzger	Bläsiringweg 75	Basel	3362	1906	128	telefonbuch_130	PTT-Archiv, P-260-1_Basel_1906	Basel
Trautwein	C.		Spalenring 125	Basel	3085	1906	128	telefonbuch_130	PTT-Archiv, P-260-1_Basel_1906	Basel
Trefzger-Dihlmann	Karl	Wirt	Zürcherstrasse 111	Basel	382	1906	128	telefonbuch_130	PTT-Archiv, P-260-1_Basel_1906	Basel
Treu-Neukomm	L.	(Haasenstein & Vogler)	Maiengasse 64	Basel	1467	1906	128	telefonbuch_130	PTT-Archiv, P-260-1_Basel_1906	Basel
de Trey	V.	Dr.	St. Albanvorstadt 42	Basel	1844	1906	128	telefonbuch_130	PTT-Archiv, P-260-1_Basel_1906	Basel
Trinler-Hosch	W.		Sevogelstrasse 51	Basel	1025	1906	128	telefonbuch_130	PTT-Archiv, P-260-1_Basel_1906	Basel
Tripet	Jul.	Agent	Florastrasse 13	Basel	1289	1906	128	telefonbuch_130	PTT-Archiv, P-260-1_Basel_1906	Basel
Tritschler	J. A.		Kaufhausgasse 4	Basel	1967	1906	128	telefonbuch_130	PTT-Archiv, P-260-1_Basel_1906	Basel
Tröndle	Joseph	Metzger	Birsigstrasse 90	Basel	2974	1906	128	telefonbuch_130	PTT-Archiv, P-260-1_Basel_1906	Basel
Tröendle	K.		Thiersteinerallee 81	Basel	1635	1906	128	telefonbuch_130	PTT-Archiv, P-260-1_Basel_1906	Basel
Troxler-von Speyr	Alb.	Direktor der Bâloise	Peter Merianstr. 54	Basel	2150	1906	128	telefonbuch_130	PTT-Archiv, P-260-1_Basel_1906	Basel
Trueb-Gassler	J.		Mittlerestrasse 55	Basel	1472	1906	128	telefonbuch_130	PTT-Archiv, P-260-1_Basel_1906	Basel
Trüdinger	Philipp		Rennweg 2	Basel	3798	1906	128	telefonbuch_130	PTT-Archiv, P-260-1_Basel_1906	Basel
Trussi	Giac.	Comestibles	Güterstrasse 118	Basel	2663	1906	128	telefonbuch_130	PTT-Archiv, P-260-1_Basel_1906	Basel
Tschan	H.	Glasermeister	Schneidergasse 8	Basel	4	1906	128	telefonbuch_130	PTT-Archiv, P-260-1_Basel_1906	Basel
Tschann	S.	Wwe., Ofenbauer	Holbeinstrasse 54	Basel	2963	1906	128	telefonbuch_130	PTT-Archiv, P-260-1_Basel_1906	Basel
Tscharner-Sollberger	P.	Hôtel Europ. Hof	Steinenvorstadt 75	Basel	2420	1906	128	telefonbuch_130	PTT-Archiv, P-260-1_Basel_1906	Basel
Tscherter	Friedr.	Baugeschäft	Davidsbodenstr. 13	Basel	3346	1906	128	telefonbuch_130	PTT-Archiv, P-260-1_Basel_1906	Basel
Tschopp-Bruckner	Wilhelm		Austrasse 45	Basel	743	1906	128	telefonbuch_130	PTT-Archiv, P-260-1_Basel_1906	Basel
Tschopp-Albiez	Wilh.	Holz- u. Kohlenhandlg.	Oetlingerstrasse 179	Basel	3434	1906	129	telefonbuch_131	PTT-Archiv, P-260-1_Basel_1906	Basel
Tschopp	Jacob	Architekt	Birsigstrasse 46	Basel	414	1906	129	telefonbuch_131	PTT-Archiv, P-260-1_Basel_1906	Basel
Tschopp	W.	vorm. Gebr. Tschopp	Steinenthorstrasse 1	Basel	2173	1906	129	telefonbuch_131	PTT-Archiv, P-260-1_Basel_1906	Basel
Tschudi-Haag	Elise	Wwe.	Leonhardstrasse 37	Basel	3034	1906	129	telefonbuch_131	PTT-Archiv, P-260-1_Basel_1906	Basel
Tschudi	Otto		Gartenstrasse 70	Basel	3929	1906	129	telefonbuch_131	PTT-Archiv, P-260-1_Basel_1906	Basel
Tschudy-Pümpin	W.		Solothurnerstr. 93	Basel	4194	1906	129	telefonbuch_131	PTT-Archiv, P-260-1_Basel_1906	Basel
Tüller-Ochsenbein	B. R.	Wwe.	Austrasse 106	Basel	737	1906	129	telefonbuch_131	PTT-Archiv, P-260-1_Basel_1906	Basel
Türke	Alexander		Spalenberg 11	Basel	2725	1906	129	telefonbuch_131	PTT-Archiv, P-260-1_Basel_1906	Basel
Typographia-Druckerei			Aeschenvorstadt 34	Basel	2697	1906	129	telefonbuch_131	PTT-Archiv, P-260-1_Basel_1906	Basel
Uebele-Ammann	Herm.	Wirt	Steinenthorstrasse 34	Basel	3862	1906	129	telefonbuch_131	PTT-Archiv, P-260-1_Basel_1906	Basel
Uebelin	Fr. W.	Baumeister	Güterstrasse 92	Basel	2447	1906	129	telefonbuch_131	PTT-Archiv, P-260-1_Basel_1906	Basel
Uehlinger	J. J.	Seiler	Greifengasse 8	Basel	1260	1906	129	telefonbuch_131	PTT-Archiv, P-260-1_Basel_1906	Basel
Uhlmann-Becker	L.	Frau	Missionsstrasse 7	Basel	2629	1906	129	telefonbuch_131	PTT-Archiv, P-260-1_Basel_1906	Basel
Uhlmann	Wilhelm		Delsbergerallee 3	Basel	4086	1906	129	telefonbuch_131	PTT-Archiv, P-260-1_Basel_1906	Basel
Ullmann	M.		Leimenstrasse 22	Basel	3402	1906	129	telefonbuch_131	PTT-Archiv, P-260-1_Basel_1906	Basel
Ulmo	A.		Freiestrasse 3	Basel	1322	1906	129	telefonbuch_131	PTT-Archiv, P-260-1_Basel_1906	Basel
Unfallbureau			Rathaus	Basel	137	1906	129	telefonbuch_131	PTT-Archiv, P-260-1_Basel_1906	Basel
Union-Club			Steinenberg 7	Basel	1979	1906	129	telefonbuch_131	PTT-Archiv, P-260-1_Basel_1906	Basel
Universität			Rheinsprung 7	Basel	1169	1906	129	telefonbuch_131	PTT-Archiv, P-260-1_Basel_1906	Basel
Ursprung-Fiechter			Rheingasse 68	Basel	1190	1906	129	telefonbuch_131	PTT-Archiv, P-260-1_Basel_1906	Basel
Ursprung	L.		Binningerstrasse 9	Basel	4128	1906	129	telefonbuch_131	PTT-Archiv, P-260-1_Basel_1906	Basel
Valentin	N.	Vertr. v. R. Gintzburger & fils.	Spalenring 18	Basel	3513	1906	129	telefonbuch_131	PTT-Archiv, P-260-1_Basel_1906	Basel
VanBærle-Maué	F.	(Wohnung)	Gundoldingerstr. 125	Basel	3508	1906	129	telefonbuch_131	PTT-Archiv, P-260-1_Basel_1906	Basel
Vanderborght frères		(Agent T. Wirz-Lüscher)	Holbeinstrasse 58	Basel	3062	1906	129	telefonbuch_131	PTT-Archiv, P-260-1_Basel_1906	Basel
Veillard-Stoer	S.	Wwe.	Holbeinstrasse 42	Basel	3021	1906	129	telefonbuch_131	PTT-Archiv, P-260-1_Basel_1906	Basel
Veillon-Burckhardt	Johanna	Wwe.	Gartenstrasse 9	Basel	2296	1906	129	telefonbuch_131	PTT-Archiv, P-260-1_Basel_1906	Basel
Veit	Albert Emil		Hardstrasse 103	Basel	143	1906	129	telefonbuch_131	PTT-Archiv, P-260-1_Basel_1906	Basel
Veit	E.	& Co., Cigarrenfabrik	Itelpfad 1	Basel	3852	1906	129	telefonbuch_131	PTT-Archiv, P-260-1_Basel_1906	Basel
Veit	Gustav		Gartenstrasse 58	Basel	4241	1906	129	telefonbuch_131	PTT-Archiv, P-260-1_Basel_1906	Basel
Veit-Levintass	R.	Wwe.	Sonnenweg 12	Basel	3366	1906	129	telefonbuch_131	PTT-Archiv, P-260-1_Basel_1906	Basel
Veit	Rudolf		Langegasse 9	Basel	1588	1906	129	telefonbuch_131	PTT-Archiv, P-260-1_Basel_1906	Basel
Verband schweiz. Konsumvereine			Thiersteinerallee 14	Basel	2162	1906	129	telefonbuch_131	PTT-Archiv, P-260-1_Basel_1906	Basel
Verband schweiz. Konsumvereine		Sekretariat	Thiersteinerallee 14	Basel	3659	1906	129	telefonbuch_131	PTT-Archiv, P-260-1_Basel_1906	Basel
Verbandstoff-Fabrik Schaffhausen		Filiale Basel	Gerbergasse 38	Basel	3005	1906	129	telefonbuch_131	PTT-Archiv, P-260-1_Basel_1906	Basel
Vereinigte Mineralwasserfabriken		Schopfer, Winter & Wildprath	Maulbeerweg 91	Basel	3476	1906	129	telefonbuch_131	PTT-Archiv, P-260-1_Basel_1906	Basel
Vereinshaus		christliches	Nadelberg 6	Basel	1420	1906	129	telefonbuch_131	PTT-Archiv, P-260-1_Basel_1906	Basel
Verkehrsbureau		öffentliches	Falknerstrasse 2	Basel	1324	1906	129	telefonbuch_131	PTT-Archiv, P-260-1_Basel_1906	Basel
Verkehrs-Insp.		E. L. B., siehe Tarifauskunftsstelle		Basel		1906	129	telefonbuch_131	PTT-Archiv, P-260-1_Basel_1906	Basel
Verlagsdruckerei		schweiz.	Steinenbachgässl. 40	Basel	2511	1906	129	telefonbuch_131	PTT-Archiv, P-260-1_Basel_1906	Basel
Verwaltung der öffentlichen Materiallagerplätze			auf dem Dreispitz	Basel	4257	1906	129	telefonbuch_131	PTT-Archiv, P-260-1_Basel_1906	Basel
Vest	Arnold		Freiestrasse 24	Basel	2035	1906	129	telefonbuch_131	PTT-Archiv, P-260-1_Basel_1906	Basel
Vest Eckel & Co.		Bank	Freiestrasse 38	Basel	2022	1906	129	telefonbuch_131	PTT-Archiv, P-260-1_Basel_1906	Basel
Vest Eckel & Co.		Börse	Gerbergasse 13	Basel	1418	1906	129	telefonbuch_131	PTT-Archiv, P-260-1_Basel_1906	Basel
Vest Eckel & Co.		Börse	Gerbergasse 13	Basel	747	1906	129	telefonbuch_131	PTT-Archiv, P-260-1_Basel_1906	Basel
Vest-Greppin	Rud.		Austrasse 33	Basel	3078	1906	129	telefonbuch_131	PTT-Archiv, P-260-1_Basel_1906	Basel
Vest-Gysin	G. Rudolf		Steinenring 12	Basel	2970	1906	130	telefonbuch_132	PTT-Archiv, P-260-1_Basel_1906	Basel
Vetter-Stocker	Ferd.	Schlosserei	Hebelstrasse 52	Basel	1567	1906	130	telefonbuch_132	PTT-Archiv, P-260-1_Basel_1906	Basel
Vettiger	Dr. Carl	Arzt	Mostackerstrasse 10	Basel	3183	1906	130	telefonbuch_132	PTT-Archiv, P-260-1_Basel_1906	Basel
Vettiger	Jos.		Birsigstrasse 117	Basel	232	1906	130	telefonbuch_132	PTT-Archiv, P-260-1_Basel_1906	Basel
Vicarino	C.	Ingenieur	Holbeinstrasse 75	Basel	2537	1906	130	telefonbuch_132	PTT-Archiv, P-260-1_Basel_1906	Basel
Vicarino	Emile		Therwilerstrasse 31	Basel	2858	1906	130	telefonbuch_132	PTT-Archiv, P-260-1_Basel_1906	Basel
Viehoff	Hermann D.	Consulat der Niederlande	Burgunderstrasse 5	Basel	3081	1906	130	telefonbuch_132	PTT-Archiv, P-260-1_Basel_1906	Basel
Villa-Fischer	A.	Baugeschäft	Strassburgerallee 75	Basel	3901	1906	130	telefonbuch_132	PTT-Archiv, P-260-1_Basel_1906	Basel
Villiger-Beliz	J.	Tapezierer	Spalenthorweg 14	Basel	2357	1906	130	telefonbuch_132	PTT-Archiv, P-260-1_Basel_1906	Basel
Villiger	Dr. E.	Arzt	Klingelbergstr. 57	Basel	188	1906	130	telefonbuch_132	PTT-Archiv, P-260-1_Basel_1906	Basel
Vischer-Bachofen	Fritz		Rittergasse 19	Basel	1046	1906	130	telefonbuch_132	PTT-Archiv, P-260-1_Basel_1906	Basel
Vischer-Beck	Wwe. Bertha		Gartenstrasse 93	Basel	4304	1906	130	telefonbuch_132	PTT-Archiv, P-260-1_Basel_1906	Basel
Vischer-Bölger	A.		Aeschengraben 31	Basel	2151	1906	130	telefonbuch_132	PTT-Archiv, P-260-1_Basel_1906	Basel
Vischer-Burckhardt	P.		Rittergasse 35	Basel	1776	1906	130	telefonbuch_132	PTT-Archiv, P-260-1_Basel_1906	Basel
Vischer-Burckhardt	P.		Riehenstrasse 274	Basel	3838	1906	130	telefonbuch_132	PTT-Archiv, P-260-1_Basel_1906	Basel
Vischer-Burckhardt	Rudolf		Sevogelstrasse 11	Basel	3595	1906	130	telefonbuch_132	PTT-Archiv, P-260-1_Basel_1906	Basel
Vischer-Burckhardt	Rudolf	Stallung	Sevogelstrasse 11	Basel	3779	1906	130	telefonbuch_132	PTT-Archiv, P-260-1_Basel_1906	Basel
Vischer-Christ	Rud.		St. Jakobstrasse 55	Basel	3683	1906	130	telefonbuch_132	PTT-Archiv, P-260-1_Basel_1906	Basel
Vischer	E.	Architekt	Langegasse 88	Basel	3799	1906	130	telefonbuch_132	PTT-Archiv, P-260-1_Basel_1906	Basel
Vischer-Heussler	Frau S.		Nauenstrasse 43	Basel	2157	1906	130	telefonbuch_132	PTT-Archiv, P-260-1_Basel_1906	Basel
Vischer-Iselin	Dr. Wilh.	Advokat und Notar	Rittergasse 31	Basel	4280	1906	130	telefonbuch_132	PTT-Archiv, P-260-1_Basel_1906	Basel
Vischer-Iselin	Wwe. G.		Gartenstrasse 22	Basel	2311	1906	130	telefonbuch_132	PTT-Archiv, P-260-1_Basel_1906	Basel
Vischer-Köchlin	Prof. E.		Sevogelstrasse 70	Basel	3953	1906	130	telefonbuch_132	PTT-Archiv, P-260-1_Basel_1906	Basel
Vischer-Krayer	A.		Rennweg 40	Basel	472	1906	130	telefonbuch_132	PTT-Archiv, P-260-1_Basel_1906	Basel
Vischer-Passavant	Frau Dr. Th.		St. Albanvorst. 45	Basel	1853	1906	130	telefonbuch_132	PTT-Archiv, P-260-1_Basel_1906	Basel
Vischer	Peter		Angensteinerstr. 7	Basel	3971	1906	130	telefonbuch_132	PTT-Archiv, P-260-1_Basel_1906	Basel
Vischer	Peter	Stallung	Hardstrasse 43	Basel	1284	1906	130	telefonbuch_132	PTT-Archiv, P-260-1_Basel_1906	Basel
Vischer-Speiser	C. E.		Langegasse 41	Basel	3967	1906	130	telefonbuch_132	PTT-Archiv, P-260-1_Basel_1906	Basel
Vischer & Co.		Comptoir	Rheinsprung 16	Basel	1305	1906	130	telefonbuch_132	PTT-Archiv, P-260-1_Basel_1906	Basel
Vischer & Co.		Fergstube	Martinsgasse 6	Basel	1303	1906	130	telefonbuch_132	PTT-Archiv, P-260-1_Basel_1906	Basel
Vischer & Co.		Fabrik	Sperrstrasse 46	Basel	3297	1906	130	telefonbuch_132	PTT-Archiv, P-260-1_Basel_1906	Basel
Vischer & Co.		Winderei	Oberwilerstrasse 133	Basel	2529	1906	130	telefonbuch_132	PTT-Archiv, P-260-1_Basel_1906	Basel
Vischer-Vischer	Carl		Sevogelstrasse 54	Basel	1178	1906	130	telefonbuch_132	PTT-Archiv, P-260-1_Basel_1906	Basel
Vischer-Vonder Mühll	Carl		Gellertstrasse 45	Basel	3594	1906	130	telefonbuch_132	PTT-Archiv, P-260-1_Basel_1906	Basel
Vischer-Vonder Mühll	Carl		Rheinsprung 16	Basel	1312	1906	130	telefonbuch_132	PTT-Archiv, P-260-1_Basel_1906	Basel
Vischer-Vonder Mühll	Th.		St. Albanvorstadt 5	Basel	781	1906	130	telefonbuch_132	PTT-Archiv, P-260-1_Basel_1906	Basel
Vitek	J. C.	Schwarzwald-Apotheke	Sperrstrasse 111	Basel	3379	1906	130	telefonbuch_132	PTT-Archiv, P-260-1_Basel_1906	Basel
Vogel	Dr. R.		St. Albananlage 50	Basel	867	1906	130	telefonbuch_132	PTT-Archiv, P-260-1_Basel_1906	Basel
Vogel-Mani	Wwe. S	zur Mägd	St. Johannvorst. 29	Basel	3935	1906	130	telefonbuch_132	PTT-Archiv, P-260-1_Basel_1906	Basel
Vogel	Theophil		Ob. Rheinweg 91	Basel	3643	1906	130	telefonbuch_132	PTT-Archiv, P-260-1_Basel_1906	Basel
Vogelbach	Dr. Hans		Aeschengraben 32	Basel	2034	1906	130	telefonbuch_132	PTT-Archiv, P-260-1_Basel_1906	Basel
Vogelbach	M.		Inn. Margaretentr. 14	Basel	1705	1906	130	telefonbuch_132	PTT-Archiv, P-260-1_Basel_1906	Basel
Vögelin	Herm.		Birkenstrasse 42	Basel	21	1906	130	telefonbuch_132	PTT-Archiv, P-260-1_Basel_1906	Basel
Vogelsang	J.	Gärtnermeister	Spalenberg 28	Basel	1619	1906	130	telefonbuch_132	PTT-Archiv, P-260-1_Basel_1906	Basel
Vogelsanger	S.	Photograph	Ob. Heuberg 6	Basel	2815	1906	130	telefonbuch_132	PTT-Archiv, P-260-1_Basel_1906	Basel
Vogt-Aeschbach	E.	zum Flügelrad	Küchegässlein 22	Basel	2345	1906	130	telefonbuch_132	PTT-Archiv, P-260-1_Basel_1906	Basel
Vogt-Diringer	E.		Clarastrasse 56	Basel	2992	1906	130	telefonbuch_132	PTT-Archiv, P-260-1_Basel_1906	Basel
Vogt-Gehrig	O.	Hôtel St. Gotthard-Terminus	Centralbahnstr. 13	Basel	3928	1906	130	telefonbuch_132	PTT-Archiv, P-260-1_Basel_1906	Basel
Vogt	J.	Malermeister	Unterer Heuberg 25	Basel	3087	1906	131	telefonbuch_133	PTT-Archiv, P-260-1_Basel_1906	Basel
Vogt-Vogt	J.		Holbeinstrasse 5	Basel	2706	1906	131	telefonbuch_133	PTT-Archiv, P-260-1_Basel_1906	Basel
Vogt-Werdenberg	A.	Baugeschäft	Bättwilerstrasse 14	Basel	4018	1906	131	telefonbuch_133	PTT-Archiv, P-260-1_Basel_1906	Basel
Vogt-Werdenberg	A.	Baugeschäft	Bärenfelserstr. 18	Basel	3336	1906	131	telefonbuch_133	PTT-Archiv, P-260-1_Basel_1906	Basel
Vohland & Bär		Schlosserei	Kanonengasse 3	Basel	2532	1906	131	telefonbuch_133	PTT-Archiv, P-260-1_Basel_1906	Basel
Vohrer-Leimbacher	G.	Konditor	Blumenrain 18	Basel	1378	1906	131	telefonbuch_133	PTT-Archiv, P-260-1_Basel_1906	Basel
Voigt	Ed. A.		Freiestrasse 91	Basel	3319	1906	131	telefonbuch_133	PTT-Archiv, P-260-1_Basel_1906	Basel
Volderauer	C.		Mittlerestrasse 58	Basel	1461	1906	131	telefonbuch_133	PTT-Archiv, P-260-1_Basel_1906	Basel
Völker		Gebrüder	Sattelgasse 11	Basel	1557	1906	131	telefonbuch_133	PTT-Archiv, P-260-1_Basel_1906	Basel
Volkmer & Huber			Landskronstr. 23	Basel	241	1906	131	telefonbuch_133	PTT-Archiv, P-260-1_Basel_1906	Basel
Völlmin-Herzig	Ad.	Holz- und Kohlenhandlung	Hardstrasse 88	Basel	2962	1906	131	telefonbuch_133	PTT-Archiv, P-260-1_Basel_1906	Basel
Völlmy	Hans	Dr.	Grellingerstrasse 13	Basel	3905	1906	131	telefonbuch_133	PTT-Archiv, P-260-1_Basel_1906	Basel
VonderMühll	A. M.		Sempacherstrasse 59	Basel	4013	1906	131	telefonbuch_133	PTT-Archiv, P-260-1_Basel_1906	Basel
VonderMühll-Bachofen			St. Jakobstrasse 12	Basel	2317	1906	131	telefonbuch_133	PTT-Archiv, P-260-1_Basel_1906	Basel
VonderMühll-Burckhardt	C.		Gellertstrasse 25	Basel	4107	1906	131	telefonbuch_133	PTT-Archiv, P-260-1_Basel_1906	Basel
VonderMühll-Christ	Aug.		St. Albananlage 10	Basel	4060	1906	131	telefonbuch_133	PTT-Archiv, P-260-1_Basel_1906	Basel
VonderMühll	P.	Dr. med.	Aeschengraben 20	Basel	2336	1906	131	telefonbuch_133	PTT-Archiv, P-260-1_Basel_1906	Basel
VonderMühll	Elisabeth		St. Albanvorstadt 2	Basel	1722	1906	131	telefonbuch_133	PTT-Archiv, P-260-1_Basel_1906	Basel
VonderMühll-Kern	Wilh.	Dr.	St. Albanvorstadt 24	Basel	1825	1906	131	telefonbuch_133	PTT-Archiv, P-260-1_Basel_1906	Basel
VonderMühll	Marguerite		Hirzbodenweg 79	Basel	3541	1906	131	telefonbuch_133	PTT-Archiv, P-260-1_Basel_1906	Basel
VonderMühll	Marie		Sevogelstrasse 1	Basel	4200	1906	131	telefonbuch_133	PTT-Archiv, P-260-1_Basel_1906	Basel
VonderMühll-Merian	A.		St. Jakobstrasse 8	Basel	2071	1906	131	telefonbuch_133	PTT-Archiv, P-260-1_Basel_1906	Basel
VonderMühll-Merian	A.		Klybeckstrasse 125	Basel	3286	1906	131	telefonbuch_133	PTT-Archiv, P-260-1_Basel_1906	Basel
VonderMühll-Merian	Wilh.	Dr.	St. Albangraben 6	Basel	1891	1906	131	telefonbuch_133	PTT-Archiv, P-260-1_Basel_1906	Basel
VonderMühll	Karl	Prof.	Bäumleingasse 15	Basel	1060	1906	131	telefonbuch_133	PTT-Archiv, P-260-1_Basel_1906	Basel
VonderMühll-Ryhiner	A.		Hirzbodenweg 83	Basel	4261	1906	131	telefonbuch_133	PTT-Archiv, P-260-1_Basel_1906	Basel
VonderMühll	A.	Sohn	Eisengasse 23	Basel	1585	1906	131	telefonbuch_133	PTT-Archiv, P-260-1_Basel_1906	Basel
VonderMühll-Vischer	F.		Engelgasse 77	Basel	3663	1906	131	telefonbuch_133	PTT-Archiv, P-260-1_Basel_1906	Basel
Vonkilch	Georg		Mittlerestrasse 48	Basel	1468	1906	131	telefonbuch_133	PTT-Archiv, P-260-1_Basel_1906	Basel
Von Rufs	H.	Spenglerei	St. Johannvorst. 25	Basel	1388	1906	131	telefonbuch_133	PTT-Archiv, P-260-1_Basel_1906	Basel
Vortisch-Burckhardt	R.		Utengasse 48	Basel	1144	1906	131	telefonbuch_133	PTT-Archiv, P-260-1_Basel_1906	Basel
Vortisch	F.		Utengasse 48	Basel	2808	1906	131	telefonbuch_133	PTT-Archiv, P-260-1_Basel_1906	Basel
Voss-Mehlhorn	Th.	Tapezierermeister	Rudolfstrasse 33	Basel	949	1906	131	telefonbuch_133	PTT-Archiv, P-260-1_Basel_1906	Basel
Vuilleumier	O.	St. Jakobs-Apotheke	Aeschenvorstadt 68	Basel	2065	1906	131	telefonbuch_133	PTT-Archiv, P-260-1_Basel_1906	Basel
Wachendorf	L.		Freiestrasse 26	Basel	2023	1906	131	telefonbuch_133	PTT-Archiv, P-260-1_Basel_1906	Basel
Wachter & Beck			Spiegelgasse 2	Basel	1362	1906	131	telefonbuch_133	PTT-Archiv, P-260-1_Basel_1906	Basel
Wachter-Huber	S. L.	Wwe.	Eulerstrasse 13	Basel	152	1906	131	telefonbuch_133	PTT-Archiv, P-260-1_Basel_1906	Basel
Wächter-Bohrer & Sohn		Holzhandlung	Kannenfeldstr. 24	Basel	1445	1906	131	telefonbuch_133	PTT-Archiv, P-260-1_Basel_1906	Basel
Wächter-Haefeli	J.	Hotel Schwarzer Ochsen	Schützenmattstr. 2	Basel	2691	1906	131	telefonbuch_133	PTT-Archiv, P-260-1_Basel_1906	Basel
Wächter & Co.			Güterstrasse 172	Basel	3774	1906	131	telefonbuch_133	PTT-Archiv, P-260-1_Basel_1906	Basel
Wächter & Co.			Schneidergasse 23	Basel	1403	1906	131	telefonbuch_133	PTT-Archiv, P-260-1_Basel_1906	Basel
Waechter-Ullmann	Hans		Freiestrasse 9	Basel	4409	1906	131	telefonbuch_133	PTT-Archiv, P-260-1_Basel_1906	Basel
Wacker, Schmidlin & Co.			Elisabethenstr. 53	Basel	2152	1906	131	telefonbuch_133	PTT-Archiv, P-260-1_Basel_1906	Basel
Wacker, Schmidlin & Co.		Börse	Postgebäude	Basel	3142	1906	131	telefonbuch_133	PTT-Archiv, P-260-1_Basel_1906	Basel
Wacker, Schmidlin & Co.		Börse	Postgebäude	Basel	3144	1906	131	telefonbuch_133	PTT-Archiv, P-260-1_Basel_1906	Basel
Wacker-Waldmeier	P. F.		Elisabethenstr. 53	Basel	2155	1906	131	telefonbuch_133	PTT-Archiv, P-260-1_Basel_1906	Basel
Wackernagel	Rud.	Dr.	Brunngasse 11	Basel	1915	1906	131	telefonbuch_133	PTT-Archiv, P-260-1_Basel_1906	Basel
Wackernagel-Merian	G.		Langegasse 74	Basel	3685	1906	131	telefonbuch_133	PTT-Archiv, P-260-1_Basel_1906	Basel
Waffenschmidt-Maurer	Carl		Spalenberg 37	Basel	2777	1906	132	telefonbuch_134	PTT-Archiv, P-260-1_Basel_1906	Basel
Wäffler	Arthur		Martinsgasse 15	Basel	4057	1906	132	telefonbuch_134	PTT-Archiv, P-260-1_Basel_1906	Basel
Waeffler-Bachmann	A.	Wwe.	Lothringerstrasse 17	Basel	4158	1906	132	telefonbuch_134	PTT-Archiv, P-260-1_Basel_1906	Basel
Wäffler-Sevin	Hans		Arnold Böcklinstr. 11	Basel	157	1906	132	telefonbuch_134	PTT-Archiv, P-260-1_Basel_1906	Basel
Wäffler & Wybert			Rheinsprung 24	Basel	1311	1906	132	telefonbuch_134	PTT-Archiv, P-260-1_Basel_1906	Basel
Wagner-Bürgin	Gust.		Hirschgasse 15	Basel	3540	1906	132	telefonbuch_134	PTT-Archiv, P-260-1_Basel_1906	Basel
Wagner	Hermann	& Cie., Möbelfabrik	Mittlerestrasse 24/30	Basel	2640	1906	132	telefonbuch_134	PTT-Archiv, P-260-1_Basel_1906	Basel
Wagner-Wagner	Hermann	(Wohnung)	Holbeinstrasse 56	Basel	807	1906	132	telefonbuch_134	PTT-Archiv, P-260-1_Basel_1906	Basel
Wahl	Fritz	Ingenieur	Schützengraben 3	Basel	2284	1906	132	telefonbuch_134	PTT-Archiv, P-260-1_Basel_1906	Basel
Wahl	Jacques	Schlossermeister	Steinenbachgässli. 20	Basel	2375	1906	132	telefonbuch_134	PTT-Archiv, P-260-1_Basel_1906	Basel
Waehrer	Jean		Friedrichstrasse 24	Basel	2645	1906	132	telefonbuch_134	PTT-Archiv, P-260-1_Basel_1906	Basel
Waibel	A.		Sempacherstrasse 24	Basel	4005	1906	132	telefonbuch_134	PTT-Archiv, P-260-1_Basel_1906	Basel
Waisenamt		(Mentelinhof)	Münsterplatz 14	Basel	1070	1906	132	telefonbuch_134	PTT-Archiv, P-260-1_Basel_1906	Basel
Waisenhaus		(Waisenvater)	Theodorskirchplatz 7	Basel	1153	1906	132	telefonbuch_134	PTT-Archiv, P-260-1_Basel_1906	Basel
Waisenhaus		(Verwalterbureau)	Theodorskirchplatz 7	Basel	1132	1906	132	telefonbuch_134	PTT-Archiv, P-260-1_Basel_1906	Basel
Waiz-Gardin	M.	Wirt	Binningerstrasse 35	Basel	2290	1906	132	telefonbuch_134	PTT-Archiv, P-260-1_Basel_1906	Basel
Walch	Emil		Mittlerestrasse 59	Basel	4465	1906	132	telefonbuch_134	PTT-Archiv, P-260-1_Basel_1906	Basel
von Waldkirch	Erwin	Ingenieur S. B. B.	Neubadstrasse 7	Basel	3652	1906	132	telefonbuch_134	PTT-Archiv, P-260-1_Basel_1906	Basel
Waldsburger-Schlatter	Jb.		Hägenheimerstr. 271	Basel	199	1906	132	telefonbuch_134	PTT-Archiv, P-260-1_Basel_1906	Basel
Wallburg-Mäglin	Th.	Gärtnermeister	Solothurnerstr. 78	Basel	795	1906	132	telefonbuch_134	PTT-Archiv, P-260-1_Basel_1906	Basel
Walser	Friedr.	Architekt	Schönbeinstrasse 21	Basel	2605	1906	132	telefonbuch_134	PTT-Archiv, P-260-1_Basel_1906	Basel
Walser & Groshaupt		Möbelschreinerei	Davidsbodenstr. 15	Basel	280	1906	132	telefonbuch_134	PTT-Archiv, P-260-1_Basel_1906	Basel
Waltensberger-Weber	August	Schreinermstr.	Heumattstrasse 13	Basel	2229	1906	132	telefonbuch_134	PTT-Archiv, P-260-1_Basel_1906	Basel
Walter-Biondetti	C.		Bäumleingasse 12	Basel	1840	1906	132	telefonbuch_134	PTT-Archiv, P-260-1_Basel_1906	Basel
Walter-Dürst	B.	Wwe.	Leimenstrasse 49	Basel	2922	1906	132	telefonbuch_134	PTT-Archiv, P-260-1_Basel_1906	Basel
Walter	Eduard	Maler	Schützengraben 37	Basel	2730	1906	132	telefonbuch_134	PTT-Archiv, P-260-1_Basel_1906	Basel
Walti-Lüscher	Sam.	Baumeister	Entenweidstrasse 8	Basel	871	1906	132	telefonbuch_134	PTT-Archiv, P-260-1_Basel_1906	Basel
Walz & Cie.		Stearin- und Seifenfabrik	Mattweg 72	Basel	3510	1906	132	telefonbuch_134	PTT-Archiv, P-260-1_Basel_1906	Basel
Walz-Fernbach	F. J.	Wohnung	Sperrstrasse 102	Basel	727	1906	132	telefonbuch_134	PTT-Archiv, P-260-1_Basel_1906	Basel
Walz & Miéville		Buchdrucker	Unt. Rheingasse 19	Basel	1278	1906	132	telefonbuch_134	PTT-Archiv, P-260-1_Basel_1906	Basel
Walz-Hoch	E.	Geschäft	Güterstrasse 149	Basel	4031	1906	132	telefonbuch_134	PTT-Archiv, P-260-1_Basel_1906	Basel
Wanger	E.	Zahnarzt	Austrasse 10	Basel	794	1906	132	telefonbuch_134	PTT-Archiv, P-260-1_Basel_1906	Basel
Wanner	A.		Jurastrasse 30	Basel	3519	1906	132	telefonbuch_134	PTT-Archiv, P-260-1_Basel_1906	Basel
Wanner	Maria Elisabeth		Münsterplatz 1	Basel	129	1906	132	telefonbuch_134	PTT-Archiv, P-260-1_Basel_1906	Basel
Wanner	Verena	vorm. Julie His, Wäscherei	Klybeckstrasse 59	Basel	1235	1906	132	telefonbuch_134	PTT-Archiv, P-260-1_Basel_1906	Basel
Wannier	Dr. E.	Advokat u. Notar (Bureau)	Eisengasse 34	Basel	1627	1906	132	telefonbuch_134	PTT-Archiv, P-260-1_Basel_1906	Basel
Wannier-Stächelin	Dr. E.	(Wohnung)	Missionsstrasse 11	Basel	3872	1906	132	telefonbuch_134	PTT-Archiv, P-260-1_Basel_1906	Basel
Warnery	E.	Stallgebäude	Sevogelstrasse 52	Basel	4153	1906	132	telefonbuch_134	PTT-Archiv, P-260-1_Basel_1906	Basel
Warnery	E. & R.		Hardstrasse 2	Basel	3544	1906	132	telefonbuch_134	PTT-Archiv, P-260-1_Basel_1906	Basel
Warth	Paul	Glas- u. Porzellanwarenhandlg.	Gerbergasse 70	Basel	2681	1906	132	telefonbuch_134	PTT-Archiv, P-260-1_Basel_1906	Basel
Wartner	Carl	Bildhauer-Atelier	Hirschgasse 9	Basel	927	1906	132	telefonbuch_134	PTT-Archiv, P-260-1_Basel_1906	Basel
Waschanstalt St. Klara		(Bosshardt, R.)	Clarastrasse 39	Basel	3523	1906	132	telefonbuch_134	PTT-Archiv, P-260-1_Basel_1906	Basel
Wasenmeisterei			Fabrikstrasse 50	Basel	335	1906	132	telefonbuch_134	PTT-Archiv, P-260-1_Basel_1906	Basel
Wassermann	Ernst R.	Sarg- u. Möbelfabrik	Austrasse 56	Basel	449	1906	132	telefonbuch_134	PTT-Archiv, P-260-1_Basel_1906	Basel
Wassermann	Ernst R.	Wohnung	Totentanz 8	Basel	1399	1906	132	telefonbuch_134	PTT-Archiv, P-260-1_Basel_1906	Basel
Wassermann-Fischer	Emanuel	Kaminfegermstr.	Oberer Heuberg 25	Basel	7	1906	132	telefonbuch_134	PTT-Archiv, P-260-1_Basel_1906	Basel
Wassermann-Krebs	Rudolf		Bachlettenstrasse 74	Basel	3042	1906	132	telefonbuch_134	PTT-Archiv, P-260-1_Basel_1906	Basel
Wassermann-Munding	R.	Kaminfegermeister	Hardstrasse 58	Basel	2068	1906	132	telefonbuch_134	PTT-Archiv, P-260-1_Basel_1906	Basel
Wassermann-Süffert	Ad.		Missionsstrasse 16	Basel	2333	1906	132	telefonbuch_134	PTT-Archiv, P-260-1_Basel_1906	Basel
Wassermann & Schäublin		Lithogr. u. Typogr.	Leonhardstrasse 5	Basel	1310	1906	133	telefonbuch_135	PTT-Archiv, P-260-1_Basel_1906	Basel
Wassermann-Widmer	R.		Feldbergstrasse 27	Basel	4172	1906	133	telefonbuch_135	PTT-Archiv, P-260-1_Basel_1906	Basel
Wazniewsky	J.		Gerbergasse 73	Basel	2108	1906	133	telefonbuch_135	PTT-Archiv, P-260-1_Basel_1906	Basel
Weber	Bruno	Gärtnermeister	Lehenmattstr. 131	Basel	1102	1906	133	telefonbuch_135	PTT-Archiv, P-260-1_Basel_1906	Basel
Weber	Ernst		Elsässerstrasse 167	Basel	4312	1906	133	telefonbuch_135	PTT-Archiv, P-260-1_Basel_1906	Basel
Weber	Hans	Maler	Steinenvorstadt 61	Basel	2366	1906	133	telefonbuch_135	PTT-Archiv, P-260-1_Basel_1906	Basel
Weber-Huber	Otto	Tapezierer	Steinenvorstadt 53	Basel	2214	1906	133	telefonbuch_135	PTT-Archiv, P-260-1_Basel_1906	Basel
Weber-Imhof	Ad.		Hirzbodenweg 38	Basel	3689	1906	133	telefonbuch_135	PTT-Archiv, P-260-1_Basel_1906	Basel
Weber's Neue Münchner Bierhalle		(J. Weber-Schneider)	Falknerstrasse 35	Basel	861	1906	133	telefonbuch_135	PTT-Archiv, P-260-1_Basel_1906	Basel
Wechselstube der Basler Handelsbank			Freiestrasse 90	Basel	1995	1906	133	telefonbuch_135	PTT-Archiv, P-260-1_Basel_1906	Basel
Wechselstube Merkur		Fischer jr.	Marktgasse 18	Basel	1346	1906	133	telefonbuch_135	PTT-Archiv, P-260-1_Basel_1906	Basel
Weckerle	K.	Pfarrer	Friedensgasse 40	Basel	2517	1906	133	telefonbuch_135	PTT-Archiv, P-260-1_Basel_1906	Basel
Wedemeyer	George M.		Dornacherstr. 131	Basel	4198	1906	133	telefonbuch_135	PTT-Archiv, P-260-1_Basel_1906	Basel
Wehrle	August	Zahnarzt	Steinengraben 6	Basel	1363	1906	133	telefonbuch_135	PTT-Archiv, P-260-1_Basel_1906	Basel
Wehrle	R.	Dr.	Spalenring 123	Basel	982	1906	133	telefonbuch_135	PTT-Archiv, P-260-1_Basel_1906	Basel
Wehrle	G.	Hôtel Central	Falknerstrasse 3	Basel	1073	1906	133	telefonbuch_135	PTT-Archiv, P-260-1_Basel_1906	Basel
Wehrli	Conrad	Kammradmühle	Webergasse 21	Basel	1248	1906	133	telefonbuch_135	PTT-Archiv, P-260-1_Basel_1906	Basel
Weibel-Thoma	R.	Wwe., Lebensmittelhandlg.	Ochsengasse 23	Basel	1229	1906	133	telefonbuch_135	PTT-Archiv, P-260-1_Basel_1906	Basel
Weibel & Co.			Hirzbodenweg 9	Basel	2190	1906	133	telefonbuch_135	PTT-Archiv, P-260-1_Basel_1906	Basel
Weidenmann-Jenny	Aug.	Ingenieur	Friedensgasse 23	Basel	1493	1906	133	telefonbuch_135	PTT-Archiv, P-260-1_Basel_1906	Basel
Weidmann	J.	Hôtel National	Centralbahnplatz 3	Basel	2231	1906	133	telefonbuch_135	PTT-Archiv, P-260-1_Basel_1906	Basel
Weidmann	L.	Cigarrenhandlung	Stadthausgasse 21	Basel	1364	1906	133	telefonbuch_135	PTT-Archiv, P-260-1_Basel_1906	Basel
Weydmann - von Salis	M.	Wwe.	Leimenstrasse 36	Basel	4494	1906	133	telefonbuch_135	PTT-Archiv, P-260-1_Basel_1906	Basel
Weil	Alexander		Theaterstrasse 16	Basel	2255	1906	133	telefonbuch_135	PTT-Archiv, P-260-1_Basel_1906	Basel
Weil-Brunschwig	David		Byfangweg 23	Basel	3240	1906	133	telefonbuch_135	PTT-Archiv, P-260-1_Basel_1906	Basel
Weil frères			Solothurnerstr. 18	Basel	4085	1906	133	telefonbuch_135	PTT-Archiv, P-260-1_Basel_1906	Basel
Weil	Joël		Feierabendstrasse 36	Basel	3464	1906	133	telefonbuch_135	PTT-Archiv, P-260-1_Basel_1906	Basel
Weiss	Arthur	Kürschner	Aeschenvorstadt 33	Basel	1968	1906	133	telefonbuch_135	PTT-Archiv, P-260-1_Basel_1906	Basel
Weiss	Gustav	Metzgermeister	Türkheimerstrasse 2	Basel	815	1906	133	telefonbuch_135	PTT-Archiv, P-260-1_Basel_1906	Basel
Weiss	Hermann	Bankgeschäft	Marktgasse 18	Basel	2131	1906	133	telefonbuch_135	PTT-Archiv, P-260-1_Basel_1906	Basel
Weiss	Jacques	Photograph	Elisabethenstrasse 4	Basel	2349	1906	133	telefonbuch_135	PTT-Archiv, P-260-1_Basel_1906	Basel
Weiss-Kübler	Emanuel		Streitgasse 12	Basel	1981	1906	133	telefonbuch_135	PTT-Archiv, P-260-1_Basel_1906	Basel
Weisser	Balduin		Clarastrasse 48	Basel	3717	1906	133	telefonbuch_135	PTT-Archiv, P-260-1_Basel_1906	Basel
Weysser	Aug.	Spenglermeister	Mühlhauserstr. 119	Basel	223	1906	133	telefonbuch_135	PTT-Archiv, P-260-1_Basel_1906	Basel
Weisskopf	Arn.		Frobenstrasse 61	Basel	13	1906	133	telefonbuch_135	PTT-Archiv, P-260-1_Basel_1906	Basel
Weist	O.	Uhren und Bijouterien	Spalenring 49	Basel	1052	1906	133	telefonbuch_135	PTT-Archiv, P-260-1_Basel_1906	Basel
Weitnauer	Ad.	& Co., Cigarrenhdlg.	Freiestrasse 27	Basel	1157	1906	133	telefonbuch_135	PTT-Archiv, P-260-1_Basel_1906	Basel
Weitnauer-Grossberger	A.	Baumeister	Birsigstrasse 77	Basel	3100	1906	133	telefonbuch_135	PTT-Archiv, P-260-1_Basel_1906	Basel
Weitnauer-Hubel	R.	Wwe.	Leimenstrasse 63	Basel	2921	1906	133	telefonbuch_135	PTT-Archiv, P-260-1_Basel_1906	Basel
Weitnauer-Kehlstadt	Carl		Schützenmattstr. 41	Basel	2824	1906	133	telefonbuch_135	PTT-Archiv, P-260-1_Basel_1906	Basel
Weitnauer-Lemoine	Fr.		Leonhardstrasse 37	Basel	2547	1906	133	telefonbuch_135	PTT-Archiv, P-260-1_Basel_1906	Basel
Weitnauer-Preiswerk	Aug.		Missionsstrasse 5	Basel	2738	1906	133	telefonbuch_135	PTT-Archiv, P-260-1_Basel_1906	Basel
von Welck		Direktor der „Equitable“	Sommergasse 11	Basel	3282	1906	133	telefonbuch_135	PTT-Archiv, P-260-1_Basel_1906	Basel
Welte	Otto		Holbeinstrasse 29	Basel	973	1906	133	telefonbuch_135	PTT-Archiv, P-260-1_Basel_1906	Basel
Welter	J.	Comp. cosmographique	Gerbergasse 36	Basel	2834	1906	133	telefonbuch_135	PTT-Archiv, P-260-1_Basel_1906	Basel
Derselbe			Kanonengasse 35	Basel	3095	1906	133	telefonbuch_135	PTT-Archiv, P-260-1_Basel_1906	Basel
Welti	Henry	vorm. Anton Waltisbühl	Steinenberg 1	Basel	2006	1906	133	telefonbuch_135	PTT-Archiv, P-260-1_Basel_1906	Basel
Derselbe		Wohnung	Missionsstrasse 50	Basel	870	1906	133	telefonbuch_135	PTT-Archiv, P-260-1_Basel_1906	Basel
Wenger-Joder	D.		Aeschenvorstadt 9	Basel	4125	1906	133	telefonbuch_135	PTT-Archiv, P-260-1_Basel_1906	Basel
Wenger-Ruutz	Theodor		Bättwilerstrasse 8	Basel	4457	1906	134	telefonbuch_136	PTT-Archiv, P-260-1_Basel_1906	Basel
Wenger & Co.			Rümelinbachweg 55	Basel	2929	1906	134	telefonbuch_136	PTT-Archiv, P-260-1_Basel_1906	Basel
Wenk	Carl	Küferei und Weinhandlung	Herrengrabenweg 53	Basel	957	1906	134	telefonbuch_136	PTT-Archiv, P-260-1_Basel_1906	Basel
Wenk-Rüefli	J.	Fabr. d. Waschmaschinen	Petersgraben 37	Basel	1599	1906	134	telefonbuch_136	PTT-Archiv, P-260-1_Basel_1906	Basel
Wenk-Mayer	S.	Spengler	Breisacherstrasse 61	Basel	3236	1906	134	telefonbuch_136	PTT-Archiv, P-260-1_Basel_1906	Basel
Wenk-Thommen	E.		Angensteinerstr. 23	Basel	3567	1906	134	telefonbuch_136	PTT-Archiv, P-260-1_Basel_1906	Basel
Wenzinger	Aug.	Bierdépôt u. Mineralwasser	Amerbachstrasse 10	Basel	3385	1906	134	telefonbuch_136	PTT-Archiv, P-260-1_Basel_1906	Basel
Wepf & Cie.	B.	Buchhandlung	Eisengasse 19	Basel	1684	1906	134	telefonbuch_136	PTT-Archiv, P-260-1_Basel_1906	Basel
Werdenberg's (Ed.) Nachf., W. Fininger & Cie.		Gasapparatefabrik	Barfüssergasse 3	Basel	29	1906	134	telefonbuch_136	PTT-Archiv, P-260-1_Basel_1906	Basel
Werdenberg-Respinger	Ed.		St. Albananlage 52	Basel	1671	1906	134	telefonbuch_136	PTT-Archiv, P-260-1_Basel_1906	Basel
Werenfels	Frz.	Spenglermeister	Hebelstrasse 62	Basel	1483	1906	134	telefonbuch_136	PTT-Archiv, P-260-1_Basel_1906	Basel
Werner & Co.	C.	Weinhandlung	Güterstrasse 248	Basel	2462	1906	134	telefonbuch_136	PTT-Archiv, P-260-1_Basel_1906	Basel
Werner-Riehm	M.	Buchdrucker	Kanonengasse 32	Basel	3056	1906	134	telefonbuch_136	PTT-Archiv, P-260-1_Basel_1906	Basel
Werner-Riehm	M.	Wohnung	Oberwilerstrasse 21	Basel	3744	1906	134	telefonbuch_136	PTT-Archiv, P-260-1_Basel_1906	Basel
Werthemann-Burckhardt	A.		Angensteinerstr. 18	Basel	3586	1906	134	telefonbuch_136	PTT-Archiv, P-260-1_Basel_1906	Basel
Werthemann-Ehinger			Sevogelstrasse 40	Basel	4119	1906	134	telefonbuch_136	PTT-Archiv, P-260-1_Basel_1906	Basel
Werzinger	Emil		Birsigstrasse 116	Basel	865	1906	134	telefonbuch_136	PTT-Archiv, P-260-1_Basel_1906	Basel
Werzinger	L.		Leimenstrasse 1	Basel	2743	1906	134	telefonbuch_136	PTT-Archiv, P-260-1_Basel_1906	Basel
Werzinger-Mähly	Albert		Leimenstrasse 3	Basel	2806	1906	134	telefonbuch_136	PTT-Archiv, P-260-1_Basel_1906	Basel
Wetterlé	L.	Spalenapotheke	Spalenvorstadt 19	Basel	2593	1906	134	telefonbuch_136	PTT-Archiv, P-260-1_Basel_1906	Basel
Wetzel	Paul	Malermeister	Blauenstrasse 36	Basel	4445	1906	134	telefonbuch_136	PTT-Archiv, P-260-1_Basel_1906	Basel
Weydmann - von Salis	M.	Wwe.	Leimenstrasse 36	Basel	4494	1906	134	telefonbuch_136	PTT-Archiv, P-260-1_Basel_1906	Basel
Wezstein & Schenk		Maass- u. Konfektionsgesch.	Freiestrasse 32	Basel	1752	1906	134	telefonbuch_136	PTT-Archiv, P-260-1_Basel_1906	Basel
Wick-Merian	Carl		Nauenstrasse 14	Basel	2169	1906	134	telefonbuch_136	PTT-Archiv, P-260-1_Basel_1906	Basel
Widemann	A. C.	Handelsschule	Kohlenberg 13	Basel	2488	1906	134	telefonbuch_136	PTT-Archiv, P-260-1_Basel_1906	Basel
Wider-Rohr	Johann		Spalenring 111	Basel	2850	1906	134	telefonbuch_136	PTT-Archiv, P-260-1_Basel_1906	Basel
Widler	Kathy	Frl.	Weiherweg 24	Basel	3451	1906	134	telefonbuch_136	PTT-Archiv, P-260-1_Basel_1906	Basel
Widmann-Wettlin	Carl	Zimmermeister	Thannerstrasse 17	Basel	2836	1906	134	telefonbuch_136	PTT-Archiv, P-260-1_Basel_1906	Basel
Widmer	G.	Dr. med.	Petersgraben 9	Basel	1642	1906	134	telefonbuch_136	PTT-Archiv, P-260-1_Basel_1906	Basel
Widmer-Huppertz	J.	Spenglermeister	Rümelinsplatz 8	Basel	2661	1906	134	telefonbuch_136	PTT-Archiv, P-260-1_Basel_1906	Basel
Widmer-Ursprung	Aug.		Jurastrasse 44	Basel	4178	1906	134	telefonbuch_136	PTT-Archiv, P-260-1_Basel_1906	Basel
Wieland	Carl	Küfermeister	Jurastrasse 55	Basel	2683	1906	134	telefonbuch_136	PTT-Archiv, P-260-1_Basel_1906	Basel
Wieland-Dietschy	Anna	Wwe.	Eulerstrasse 42	Basel	2709	1906	134	telefonbuch_136	PTT-Archiv, P-260-1_Basel_1906	Basel
Wieland	Alfr.	Dr. Alfr., Advokat und Notar	Bäumleingasse 7	Basel	1058	1906	134	telefonbuch_136	PTT-Archiv, P-260-1_Basel_1906	Basel
Wieland	August Hch.	Dr. August Hch. (Bureau)	Blumenrain 16	Basel	1341	1906	134	telefonbuch_136	PTT-Archiv, P-260-1_Basel_1906	Basel
Wieland	August Hch.	Dr. August Hch. (Wohnung)	Neubadstrasse 21	Basel	914	1906	134	telefonbuch_136	PTT-Archiv, P-260-1_Basel_1906	Basel
Wieland	Emil	Dr. Emil, Arzt	St. Albanvorstadt 94	Basel	4140	1906	134	telefonbuch_136	PTT-Archiv, P-260-1_Basel_1906	Basel
Wieland-Gemuseus	A. M.	Wwe.	Gellertstrasse 6	Basel	4113	1906	134	telefonbuch_136	PTT-Archiv, P-260-1_Basel_1906	Basel
Wieland	P. & N.	Möbelschreiner	St. Albanvorstadt 61	Basel	1839	1906	134	telefonbuch_136	PTT-Archiv, P-260-1_Basel_1906	Basel
Wieland	Carl Albert	Prof. Dr. Carl Albert	Hirzbodenweg 87	Basel	3672	1906	134	telefonbuch_136	PTT-Archiv, P-260-1_Basel_1906	Basel
Wieland-Zahn	Alfred	Dr. Alfred	Lindenweg 15	Basel	4223	1906	134	telefonbuch_136	PTT-Archiv, P-260-1_Basel_1906	Basel
Wiemken	Heinr.	Lithograph	Steinenbachgasse 34	Basel	3550	1906	134	telefonbuch_136	PTT-Archiv, P-260-1_Basel_1906	Basel
Wiesendanger	A.	Schuhhandlung	Greifengasse 33	Basel	1250	1906	134	telefonbuch_136	PTT-Archiv, P-260-1_Basel_1906	Basel
Wiesler-Richert	E.		Claragraben 125	Basel	1193	1906	134	telefonbuch_136	PTT-Archiv, P-260-1_Basel_1906	Basel
Wiessner	H.	Handschuhgeschäft	Freiestrasse 107	Basel	1864	1906	134	telefonbuch_136	PTT-Archiv, P-260-1_Basel_1906	Basel
Wild-Weber	Jak.	Dienstmänneranstalt	Webergasse 29	Basel	146	1906	134	telefonbuch_136	PTT-Archiv, P-260-1_Basel_1906	Basel
Wildberger & Co.		Weinhandlung, Bureau	Solothurnerstr. 22	Basel	1192	1906	134	telefonbuch_136	PTT-Archiv, P-260-1_Basel_1906	Basel
Wildberger-Georg	Jakob	Privat	Solothurnerstr. 22	Basel	1448	1906	134	telefonbuch_136	PTT-Archiv, P-260-1_Basel_1906	Basel
Wildi	A.	Leiter d. Prim.-Schulen Kinderhorte	Theodorsgraben 28	Basel	3262	1906	135	telefonbuch_137	PTT-Archiv, P-260-1_Basel_1906	Basel
Wildprath	Th.	mineralwasserfabrikant	Maulbeerweg 91	Basel	3476	1906	135	telefonbuch_137	PTT-Archiv, P-260-1_Basel_1906	Basel
Wilhelm-Tröndle	C.	Frau	Eisengasse 24	Basel	1696	1906	135	telefonbuch_137	PTT-Archiv, P-260-1_Basel_1906	Basel
Willar	M.		Missionsstrasse 4	Basel	2610	1906	135	telefonbuch_137	PTT-Archiv, P-260-1_Basel_1906	Basel
Willareth-Meng	Ed.		Marktplatz 29	Basel	1595	1906	135	telefonbuch_137	PTT-Archiv, P-260-1_Basel_1906	Basel
Derselbe			Ob. Rheingasse 17	Basel	4271	1906	135	telefonbuch_137	PTT-Archiv, P-260-1_Basel_1906	Basel
Willen	L.	Adler-Apotheke	Gerbergasse 44	Basel	3137	1906	135	telefonbuch_137	PTT-Archiv, P-260-1_Basel_1906	Basel
Willfratt	Aug.		Kleinhüningerstr. 215	Basel	479	1906	135	telefonbuch_137	PTT-Archiv, P-260-1_Basel_1906	Basel
Willi-Fitzner	S.		Münchensteinerstr. 116	Basel	125	1906	135	telefonbuch_137	PTT-Archiv, P-260-1_Basel_1906	Basel
Willi-Huber	Chr.	Bäckermeister	Schweizergasse 42	Basel	936	1906	135	telefonbuch_137	PTT-Archiv, P-260-1_Basel_1906	Basel
Winter	C. & J.	Gebrüder	Steinenbachgässl. 38	Basel	2514	1906	135	telefonbuch_137	PTT-Archiv, P-260-1_Basel_1906	Basel
Winter-Jaeggi	F.		Rennweg 84	Basel	246	1906	135	telefonbuch_137	PTT-Archiv, P-260-1_Basel_1906	Basel
Winter-Minck	G.		Steinenvorstadt 62	Basel	1871	1906	135	telefonbuch_137	PTT-Archiv, P-260-1_Basel_1906	Basel
Wippermann-Pflüger	Hch.	Hafnermeister	Ryffstrasse 20	Basel	1501	1906	135	telefonbuch_137	PTT-Archiv, P-260-1_Basel_1906	Basel
Wirtebureau Basel	E. Theuerkauf	vorm. H. Lippe	Rümelinsplatz 19	Basel	3113	1906	135	telefonbuch_137	PTT-Archiv, P-260-1_Basel_1906	Basel
Wirz	Adolf	Metzgermeister	Stadthausgasse 11	Basel	1443	1906	135	telefonbuch_137	PTT-Archiv, P-260-1_Basel_1906	Basel
Wirz	Anna	Cigarrenhandlung	Greifengasse 5	Basel	1280	1906	135	telefonbuch_137	PTT-Archiv, P-260-1_Basel_1906	Basel
Wirz		Baader & Cie.	Freiestrasse 44	Basel	1050	1906	135	telefonbuch_137	PTT-Archiv, P-260-1_Basel_1906	Basel
Wirz	Hermann		Elisabethenstr. 11	Basel	2330	1906	135	telefonbuch_137	PTT-Archiv, P-260-1_Basel_1906	Basel
Wirz-Jenny	Math.	Schlossermeister	Hochstrasse 50	Basel	3914	1906	135	telefonbuch_137	PTT-Archiv, P-260-1_Basel_1906	Basel
Wirz	L.		Gundoldingerstr. 99	Basel	2230	1906	135	telefonbuch_137	PTT-Archiv, P-260-1_Basel_1906	Basel
Wirz-Löw	M.		Gundoldingerstr. 97	Basel	4049	1906	135	telefonbuch_137	PTT-Archiv, P-260-1_Basel_1906	Basel
Wirz-Lüscher	T.	(Vertr. v. Vanderborght frères)	Holbeinstrasse 58	Basel	3062	1906	135	telefonbuch_137	PTT-Archiv, P-260-1_Basel_1906	Basel
Wirz-Troesch	Joh.	Weinhandlung	St. Albananlage 6	Basel	4185	1906	135	telefonbuch_137	PTT-Archiv, P-260-1_Basel_1906	Basel
Wirz-Wirz	W.	Tapetenhandlung	Freiestrasse 71	Basel	1852	1906	135	telefonbuch_137	PTT-Archiv, P-260-1_Basel_1906	Basel
Wittig	W.	Barfüsserapotheke	Steinenvorstadt 6	Basel	2265	1906	135	telefonbuch_137	PTT-Archiv, P-260-1_Basel_1906	Basel
Wittmer	Franz	Buchdruckerei	Schlüsselberg 5	Basel	1126	1906	135	telefonbuch_137	PTT-Archiv, P-260-1_Basel_1906	Basel
Wittmer-Ruch	Franz		Theodorsgraben 32	Basel	3552	1906	135	telefonbuch_137	PTT-Archiv, P-260-1_Basel_1906	Basel
Wittwer-Matthys	Peter		Austrasse 34	Basel	3494	1906	135	telefonbuch_137	PTT-Archiv, P-260-1_Basel_1906	Basel
Wittwer-Weber	Rob.		Colmarerstrasse 10	Basel	3396	1906	135	telefonbuch_137	PTT-Archiv, P-260-1_Basel_1906	Basel
Wittwer-Wittwer	J.	Fuhrhalter	Allschwilerstr. 10	Basel	2794	1906	135	telefonbuch_137	PTT-Archiv, P-260-1_Basel_1906	Basel
Witzig	Ernst	Dr., Advokat	Weiherweg 52	Basel	2837	1906	135	telefonbuch_137	PTT-Archiv, P-260-1_Basel_1906	Basel
Witzig	Paul	Dr., Zahnarzt	Schlüsselberg 17	Basel	1087	1906	135	telefonbuch_137	PTT-Archiv, P-260-1_Basel_1906	Basel
Witzinger	M.	Dr.	Leimenstrasse 41	Basel	2943	1906	135	telefonbuch_137	PTT-Archiv, P-260-1_Basel_1906	Basel
Wixler		Gebrüder, Viehhändler	Steinenthorstr. 35	Basel	1803	1906	135	telefonbuch_137	PTT-Archiv, P-260-1_Basel_1906	Basel
Wixler	J.	Viehhandlung	Binningerstrasse 9	Basel	2687	1906	135	telefonbuch_137	PTT-Archiv, P-260-1_Basel_1906	Basel
Wixler	Lucien		Marschalkenstr. 15	Basel	438	1906	135	telefonbuch_137	PTT-Archiv, P-260-1_Basel_1906	Basel
Wixler & Cie.		vorm. H. F. Gernsheim	Güterstrasse 141	Basel	4090	1906	135	telefonbuch_137	PTT-Archiv, P-260-1_Basel_1906	Basel
Wohlgemuth	Aug.	Bäckerei	Allschwilerstrasse 6	Basel	2795	1906	135	telefonbuch_137	PTT-Archiv, P-260-1_Basel_1906	Basel
Wohlschlegel	Georg	Bau- u. Möbelschreinerei	Bartenheimerstr. 39	Basel	782	1906	135	telefonbuch_137	PTT-Archiv, P-260-1_Basel_1906	Basel
Wolf	B.	photogr. Bedarfsartikel	Hutgasse 8	Basel	1415	1906	135	telefonbuch_137	PTT-Archiv, P-260-1_Basel_1906	Basel
Wolf-Dietisheim	Ph.	Wwe.	Nonnenweg 7	Basel	2749	1906	135	telefonbuch_137	PTT-Archiv, P-260-1_Basel_1906	Basel
Wolf	P.	Dr., Advokat	Hirzbodenweg 77	Basel	3964	1906	135	telefonbuch_137	PTT-Archiv, P-260-1_Basel_1906	Basel
Wolf		Lithographie	Unt. Heuberg 2	Basel	2853	1906	135	telefonbuch_137	PTT-Archiv, P-260-1_Basel_1906	Basel
Wolf-Löhler	L.	Frau, Blumenmagazin	Spalenberg 44	Basel	1651	1906	135	telefonbuch_137	PTT-Archiv, P-260-1_Basel_1906	Basel
Wolf-Nebel	Ernst	Wagenbauer	Spalenring 10	Basel	140	1906	135	telefonbuch_137	PTT-Archiv, P-260-1_Basel_1906	Basel
Wolf & Glatz		succ. de Louis Bürgi	Hebelstrasse 45	Basel	1463	1906	135	telefonbuch_137	PTT-Archiv, P-260-1_Basel_1906	Basel
Wolfensberger-Lutz	J. H.		St. Johannring 20	Basel	1655	1906	135	telefonbuch_137	PTT-Archiv, P-260-1_Basel_1906	Basel
Wolff	Oscar	Söhne, Bureau	Leimenstrasse 57	Basel	3628	1906	135	telefonbuch_137	PTT-Archiv, P-260-1_Basel_1906	Basel
Wolff-Stöhr	Guido		Leimenstrasse 57	Basel	3628	1906	136	telefonbuch_138	PTT-Archiv, P-260-1_Basel_1906	Basel
Wolff-Troetschler			Grenzacherstrasse 5	Basel	1597	1906	136	telefonbuch_138	PTT-Archiv, P-260-1_Basel_1906	Basel
Wölfflin	Ernst	Dr., Augenarzt	Steinenring 48	Basel	903	1906	136	telefonbuch_138	PTT-Archiv, P-260-1_Basel_1906	Basel
Woltersdorf-Kasper	Fr.	Schlossermeister	Gempenstrasse 16	Basel	2461	1906	136	telefonbuch_138	PTT-Archiv, P-260-1_Basel_1906	Basel
Wormann		Söhne	Eisengasse 20	Basel	1394	1906	136	telefonbuch_138	PTT-Archiv, P-260-1_Basel_1906	Basel
Wormser	Edm.	Dr. med.	Leonhardsgraben 10	Basel	1543	1906	136	telefonbuch_138	PTT-Archiv, P-260-1_Basel_1906	Basel
Wormser	Karl		Hebelstrasse 90	Basel	2195	1906	136	telefonbuch_138	PTT-Archiv, P-260-1_Basel_1906	Basel
Wormser	Léon	& Co.	Elisabethenstr. 44	Basel	2203	1906	136	telefonbuch_138	PTT-Archiv, P-260-1_Basel_1906	Basel
Wormser	Marcel		Austrasse 90	Basel	967	1906	136	telefonbuch_138	PTT-Archiv, P-260-1_Basel_1906	Basel
Wörner	Ludwig		Laufenstrasse 62	Basel	254	1906	136	telefonbuch_138	PTT-Archiv, P-260-1_Basel_1906	Basel
Wortmann	Ferd.		Mittlerestrasse 143	Basel	4237	1906	136	telefonbuch_138	PTT-Archiv, P-260-1_Basel_1906	Basel
Wunderle	Friedrich	Presshefedepot	Haltingerstrasse 30	Basel	3468	1906	136	telefonbuch_138	PTT-Archiv, P-260-1_Basel_1906	Basel
Wunderle	S.	chem. Waschanstalt u. Färberei	Birmannsgasse 30	Basel	193	1906	136	telefonbuch_138	PTT-Archiv, P-260-1_Basel_1906	Basel
Würfel	Alois	Cycle Hall	Hammerstrasse 13	Basel	3437	1906	136	telefonbuch_138	PTT-Archiv, P-260-1_Basel_1906	Basel
Würgler-Hauter	J.	Baugeschäft	Ramsteinerstrasse 16	Basel	1034	1906	136	telefonbuch_138	PTT-Archiv, P-260-1_Basel_1906	Basel
Würgler-Wenger	Jak.	Landwirt	St. Jakobstrasse 157	Basel	3575	1906	136	telefonbuch_138	PTT-Archiv, P-260-1_Basel_1906	Basel
Wurster	Daniel	Bäckermeister	Hint. Spitalstrasse 4	Basel	3909	1906	136	telefonbuch_138	PTT-Archiv, P-260-1_Basel_1906	Basel
Wüst-Hügin	Leonh.	Schreinermeister	Austrasse 32	Basel	3010	1906	136	telefonbuch_138	PTT-Archiv, P-260-1_Basel_1906	Basel
Wybert-Klein	F.		Grenzacherstr. 75	Basel	3732	1906	136	telefonbuch_138	PTT-Archiv, P-260-1_Basel_1906	Basel
Wydler	Gottl.		Rheinfelderstr. 34	Basel	3736	1906	136	telefonbuch_138	PTT-Archiv, P-260-1_Basel_1906	Basel
Wydler	H. F.		Feierabendstrasse 11	Basel	3007	1906	136	telefonbuch_138	PTT-Archiv, P-260-1_Basel_1906	Basel
Wyler	Eman.	Metzgermeister	Spalenberg 39	Basel	2746	1906	136	telefonbuch_138	PTT-Archiv, P-260-1_Basel_1906	Basel
Wyler		Gebrüder	Johanniterstrasse 5	Basel	1701	1906	136	telefonbuch_138	PTT-Archiv, P-260-1_Basel_1906	Basel
Wysard	Emil	Comestibles	Fischmarkt 2	Basel	298	1906	136	telefonbuch_138	PTT-Archiv, P-260-1_Basel_1906	Basel
Wyss	K. J.	Buchdruckerei	Freiestrasse 28	Basel	1863	1906	136	telefonbuch_138	PTT-Archiv, P-260-1_Basel_1906	Basel
Wyss & Senn			Gerbergasse 62	Basel	2183	1906	136	telefonbuch_138	PTT-Archiv, P-260-1_Basel_1906	Basel
Zacharias-Brückner	H.		Ramsteinerstrasse 20	Basel	993	1906	136	telefonbuch_138	PTT-Archiv, P-260-1_Basel_1906	Basel
Zahn-Burckhardt	C.		St. Albananlage 36	Basel	1908	1906	136	telefonbuch_138	PTT-Archiv, P-260-1_Basel_1906	Basel
Zahn-Geigy	F.		Bäumlihof	Basel	3834	1906	136	telefonbuch_138	PTT-Archiv, P-260-1_Basel_1906	Basel
Derselbe			St. Albangraben 5	Basel	1870	1906	136	telefonbuch_138	PTT-Archiv, P-260-1_Basel_1906	Basel
Zahn-Rognon	E.	Frau	Aeschengraben 15	Basel	2303	1906	136	telefonbuch_138	PTT-Archiv, P-260-1_Basel_1906	Basel
Zahn & Co.			St. Albangraben 5	Basel	1869	1906	136	telefonbuch_138	PTT-Archiv, P-260-1_Basel_1906	Basel
Dieselben		Börse	Postgebäude	Basel	113	1906	136	telefonbuch_138	PTT-Archiv, P-260-1_Basel_1906	Basel
Zaeslin-Fäesch	Dan.		Socinstrasse 14	Basel	2674	1906	136	telefonbuch_138	PTT-Archiv, P-260-1_Basel_1906	Basel
Zaeslin-Hartmann	Dl.		Missionsstrasse 40	Basel	2654	1906	136	telefonbuch_138	PTT-Archiv, P-260-1_Basel_1906	Basel
Zaeslin-Schiess	Marg.	Wwe.	Feierabendstrasse 46	Basel	2872	1906	136	telefonbuch_138	PTT-Archiv, P-260-1_Basel_1906	Basel
Zaeslin-Sulzer	Hans		Missionsstrasse 38	Basel	2582	1906	136	telefonbuch_138	PTT-Archiv, P-260-1_Basel_1906	Basel
Zaeslin-Thurneysen	S.	Frau	St. Johannvorst. 43	Basel	2664	1906	136	telefonbuch_138	PTT-Archiv, P-260-1_Basel_1906	Basel
Zaeslin & Co.			Johanniterstrasse 17	Basel	1689	1906	136	telefonbuch_138	PTT-Archiv, P-260-1_Basel_1906	Basel
Zaeslin-Wacker	E.		Leonhardstrasse 24	Basel	265	1906	136	telefonbuch_138	PTT-Archiv, P-260-1_Basel_1906	Basel
Zbinden	R. G.	Buchdruckerei	Rheinsprung 5	Basel	2494	1906	136	telefonbuch_138	PTT-Archiv, P-260-1_Basel_1906	Basel
Zehnder	J.	Bäckermeister	Sperrstrasse 5	Basel	3289	1906	136	telefonbuch_138	PTT-Archiv, P-260-1_Basel_1906	Basel
Zehnder-Lacher	Rob.	Gärtnermeister	Ryffstrasse 8	Basel	1515	1906	136	telefonbuch_138	PTT-Archiv, P-260-1_Basel_1906	Basel
Zehnle & Bussinger			Kanonengasse 11	Basel	3103	1906	136	telefonbuch_138	PTT-Archiv, P-260-1_Basel_1906	Basel
Zeiger	Emil	Kochherdfabrik	Clarastrasse 17	Basel	3411	1906	136	telefonbuch_138	PTT-Archiv, P-260-1_Basel_1906	Basel
Zellweger-Preiswerk	E.	Wwe.	Rittergasse 20	Basel	2314	1906	136	telefonbuch_138	PTT-Archiv, P-260-1_Basel_1906	Basel
Zellweger	E.	& Co., A.-G.	Rittergasse 29	Basel	1065	1906	136	telefonbuch_138	PTT-Archiv, P-260-1_Basel_1906	Basel
Zellweger	O.	Redaktor	Angensteinerstr. 16	Basel	3655	1906	136	telefonbuch_138	PTT-Archiv, P-260-1_Basel_1906	Basel
Zellweger	Ulrich		Wartenbergstr. 45	Basel	4303	1906	137	telefonbuch_139	PTT-Archiv, P-260-1_Basel_1906	Basel
Zeughausverwaltung Basel-Stadt			Petersgraben 44	Basel	1781	1906	137	telefonbuch_139	PTT-Archiv, P-260-1_Basel_1906	Basel
Zeugin-Leuthardt	W.		St. Johannring 26	Basel	2842	1906	137	telefonbuch_139	PTT-Archiv, P-260-1_Basel_1906	Basel
Ziegler	A.	& Co.	Burgfelderstr. 11	Basel	3088	1906	137	telefonbuch_139	PTT-Archiv, P-260-1_Basel_1906	Basel
Ziegler	Ed.	Dr.	Maiengasse 59	Basel	872	1906	137	telefonbuch_139	PTT-Archiv, P-260-1_Basel_1906	Basel
Ziegler	Emil		Klingelbergstr. 15	Basel	1100	1906	137	telefonbuch_139	PTT-Archiv, P-260-1_Basel_1906	Basel
Ziegler	Jules	elektrotechn. Installationsgesch.	St. Albankirchrain 2	Basel	4299	1906	137	telefonbuch_139	PTT-Archiv, P-260-1_Basel_1906	Basel
Ziller	Fritz	Hausseifenfabrik	Mülhauserstrasse 70	Basel	1639	1906	137	telefonbuch_139	PTT-Archiv, P-260-1_Basel_1906	Basel
Ziller	Hans	& Cie.	Aeschenvorstadt 40	Basel	2456	1906	137	telefonbuch_139	PTT-Archiv, P-260-1_Basel_1906	Basel
Zillig	F.	Metzger	Austrasse 109	Basel	2825	1906	137	telefonbuch_139	PTT-Archiv, P-260-1_Basel_1906	Basel
Zimmerlin-Bölger	G.		Peter Merianstr. 50	Basel	3874	1906	137	telefonbuch_139	PTT-Archiv, P-260-1_Basel_1906	Basel
Zimmerlin, Forcart & Co.		(Nachf. v. Marcus Bölger), Schappespinnerei	Rittergasse 20	Basel	1773	1906	137	telefonbuch_139	PTT-Archiv, P-260-1_Basel_1906	Basel
Zimmermann	Anton	Malermeister	Ryffstrasse 12	Basel	3844	1906	137	telefonbuch_139	PTT-Archiv, P-260-1_Basel_1906	Basel
Zimmermann	E.		Pfeffingerstrasse 64	Basel	3896	1906	137	telefonbuch_139	PTT-Archiv, P-260-1_Basel_1906	Basel
Zimmermann	Emma	robes	Leimenstrasse 41	Basel	4480	1906	137	telefonbuch_139	PTT-Archiv, P-260-1_Basel_1906	Basel
Zimmermann-Furrer	Alex.		Hochstrasse 70	Basel	424	1906	137	telefonbuch_139	PTT-Archiv, P-260-1_Basel_1906	Basel
Zimmermann-Gebhard	Jos.		Reinacherstrasse 30	Basel	1299	1906	137	telefonbuch_139	PTT-Archiv, P-260-1_Basel_1906	Basel
Zimmermann-Grossenbacher	G.	Butterhandlg.	Feldbergstrasse 115	Basel	3644	1906	137	telefonbuch_139	PTT-Archiv, P-260-1_Basel_1906	Basel
Zimmermann	Hermann		Sonnenweg 25	Basel	353	1906	137	telefonbuch_139	PTT-Archiv, P-260-1_Basel_1906	Basel
Zimmermann	Max	Pfarrer	Klingenthal 13	Basel	156	1906	137	telefonbuch_139	PTT-Archiv, P-260-1_Basel_1906	Basel
Zimmermann-Rebstock	N.	Maler	Davidsbodenstr. 19	Basel	1654	1906	137	telefonbuch_139	PTT-Archiv, P-260-1_Basel_1906	Basel
Zinsstag	A.	Zahnarzt, Dr. D. S.	St. Albananlage 8	Basel	2450	1906	137	telefonbuch_139	PTT-Archiv, P-260-1_Basel_1906	Basel
Zinsstag	Wilhelm	Dr.	Totentanz 11	Basel	1380	1906	137	telefonbuch_139	PTT-Archiv, P-260-1_Basel_1906	Basel
Zipf-Schelling	E.	Bäckermeister	Clarastrasse 53	Basel	3497	1906	137	telefonbuch_139	PTT-Archiv, P-260-1_Basel_1906	Basel
Zitt-Bressler	M.	Wwe.	Riehenstrasse 18	Basel	2814	1906	137	telefonbuch_139	PTT-Archiv, P-260-1_Basel_1906	Basel
Zivy	H.	& Sohn	Schützengraben 36	Basel	4296	1906	137	telefonbuch_139	PTT-Archiv, P-260-1_Basel_1906	Basel
Zoller	Otto	Dr., Redaktor	Güterstrasse 227	Basel	3720	1906	137	telefonbuch_139	PTT-Archiv, P-260-1_Basel_1906	Basel
Zoller-Kälin		Wwe., Schieferdeckergeschäft	Steinenvorstadt 47	Basel	2262	1906	137	telefonbuch_139	PTT-Archiv, P-260-1_Basel_1906	Basel
Zoologischer Garten		Direktion		Basel	2531	1906	137	telefonbuch_139	PTT-Archiv, P-260-1_Basel_1906	Basel
Derselbe (Restauration)	R. Krebs			Basel	3317	1906	137	telefonbuch_139	PTT-Archiv, P-260-1_Basel_1906	Basel
Zschokke-Dietschy	F.	Prof. Dr.	Missionsstrasse 13	Basel	2726	1906	137	telefonbuch_139	PTT-Archiv, P-260-1_Basel_1906	Basel
Zschokke-Köllner	H.	Chemiker	Riehenteichweg 96	Basel	1109	1906	137	telefonbuch_139	PTT-Archiv, P-260-1_Basel_1906	Basel
Zübelen-Vogt	J.	Dr.	Rötelerstrasse 4	Basel	3773	1906	137	telefonbuch_139	PTT-Archiv, P-260-1_Basel_1906	Basel
Zuberbühler & Cie.		Weisswaren u. Stickereien	Steinenberg 29	Basel	2102	1906	137	telefonbuch_139	PTT-Archiv, P-260-1_Basel_1906	Basel
Zuck	Josef	Zimmermeister	Dornacherstr. 249	Basel	3766	1906	137	telefonbuch_139	PTT-Archiv, P-260-1_Basel_1906	Basel
Zucker	Phil.	Velo-Geschäft	Klingenthalstr. 78	Basel	3307	1906	137	telefonbuch_139	PTT-Archiv, P-260-1_Basel_1906	Basel
Zufluchtshaus			Holeestrasse 119	Basel	1019	1906	137	telefonbuch_139	PTT-Archiv, P-260-1_Basel_1906	Basel
Zumbühl-Roth	C.		Blauenstrasse 40	Basel	773	1906	137	telefonbuch_139	PTT-Archiv, P-260-1_Basel_1906	Basel
Zumkehr	Joh.	Buchbinderei	Gerbergasse 60	Basel	4267	1906	137	telefonbuch_139	PTT-Archiv, P-260-1_Basel_1906	Basel
Zumkeller	Arnold		Steinengraben 43	Basel	215	1906	137	telefonbuch_139	PTT-Archiv, P-260-1_Basel_1906	Basel
Zundel-Girling	F.	Wwe., Hebamme	Bruderholzstrasse 18	Basel	3134	1906	137	telefonbuch_139	PTT-Archiv, P-260-1_Basel_1906	Basel
Zutt	Max		Freiestrasse 4	Basel	1464	1906	137	telefonbuch_139	PTT-Archiv, P-260-1_Basel_1906	Basel
Zutt	Rich.	Dr., Reg.-Rat	Socinstrasse 24	Basel	3053	1906	137	telefonbuch_139	PTT-Archiv, P-260-1_Basel_1906	Basel
Zweifel-Bienz	M. E.	Wwe.	St. Johannvorst. 74	Basel	1691	1906	137	telefonbuch_139	PTT-Archiv, P-260-1_Basel_1906	Basel
Zwicky-Abert	Jakob	Bierdepot	Margarethenstr. 14	Basel	926	1906	137	telefonbuch_139	PTT-Archiv, P-260-1_Basel_1906	Basel
Zwilchenbart			Centralbahnplatz 9	Basel	2252	1906	137	telefonbuch_139	PTT-Archiv, P-260-1_Basel_1906	Basel
Derselbe			b. prov. Bahnhof	Basel	4189	1906	137	telefonbuch_139	PTT-Archiv, P-260-1_Basel_1906	Basel
Actienmühle Basel und Augst				Baselaugst	708	1906	138	telefonbuch_140	PTT-Archiv, P-260-1_Basel_1906	Basel
Bürgi-Haller	Adolf	Metzgermeister		Baselaugst	708	1906	138	telefonbuch_140	PTT-Archiv, P-260-1_Basel_1906	Basel
Kleiber	Anton	zum Ochsen		Benken	709	1906	138	telefonbuch_140	PTT-Archiv, P-260-1_Basel_1906	Basel
Kleiber-Rueger	A.			Benken	709	1906	138	telefonbuch_140	PTT-Archiv, P-260-1_Basel_1906	Basel
Gemeindestation		(s. Seite 42)		Bettingen	707	1906	138	telefonbuch_140	PTT-Archiv, P-260-1_Basel_1906	Basel
Heyer	Joh.	Wirt		Biel	709	1906	138	telefonbuch_140	PTT-Archiv, P-260-1_Basel_1906	Basel
Abt	Dr. Otto			Binningen	2742	1906	138	telefonbuch_140	PTT-Archiv, P-260-1_Basel_1906	Basel
Actiengesellschaft vormals S. Börlin & Cie.		Kochfett- und Sodafabrik		Binningen	4019	1906	138	telefonbuch_140	PTT-Archiv, P-260-1_Basel_1906	Basel
Bezirksschreiberei Binningen		Postgebäude		Binningen	4084	1906	138	telefonbuch_140	PTT-Archiv, P-260-1_Basel_1906	Basel
Birmann	Rud.	Metzgermeister	Ob. Hauptstrasse 450	Binningen	339	1906	138	telefonbuch_140	PTT-Archiv, P-260-1_Basel_1906	Basel
Birseck’sche Produktions- und Consumgenossenschaft Oberwil			Schlosshof	Binningen	2521	1906	138	telefonbuch_140	PTT-Archiv, P-260-1_Basel_1906	Basel
Dalcorso	Math.	Wwe., Geflügelhandlung	Schlossgasse 203	Binningen	4114	1906	138	telefonbuch_140	PTT-Archiv, P-260-1_Basel_1906	Basel
Denz	Wilh.	Pfarrer		Binningen	4051	1906	138	telefonbuch_140	PTT-Archiv, P-260-1_Basel_1906	Basel
Eglin	J. M.	Holzhandlung	Ob. Hauptstrasse 558	Binningen	3129	1906	138	telefonbuch_140	PTT-Archiv, P-260-1_Basel_1906	Basel
Enderlen	Hubert	Apotheker	Ob. Hauptstrasse 587	Binningen	2536	1906	138	telefonbuch_140	PTT-Archiv, P-260-1_Basel_1906	Basel
Engler	Friedrich	Baumeister	Ob. Hauptstrasse 257	Binningen	3224	1906	138	telefonbuch_140	PTT-Archiv, P-260-1_Basel_1906	Basel
Fidel-Riggenbach	Ad.	Hôtel Hirschen		Binningen	4039	1906	138	telefonbuch_140	PTT-Archiv, P-260-1_Basel_1906	Basel
Fleck-Meili	Hch.	(privat)	Margarenthenthal	Binningen	2523	1906	138	telefonbuch_140	PTT-Archiv, P-260-1_Basel_1906	Basel
Fleury	J.	Basler Teppichreinigungsanstalt	Bottminger-Mühle	Binningen	370	1906	138	telefonbuch_140	PTT-Archiv, P-260-1_Basel_1906	Basel
Frenn-Tschopp	S.	Wwe.	Kirchweg 39	Binningen	4020	1906	138	telefonbuch_140	PTT-Archiv, P-260-1_Basel_1906	Basel
Gerhart	G.	Wirt	Bottmingermühle	Binningen	4056	1906	138	telefonbuch_140	PTT-Archiv, P-260-1_Basel_1906	Basel
Gesellschaft Sanitas			Bottmingermühle 159	Binningen	4542	1906	138	telefonbuch_140	PTT-Archiv, P-260-1_Basel_1906	Basel
Göttig	Dr. Jos.		Bruderholzstrasse 92	Binningen	148	1906	138	telefonbuch_140	PTT-Archiv, P-260-1_Basel_1906	Basel
Graf-Eglin	Bernhard		Ob. Hauptstrasse 525	Binningen	3127	1906	138	telefonbuch_140	PTT-Archiv, P-260-1_Basel_1906	Basel
Gröninger & Cie.	Ch. & M.	Aluminiumwerk	Bottmingermühle	Binningen	4541	1906	138	telefonbuch_140	PTT-Archiv, P-260-1_Basel_1906	Basel
Grüter-Wissler	Alfr.		Kirchweg 37	Binningen	4529	1906	138	telefonbuch_140	PTT-Archiv, P-260-1_Basel_1906	Basel
Hartmann	A.	Häute-, Fell- und Lederhandlung	Ob. Hauptstr. 560	Binningen	3135	1906	138	telefonbuch_140	PTT-Archiv, P-260-1_Basel_1906	Basel
Hiller	J. J.	Handelsgärtner	Oberwilerstrasse 270	Binningen	4230	1906	138	telefonbuch_140	PTT-Archiv, P-260-1_Basel_1906	Basel
Joder	Jos.		Binningermühle	Binningen	4543	1906	138	telefonbuch_140	PTT-Archiv, P-260-1_Basel_1906	Basel
Jundt-Higy	C.	mech. Ziegelei		Binningen	3139	1906	138	telefonbuch_140	PTT-Archiv, P-260-1_Basel_1906	Basel
Klumpp-Klein	Joh.	zum Wilden Mann		Binningen	3740	1906	138	telefonbuch_140	PTT-Archiv, P-260-1_Basel_1906	Basel
Lüdin	J.	Buchdruckerei		Binningen	4047	1906	138	telefonbuch_140	PTT-Archiv, P-260-1_Basel_1906	Basel
Lüdin-Müller	J.	Restaurant zum Schwyzerhüsli		Binningen	451	1906	138	telefonbuch_140	PTT-Archiv, P-260-1_Basel_1906	Basel
Meyer-Künzli	Hermann			Binningen	3767	1906	138	telefonbuch_140	PTT-Archiv, P-260-1_Basel_1906	Basel
Neubad		A. Perrottet, Besitzer		Binningen	3133	1906	138	telefonbuch_140	PTT-Archiv, P-260-1_Basel_1906	Basel
Perrottet	A.	zum Neubad		Binningen	3133	1906	138	telefonbuch_140	PTT-Archiv, P-260-1_Basel_1906	Basel
Polizeiposten			Ob. Hauptstrasse 412	Binningen	4021	1906	138	telefonbuch_140	PTT-Archiv, P-260-1_Basel_1906	Basel
Reichold & Cie.		chemische Fabrik		Binningen	1594	1906	138	telefonbuch_140	PTT-Archiv, P-260-1_Basel_1906	Basel
Rensch-Lang	A.	Wwe.	Ob. Hauptstrasse 563	Binningen	2526	1906	138	telefonbuch_140	PTT-Archiv, P-260-1_Basel_1906	Basel
Resch	Aug.	Zahnarzt	Ob. Hauptstrasse 535	Binningen	3367	1906	138	telefonbuch_140	PTT-Archiv, P-260-1_Basel_1906	Basel
Richter	Fritz	zum Schlüssel		Binningen	4041	1906	138	telefonbuch_140	PTT-Archiv, P-260-1_Basel_1906	Basel
Rost	W.	Bäckermeister	Ob. Hauptstrasse 579	Binningen	3126	1906	138	telefonbuch_140	PTT-Archiv, P-260-1_Basel_1906	Basel
Schär	W. Fr.	Dr. med.	Ob. Hauptstrasse 542	Binningen	3665	1906	138	telefonbuch_140	PTT-Archiv, P-260-1_Basel_1906	Basel
Scherer	Theodor	Wirtschaft zur Post		Binningen	187	1906	138	telefonbuch_140	PTT-Archiv, P-260-1_Basel_1906	Basel
Schwob	Emil	Metzger	Ob. Hauptstrasse 546	Binningen	3333	1906	138	telefonbuch_140	PTT-Archiv, P-260-1_Basel_1906	Basel
Seiler	Ernst	Spengler	Ob. Hauptstrasse 583	Binningen	2548	1906	138	telefonbuch_140	PTT-Archiv, P-260-1_Basel_1906	Basel
Siegrist	Th.	Baumaterialien	Ob. Hauptstrasse 555	Binningen	2513	1906	138	telefonbuch_140	PTT-Archiv, P-260-1_Basel_1906	Basel
Stöcklin	Louis	Holzwollfabrik	Bottmingerstrasse 172	Binningen	3585	1906	139	telefonbuch_141	PTT-Archiv, P-260-1_Basel_1906	Basel
Suter-Herzog	J. E.	zum Binninger Schlössli		Binningen	3846	1906	139	telefonbuch_141	PTT-Archiv, P-260-1_Basel_1906	Basel
Sutter-Sutter	Rudolf	Camionneur		Binningen	3882	1906	139	telefonbuch_141	PTT-Archiv, P-260-1_Basel_1906	Basel
von Thilo	M.	Dr. med., prakt. Aerztin	Bottmingermühle 159	Binningen	4542	1906	139	telefonbuch_141	PTT-Archiv, P-260-1_Basel_1906	Basel
Wenger-Grey	Ch.	zum Rössli		Binningen	3107	1906	139	telefonbuch_141	PTT-Archiv, P-260-1_Basel_1906	Basel
Wenzel	Heinrich	Bäcker	Ob. Hauptstrasse 458	Binningen	4149	1906	139	telefonbuch_141	PTT-Archiv, P-260-1_Basel_1906	Basel
Wiesendanger	R.	Zahnarzt		Binningen	4048	1906	139	telefonbuch_141	PTT-Archiv, P-260-1_Basel_1906	Basel
Wössner-Pfeiffer	G.	Holeeschlosswirtschaft		Binningen	3184	1906	139	telefonbuch_141	PTT-Archiv, P-260-1_Basel_1906	Basel
Wüest-Germann	M.	Frau		Binningen	1626	1906	139	telefonbuch_141	PTT-Archiv, P-260-1_Basel_1906	Basel
Ackermann	E.	Agentur	Hauptstrasse 269	Birsfelden	875	1906	139	telefonbuch_141	PTT-Archiv, P-260-1_Basel_1906	Basel
Apotheker	J.	zum Bären		Birsfelden	1099	1906	139	telefonbuch_141	PTT-Archiv, P-260-1_Basel_1906	Basel
Bauer	Conrad	Gasthof zum Ochsen		Birsfelden	766	1906	139	telefonbuch_141	PTT-Archiv, P-260-1_Basel_1906	Basel
Bauer-Meier	J.	Metzger		Birsfelden	1098	1906	139	telefonbuch_141	PTT-Archiv, P-260-1_Basel_1906	Basel
Bellevue		Restaurant		Birsfelden	4227	1906	139	telefonbuch_141	PTT-Archiv, P-260-1_Basel_1906	Basel
Bratteler-Neukomm	E.	Waldhaus in der Hardt		Birsfelden	4517	1906	139	telefonbuch_141	PTT-Archiv, P-260-1_Basel_1906	Basel
Breil	Hans	Zahnarzt		Birsfelden	366	1906	139	telefonbuch_141	PTT-Archiv, P-260-1_Basel_1906	Basel
Consumverein Birsfelden			Hauptstrasse 54	Birsfelden	1076	1906	139	telefonbuch_141	PTT-Archiv, P-260-1_Basel_1906	Basel
Enocari	E.	Wwe., Cement- und Baugeschäft		Birsfelden	3105	1906	139	telefonbuch_141	PTT-Archiv, P-260-1_Basel_1906	Basel
Erzer	Marco Rosa	Monti & Cie., Cementgeschäft		Birsfelden	932	1906	139	telefonbuch_141	PTT-Archiv, P-260-1_Basel_1906	Basel
Gemeindesprechstation		Postbureau		Birsfelden	4131	1906	139	telefonbuch_141	PTT-Archiv, P-260-1_Basel_1906	Basel
Hipp-Jeck	J.	Schlosserei	Gartenstrasse 288	Birsfelden	1011	1906	139	telefonbuch_141	PTT-Archiv, P-260-1_Basel_1906	Basel
Kellerhals	Heinrich	Fuhrhalter		Birsfelden	1106	1906	139	telefonbuch_141	PTT-Archiv, P-260-1_Basel_1906	Basel
König	J. G.	zur Brücke		Birsfelden	3295	1906	139	telefonbuch_141	PTT-Archiv, P-260-1_Basel_1906	Basel
Levy-Isliker	T.	Filiale, Sternenfeld		Birsfelden	887	1906	139	telefonbuch_141	PTT-Archiv, P-260-1_Basel_1906	Basel
Meier	Victor	Sandlieferant	Gartenstrasse 295	Birsfelden	196	1906	139	telefonbuch_141	PTT-Archiv, P-260-1_Basel_1906	Basel
Meyer	Hanna	Wirtschaft zur Hardt		Birsfelden	1709	1906	139	telefonbuch_141	PTT-Archiv, P-260-1_Basel_1906	Basel
Polizeiposten			Hauptstrasse 254	Birsfelden	763	1906	139	telefonbuch_141	PTT-Archiv, P-260-1_Basel_1906	Basel
Schmid	J. F.	Bäckerei und Mineralwasserfabrik	Hauptstrasse 59	Birsfelden	798	1906	139	telefonbuch_141	PTT-Archiv, P-260-1_Basel_1906	Basel
Stohler-Müller	Karl		Rheinstrasse 264	Birsfelden	136	1906	139	telefonbuch_141	PTT-Archiv, P-260-1_Basel_1906	Basel
Strub	Arnold	Gasthof zur Krone		Birsfelden	866	1906	139	telefonbuch_141	PTT-Archiv, P-260-1_Basel_1906	Basel
Urech-Kaiser	J.	Postbureau		Birsfelden	4131	1906	139	telefonbuch_141	PTT-Archiv, P-260-1_Basel_1906	Basel
Urech-Marti	W.	gemischtes Warengeschäft	Hauptstrasse 53	Birsfelden	1097	1906	139	telefonbuch_141	PTT-Archiv, P-260-1_Basel_1906	Basel
Welter	Eug.	Eisenhandlung	Rheinstrasse 481	Birsfelden	983	1906	139	telefonbuch_141	PTT-Archiv, P-260-1_Basel_1906	Basel
Kellerhals-Schaub	J. J.			Bottmingen	4225	1906	139	telefonbuch_141	PTT-Archiv, P-260-1_Basel_1906	Basel
Ritter	W.	Schloss Bottmingen		Bottmingen	2528	1906	139	telefonbuch_141	PTT-Archiv, P-260-1_Basel_1906	Basel
Stöcklin	Hans	zur Sonne		Bottmingen	448	1906	139	telefonbuch_141	PTT-Archiv, P-260-1_Basel_1906	Basel
Weiss-Dunkel	J. A.			Bottmingen	447	1906	139	telefonbuch_141	PTT-Archiv, P-260-1_Basel_1906	Basel
Eicher	Joh.	Mühle		Brüglingen	3535	1906	139	telefonbuch_141	PTT-Archiv, P-260-1_Basel_1906	Basel
Reconvalescentenstation des Bürgerspitals				Brüglingen	3554	1906	139	telefonbuch_141	PTT-Archiv, P-260-1_Basel_1906	Basel
Mersing	Jos.	Kunstgewerbliche Anstalt		Dornach	705	1906	139	telefonbuch_141	PTT-Archiv, P-260-1_Basel_1906	Basel
Muttenzer	Joseph	Gemeindeammann		Dornach	705	1906	139	telefonbuch_141	PTT-Archiv, P-260-1_Basel_1906	Basel
Rumpel	J.	Kantonsrat, zum Engel		Dornach	705	1906	139	telefonbuch_141	PTT-Archiv, P-260-1_Basel_1906	Basel
Schweizerische Metallwerke Dornach				Dornach	705	1906	139	telefonbuch_141	PTT-Archiv, P-260-1_Basel_1906	Basel
Abend-Dannegger	E.	Gasthof zum Ochsen		Dornachbrugg	705	1906	139	telefonbuch_141	PTT-Archiv, P-260-1_Basel_1906	Basel
Amthaus				Dornachbrugg	705	1906	139	telefonbuch_141	PTT-Archiv, P-260-1_Basel_1906	Basel
Boder	C.	Soloth. Kantonalbank-Agentur		Dornachbrugg	705	1906	140	telefonbuch_142	PTT-Archiv, P-260-1_Basel_1906	Basel
Eckinger	Friedr.	Ingenieur		Dornachbrugg	705	1906	140	telefonbuch_142	PTT-Archiv, P-260-1_Basel_1906	Basel
Erzer	Arthur	Cementwarenfabrikation		Dornachbrugg	705	1906	140	telefonbuch_142	PTT-Archiv, P-260-1_Basel_1906	Basel
Gasser-Ramstein	L.	Metzger und Wirt		Dornachbrugg	705	1906	140	telefonbuch_142	PTT-Archiv, P-260-1_Basel_1906	Basel
Henzi	Louis			Dornachbrugg	705	1906	140	telefonbuch_142	PTT-Archiv, P-260-1_Basel_1906	Basel
Hotel Bahnhof	Ferd. Meister-Dietler			Dornachbrugg	705	1906	140	telefonbuch_142	PTT-Archiv, P-260-1_Basel_1906	Basel
Kunstgewerbliche Werkstätte Dornach				Dornachbrugg	705	1906	140	telefonbuch_142	PTT-Archiv, P-260-1_Basel_1906	Basel
La Salle	Edouard			Dornachbrugg	705	1906	140	telefonbuch_142	PTT-Archiv, P-260-1_Basel_1906	Basel
Schedler		Dr. med.		Dornachbrugg	705	1906	140	telefonbuch_142	PTT-Archiv, P-260-1_Basel_1906	Basel
Von Arx	Otto	Rechtsanwalt		Dornachbrugg	705	1906	140	telefonbuch_142	PTT-Archiv, P-260-1_Basel_1906	Basel
Werdenberg-Respinger	Ed.			Dornachbrugg	705	1906	140	telefonbuch_142	PTT-Archiv, P-260-1_Basel_1906	Basel
Wiesendanger-Brücker	Alb.			Dornachbrugg	705	1906	140	telefonbuch_142	PTT-Archiv, P-260-1_Basel_1906	Basel
Gemeindestation		(s. Seite 42)		Duggingen	705	1906	140	telefonbuch_142	PTT-Archiv, P-260-1_Basel_1906	Basel
Bad Ettingen	L. Spitz	Propr.		Ettingen	709	1906	140	telefonbuch_142	PTT-Archiv, P-260-1_Basel_1906	Basel
Brodmann	Richard	Baumaterialien		Ettingen	709	1906	140	telefonbuch_142	PTT-Archiv, P-260-1_Basel_1906	Basel
Gemeindestation		(s. Seite 42)		Ettingen	709	1906	140	telefonbuch_142	PTT-Archiv, P-260-1_Basel_1906	Basel
Moeschlin	Emil	Wirt		Ettingen	709	1906	140	telefonbuch_142	PTT-Archiv, P-260-1_Basel_1906	Basel
Schaub	Emil	Gemeindepräsident		Ettingen	709	1906	140	telefonbuch_142	PTT-Archiv, P-260-1_Basel_1906	Basel
Thüring	Emil	Bäcker		Ettingen	709	1906	140	telefonbuch_142	PTT-Archiv, P-260-1_Basel_1906	Basel
Gemeindestation		(s. Seite 42)		Gempen	705	1906	140	telefonbuch_142	PTT-Archiv, P-260-1_Basel_1906	Basel
Frepp	Geschwister	Hôtel Bären		Grellingen	705	1906	140	telefonbuch_142	PTT-Archiv, P-260-1_Basel_1906	Basel
Gas-, Wasser- und Elektrizitätswerk Basel		Wohnung v. Brunnenmstr. Vögtlin		Grellingen	705	1906	140	telefonbuch_142	PTT-Archiv, P-260-1_Basel_1906	Basel
Industriegesellschaft für Schappe		Bureau und Direktorwohnung		Grellingen	705	1906	140	telefonbuch_142	PTT-Archiv, P-260-1_Basel_1906	Basel
Richterich	Eugen	Restaurant Bahnhof		Grellingen	705	1906	140	telefonbuch_142	PTT-Archiv, P-260-1_Basel_1906	Basel
Schaffner	Ed.	Hotel Storchen		Grellingen	705	1906	140	telefonbuch_142	PTT-Archiv, P-260-1_Basel_1906	Basel
Ziegler & Co.	Alb.	Papierfabrik		Grellingen	705	1906	140	telefonbuch_142	PTT-Archiv, P-260-1_Basel_1906	Basel
Gemeindestation		(s. Seite 42)		Hochwald	705	1906	140	telefonbuch_142	PTT-Archiv, P-260-1_Basel_1906	Basel
Bausteinfabrik Kaiseraugst				Kaiseraugst	708	1906	140	telefonbuch_142	PTT-Archiv, P-260-1_Basel_1906	Basel
Frey	F.	Salinenverwalter		Kaiseraugst	708	1906	140	telefonbuch_142	PTT-Archiv, P-260-1_Basel_1906	Basel
Kunz	Alph.	Bahnhofrestauration		Kaiseraugst	708	1906	140	telefonbuch_142	PTT-Archiv, P-260-1_Basel_1906	Basel
Saline Kaiseraugst				Kaiseraugst	708	1906	140	telefonbuch_142	PTT-Archiv, P-260-1_Basel_1906	Basel
Schonlau	Gebrüder	Cellulosefabrik		Kaiseraugst	708	1906	140	telefonbuch_142	PTT-Archiv, P-260-1_Basel_1906	Basel
Basler chemische Fabrik				Kleinhüningen	3332	1906	140	telefonbuch_142	PTT-Archiv, P-260-1_Basel_1906	Basel
Bertolf	Julie	Spezereihandlung		Kleinhüningen	3331	1906	140	telefonbuch_142	PTT-Archiv, P-260-1_Basel_1906	Basel
Clavel-Merian	A.	Landgut		Kleinhüningen	299	1906	140	telefonbuch_142	PTT-Archiv, P-260-1_Basel_1906	Basel
Consumverein	Allg.	Metzgerei-filiale		Kleinhüningen	748	1906	140	telefonbuch_142	PTT-Archiv, P-260-1_Basel_1906	Basel
Dettwyler	Theodor	Metzger	Dorfstrasse 44	Kleinhüningen	263	1906	140	telefonbuch_142	PTT-Archiv, P-260-1_Basel_1906	Basel
Gemeindestation		(s. Seite 42)		Kleinhüningen	3328	1906	140	telefonbuch_142	PTT-Archiv, P-260-1_Basel_1906	Basel
Güdemann	Friedrich		Neuhausstrasse 145	Kleinhüningen	349	1906	140	telefonbuch_142	PTT-Archiv, P-260-1_Basel_1906	Basel
Heitz	Louis	Handelsgärtner		Kleinhüningen	3334	1906	140	telefonbuch_142	PTT-Archiv, P-260-1_Basel_1906	Basel
Höfflin	Fritz	Metzger		Kleinhüningen	3326	1906	140	telefonbuch_142	PTT-Archiv, P-260-1_Basel_1906	Basel
Lipps-Portmann	Wilh.	Fuhrhalter		Kleinhüningen	363	1906	140	telefonbuch_142	PTT-Archiv, P-260-1_Basel_1906	Basel
Moebius	H.	& fils, Knochenöle und Buchdruck-Walzenmasse		Kleinhüningen	3327	1906	141	telefonbuch_143	PTT-Archiv, P-260-1_Basel_1906	Basel
Polizeiposten				Kleinhüningen	66	1906	141	telefonbuch_143	PTT-Archiv, P-260-1_Basel_1906	Basel
Schulhaus				Kleinhüningen	362	1906	141	telefonbuch_143	PTT-Archiv, P-260-1_Basel_1906	Basel
Basler Baugesellschaft		Steinbruchbetrieb und Kalkbrennerei		Münchenstein	705	1906	141	telefonbuch_143	PTT-Archiv, P-260-1_Basel_1906	Basel
Brunner-Salathé	Wilh.	Handlung		Münchenstein	705	1906	141	telefonbuch_143	PTT-Archiv, P-260-1_Basel_1906	Basel
Burckhardt	W.	Pfarrer		Münchenstein	705	1906	141	telefonbuch_143	PTT-Archiv, P-260-1_Basel_1906	Basel
Elektrizitätsgesellschaft Alioth				Münchenstein	1670	1906	141	telefonbuch_143	PTT-Archiv, P-260-1_Basel_1906	Basel
Erholungsstation Hofmatt				Münchenstein	705	1906	141	telefonbuch_143	PTT-Archiv, P-260-1_Basel_1906	Basel
Frankenbach	Georg			Münchenstein	705	1906	141	telefonbuch_143	PTT-Archiv, P-260-1_Basel_1906	Basel
Geigy-Burckhardt	M. E.	Frau, Bruckgut		Münchenstein	3911	1906	141	telefonbuch_143	PTT-Archiv, P-260-1_Basel_1906	Basel
Hotel zum Reichensteinerschloss		(Th. Kellerhals-Braun)		Münchenstein	705	1906	141	telefonbuch_143	PTT-Archiv, P-260-1_Basel_1906	Basel
Müry-Flück	E.	Asphof		Münchenstein	705	1906	141	telefonbuch_143	PTT-Archiv, P-260-1_Basel_1906	Basel
Portland-Cementfabrik Laufen		Fabrik		Münchenstein	705	1906	141	telefonbuch_143	PTT-Archiv, P-260-1_Basel_1906	Basel
Ruch-Keller				Münchenstein	705	1906	141	telefonbuch_143	PTT-Archiv, P-260-1_Basel_1906	Basel
Sulger	August	Dr., Oberes Gruth		Münchenstein	705	1906	141	telefonbuch_143	PTT-Archiv, P-260-1_Basel_1906	Basel
Van Baerle		Gebrüder		Münchenstein	705	1906	141	telefonbuch_143	PTT-Archiv, P-260-1_Basel_1906	Basel
Vogel	Xaver	Restaurant beim Bahnhof		Münchenstein	705	1906	141	telefonbuch_143	PTT-Archiv, P-260-1_Basel_1906	Basel
Wagner-Bay	Ernst			Münchenstein	705	1906	141	telefonbuch_143	PTT-Archiv, P-260-1_Basel_1906	Basel
Wagner	Louis	zum Rössli		Münchenstein	705	1906	141	telefonbuch_143	PTT-Archiv, P-260-1_Basel_1906	Basel
Basler & Cie.		Fabrik		Muttenz	678	1906	141	telefonbuch_143	PTT-Archiv, P-260-1_Basel_1906	Basel
Brüderlin-Bornhauser	A.			Muttenz	678	1906	141	telefonbuch_143	PTT-Archiv, P-260-1_Basel_1906	Basel
Buser	Joh.	Metzger und Wirt		Muttenz	678	1906	141	telefonbuch_143	PTT-Archiv, P-260-1_Basel_1906	Basel
Bundesbahnen, Schweizer.		Station		Muttenz	678	1906	141	telefonbuch_143	PTT-Archiv, P-260-1_Basel_1906	Basel
Haass	Th.	mech. Holzwarenfabrik		Muttenz	678	1906	141	telefonbuch_143	PTT-Archiv, P-260-1_Basel_1906	Basel
Helfesrieder	Bernh.	zum Bären		Muttenz	678	1906	141	telefonbuch_143	PTT-Archiv, P-260-1_Basel_1906	Basel
Hübscher	E.	Arzt		Muttenz	678	1906	141	telefonbuch_143	PTT-Archiv, P-260-1_Basel_1906	Basel
Jourdan	Sam.	Maurermeister		Muttenz	678	1906	141	telefonbuch_143	PTT-Archiv, P-260-1_Basel_1906	Basel
Juillerat	Paul			Muttenz	678	1906	141	telefonbuch_143	PTT-Archiv, P-260-1_Basel_1906	Basel
Meyer	Gottlieb	Schlosser		Muttenz	678	1906	141	telefonbuch_143	PTT-Archiv, P-260-1_Basel_1906	Basel
Pfirter	G.			Muttenz	678	1906	141	telefonbuch_143	PTT-Archiv, P-260-1_Basel_1906	Basel
Ramstein		zum Rebstock		Muttenz	678	1906	141	telefonbuch_143	PTT-Archiv, P-260-1_Basel_1906	Basel
Schorr	Fritz	zum Rössli		Muttenz	678	1906	141	telefonbuch_143	PTT-Archiv, P-260-1_Basel_1906	Basel
Senglet	F. & A.	& Co.		Muttenz	678	1906	141	telefonbuch_143	PTT-Archiv, P-260-1_Basel_1906	Basel
Strub	H.	Tierarzt		Muttenz	678	1906	141	telefonbuch_143	PTT-Archiv, P-260-1_Basel_1906	Basel
Strübin-Spiess	H.	Hof Wartenberg		Muttenz	678	1906	141	telefonbuch_143	PTT-Archiv, P-260-1_Basel_1906	Basel
Wälterlin	E.	Bahnhofrestaurant		Muttenz	678	1906	141	telefonbuch_143	PTT-Archiv, P-260-1_Basel_1906	Basel
Weber	C. F.	Dachpappenfabrik		Muttenz	678	1906	141	telefonbuch_143	PTT-Archiv, P-260-1_Basel_1906	Basel
Weiller	Simon	Viehhändler		Muttenz	678	1906	141	telefonbuch_143	PTT-Archiv, P-260-1_Basel_1906	Basel
Degen	F.	Kleiderfärberei und Chem. Wascherei		Neu-Allschwil	231	1906	141	telefonbuch_143	PTT-Archiv, P-260-1_Basel_1906	Basel
Dörflinger-Trefzger	Alfred			Neu-Allschwil	4451	1906	141	telefonbuch_143	PTT-Archiv, P-260-1_Basel_1906	Basel
Goetschy-Ketterer	Jos.	zum Stab		Neu-Allschwil	257	1906	141	telefonbuch_143	PTT-Archiv, P-260-1_Basel_1906	Basel
Kamber	Fritz	Fuhrhalter		Neu-Allschwil	2784	1906	141	telefonbuch_143	PTT-Archiv, P-260-1_Basel_1906	Basel
Polizeiposten		Neu-Allschwil		Neu-Allschwil	400	1906	141	telefonbuch_143	PTT-Archiv, P-260-1_Basel_1906	Basel
Ranft	St.	& Söhne, Baumschule		Neu-Allschwil	453	1906	141	telefonbuch_143	PTT-Archiv, P-260-1_Basel_1906	Basel
Rietmann	Alfred	Wirt		Neu-Allschwil	401	1906	141	telefonbuch_143	PTT-Archiv, P-260-1_Basel_1906	Basel
Schmoll fils & Cie.		Magazin		Neu-Allschwil	901	1906	142	telefonbuch_144	PTT-Archiv, P-260-1_Basel_1906	Basel
Sieglin	Wilhelm	Fuhrhalter		Neu-Allschwil	402	1906	142	telefonbuch_144	PTT-Archiv, P-260-1_Basel_1906	Basel
Widmer	Arnold	Zahnarzt		Neu-Allschwil	1207	1906	142	telefonbuch_144	PTT-Archiv, P-260-1_Basel_1906	Basel
Ehinger-Heusler	Alph. M.	Landgut		Neuewelt	3910	1906	142	telefonbuch_144	PTT-Archiv, P-260-1_Basel_1906	Basel
Electra Birseck				Neuewelt	3903	1906	142	telefonbuch_144	PTT-Archiv, P-260-1_Basel_1906	Basel
Fiechter	Louis B.	Fabrik		Neuewelt	969	1906	142	telefonbuch_144	PTT-Archiv, P-260-1_Basel_1906	Basel
Gisiger	Otto	zum Schwert, Ruchfeld		Neuewelt	3915	1906	142	telefonbuch_144	PTT-Archiv, P-260-1_Basel_1906	Basel
Kapp	Friedr.	Wirt		Neuewelt	4265	1906	142	telefonbuch_144	PTT-Archiv, P-260-1_Basel_1906	Basel
Peter & Cie.		Spiegelfabrik		Neuewelt	3850	1906	142	telefonbuch_144	PTT-Archiv, P-260-1_Basel_1906	Basel
Rumpf'sche Kreppweberei		A.-G., Filiale		Neuewelt	4150	1906	142	telefonbuch_144	PTT-Archiv, P-260-1_Basel_1906	Basel
Birseck'sche Produkt.- u. Consumgenoss. Oberwil		Verwaltungsgeb.		Oberwil	709	1906	142	telefonbuch_144	PTT-Archiv, P-260-1_Basel_1906	Basel
Dieselbe		Gasthof zur Krone		Oberwil	709	1906	142	telefonbuch_144	PTT-Archiv, P-260-1_Basel_1906	Basel
Birsigthalbahn		Kraftstation		Oberwil	3566	1906	142	telefonbuch_144	PTT-Archiv, P-260-1_Basel_1906	Basel
Brauerei Waldschlössli Oberwil		F. Schleeh & Cie.		Oberwil	4042	1906	142	telefonbuch_144	PTT-Archiv, P-260-1_Basel_1906	Basel
Graeter	Karl	prakt. Arzt		Oberwil	709	1906	142	telefonbuch_144	PTT-Archiv, P-260-1_Basel_1906	Basel
Gschwind, Dettwiler & Co.				Oberwil	4043	1906	142	telefonbuch_144	PTT-Archiv, P-260-1_Basel_1906	Basel
Dieselben				Oberwil	709	1906	142	telefonbuch_144	PTT-Archiv, P-260-1_Basel_1906	Basel
Hügin-Degen	Anton	zum Schwanen		Oberwil	709	1906	142	telefonbuch_144	PTT-Archiv, P-260-1_Basel_1906	Basel
Koch-Kröner	H.	Station		Oberwil	709	1906	142	telefonbuch_144	PTT-Archiv, P-260-1_Basel_1906	Basel
Mechanische Ziegelei Oberwil		J. Fleury		Oberwil	709	1906	142	telefonbuch_144	PTT-Archiv, P-260-1_Basel_1906	Basel
Nyfeler	Jakob			Oberwil	709	1906	142	telefonbuch_144	PTT-Archiv, P-260-1_Basel_1906	Basel
Polizeiposten				Oberwil	709	1906	142	telefonbuch_144	PTT-Archiv, P-260-1_Basel_1906	Basel
Gemeindestation		(s. Seite 42)		Pfeffingen	705	1906	142	telefonbuch_144	PTT-Archiv, P-260-1_Basel_1906	Basel
Maggi	Eugen	Schloss Pfeffingen		Pfeffingen	705	1906	142	telefonbuch_144	PTT-Archiv, P-260-1_Basel_1906	Basel
Aktiengesellschaft Alb. Buss & Co.				Pratteln	708	1906	142	telefonbuch_144	PTT-Archiv, P-260-1_Basel_1906	Basel
Aktiengesellschaft für Holz- und Maschinenindustrie		vorm. Osc. Faller, Fabr.		Pratteln	708	1906	142	telefonbuch_144	PTT-Archiv, P-260-1_Basel_1906	Basel
Bärtschi	Adolf	Restauration zum Bahnhof		Pratteln	708	1906	142	telefonbuch_144	PTT-Archiv, P-260-1_Basel_1906	Basel
Basler Sandstein-Fabrik Pratteln		Wilh. Brodbeck & Co.		Pratteln	708	1906	142	telefonbuch_144	PTT-Archiv, P-260-1_Basel_1906	Basel
Bundesbahnen		Schweizer., Station		Pratteln	708	1906	142	telefonbuch_144	PTT-Archiv, P-260-1_Basel_1906	Basel
Chemische Fabrik Pratteln		J. Rohner		Pratteln	708	1906	142	telefonbuch_144	PTT-Archiv, P-260-1_Basel_1906	Basel
Dalcher	Traugott			Pratteln	708	1906	142	telefonbuch_144	PTT-Archiv, P-260-1_Basel_1906	Basel
Faes & Cie.		Chemische Produkte		Pratteln	708	1906	142	telefonbuch_144	PTT-Archiv, P-260-1_Basel_1906	Basel
Grieder	Emil	zum Engel		Pratteln	708	1906	142	telefonbuch_144	PTT-Archiv, P-260-1_Basel_1906	Basel
Haegler-Straumann	Ernst			Pratteln	708	1906	142	telefonbuch_144	PTT-Archiv, P-260-1_Basel_1906	Basel
Helvetia		schweiz. Kaffee-Surrogat-Fabriken		Pratteln	708	1906	142	telefonbuch_144	PTT-Archiv, P-260-1_Basel_1906	Basel
Hüglin	Gustav	Gut Hohenrain		Pratteln	708	1906	142	telefonbuch_144	PTT-Archiv, P-260-1_Basel_1906	Basel
Keller	H.	& Cie., Galvanisationsanstalt		Pratteln	708	1906	142	telefonbuch_144	PTT-Archiv, P-260-1_Basel_1906	Basel
Kopp	P.	Tierarzt		Pratteln	708	1906	142	telefonbuch_144	PTT-Archiv, P-260-1_Basel_1906	Basel
Martin		Dr.		Pratteln	708	1906	142	telefonbuch_144	PTT-Archiv, P-260-1_Basel_1906	Basel
Martin	V.	Dr., Sohn		Pratteln	708	1906	142	telefonbuch_144	PTT-Archiv, P-260-1_Basel_1906	Basel
Messerschmidt	Ad.	Holzgrosshandlung		Pratteln	708	1906	142	telefonbuch_144	PTT-Archiv, P-260-1_Basel_1906	Basel
Meyer's	J. C.	Wwe. & Co.		Pratteln	708	1906	142	telefonbuch_144	PTT-Archiv, P-260-1_Basel_1906	Basel
Sartorius	Karl	Pfarrer		Pratteln	708	1906	142	telefonbuch_144	PTT-Archiv, P-260-1_Basel_1906	Basel
Schweizer. Kohlensäurewerke				Pratteln	708	1906	142	telefonbuch_144	PTT-Archiv, P-260-1_Basel_1906	Basel
Schwob	E.	Metzger		Pratteln	708	1906	142	telefonbuch_144	PTT-Archiv, P-260-1_Basel_1906	Basel
Stohler-Löliger	Jakob			Pratteln	708	1906	143	telefonbuch_145	PTT-Archiv, P-260-1_Basel_1906	Basel
Tschudin	E.	zum Ochsen		Pratteln	708	1906	143	telefonbuch_145	PTT-Archiv, P-260-1_Basel_1906	Basel
Wagner-Schwob	Ad.	zur Krummen Eich		Pratteln	708	1906	143	telefonbuch_145	PTT-Archiv, P-260-1_Basel_1906	Basel
Bärenbräu Reinach	J. Probst			Reinach	705	1906	143	telefonbuch_145	PTT-Archiv, P-260-1_Basel_1906	Basel
Geismar	S.	Neuhof-Schönberg		Reinach	705	1906	143	telefonbuch_145	PTT-Archiv, P-260-1_Basel_1906	Basel
Gemeindestation		(s. Seite 42)		Reinach	705	1906	143	telefonbuch_145	PTT-Archiv, P-260-1_Basel_1906	Basel
Gerber	Jakob	Reinacherhof		Reinach	705	1906	143	telefonbuch_145	PTT-Archiv, P-260-1_Basel_1906	Basel
Meyer-Kunz	Arthur	Metzger		Reinach	705	1906	143	telefonbuch_145	PTT-Archiv, P-260-1_Basel_1906	Basel
Anstalt zur guten Herberge				Riehen	707	1906	143	telefonbuch_145	PTT-Archiv, P-260-1_Basel_1906	Basel
Baumann	Dr. Ernst	prakt. Arzt		Riehen	707	1906	143	telefonbuch_145	PTT-Archiv, P-260-1_Basel_1906	Basel
Bischoff-Wunderli	Ed.	Wenkenhof		Riehen	707	1906	143	telefonbuch_145	PTT-Archiv, P-260-1_Basel_1906	Basel
Burckhardt-Burckhardt	Wwe. E.	Wenkenhof		Riehen	707	1906	143	telefonbuch_145	PTT-Archiv, P-260-1_Basel_1906	Basel
Burckhardt-VonderMühll	Frau Wwe. A. C.			Riehen	707	1906	143	telefonbuch_145	PTT-Archiv, P-260-1_Basel_1906	Basel
Bürgin-Willi	K.			Riehen	707	1906	143	telefonbuch_145	PTT-Archiv, P-260-1_Basel_1906	Basel
Consumverein		Allgemeiner		Riehen	707	1906	143	telefonbuch_145	PTT-Archiv, P-260-1_Basel_1906	Basel
Diakonissenhaus Riehen				Riehen	707	1906	143	telefonbuch_145	PTT-Archiv, P-260-1_Basel_1906	Basel
Döbeli	T.	Gasthof zum Ochsen		Riehen	707	1906	143	telefonbuch_145	PTT-Archiv, P-260-1_Basel_1906	Basel
Fischer-Schweizer	W.	zur Schlipferhalle		Riehen	707	1906	143	telefonbuch_145	PTT-Archiv, P-260-1_Basel_1906	Basel
Friedlin-Truog	Carl	Metzgerei		Riehen	707	1906	143	telefonbuch_145	PTT-Archiv, P-260-1_Basel_1906	Basel
Geigy-Buxtorf	Wwe. S.			Riehen	707	1906	143	telefonbuch_145	PTT-Archiv, P-260-1_Basel_1906	Basel
Gemeindekanzlei				Riehen	707	1906	143	telefonbuch_145	PTT-Archiv, P-260-1_Basel_1906	Basel
Gemeindesprechstation		Postbureau		Riehen	707	1906	143	telefonbuch_145	PTT-Archiv, P-260-1_Basel_1906	Basel
Glaentzlin-Fink	Georg	zum Rheinischen Hof		Riehen	707	1906	143	telefonbuch_145	PTT-Archiv, P-260-1_Basel_1906	Basel
Heilanstalt Sonnenhalde				Riehen	707	1906	143	telefonbuch_145	PTT-Archiv, P-260-1_Basel_1906	Basel
Heitz	Geschwister	Nachf. von Gustav Heitz Wwe.		Riehen	707	1906	143	telefonbuch_145	PTT-Archiv, P-260-1_Basel_1906	Basel
Heusler-Christ	D.			Riehen	707	1906	143	telefonbuch_145	PTT-Archiv, P-260-1_Basel_1906	Basel
His-Burckhardt	Frau E.			Riehen	707	1906	143	telefonbuch_145	PTT-Archiv, P-260-1_Basel_1906	Basel
Leisinger-Volz	Wilh.			Riehen	707	1906	143	telefonbuch_145	PTT-Archiv, P-260-1_Basel_1906	Basel
Lindenmeyer-Seiler	Fritz	Glöcklihof		Riehen	707	1906	143	telefonbuch_145	PTT-Archiv, P-260-1_Basel_1906	Basel
Löliger-Plattner	L.			Riehen	707	1906	143	telefonbuch_145	PTT-Archiv, P-260-1_Basel_1906	Basel
Palatini & Sohn		Baugeschäft		Riehen	707	1906	143	telefonbuch_145	PTT-Archiv, P-260-1_Basel_1906	Basel
Polizeiposten				Riehen	707	1906	143	telefonbuch_145	PTT-Archiv, P-260-1_Basel_1906	Basel
Sarasin-Bischoff	Th.			Riehen	707	1906	143	telefonbuch_145	PTT-Archiv, P-260-1_Basel_1906	Basel
Strütt	Wwe. S.			Riehen	707	1906	143	telefonbuch_145	PTT-Archiv, P-260-1_Basel_1906	Basel
Stump	E.	Materialwarenhandlung		Riehen	707	1906	143	telefonbuch_145	PTT-Archiv, P-260-1_Basel_1906	Basel
Taubstummenanstalt				Riehen	707	1906	143	telefonbuch_145	PTT-Archiv, P-260-1_Basel_1906	Basel
Veillon-Stückelberg	Dr. E.			Riehen	707	1906	143	telefonbuch_145	PTT-Archiv, P-260-1_Basel_1906	Basel
Wanner	J.	zur Mühle		Riehen	707	1906	143	telefonbuch_145	PTT-Archiv, P-260-1_Basel_1906	Basel
Weissenberger	Heinrich	Gemeindepräsident		Riehen	707	1906	143	telefonbuch_145	PTT-Archiv, P-260-1_Basel_1906	Basel
Basler Kantonalbank		Zahlstelle Riehen		Riehen		1906	143	telefonbuch_145	PTT-Archiv, P-260-1_Basel_1906	Basel
Weitnauer	Emanuel	Handelsgärtner		Riehen	707	1906	143	telefonbuch_145	PTT-Archiv, P-260-1_Basel_1906	Basel
Wenk-Löliger	Wwe. A. M.	Bäckerei		Riehen	707	1906	143	telefonbuch_145	PTT-Archiv, P-260-1_Basel_1906	Basel
Wenk-Weber	J.	Kaufladen		Riehen	707	1906	143	telefonbuch_145	PTT-Archiv, P-260-1_Basel_1906	Basel
Pilgermissionsanstalt				St. Chrischona	707	1906	143	telefonbuch_145	PTT-Archiv, P-260-1_Basel_1906	Basel
Merian (Chr.)'sche Stiftung		Domäne		St. Jakob	3565	1906	144	telefonbuch_146	PTT-Archiv, P-260-1_Basel_1906	Basel
Baumgartner	Ad.	Prof. Dr.		Schänzli	4183	1906	144	telefonbuch_146	PTT-Archiv, P-260-1_Basel_1906	Basel
Christen	J.	& Sohn, Cementröhrenfabrik	Schweizerau	Schänzli	3529	1906	144	telefonbuch_146	PTT-Archiv, P-260-1_Basel_1906	Basel
Christen	J.	Ingenieur		Schänzli	3529	1906	144	telefonbuch_146	PTT-Archiv, P-260-1_Basel_1906	Basel
Feigenwinter	J.	Wirt, zur Schanzenau		Schänzli	3724	1906	144	telefonbuch_146	PTT-Archiv, P-260-1_Basel_1906	Basel
Girod-Burckhardt	Fritz	Sandlieferant		Schänzli	427	1906	144	telefonbuch_146	PTT-Archiv, P-260-1_Basel_1906	Basel
Hirzel	Heinr.	Kalkbrennerei		Schänzli	3564	1906	144	telefonbuch_146	PTT-Archiv, P-260-1_Basel_1906	Basel
Gemeindestation		(s. Seite 42)		Schönenbuch	679	1906	144	telefonbuch_146	PTT-Archiv, P-260-1_Basel_1906	Basel
Chemische Fabrik Schweizerhall				Schweizerhalle	708	1906	144	telefonbuch_146	PTT-Archiv, P-260-1_Basel_1906	Basel
Chemische Fabrik vorm. Siegwart, Dr. Finckh & Eissner				Schweizerhalle	708	1906	144	telefonbuch_146	PTT-Archiv, P-260-1_Basel_1906	Basel
Hotel Soolbad				Schweizerhalle	708	1906	144	telefonbuch_146	PTT-Archiv, P-260-1_Basel_1906	Basel
Meyer	Adalbert	zum Rothaus		Schweizerhalle	708	1906	144	telefonbuch_146	PTT-Archiv, P-260-1_Basel_1906	Basel
Nebiker-Furler	Fritz	Wirt		Schweizerhalle	708	1906	144	telefonbuch_146	PTT-Archiv, P-260-1_Basel_1906	Basel
Petersen-Drouin		Villa Rheinlehne		Schweizerhalle	708	1906	144	telefonbuch_146	PTT-Archiv, P-260-1_Basel_1906	Basel
Petersen	Ferd.	& Co., Geschäftslokal		Schweizerhalle	708	1906	144	telefonbuch_146	PTT-Archiv, P-260-1_Basel_1906	Basel
Saline Schweizerhalle, von Glenck, Kornmann & Co.				Schweizerhalle	708	1906	144	telefonbuch_146	PTT-Archiv, P-260-1_Basel_1906	Basel
Suter	Carl			Schweizerhalle	708	1906	144	telefonbuch_146	PTT-Archiv, P-260-1_Basel_1906	Basel
Dreux	Alphons	Tierarzt		Therwil	709	1906	144	telefonbuch_146	PTT-Archiv, P-260-1_Basel_1906	Basel
Gemeindesprechstation	Emil Gutzwiller	Bäcker		Therwil	709	1906	144	telefonbuch_146	PTT-Archiv, P-260-1_Basel_1906	Basel
Gschwind	Anton	Spengler		Therwil	709	1906	144	telefonbuch_146	PTT-Archiv, P-260-1_Basel_1906	Basel
Gschwind-Kleiber	A.			Therwil	709	1906	144	telefonbuch_146	PTT-Archiv, P-260-1_Basel_1906	Basel
Gutzwiller		Gebr., mech. Schreinerei		Therwil	709	1906	144	telefonbuch_146	PTT-Archiv, P-260-1_Basel_1906	Basel
Hasenböhler	Anton	Metzger, zum Löwen		Therwil	709	1906	144	telefonbuch_146	PTT-Archiv, P-260-1_Basel_1906	Basel
Wannier	F.	Dr., Arzt		Therwil	709	1906	144	telefonbuch_146	PTT-Archiv, P-260-1_Basel_1906	Basel
Leu	Paul	Wirt zur Station		Witterswil	709	1906	144	telefonbuch_146	PTT-Archiv, P-260-1_Basel_1906	Basel
Bernard	Marie	Station communale		Boécourt		1906	145	telefonbuch_147	PTT-Archiv, P-260-1_Basel_1906	Basel
Dépôt des postes		Station communale		Courfaivre		1906	145	telefonbuch_147	PTT-Archiv, P-260-1_Basel_1906	Basel
Bureau des postes		Station communale		Lajoux		1906	145	telefonbuch_147	PTT-Archiv, P-260-1_Basel_1906	Basel
Dépôt des postes		Station communale		Saulcy		1906	145	telefonbuch_147	PTT-Archiv, P-260-1_Basel_1906	Basel
Dépôt des postes		Station communale		Soulce		1906	145	telefonbuch_147	PTT-Archiv, P-260-1_Basel_1906	Basel
Caisse d'épargne				Bassecourt		1906	145	telefonbuch_147	PTT-Archiv, P-260-1_Basel_1906	Basel
Parqueterie et scierie de Bassecourt				Bassecourt		1906	145	telefonbuch_147	PTT-Archiv, P-260-1_Basel_1906	Basel
Piquerez	frères	fabrique d'horlogerie		Bassecourt		1906	145	telefonbuch_147	PTT-Archiv, P-260-1_Basel_1906	Basel
Société d'horlogerie de Bassecourt				Bassecourt		1906	145	telefonbuch_147	PTT-Archiv, P-260-1_Basel_1906	Basel
Station publique communale		bureau des télégraphes		Bassecourt		1906	145	telefonbuch_147	PTT-Archiv, P-260-1_Basel_1906	Basel
Woyame	J.	Hôtel de la croix blanche		Bassecourt		1906	145	telefonbuch_147	PTT-Archiv, P-260-1_Basel_1906	Basel
Mérat	Joseph	marchand de vins		Berlincourt		1906	145	telefonbuch_147	PTT-Archiv, P-260-1_Basel_1906	Basel
Sauter	Wilh.	boucher		Berlincourt		1906	145	telefonbuch_147	PTT-Archiv, P-260-1_Basel_1906	Basel
Station communale (v. ci-dessus)				Boécourt		1906	145	telefonbuch_147	PTT-Archiv, P-260-1_Basel_1906	Basel
Station publique communale		Orphelinat		Châtelat		1906	145	telefonbuch_147	PTT-Archiv, P-260-1_Basel_1906	Basel
Manufacture suisse de vélocipèdes				Courfaivre		1906	145	telefonbuch_147	PTT-Archiv, P-260-1_Basel_1906	Basel
Station communale (v. ci-dessus)				Courfaivre		1906	145	telefonbuch_147	PTT-Archiv, P-260-1_Basel_1906	Basel
Station publique communale		G. Bernard		Fornet-dessous		1906	145	telefonbuch_147	PTT-Archiv, P-260-1_Basel_1906	Basel
Station publique communale		J. Crevoisier		Fornet-dessous		1906	145	telefonbuch_147	PTT-Archiv, P-260-1_Basel_1906	Basel
Berger	Gottfr.	Hôtel de la gare		Glovelier		1906	145	telefonbuch_147	PTT-Archiv, P-260-1_Basel_1906	Basel
Compagnie du chemin de fer Saignelégier-Glovelier		Exploitation		Glovelier		1906	145	telefonbuch_147	PTT-Archiv, P-260-1_Basel_1906	Basel
Röthlisberger		Scierie		Glovelier		1906	145	telefonbuch_147	PTT-Archiv, P-260-1_Basel_1906	Basel
Station publique communale		bureau des télégraphes		Glovelier		1906	145	telefonbuch_147	PTT-Archiv, P-260-1_Basel_1906	Basel
Station communale (v. ci-dessus)				Lajoux		1906	145	telefonbuch_147	PTT-Archiv, P-260-1_Basel_1906	Basel
Station publique communale		Jules Montavon		Montavon		1906	145	telefonbuch_147	PTT-Archiv, P-260-1_Basel_1906	Basel
Périnat	Chs.	aubergiste		Pichoux, le		1906	145	telefonbuch_147	PTT-Archiv, P-260-1_Basel_1906	Basel
Station communale (v. ci-dessus)				Saulcy		1906	145	telefonbuch_147	PTT-Archiv, P-260-1_Basel_1906	Basel
Station publique communale		Desiré Hennemann		Séprais		1906	145	telefonbuch_147	PTT-Archiv, P-260-1_Basel_1906	Basel
Station publique communale		Fritz Feignoux, agriculteur		Sornetan		1906	145	telefonbuch_147	PTT-Archiv, P-260-1_Basel_1906	Basel
Station publique communale		Emma Erdener		Souboz		1906	145	telefonbuch_147	PTT-Archiv, P-260-1_Basel_1906	Basel
Station communale		(v. page 145)		Soulce		1906	146	telefonbuch_148	PTT-Archiv, P-260-1_Basel_1906	Basel
Meyer frères		commerce de bois		Undervelier		1906	146	telefonbuch_148	PTT-Archiv, P-260-1_Basel_1906	Basel
Station publique communale		bureau des télégraphes		Undervelier		1906	146	telefonbuch_148	PTT-Archiv, P-260-1_Basel_1906	Basel
Tavannes Watch Co.		horlogerie		Undervelier		1906	146	telefonbuch_148	PTT-Archiv, P-260-1_Basel_1906	Basel
Bureau des télégraphes				Delémont		1906	146	telefonbuch_148	PTT-Archiv, P-260-1_Basel_1906	Basel
Koller	Xavier	agriculteur		Bourrignon		1906	146	telefonbuch_148	PTT-Archiv, P-260-1_Basel_1906	Basel
Scherrer		Concierge, Collège		Courrendlin		1906	146	telefonbuch_148	PTT-Archiv, P-260-1_Basel_1906	Basel
Dépôt postal				Courtételle		1906	146	telefonbuch_148	PTT-Archiv, P-260-1_Basel_1906	Basel
Saucy	Aug.	négt.		Develier		1906	146	telefonbuch_148	PTT-Archiv, P-260-1_Basel_1906	Basel
Dépôt postal				Mettemberg		1906	146	telefonbuch_148	PTT-Archiv, P-260-1_Basel_1906	Basel
Broquet	François	agricult.		Movelier		1906	146	telefonbuch_148	PTT-Archiv, P-260-1_Basel_1906	Basel
Odiet	Joseph			Pleigne		1906	146	telefonbuch_148	PTT-Archiv, P-260-1_Basel_1906	Basel
Brêchet	Léon	négt. en vins		Soyhières		1906	146	telefonbuch_148	PTT-Archiv, P-260-1_Basel_1906	Basel
Fabrique de Ciment de Laufon		filiale		Bellerive		1906	146	telefonbuch_148	PTT-Archiv, P-260-1_Basel_1906	Basel
Station communale		(v. ci-haut)		Bourrignon		1906	146	telefonbuch_148	PTT-Archiv, P-260-1_Basel_1906	Basel
Station publique communale		dépôt des postes		Chatillon		1906	147	telefonbuch_149	PTT-Archiv, P-260-1_Basel_1906	Basel
von Roll'sche Eisenwerke		Bureau		Choindez		1906	147	telefonbuch_149	PTT-Archiv, P-260-1_Basel_1906	Basel
von Roll'sche Eisenwerke		Cantine		Choindez		1906	147	telefonbuch_149	PTT-Archiv, P-260-1_Basel_1906	Basel
Station publique communale		Charles Hartmann, aubergiste		Corban		1906	147	telefonbuch_149	PTT-Archiv, P-260-1_Basel_1906	Basel
Station publique communale		Célestin Rais		Courcelon		1906	147	telefonbuch_149	PTT-Archiv, P-260-1_Basel_1906	Basel
Station publique communale		Joseph Paupe		Courchapoix		1906	147	telefonbuch_149	PTT-Archiv, P-260-1_Basel_1906	Basel
Caisse d'épargne				Courrendlin		1906	147	telefonbuch_149	PTT-Archiv, P-260-1_Basel_1906	Basel
Essig-Burger		dépositaire		Courrendlin		1906	147	telefonbuch_149	PTT-Archiv, P-260-1_Basel_1906	Basel
Mouillet	Louise	négte		Courrendlin		1906	147	telefonbuch_149	PTT-Archiv, P-260-1_Basel_1906	Basel
Siegenthaler	Ch.	boucher, Café de l'Etoile		Courrendlin		1906	147	telefonbuch_149	PTT-Archiv, P-260-1_Basel_1906	Basel
Station communale		(v. page 146)		Courrendlin		1906	147	telefonbuch_149	PTT-Archiv, P-260-1_Basel_1906	Basel
Berdat	Léon	Hôtel Ours		Courroux		1906	147	telefonbuch_149	PTT-Archiv, P-260-1_Basel_1906	Basel
Farine	Jacques	avocat		Courroux		1906	147	telefonbuch_149	PTT-Archiv, P-260-1_Basel_1906	Basel
Comte	Amédée	fabricant de boîtes de montres		Courtételle		1906	147	telefonbuch_149	PTT-Archiv, P-260-1_Basel_1906	Basel
Station communale		(v. page 146)		Courtételle		1906	147	telefonbuch_149	PTT-Archiv, P-260-1_Basel_1906	Basel
Abattoirs				Delémont		1906	147	telefonbuch_149	PTT-Archiv, P-260-1_Basel_1906	Basel
Alcoholdépôt				Delémont		1906	147	telefonbuch_149	PTT-Archiv, P-260-1_Basel_1906	Basel
Banque du Jura				Delémont		1906	147	telefonbuch_149	PTT-Archiv, P-260-1_Basel_1906	Basel
Banque industrielle				Delémont		1906	147	telefonbuch_149	PTT-Archiv, P-260-1_Basel_1906	Basel
Boéchat	B.	et fils		Delémont		1906	147	telefonbuch_149	PTT-Archiv, P-260-1_Basel_1906	Basel
Bourquard	F. X.	Dr.		Delémont		1906	147	telefonbuch_149	PTT-Archiv, P-260-1_Basel_1906	Basel
Brasserie du Lion		Dépôt		Delémont		1906	147	telefonbuch_149	PTT-Archiv, P-260-1_Basel_1906	Basel
Brasserie par actions				Delémont		1906	147	telefonbuch_149	PTT-Archiv, P-260-1_Basel_1906	Basel
Brasserie du Saumon Rheinfelden				Delémont		1906	147	telefonbuch_149	PTT-Archiv, P-260-1_Basel_1906	Basel
Bueche	Gustave	Métropole		Delémont		1906	147	telefonbuch_149	PTT-Archiv, P-260-1_Basel_1906	Basel
Burger	Otto	boucher, Hôtel de la „Cigogne“		Delémont		1906	147	telefonbuch_149	PTT-Archiv, P-260-1_Basel_1906	Basel
Burkhard	J.	ferblantier		Delémont		1906	147	telefonbuch_149	PTT-Archiv, P-260-1_Basel_1906	Basel
Butignot	Ed.	Dr. méd.		Delémont		1906	147	telefonbuch_149	PTT-Archiv, P-260-1_Basel_1906	Basel
Caisse d'épargne et de crédit				Delémont		1906	147	telefonbuch_149	PTT-Archiv, P-260-1_Basel_1906	Basel
Cardinaux	A.	dentiste		Delémont		1906	147	telefonbuch_149	PTT-Archiv, P-260-1_Basel_1906	Basel
Ceppi	J.	Avocat		Delémont		1906	147	telefonbuch_149	PTT-Archiv, P-260-1_Basel_1906	Basel
Ceppi	Rinaldo	entrepreneur		Delémont		1906	147	telefonbuch_149	PTT-Archiv, P-260-1_Basel_1906	Basel
Chardon	P.	Dr.		Delémont		1906	147	telefonbuch_149	PTT-Archiv, P-260-1_Basel_1906	Basel
Chemins de fer fédéraux		gare des marchandises		Delémont		1906	147	telefonbuch_149	PTT-Archiv, P-260-1_Basel_1906	Basel
Choquard	J.	Co., brasserie		Delémont		1906	147	telefonbuch_149	PTT-Archiv, P-260-1_Basel_1906	Basel
Comte	Joseph	négt.		Delémont		1906	147	telefonbuch_149	PTT-Archiv, P-260-1_Basel_1906	Basel
Consommation				Delémont		1906	147	telefonbuch_149	PTT-Archiv, P-260-1_Basel_1906	Basel
Contrôle fédéral des ouvrages or et argent				Delémont		1906	147	telefonbuch_149	PTT-Archiv, P-260-1_Basel_1906	Basel
Coutellerie suisse				Delémont		1906	147	telefonbuch_149	PTT-Archiv, P-260-1_Basel_1906	Basel
Cuénat	Léon	Hôtel „Tour rouge“		Delémont		1906	147	telefonbuch_149	PTT-Archiv, P-260-1_Basel_1906	Basel
Cuttat	Albert	avocat		Delémont		1906	147	telefonbuch_149	PTT-Archiv, P-260-1_Basel_1906	Basel
Droguerie de Delémont				Delémont		1906	147	telefonbuch_149	PTT-Archiv, P-260-1_Basel_1906	Basel
Elektrizitätswerk Wangen		Bureau Delémont		Delémont		1906	147	telefonbuch_149	PTT-Archiv, P-260-1_Basel_1906	Basel
Enard	J.	photographe		Delémont		1906	147	telefonbuch_149	PTT-Archiv, P-260-1_Basel_1906	Basel
Fabrique jurassienne de meubles				Delémont		1906	148	telefonbuch_150	PTT-Archiv, P-260-1_Basel_1906	Basel
Fell	Jules	restaurateur		Delémont		1906	148	telefonbuch_150	PTT-Archiv, P-260-1_Basel_1906	Basel
Fessenmayer	A.	pharmacien		Delémont		1906	148	telefonbuch_150	PTT-Archiv, P-260-1_Basel_1906	Basel
Feune	Edouard	pharmacien		Delémont		1906	148	telefonbuch_150	PTT-Archiv, P-260-1_Basel_1906	Basel
Fleury	Paul	vétérinaire		Delémont		1906	148	telefonbuch_150	PTT-Archiv, P-260-1_Basel_1906	Basel
Fouillat	J. Ls.	entrepreneur		Delémont		1906	148	telefonbuch_150	PTT-Archiv, P-260-1_Basel_1906	Basel
Fréléchoux	Leon	notaire		Delémont		1906	148	telefonbuch_150	PTT-Archiv, P-260-1_Basel_1906	Basel
Frey	Otto	architecte		Delémont		1906	148	telefonbuch_150	PTT-Archiv, P-260-1_Basel_1906	Basel
Freyvogel-Schaffter		architecte	Bains	Delémont		1906	148	telefonbuch_150	PTT-Archiv, P-260-1_Basel_1906	Basel
Froidevaux	Oscar			Delémont		1906	148	telefonbuch_150	PTT-Archiv, P-260-1_Basel_1906	Basel
Fuchs	Béat	négociant		Delémont		1906	148	telefonbuch_150	PTT-Archiv, P-260-1_Basel_1906	Basel
Gendarmerie cantonale				Delémont		1906	148	telefonbuch_150	PTT-Archiv, P-260-1_Basel_1906	Basel
Gerber frères & Co.		Fabrique d'horlogerie		Delémont		1906	148	telefonbuch_150	PTT-Archiv, P-260-1_Basel_1906	Basel
Gerber	Jean	fils, doreur		Delémont		1906	148	telefonbuch_150	PTT-Archiv, P-260-1_Basel_1906	Basel
Glutz	Joseph	dépositaire		Delémont		1906	148	telefonbuch_150	PTT-Archiv, P-260-1_Basel_1906	Basel
Goetschel	Maurice	avocat		Delémont		1906	148	telefonbuch_150	PTT-Archiv, P-260-1_Basel_1906	Basel
Gouvernon	Arthur	banque		Delémont		1906	148	telefonbuch_150	PTT-Archiv, P-260-1_Basel_1906	Basel
Gouvernon	Arthur	domicile		Delémont		1906	148	telefonbuch_150	PTT-Archiv, P-260-1_Basel_1906	Basel
Güder	Joh.	restaurateur		Delémont		1906	148	telefonbuch_150	PTT-Archiv, P-260-1_Basel_1906	Basel
Gygax	Gottfried	scierie		Delémont		1906	148	telefonbuch_150	PTT-Archiv, P-260-1_Basel_1906	Basel
Haasenstein & Vogler				Delémont		1906	148	telefonbuch_150	PTT-Archiv, P-260-1_Basel_1906	Basel
Hauert frères		brasserie, dépôt		Delémont		1906	148	telefonbuch_150	PTT-Archiv, P-260-1_Basel_1906	Basel
Helg-Berbier		fabr. d'horlogerie		Delémont		1906	148	telefonbuch_150	PTT-Archiv, P-260-1_Basel_1906	Basel
Helg	Joseph	forestier d'arrdt.		Delémont		1906	148	telefonbuch_150	PTT-Archiv, P-260-1_Basel_1906	Basel
Hochuli	Fritz	Hôtel de la gare - Terminus		Delémont		1906	148	telefonbuch_150	PTT-Archiv, P-260-1_Basel_1906	Basel
Hôpital				Delémont		1906	148	telefonbuch_150	PTT-Archiv, P-260-1_Basel_1906	Basel
Hôtel des Bains		(Freyvogel-Schaffter)		Delémont		1906	148	telefonbuch_150	PTT-Archiv, P-260-1_Basel_1906	Basel
Hôtel de la Cigogne		(O. Burger)		Delémont		1906	148	telefonbuch_150	PTT-Archiv, P-260-1_Basel_1906	Basel
Hôtel du Faucon				Delémont		1906	148	telefonbuch_150	PTT-Archiv, P-260-1_Basel_1906	Basel
Hôtel de la gare - Terminus		(Fr. Hochuli)		Delémont		1906	148	telefonbuch_150	PTT-Archiv, P-260-1_Basel_1906	Basel
Hôtel du Lion d'or				Delémont		1906	148	telefonbuch_150	PTT-Archiv, P-260-1_Basel_1906	Basel
Hôtel du Soleil		(E. Nussbaum)		Delémont		1906	148	telefonbuch_150	PTT-Archiv, P-260-1_Basel_1906	Basel
Hôtel Tour rouge		(L. Cuénat)		Delémont		1906	148	telefonbuch_150	PTT-Archiv, P-260-1_Basel_1906	Basel
Hôtel Victoria		(Vve. Pallain-Eckert)		Delémont		1906	148	telefonbuch_150	PTT-Archiv, P-260-1_Basel_1906	Basel
Imhoff	Chs.	& Co., serruriers mécaniciens		Delémont		1906	148	telefonbuch_150	PTT-Archiv, P-260-1_Basel_1906	Basel
Ingénieur d'arrondissement				Delémont		1906	148	telefonbuch_150	PTT-Archiv, P-260-1_Basel_1906	Basel
Jacoby	Max	boucher		Delémont		1906	148	telefonbuch_150	PTT-Archiv, P-260-1_Basel_1906	Basel
Jacquemai frères		mécaniciens		Delémont		1906	148	telefonbuch_150	PTT-Archiv, P-260-1_Basel_1906	Basel
Jeanneret	Henri	vétérinaire		Delémont		1906	148	telefonbuch_150	PTT-Archiv, P-260-1_Basel_1906	Basel
Joray	Albert	notaire		Delémont		1906	148	telefonbuch_150	PTT-Archiv, P-260-1_Basel_1906	Basel
Kaiser	J.	Dr. méd.		Delémont		1906	148	telefonbuch_150	PTT-Archiv, P-260-1_Basel_1906	Basel
Kohler	Emile	sellier		Delémont		1906	148	telefonbuch_150	PTT-Archiv, P-260-1_Basel_1906	Basel
Kühnle	Charles	grands magasins		Delémont		1906	148	telefonbuch_150	PTT-Archiv, P-260-1_Basel_1906	Basel
Lachat	Emile			Delémont		1906	148	telefonbuch_150	PTT-Archiv, P-260-1_Basel_1906	Basel
Maître-Merz	Achille	restaurateur		Delémont		1906	148	telefonbuch_150	PTT-Archiv, P-260-1_Basel_1906	Basel
Martella	Jean	ferblantier		Delémont		1906	148	telefonbuch_150	PTT-Archiv, P-260-1_Basel_1906	Basel
Meier	E.	géomètre du Concordat		Delémont		1906	148	telefonbuch_150	PTT-Archiv, P-260-1_Basel_1906	Basel
Meister-Schild		Bazar jurassien		Delémont		1906	148	telefonbuch_150	PTT-Archiv, P-260-1_Basel_1906	Basel
Meyer frères		entrepreneurs		Delémont		1906	148	telefonbuch_150	PTT-Archiv, P-260-1_Basel_1906	Basel
Mouche	Chs.	Restaurant J. S.		Delémont		1906	148	telefonbuch_150	PTT-Archiv, P-260-1_Basel_1906	Basel
Municipalité		Hôtel de ville, Police locale		Delémont		1906	149	telefonbuch_151	PTT-Archiv, P-260-1_Basel_1906	Basel
Müry-Hammesfahr				Delémont		1906	149	telefonbuch_151	PTT-Archiv, P-260-1_Basel_1906	Basel
Nussbaum	E.	Hôtel du Soleil		Delémont		1906	149	telefonbuch_151	PTT-Archiv, P-260-1_Basel_1906	Basel
Nussbaum	Samuel	restaurateur		Delémont		1906	149	telefonbuch_151	PTT-Archiv, P-260-1_Basel_1906	Basel
Pallain-Eckert		Vve., Hôtel Victoria		Delémont		1906	149	telefonbuch_151	PTT-Archiv, P-260-1_Basel_1906	Basel
Philippe	François	négt.		Delémont		1906	149	telefonbuch_151	PTT-Archiv, P-260-1_Basel_1906	Basel
Postes		ville		Delémont		1906	149	telefonbuch_151	PTT-Archiv, P-260-1_Basel_1906	Basel
Postes		transit		Delémont		1906	149	telefonbuch_151	PTT-Archiv, P-260-1_Basel_1906	Basel
Préfecture du district				Delémont		1906	149	telefonbuch_151	PTT-Archiv, P-260-1_Basel_1906	Basel
Rais	Louis	magasin de fers		Delémont		1906	149	telefonbuch_151	PTT-Archiv, P-260-1_Basel_1906	Basel
Regli	Paul	méd. dentiste		Delémont		1906	149	telefonbuch_151	PTT-Archiv, P-260-1_Basel_1906	Basel
Rippstein	F. & J.	denrées coloniales		Delémont		1906	149	telefonbuch_151	PTT-Archiv, P-260-1_Basel_1906	Basel
Ruedin & Co.		fabrique d'horlogerie		Delémont		1906	149	telefonbuch_151	PTT-Archiv, P-260-1_Basel_1906	Basel
Ruedin	J.	villa		Delémont		1906	149	telefonbuch_151	PTT-Archiv, P-260-1_Basel_1906	Basel
Schmid	Oscar	& Co., négt. fers		Delémont		1906	149	telefonbuch_151	PTT-Archiv, P-260-1_Basel_1906	Basel
Senn & Cie.		banquiers		Delémont		1906	149	telefonbuch_151	PTT-Archiv, P-260-1_Basel_1906	Basel
Service du gaz		Rothenbach & Cie.		Delémont		1906	149	telefonbuch_151	PTT-Archiv, P-260-1_Basel_1906	Basel
Siegfried	Gérald	notaire		Delémont		1906	149	telefonbuch_151	PTT-Archiv, P-260-1_Basel_1906	Basel
Simon	Jacob	charpentier		Delémont		1906	149	telefonbuch_151	PTT-Archiv, P-260-1_Basel_1906	Basel
Société de tir		Restaurant du Stand		Delémont		1906	149	telefonbuch_151	PTT-Archiv, P-260-1_Basel_1906	Basel
Tschopp	François	boucher		Delémont		1906	149	telefonbuch_151	PTT-Archiv, P-260-1_Basel_1906	Basel
Vallat	Max	Dr. méd.		Delémont		1906	149	telefonbuch_151	PTT-Archiv, P-260-1_Basel_1906	Basel
Viatte-Crelier	L.	avocat		Delémont		1906	149	telefonbuch_151	PTT-Archiv, P-260-1_Basel_1906	Basel
Weber	Hans	Ingénieur		Delémont		1906	149	telefonbuch_151	PTT-Archiv, P-260-1_Basel_1906	Basel
Wermeille	François	Dr. méd.		Delémont		1906	149	telefonbuch_151	PTT-Archiv, P-260-1_Basel_1906	Basel
Zurbrügg & Cie.		combustibles		Delémont		1906	149	telefonbuch_151	PTT-Archiv, P-260-1_Basel_1906	Basel
Zurbrügg	E.	domicile		Delémont		1906	149	telefonbuch_151	PTT-Archiv, P-260-1_Basel_1906	Basel
Station communale		(v. page 146)		Develier		1906	149	telefonbuch_151	PTT-Archiv, P-260-1_Basel_1906	Basel
Station publique communale		Dépôt des postes		Ederswiler		1906	149	telefonbuch_151	PTT-Archiv, P-260-1_Basel_1906	Basel
Elektrizitätswerk Wangen				Envelier		1906	149	telefonbuch_151	PTT-Archiv, P-260-1_Basel_1906	Basel
Station publique communale		Bureau des télégraphes		Mervelier		1906	149	telefonbuch_151	PTT-Archiv, P-260-1_Basel_1906	Basel
Station communale		(v. page 146)		Mettemberg		1906	149	telefonbuch_151	PTT-Archiv, P-260-1_Basel_1906	Basel
Station publique communale		Justin Chételat		Montsevelier		1906	149	telefonbuch_151	PTT-Archiv, P-260-1_Basel_1906	Basel
Meyer	Auguste	restaurateur		Moulin-neuf		1906	149	telefonbuch_151	PTT-Archiv, P-260-1_Basel_1906	Basel
Station communale		(v. page 146)		Movelier		1906	149	telefonbuch_151	PTT-Archiv, P-260-1_Basel_1906	Basel
Station communale		(v. page 146)		Pleigne		1906	149	telefonbuch_151	PTT-Archiv, P-260-1_Basel_1906	Basel
Station publique communale		Joseph Jacquemai		Roggenburg		1906	149	telefonbuch_151	PTT-Archiv, P-260-1_Basel_1906	Basel
ferme du		près Soyhières		Rohrberg		1906	149	telefonbuch_151	PTT-Archiv, P-260-1_Basel_1906	Basel
von Roll'sche Eisenwerke				Rondez, les		1906	149	telefonbuch_151	PTT-Archiv, P-260-1_Basel_1906	Basel
Station publique communale		Dépôt des postes		Rossemaison		1906	150	telefonbuch_152	PTT-Archiv, P-260-1_Basel_1906	Basel
Steulet	Gustave	auberge de la Couronne		Rossemaison		1906	150	telefonbuch_152	PTT-Archiv, P-260-1_Basel_1906	Basel
Station communale				Soyhières		1906	150	telefonbuch_152	PTT-Archiv, P-260-1_Basel_1906	Basel
Mertenat	Anna	Hôtel du Jura		Soyhières		1906	150	telefonbuch_152	PTT-Archiv, P-260-1_Basel_1906	Basel
Richard	Ernest	buffet de la gare		Soyhières		1906	150	telefonbuch_152	PTT-Archiv, P-260-1_Basel_1906	Basel
Elektrizitätswerk Wangen				Vermes		1906	150	telefonbuch_152	PTT-Archiv, P-260-1_Basel_1906	Basel
Station publique communale				Vicques		1906	150	telefonbuch_152	PTT-Archiv, P-260-1_Basel_1906	Basel
Reyser	Jules	café		Vicques		1906	150	telefonbuch_152	PTT-Archiv, P-260-1_Basel_1906	Basel
Schaffner	Heinrich	Gemeindestation		Anwil (Baselland)		1906	150	telefonbuch_152	PTT-Archiv, P-260-1_Basel_1906	Basel
Kaufmann-Ruesch	Karl	Gemeindestation		Buus		1906	150	telefonbuch_152	PTT-Archiv, P-260-1_Basel_1906	Basel
Hürbi	Peter	Gemeindestation		Kienberg (Solothurn)		1906	150	telefonbuch_152	PTT-Archiv, P-260-1_Basel_1906	Basel
Grieder-Bitterlin	Adolf	Gemeindestation		Kilchberg (Baselland)		1906	150	telefonbuch_152	PTT-Archiv, P-260-1_Basel_1906	Basel
Meier	Lydia	Fräulein, Gemeindestation		Maisprach		1906	150	telefonbuch_152	PTT-Archiv, P-260-1_Basel_1906	Basel
Postbureau		Gemeindestation		Oltingen		1906	150	telefonbuch_152	PTT-Archiv, P-260-1_Basel_1906	Basel
Postbureau		Gemeindestation		Ormalingen		1906	150	telefonbuch_152	PTT-Archiv, P-260-1_Basel_1906	Basel
Handschin	Samuel	Gemeindestation		Rickenbach (Baselland)		1906	150	telefonbuch_152	PTT-Archiv, P-260-1_Basel_1906	Basel
Rieder	Wwe.	z. Hirschen, Gemeindestation		Rothenfluh (Baselland)		1906	150	telefonbuch_152	PTT-Archiv, P-260-1_Basel_1906	Basel
Sacker	Joh.	zum Löwen, Gemeindestation		Rünenberg		1906	150	telefonbuch_152	PTT-Archiv, P-260-1_Basel_1906	Basel
Postbureau		Gemeindestation		Tecknau		1906	150	telefonbuch_152	PTT-Archiv, P-260-1_Basel_1906	Basel
Thommen	Arnold	z. Ochsen, Gemeindestation		Wenslingen		1906	150	telefonbuch_152	PTT-Archiv, P-260-1_Basel_1906	Basel
Bieder	Eduard	zum Rössli, Gemeindestation		Zeglingen		1906	150	telefonbuch_152	PTT-Archiv, P-260-1_Basel_1906	Basel
Fiechter	K.	Posthalter		Böckten		1906	150	telefonbuch_152	PTT-Archiv, P-260-1_Basel_1906	Basel
Brauerei Farnsburg				Gelterkinden		1906	150	telefonbuch_152	PTT-Archiv, P-260-1_Basel_1906	Basel
Denger	Emanuel	Negt.		Gelterkinden		1906	150	telefonbuch_152	PTT-Archiv, P-260-1_Basel_1906	Basel
Elektra Sissach-Gelterkinden		(Verwalter)		Gelterkinden		1906	151	telefonbuch_153	PTT-Archiv, P-260-1_Basel_1906	Basel
Fiechter-Recher	F.	Weinhandlung		Gelterkinden		1906	151	telefonbuch_153	PTT-Archiv, P-260-1_Basel_1906	Basel
Gerster	Emil	Mechaniker		Gelterkinden		1906	151	telefonbuch_153	PTT-Archiv, P-260-1_Basel_1906	Basel
Gerster	Karl	Tierarzt		Gelterkinden		1906	151	telefonbuch_153	PTT-Archiv, P-260-1_Basel_1906	Basel
Gesellschaft für Bandfabrikation				Gelterkinden		1906	151	telefonbuch_153	PTT-Archiv, P-260-1_Basel_1906	Basel
Handschin	Jakob	Metzger		Gelterkinden		1906	151	telefonbuch_153	PTT-Archiv, P-260-1_Basel_1906	Basel
Handschin-Scholer		Wwe.		Gelterkinden		1906	151	telefonbuch_153	PTT-Archiv, P-260-1_Basel_1906	Basel
Hypothekenbank, basellandschaftliche		Filiale		Gelterkinden		1906	151	telefonbuch_153	PTT-Archiv, P-260-1_Basel_1906	Basel
Kantonalbank, basellandschaftliche		Filiale		Gelterkinden		1906	151	telefonbuch_153	PTT-Archiv, P-260-1_Basel_1906	Basel
Schäublin	H.	Dr. med.		Gelterkinden		1906	151	telefonbuch_153	PTT-Archiv, P-260-1_Basel_1906	Basel
Seiler & Cie.				Gelterkinden		1906	151	telefonbuch_153	PTT-Archiv, P-260-1_Basel_1906	Basel
Thaler	Otto	Gasthof zum Rössli		Gelterkinden		1906	151	telefonbuch_153	PTT-Archiv, P-260-1_Basel_1906	Basel
Thommen	J.	Dr. med.		Gelterkinden		1906	151	telefonbuch_153	PTT-Archiv, P-260-1_Basel_1906	Basel
Wagner	Gebrüder			Gelterkinden		1906	151	telefonbuch_153	PTT-Archiv, P-260-1_Basel_1906	Basel
Rieder-Plattner	Hch.	Handlung		Ormalingen		1906	151	telefonbuch_153	PTT-Archiv, P-260-1_Basel_1906	Basel
Dettwiler	Mart.			Bachthalen		1906	151	telefonbuch_153	PTT-Archiv, P-260-1_Basel_1906	Basel
Bader	Gustav	zum Kreuz		Holderbank		1906	151	telefonbuch_153	PTT-Archiv, P-260-1_Basel_1906	Basel
Bader	Philipp	zur Eintracht		Holderbank		1906	151	telefonbuch_153	PTT-Archiv, P-260-1_Basel_1906	Basel
Dettwiler-Jeker	E.	Kurort Alt-Bechburg		Holderbank		1906	151	telefonbuch_153	PTT-Archiv, P-260-1_Basel_1906	Basel
Erholungsstation Kilchzimmer				Kilchzimmer		1906	152	telefonbuch_154	PTT-Archiv, P-260-1_Basel_1906	Basel
Burckhardt	Ernst	Dr., Sanatorium Erzenberg		Langenbruck		1906	152	telefonbuch_154	PTT-Archiv, P-260-1_Basel_1906	Basel
Dettwiler-Bader	Albert		im Dürstel	Langenbruck		1906	152	telefonbuch_154	PTT-Archiv, P-260-1_Basel_1906	Basel
Dettwiler	Gustav	Fuhrhalter		Langenbruck		1906	152	telefonbuch_154	PTT-Archiv, P-260-1_Basel_1906	Basel
Dettwiler	Theodor	zum Ochsen		Langenbruck		1906	152	telefonbuch_154	PTT-Archiv, P-260-1_Basel_1906	Basel
Erholungsstation „zur obern Au“				Langenbruck		1906	152	telefonbuch_154	PTT-Archiv, P-260-1_Basel_1906	Basel
Grieder-Kunz	Heinrich	zum Bären		Langenbruck		1906	152	telefonbuch_154	PTT-Archiv, P-260-1_Basel_1906	Basel
Hutmacher	Fr.	Bäckerei und Kaffeehalle		Langenbruck		1906	152	telefonbuch_154	PTT-Archiv, P-260-1_Basel_1906	Basel
Kurhaus		(Schwestern Renggli)		Langenbruck		1906	152	telefonbuch_154	PTT-Archiv, P-260-1_Basel_1906	Basel
Pension zur Linde		(Emil Dettwiler)		Langenbruck		1906	152	telefonbuch_154	PTT-Archiv, P-260-1_Basel_1906	Basel
Pension Schneider		(Familie Schneider)		Langenbruck		1906	152	telefonbuch_154	PTT-Archiv, P-260-1_Basel_1906	Basel
Pension Stäheli		(J. Stäheli-Hafen)		Langenbruck		1906	152	telefonbuch_154	PTT-Archiv, P-260-1_Basel_1906	Basel
Gemeindestation		mit Telegraphendienst, Postablage		Häfelfingen		1906	152	telefonbuch_154	PTT-Archiv, P-260-1_Basel_1906	Basel
Bürgin	Emil	Gasthaus zum Mond		Buckten		1906	152	telefonbuch_154	PTT-Archiv, P-260-1_Basel_1906	Basel
Meyer	F.	Dr. med.		Buckten		1906	152	telefonbuch_154	PTT-Archiv, P-260-1_Basel_1906	Basel
Plattner-Stucki	E.	Pension zur Linde		Eptingen		1906	152	telefonbuch_154	PTT-Archiv, P-260-1_Basel_1906	Basel
Gemeindestation		(s. oben)		Häfelfingen		1906	152	telefonbuch_154	PTT-Archiv, P-260-1_Basel_1906	Basel
Hof	J. E.	Steingeschäft		Hauenstein (Solothurn)		1906	152	telefonbuch_154	PTT-Archiv, P-260-1_Basel_1906	Basel
Kamber-von Arx	Wwe.	zum Löwen		Hauenstein (Solothurn)		1906	152	telefonbuch_154	PTT-Archiv, P-260-1_Basel_1906	Basel
Balz	Friedr.	Kaufmann		Läufelfingen		1906	153	telefonbuch_155	PTT-Archiv, P-260-1_Basel_1906	Basel
Gipswerk Ruf & Co.				Läufelfingen		1906	153	telefonbuch_155	PTT-Archiv, P-260-1_Basel_1906	Basel
Hunziker	Hans	Gasthaus zur Sonne		Läufelfingen		1906	153	telefonbuch_155	PTT-Archiv, P-260-1_Basel_1906	Basel
Kohler	Lukas	Kaufmann		Läufelfingen		1906	153	telefonbuch_155	PTT-Archiv, P-260-1_Basel_1906	Basel
Jenny	Gebrüder Jak. und Aug.	Kurort		Ramsach		1906	153	telefonbuch_155	PTT-Archiv, P-260-1_Basel_1906	Basel
Glauser	Rudolf			Reisen		1906	153	telefonbuch_155	PTT-Archiv, P-260-1_Basel_1906	Basel
Walser	Arnold			Wisen		1906	153	telefonbuch_155	PTT-Archiv, P-260-1_Basel_1906	Basel
Kern	Joseph	Confiseur	Grosse Strasse 86/87	Laufen		1906	153	telefonbuch_155	PTT-Archiv, P-260-1_Basel_1906	Basel
Telegraphenbureau		Aufgaberaum		Laufen		1906	153	telefonbuch_155	PTT-Archiv, P-260-1_Basel_1906	Basel
Fringeli	J. Val.			Bärschwil		1906	153	telefonbuch_155	PTT-Archiv, P-260-1_Basel_1906	Basel
Wirtschaft Stachel				Blauen		1906	153	telefonbuch_155	PTT-Archiv, P-260-1_Basel_1906	Basel
Postablage				Brislach		1906	153	telefonbuch_155	PTT-Archiv, P-260-1_Basel_1906	Basel
Jermann	Frid.	Wirt		Dittingen		1906	154	telefonbuch_156	PTT-Archiv, P-260-1_Basel_1906	Basel
Saner	E.	Ammann		Erschwil		1906	154	telefonbuch_156	PTT-Archiv, P-260-1_Basel_1906	Basel
Ackermann	M.	Kantonsrat		Fehren		1906	154	telefonbuch_156	PTT-Archiv, P-260-1_Basel_1906	Basel
Postablage				Grindel (Solothurn)		1906	154	telefonbuch_156	PTT-Archiv, P-260-1_Basel_1906	Basel
Gasthof zum Engel				Kleinlützel		1906	154	telefonbuch_156	PTT-Archiv, P-260-1_Basel_1906	Basel
Steiner	Albertine	Frl.		Liesberg		1906	154	telefonbuch_156	PTT-Archiv, P-260-1_Basel_1906	Basel
Ackermann	Emma	Frl.		Meltingen		1906	154	telefonbuch_156	PTT-Archiv, P-260-1_Basel_1906	Basel
Steiner	Karl	Unternehmer		Riederwald (Unter-)		1906	154	telefonbuch_156	PTT-Archiv, P-260-1_Basel_1906	Basel
Cueni	Simon	zum Rössli		Röschenz		1906	154	telefonbuch_156	PTT-Archiv, P-260-1_Basel_1906	Basel
Hänzi	Hans	Wirt		Wahlen bei Laufen		1906	154	telefonbuch_156	PTT-Archiv, P-260-1_Basel_1906	Basel
Stebler	Urs	Lehrer		Zullwil		1906	154	telefonbuch_156	PTT-Archiv, P-260-1_Basel_1906	Basel
Postbureau				Zwingen		1906	154	telefonbuch_156	PTT-Archiv, P-260-1_Basel_1906	Basel
Gemeindestation				Bärschwil		1906	154	telefonbuch_156	PTT-Archiv, P-260-1_Basel_1906	Basel
Hydraulische Kalk- und Gypsfabrik		Bureau beim Bahnhof		Bärschwil		1906	154	telefonbuch_156	PTT-Archiv, P-260-1_Basel_1906	Basel
Gemeindestation				Blauen		1906	154	telefonbuch_156	PTT-Archiv, P-260-1_Basel_1906	Basel
Amthaus				Breitenbach		1906	154	telefonbuch_156	PTT-Archiv, P-260-1_Basel_1906	Basel
Doppler	Alphons	Dr.		Breitenbach		1906	154	telefonbuch_156	PTT-Archiv, P-260-1_Basel_1906	Basel
Haberthür	Theophil			Breitenbach		1906	154	telefonbuch_156	PTT-Archiv, P-260-1_Basel_1906	Basel
Roth	Marie	Wwe., Gasthof zum weissen Kreuz		Breitenbach		1906	154	telefonbuch_156	PTT-Archiv, P-260-1_Basel_1906	Basel
Schweizerische Isola-Werke				Breitenbach		1906	154	telefonbuch_156	PTT-Archiv, P-260-1_Basel_1906	Basel
Uhrenfabrik Breitenbach		Hugi, Marti & Cie.		Breitenbach		1906	154	telefonbuch_156	PTT-Archiv, P-260-1_Basel_1906	Basel
Aktiengesellschaft Steinbruch Brislach				Brislach		1906	154	telefonbuch_156	PTT-Archiv, P-260-1_Basel_1906	Basel
Gemeindestation				Brislach		1906	154	telefonbuch_156	PTT-Archiv, P-260-1_Basel_1906	Basel
Gemeindesprechstation		Schulhaus		Büsserach		1906	154	telefonbuch_156	PTT-Archiv, P-260-1_Basel_1906	Basel
Miesch-Roth	A.	zur Post		Büsserach		1906	154	telefonbuch_156	PTT-Archiv, P-260-1_Basel_1906	Basel
Saner	Arnold	zum Kreuz		Büsserach		1906	154	telefonbuch_156	PTT-Archiv, P-260-1_Basel_1906	Basel
Cementfabrik		Basler		Dittingen		1906	154	telefonbuch_156	PTT-Archiv, P-260-1_Basel_1906	Basel
Gemeindestation				Dittingen		1906	154	telefonbuch_156	PTT-Archiv, P-260-1_Basel_1906	Basel
Gemeindestation				Erschwil		1906	154	telefonbuch_156	PTT-Archiv, P-260-1_Basel_1906	Basel
Gemeindestation				Fehren		1906	154	telefonbuch_156	PTT-Archiv, P-260-1_Basel_1906	Basel
Gemeindestation				Grindel		1906	154	telefonbuch_156	PTT-Archiv, P-260-1_Basel_1906	Basel
Gemeindestation				Kleinlützel		1906	154	telefonbuch_156	PTT-Archiv, P-260-1_Basel_1906	Basel
Mechanische Schlosserei Kleinlützel				Kleinlützel		1906	154	telefonbuch_156	PTT-Archiv, P-260-1_Basel_1906	Basel
Bachofen-Dennler	Wilh.	Bureau		Laufen		1906	154	telefonbuch_156	PTT-Archiv, P-260-1_Basel_1906	Basel
Bietry-Gerster	J.	Gasthof zum Lamm		Laufen		1906	154	telefonbuch_156	PTT-Archiv, P-260-1_Basel_1906	Basel
Bohrer	Jos.	Sägerei an der Lützel		Laufen		1906	154	telefonbuch_156	PTT-Archiv, P-260-1_Basel_1906	Basel
Büchelin	G.	Brauerei Laufen	Delsbergerstrasse 268	Laufen		1906	154	telefonbuch_156	PTT-Archiv, P-260-1_Basel_1906	Basel
Burger-Kern	Ad.	Restaurant	Bahnhofstrasse 209	Laufen		1906	154	telefonbuch_156	PTT-Archiv, P-260-1_Basel_1906	Basel
Cueni	Ignaz	Steinbruch Schachenthal		Laufen		1906	154	telefonbuch_156	PTT-Archiv, P-260-1_Basel_1906	Basel
Cueni	Peter	Fürsprech und Notar		Laufen		1906	155	telefonbuch_157	PTT-Archiv, P-260-1_Basel_1906	Basel
Einwohnergemeinde Laufen				Laufen		1906	155	telefonbuch_157	PTT-Archiv, P-260-1_Basel_1906	Basel
Faerber	Ch.	Eisen- und Materialwaren		Laufen		1906	155	telefonbuch_157	PTT-Archiv, P-260-1_Basel_1906	Basel
Feninger-Spital des Amtsbezirks Laufen				Laufen		1906	155	telefonbuch_157	PTT-Archiv, P-260-1_Basel_1906	Basel
Florian	Henry			Laufen		1906	155	telefonbuch_157	PTT-Archiv, P-260-1_Basel_1906	Basel
Gilardoni	Ach.		Saalweg	Laufen		1906	155	telefonbuch_157	PTT-Archiv, P-260-1_Basel_1906	Basel
Gressly	Walter	Fürsprech		Laufen		1906	155	telefonbuch_157	PTT-Archiv, P-260-1_Basel_1906	Basel
Guyer-Scherrer	J.	Bierdepot beim Bahnhof		Laufen		1906	155	telefonbuch_157	PTT-Archiv, P-260-1_Basel_1906	Basel
Haas	A.	Amtsnotar		Laufen		1906	155	telefonbuch_157	PTT-Archiv, P-260-1_Basel_1906	Basel
Haltner	Heinrich	Tierarzt		Laufen		1906	155	telefonbuch_157	PTT-Archiv, P-260-1_Basel_1906	Basel
Hartmann-Schaltenbrand	J.	Metzgerei zum Löwen		Laufen		1906	155	telefonbuch_157	PTT-Archiv, P-260-1_Basel_1906	Basel
Hongler-von Büren				Laufen		1906	155	telefonbuch_157	PTT-Archiv, P-260-1_Basel_1906	Basel
Hôtel Lamm		Bietry-Gerster	Bahnhofstrasse 15	Laufen		1906	155	telefonbuch_157	PTT-Archiv, P-260-1_Basel_1906	Basel
Hôtel Ochsen		G. Meyer	Delsbergervortadt 288	Laufen		1906	155	telefonbuch_157	PTT-Archiv, P-260-1_Basel_1906	Basel
Hôtel Sonne		H. Wermuth		Laufen		1906	155	telefonbuch_157	PTT-Archiv, P-260-1_Basel_1906	Basel
Imhof	Leo	zum Hirschen		Laufen		1906	155	telefonbuch_157	PTT-Archiv, P-260-1_Basel_1906	Basel
Jermann-Gisiger	J.	Café du Jura	Bahnhofstrasse 217	Laufen		1906	155	telefonbuch_157	PTT-Archiv, P-260-1_Basel_1906	Basel
Jurassische Mühlenwerke		Presshefen- und Teigwarenfabrik (Aktienges.)		Laufen		1906	155	telefonbuch_157	PTT-Archiv, P-260-1_Basel_1906	Basel
Kern	Joseph	Confiseur	Grosse Strasse 86/87	Laufen		1906	155	telefonbuch_157	PTT-Archiv, P-260-1_Basel_1906	Basel
Kleiber	J. J.	Dr. med.		Laufen		1906	155	telefonbuch_157	PTT-Archiv, P-260-1_Basel_1906	Basel
Klipfel	C.		Wahlenstrasse 327	Laufen		1906	155	telefonbuch_157	PTT-Archiv, P-260-1_Basel_1906	Basel
Leuenberger	Jean	Metzger		Laufen		1906	155	telefonbuch_157	PTT-Archiv, P-260-1_Basel_1906	Basel
Levy	Amédée	Viehhändler		Laufen		1906	155	telefonbuch_157	PTT-Archiv, P-260-1_Basel_1906	Basel
Meier-Meier	J.	Wein- und Spezereihandlung	Hauptstrasse 89	Laufen		1906	155	telefonbuch_157	PTT-Archiv, P-260-1_Basel_1906	Basel
Meier-Meier	J.	Derselbe	vis-a-vis dem Bahnhof 207	Laufen		1906	155	telefonbuch_157	PTT-Archiv, P-260-1_Basel_1906	Basel
Meyer	Reinhard	Baumeister		Laufen		1906	155	telefonbuch_157	PTT-Archiv, P-260-1_Basel_1906	Basel
Meyer	G.	zum Ochsen	Delsbergervorstadt 288	Laufen		1906	155	telefonbuch_157	PTT-Archiv, P-260-1_Basel_1906	Basel
Portland-Cementfabrik		Bureau		Laufen		1906	155	telefonbuch_157	PTT-Archiv, P-260-1_Basel_1906	Basel
Postbureau Laufen				Laufen		1906	155	telefonbuch_157	PTT-Archiv, P-260-1_Basel_1906	Basel
Presshefefabrik Laufen		vormals Carl Klipfel & Cie.		Laufen		1906	155	telefonbuch_157	PTT-Archiv, P-260-1_Basel_1906	Basel
Ruetsch	Ad.	Notariatsbureau Nachf. von Halbeisen & Ruetsch		Laufen		1906	155	telefonbuch_157	PTT-Archiv, P-260-1_Basel_1906	Basel
von Salis	Rudolf	neuer Fichtenhof		Laufen		1906	155	telefonbuch_157	PTT-Archiv, P-260-1_Basel_1906	Basel
Scheidegger	Hans	mech. Korkwarenfabrik		Laufen		1906	155	telefonbuch_157	PTT-Archiv, P-260-1_Basel_1906	Basel
Scholer & Sohn	J.	Eisenhandlung	Hauptstrasse	Laufen		1906	155	telefonbuch_157	PTT-Archiv, P-260-1_Basel_1906	Basel
Scholer	L.	Fürsprech	Röschenzerstrasse 294	Laufen		1906	155	telefonbuch_157	PTT-Archiv, P-260-1_Basel_1906	Basel
Schumacher	Aug.	Metzger	Hauptstrasse 55 c	Laufen		1906	155	telefonbuch_157	PTT-Archiv, P-260-1_Basel_1906	Basel
Spar- und Leihkasse Laufen				Laufen		1906	155	telefonbuch_157	PTT-Archiv, P-260-1_Basel_1906	Basel
Stationsvorstand S. B. B.				Laufen		1906	155	telefonbuch_157	PTT-Archiv, P-260-1_Basel_1906	Basel
Statthalter- und Richteramt Laufen		Rathaus		Laufen		1906	155	telefonbuch_157	PTT-Archiv, P-260-1_Basel_1906	Basel
Steiner	Emil	Bauunternehmer	Rennimatt 17	Laufen		1906	155	telefonbuch_157	PTT-Archiv, P-260-1_Basel_1906	Basel
Thonwarenfabrik Laufen		Bureau		Laufen		1906	155	telefonbuch_157	PTT-Archiv, P-260-1_Basel_1906	Basel
Vereinsdruckerei Laufen		Verlag der „Nordschweiz“, Bezirkskasse Laufen		Laufen		1906	155	telefonbuch_157	PTT-Archiv, P-260-1_Basel_1906	Basel
Weber-Hofmann	M.	& Sohn	Hauptstrasse 81	Laufen		1906	155	telefonbuch_157	PTT-Archiv, P-260-1_Basel_1906	Basel
Wermuth	H.	Hotel Sonne		Laufen		1906	155	telefonbuch_157	PTT-Archiv, P-260-1_Basel_1906	Basel
Cement- und Kalkwerk Liesberg		Gebr. Gresly, Martz & Co.	Liesbergmühle	Liesberg		1906	155	telefonbuch_157	PTT-Archiv, P-260-1_Basel_1906	Basel
Gemeindestation Liesberg-Dorf		(s. Seite 154)		Liesberg		1906	155	telefonbuch_157	PTT-Archiv, P-260-1_Basel_1906	Basel
Gemeindesprechstation Liesberg-Mühle		(J. Brêchet)		Liesberg		1906	155	telefonbuch_157	PTT-Archiv, P-260-1_Basel_1906	Basel
Gemeindestation				Meltingen		1906	156	telefonbuch_158	PTT-Archiv, P-260-1_Basel_1906	Basel
Gemeindesprechstation		St. Josephsanstalt		Nunningen		1906	156	telefonbuch_158	PTT-Archiv, P-260-1_Basel_1906	Basel
Gemeindestation		(Unter-)		Biederwald		1906	156	telefonbuch_158	PTT-Archiv, P-260-1_Basel_1906	Basel
Cueni	Ignaz	Steinbruchbesitzer		Röschenz		1906	156	telefonbuch_158	PTT-Archiv, P-260-1_Basel_1906	Basel
Gemeindestation				Röschenz		1906	156	telefonbuch_158	PTT-Archiv, P-260-1_Basel_1906	Basel
Gemeindestation				Wahlen		1906	156	telefonbuch_158	PTT-Archiv, P-260-1_Basel_1906	Basel
Gemeindestation				Zullwil		1906	156	telefonbuch_158	PTT-Archiv, P-260-1_Basel_1906	Basel
Fritschi	Fr.	Bahnhofrestauration		Zwingen		1906	156	telefonbuch_158	PTT-Archiv, P-260-1_Basel_1906	Basel
Gass	Hans	Hôtel de la gare		Zwingen		1906	156	telefonbuch_158	PTT-Archiv, P-260-1_Basel_1906	Basel
Gemeindestation				Zwingen		1906	156	telefonbuch_158	PTT-Archiv, P-260-1_Basel_1906	Basel
Laufenthaler Portland-Cementfabrik Zwingen				Zwingen		1906	156	telefonbuch_158	PTT-Archiv, P-260-1_Basel_1906	Basel
Telegraphenbureau		Aufgabelokal, I. Oeffentliche Sprechstation		Liestal		1906	156	telefonbuch_158	PTT-Archiv, P-260-1_Basel_1906	Basel
Kunz	Theophil	zum Stab, II. Gemeindestation		Arisdorf		1906	156	telefonbuch_158	PTT-Archiv, P-260-1_Basel_1906	Basel
Postbureau		II. Gemeindestation		Büren (Solothurn)		1906	156	telefonbuch_158	PTT-Archiv, P-260-1_Basel_1906	Basel
Frey	Emil	II. Gemeindestation		Giebenach		1906	156	telefonbuch_158	PTT-Archiv, P-260-1_Basel_1906	Basel
Börlin	Fritz	zum Rössli, II. Gemeindestation		Lupsingen		1906	156	telefonbuch_158	PTT-Archiv, P-260-1_Basel_1906	Basel
Postablage		II. Gemeindestation		Nuglar		1906	156	telefonbuch_158	PTT-Archiv, P-260-1_Basel_1906	Basel
Postablage		II. Gemeindestation		St. Pantaleon		1906	156	telefonbuch_158	PTT-Archiv, P-260-1_Basel_1906	Basel
Rudin-Spinnler	Jakob	II. Gemeindestation		Seltisberg		1906	156	telefonbuch_158	PTT-Archiv, P-260-1_Basel_1906	Basel
Gemeindestation		(s. Seite 156)		Arisdorf		1906	157	telefonbuch_159	PTT-Archiv, P-260-1_Basel_1906	Basel
Kurhaus		(J. Bisel)		Bienenberg		1906	157	telefonbuch_159	PTT-Archiv, P-260-1_Basel_1906	Basel
Flubacher	Carl	Bad		Bubendorf		1906	157	telefonbuch_159	PTT-Archiv, P-260-1_Basel_1906	Basel
Vögelin-Furler	Th.	zum Kreuz		Bubendorf		1906	157	telefonbuch_159	PTT-Archiv, P-260-1_Basel_1906	Basel
Hersperger	Wilhelm	Kaufmann		Büren (Solothurn)		1906	157	telefonbuch_159	PTT-Archiv, P-260-1_Basel_1906	Basel
Dill-Meyer	J.	Buttersiederei und Seifefabrik		Frenkendorf		1906	157	telefonbuch_159	PTT-Archiv, P-260-1_Basel_1906	Basel
Hägler-Martin	Wilh.	zum „Rebstock“		Frenkendorf		1906	157	telefonbuch_159	PTT-Archiv, P-260-1_Basel_1906	Basel
Keller	Paul	Küchenchef, zum „wilden Mann“		Frenkendorf		1906	157	telefonbuch_159	PTT-Archiv, P-260-1_Basel_1906	Basel
Meyer	E.	Dr. med.		Frenkendorf		1906	157	telefonbuch_159	PTT-Archiv, P-260-1_Basel_1906	Basel
Schwob	A.	Metzger		Frenkendorf		1906	157	telefonbuch_159	PTT-Archiv, P-260-1_Basel_1906	Basel
Spinnler-Strübin	F.			Frenkendorf		1906	157	telefonbuch_159	PTT-Archiv, P-260-1_Basel_1906	Basel
Gautschi	Ad.	zum „Rössli“		Füllinsdorf		1906	157	telefonbuch_159	PTT-Archiv, P-260-1_Basel_1906	Basel
Gemeindestation		(s. Seite 156)		Giebenach		1906	157	telefonbuch_159	PTT-Archiv, P-260-1_Basel_1906	Basel
Bossardt-Brunner	E.	zum „Bären“		Lausen		1906	157	telefonbuch_159	PTT-Archiv, P-260-1_Basel_1906	Basel
Christen	E.	Papierfabrik		Lausen		1906	157	telefonbuch_159	PTT-Archiv, P-260-1_Basel_1906	Basel
Hägler	A.	Mühle		Lausen		1906	157	telefonbuch_159	PTT-Archiv, P-260-1_Basel_1906	Basel
Künzli-Gfeller		Wwe.		Lausen		1906	157	telefonbuch_159	PTT-Archiv, P-260-1_Basel_1906	Basel
Lendorff		Pfarrer		Lausen		1906	157	telefonbuch_159	PTT-Archiv, P-260-1_Basel_1906	Basel
Steinbruchbetrieb „Stockhalden“				Lausen		1906	157	telefonbuch_159	PTT-Archiv, P-260-1_Basel_1906	Basel
Thonwerk Lausen, Meier & Tschudy's Erben				Lausen		1906	157	telefonbuch_159	PTT-Archiv, P-260-1_Basel_1906	Basel
Verblendsteinfabrik Lausen				Lausen		1906	157	telefonbuch_159	PTT-Archiv, P-260-1_Basel_1906	Basel
Apotheke Stotzer	R.	vorm. C. Moser	Rathausstrasse 124	Liestal		1906	157	telefonbuch_159	PTT-Archiv, P-260-1_Basel_1906	Basel
Automobilgesellschaft Liestal-Reigoldswil		Wagenremise	Rosenweg 87	Liestal		1906	157	telefonbuch_159	PTT-Archiv, P-260-1_Basel_1906	Basel
Bächle	Fritz	Zimmermeister	Arisdorferstrasse 144	Liestal		1906	157	telefonbuch_159	PTT-Archiv, P-260-1_Basel_1906	Basel
Barth	Louis	Eisenwarenhandlung	Rheinstrasse 47/48	Liestal		1906	157	telefonbuch_159	PTT-Archiv, P-260-1_Basel_1906	Basel
Basler Bandfabrik		vorm. Trüdinger & Cons.		Liestal		1906	157	telefonbuch_159	PTT-Archiv, P-260-1_Basel_1906	Basel
Baudirektion		kantonale	Regierungsgebäude	Liestal		1906	157	telefonbuch_159	PTT-Archiv, P-260-1_Basel_1906	Basel
Benz-Kellerhals	Fr. X.	zur Kanonenkugel	Kasernenstrasse 48	Liestal		1906	157	telefonbuch_159	PTT-Archiv, P-260-1_Basel_1906	Basel
Bezirksgerichtskanzlei			Amthausgasse 9	Liestal		1906	157	telefonbuch_159	PTT-Archiv, P-260-1_Basel_1906	Basel
Bezirksschreiberei			Amthausgasse 9	Liestal		1906	157	telefonbuch_159	PTT-Archiv, P-260-1_Basel_1906	Basel
Bieler	Fritz	Molkerei	Mühlegasse 261	Liestal		1906	157	telefonbuch_159	PTT-Archiv, P-260-1_Basel_1906	Basel
Bloch's Söhne	Nath.		Sichternweg 180	Liestal		1906	157	telefonbuch_159	PTT-Archiv, P-260-1_Basel_1906	Basel
Bollag	Max	Dr. med.	Postplatz	Liestal		1906	157	telefonbuch_159	PTT-Archiv, P-260-1_Basel_1906	Basel
Brauerei Brodbeck			Kasernenstrasse 49	Liestal		1906	157	telefonbuch_159	PTT-Archiv, P-260-1_Basel_1906	Basel
Brodbeck	J.	Scheibenfabr., Buchbinder und Wirt	Oristhalstrasse 38	Liestal		1906	157	telefonbuch_159	PTT-Archiv, P-260-1_Basel_1906	Basel
Brodbeck	Reinhard	Maler	Kanonengasse 70	Liestal		1906	157	telefonbuch_159	PTT-Archiv, P-260-1_Basel_1906	Basel
Brodbeck	Traugott	Feuerwehrhauptmann	Oristhalstrasse 92	Liestal		1906	157	telefonbuch_159	PTT-Archiv, P-260-1_Basel_1906	Basel
Brodbeck	Adolf	zur Feldsäge	Rheinstrasse 80	Liestal		1906	157	telefonbuch_159	PTT-Archiv, P-260-1_Basel_1906	Basel
Brodbeck	Th.	Sohn, Konditorei	Rathausstrasse 164	Liestal		1906	157	telefonbuch_159	PTT-Archiv, P-260-1_Basel_1906	Basel
Brodbeck	Wilh.	Portlandcement- u. Kunststeinfabr.	Rheinstrasse 79	Liestal		1906	157	telefonbuch_159	PTT-Archiv, P-260-1_Basel_1906	Basel
Brodbeck	Wilh.	Architekt	Gartenstrasse 36	Liestal		1906	157	telefonbuch_159	PTT-Archiv, P-260-1_Basel_1906	Basel
Brüderlin-Kistler's (R.) Erben		z. Stab	Rathausstrasse 142	Liestal		1906	158	telefonbuch_160	PTT-Archiv, P-260-1_Basel_1906	Basel
Bürgin	Ernst	Fuhrhalter	Gasstrasse 30	Liestal		1906	158	telefonbuch_160	PTT-Archiv, P-260-1_Basel_1906	Basel
Buri	Oscar		Seltisbergstrasse 39	Liestal		1906	158	telefonbuch_160	PTT-Archiv, P-260-1_Basel_1906	Basel
Cretin	E.	Eisen- und Messinggiesserei	Thiergartenweg 29	Liestal		1906	158	telefonbuch_160	PTT-Archiv, P-260-1_Basel_1906	Basel
Dill	Th.	Zahnarzt	Rheinstrasse 145	Liestal		1906	158	telefonbuch_160	PTT-Archiv, P-260-1_Basel_1906	Basel
Ehnis	Jakob	Lohnkutscher	im Rosen 93	Liestal		1906	158	telefonbuch_160	PTT-Archiv, P-260-1_Basel_1906	Basel
Elektra Baselland			Teichweg 38 b	Liestal		1906	158	telefonbuch_160	PTT-Archiv, P-260-1_Basel_1906	Basel
Feuerwehrkommando Liestal		(Traug. Brodbeck)	Oristhalstrasse 92	Liestal		1906	158	telefonbuch_160	PTT-Archiv, P-260-1_Basel_1906	Basel
Flubacher	A.	Eisengiesserei	Erzenbergerstr. 135	Liestal		1906	158	telefonbuch_160	PTT-Archiv, P-260-1_Basel_1906	Basel
Flubacher	M.	Sägemühle	Ergolzstrasse 103	Liestal		1906	158	telefonbuch_160	PTT-Archiv, P-260-1_Basel_1906	Basel
Furler-Pfaff	Emil	Fuhrhalter	Kasernenstrasse 55	Liestal		1906	158	telefonbuch_160	PTT-Archiv, P-260-1_Basel_1906	Basel
Garonne	A.	Forstverwalter	Tiergartenweg 21	Liestal		1906	158	telefonbuch_160	PTT-Archiv, P-260-1_Basel_1906	Basel
Gelpke-Hägler		Dr. med.	Schwiereweg 108	Liestal		1906	158	telefonbuch_160	PTT-Archiv, P-260-1_Basel_1906	Basel
Gemeindekanzlei		(Gemeinderat)	Rathausstrasse 183	Liestal		1906	158	telefonbuch_160	PTT-Archiv, P-260-1_Basel_1906	Basel
Gnemmi-Grieder	B.	Baumeister, zum Schützengarten		Liestal		1906	158	telefonbuch_160	PTT-Archiv, P-260-1_Basel_1906	Basel
Graf	J.	elektrotechn. Installationsgeschäft	Rathausstrasse 121	Liestal		1906	158	telefonbuch_160	PTT-Archiv, P-260-1_Basel_1906	Basel
Grieder	Alfred	Spenglerei u. Installationsgeschäft	Bahnhofstrasse 174	Liestal		1906	158	telefonbuch_160	PTT-Archiv, P-260-1_Basel_1906	Basel
Grieder	Louis	Metzger und Wirt, zur „Kanone“	Rathausstrasse 159	Liestal		1906	158	telefonbuch_160	PTT-Archiv, P-260-1_Basel_1906	Basel
Güterexpedition			Bahnhof Liestal	Liestal		1906	158	telefonbuch_160	PTT-Archiv, P-260-1_Basel_1906	Basel
Gutzwiller	H. A.	Dr. med.	Oristhalstrasse 41	Liestal		1906	158	telefonbuch_160	PTT-Archiv, P-260-1_Basel_1906	Basel
Gysin	G.	Droguerie	Rathausstrasse 181	Liestal		1906	158	telefonbuch_160	PTT-Archiv, P-260-1_Basel_1906	Basel
Gysin-Hägler	J.	Metzger und Wirt	Rathausstrasse 198	Liestal		1906	158	telefonbuch_160	PTT-Archiv, P-260-1_Basel_1906	Basel
Gysin	J.	Weinhandlung	Rheinstrasse 147	Liestal		1906	158	telefonbuch_160	PTT-Archiv, P-260-1_Basel_1906	Basel
Häfelfinger	Emil		Pfauenhof	Liestal		1906	158	telefonbuch_160	PTT-Archiv, P-260-1_Basel_1906	Basel
Hägler	M.	Restaurant „Balance“	Kasernenstrasse 9	Liestal		1906	158	telefonbuch_160	PTT-Archiv, P-260-1_Basel_1906	Basel
Handschin	Albert		Rheinstrasse 63	Liestal		1906	158	telefonbuch_160	PTT-Archiv, P-260-1_Basel_1906	Basel
Handschin & Ronus			Fabrik Benzbur	Liestal		1906	158	telefonbuch_160	PTT-Archiv, P-260-1_Basel_1906	Basel
Hartmann-Plattner	Th.	Hôtel „Engel“		Liestal		1906	158	telefonbuch_160	PTT-Archiv, P-260-1_Basel_1906	Basel
Holinger	Aug.	Eisen- und Eisenwarenhandlung	Rathausstrasse 161	Liestal		1906	158	telefonbuch_160	PTT-Archiv, P-260-1_Basel_1906	Basel
Holinger	E.	Rheinfelder Bierhalle		Liestal		1906	158	telefonbuch_160	PTT-Archiv, P-260-1_Basel_1906	Basel
Hôtel Bahnhof		(J. Peyer)		Liestal		1906	158	telefonbuch_160	PTT-Archiv, P-260-1_Basel_1906	Basel
Hôtel Engel		(Th. Hartmann)		Liestal		1906	158	telefonbuch_160	PTT-Archiv, P-260-1_Basel_1906	Basel
Hôtel Falken		(Charles Tüller)		Liestal		1906	158	telefonbuch_160	PTT-Archiv, P-260-1_Basel_1906	Basel
Hypothekenbank		Basellandschaftliche		Liestal		1906	158	telefonbuch_160	PTT-Archiv, P-260-1_Basel_1906	Basel
Jourdan	Hans	Metzger und Wirt	Kanonengasse 48	Liestal		1906	158	telefonbuch_160	PTT-Archiv, P-260-1_Basel_1906	Basel
Kantine		(S. Müller)		Liestal		1906	158	telefonbuch_160	PTT-Archiv, P-260-1_Basel_1906	Basel
Kantonalbank		Basellandschaftliche		Liestal		1906	158	telefonbuch_160	PTT-Archiv, P-260-1_Basel_1906	Basel
Kantonsspital		Abteilung Krankenhaus		Liestal		1906	158	telefonbuch_160	PTT-Archiv, P-260-1_Basel_1906	Basel
Derselbe		Abteilung Pfrundhaus		Liestal		1906	158	telefonbuch_160	PTT-Archiv, P-260-1_Basel_1906	Basel
Kaserne				Liestal		1906	158	telefonbuch_160	PTT-Archiv, P-260-1_Basel_1906	Basel
Konsumverein				Liestal		1906	158	telefonbuch_160	PTT-Archiv, P-260-1_Basel_1906	Basel
Köttgen	F.	Schuhfabrik	Gerberstrasse 52	Liestal		1906	158	telefonbuch_160	PTT-Archiv, P-260-1_Basel_1906	Basel
Köttgen-Gysin	F.		Gasstrasse 40	Liestal		1906	158	telefonbuch_160	PTT-Archiv, P-260-1_Basel_1906	Basel
Kriegskommissariat			Zeughaus	Liestal		1906	158	telefonbuch_160	PTT-Archiv, P-260-1_Basel_1906	Basel
Landarmengutsverwaltung			Regierungsgebäude	Liestal		1906	158	telefonbuch_160	PTT-Archiv, P-260-1_Basel_1906	Basel
Landeskanzlei			Regierungsgebäude	Liestal		1906	158	telefonbuch_160	PTT-Archiv, P-260-1_Basel_1906	Basel
Lüdin	Carl	Papier-Cementsack-Fabrikation	Thiergartenweg 31	Liestal		1906	158	telefonbuch_160	PTT-Archiv, P-260-1_Basel_1906	Basel
Lüdin		Gebrüder	Schützenstrasse 163	Liestal		1906	158	telefonbuch_160	PTT-Archiv, P-260-1_Basel_1906	Basel
Mangold	M.	Maurermeister	Oristhalstrasse 72	Liestal		1906	158	telefonbuch_160	PTT-Archiv, P-260-1_Basel_1906	Basel
Mangold-Schaffner	E.	Metzger und Wirt	Kasernenstrasse 116	Liestal		1906	159	telefonbuch_161	PTT-Archiv, P-260-1_Basel_1906	Basel
Meyer	August	Eisenwarenhandlung	Rathausstrasse 184	Liestal		1906	159	telefonbuch_161	PTT-Archiv, P-260-1_Basel_1906	Basel
Meyer	J.	Brauerei Ziegelhof	Zeughausplatz 15	Liestal		1906	159	telefonbuch_161	PTT-Archiv, P-260-1_Basel_1906	Basel
Mühleisen	F.	Bäckerei und Kaffeehalle	Kasernenstrasse 117	Liestal		1906	159	telefonbuch_161	PTT-Archiv, P-260-1_Basel_1906	Basel
Nägelin	Wilhelm	Agentur und Geschäftsbureau		Liestal		1906	159	telefonbuch_161	PTT-Archiv, P-260-1_Basel_1906	Basel
Nordmann	Achilles	Volksmagazin, Nachf. von Emanuel Nordmann	Rathausstrasse 157	Liestal		1906	159	telefonbuch_161	PTT-Archiv, P-260-1_Basel_1906	Basel
Nordmann	Henri	Manufakturwaren	Rathausstrasse 172	Liestal		1906	159	telefonbuch_161	PTT-Archiv, P-260-1_Basel_1906	Basel
Obergerichtskanzlei			Regierungsgebäude	Liestal		1906	159	telefonbuch_161	PTT-Archiv, P-260-1_Basel_1906	Basel
Peter & Co.	Konrad	mech. Werkstätte u. Maschinenhandlung	Gasstrasse 35	Liestal		1906	159	telefonbuch_161	PTT-Archiv, P-260-1_Basel_1906	Basel
Peter	V.	Dr. med.	Rheinstrasse 1	Liestal		1906	159	telefonbuch_161	PTT-Archiv, P-260-1_Basel_1906	Basel
Peyer	J.	Hôtel Bahnhof		Liestal		1906	159	telefonbuch_161	PTT-Archiv, P-260-1_Basel_1906	Basel
Plattner-Strübin	Louise	Mineralwasserfabrik	Gerberstrasse 50	Liestal		1906	159	telefonbuch_161	PTT-Archiv, P-260-1_Basel_1906	Basel
Pletscher	Ed.	Baumeister	Bahnhofstrasse 175	Liestal		1906	159	telefonbuch_161	PTT-Archiv, P-260-1_Basel_1906	Basel
Polizeiposten		(Kantonspolizei)		Liestal		1906	159	telefonbuch_161	PTT-Archiv, P-260-1_Basel_1906	Basel
Postbureau				Liestal		1906	159	telefonbuch_161	PTT-Archiv, P-260-1_Basel_1906	Basel
„Prometheus“		Fabrik elektr. Heiz- und Kochapparate (Wierss & Co.)	Oristhalstrasse 43	Liestal		1906	159	telefonbuch_161	PTT-Archiv, P-260-1_Basel_1906	Basel
Rieder	Traugott	Landesprodukte	Rheinstrasse 160	Liestal		1906	159	telefonbuch_161	PTT-Archiv, P-260-1_Basel_1906	Basel
Ritter	Gustav		Bahnhofplatz	Liestal		1906	159	telefonbuch_161	PTT-Archiv, P-260-1_Basel_1906	Basel
Rosenmund	Albert	Bäcker	Rathausstrasse 151	Liestal		1906	159	telefonbuch_161	PTT-Archiv, P-260-1_Basel_1906	Basel
Roth-Tüller	L.		Sichternweg 182 a	Liestal		1906	159	telefonbuch_161	PTT-Archiv, P-260-1_Basel_1906	Basel
Saladin	J.	Baugeschäft	Weidenhubweg 194	Liestal		1906	159	telefonbuch_161	PTT-Archiv, P-260-1_Basel_1906	Basel
Sattler-Schuler		Wwe.	Orishof	Liestal		1906	159	telefonbuch_161	PTT-Archiv, P-260-1_Basel_1906	Basel
Sauer		Gebrüder, Baumeister	Kasernenstrasse 93	Liestal		1906	159	telefonbuch_161	PTT-Archiv, P-260-1_Basel_1906	Basel
Schaub-Weber	Hans	Destillerie, Liqueurfabrik	Oristhalstrasse 82	Liestal		1906	159	telefonbuch_161	PTT-Archiv, P-260-1_Basel_1906	Basel
Scholer Söhne		Seidenbandweberei Liestal	Rheinstrasse 127	Liestal		1906	159	telefonbuch_161	PTT-Archiv, P-260-1_Basel_1906	Basel
Schuhfabrik Liestal		F. Köttgen & Cie.	Gerberstrasse 52	Liestal		1906	159	telefonbuch_161	PTT-Archiv, P-260-1_Basel_1906	Basel
Schuhhalle Liestal			Rathausstrasse 150	Liestal		1906	159	telefonbuch_161	PTT-Archiv, P-260-1_Basel_1906	Basel
Schweizer	Heinrich	Tierarzt	Rathausstrasse 179	Liestal		1906	159	telefonbuch_161	PTT-Archiv, P-260-1_Basel_1906	Basel
Schwob-Preiswerk		Weinhandlung	Kasernenstrasse 97	Liestal		1906	159	telefonbuch_161	PTT-Archiv, P-260-1_Basel_1906	Basel
Seiler	Dr. A.	Advokaturbureau	Bahnhofplatz 173	Liestal		1906	159	telefonbuch_161	PTT-Archiv, P-260-1_Basel_1906	Basel
Seiler	Gottlieb	Kohlen- und Grobeisenhandlung	Mühlegasse 256	Liestal		1906	159	telefonbuch_161	PTT-Archiv, P-260-1_Basel_1906	Basel
Seiler & Plattner		Bonneterie, Wollenwaren	Rathausstrasse 189	Liestal		1906	159	telefonbuch_161	PTT-Archiv, P-260-1_Basel_1906	Basel
Senn-Mangold	K.	Kolonialwaren, Landesprodukte und Futtermittel	Bahnhofplatz	Liestal		1906	159	telefonbuch_161	PTT-Archiv, P-260-1_Basel_1906	Basel
Sichternhof				bei Liestal		1906	159	telefonbuch_161	PTT-Archiv, P-260-1_Basel_1906	Basel
Spinnler	Dr. E.	Farbenfabrik	Oristhalstrasse 53	Liestal		1906	159	telefonbuch_161	PTT-Archiv, P-260-1_Basel_1906	Basel
Statthalteramt Liestal			Amtshausgasse 9	Liestal		1906	159	telefonbuch_161	PTT-Archiv, P-260-1_Basel_1906	Basel
Strafanstalt			Rheinstrasse 108	Liestal		1906	159	telefonbuch_161	PTT-Archiv, P-260-1_Basel_1906	Basel
Stutz	Daniel	zur „Eintracht“	Rheinstrasse 21	Liestal		1906	159	telefonbuch_161	PTT-Archiv, P-260-1_Basel_1906	Basel
Stutz	J.	Advokaturbureau	Schützenstrasse 166	Liestal		1906	159	telefonbuch_161	PTT-Archiv, P-260-1_Basel_1906	Basel
Stutz	Karl	Fuhrhalter	Burgstrasse 10	Liestal		1906	159	telefonbuch_161	PTT-Archiv, P-260-1_Basel_1906	Basel
Suter	J.	Tierarzt	Büchelistrasse 120	Liestal		1906	159	telefonbuch_161	PTT-Archiv, P-260-1_Basel_1906	Basel
Suter, Marti & Schäublin		zum Landschäftler	Rathausstrasse 197	Liestal		1906	159	telefonbuch_161	PTT-Archiv, P-260-1_Basel_1906	Basel
Tüller	Charles	Hotel Falken		Liestal		1906	159	telefonbuch_161	PTT-Archiv, P-260-1_Basel_1906	Basel
Tüller	Louis	zur Schützenstube	Rathausstrasse 194	Liestal		1906	159	telefonbuch_161	PTT-Archiv, P-260-1_Basel_1906	Basel
Veit	Dr. Alfred	Advokaturbureau	Thiergartenweg 20	Liestal		1906	159	telefonbuch_161	PTT-Archiv, P-260-1_Basel_1906	Basel
Weber	Wilh.	Ww., Restaurant Farnsburg	Amtshausgasse 8	Liestal		1906	159	telefonbuch_161	PTT-Archiv, P-260-1_Basel_1906	Basel
Zeller	G.	Handelsgärtnerei und Bindegeschäft	Florhof	Liestal		1906	159	telefonbuch_161	PTT-Archiv, P-260-1_Basel_1906	Basel
Zeughausverwaltung			Zeughaus	Liestal		1906	159	telefonbuch_161	PTT-Archiv, P-260-1_Basel_1906	Basel
Floretspinnerei Ringwald		A.-G.		Niederschönthal		1906	160	telefonbuch_162	PTT-Archiv, P-260-1_Basel_1906	Basel
Iselin & Co.	A.			Niederschönthal		1906	160	telefonbuch_162	PTT-Archiv, P-260-1_Basel_1906	Basel
Iselin-Merian	Julie	Frau, zur Trotte		Niederschönthal		1906	160	telefonbuch_162	PTT-Archiv, P-260-1_Basel_1906	Basel
Linder	Adolf	Metzger		Niederschönthal		1906	160	telefonbuch_162	PTT-Archiv, P-260-1_Basel_1906	Basel
Gemeindestation		(s. Seite 156)		Nuglar		1906	160	telefonbuch_162	PTT-Archiv, P-260-1_Basel_1906	Basel
Thommen	Hermann			Orismühle		1906	160	telefonbuch_162	PTT-Archiv, P-260-1_Basel_1906	Basel
Gemeindestation		(s. Seite 156)		St. Pantaleon		1906	160	telefonbuch_162	PTT-Archiv, P-260-1_Basel_1906	Basel
Flury	Emil			Schauenburg-Bad		1906	160	telefonbuch_162	PTT-Archiv, P-260-1_Basel_1906	Basel
Erzer & Co.		Eisgesellschaft		Seewen		1906	160	telefonbuch_162	PTT-Archiv, P-260-1_Basel_1906	Basel
Erzer	Theodor	"Tierarzt, z. ""Rössli"""		Seewen		1906	160	telefonbuch_162	PTT-Archiv, P-260-1_Basel_1906	Basel
Gas- und Wasserwerk Basel		Aufseher		Seewen		1906	160	telefonbuch_162	PTT-Archiv, P-260-1_Basel_1906	Basel
Hersperger	Arnold	zur Sonne		Seewen		1906	160	telefonbuch_162	PTT-Archiv, P-260-1_Basel_1906	Basel
Scherer	Albert	Wirtschaft zur alten Post		Seewen		1906	160	telefonbuch_162	PTT-Archiv, P-260-1_Basel_1906	Basel
von Sury	Alphons	Unterackert		Seewen		1906	160	telefonbuch_162	PTT-Archiv, P-260-1_Basel_1906	Basel
Gemeindestation		(s. Seite 156)		Seltisberg		1906	160	telefonbuch_162	PTT-Archiv, P-260-1_Basel_1906	Basel
Ackermann	Aug.	Wirt		Burg		1906	160	telefonbuch_162	PTT-Archiv, P-260-1_Basel_1906	Basel
Stehlin-Simon	C.			Rodersdorf		1906	160	telefonbuch_162	PTT-Archiv, P-260-1_Basel_1906	Basel
Gschwind	Amadeus	Landwirt		Bättwil		1906	160	telefonbuch_162	PTT-Archiv, P-260-1_Basel_1906	Basel
Gemeindestation		(s. oben)		Burg		1906	160	telefonbuch_162	PTT-Archiv, P-260-1_Basel_1906	Basel
Bad Flüh		(Karl Zeller)		Flüh		1906	160	telefonbuch_162	PTT-Archiv, P-260-1_Basel_1906	Basel
Nussbaumer	Alphons	Wirt		Flüh		1906	160	telefonbuch_162	PTT-Archiv, P-260-1_Basel_1906	Basel
Schuhmacher	Gottfr.	Gasthof zur Landskron		Flüh		1906	160	telefonbuch_162	PTT-Archiv, P-260-1_Basel_1906	Basel
Hägeli	Ch.	Tierarzt, Gasthof zum Kreuz		Hofstetten		1906	160	telefonbuch_162	PTT-Archiv, P-260-1_Basel_1906	Basel
Bauer	Louis	Gasthof zum Kreuz		Mariastein		1906	160	telefonbuch_162	PTT-Archiv, P-260-1_Basel_1906	Basel
Kloster Mariastein				Mariastein		1906	160	telefonbuch_162	PTT-Archiv, P-260-1_Basel_1906	Basel
Schumacher	Cölestin	Gasthof zum Jura		Mariastein		1906	160	telefonbuch_162	PTT-Archiv, P-260-1_Basel_1906	Basel
Tschuy	Ubald	Gasthof zur Post		Mariastein		1906	160	telefonbuch_162	PTT-Archiv, P-260-1_Basel_1906	Basel
Köninger-Stocker	A.	zum Rössli		Metzerlen		1906	161	telefonbuch_163	PTT-Archiv, P-260-1_Basel_1906	Basel
Monnerat	Franz	zum Lämmli		Metzerlen		1906	161	telefonbuch_163	PTT-Archiv, P-260-1_Basel_1906	Basel
Altenbach-Scholer	J.	Tierarzt, Gasthof zum Rössli		Rodersdorf		1906	161	telefonbuch_163	PTT-Archiv, P-260-1_Basel_1906	Basel
Bureau des télégraphes		Station publique		Moutier		1906	161	telefonbuch_163	PTT-Archiv, P-260-1_Basel_1906	Basel
Spart	Victor	Mr., menuisier		Crémines		1906	161	telefonbuch_163	PTT-Archiv, P-260-1_Basel_1906	Basel
Dédie	A.	Station publique communale		Corcelles s. Crémines		1906	161	telefonbuch_163	PTT-Archiv, P-260-1_Basel_1906	Basel
Buss & Cie.		Société par actions		Crémines		1906	161	telefonbuch_163	PTT-Archiv, P-260-1_Basel_1906	Basel
Greder frères		fabrique d'horlogerie		Crémines		1906	161	telefonbuch_163	PTT-Archiv, P-260-1_Basel_1906	Basel
Tschumy	Nicolas	fabrique d'horlogerie		Crémines		1906	161	telefonbuch_163	PTT-Archiv, P-260-1_Basel_1906	Basel
Grosvernier	T. H.	Négt.		Grandval		1906	161	telefonbuch_163	PTT-Archiv, P-260-1_Basel_1906	Basel
Allemann-Vogt		voiturier		Moutier		1906	161	telefonbuch_163	PTT-Archiv, P-260-1_Basel_1906	Basel
Banque populaire				Moutier		1906	161	telefonbuch_163	PTT-Archiv, P-260-1_Basel_1906	Basel
Barth	Paul	Café National		Moutier		1906	161	telefonbuch_163	PTT-Archiv, P-260-1_Basel_1906	Basel
Bechler	Paul	negociant		Moutier		1906	162	telefonbuch_164	PTT-Archiv, P-260-1_Basel_1906	Basel
Bernard	G.	avocat		Moutier		1906	162	telefonbuch_164	PTT-Archiv, P-260-1_Basel_1906	Basel
Bernheim	Maurice	negt.		Moutier		1906	162	telefonbuch_164	PTT-Archiv, P-260-1_Basel_1906	Basel
Boichot & Ribollet	J. jeune & H.	verrerie		Moutier		1906	162	telefonbuch_164	PTT-Archiv, P-260-1_Basel_1906	Basel
Bon & Cie.		fabr. d'horlogerie		Moutier		1906	162	telefonbuch_164	PTT-Archiv, P-260-1_Basel_1906	Basel
Bouvier	Jules	vétérinaire		Moutier		1906	162	telefonbuch_164	PTT-Archiv, P-260-1_Basel_1906	Basel
Brasserie par actions Delémont		dépôt		Moutier		1906	162	telefonbuch_164	PTT-Archiv, P-260-1_Basel_1906	Basel
Burger	Joseph	restaurateur		Moutier		1906	162	telefonbuch_164	PTT-Archiv, P-260-1_Basel_1906	Basel
Caisse d'épargne du district				Moutier		1906	162	telefonbuch_164	PTT-Archiv, P-260-1_Basel_1906	Basel
Carnal	Aug.	Hôtel Suisse		Moutier		1906	162	telefonbuch_164	PTT-Archiv, P-260-1_Basel_1906	Basel
Chodat & Co.		„Cité ouvrière“		Moutier		1906	162	telefonbuch_164	PTT-Archiv, P-260-1_Basel_1906	Basel
Chopard-Klaye		représentant		Moutier		1906	162	telefonbuch_164	PTT-Archiv, P-260-1_Basel_1906	Basel
Cobioni	H.	fumisterie		Moutier		1906	162	telefonbuch_164	PTT-Archiv, P-260-1_Basel_1906	Basel
Delévaux		notaire		Moutier		1906	162	telefonbuch_164	PTT-Archiv, P-260-1_Basel_1906	Basel
Glauser	G.	négt.		Moutier		1906	162	telefonbuch_164	PTT-Archiv, P-260-1_Basel_1906	Basel
de Herrenschwand	Max	Dr. med.		Moutier		1906	162	telefonbuch_164	PTT-Archiv, P-260-1_Basel_1906	Basel
Hôpital du district de Moutier				Moutier		1906	162	telefonbuch_164	PTT-Archiv, P-260-1_Basel_1906	Basel
Hôtel de la gare		Girod sœurs		Moutier		1906	162	telefonbuch_164	PTT-Archiv, P-260-1_Basel_1906	Basel
Hôtel du cerf		Schluep-Burger		Moutier		1906	162	telefonbuch_164	PTT-Archiv, P-260-1_Basel_1906	Basel
Hôtel de la Couronne				Moutier		1906	162	telefonbuch_164	PTT-Archiv, P-260-1_Basel_1906	Basel
Hôtel Suisse		Aug. Carnal		Moutier		1906	162	telefonbuch_164	PTT-Archiv, P-260-1_Basel_1906	Basel
Kaufmann		directeur, société d'horlogerie		Moutier		1906	162	telefonbuch_164	PTT-Archiv, P-260-1_Basel_1906	Basel
Kenel & Co.	F.	tuilerie		Moutier		1906	162	telefonbuch_164	PTT-Archiv, P-260-1_Basel_1906	Basel
Kleiber	Chs.	architecte		Moutier		1906	162	telefonbuch_164	PTT-Archiv, P-260-1_Basel_1906	Basel
Krenger	Ern.	fabrique d'horlogerie		Moutier		1906	162	telefonbuch_164	PTT-Archiv, P-260-1_Basel_1906	Basel
Kühnle	Chs.	négt.		Moutier		1906	162	telefonbuch_164	PTT-Archiv, P-260-1_Basel_1906	Basel
Mæder	Fritz	restaurant de la charrue		Moutier		1906	162	telefonbuch_164	PTT-Archiv, P-260-1_Basel_1906	Basel
Moll	Mme.	Cheval blanc		Moutier		1906	162	telefonbuch_164	PTT-Archiv, P-260-1_Basel_1906	Basel
Municipalité		Collège		Moutier		1906	162	telefonbuch_164	PTT-Archiv, P-260-1_Basel_1906	Basel
Neuenschwander	Jean		Sous la Rive	Moutier		1906	162	telefonbuch_164	PTT-Archiv, P-260-1_Basel_1906	Basel
Neuhaus	Emile	forestier d'arrdt		Moutier		1906	162	telefonbuch_164	PTT-Archiv, P-260-1_Basel_1906	Basel
Neuhaus	Fr.	Dr. méd.		Moutier		1906	162	telefonbuch_164	PTT-Archiv, P-260-1_Basel_1906	Basel
Office des poursuites				Moutier		1906	162	telefonbuch_164	PTT-Archiv, P-260-1_Basel_1906	Basel
Postes				Moutier		1906	162	telefonbuch_164	PTT-Archiv, P-260-1_Basel_1906	Basel
Robert-Moschard	Mme. E.			Moutier		1906	162	telefonbuch_164	PTT-Archiv, P-260-1_Basel_1906	Basel
de Roll		Usine, tuilerie		Moutier		1906	162	telefonbuch_164	PTT-Archiv, P-260-1_Basel_1906	Basel
Rougemont & Gorgé		fabrique d'horlogerie		Moutier		1906	162	telefonbuch_164	PTT-Archiv, P-260-1_Basel_1906	Basel
Schaffter	P.	notaire		Moutier		1906	162	telefonbuch_164	PTT-Archiv, P-260-1_Basel_1906	Basel
Schaller	C.	avocat		Moutier		1906	162	telefonbuch_164	PTT-Archiv, P-260-1_Basel_1906	Basel
Société d'horlogerie				Moutier		1906	162	telefonbuch_164	PTT-Archiv, P-260-1_Basel_1906	Basel
Station publique		Bureau des Télégraphes		Moutier		1906	162	telefonbuch_164	PTT-Archiv, P-260-1_Basel_1906	Basel
Thomas & Gross		négt.		Moutier		1906	162	telefonbuch_164	PTT-Archiv, P-260-1_Basel_1906	Basel
Tripet & Froidevaux		Le Petit Jurassien et La Revue jurassienne		Moutier		1906	162	telefonbuch_164	PTT-Archiv, P-260-1_Basel_1906	Basel
Girardin	S.	voyer-Chef		Perrefitte		1906	162	telefonbuch_164	PTT-Archiv, P-260-1_Basel_1906	Basel
Bureau des télégraphes			Rue du marché	Porrentruy		1906	163	telefonbuch_165	PTT-Archiv, P-260-1_Basel_1906	Basel
Guenat	C.	aubergiste		Beurnevésin		1906	163	telefonbuch_165	PTT-Archiv, P-260-1_Basel_1906	Basel
Bureau des postes				Charmoille		1906	163	telefonbuch_165	PTT-Archiv, P-260-1_Basel_1906	Basel
Borruat	B.			Chevenez		1906	163	telefonbuch_165	PTT-Archiv, P-260-1_Basel_1906	Basel
Guenin	Ch.	aubergiste		Cœuve		1906	163	telefonbuch_165	PTT-Archiv, P-260-1_Basel_1906	Basel
Maillat	E.	aubergiste		Courtedoux		1906	163	telefonbuch_165	PTT-Archiv, P-260-1_Basel_1906	Basel
Beucler	Léon	aubergiste		Damvant		1906	163	telefonbuch_165	PTT-Archiv, P-260-1_Basel_1906	Basel
Bureau des postes				Fahy		1906	163	telefonbuch_165	PTT-Archiv, P-260-1_Basel_1906	Basel
Métille	J.	aubergiste		Frégiécourt		1906	163	telefonbuch_165	PTT-Archiv, P-260-1_Basel_1906	Basel
Bureau des postes				Grandfontaine		1906	163	telefonbuch_165	PTT-Archiv, P-260-1_Basel_1906	Basel
Moine	E.	aubergiste		Montignez		1906	163	telefonbuch_165	PTT-Archiv, P-260-1_Basel_1906	Basel
bureau des postes				Vendlincourt		1906	163	telefonbuch_165	PTT-Archiv, P-260-1_Basel_1906	Basel
Petignat	J.	Hôtel de la gare		Alle		1906	164	telefonbuch_166	PTT-Archiv, P-260-1_Basel_1906	Basel
Stucky	David	Bureau des postes		Alle		1906	164	telefonbuch_166	PTT-Archiv, P-260-1_Basel_1906	Basel
Station publique communale		(Lachat)		Asuel		1906	164	telefonbuch_166	PTT-Archiv, P-260-1_Basel_1906	Basel
Station communale		(v. page 163)		Beurnevésin		1906	164	telefonbuch_166	PTT-Archiv, P-260-1_Basel_1906	Basel
Burrus	François	député		Boncourt		1906	164	telefonbuch_166	PTT-Archiv, P-260-1_Basel_1906	Basel
Burrus	Jos.	fabricant		Boncourt		1906	164	telefonbuch_166	PTT-Archiv, P-260-1_Basel_1906	Basel
Manufacture de tabacs				Boncourt		1906	164	telefonbuch_166	PTT-Archiv, P-260-1_Basel_1906	Basel
Monnier	Alph.	négociant		Boncourt		1906	164	telefonbuch_166	PTT-Archiv, P-260-1_Basel_1906	Basel
Station publique communale	A.	Fréléchoux, boucherie		Boncourt		1906	164	telefonbuch_166	PTT-Archiv, P-260-1_Basel_1906	Basel
Chevrolet	J.	Hôtel de la gare		Bonfol		1906	164	telefonbuch_166	PTT-Archiv, P-260-1_Basel_1906	Basel
Gerber	A.	Dr. med.		Bonfol		1906	164	telefonbuch_166	PTT-Archiv, P-260-1_Basel_1906	Basel
Mathieu	Henri	auberge, Largin		Bonfol		1906	164	telefonbuch_166	PTT-Archiv, P-260-1_Basel_1906	Basel
Station publique communale		Corps de garde		Bonfol		1906	164	telefonbuch_166	PTT-Archiv, P-260-1_Basel_1906	Basel
Tuilerie mécanique	J.	(Fattet, J.)		Bonfol		1906	164	telefonbuch_166	PTT-Archiv, P-260-1_Basel_1906	Basel
Station publique communale	M.	Oeuvray		Bressaucourt		1906	164	telefonbuch_166	PTT-Archiv, P-260-1_Basel_1906	Basel
Station publique communale Guelat	J.	aubergiste		Buix		1906	164	telefonbuch_166	PTT-Archiv, P-260-1_Basel_1906	Basel
Station publique communale	A.	Peter, voyer-chef		Bure		1906	164	telefonbuch_166	PTT-Archiv, P-260-1_Basel_1906	Basel
Station communale		(v. page 163)		Charmoille		1906	164	telefonbuch_166	PTT-Archiv, P-260-1_Basel_1906	Basel
Station communale		(v. page 163)		Chevenez		1906	164	telefonbuch_166	PTT-Archiv, P-260-1_Basel_1906	Basel
Henzelin	Victor	négociant		Coeuve		1906	164	telefonbuch_166	PTT-Archiv, P-260-1_Basel_1906	Basel
Ribeaud	Xavier	aubergiste		Coeuve		1906	164	telefonbuch_166	PTT-Archiv, P-260-1_Basel_1906	Basel
Station communale		(v. page 163)		Coeuve		1906	164	telefonbuch_166	PTT-Archiv, P-260-1_Basel_1906	Basel
Berret-Allemann		Hôtel lion d'or		Cornol		1906	164	telefonbuch_166	PTT-Archiv, P-260-1_Basel_1906	Basel
Berret	François	Hôtel „Bœuf“		Cornol		1906	164	telefonbuch_166	PTT-Archiv, P-260-1_Basel_1906	Basel
Fonderie Cornol				Cornol		1906	164	telefonbuch_166	PTT-Archiv, P-260-1_Basel_1906	Basel
Busson	Vve.	Hôtel trois poissons		Courchavon		1906	164	telefonbuch_166	PTT-Archiv, P-260-1_Basel_1906	Basel
Station publique communale	Léon	Béchir		Courchavon		1906	164	telefonbuch_166	PTT-Archiv, P-260-1_Basel_1906	Basel
Debœuf	Emile	Hôtel Suisse		Courgenay		1906	164	telefonbuch_166	PTT-Archiv, P-260-1_Basel_1906	Basel
Girard-Mouhat		Bonneterie		Courgenay		1906	164	telefonbuch_166	PTT-Archiv, P-260-1_Basel_1906	Basel
Station communale		(v. page 163)		Courtedoux		1906	164	telefonbuch_166	PTT-Archiv, P-260-1_Basel_1906	Basel
Station publique communale	Louis	Merguin, aubergiste		Courtemaîche		1906	164	telefonbuch_166	PTT-Archiv, P-260-1_Basel_1906	Basel
Station communale		(v. page 163)		Damvant		1906	164	telefonbuch_166	PTT-Archiv, P-260-1_Basel_1906	Basel
Station communale		(v. page 163)		Fahy		1906	164	telefonbuch_166	PTT-Archiv, P-260-1_Basel_1906	Basel
Coullery & Cie.		fabt. d'horlogerie		Fontenais		1906	164	telefonbuch_166	PTT-Archiv, P-260-1_Basel_1906	Basel
Duval	Jos.	maréchal		Fontenais		1906	164	telefonbuch_166	PTT-Archiv, P-260-1_Basel_1906	Basel
Fridelance	Jules	aubergiste		Fontenais		1906	164	telefonbuch_166	PTT-Archiv, P-260-1_Basel_1906	Basel
Station publique communale	L.	Contesse		Fontenais		1906	164	telefonbuch_166	PTT-Archiv, P-260-1_Basel_1906	Basel
Varrin & Cie.		fabr. de boîtes		Fontenais		1906	164	telefonbuch_166	PTT-Archiv, P-260-1_Basel_1906	Basel
Station communale		(v. page 163)		Frégiécourt		1906	165	telefonbuch_167	PTT-Archiv, P-260-1_Basel_1906	Basel
Station communale		(v. page 163)		Grandfontaine		1906	165	telefonbuch_167	PTT-Archiv, P-260-1_Basel_1906	Basel
Schneilin	Aug.	Hôtel Lützelhof		Lucelle		1906	165	telefonbuch_167	PTT-Archiv, P-260-1_Basel_1906	Basel
Henry	Jos.	vins		Lugnez		1906	165	telefonbuch_167	PTT-Archiv, P-260-1_Basel_1906	Basel
Chapuis	F.	Station publique communale, aubergiste		Miécourt		1906	165	telefonbuch_167	PTT-Archiv, P-260-1_Basel_1906	Basel
Station communale		(v. page 163)		Montignez		1906	165	telefonbuch_167	PTT-Archiv, P-260-1_Basel_1906	Basel
Biétry	Alfred	Station publique communale		Mormont		1906	165	telefonbuch_167	PTT-Archiv, P-260-1_Basel_1906	Basel
Abattoirs municipaux			Rue des abattoirs	Porrentruy		1906	165	telefonbuch_167	PTT-Archiv, P-260-1_Basel_1906	Basel
Amuat	Albert	fabrique d'horlogerie	Rue neuve	Porrentruy		1906	165	telefonbuch_167	PTT-Archiv, P-260-1_Basel_1906	Basel
Balimann	Ernest	avocat	Hôtel des Halles	Porrentruy		1906	165	telefonbuch_167	PTT-Archiv, P-260-1_Basel_1906	Basel
Balimann	E.	avocat (domicile)	Avenue de la gare	Porrentruy		1906	165	telefonbuch_167	PTT-Archiv, P-260-1_Basel_1906	Basel
Banque cantonale			Rue de la préfecture	Porrentruy		1906	165	telefonbuch_167	PTT-Archiv, P-260-1_Basel_1906	Basel
Banque populaire suisse			Rue de Courtedoux	Porrentruy		1906	165	telefonbuch_167	PTT-Archiv, P-260-1_Basel_1906	Basel
Bernard	Charles	vétérinaire	Rue de Courgenay	Porrentruy		1906	165	telefonbuch_167	PTT-Archiv, P-260-1_Basel_1906	Basel
Bigard	François	commerce de chevaux	Foubourg St-Germain	Porrentruy		1906	165	telefonbuch_167	PTT-Archiv, P-260-1_Basel_1906	Basel
Bigenwald	Charles	& Cie., négociants	Ruelle de l'étang	Porrentruy		1906	165	telefonbuch_167	PTT-Archiv, P-260-1_Basel_1906	Basel
Bigenwald	Jean	négociant	Rue Centrale	Porrentruy		1906	165	telefonbuch_167	PTT-Archiv, P-260-1_Basel_1906	Basel
Blétry & Matt		négociant	Rue Centrale	Porrentruy		1906	165	telefonbuch_167	PTT-Archiv, P-260-1_Basel_1906	Basel
Boinay	J.	Dr., avocat	Avenue de la gare	Porrentruy		1906	165	telefonbuch_167	PTT-Archiv, P-260-1_Basel_1906	Basel
Bouvier	François	représentant	Rue de Belfort	Porrentruy		1906	165	telefonbuch_167	PTT-Archiv, P-260-1_Basel_1906	Basel
Brasserie Feldschlösschen Rheinfelden		Dépôt	Rue du gravier	Porrentruy		1906	165	telefonbuch_167	PTT-Archiv, P-260-1_Basel_1906	Basel
Brasserie du Lion à Bâle			Faubourg de Cœuvre	Porrentruy		1906	165	telefonbuch_167	PTT-Archiv, P-260-1_Basel_1906	Basel
Brossard & Kohler		manufacture de chaussures	Rue de Cœuvre	Porrentruy		1906	165	telefonbuch_167	PTT-Archiv, P-260-1_Basel_1906	Basel
Burger	Th.	fabricant	Rue de Courtedoux	Porrentruy		1906	165	telefonbuch_167	PTT-Archiv, P-260-1_Basel_1906	Basel
Burrus	J. B.		Rue de Courtedoux	Porrentruy		1906	165	telefonbuch_167	PTT-Archiv, P-260-1_Basel_1906	Basel
Bützberger	Emil	Café du Jura-Simplon	Place de la gare	Porrentruy		1906	165	telefonbuch_167	PTT-Archiv, P-260-1_Basel_1906	Basel
Cauvin	Charles	restaurant de l'Etoile	Place du poids publique	Porrentruy		1906	165	telefonbuch_167	PTT-Archiv, P-260-1_Basel_1906	Basel
Ceppi	Ernest	Dr. méd.	Rue du temple	Porrentruy		1906	165	telefonbuch_167	PTT-Archiv, P-260-1_Basel_1906	Basel
Chalverat	J.	avocat	Rue du contrôle	Porrentruy		1906	165	telefonbuch_167	PTT-Archiv, P-260-1_Basel_1906	Basel
Chalverat	J.	avocat (domicile)	Faubourg St-Germain	Porrentruy		1906	165	telefonbuch_167	PTT-Archiv, P-260-1_Basel_1906	Basel
Chapuis	Alfred	fournitures d'horlogerie	Rue de la poste	Porrentruy		1906	165	telefonbuch_167	PTT-Archiv, P-260-1_Basel_1906	Basel
Chapuis	Emile	boucher	Rue du marché	Porrentruy		1906	165	telefonbuch_167	PTT-Archiv, P-260-1_Basel_1906	Basel
Chapuis	Paul	notaire	Avenue Cuenin	Porrentruy		1906	165	telefonbuch_167	PTT-Archiv, P-260-1_Basel_1906	Basel
Chatelain	Ernest	fabricant	Chemin des vauches	Porrentruy		1906	165	telefonbuch_167	PTT-Archiv, P-260-1_Basel_1906	Basel
Chavanne, Kohler & Cie.		Redaction du „Jura“	Place du collège	Porrentruy		1906	165	telefonbuch_167	PTT-Archiv, P-260-1_Basel_1906	Basel
Chemins de fer fédéraux		grande et petite vitesse	Place de la gare	Porrentruy		1906	165	telefonbuch_167	PTT-Archiv, P-260-1_Basel_1906	Basel
Choffat	Léon	Mme.	Rue de la préfecture	Porrentruy		1906	165	telefonbuch_167	PTT-Archiv, P-260-1_Basel_1906	Basel
Choquard	Jos.	& Co., Brasserie	Rue de Courgenay	Porrentruy		1906	165	telefonbuch_167	PTT-Archiv, P-260-1_Basel_1906	Basel
Choulat	Justin	scierie, commerce de vin	aux Planchettes	Porrentruy		1906	165	telefonbuch_167	PTT-Archiv, P-260-1_Basel_1906	Basel
Contrôle fédéral des ouvrages d'or et d'argent			Rue du contrôle	Porrentruy		1906	165	telefonbuch_167	PTT-Archiv, P-260-1_Basel_1906	Basel
Coopération bruntrutaine			Rue du contrôle	Porrentruy		1906	165	telefonbuch_167	PTT-Archiv, P-260-1_Basel_1906	Basel
Coulon	Louis	& Cie., fabr. d'horlogerie	Rue des tilleuls	Porrentruy		1906	165	telefonbuch_167	PTT-Archiv, P-260-1_Basel_1906	Basel
Cuenat	Henri	avocat	Faubourg de France	Porrentruy		1906	165	telefonbuch_167	PTT-Archiv, P-260-1_Basel_1906	Basel
Dietlin	H.	notaire	Rue de Courgenay	Porrentruy		1906	165	telefonbuch_167	PTT-Archiv, P-260-1_Basel_1906	Basel
Donzelot	Victor	négociant	Rue du marché	Porrentruy		1906	165	telefonbuch_167	PTT-Archiv, P-260-1_Basel_1906	Basel
Dubail	Jules	fabricant	Rue de Courtedoux	Porrentruy		1906	166	telefonbuch_168	PTT-Archiv, P-260-1_Basel_1906	Basel
Dubail	Louis	négociant	Rue centrale	Porrentruy		1906	166	telefonbuch_168	PTT-Archiv, P-260-1_Basel_1906	Basel
Duvanel		médecin-dentiste	Rue du temple	Porrentruy		1906	166	telefonbuch_168	PTT-Archiv, P-260-1_Basel_1906	Basel
Eberhard	Hermann	entrepreneur	Rue de la Prévoyance	Porrentruy		1906	166	telefonbuch_168	PTT-Archiv, P-260-1_Basel_1906	Basel
Ecabert	Aug.	grands magasins de la cigogne	Rue centrale	Porrentruy		1906	166	telefonbuch_168	PTT-Archiv, P-260-1_Basel_1906	Basel
Ecabert	François	„au meilleur marché“	Rue centrale	Porrentruy		1906	166	telefonbuch_168	PTT-Archiv, P-260-1_Basel_1906	Basel
Ecole cantonale			Collège	Porrentruy		1906	166	telefonbuch_168	PTT-Archiv, P-260-1_Basel_1906	Basel
Ecole d'horlogerie			Rue du contrôle	Porrentruy		1906	166	telefonbuch_168	PTT-Archiv, P-260-1_Basel_1906	Basel
Erard	Benoni	Café de la gare	Avenue de la gare	Porrentruy		1906	166	telefonbuch_168	PTT-Archiv, P-260-1_Basel_1906	Basel
Erhardt	Albert	restaurant du mouton	Rue du Juventuti	Porrentruy		1906	166	telefonbuch_168	PTT-Archiv, P-260-1_Basel_1906	Basel
Etienne	Vve.	(Hôtel cheval blanc)	Rue centrale	Porrentruy		1906	166	telefonbuch_168	PTT-Archiv, P-260-1_Basel_1906	Basel
Fattet	Jos.	Bureau	Rue de la poste	Porrentruy		1906	166	telefonbuch_168	PTT-Archiv, P-260-1_Basel_1906	Basel
Favey-Jeanneret		camionnage	Rue de Belfort	Porrentruy		1906	166	telefonbuch_168	PTT-Archiv, P-260-1_Basel_1906	Basel
Favrot	C.	buffet de la gare	Place de la gare	Porrentruy		1906	166	telefonbuch_168	PTT-Archiv, P-260-1_Basel_1906	Basel
Fleury & Rossé		négociants	Place du poids publique	Porrentruy		1906	166	telefonbuch_168	PTT-Archiv, P-260-1_Basel_1906	Basel
Frank	Joseph	à la confiance	Rue de la préfecture	Porrentruy		1906	166	telefonbuch_168	PTT-Archiv, P-260-1_Basel_1906	Basel
Frei	W.	vins (succ. Frei & Wyttenbach)	Faubourg de France	Porrentruy		1906	166	telefonbuch_168	PTT-Archiv, P-260-1_Basel_1906	Basel
Fridez	Veuve	„Hôtel Suisse“	Rue de la préfecture	Porrentruy		1906	166	telefonbuch_168	PTT-Archiv, P-260-1_Basel_1906	Basel
Gaignat	Jules	fabr. de vinaigres et essences	Rue du gravier	Porrentruy		1906	166	telefonbuch_168	PTT-Archiv, P-260-1_Basel_1906	Basel
Gendarmerie cantonale			Rue du marché	Porrentruy		1906	166	telefonbuch_168	PTT-Archiv, P-260-1_Basel_1906	Basel
Gigon	M.	pharmacie	Rue du marché	Porrentruy		1906	166	telefonbuch_168	PTT-Archiv, P-260-1_Basel_1906	Basel
Gindrat	Victor	négociant	Grande rue	Porrentruy		1906	166	telefonbuch_168	PTT-Archiv, P-260-1_Basel_1906	Basel
Glanzmann	Joseph	boucher	Rue centrale	Porrentruy		1906	166	telefonbuch_168	PTT-Archiv, P-260-1_Basel_1906	Basel
Gogniat	Simon	gérant	Place de la gare	Porrentruy		1906	166	telefonbuch_168	PTT-Archiv, P-260-1_Basel_1906	Basel
Grenouillet	Léon	march. de vin	Rue de Courtedoux	Porrentruy		1906	166	telefonbuch_168	PTT-Archiv, P-260-1_Basel_1906	Basel
Grimler	Paul	boucher	Rue du marché	Porrentruy		1906	166	telefonbuch_168	PTT-Archiv, P-260-1_Basel_1906	Basel
Guenin	P.	médecin-dentiste	Avenue Cuenin	Porrentruy		1906	166	telefonbuch_168	PTT-Archiv, P-260-1_Basel_1906	Basel
Guillerey	J.	Dr., vétérinaire	Rue neuve	Porrentruy		1906	166	telefonbuch_168	PTT-Archiv, P-260-1_Basel_1906	Basel
Haasenstein & Vogler		agence	Rue du marché	Porrentruy		1906	166	telefonbuch_168	PTT-Archiv, P-260-1_Basel_1906	Basel
Hôpital civil du district			Grande rue	Porrentruy		1906	166	telefonbuch_168	PTT-Archiv, P-260-1_Basel_1906	Basel
Hôtel cheval blanc		(Vve. Etienne)	Rue centrale	Porrentruy		1906	166	telefonbuch_168	PTT-Archiv, P-260-1_Basel_1906	Basel
Hôtel du Jura		(François Voirol)	Rue centrale	Porrentruy		1906	166	telefonbuch_168	PTT-Archiv, P-260-1_Basel_1906	Basel
Hôtel gare		(J. Mantelli)	Place de la gare	Porrentruy		1906	166	telefonbuch_168	PTT-Archiv, P-260-1_Basel_1906	Basel
Hôtel National		(Mantelli)	Avenue de la gare	Porrentruy		1906	166	telefonbuch_168	PTT-Archiv, P-260-1_Basel_1906	Basel
Hôtel Suisse		(Vve. Jos. Fridez)	Rue de la préfecture	Porrentruy		1906	166	telefonbuch_168	PTT-Archiv, P-260-1_Basel_1906	Basel
Houlmann	Ed.	Dr. méd.	Rue du temple	Porrentruy		1906	166	telefonbuch_168	PTT-Archiv, P-260-1_Basel_1906	Basel
Huber	Albert	voiturier	Rue du gravier	Porrentruy		1906	166	telefonbuch_168	PTT-Archiv, P-260-1_Basel_1906	Basel
Hublard & Co.		manufacture de chaussures	Allée des soupirs	Porrentruy		1906	166	telefonbuch_168	PTT-Archiv, P-260-1_Basel_1906	Basel
Hubleur		pharmacie	Rue centrale	Porrentruy		1906	166	telefonbuch_168	PTT-Archiv, P-260-1_Basel_1906	Basel
Hüsser	Jean	photographe	Avenue de la gare	Porrentruy		1906	166	telefonbuch_168	PTT-Archiv, P-260-1_Basel_1906	Basel
Imprimerie Türberg		succ. Paul Suter-Racine	Rue du marché	Porrentruy		1906	166	telefonbuch_168	PTT-Archiv, P-260-1_Basel_1906	Basel
Jobin	Paul	fabrique d'horlogerie	Rue de Courgenay	Porrentruy		1906	166	telefonbuch_168	PTT-Archiv, P-260-1_Basel_1906	Basel
Joly	Victor	vins	Rue de Courgenay	Porrentruy		1906	166	telefonbuch_168	PTT-Archiv, P-260-1_Basel_1906	Basel
Juillard	Emile	fabr. d'horlogerie	Rue des tilleuls	Porrentruy		1906	166	telefonbuch_168	PTT-Archiv, P-260-1_Basel_1906	Basel
Kenel	W.	& Courvoisier, fabt. d'horlogerie	Avenue de la gare	Porrentruy		1906	166	telefonbuch_168	PTT-Archiv, P-260-1_Basel_1906	Basel
Kohler	X.	notaire	Rue du Juventuti	Porrentruy		1906	166	telefonbuch_168	PTT-Archiv, P-260-1_Basel_1906	Basel
Kramer	J.	pharmacien	Rue du marché	Porrentruy		1906	166	telefonbuch_168	PTT-Archiv, P-260-1_Basel_1906	Basel
Lachat	Felix	commerce de beurre et fromage	Rue du marché	Porrentruy		1906	166	telefonbuch_168	PTT-Archiv, P-260-1_Basel_1906	Basel
Lang	Louis	fabricant d'horlogerie	Rue neuve	Porrentruy		1906	166	telefonbuch_168	PTT-Archiv, P-260-1_Basel_1906	Basel
L'Homme	Ch.	Mme. Vve.	Rue centrale	Porrentruy		1906	167	telefonbuch_169	PTT-Archiv, P-260-1_Basel_1906	Basel
L'Hoste	X.	camionneur et voiturier	Rue du gravier	Porrentruy		1906	167	telefonbuch_169	PTT-Archiv, P-260-1_Basel_1906	Basel
„Lion“		manufacture d'horlogerie (Albert Kenel & Co.)	Rue de Belfort	Porrentruy		1906	167	telefonbuch_169	PTT-Archiv, P-260-1_Basel_1906	Basel
Maillat	Jos.	maire	Rue de la préfecture	Porrentruy		1906	167	telefonbuch_169	PTT-Archiv, P-260-1_Basel_1906	Basel
Mandelert		Dr. med.	Faubourg de France	Porrentruy		1906	167	telefonbuch_169	PTT-Archiv, P-260-1_Basel_1906	Basel
Mantelli	J.	Hôtel de la gare	Place de la gare	Porrentruy		1906	167	telefonbuch_169	PTT-Archiv, P-260-1_Basel_1906	Basel
Mantelli	J.	Hôtel National	Avenue de la gare	Porrentruy		1906	167	telefonbuch_169	PTT-Archiv, P-260-1_Basel_1906	Basel
Marquis	B.	Imprimerie	Rue du marché	Porrentruy		1906	167	telefonbuch_169	PTT-Archiv, P-260-1_Basel_1906	Basel
Membrez	Jos.	Café des deux clefs	Rue de la poste	Porrentruy		1906	167	telefonbuch_169	PTT-Archiv, P-260-1_Basel_1906	Basel
Metthée	Jules	fabricant	Rue de Fontenais	Porrentruy		1906	167	telefonbuch_169	PTT-Archiv, P-260-1_Basel_1906	Basel
Milliet	S.	représentant	Rue de la préfecture	Porrentruy		1906	167	telefonbuch_169	PTT-Archiv, P-260-1_Basel_1906	Basel
Monnin	J. B.		Rue du gravier	Porrentruy		1906	167	telefonbuch_169	PTT-Archiv, P-260-1_Basel_1906	Basel
Mouche	J.	notaire	Rue de Belfort	Porrentruy		1906	167	telefonbuch_169	PTT-Archiv, P-260-1_Basel_1906	Basel
Municipalité		Secrétariat municipal	Hôtel de ville	Porrentruy		1906	167	telefonbuch_169	PTT-Archiv, P-260-1_Basel_1906	Basel
Nicolet		Dr. med.	Rue de la poste	Porrentruy		1906	167	telefonbuch_169	PTT-Archiv, P-260-1_Basel_1906	Basel
Orphelinat du district			Château	Porrentruy		1906	167	telefonbuch_169	PTT-Archiv, P-260-1_Basel_1906	Basel
Oser	Emile	boucher	Rue de l'église	Porrentruy		1906	167	telefonbuch_169	PTT-Archiv, P-260-1_Basel_1906	Basel
Parietti	frères	entrepreneurs	Rue de Belfort	Porrentruy		1906	167	telefonbuch_169	PTT-Archiv, P-260-1_Basel_1906	Basel
Peronne	Albert	chaussures	Rue du marché	Porrentruy		1906	167	telefonbuch_169	PTT-Archiv, P-260-1_Basel_1906	Basel
Perrot	Gustave	Café du raisin	Place du collège	Porrentruy		1906	167	telefonbuch_169	PTT-Archiv, P-260-1_Basel_1906	Basel
Perucchi	François	architecte	Avenue Cuenin	Porrentruy		1906	167	telefonbuch_169	PTT-Archiv, P-260-1_Basel_1906	Basel
Petignat-Voillat	G.	boucherie	Faubourg de Cœuvre	Porrentruy		1906	167	telefonbuch_169	PTT-Archiv, P-260-1_Basel_1906	Basel
Philipp-Baumgartner		scierie à vapeur	Avenue de Lorette	Porrentruy		1906	167	telefonbuch_169	PTT-Archiv, P-260-1_Basel_1906	Basel
Pinaton	Ernest	boucher	Rue du Juventuti	Porrentruy		1906	167	telefonbuch_169	PTT-Archiv, P-260-1_Basel_1906	Basel
Police locale			Hôtel de ville	Porrentruy		1906	167	telefonbuch_169	PTT-Archiv, P-260-1_Basel_1906	Basel
Postes		ville	Rue de la poste	Porrentruy		1906	167	telefonbuch_169	PTT-Archiv, P-260-1_Basel_1906	Basel
Postes		transit	Place de la gare	Porrentruy		1906	167	telefonbuch_169	PTT-Archiv, P-260-1_Basel_1906	Basel
Poulet	Louis		Rue neuve	Porrentruy		1906	167	telefonbuch_169	PTT-Archiv, P-260-1_Basel_1906	Basel
Préfecture du district			Rue de la préfecture	Porrentruy		1906	167	telefonbuch_169	PTT-Archiv, P-260-1_Basel_1906	Basel
Riat & Hintzy		fabricants d'horlogerie	Rue des planchettes	Porrentruy		1906	167	telefonbuch_169	PTT-Archiv, P-260-1_Basel_1906	Basel
Riba	C.	vins	Rue de Fontenais	Porrentruy		1906	167	telefonbuch_169	PTT-Archiv, P-260-1_Basel_1906	Basel
Salomon	Benj.	mercerie et tissus	Rue de l'église	Porrentruy		1906	167	telefonbuch_169	PTT-Archiv, P-260-1_Basel_1906	Basel
Schaltenbrand	A.	négociant	Tuilerie	Porrentruy		1906	167	telefonbuch_169	PTT-Archiv, P-260-1_Basel_1906	Basel
Schlachter	Jos.	restaurant	Avenue de la gare	Porrentruy		1906	167	telefonbuch_169	PTT-Archiv, P-260-1_Basel_1906	Basel
Schmid	Otto	avocat, réd. „Le Peuple“	Rue de Courtedoux	Porrentruy		1906	167	telefonbuch_169	PTT-Archiv, P-260-1_Basel_1906	Basel
Schmoll	Léopold	Commerce de chevaux	Rue de Courtedoux	Porrentruy		1906	167	telefonbuch_169	PTT-Archiv, P-260-1_Basel_1906	Basel
Schwob	Lucien	grands Magasins	Rue du marché	Porrentruy		1906	167	telefonbuch_169	PTT-Archiv, P-260-1_Basel_1906	Basel
Siegel	François	boucher	Faubourg de France	Porrentruy		1906	167	telefonbuch_169	PTT-Archiv, P-260-1_Basel_1906	Basel
Simon, Burger & Gressot		fabrique d'horlogerie	Avenue de la gare	Porrentruy		1906	167	telefonbuch_169	PTT-Archiv, P-260-1_Basel_1906	Basel
Société anonyme des forces motrices du Doubs			Rue de la poste	Porrentruy		1906	167	telefonbuch_169	PTT-Archiv, P-260-1_Basel_1906	Basel
Société horlogère			Chemin de la fabrique	Porrentruy		1906	167	telefonbuch_169	PTT-Archiv, P-260-1_Basel_1906	Basel
Société de tir de Campagne				Porrentruy		1906	167	telefonbuch_169	PTT-Archiv, P-260-1_Basel_1906	Basel
Société typographique			Faubourg de France	Porrentruy		1906	167	telefonbuch_169	PTT-Archiv, P-260-1_Basel_1906	Basel
Sommer	J.	commerce de fromage et de beurre	Grande rue	Porrentruy		1906	167	telefonbuch_169	PTT-Archiv, P-260-1_Basel_1906	Basel
Sommer	Jean		Avenue de Lorette	Porrentruy		1906	167	telefonbuch_169	PTT-Archiv, P-260-1_Basel_1906	Basel
Theurillat & Cie.		fabricants d'horlogerie	La Rasse	Porrentruy		1906	167	telefonbuch_169	PTT-Archiv, P-260-1_Basel_1906	Basel
Theurillat	Jules	fabricant d'horlogerie	Rue de Courtedoux	Porrentruy		1906	167	telefonbuch_169	PTT-Archiv, P-260-1_Basel_1906	Basel
Tschirhart	Bernard	négt. vins	Avenue de la gare	Porrentruy		1906	167	telefonbuch_169	PTT-Archiv, P-260-1_Basel_1906	Basel
Usines à gaz			Rue des abattoirs	Porrentruy		1906	168	telefonbuch_170	PTT-Archiv, P-260-1_Basel_1906	Basel
Vallat	Maurice	architecte	Faubourg St-Germain	Porrentruy		1906	168	telefonbuch_170	PTT-Archiv, P-260-1_Basel_1906	Basel
Vallet	Léon	vins	Rue de la poste	Porrentruy		1906	168	telefonbuch_170	PTT-Archiv, P-260-1_Basel_1906	Basel
Varrin-Comment		fabrique d'horlogerie	Avenue Cuenin	Porrentruy		1906	168	telefonbuch_170	PTT-Archiv, P-260-1_Basel_1906	Basel
Vermot	G. P.		Carrière l'oiselier	Porrentruy		1906	168	telefonbuch_170	PTT-Archiv, P-260-1_Basel_1906	Basel
Viatte	G.	Dr. méd.	Avenue Cuenin	Porrentruy		1906	168	telefonbuch_170	PTT-Archiv, P-260-1_Basel_1906	Basel
Voirol	François	Hôtel du Jura	Rue centrale	Porrentruy		1906	168	telefonbuch_170	PTT-Archiv, P-260-1_Basel_1906	Basel
Von Dach	E.	négociant	Faubourg de France	Porrentruy		1906	168	telefonbuch_170	PTT-Archiv, P-260-1_Basel_1906	Basel
Weill-Hagenauer		ameublements	Grande rue	Porrentruy		1906	168	telefonbuch_170	PTT-Archiv, P-260-1_Basel_1906	Basel
Wilhem	A.	Dr. méd.	Grande rue	Porrentruy		1906	168	telefonbuch_170	PTT-Archiv, P-260-1_Basel_1906	Basel
Barthe	Lucien	Station publique communale, aubergiste		Réclère		1906	168	telefonbuch_170	PTT-Archiv, P-260-1_Basel_1906	Basel
Jubin	François	Station publique communale		Rocourt		1906	168	telefonbuch_170	PTT-Archiv, P-260-1_Basel_1906	Basel
Station communale		(v. page 163)		Vendlincourt		1906	168	telefonbuch_170	PTT-Archiv, P-260-1_Basel_1906	Basel
Créchard	J.	Station publique communale		Villars-sur-Fontenais		1906	168	telefonbuch_170	PTT-Archiv, P-260-1_Basel_1906	Basel
Thommen-Itin	A.	I. Gemeindestationen, mit Telegraphendienst		Arboldswil		1906	168	telefonbuch_170	PTT-Archiv, P-260-1_Basel_1906	Basel
Dettwiler	Jakob	I. Gemeindestationen, mit Telegraphendienst		Lauwil		1906	168	telefonbuch_170	PTT-Archiv, P-260-1_Basel_1906	Basel
Postablage		I. Gemeindestationen, mit Telegraphendienst		Titterten		1906	168	telefonbuch_170	PTT-Archiv, P-260-1_Basel_1906	Basel
Gemeindestation		(s. oben)		Arboldswil		1906	168	telefonbuch_170	PTT-Archiv, P-260-1_Basel_1906	Basel
Wirtschaft Althaus		Gemeindesprechstation		Bretzwil		1906	168	telefonbuch_170	PTT-Archiv, P-260-1_Basel_1906	Basel
Kellerhals-Obrecht	J. J.	Gasthaus zur Blume		Bretzwil		1906	168	telefonbuch_170	PTT-Archiv, P-260-1_Basel_1906	Basel
Gemeindestation		(s. oben)		Lauwil		1906	168	telefonbuch_170	PTT-Archiv, P-260-1_Basel_1906	Basel
Erzer	R.	Arzt		Reigoldswil		1906	169	telefonbuch_171	PTT-Archiv, P-260-1_Basel_1906	Basel
Gysin-Schneider	Ad.	Bäckerei und Handlung		Reigoldswil		1906	169	telefonbuch_171	PTT-Archiv, P-260-1_Basel_1906	Basel
Hartmann		Gebrüder, Eichen		Reigoldswil		1906	169	telefonbuch_171	PTT-Archiv, P-260-1_Basel_1906	Basel
Jundt-Roth	E.	Bäckerei und Wirtschaft		Reigoldswil		1906	169	telefonbuch_171	PTT-Archiv, P-260-1_Basel_1906	Basel
Plattner	Ferd.	Gasthaus zur „Sonne“		Reigoldswil		1906	169	telefonbuch_171	PTT-Archiv, P-260-1_Basel_1906	Basel
Schneider	G.	Weinhandlung		Reigoldswil		1906	169	telefonbuch_171	PTT-Archiv, P-260-1_Basel_1906	Basel
Gemeindestation		(s. Seite 168)		Titterten		1906	169	telefonbuch_171	PTT-Archiv, P-260-1_Basel_1906	Basel
Gemeindesprechstation		Gasthaus zum Rössli		Ziefen		1906	169	telefonbuch_171	PTT-Archiv, P-260-1_Basel_1906	Basel
Telegraphenbureau		I. Oeffentliche Sprechstation, Aufgaberaum		Rheinfelden		1906	169	telefonbuch_171	PTT-Archiv, P-260-1_Basel_1906	Basel
Reimann	Otto	II. Gemeindestation		Hellikon		1906	169	telefonbuch_171	PTT-Archiv, P-260-1_Basel_1906	Basel
Haumüller	G.	z. Rössli, II. Gemeindestation		Olsberg		1906	169	telefonbuch_171	PTT-Archiv, P-260-1_Basel_1906	Basel
Herzog	Alb.	z. Pinte, II. Gemeindestation		Wegenstetten		1906	169	telefonbuch_171	PTT-Archiv, P-260-1_Basel_1906	Basel
Speiser	Ed.	z. Adler, II. Gemeindestation		Zeiningen		1906	169	telefonbuch_171	PTT-Archiv, P-260-1_Basel_1906	Basel
Postbureau		II. Gemeindestation		Zuzgen		1906	169	telefonbuch_171	PTT-Archiv, P-260-1_Basel_1906	Basel
Gemeindestation		(s. oben)		Hellikon		1906	169	telefonbuch_171	PTT-Archiv, P-260-1_Basel_1906	Basel
Rüsch	Gustav	Metzger und Wirt zur „Blume“		Magden		1906	169	telefonbuch_171	PTT-Archiv, P-260-1_Basel_1906	Basel
Baumann	Emil	Bäckermeister		Möhlin		1906	170	telefonbuch_172	PTT-Archiv, P-260-1_Basel_1906	Basel
Brenner	Oskar	Gasthaus zur Sonne		Möhlin		1906	170	telefonbuch_172	PTT-Archiv, P-260-1_Basel_1906	Basel
Gamper-Waldmeyer	A.	Architekt		Möhlin		1906	170	telefonbuch_172	PTT-Archiv, P-260-1_Basel_1906	Basel
Gemeindesprechstation	F. X. Delz	Coiffeur		Möhlin		1906	170	telefonbuch_172	PTT-Archiv, P-260-1_Basel_1906	Basel
Herzog-Hofbauer	Dr. med. J.	Arzt		Möhlin		1906	170	telefonbuch_172	PTT-Archiv, P-260-1_Basel_1906	Basel
Kaufmann	S.	Hôtel Adler		Möhlin		1906	170	telefonbuch_172	PTT-Archiv, P-260-1_Basel_1906	Basel
Soder-Baumann	Wwe.	Bäckerei		Möhlin		1906	170	telefonbuch_172	PTT-Archiv, P-260-1_Basel_1906	Basel
Soolbad Sonnenberg		(Pächter: E. Hollenweger)		Möhlin		1906	170	telefonbuch_172	PTT-Archiv, P-260-1_Basel_1906	Basel
Spar- und Leihkasse Möhlin				Möhlin		1906	170	telefonbuch_172	PTT-Archiv, P-260-1_Basel_1906	Basel
Surber	Geschwister	Hôtel Bahnhof		Möhlin		1906	170	telefonbuch_172	PTT-Archiv, P-260-1_Basel_1906	Basel
Welti	Dr. Adolf	Arzt		Möhlin		1906	170	telefonbuch_172	PTT-Archiv, P-260-1_Basel_1906	Basel
Aarg. Rettungsanstalt Pestalozzistiftung				Olsberg		1906	170	telefonbuch_172	PTT-Archiv, P-260-1_Basel_1906	Basel
Gemeindestation		(s. Seite 169)		Olsberg		1906	170	telefonbuch_172	PTT-Archiv, P-260-1_Basel_1906	Basel
Aktienbrauerei zum Feldschlösschen		(Roniger, Direktor)		Rheinfelden		1906	170	telefonbuch_172	PTT-Archiv, P-260-1_Basel_1906	Basel
Badarmenanstalt				Rheinfelden		1906	170	telefonbuch_172	PTT-Archiv, P-260-1_Basel_1906	Basel
Bahnhof-Restaurant zur Quelle				Rheinfelden		1906	170	telefonbuch_172	PTT-Archiv, P-260-1_Basel_1906	Basel
Bauer-Billet	A.	Metzger	Marktgasse 106	Rheinfelden		1906	170	telefonbuch_172	PTT-Archiv, P-260-1_Basel_1906	Basel
Bauer-Ciaudo	C.	Rheinlust		Rheinfelden		1906	170	telefonbuch_172	PTT-Archiv, P-260-1_Basel_1906	Basel
Bertrand & Cie.		mech. Wollspinnerei und Weberei		Rheinfelden		1906	170	telefonbuch_172	PTT-Archiv, P-260-1_Basel_1906	Basel
Bezirksamt Rheinfelden		Amthaus		Rheinfelden		1906	170	telefonbuch_172	PTT-Archiv, P-260-1_Basel_1906	Basel
Bollag	Leopold	zur Rheinfelder Warenhalle		Rheinfelden		1906	170	telefonbuch_172	PTT-Archiv, P-260-1_Basel_1906	Basel
Bossart-Geigy	Dr. med. F.	Bezirksarzt		Rheinfelden		1906	170	telefonbuch_172	PTT-Archiv, P-260-1_Basel_1906	Basel
Dietschy	J. V.	Hôtel zur Krone		Rheinfelden		1906	170	telefonbuch_172	PTT-Archiv, P-260-1_Basel_1906	Basel
Derselbe		Hôtel des salines		Rheinfelden		1906	170	telefonbuch_172	PTT-Archiv, P-260-1_Basel_1906	Basel
Derselbe		Villa du parc		Rheinfelden		1906	170	telefonbuch_172	PTT-Archiv, P-260-1_Basel_1906	Basel
Doge	Louis		Olsbergerstrasse 684	Rheinfelden		1906	170	telefonbuch_172	PTT-Archiv, P-260-1_Basel_1906	Basel
Doge & Co.		Cigarrenfabrik	Kunzenthal 448	Rheinfelden		1906	170	telefonbuch_172	PTT-Archiv, P-260-1_Basel_1906	Basel
Doser	A.	Fürsprech und Notar		Rheinfelden		1906	170	telefonbuch_172	PTT-Archiv, P-260-1_Basel_1906	Basel
Ersparniskasse Rheinfelden			Marktgasse 38	Rheinfelden		1906	170	telefonbuch_172	PTT-Archiv, P-260-1_Basel_1906	Basel
Fass-Fabrik Rheinfelden	(Peter Hedderich)		Breitmattweg 529	Rheinfelden		1906	170	telefonbuch_172	PTT-Archiv, P-260-1_Basel_1906	Basel
Feldschlösschen-Stadt		Restaurant	Marktgasse 23	Rheinfelden		1906	170	telefonbuch_172	PTT-Archiv, P-260-1_Basel_1906	Basel
Frey	Dr. Emil			Rheinfelden		1906	170	telefonbuch_172	PTT-Archiv, P-260-1_Basel_1906	Basel
Fricker	E.		Marktgasse 17	Rheinfelden		1906	170	telefonbuch_172	PTT-Archiv, P-260-1_Basel_1906	Basel
Gaeng	Dr. Oskar	Fürsprech und Notar		Rheinfelden		1906	170	telefonbuch_172	PTT-Archiv, P-260-1_Basel_1906	Basel
Gas- und Wasserwerk		Städtisches (Gemeindekanzlei, Stadtkanzlei)		Rheinfelden		1906	170	telefonbuch_172	PTT-Archiv, P-260-1_Basel_1906	Basel
Gemeindekanzlei (Stadtkanzlei)			Marktgasse 39	Rheinfelden		1906	170	telefonbuch_172	PTT-Archiv, P-260-1_Basel_1906	Basel
Gemeindesprechstation	Ernst Waldmeier	Kaufmann		Rheinfelden		1906	170	telefonbuch_172	PTT-Archiv, P-260-1_Basel_1906	Basel
Gersbach-Lenzi	G.	Tierarzt	Marktgasse 37	Rheinfelden		1906	170	telefonbuch_172	PTT-Archiv, P-260-1_Basel_1906	Basel
Grawehr-Trueb	K.	Dr. med.	Kirchplatz 185	Rheinfelden		1906	170	telefonbuch_172	PTT-Archiv, P-260-1_Basel_1906	Basel
Habich-Dietschy	C.		Marktgasse 43	Rheinfelden		1906	170	telefonbuch_172	PTT-Archiv, P-260-1_Basel_1906	Basel
Hauri	Ad.	Metzger	Oberthorplatz 287	Rheinfelden		1906	170	telefonbuch_172	PTT-Archiv, P-260-1_Basel_1906	Basel
Hausammann	Georg	Hôtel Schiff		Rheinfelden		1906	170	telefonbuch_172	PTT-Archiv, P-260-1_Basel_1906	Basel
Herzog	U.	"Buchdruckerei der ""Volksstimme"""	Gaisgasse 279	Rheinfelden		1906	170	telefonbuch_172	PTT-Archiv, P-260-1_Basel_1906	Basel
Hess	J.	Baumeister	Zürcherstrasse 431	Rheinfelden		1906	170	telefonbuch_172	PTT-Archiv, P-260-1_Basel_1906	Basel
Hôtel Bahnhof				Rheinfelden		1906	170	telefonbuch_172	PTT-Archiv, P-260-1_Basel_1906	Basel
Hôtel 3 Könige	(Ernst Schaaf)			Rheinfelden	3	1906	170	telefonbuch_172	PTT-Archiv, P-260-1_Basel_1906	Basel
Hôtel Engel		(H. Oertli-Meier)		Rheinfelden		1906	171	telefonbuch_173	PTT-Archiv, P-260-1_Basel_1906	Basel
Hôtel Krone		(J. V. Dietschy)		Rheinfelden		1906	171	telefonbuch_173	PTT-Archiv, P-260-1_Basel_1906	Basel
Hôtel Ochsen		(W. Reichert)		Rheinfelden		1906	171	telefonbuch_173	PTT-Archiv, P-260-1_Basel_1906	Basel
Hôtel des salines		(J. V. Dietschy)		Rheinfelden		1906	171	telefonbuch_173	PTT-Archiv, P-260-1_Basel_1906	Basel
Hôtel Schiff		(Georg Hausammann)		Rheinfelden		1906	171	telefonbuch_173	PTT-Archiv, P-260-1_Basel_1906	Basel
Hôtel Schützen		(Fr. Kottmann)		Rheinfelden		1906	171	telefonbuch_173	PTT-Archiv, P-260-1_Basel_1906	Basel
Keller	H.	Dr.		Rheinfelden		1906	171	telefonbuch_173	PTT-Archiv, P-260-1_Basel_1906	Basel
Kottmann	Fr.	Hôtel zum „Schützen“		Rheinfelden		1906	171	telefonbuch_173	PTT-Archiv, P-260-1_Basel_1906	Basel
Kraftübertragungswerke Rheinfelden		(Direktion)	Kasino	Rheinfelden		1906	171	telefonbuch_173	PTT-Archiv, P-260-1_Basel_1906	Basel
Dieselben		(Bureau des Leitungsingenieurs)	Theodorshof	Rheinfelden		1906	171	telefonbuch_173	PTT-Archiv, P-260-1_Basel_1906	Basel
Dieselben		Unter-Centrale bei der Rheinlust		Rheinfelden		1906	171	telefonbuch_173	PTT-Archiv, P-260-1_Basel_1906	Basel
Liewen	M.	Tabakfabrik		Rheinfelden		1906	171	telefonbuch_173	PTT-Archiv, P-260-1_Basel_1906	Basel
Meppiel & Teuber		zur Blume	Marktgasse 113	Rheinfelden		1906	171	telefonbuch_173	PTT-Archiv, P-260-1_Basel_1906	Basel
Oertli-Meyer	Heinrich	Hôtel Engel		Rheinfelden		1906	171	telefonbuch_173	PTT-Archiv, P-260-1_Basel_1906	Basel
Reichert	Wilh.	Gasthaus zum Ochsen		Rheinfelden		1906	171	telefonbuch_173	PTT-Archiv, P-260-1_Basel_1906	Basel
Roniger-Blatt	Th.	Bel Air		Rheinfelden		1906	171	telefonbuch_173	PTT-Archiv, P-260-1_Basel_1906	Basel
Rüsch	Adolf	Metzger	Marktgasse 94	Rheinfelden		1906	171	telefonbuch_173	PTT-Archiv, P-260-1_Basel_1906	Basel
Salmenbräu Rheinfelden		A.-G., Bureau Kloos		Rheinfelden		1906	171	telefonbuch_173	PTT-Archiv, P-260-1_Basel_1906	Basel
Derselbe		Wirtschaft zum Salmen		Rheinfelden		1906	171	telefonbuch_173	PTT-Archiv, P-260-1_Basel_1906	Basel
Schaaf	Ernst	Hotel 3 Könige		Rheinfelden		1906	171	telefonbuch_173	PTT-Archiv, P-260-1_Basel_1906	Basel
Schneider-Obrist	O.	Metzger	Gaisgasse 277	Rheinfelden		1906	171	telefonbuch_173	PTT-Archiv, P-260-1_Basel_1906	Basel
Schweizerische Rheinsalinen		Saline Ryburg		Rheinfelden		1906	171	telefonbuch_173	PTT-Archiv, P-260-1_Basel_1906	Basel
Sibold	Joh.	Metzger	Marktgasse 21	Rheinfelden		1906	171	telefonbuch_173	PTT-Archiv, P-260-1_Basel_1906	Basel
Soder-Elgg	B.	mech. Werkstätte		Rheinfelden		1906	171	telefonbuch_173	PTT-Archiv, P-260-1_Basel_1906	Basel
Sprenger	Bernhard	zur Schwibbogenmühle	Marktgasse 118	Rheinfelden		1906	171	telefonbuch_173	PTT-Archiv, P-260-1_Basel_1906	Basel
Sprenger	Jos.	Konditor	Marktgasse 100	Rheinfelden		1906	171	telefonbuch_173	PTT-Archiv, P-260-1_Basel_1906	Basel
Stadtkanzlei		(Gemeindekanzlei)	Marktgasse 39	Rheinfelden		1906	171	telefonbuch_173	PTT-Archiv, P-260-1_Basel_1906	Basel
Vogel	Karl		Zürcherstrasse 425	Rheinfelden		1906	171	telefonbuch_173	PTT-Archiv, P-260-1_Basel_1906	Basel
Völlmy	Hans	Rohrmöbelfabrik	Bahnhofquartier 545	Rheinfelden		1906	171	telefonbuch_173	PTT-Archiv, P-260-1_Basel_1906	Basel
Wäckerlin	Fr.	Tierarzt	Kaiserstrasse 497	Rheinfelden		1906	171	telefonbuch_173	PTT-Archiv, P-260-1_Basel_1906	Basel
Wuhrmann & Moff		Cigarrenfabrik	Kaiserstrasse	Rheinfelden		1906	171	telefonbuch_173	PTT-Archiv, P-260-1_Basel_1906	Basel
Wüthrich-Jenny	M.		Hohle Gasse 389	Rheinfelden		1906	171	telefonbuch_173	PTT-Archiv, P-260-1_Basel_1906	Basel
Zollikofer'sche Apotheke			Marktgasse 40	Rheinfelden		1906	171	telefonbuch_173	PTT-Archiv, P-260-1_Basel_1906	Basel
Metzger	Franz	Wirt und Handlung		Ryburg		1906	171	telefonbuch_173	PTT-Archiv, P-260-1_Basel_1906	Basel
Schweizerische Rheinsalinen		Saline Ryburg		Ryburg		1906	171	telefonbuch_173	PTT-Archiv, P-260-1_Basel_1906	Basel
Gemeindestation		(s. Seite 169)		Wegenstetten		1906	171	telefonbuch_173	PTT-Archiv, P-260-1_Basel_1906	Basel
Gemeindestation		(s. Seite 169)		Zeiningen		1906	171	telefonbuch_173	PTT-Archiv, P-260-1_Basel_1906	Basel
Gemeindestation		(s. Seite 169)		Zuzgen		1906	171	telefonbuch_173	PTT-Archiv, P-260-1_Basel_1906	Basel
Société anonyme des forces motrices du Doubs				Bellefontaine		1906	172	telefonbuch_174	PTT-Archiv, P-260-1_Basel_1906	Basel
Station communale		(v. ci-haut)		Epauvillers		1906	172	telefonbuch_174	PTT-Archiv, P-260-1_Basel_1906	Basel
Berdat		Station publique communale, aubergiste		Epiquerez, les		1906	172	telefonbuch_174	PTT-Archiv, P-260-1_Basel_1906	Basel
Bureau des postes		Station publique communale		Essertfallon		1906	172	telefonbuch_174	PTT-Archiv, P-260-1_Basel_1906	Basel
Bureau des postes		Station publique communale		Montenol		1906	172	telefonbuch_174	PTT-Archiv, P-260-1_Basel_1906	Basel
Girardin	Albert	maire		Montmelon-dessous		1906	172	telefonbuch_174	PTT-Archiv, P-260-1_Basel_1906	Basel
Bureau des postes		Station publique communale		La Motte		1906	172	telefonbuch_174	PTT-Archiv, P-260-1_Basel_1906	Basel
Choulat	Léon	moulin du Doubs		Ocourt		1906	172	telefonbuch_174	PTT-Archiv, P-260-1_Basel_1906	Basel
Station communale		(v. ci-haut)		Ocourt		1906	172	telefonbuch_174	PTT-Archiv, P-260-1_Basel_1906	Basel
Noirjean	Ch.	Station publique communale		Le Péca		1906	172	telefonbuch_174	PTT-Archiv, P-260-1_Basel_1906	Basel
Asile des vieillards				St. Ursanne		1906	172	telefonbuch_174	PTT-Archiv, P-260-1_Basel_1906	Basel
Ammann	Léon	Hôtel demi lune		St. Ursanne		1906	172	telefonbuch_174	PTT-Archiv, P-260-1_Basel_1906	Basel
Bouvier	Eugenie	Hôtel du bœuf		St. Ursanne		1906	172	telefonbuch_174	PTT-Archiv, P-260-1_Basel_1906	Basel
Bouvier	Vve. Th.	Hôtel des deux clefs		St. Ursanne		1906	172	telefonbuch_174	PTT-Archiv, P-260-1_Basel_1906	Basel
Brunod	Gaspard	entrepreneur		St. Ursanne		1906	172	telefonbuch_174	PTT-Archiv, P-260-1_Basel_1906	Basel
Chef de gare				St. Ursanne		1906	172	telefonbuch_174	PTT-Archiv, P-260-1_Basel_1906	Basel
Electrodor		usine hydraulique, Moulin Grillon		St. Ursanne		1906	172	telefonbuch_174	PTT-Archiv, P-260-1_Basel_1906	Basel
Fattet	Jules	maire		St. Ursanne		1906	172	telefonbuch_174	PTT-Archiv, P-260-1_Basel_1906	Basel
Gassmann	J.	& Cie., fonderie		St. Ursanne		1906	172	telefonbuch_174	PTT-Archiv, P-260-1_Basel_1906	Basel
Greppin	Joseph	fruitier		St. Ursanne		1906	172	telefonbuch_174	PTT-Archiv, P-260-1_Basel_1906	Basel
Hubler	Albert	négociant en vins		St. Ursanne		1906	172	telefonbuch_174	PTT-Archiv, P-260-1_Basel_1906	Basel
Maillard-Bouvier	C.	négt.		St. Ursanne		1906	173	telefonbuch_175	PTT-Archiv, P-260-1_Basel_1906	Basel
Maitre-Humbert		négt.		St. Ursanne		1906	173	telefonbuch_175	PTT-Archiv, P-260-1_Basel_1906	Basel
Piquerez	Arthur	fabrique de boîtes		St. Ursanne		1906	173	telefonbuch_175	PTT-Archiv, P-260-1_Basel_1906	Basel
Société de consommation				St. Ursanne		1906	173	telefonbuch_175	PTT-Archiv, P-260-1_Basel_1906	Basel
Station publique communale		bureau des postes		Seleute		1906	173	telefonbuch_175	PTT-Archiv, P-260-1_Basel_1906	Basel
Postbureau				Diegten		1906	173	telefonbuch_175	PTT-Archiv, P-260-1_Basel_1906	Basel
Martin	Hermann	Wirt		Diepflingen		1906	173	telefonbuch_175	PTT-Archiv, P-260-1_Basel_1906	Basel
Buchenhorner	Edmund			Eptingen		1906	173	telefonbuch_175	PTT-Archiv, P-260-1_Basel_1906	Basel
Mundwiler	Helena	Frau		Tenniken		1906	173	telefonbuch_175	PTT-Archiv, P-260-1_Basel_1906	Basel
Imhof	Robert	zum Rössli		Wintersingen		1906	173	telefonbuch_175	PTT-Archiv, P-260-1_Basel_1906	Basel
Postbureau				Zunzgen		1906	173	telefonbuch_175	PTT-Archiv, P-260-1_Basel_1906	Basel
Meier	Fritz	Handlung		Itingen		1906	173	telefonbuch_175	PTT-Archiv, P-260-1_Basel_1906	Basel
Sutter	J.	Sägerei und Holzhandlung		Itingen		1906	173	telefonbuch_175	PTT-Archiv, P-260-1_Basel_1906	Basel
Bezirksschreiberei				Sissach		1906	173	telefonbuch_175	PTT-Archiv, P-260-1_Basel_1906	Basel
Bieder-Gerster	J.	zum Löwen		Sissach		1906	173	telefonbuch_175	PTT-Archiv, P-260-1_Basel_1906	Basel
Bohny	Ferd.	Baumeister		Sissach		1906	173	telefonbuch_175	PTT-Archiv, P-260-1_Basel_1906	Basel
Bollag	Wilh.	Manufakturwaren-Geschäft		Sissach		1906	173	telefonbuch_175	PTT-Archiv, P-260-1_Basel_1906	Basel
Buess	E.	Weinhandlung		Sissach		1906	173	telefonbuch_175	PTT-Archiv, P-260-1_Basel_1906	Basel
Buess	Hans	Metzger		Sissach		1906	173	telefonbuch_175	PTT-Archiv, P-260-1_Basel_1906	Basel
Dettwyler-Brüderlin	J.	Velofabrik		Sissach		1906	173	telefonbuch_175	PTT-Archiv, P-260-1_Basel_1906	Basel
Dietschy & Co.		untere Fabrik		Sissach		1906	173	telefonbuch_175	PTT-Archiv, P-260-1_Basel_1906	Basel
Egger	Samuel	Tierarzt		Sissach		1906	174	telefonbuch_176	PTT-Archiv, P-260-1_Basel_1906	Basel
Eisen- und Stahlwarenfabrik A.-G.		vorm. Gebr. Oberer		Sissach		1906	174	telefonbuch_176	PTT-Archiv, P-260-1_Basel_1906	Basel
Furler	Gustav	Hôtel Bahnhof		Sissach		1906	174	telefonbuch_176	PTT-Archiv, P-260-1_Basel_1906	Basel
Güterexpedition		Bahnhof		Sissach		1906	174	telefonbuch_176	PTT-Archiv, P-260-1_Basel_1906	Basel
Haefelfinger	Rob.	Steinhauer		Sissach		1906	174	telefonbuch_176	PTT-Archiv, P-260-1_Basel_1906	Basel
Handschin-Eglin	E.			Sissach		1906	174	telefonbuch_176	PTT-Archiv, P-260-1_Basel_1906	Basel
Horand		Gebrüder, zur Säge		Sissach		1906	174	telefonbuch_176	PTT-Archiv, P-260-1_Basel_1906	Basel
Hübner	A.	Schloss Ebenrain		Sissach		1906	174	telefonbuch_176	PTT-Archiv, P-260-1_Basel_1906	Basel
Jung	Joseph			Sissach		1906	174	telefonbuch_176	PTT-Archiv, P-260-1_Basel_1906	Basel
Meier-Kunz	J.			Sissach		1906	174	telefonbuch_176	PTT-Archiv, P-260-1_Basel_1906	Basel
Postbureau				Sissach		1906	174	telefonbuch_176	PTT-Archiv, P-260-1_Basel_1906	Basel
Spar- und Leihkasse Sissach				Sissach		1906	174	telefonbuch_176	PTT-Archiv, P-260-1_Basel_1906	Basel
Statthalteramt				Sissach		1906	174	telefonbuch_176	PTT-Archiv, P-260-1_Basel_1906	Basel
Thommen-Strub		Wwe., zum Bären		Sissach		1906	174	telefonbuch_176	PTT-Archiv, P-260-1_Basel_1906	Basel
Tobler	Th.	Dr. med.		Sissach		1906	174	telefonbuch_176	PTT-Archiv, P-260-1_Basel_1906	Basel
Tschudy's	Georg	Erben, Weinhandlung		Sissach		1906	174	telefonbuch_176	PTT-Archiv, P-260-1_Basel_1906	Basel
Vögelin-Rieder	E.	Futtermittelhandlung		Sissach		1906	174	telefonbuch_176	PTT-Archiv, P-260-1_Basel_1906	Basel
Gemeindestation		(s. Seite 173)		Tenniken		1906	174	telefonbuch_176	PTT-Archiv, P-260-1_Basel_1906	Basel
Buser	J.	zum „Rössli“		Thürnen		1906	174	telefonbuch_176	PTT-Archiv, P-260-1_Basel_1906	Basel
Gemeindestation		(s. Seite 173)		Wintersingen		1906	174	telefonbuch_176	PTT-Archiv, P-260-1_Basel_1906	Basel
Basler Eisenmöbelfabrik		(Theodor Breunlin & Cie.)		Zunzgen		1906	174	telefonbuch_176	PTT-Archiv, P-260-1_Basel_1906	Basel
Gemeindestation		(s. Seite 173)		Zunzgen		1906	174	telefonbuch_176	PTT-Archiv, P-260-1_Basel_1906	Basel
Thommen-Seifert	Herm.	zum Rössli		Zunzgen		1906	174	telefonbuch_176	PTT-Archiv, P-260-1_Basel_1906	Basel
Stocker	J. G.	zum Engel		Obermumpf		1906	174	telefonbuch_176	PTT-Archiv, P-260-1_Basel_1906	Basel
Jegge-Oertli	Jos. Ant.	Negt.		Sisseln		1906	174	telefonbuch_176	PTT-Archiv, P-260-1_Basel_1906	Basel
Wunderlin	Hch.	Pintenwirt		Wallbach b. Mumpf		1906	174	telefonbuch_176	PTT-Archiv, P-260-1_Basel_1906	Basel
Güntert-Kienberger		Wwe., & Söhne		Mumpf		1906	175	telefonbuch_177	PTT-Archiv, P-260-1_Basel_1906	Basel
Waldmeyer	F. J.	Gasthof zur „Sonne“		Mumpf		1906	175	telefonbuch_177	PTT-Archiv, P-260-1_Basel_1906	Basel
Gemeindestation		(s. Seite 174)		Obermumpf		1906	175	telefonbuch_177	PTT-Archiv, P-260-1_Basel_1906	Basel
Gemeindestation		(s. Seite 174)		Sisseln		1906	175	telefonbuch_177	PTT-Archiv, P-260-1_Basel_1906	Basel
Bollag	Sam.	Dr.		Stein		1906	175	telefonbuch_177	PTT-Archiv, P-260-1_Basel_1906	Basel
Freyvogel	E.	& Co., Bandfabrik		Stein		1906	175	telefonbuch_177	PTT-Archiv, P-260-1_Basel_1906	Basel
Gasthaus zum „Löwen“				Stein		1906	175	telefonbuch_177	PTT-Archiv, P-260-1_Basel_1906	Basel
Herzog	C.	Sohn, Bahnhofrestaurant		Stein		1906	175	telefonbuch_177	PTT-Archiv, P-260-1_Basel_1906	Basel
Kern-Attenhofer	Robert	Dr.		Stein		1906	175	telefonbuch_177	PTT-Archiv, P-260-1_Basel_1906	Basel
Konetzky	Theodor			Stein		1906	175	telefonbuch_177	PTT-Archiv, P-260-1_Basel_1906	Basel
Kreiskommando V./6.				Stein		1906	175	telefonbuch_177	PTT-Archiv, P-260-1_Basel_1906	Basel
Mösch-Jegge	J.	Kaufmann		Stein		1906	175	telefonbuch_177	PTT-Archiv, P-260-1_Basel_1906	Basel
Trœndle	Joseph	Kaufmann		Stein		1906	175	telefonbuch_177	PTT-Archiv, P-260-1_Basel_1906	Basel
Gemeindestation		(s. Seite 174)		Wallbach		1906	175	telefonbuch_177	PTT-Archiv, P-260-1_Basel_1906	Basel
Straumann	Samuel	Wirt		Bennwil		1906	175	telefonbuch_177	PTT-Archiv, P-260-1_Basel_1906	Basel
Gräflin	Jak.	Kaufmann		Hölstein		1906	175	telefonbuch_177	PTT-Archiv, P-260-1_Basel_1906	Basel
Gisin	Heinrich	Wirt		Lampenberg		1906	175	telefonbuch_177	PTT-Archiv, P-260-1_Basel_1906	Basel
Postablage				Liedertswil		1906	175	telefonbuch_177	PTT-Archiv, P-260-1_Basel_1906	Basel
Ast	Adolf	Wirt		Niederdorf (Baselland)		1906	175	telefonbuch_177	PTT-Archiv, P-260-1_Basel_1906	Basel
Dettwyler	Ernst	z. Eidgenossen		Oberdorf (Baselland)		1906	175	telefonbuch_177	PTT-Archiv, P-260-1_Basel_1906	Basel
Geschwister Schmutz		Kurort		Abendsmatt		1906	176	telefonbuch_178	PTT-Archiv, P-260-1_Basel_1906	Basel
Gemeindestation		(s. Seite 175)		Bennwil		1906	176	telefonbuch_178	PTT-Archiv, P-260-1_Basel_1906	Basel
Cattin & Christian		Uhrenfabrik		Hölstein		1906	176	telefonbuch_178	PTT-Archiv, P-260-1_Basel_1906	Basel
Gemeindestation		(s. Seite 175)		Hölstein		1906	176	telefonbuch_178	PTT-Archiv, P-260-1_Basel_1906	Basel
Gipswerk Ruf & Co.		Gipsmühle		Hölstein		1906	176	telefonbuch_178	PTT-Archiv, P-260-1_Basel_1906	Basel
Tschopp-Thommen		Wwe., zum „Rössli“		Hölstein		1906	176	telefonbuch_178	PTT-Archiv, P-260-1_Basel_1906	Basel
Gemeindestation		(s. Seite 175)		Lampenberg		1906	176	telefonbuch_178	PTT-Archiv, P-260-1_Basel_1906	Basel
Gemeindestation		(s. Seite 175)		Liedertswil		1906	176	telefonbuch_178	PTT-Archiv, P-260-1_Basel_1906	Basel
Affentranger, Haas & Plattner		Uhrenfabrik		Niederdorf		1906	176	telefonbuch_178	PTT-Archiv, P-260-1_Basel_1906	Basel
Buser frères (Gebrüder Buser)		Ebauchefabrik		Niederdorf		1906	176	telefonbuch_178	PTT-Archiv, P-260-1_Basel_1906	Basel
Gemeindestation		(s. Seite 175)		Niederdorf		1906	176	telefonbuch_178	PTT-Archiv, P-260-1_Basel_1906	Basel
Ballmer	Theodor	Bäcker		Oberdorf		1906	176	telefonbuch_178	PTT-Archiv, P-260-1_Basel_1906	Basel
Berger	Wilhelm	Uhrenfabrik		Oberdorf		1906	176	telefonbuch_178	PTT-Archiv, P-260-1_Basel_1906	Basel
Dietschy, Heusler & Co.		Bandfabrik		Oberdorf		1906	176	telefonbuch_178	PTT-Archiv, P-260-1_Basel_1906	Basel
Gemeindestation		(s. Seite 175)		Oberdorf		1906	176	telefonbuch_178	PTT-Archiv, P-260-1_Basel_1906	Basel
Schmutz	Wilhelm	Tierarzt		Oberdorf		1906	176	telefonbuch_178	PTT-Archiv, P-260-1_Basel_1906	Basel
Bahnhof				Waldenburg		1906	176	telefonbuch_178	PTT-Archiv, P-260-1_Basel_1906	Basel
Bezirksschreiberei				Waldenburg		1906	176	telefonbuch_178	PTT-Archiv, P-260-1_Basel_1906	Basel
Kellerhals	J.	Sennhaus		Waldenburg		1906	176	telefonbuch_178	PTT-Archiv, P-260-1_Basel_1906	Basel
Schaub-Peter	Gottfried	zum Löwen		Waldenburg		1906	176	telefonbuch_178	PTT-Archiv, P-260-1_Basel_1906	Basel
Sparkassa Waldenburg				Waldenburg		1906	176	telefonbuch_178	PTT-Archiv, P-260-1_Basel_1906	Basel
Straumann	H.	Dr. med.		Waldenburg		1906	176	telefonbuch_178	PTT-Archiv, P-260-1_Basel_1906	Basel
Thommen’s Uhrenfabriken A.-G.				Waldenburg		1906	176	telefonbuch_178	PTT-Archiv, P-260-1_Basel_1906	Basel
Tschudin & Heid		Alph. Thommen’s Nachf., Uhrenfourniturenfabrik		Waldenburg		1906	176	telefonbuch_178	PTT-Archiv, P-260-1_Basel_1906	Basel
