EntityName1	EntityName2	Supplement	Street	Locality	PhoneNumber	Year	Page	File	RefCode	Network
Lohnhof		(mit Nachtwache) Krankenwagenstation		Basel	51	1907		telefonbuch_001	PTT-Archiv, P-260-1_Basel_1907	Basel
Steinen			Steinenthorstrasse 43	Basel	52	1907		telefonbuch_001	PTT-Archiv, P-260-1_Basel_1907	Basel
Bahnhof S. B. B.		(Krankenwagenstation)		Basel	53	1907		telefonbuch_001	PTT-Archiv, P-260-1_Basel_1907	Basel
Gundoldingen		Krankenwagenstation (mit Nachtwache)	Pfeffingerstrasse	Basel	54	1907		telefonbuch_001	PTT-Archiv, P-260-1_Basel_1907	Basel
Aeschen		(mit Nachtwache)	St. Jakobstrasse 4	Basel	55	1907		telefonbuch_001	PTT-Archiv, P-260-1_Basel_1907	Basel
St. Alban		(beim St. Albanthor)		Basel	56	1907		telefonbuch_001	PTT-Archiv, P-260-1_Basel_1907	Basel
Marktplatz		(Rathaus) (mit Nachtwache)		Basel	57	1907		telefonbuch_001	PTT-Archiv, P-260-1_Basel_1907	Basel
Rheinbrücke			Eisengasse 1	Basel	58	1907		telefonbuch_001	PTT-Archiv, P-260-1_Basel_1907	Basel
St. Johann		(beim St. Johannthor) Krankenwagenstation		Basel	59	1907		telefonbuch_001	PTT-Archiv, P-260-1_Basel_1907	Basel
Spalen		(beim Spalenthor) Krankenwagenstation (mit Nachtwache)		Basel	60	1907		telefonbuch_001	PTT-Archiv, P-260-1_Basel_1907	Basel
St. Klara		(mit Nachtwache) Krankenwagenstation		Basel	61	1907		telefonbuch_001	PTT-Archiv, P-260-1_Basel_1907	Basel
Rheinweg		(in der Kaserne)		Basel	62	1907		telefonbuch_001	PTT-Archiv, P-260-1_Basel_1907	Basel
Horburg		Krankenwagenstation (mit Nachtwache)	Hammerstrasse 184	Basel	63	1907		telefonbuch_001	PTT-Archiv, P-260-1_Basel_1907	Basel
Hägenheimer		(mit Nachtwache)	Birkenstrasse 1	Basel	64	1907		telefonbuch_001	PTT-Archiv, P-260-1_Basel_1907	Basel
Breite		(mit Nachtwache)	Zürcherstrasse 152	Basel	65	1907		telefonbuch_001	PTT-Archiv, P-260-1_Basel_1907	Basel
Kleinhüningen			Dorfstrasse 59	Basel	66	1907		telefonbuch_001	PTT-Archiv, P-260-1_Basel_1907	Basel
Schoren			Maulbeerweg 31	Basel	67	1907		telefonbuch_001	PTT-Archiv, P-260-1_Basel_1907	Basel
Badische Bahn				Basel	68	1907		telefonbuch_001	PTT-Archiv, P-260-1_Basel_1907	Basel
Riehen				Riehen	707	1907		telefonbuch_001	PTT-Archiv, P-260-1_Basel_1907	Basel
Zimmermann		Krankenwagenstation	Pfeffingerstrasse 64	Basel	3896	1907		telefonbuch_001	PTT-Archiv, P-260-1_Basel_1907	Basel
Diakonenhaus		Krankenwagenstation	Aeschenvorstadt 50	Basel	2282	1907		telefonbuch_001	PTT-Archiv, P-260-1_Basel_1907	Basel
Labhardt			Spiegelgasse 2	Basel	5	1907		telefonbuch_001	PTT-Archiv, P-260-1_Basel_1907	Basel
Oser		Dr., Krankenwagenstation	Colmarerstrasse 22	Basel	803	1907		telefonbuch_001	PTT-Archiv, P-260-1_Basel_1907	Basel
Walter		Krankenwagenstation	Maulbeerweg 3	Basel		1907		telefonbuch_001	PTT-Archiv, P-260-1_Basel_1907	Basel
Niebergall	E.	Dr., Krankenwagenstation	Steinenring 2	Basel	1083	1907		telefonbuch_001	PTT-Archiv, P-260-1_Basel_1907	Basel
Bürgin		Kleinhüningen Schulhaus, Krankenwagenstation		Basel	3328	1907		telefonbuch_001	PTT-Archiv, P-260-1_Basel_1907	Basel
Scherer		zur Post, Krankenwagenstation		Binningen	187	1907		telefonbuch_001	PTT-Archiv, P-260-1_Basel_1907	Basel
Hugentobler		Schulhaus, Krankenwagenstation		Birsfelden	136	1907		telefonbuch_001	PTT-Archiv, P-260-1_Basel_1907	Basel
Lützelhof		(mit Nachtwache)	Spalenvorstadt 11	Basel	79	1907		telefonbuch_001	PTT-Archiv, P-260-1_Basel_1907	Basel
Peisker	August	Goldschmied	Gerbergasse 37	Basel	132	1907	112	telefonbuch_012	PTT-Archiv, P-260-1_Basel_1907	Basel
Perzy-Huber	F.	Geschäftsleiter der Basler Druck- und Verlagsanstalt	Sulzerstrasse 10	Basel	290	1907	112	telefonbuch_012	PTT-Archiv, P-260-1_Basel_1907	Basel
Peter-Borner	Emil	Dr., Wohnung	Gartenstrasse 103	Basel	1173	1907	112	telefonbuch_012	PTT-Archiv, P-260-1_Basel_1907	Basel
Peter	Louis		Inn. Margarethenstr. 5	Basel	4405	1907	112	telefonbuch_012	PTT-Archiv, P-260-1_Basel_1907	Basel
Peter-Sennhauser	Jakob	Lithographie	Alemannengasse 11	Basel	3222	1907	112	telefonbuch_012	PTT-Archiv, P-260-1_Basel_1907	Basel
Peter-Studer	Gottfried		Grenzacherstr. 187	Basel	33	1907	112	telefonbuch_012	PTT-Archiv, P-260-1_Basel_1907	Basel
Peter & Brüderlin		Advokatur und Notariat	Rheinsprung 1	Basel	793	1907	112	telefonbuch_012	PTT-Archiv, P-260-1_Basel_1907	Basel
Petersen-Mayer	G.		Grellingerstrasse 30	Basel	3571	1907	112	telefonbuch_012	PTT-Archiv, P-260-1_Basel_1907	Basel
Petersen-Müller	F.		Grellingerstrasse 61	Basel	506	1907	112	telefonbuch_012	PTT-Archiv, P-260-1_Basel_1907	Basel
Petersschulhaus			Nadelberg 2	Basel	252	1907	112	telefonbuch_012	PTT-Archiv, P-260-1_Basel_1907	Basel
Petitjean-Baumann	A.		Gotthelfstrasse 26	Basel	227	1907	112	telefonbuch_012	PTT-Archiv, P-260-1_Basel_1907	Basel
Petitjean-Bischoff	J.		Steinenthorstrasse 35	Basel	2446	1907	112	telefonbuch_012	PTT-Archiv, P-260-1_Basel_1907	Basel
Petitjean-Pabst	Andreas		Missionsstrasse 82	Basel	849	1907	112	telefonbuch_012	PTT-Archiv, P-260-1_Basel_1907	Basel
Petitpierre	Fanny		Kirschgartenstr. 12	Basel	322	1907	112	telefonbuch_012	PTT-Archiv, P-260-1_Basel_1907	Basel
Petroleum-Handelgesellschaft, schweiz.			Tellstrasse 11	Basel	3984	1907	112	telefonbuch_012	PTT-Archiv, P-260-1_Basel_1907	Basel
Petroleum-Import-Cie.			Steinenthorberg 8	Basel	2411	1907	112	telefonbuch_012	PTT-Archiv, P-260-1_Basel_1907	Basel
Pfandleihanstalt, Basler			Luftgässlein 5	Basel	1751	1907	112	telefonbuch_012	PTT-Archiv, P-260-1_Basel_1907	Basel
Pfannenschwarz	Wilh.	Bäcker	Hegenheimerstr. 64	Basel	832	1907	112	telefonbuch_012	PTT-Archiv, P-260-1_Basel_1907	Basel
Pfau-Dürholz	Herm.	St. Albanapotheke	St. Albanvorstadt 42	Basel	1849	1907	112	telefonbuch_012	PTT-Archiv, P-260-1_Basel_1907	Basel
Pfeiffer	Albert		Güterstrasse 275	Basel	4479	1907	112	telefonbuch_012	PTT-Archiv, P-260-1_Basel_1907	Basel
Pfeiffer	Gustav	Gypsermeister	Alemannengasse 56	Basel	1152	1907	112	telefonbuch_012	PTT-Archiv, P-260-1_Basel_1907	Basel
Pfeiffer	Wilhelm	Konditor	Aeschenvorstadt 62	Basel	2061	1907	112	telefonbuch_012	PTT-Archiv, P-260-1_Basel_1907	Basel
Pfenniger	L.	Amtmann	Gerbergasse 48	Basel	510	1907	112	telefonbuch_012	PTT-Archiv, P-260-1_Basel_1907	Basel
Pfirter	Alfons	Spenglermeister	Schauenburgerstr. 21	Basel	4492	1907	112	telefonbuch_012	PTT-Archiv, P-260-1_Basel_1907	Basel
Pfister	Alfr.	Milch-, Käse- und Butterhandlung	Schweizergasse 8	Basel	1339	1907	112	telefonbuch_012	PTT-Archiv, P-260-1_Basel_1907	Basel
Pfister	Arnold		Neubadstrasse 25	Basel	2823	1907	112	telefonbuch_012	PTT-Archiv, P-260-1_Basel_1907	Basel
Pfister, Ch. H., & Co.		bautechnische Produkte und Unternehmungen	Leonhardsgraben 34	Basel	1114	1907	112	telefonbuch_012	PTT-Archiv, P-260-1_Basel_1907	Basel
Pfister-Christen	J.	Bettwarenhandlung	Unt. Rheingasse 10	Basel	1273	1907	112	telefonbuch_012	PTT-Archiv, P-260-1_Basel_1907	Basel
Pfister-Pfeiffer	P.		St. Johannvorst. 31	Basel	1505	1907	112	telefonbuch_012	PTT-Archiv, P-260-1_Basel_1907	Basel
Pfister-Schilling	J. A.	Wwe.	Efringerstrasse 1	Basel	3371	1907	112	telefonbuch_012	PTT-Archiv, P-260-1_Basel_1907	Basel
Pfisterer's (H. R.) Nachf. A. Döbbelin			Freiestrasse 47	Basel	248	1907	112	telefonbuch_012	PTT-Archiv, P-260-1_Basel_1907	Basel
Pfleiderer	Chr.	Handelsgärtner	Kleinhüningerstr. 39	Basel	1279	1907	112	telefonbuch_012	PTT-Archiv, P-260-1_Basel_1907	Basel
Pfleiderer	Chr.		Schneidergasse 5	Basel	251	1907	112	telefonbuch_012	PTT-Archiv, P-260-1_Basel_1907	Basel
Pfleiderer-Josenhans	C.	Geschäftsführer der Missionshandlungsgesellschaft	Nonnenweg 21	Basel	2669	1907	112	telefonbuch_012	PTT-Archiv, P-260-1_Basel_1907	Basel
Pflüger	Albert	Spenglermeister	Breisacherstrasse 4b	Basel	1286	1907	112	telefonbuch_012	PTT-Archiv, P-260-1_Basel_1907	Basel
Pflüger-Büchelin	E.	Metzger	Feldbergstrasse 26	Basel	1285	1907	112	telefonbuch_012	PTT-Archiv, P-260-1_Basel_1907	Basel
Pflüger	Louis	Nachf. v. Emil Bastady	Hegenheimerstr. 1	Basel	4310	1907	112	telefonbuch_012	PTT-Archiv, P-260-1_Basel_1907	Basel
Pflüger-Walter	Alb.	Metzger	Güterstrasse 298	Basel	2279	1907	112	telefonbuch_012	PTT-Archiv, P-260-1_Basel_1907	Basel
Pfrunder	Ed.	Architekt, Bureau	Greifengasse 28	Basel	361	1907	112	telefonbuch_012	PTT-Archiv, P-260-1_Basel_1907	Basel
Pfrunder	Ed.	Wohnung	Unt. Rheinweg 146	Basel	42	1907	112	telefonbuch_012	PTT-Archiv, P-260-1_Basel_1907	Basel
Pfulmann	Ernst	Baugeschäft	Blauensteinerstr. 34	Basel	3035	1907	112	telefonbuch_012	PTT-Archiv, P-260-1_Basel_1907	Basel
Philippi & Hermann			Petersgraben 27	Basel	2393	1907	112	telefonbuch_012	PTT-Archiv, P-260-1_Basel_1907	Basel
Philippi	Maria	Konzertsängerin	Grellingerstrasse 32	Basel	3587	1907	112	telefonbuch_012	PTT-Archiv, P-260-1_Basel_1907	Basel
Philippi-Mauley	Rob.		Wartenbergstr. 39	Basel	3845	1907	112	telefonbuch_012	PTT-Archiv, P-260-1_Basel_1907	Basel
Philippson	Carl		Schwanengasse 6	Basel	1375	1907	112	telefonbuch_012	PTT-Archiv, P-260-1_Basel_1907	Basel
Phönix		franz. Feuervers.-Gesellschaft in Paris	Freiestrasse 33	Basel	121	1907	112	telefonbuch_012	PTT-Archiv, P-260-1_Basel_1907	Basel
Photographie Kling-Jenny			Petersgraben 17	Basel	1440	1907	112	telefonbuch_012	PTT-Archiv, P-260-1_Basel_1907	Basel
Physikalische Anstalt			Bernoullistrasse 60	Basel	1451	1907	113	telefonbuch_013	PTT-Archiv, P-260-1_Basel_1907	Basel
Picard	Paul		Gartenstrasse 60	Basel	3848	1907	113	telefonbuch_013	PTT-Archiv, P-260-1_Basel_1907	Basel
Pichonnaz-Martin	A. L.		Birsigstrasse 4	Basel	3498	1907	113	telefonbuch_013	PTT-Archiv, P-260-1_Basel_1907	Basel
Pildner-Linder	M.	Uhrenmacher	Spalenvorstadt 31	Basel	2889	1907	113	telefonbuch_013	PTT-Archiv, P-260-1_Basel_1907	Basel
Pilloud	Simon	Sattlermeister	Münchensteinerstrasse 148	Basel	3828	1907	113	telefonbuch_013	PTT-Archiv, P-260-1_Basel_1907	Basel
Plachner	Ph.	Restaurant Continental	Küchegässlein 15	Basel	4495	1907	113	telefonbuch_013	PTT-Archiv, P-260-1_Basel_1907	Basel
von Planta	Hermann		Spalenring 143	Basel	3387	1907	113	telefonbuch_013	PTT-Archiv, P-260-1_Basel_1907	Basel
Plattner-Oswald		Tierarzt (Wohnung)	Schönbeinstrasse 34	Basel	394	1907	113	telefonbuch_013	PTT-Archiv, P-260-1_Basel_1907	Basel
Plattner-Oswald		Bureau und Stallung	Davidsgasse 8	Basel	1524	1907	113	telefonbuch_013	PTT-Archiv, P-260-1_Basel_1907	Basel
Plattner	Rud.	Architekt	Allschwilerstrasse 15	Basel	948	1907	113	telefonbuch_013	PTT-Archiv, P-260-1_Basel_1907	Basel
Plüss	Ernst	Eier- und Butterhandlung	Spalenberg 4	Basel	1414	1907	113	telefonbuch_013	PTT-Archiv, P-260-1_Basel_1907	Basel
Pohl-Wohnlich	Max	Musikalienhandlung	Gerbergasse 40	Basel	397	1907	113	telefonbuch_013	PTT-Archiv, P-260-1_Basel_1907	Basel
Polak-Perret	H.		Freiestrasse 38	Basel	617	1907	113	telefonbuch_013	PTT-Archiv, P-260-1_Basel_1907	Basel
Poliklinik		allgemeine	Hebelstrasse 1	Basel	1421	1907	113	telefonbuch_013	PTT-Archiv, P-260-1_Basel_1907	Basel
Poliklinik		geburtsh.-gynaecolog.	Johanniterstrasse 81	Basel	1538	1907	113	telefonbuch_013	PTT-Archiv, P-260-1_Basel_1907	Basel
Polizeigericht			Bäumleingasse 1	Basel	1765	1907	113	telefonbuch_013	PTT-Archiv, P-260-1_Basel_1907	Basel
Polizeikommando		Hauptwache und Journalbureau	Lohnhof	Basel	51	1907	113	telefonbuch_013	PTT-Archiv, P-260-1_Basel_1907	Basel
Administrativ- und Strafsachen-Abteilung			Lohnhof	Basel	403	1907	113	telefonbuch_013	PTT-Archiv, P-260-1_Basel_1907	Basel
Polizeiposten		Marktplatz	Rathaus	Basel	57	1907	113	telefonbuch_013	PTT-Archiv, P-260-1_Basel_1907	Basel
Polizeiposten		Rheinbrücke	Eisengasse 1	Basel	58	1907	113	telefonbuch_013	PTT-Archiv, P-260-1_Basel_1907	Basel
Polizeiposten		St. Clara	Claraplatz 4	Basel	61	1907	113	telefonbuch_013	PTT-Archiv, P-260-1_Basel_1907	Basel
Polizeiposten		Aeschen	St. Jakobsstrasse 4	Basel	55	1907	113	telefonbuch_013	PTT-Archiv, P-260-1_Basel_1907	Basel
Polizeiposten		Spalen	Schönbeinstrasse 2	Basel	60	1907	113	telefonbuch_013	PTT-Archiv, P-260-1_Basel_1907	Basel
Polizeiposten		St. Johann	St. Johannvorstadt 90	Basel	59	1907	113	telefonbuch_013	PTT-Archiv, P-260-1_Basel_1907	Basel
Polizeiposten		Steinen	Steinenthorstr. 43	Basel	52	1907	113	telefonbuch_013	PTT-Archiv, P-260-1_Basel_1907	Basel
Polizeiposten		St. Albanthor	St. Albanvorst. 101	Basel	56	1907	113	telefonbuch_013	PTT-Archiv, P-260-1_Basel_1907	Basel
Polizeiposten		Bahnhof S. B. B.	Bahnhof S. B. B.	Basel	53	1907	113	telefonbuch_013	PTT-Archiv, P-260-1_Basel_1907	Basel
Polizeiposten		Unt. Rheinweg	Kaserne	Basel	62	1907	113	telefonbuch_013	PTT-Archiv, P-260-1_Basel_1907	Basel
Polizeiposten		Gundoldingen	Pfeffingerstrasse 49	Basel	54	1907	113	telefonbuch_013	PTT-Archiv, P-260-1_Basel_1907	Basel
Polizeiposten		Horburg	Hammerstrasse 184	Basel	63	1907	113	telefonbuch_013	PTT-Archiv, P-260-1_Basel_1907	Basel
Polizeiposten		Hägenheimer	Birkenstrasse 1	Basel	64	1907	113	telefonbuch_013	PTT-Archiv, P-260-1_Basel_1907	Basel
Polizeiposten		Breite	Zürcherstrasse 152	Basel	65	1907	113	telefonbuch_013	PTT-Archiv, P-260-1_Basel_1907	Basel
Polizeiposten		Kleinhüningen	Kleinhüningen	Basel	66	1907	113	telefonbuch_013	PTT-Archiv, P-260-1_Basel_1907	Basel
Polizeiposten		Schoren	Maulbeerweg 31	Basel	67	1907	113	telefonbuch_013	PTT-Archiv, P-260-1_Basel_1907	Basel
Polizeiposten		Bad. Bahnhof	Bad. Bahnhof	Basel	68	1907	113	telefonbuch_013	PTT-Archiv, P-260-1_Basel_1907	Basel
Portmann	August		Riehenstrasse 159	Basel	4311	1907	113	telefonbuch_013	PTT-Archiv, P-260-1_Basel_1907	Basel
Portmann-Schetty	M.	Handelsmühle	Klingenthal 7	Basel	1274	1907	113	telefonbuch_013	PTT-Archiv, P-260-1_Basel_1907	Basel
Portmann-Steiger	M.	Wohnung	Schaffh. Rheinweg 53	Basel	3191	1907	113	telefonbuch_013	PTT-Archiv, P-260-1_Basel_1907	Basel
Pradella-Burckhardt	C.	Dr.	Hirzbodenweg 81	Basel	360	1907	113	telefonbuch_013	PTT-Archiv, P-260-1_Basel_1907	Basel
Preckel	Stephan	Maler	Birmannsgasse 45	Basel	249	1907	113	telefonbuch_013	PTT-Archiv, P-260-1_Basel_1907	Basel
Preiswerk-Bernoulli	Ed.		Missionsstrasse 42	Basel	879	1907	113	telefonbuch_013	PTT-Archiv, P-260-1_Basel_1907	Basel
Preiswerk-Biry	B.	Büchsenmacher	Kaufhausgasse 6	Basel	2267	1907	113	telefonbuch_013	PTT-Archiv, P-260-1_Basel_1907	Basel
Preiswerk-Burckhardt	Rud.		St. Albananlage 56	Basel	4116	1907	113	telefonbuch_013	PTT-Archiv, P-260-1_Basel_1907	Basel
Preiswerk-Buxtorf	A. M.	Wwe.	St. Albananlage 6	Basel	2813	1907	113	telefonbuch_013	PTT-Archiv, P-260-1_Basel_1907	Basel
Preiswerk, Esser & Cie.			Mattweg 63	Basel	2436	1907	113	telefonbuch_013	PTT-Archiv, P-260-1_Basel_1907	Basel
Preiswerk-Friedrich	Ed.	Pfr.	Leonhardskirchpl. 2	Basel	1632	1907	113	telefonbuch_013	PTT-Archiv, P-260-1_Basel_1907	Basel
Preiswerk		Gebrüder	Rheinsprung 20	Basel	1313	1907	114	telefonbuch_014	PTT-Archiv, P-260-1_Basel_1907	Basel
Preiswerk-Groben			Maiengasse 63	Basel	2612	1907	114	telefonbuch_014	PTT-Archiv, P-260-1_Basel_1907	Basel
Preiswerk-Haller	Ed.	Gärtnermeister	Lehenmattstr. 224	Basel	3574	1907	114	telefonbuch_014	PTT-Archiv, P-260-1_Basel_1907	Basel
Preiswerk-Haller	Ed.	Wohnung	Hirzbodenweg 92	Basel	3657	1907	114	telefonbuch_014	PTT-Archiv, P-260-1_Basel_1907	Basel
Preiswerk-Imhoff	W.		Missionsstrasse 23	Basel	2635	1907	114	telefonbuch_014	PTT-Archiv, P-260-1_Basel_1907	Basel
Preiswerk-Maggi	G.	Dr. med. Zahnarzt (Praxis)	Leonhardsgraben 34	Basel	2864	1907	114	telefonbuch_014	PTT-Archiv, P-260-1_Basel_1907	Basel
Preiswerk-Maggi	G.	Wohnung	Neusatzweg 2	Basel	4487	1907	114	telefonbuch_014	PTT-Archiv, P-260-1_Basel_1907	Basel
Preiswerk-Ringwald	R.		St. Albanvorst. 108	Basel	4275	1907	114	telefonbuch_014	PTT-Archiv, P-260-1_Basel_1907	Basel
Preiswerk-Ryhiner	Alfr.		St. Albanvorstadt 13	Basel	1743	1907	114	telefonbuch_014	PTT-Archiv, P-260-1_Basel_1907	Basel
Preiswerk-Sarasin	Samuel		Hirzbodenweg 107	Basel	3667	1907	114	telefonbuch_014	PTT-Archiv, P-260-1_Basel_1907	Basel
Preiswerk-Schaefer	E.	Wwe.	Missionsstrasse 41	Basel	2638	1907	114	telefonbuch_014	PTT-Archiv, P-260-1_Basel_1907	Basel
Preiswerk Söhne		Colonialwaren	Schneidergasse 34	Basel	2694	1907	114	telefonbuch_014	PTT-Archiv, P-260-1_Basel_1907	Basel
Preiswerk Söhne		Filiale	Elisabethenstr. 36	Basel	1987	1907	114	telefonbuch_014	PTT-Archiv, P-260-1_Basel_1907	Basel
Preiswerk Söhne		Filiale	Missionsstrasse 39	Basel	858	1907	114	telefonbuch_014	PTT-Archiv, P-260-1_Basel_1907	Basel
Preiswerk Söhne		Filiale	Unt. Rheingasse 4	Basel	1290	1907	114	telefonbuch_014	PTT-Archiv, P-260-1_Basel_1907	Basel
Preiswerk Söhne		Filiale Centralhalle	Streitgasse 20	Basel	150	1907	114	telefonbuch_014	PTT-Archiv, P-260-1_Basel_1907	Basel
Preiswerk-Stähelin	Paul		Steinengrun 10	Basel	2651	1907	114	telefonbuch_014	PTT-Archiv, P-260-1_Basel_1907	Basel
Preiswerk & Co.		Baugeschäft	Missionsstrasse 43	Basel	2626	1907	114	telefonbuch_014	PTT-Archiv, P-260-1_Basel_1907	Basel
Preiswerk & Co.		Holzlagerplatz und Stallung	Burgfelderstr. 205	Basel	739	1907	114	telefonbuch_014	PTT-Archiv, P-260-1_Basel_1907	Basel
Primarschulinspektoren		Bureaux	Münsterplatz 19	Basel	124	1907	114	telefonbuch_014	PTT-Archiv, P-260-1_Basel_1907	Basel
au Printemps	H.	Bodenheimer, Damenkonfektion	Freiestrasse 45	Basel	467	1907	114	telefonbuch_014	PTT-Archiv, P-260-1_Basel_1907	Basel
Privatklinik, Chirurg.		Dr. Suter & Dr. Hagenbach	Socinstrasse 13	Basel	2682	1907	114	telefonbuch_014	PTT-Archiv, P-260-1_Basel_1907	Basel
Privatklinik, Augenärztl.	O.	Dr. Hallauer	Socinstrasse 13	Basel	2682	1907	114	telefonbuch_014	PTT-Archiv, P-260-1_Basel_1907	Basel
Privatklinik und Orthopäd. Institut		Dr. Hübscher	Rheinschanze 2	Basel	3168	1907	114	telefonbuch_014	PTT-Archiv, P-260-1_Basel_1907	Basel
Privatklinik im Andlauerhof		Prof. Haegler	Petersgraben 11	Basel	1702	1907	114	telefonbuch_014	PTT-Archiv, P-260-1_Basel_1907	Basel
Privatkrankenhaus			Mostackerstrasse 13	Basel	2775	1907	114	telefonbuch_014	PTT-Archiv, P-260-1_Basel_1907	Basel
Privatspital für Frauenkrankheiten und Geburtshilfe		von Dr. Niebergall	Steinenring 2	Basel	1083	1907	114	telefonbuch_014	PTT-Archiv, P-260-1_Basel_1907	Basel
Privat-Telefon-Gesellschaft		Filiale Basel	Utengasse 15	Basel	1014	1907	114	telefonbuch_014	PTT-Archiv, P-260-1_Basel_1907	Basel
Probst-Bauer	A.	photogr. Artikel	Bäumleingasse 14	Basel	1703	1907	114	telefonbuch_014	PTT-Archiv, P-260-1_Basel_1907	Basel
Probst-Brunner	J.	Cigarrenhandlung	Kohlenberg 1	Basel	2227	1907	114	telefonbuch_014	PTT-Archiv, P-260-1_Basel_1907	Basel
Probst	E.	& Co., Bankgeschäft	Freiestrasse 44	Basel	3125	1907	114	telefonbuch_014	PTT-Archiv, P-260-1_Basel_1907	Basel
Probst-Lotz	Ed.		Steinengraben 48	Basel	3115	1907	114	telefonbuch_014	PTT-Archiv, P-260-1_Basel_1907	Basel
Probst-Müller		Materialhandlung	Spalenberg 51	Basel	2899	1907	114	telefonbuch_014	PTT-Archiv, P-260-1_Basel_1907	Basel
Probst-Müller		Wohnung	Nonnenweg 56	Basel	4518	1907	114	telefonbuch_014	PTT-Archiv, P-260-1_Basel_1907	Basel
Probst-Schilling	G.		Nonnenweg 35	Basel	2550	1907	114	telefonbuch_014	PTT-Archiv, P-260-1_Basel_1907	Basel
Probst-Schmidt	Em.	Dr.	Socinstrasse 53	Basel	985	1907	114	telefonbuch_014	PTT-Archiv, P-260-1_Basel_1907	Basel
Pure Oil Company		(Pennsyl. Petroleum)	Sennheimerstr. 45	Basel	151	1907	114	telefonbuch_014	PTT-Archiv, P-260-1_Basel_1907	Basel
Raillard-Schmidt	Aug.		Unt. Rheinweg 48	Basel	1204	1907	114	telefonbuch_014	PTT-Archiv, P-260-1_Basel_1907	Basel
Raillard	Th.		Grellingerstrasse 43	Basel	3014	1907	114	telefonbuch_014	PTT-Archiv, P-260-1_Basel_1907	Basel
Raillard & Schaefer			Rheingasse 39	Basel	1191	1907	114	telefonbuch_014	PTT-Archiv, P-260-1_Basel_1907	Basel
Rais-Fräulein	R.	Hotel Breisgauerhof	Hüningerstrasse 2	Basel	1416	1907	114	telefonbuch_014	PTT-Archiv, P-260-1_Basel_1907	Basel
Ranft	St.	& Söhne, Handelsgärtner	Mittlerestrasse 159	Basel	1478	1907	114	telefonbuch_014	PTT-Archiv, P-260-1_Basel_1907	Basel
Ranft	St.	Baumschule, siehe „Neu-Allschwil“		Basel	453	1907	114	telefonbuch_014	PTT-Archiv, P-260-1_Basel_1907	Basel
Rapp-Bührer	Joachim		Hochstrasse 94	Basel	4190	1907	114	telefonbuch_014	PTT-Archiv, P-260-1_Basel_1907	Basel
Rapp-Müller	Wilh.		Hochstrasse 101	Basel	3968	1907	114	telefonbuch_014	PTT-Archiv, P-260-1_Basel_1907	Basel
Rapp	W. & J.	Baugeschäft	Hochstrasse 96	Basel	3924	1907	114	telefonbuch_014	PTT-Archiv, P-260-1_Basel_1907	Basel
Rappaz		Dr. med.	Klingelbergstrasse 3	Basel	388	1907	115	telefonbuch_015	PTT-Archiv, P-260-1_Basel_1907	Basel
Rasser	E.	Baugeschäft	Ahornstrasse 39	Basel	902	1907	115	telefonbuch_015	PTT-Archiv, P-260-1_Basel_1907	Basel
Rath	Fr.	Kunsthandlung und Vergolderei	Aeschenvorstadt 37	Basel	2295	1907	115	telefonbuch_015	PTT-Archiv, P-260-1_Basel_1907	Basel
Rathe-Fehlmann			Kohlenberggasse 8	Basel	2379	1907	115	telefonbuch_015	PTT-Archiv, P-260-1_Basel_1907	Basel
Rauch	Emil	Dr.	Kohlenberg 27	Basel	3110	1907	115	telefonbuch_015	PTT-Archiv, P-260-1_Basel_1907	Basel
Rauch-Fuss	M.	Wwe.	Klybeckstrasse 98	Basel	332	1907	115	telefonbuch_015	PTT-Archiv, P-260-1_Basel_1907	Basel
Rauch-Georg	Othmar	Dr.	Grellingerstrasse 62	Basel	4202	1907	115	telefonbuch_015	PTT-Archiv, P-260-1_Basel_1907	Basel
Reber-Burckhardt	Paul	Architekt, Wohnhaus	Missionsstrasse 44	Basel	2583	1907	115	telefonbuch_015	PTT-Archiv, P-260-1_Basel_1907	Basel
Reber-Burckhardt	Paul	Bureaux (Preiswerk & Co.)	Missionsstrasse 43	Basel	2626	1907	115	telefonbuch_015	PTT-Archiv, P-260-1_Basel_1907	Basel
Reber	Max	Dr. med.	Schützengraben 7	Basel	82	1907	115	telefonbuch_015	PTT-Archiv, P-260-1_Basel_1907	Basel
Rebleutenzunft	F.	Maier-Brunner, Restaurateur	Freiestrasse 50	Basel	1906	1907	115	telefonbuch_015	PTT-Archiv, P-260-1_Basel_1907	Basel
Refardt-Bischoff	Arnold		Engelgasse 119	Basel	1813	1907	115	telefonbuch_015	PTT-Archiv, P-260-1_Basel_1907	Basel
Reichenbach	Hermann	Tierarzt	Römergasse 36	Basel	1220	1907	115	telefonbuch_015	PTT-Archiv, P-260-1_Basel_1907	Basel
Reimann	Otto		St. Johannring 123	Basel	531	1907	115	telefonbuch_015	PTT-Archiv, P-260-1_Basel_1907	Basel
Reinbold	Fritz	Elektriker	Sperrstrasse 97	Basel	155	1907	115	telefonbuch_015	PTT-Archiv, P-260-1_Basel_1907	Basel
Reinbolt & Christe		Nachfolger v. Kauffmann	Elsässerstrasse 59	Basel	1644	1907	115	telefonbuch_015	PTT-Archiv, P-260-1_Basel_1907	Basel
Reinger-Bruder	F.		Spalenthorweg 39	Basel	2766	1907	115	telefonbuch_015	PTT-Archiv, P-260-1_Basel_1907	Basel
Reinhardt	Friedrich	Buchdruckerei u. Privat	Missionsstrasse 36	Basel	2041	1907	115	telefonbuch_015	PTT-Archiv, P-260-1_Basel_1907	Basel
Reinhardt	Georg	Schlossermeister	Markgräflerstr. 48	Basel	325	1907	115	telefonbuch_015	PTT-Archiv, P-260-1_Basel_1907	Basel
Reinhardt	Ludwig	Dr. med., Arzt	Spalenvorstadt 6	Basel	2773	1907	115	telefonbuch_015	PTT-Archiv, P-260-1_Basel_1907	Basel
Reinhold	N.		Birsigstrasse 117	Basel	2862	1907	115	telefonbuch_015	PTT-Archiv, P-260-1_Basel_1907	Basel
Reis-Kaiser	Emil		Thiersteinerallee 29	Basel	2191	1907	115	telefonbuch_015	PTT-Archiv, P-260-1_Basel_1907	Basel
Reisebureau der Hamburg-Amerika-Linie		(Bronner & Co.)	Aeschengraben 33	Basel	2877	1907	115	telefonbuch_015	PTT-Archiv, P-260-1_Basel_1907	Basel
Reiter	Ernst		Hirzbodenweg 46	Basel	3582	1907	115	telefonbuch_015	PTT-Archiv, P-260-1_Basel_1907	Basel
Rektorat der Mädchensekundarschule	H.	Wohnung von Müller, Rektor	Neubadstrasse 17	Basel	371	1907	115	telefonbuch_015	PTT-Archiv, P-260-1_Basel_1907	Basel
Rektorat der untern Realschule			Rittergasse 4	Basel	1759	1907	115	telefonbuch_015	PTT-Archiv, P-260-1_Basel_1907	Basel
Rellstab	H.	Dienstmänneranstalt	Kohlenberg 11	Basel	2525	1907	115	telefonbuch_015	PTT-Archiv, P-260-1_Basel_1907	Basel
Rensch	G.	Gewürz-, Droguen- u. Getreidemühle	St. Albanthal 8	Basel	735	1907	115	telefonbuch_015	PTT-Archiv, P-260-1_Basel_1907	Basel
Rensch-Huber		Wwe., Fleischhandlung	Sattelgasse 7	Basel	1436	1907	115	telefonbuch_015	PTT-Archiv, P-260-1_Basel_1907	Basel
Rensch-Miville & Sohn		Tafelsenffabrik	Mühleberg 21	Basel	4135	1907	115	telefonbuch_015	PTT-Archiv, P-260-1_Basel_1907	Basel
Renz	Th.	& Cie.	Münzgässlein 1	Basel	1134	1907	115	telefonbuch_015	PTT-Archiv, P-260-1_Basel_1907	Basel
Resch	Wilh.	Spenglermeister	Hardtstrasse 83	Basel	3786	1907	115	telefonbuch_015	PTT-Archiv, P-260-1_Basel_1907	Basel
Respinger-Bauer	A.		Aeschengraben 10	Basel	2355	1907	115	telefonbuch_015	PTT-Archiv, P-260-1_Basel_1907	Basel
Respinger	H. B.	Dr., Zahnarzt, Wohnung	Marschalkenstr. 39	Basel	3140	1907	115	telefonbuch_015	PTT-Archiv, P-260-1_Basel_1907	Basel
Respinger	H. B.	Privatpraxis	St. Albananlage 5	Basel	2032	1907	115	telefonbuch_015	PTT-Archiv, P-260-1_Basel_1907	Basel
Respinger-His	Cécile	Wwe.	Socinstrasse 32	Basel	2700	1907	115	telefonbuch_015	PTT-Archiv, P-260-1_Basel_1907	Basel
Respinger-Jaques	B.		Langegasse 17	Basel	4199	1907	115	telefonbuch_015	PTT-Archiv, P-260-1_Basel_1907	Basel
Respinger-Kiefer	A. E.	Wwe.	Grellingerstrasse 92	Basel	3973	1907	115	telefonbuch_015	PTT-Archiv, P-260-1_Basel_1907	Basel
Respinger-Passavant	E.	Wwe.	Totentanz 10	Basel	1348	1907	115	telefonbuch_015	PTT-Archiv, P-260-1_Basel_1907	Basel
Respinger-Senn	M.	Wwe.	Birmannsgasse 4	Basel	3257	1907	115	telefonbuch_015	PTT-Archiv, P-260-1_Basel_1907	Basel
Respinger	Wilh.	Dr. med.	Schweizerplatz 1	Basel	4180	1907	115	telefonbuch_015	PTT-Archiv, P-260-1_Basel_1907	Basel
Rettungsanstalt		kantonale	Klosterfiechten	Basel	4038	1907	115	telefonbuch_015	PTT-Archiv, P-260-1_Basel_1907	Basel
Rey	Isidor		Blotzheimerw. 29/31	Basel	898	1907	115	telefonbuch_015	PTT-Archiv, P-260-1_Basel_1907	Basel
Rhein	Aron		Birsigstrasse 84	Basel	3108	1907	115	telefonbuch_015	PTT-Archiv, P-260-1_Basel_1907	Basel
Rhein		Gebrüder	Bäumleingasse 5	Basel	1758	1907	115	telefonbuch_015	PTT-Archiv, P-260-1_Basel_1907	Basel
Rheinhold & Cie.		(Franz Dehne)	Riehenstrasse 8	Basel	3428	1907	115	telefonbuch_015	PTT-Archiv, P-260-1_Basel_1907	Basel
Rheinschule			Unt. Rheinweg 160	Basel	1078	1907	115	telefonbuch_015	PTT-Archiv, P-260-1_Basel_1907	Basel
Rhyner	Emma	Dr.	Feierabendstr. 33	Basel	4305	1907	115	telefonbuch_015	PTT-Archiv, P-260-1_Basel_1907	Basel
Richter-Bienz	C. A.		Holbeinstrasse 60	Basel	4228	1907	116	telefonbuch_016	PTT-Archiv, P-260-1_Basel_1907	Basel
Richter-Rickert	P.	Bettwarengeschäft	Rheinsprung 7	Basel	1301	1907	116	telefonbuch_016	PTT-Archiv, P-260-1_Basel_1907	Basel
Rickenbach	G.	Büchsenmacher	Bäumleingasse 8	Basel	1872	1907	116	telefonbuch_016	PTT-Archiv, P-260-1_Basel_1907	Basel
Rickert-Daetwyler	P.	Architekt	Neubadstrasse 51	Basel	3208	1907	116	telefonbuch_016	PTT-Archiv, P-260-1_Basel_1907	Basel
Rickli-Linder	G.		Missionsstrasse 34	Basel	1453	1907	116	telefonbuch_016	PTT-Archiv, P-260-1_Basel_1907	Basel
Rieber	Henri		Aeschenvorstadt 41	Basel	1952	1907	116	telefonbuch_016	PTT-Archiv, P-260-1_Basel_1907	Basel
Riedtmann	E.	Dr.	Eulerstrasse 51	Basel	2752	1907	116	telefonbuch_016	PTT-Archiv, P-260-1_Basel_1907	Basel
Riedtmann-Ostertag	R.	Bäcker	Aeschenvorstadt 60	Basel	2072	1907	116	telefonbuch_016	PTT-Archiv, P-260-1_Basel_1907	Basel
Riedweg	K.	Wwe.	Andreasplatz 16	Basel	1000	1907	116	telefonbuch_016	PTT-Archiv, P-260-1_Basel_1907	Basel
Ries-Welti	Jos.	Restaurant Schützenhaus	Schützenmattstr. 56	Basel	2999	1907	116	telefonbuch_016	PTT-Archiv, P-260-1_Basel_1907	Basel
Riesterer-Asmus		Zimmermeister	Klingenthalstr. 77	Basel	3309	1907	116	telefonbuch_016	PTT-Archiv, P-260-1_Basel_1907	Basel
Riesterer-Grüninger	Fritz	Baugeschäft	Vogesenstrasse 27	Basel	276	1907	116	telefonbuch_016	PTT-Archiv, P-260-1_Basel_1907	Basel
Rieter-Herzog	Marie	Frau	Grellingerstrasse 23	Basel	3551	1907	116	telefonbuch_016	PTT-Archiv, P-260-1_Basel_1907	Basel
Rietmann-Dörflinger	E.		Margarethenstr. 47	Basel	239	1907	116	telefonbuch_016	PTT-Archiv, P-260-1_Basel_1907	Basel
Riggenbach	Adolf	Bäckerei	St. Johannvorst. 11	Basel	1381	1907	116	telefonbuch_016	PTT-Archiv, P-260-1_Basel_1907	Basel
Riggenbach	Alb.	Spenglerei und Installation	Spalenring 158	Basel	1353	1907	116	telefonbuch_016	PTT-Archiv, P-260-1_Basel_1907	Basel
Riggenbach-Gürtler	Alb.	Wohnung	Rudolfstrasse 28	Basel	1473	1907	116	telefonbuch_016	PTT-Archiv, P-260-1_Basel_1907	Basel
Riggenbach-Burckhardt	A.	Prof. Dr.	Bernoullistrasse 20	Basel	799	1907	116	telefonbuch_016	PTT-Archiv, P-260-1_Basel_1907	Basel
Riggenbach	Ed.	Ingenieur	St. Albanvorstadt 72	Basel	1890	1907	116	telefonbuch_016	PTT-Archiv, P-260-1_Basel_1907	Basel
Riggenbach	Ed.	Papeterie	Rüdengasse 3	Basel	1351	1907	116	telefonbuch_016	PTT-Archiv, P-260-1_Basel_1907	Basel
Riggenbach, Gebrüder, & Cie.		zum Arm	Marktplatz 5	Basel	1601	1907	116	telefonbuch_016	PTT-Archiv, P-260-1_Basel_1907	Basel
Riggenbach, Gebrüder, & Cie.		zum Arm	Clarastrasse 30	Basel	3701	1907	116	telefonbuch_016	PTT-Archiv, P-260-1_Basel_1907	Basel
Riggenbach, Gebrüder, & Cie.		zum Arm	St. Albanvorstadt 59	Basel	1816	1907	116	telefonbuch_016	PTT-Archiv, P-260-1_Basel_1907	Basel
Riggenbach, Gebrüder, & Cie.		zum Arm	Petersgraben 18	Basel	1525	1907	116	telefonbuch_016	PTT-Archiv, P-260-1_Basel_1907	Basel
Riggenbach, Gebrüder, & Cie.		zum Arm	Angensteinerstr. 48	Basel	3568	1907	116	telefonbuch_016	PTT-Archiv, P-260-1_Basel_1907	Basel
Riggenbach-Iselin	A.		Wallstrasse 16	Basel	2216	1907	116	telefonbuch_016	PTT-Archiv, P-260-1_Basel_1907	Basel
Riggenbach-Oser	A.	Wwe. A.	Leimenstrasse 48	Basel	2901	1907	116	telefonbuch_016	PTT-Archiv, P-260-1_Basel_1907	Basel
Riggenbach-Preiswerk	Chr.	Wwe.	St. Albananlage 63	Basel	4285	1907	116	telefonbuch_016	PTT-Archiv, P-260-1_Basel_1907	Basel
Riggenbach-Thurneysen	Ed.	Lic.	Langegasse 13	Basel	2098	1907	116	telefonbuch_016	PTT-Archiv, P-260-1_Basel_1907	Basel
Riggenbach	W.	Weblitzenfabrik	Elisabethenstr. 41	Basel	924	1907	116	telefonbuch_016	PTT-Archiv, P-260-1_Basel_1907	Basel
Riggenbach-Woringer	Aug.		Herbstgasse 7	Basel	4182	1907	116	telefonbuch_016	PTT-Archiv, P-260-1_Basel_1907	Basel
Riggenbach-Zollinger	E.	Wwe.	Birsigstrasse 30	Basel	4260	1907	116	telefonbuch_016	PTT-Archiv, P-260-1_Basel_1907	Basel
Rilliet	Victor		Thiersteinerallee 40	Basel	3091	1907	116	telefonbuch_016	PTT-Archiv, P-260-1_Basel_1907	Basel
Rilling	Fritz	Spenglermeister	Lothringerstrasse 82	Basel	169	1907	116	telefonbuch_016	PTT-Archiv, P-260-1_Basel_1907	Basel
Rimathé	A.	Pfr.	Sommergasse 30	Basel	4197	1907	116	telefonbuch_016	PTT-Archiv, P-260-1_Basel_1907	Basel
Rinderspacher-Banholzer	Fr.	Gärtner	Klybeckstrasse 73	Basel	3298	1907	116	telefonbuch_016	PTT-Archiv, P-260-1_Basel_1907	Basel
Ringier	Emil		Birsigstrasse 75	Basel	3670	1907	116	telefonbuch_016	PTT-Archiv, P-260-1_Basel_1907	Basel
Riniker, Strübin & Cie.			Jurastrasse 42	Basel	3771	1907	116	telefonbuch_016	PTT-Archiv, P-260-1_Basel_1907	Basel
Rising-Herwaerts	M. A.	Frau	Marktplatz 14	Basel	4456	1907	116	telefonbuch_016	PTT-Archiv, P-260-1_Basel_1907	Basel
Rissel	Julius		Isteinerstrasse 92	Basel	315	1907	116	telefonbuch_016	PTT-Archiv, P-260-1_Basel_1907	Basel
Ritter	A.	Ingenieur und Patentanwalt	Birsigstrasse 2	Basel	2487	1907	116	telefonbuch_016	PTT-Archiv, P-260-1_Basel_1907	Basel
Ritter	Alex.	Schlosserei und Mechaniker	Isteinerstrasse 114	Basel	3435	1907	116	telefonbuch_016	PTT-Archiv, P-260-1_Basel_1907	Basel
Ritter	Hans	Buchbindermeister	Nadelberg 23	Basel	1777	1907	116	telefonbuch_016	PTT-Archiv, P-260-1_Basel_1907	Basel
Ritter	R. B.	Ingenieur-Conseil	Kartausgasse 11	Basel	2007	1907	116	telefonbuch_016	PTT-Archiv, P-260-1_Basel_1907	Basel
Ritter	R. B.	Wohnung	Missionsstrasse 35	Basel	4515	1907	116	telefonbuch_016	PTT-Archiv, P-260-1_Basel_1907	Basel
Ritter & Uhlmann		Broncewaren-Fabrik	Clarastrasse 4	Basel	3526	1907	116	telefonbuch_016	PTT-Archiv, P-260-1_Basel_1907	Basel
Ritter-Wehrle	O.		Murtengasse 10	Basel	1027	1907	116	telefonbuch_016	PTT-Archiv, P-260-1_Basel_1907	Basel
Rittmann	Adolf	Zahnarzt	Mittlerestrasse 27	Basel	161	1907	116	telefonbuch_016	PTT-Archiv, P-260-1_Basel_1907	Basel
Rittmann	Hch.	Zahnarzt	Leonhardsgraben 8	Basel	1614	1907	116	telefonbuch_016	PTT-Archiv, P-260-1_Basel_1907	Basel
Rittmann-Urech	Aug.	Sohn, Zahnarzt	Augustinergasse 5	Basel	1147	1907	117	telefonbuch_017	PTT-Archiv, P-260-1_Basel_1907	Basel
Rittmann-Urech	Aug.	Wohnung	Güterstrasse 72	Basel	2430	1907	117	telefonbuch_017	PTT-Archiv, P-260-1_Basel_1907	Basel
Ritzmann	Emil	Brennmaterialien	Güterstrasse 205	Basel	3756	1907	117	telefonbuch_017	PTT-Archiv, P-260-1_Basel_1907	Basel
Robert	Adolf		Eulerstrasse 26	Basel	2590	1907	117	telefonbuch_017	PTT-Archiv, P-260-1_Basel_1907	Basel
Röchling		Gebrüder	St. Jakobstrasse 22	Basel	2424	1907	117	telefonbuch_017	PTT-Archiv, P-260-1_Basel_1907	Basel
Röchling		Gebrüder	St. Jakobstrasse 22	Basel	2316	1907	117	telefonbuch_017	PTT-Archiv, P-260-1_Basel_1907	Basel
Röchling		Gebrüder, Lagerplatz	Dreispitz	Basel	4218	1907	117	telefonbuch_017	PTT-Archiv, P-260-1_Basel_1907	Basel
Röchling	Otto		St. Jakobstrasse 22	Basel		1907	117	telefonbuch_017	PTT-Archiv, P-260-1_Basel_1907	Basel
Röckel	Jos.		Rennweg 57	Basel	1411	1907	117	telefonbuch_017	PTT-Archiv, P-260-1_Basel_1907	Basel
Rogg-Baumgartner	L.	Gärtner	Riehenstrasse 180	Basel	3851	1907	117	telefonbuch_017	PTT-Archiv, P-260-1_Basel_1907	Basel
Rognon-Schönbein	E.		Münchensteinerstr. 39	Basel	3998	1907	117	telefonbuch_017	PTT-Archiv, P-260-1_Basel_1907	Basel
Rognon-Zimmerli	E.	Wwe.	St. Jakobstrasse 23	Basel	186	1907	117	telefonbuch_017	PTT-Archiv, P-260-1_Basel_1907	Basel
Rohner-Plattner	J.		Unt. Rheinweg 98	Basel	4481	1907	117	telefonbuch_017	PTT-Archiv, P-260-1_Basel_1907	Basel
Rohr-Duthaler	Hch.		Luftgässlein 5	Basel	1751	1907	117	telefonbuch_017	PTT-Archiv, P-260-1_Basel_1907	Basel
Roehrl	A.		Kartausgasse 11	Basel	1384	1907	117	telefonbuch_017	PTT-Archiv, P-260-1_Basel_1907	Basel
Romang	A.		Utengasse 31	Basel	1183	1907	117	telefonbuch_017	PTT-Archiv, P-260-1_Basel_1907	Basel
Römisch-katholische Krankenanstalt			Hammerstrasse 43	Basel	3805	1907	117	telefonbuch_017	PTT-Archiv, P-260-1_Basel_1907	Basel
Römisch-katholische Pfarrei			Lindenberg 12	Basel	1146	1907	117	telefonbuch_017	PTT-Archiv, P-260-1_Basel_1907	Basel
Rommel & Co.			Centralbahnplatz 12	Basel	2242	1907	117	telefonbuch_017	PTT-Archiv, P-260-1_Basel_1907	Basel
Ronus-Bœringer	C.		Grellingerstrasse 66	Basel	1171	1907	117	telefonbuch_017	PTT-Archiv, P-260-1_Basel_1907	Basel
Ronus-von Speyr	V.	Wwe.	Aeschengraben 9	Basel	2306	1907	117	telefonbuch_017	PTT-Archiv, P-260-1_Basel_1907	Basel
Ronus-Wegner	K. El.	Wwe.	Angensteinerstr. 21	Basel	3669	1907	117	telefonbuch_017	PTT-Archiv, P-260-1_Basel_1907	Basel
Roos	J.		Hutgasse 17	Basel	2356	1907	117	telefonbuch_017	PTT-Archiv, P-260-1_Basel_1907	Basel
Rordorf		Apotheke	Ob. Spalenberg 63	Basel	2885	1907	117	telefonbuch_017	PTT-Archiv, P-260-1_Basel_1907	Basel
Rordorf		Sanitas	Ob. Spalenberg 63	Basel	2885	1907	117	telefonbuch_017	PTT-Archiv, P-260-1_Basel_1907	Basel
Rordorf	Hartm.	(Wohnung)	Burgunderstrasse 18	Basel	2821	1907	117	telefonbuch_017	PTT-Archiv, P-260-1_Basel_1907	Basel
Rosen-Apotheke		Heer & Cie.	Rudolfstrasse 2	Basel	2753	1907	117	telefonbuch_017	PTT-Archiv, P-260-1_Basel_1907	Basel
Rosenberg	Edgar		Vogesenstrasse 27	Basel	468	1907	117	telefonbuch_017	PTT-Archiv, P-260-1_Basel_1907	Basel
Rosenmund		Bettwarengeschäft	Spalenring 166	Basel	2960	1907	117	telefonbuch_017	PTT-Archiv, P-260-1_Basel_1907	Basel
Rosenthal-Schulhaus			Isteinerstrasse 10	Basel	3645	1907	117	telefonbuch_017	PTT-Archiv, P-260-1_Basel_1907	Basel
Rosinski-Beeger	Ferd.	Kürschner	Freiestrasse 91	Basel	492	1907	117	telefonbuch_017	PTT-Archiv, P-260-1_Basel_1907	Basel
Rossier	Albert		Feierabendstrasse 11	Basel	446	1907	117	telefonbuch_017	PTT-Archiv, P-260-1_Basel_1907	Basel
Rössiger & Co.			Dornacherstr. 101	Basel	4097	1907	117	telefonbuch_017	PTT-Archiv, P-260-1_Basel_1907	Basel
Roth-Bischoff	Herm.		Nonnenweg 31	Basel	2657	1907	117	telefonbuch_017	PTT-Archiv, P-260-1_Basel_1907	Basel
Röth	H.		Bäumleingasse 12	Basel	1717	1907	117	telefonbuch_017	PTT-Archiv, P-260-1_Basel_1907	Basel
Roth	Hans	Dr.	Spitalstrasse 38	Basel	1009	1907	117	telefonbuch_017	PTT-Archiv, P-260-1_Basel_1907	Basel
Roth	Hermann	Tapezierer	Hochstrasse 6	Basel	3653	1907	117	telefonbuch_017	PTT-Archiv, P-260-1_Basel_1907	Basel
Roth-Kündig	M.	Frau	Wallstrasse 26	Basel	2643	1907	117	telefonbuch_017	PTT-Archiv, P-260-1_Basel_1907	Basel
Röth-Renner	A.	zum Bläsithor	Unt. Rebgasse 24	Basel	4454	1907	117	telefonbuch_017	PTT-Archiv, P-260-1_Basel_1907	Basel
Roth-Schwarzer	M.		Herbstgasse 5	Basel	606	1907	117	telefonbuch_017	PTT-Archiv, P-260-1_Basel_1907	Basel
Roth-Stecher	Ach.	Veltlinerhalle	Gerbergasse 26	Basel	2894	1907	117	telefonbuch_017	PTT-Archiv, P-260-1_Basel_1907	Basel
Roth	Traugott	Tapezierer	Dufourstrasse 48	Basel	4147	1907	117	telefonbuch_017	PTT-Archiv, P-260-1_Basel_1907	Basel
Rothe-Suter	Heinrich		Zürcherstrasse 172	Basel	1038	1907	117	telefonbuch_017	PTT-Archiv, P-260-1_Basel_1907	Basel
Rothenberger-Klein	Chr.	Dr., Advokat (Bureau)	Falknerstrasse 35	Basel	1860	1907	117	telefonbuch_017	PTT-Archiv, P-260-1_Basel_1907	Basel
Rothenberger-Klein	Chr.	Dr., Wohnung	Rennweg 80	Basel	3300	1907	117	telefonbuch_017	PTT-Archiv, P-260-1_Basel_1907	Basel
Rübelmann-Dold	A.	Schreiner	Spitalstrasse 42	Basel	1621	1907	117	telefonbuch_017	PTT-Archiv, P-260-1_Basel_1907	Basel
Ruckhäberle	E.	Dr.	Socinstrasse 9	Basel	204	1907	117	telefonbuch_017	PTT-Archiv, P-260-1_Basel_1907	Basel
Ruckhäberle	M. O.		Nauenstrasse 22	Basel	2177	1907	117	telefonbuch_017	PTT-Archiv, P-260-1_Basel_1907	Basel
Rukstuhl	J.	Centralheizungsgeschäft	Rümelinbachweg 6/8	Basel	2896	1907	117	telefonbuch_017	PTT-Archiv, P-260-1_Basel_1907	Basel
Péca, le		(v. St-Ursanne), Seite 182		Péca, le		1907	10	telefonbuch_018	PTT-Archiv, P-260-1_Basel_1907	Basel
Perrefitte		(v. Moutier), Seite 171		Perrefitte		1907	10	telefonbuch_018	PTT-Archiv, P-260-1_Basel_1907	Basel
Pfeffingen		(v. Basel), Seite 149		Pfeffingen		1907	10	telefonbuch_018	PTT-Archiv, P-260-1_Basel_1907	Basel
Pichoux, le		(v. Bassecourt), Seite 154		Pichoux, le		1907	10	telefonbuch_018	PTT-Archiv, P-260-1_Basel_1907	Basel
Pleigne		(v. Delsberg), Seite 158		Pleigne		1907	10	telefonbuch_018	PTT-Archiv, P-260-1_Basel_1907	Basel
Porrentruy (Pruntrut)		Seite 174		Porrentruy (Pruntrut)		1907	10	telefonbuch_018	PTT-Archiv, P-260-1_Basel_1907	Basel
Pratteln		(v. Basel), Seite 150		Pratteln		1907	10	telefonbuch_018	PTT-Archiv, P-260-1_Basel_1907	Basel
Pruntrut (Porrentruy)		Seite 174		Pruntrut (Porrentruy)		1907	10	telefonbuch_018	PTT-Archiv, P-260-1_Basel_1907	Basel
Ramsach		(v. Läufelfingen), Seite 162		Ramsach		1907	10	telefonbuch_018	PTT-Archiv, P-260-1_Basel_1907	Basel
Réclère		(v. Pruntrut), Seite 177		Réclère		1907	10	telefonbuch_018	PTT-Archiv, P-260-1_Basel_1907	Basel
Reigoldswil		Seite 178		Reigoldswil		1907	10	telefonbuch_018	PTT-Archiv, P-260-1_Basel_1907	Basel
Reinach [Baselland]		(v. Basel), Seite 150		Reinach [Baselland]		1907	10	telefonbuch_018	PTT-Archiv, P-260-1_Basel_1907	Basel
Reisen		(v. Läufelfingen), Seite 162		Reisen		1907	10	telefonbuch_018	PTT-Archiv, P-260-1_Basel_1907	Basel
Rheinfelden		Seite 179		Rheinfelden		1907	10	telefonbuch_018	PTT-Archiv, P-260-1_Basel_1907	Basel
Rickenbach [Basell.]		(v. Gelterkind.), Seite 160		Rickenbach [Basell.]		1907	10	telefonbuch_018	PTT-Archiv, P-260-1_Basel_1907	Basel
Riederwald [Unter-]		(v. Laufen), Seite 165		Riederwald [Unter-]		1907	10	telefonbuch_018	PTT-Archiv, P-260-1_Basel_1907	Basel
Riehen		(v. Basel), Seite 150		Riehen		1907	10	telefonbuch_018	PTT-Archiv, P-260-1_Basel_1907	Basel
Rocourt		(v. Pruntrut), Seite 177		Rocourt		1907	10	telefonbuch_018	PTT-Archiv, P-260-1_Basel_1907	Basel
Rodersdorf		(v. Mariastein), Seite 170		Rodersdorf		1907	10	telefonbuch_018	PTT-Archiv, P-260-1_Basel_1907	Basel
Roggenburg		(v. Delsberg), Seite 158		Roggenburg		1907	10	telefonbuch_018	PTT-Archiv, P-260-1_Basel_1907	Basel
Rohrberg		(v. Delsberg), Seite 158		Rohrberg		1907	10	telefonbuch_018	PTT-Archiv, P-260-1_Basel_1907	Basel
Rondez, les		(v. Delsberg), Seite 158		Rondez, les		1907	10	telefonbuch_018	PTT-Archiv, P-260-1_Basel_1907	Basel
Röschenz		(v. Laufen), Seite 165		Röschenz		1907	10	telefonbuch_018	PTT-Archiv, P-260-1_Basel_1907	Basel
Rossemaison		(v. Delsberg), Seite 158		Rossemaison		1907	10	telefonbuch_018	PTT-Archiv, P-260-1_Basel_1907	Basel
Rothenfluh [Basell.]		(v. Gelterkind.), Seite 160		Rothenfluh [Basell.]		1907	10	telefonbuch_018	PTT-Archiv, P-260-1_Basel_1907	Basel
Rünenberg		(v. Gelterkinden), Seite 160		Rünenberg		1907	10	telefonbuch_018	PTT-Archiv, P-260-1_Basel_1907	Basel
Ryburg		(v. Rheinfelden), Seite 181		Ryburg		1907	10	telefonbuch_018	PTT-Archiv, P-260-1_Basel_1907	Basel
St. Chrischona		(v. Basel), Seite 151		St. Chrischona		1907	10	telefonbuch_018	PTT-Archiv, P-260-1_Basel_1907	Basel
St. Jakob [Baselstadt]		(v. Basel), Seite 151		St. Jakob [Baselstadt]		1907	10	telefonbuch_018	PTT-Archiv, P-260-1_Basel_1907	Basel
St. Pantaleon		(v. Liestal), Seite 169		St. Pantaleon		1907	10	telefonbuch_018	PTT-Archiv, P-260-1_Basel_1907	Basel
St-Ursanne		Seite 182		St-Ursanne		1907	10	telefonbuch_018	PTT-Archiv, P-260-1_Basel_1907	Basel
Saulcy		(v. Bassecourt), Seite 154		Saulcy		1907	10	telefonbuch_018	PTT-Archiv, P-260-1_Basel_1907	Basel
Schänzli		(v. Basel), Seite 151		Schänzli		1907	10	telefonbuch_018	PTT-Archiv, P-260-1_Basel_1907	Basel
Schauenburg		(v. Liestal), Seite 169		Schauenburg		1907	10	telefonbuch_018	PTT-Archiv, P-260-1_Basel_1907	Basel
Schönenbuch		(v. Basel), Seite 151		Schönenbuch		1907	10	telefonbuch_018	PTT-Archiv, P-260-1_Basel_1907	Basel
Schweizerhalle		(v. Basel), Seite 151		Schweizerhalle		1907	10	telefonbuch_018	PTT-Archiv, P-260-1_Basel_1907	Basel
Seewen [Soloth.]		(v. Liestal), Seite 169		Seewen [Soloth.]		1907	10	telefonbuch_018	PTT-Archiv, P-260-1_Basel_1907	Basel
Seleute		(v. St-Ursanne), Seite 182		Seleute		1907	10	telefonbuch_018	PTT-Archiv, P-260-1_Basel_1907	Basel
Seltisberg		(v. Liestal), Seite 169		Seltisberg		1907	10	telefonbuch_018	PTT-Archiv, P-260-1_Basel_1907	Basel
Séprais		(v. Bassecourt), Seite 154		Séprais		1907	10	telefonbuch_018	PTT-Archiv, P-260-1_Basel_1907	Basel
Sissach		Seite 183		Sissach		1907	10	telefonbuch_018	PTT-Archiv, P-260-1_Basel_1907	Basel
Sisseln		(v. Stein), Seite 184		Sisseln		1907	10	telefonbuch_018	PTT-Archiv, P-260-1_Basel_1907	Basel
Sornetan		(v. Bassecourt), Seite 154		Sornetan		1907	10	telefonbuch_018	PTT-Archiv, P-260-1_Basel_1907	Basel
Souboz		(v. Bassecourt), Seite 154		Souboz		1907	10	telefonbuch_018	PTT-Archiv, P-260-1_Basel_1907	Basel
Soulce		(v. Bassecourt), Seite 154		Soulce		1907	10	telefonbuch_018	PTT-Archiv, P-260-1_Basel_1907	Basel
Soyhières		(v. Delsberg), Seite 159		Soyhières		1907	10	telefonbuch_018	PTT-Archiv, P-260-1_Basel_1907	Basel
Stein [Aargau]		Seite 184		Stein [Aargau]		1907	10	telefonbuch_018	PTT-Archiv, P-260-1_Basel_1907	Basel
Tecknau		(v. Gelterkinden), Seite 160		Tecknau		1907	10	telefonbuch_018	PTT-Archiv, P-260-1_Basel_1907	Basel
Tenniken		(v. Sissach), Seite 183		Tenniken		1907	10	telefonbuch_018	PTT-Archiv, P-260-1_Basel_1907	Basel
Therwil		(v. Basel), Seite 151		Therwil		1907	10	telefonbuch_018	PTT-Archiv, P-260-1_Basel_1907	Basel
Thürnen		(v. Sissach), Seite 184		Thürnen		1907	10	telefonbuch_018	PTT-Archiv, P-260-1_Basel_1907	Basel
Titterten		(v. Reigoldswil), Seite 178		Titterten		1907	10	telefonbuch_018	PTT-Archiv, P-260-1_Basel_1907	Basel
Undervelier		(v. Bassecourt), Seite 154		Undervelier		1907	10	telefonbuch_018	PTT-Archiv, P-260-1_Basel_1907	Basel
Vendlincourt		(v. Pruntrut), Seite 177		Vendlincourt		1907	10	telefonbuch_018	PTT-Archiv, P-260-1_Basel_1907	Basel
Vermes		(v. Delsberg), Seite 159		Vermes		1907	10	telefonbuch_018	PTT-Archiv, P-260-1_Basel_1907	Basel
Vicques		(v. Delsberg), Seite 159		Vicques		1907	10	telefonbuch_018	PTT-Archiv, P-260-1_Basel_1907	Basel
Villars-sur-Fontenais		(v. Pruntrut), Seite 177		Villars-sur-Fontenais		1907	10	telefonbuch_018	PTT-Archiv, P-260-1_Basel_1907	Basel
Wahlen bei Laufen		(v. Laufen), Seite 165		Wahlen bei Laufen		1907	10	telefonbuch_018	PTT-Archiv, P-260-1_Basel_1907	Basel
Waldenburg		Seite 186		Waldenburg		1907	10	telefonbuch_018	PTT-Archiv, P-260-1_Basel_1907	Basel
Wallbach bei Mumpf		(v. Stein), Seite 185		Wallbach bei Mumpf		1907	10	telefonbuch_018	PTT-Archiv, P-260-1_Basel_1907	Basel
Wegenstetten		(v. Rheinfelden), Seite 181		Wegenstetten		1907	10	telefonbuch_018	PTT-Archiv, P-260-1_Basel_1907	Basel
Wenslingen		(v. Gelterkinden), Seite 160		Wenslingen		1907	10	telefonbuch_018	PTT-Archiv, P-260-1_Basel_1907	Basel
Wintersingen		(v. Sissach), Seite 184		Wintersingen		1907	10	telefonbuch_018	PTT-Archiv, P-260-1_Basel_1907	Basel
Wisen		(v. Läufelfingen), Seite 162		Wisen		1907	10	telefonbuch_018	PTT-Archiv, P-260-1_Basel_1907	Basel
Witterswil		(v. Basel), Seite 152		Witterswil		1907	10	telefonbuch_018	PTT-Archiv, P-260-1_Basel_1907	Basel
Zeglingen		(v. Gelterkinden), Seite 160		Zeglingen		1907	10	telefonbuch_018	PTT-Archiv, P-260-1_Basel_1907	Basel
Zeiningen		(v. Rheinfelden), Seite 181		Zeiningen		1907	10	telefonbuch_018	PTT-Archiv, P-260-1_Basel_1907	Basel
Ziefen		(v. Reigoldswil), Seite 178		Ziefen		1907	10	telefonbuch_018	PTT-Archiv, P-260-1_Basel_1907	Basel
Zullwil		(v. Laufen), Seite 165		Zullwil		1907	10	telefonbuch_018	PTT-Archiv, P-260-1_Basel_1907	Basel
Zunzgen		(v. Sissach), Seite 184		Zunzgen		1907	10	telefonbuch_018	PTT-Archiv, P-260-1_Basel_1907	Basel
Zuzgen		(v. Rheinfelden), Seite 181		Zuzgen		1907	10	telefonbuch_018	PTT-Archiv, P-260-1_Basel_1907	Basel
Zwingen		(v. Laufen), Seite 165		Zwingen		1907	10	telefonbuch_018	PTT-Archiv, P-260-1_Basel_1907	Basel
Rudin	Emil		Oetlingerstrasse 152	Basel	1413	1907	118	telefonbuch_019	PTT-Archiv, P-260-1_Basel_1907	Basel
Rudin-Gabriel	H.		Kannenfeldstr. 15	Basel	2116	1907	118	telefonbuch_019	PTT-Archiv, P-260-1_Basel_1907	Basel
Rudin	Dr. Hans, & Frey, Dr. Carl	Advokaturbureau	Augustinergasse 17	Basel	1373	1907	118	telefonbuch_019	PTT-Archiv, P-260-1_Basel_1907	Basel
Rudin-Rudin	Oscar		Untere Rheingasse 8	Basel	38	1907	118	telefonbuch_019	PTT-Archiv, P-260-1_Basel_1907	Basel
Rudin	Theophil	Lithograph	St. Johannvorstadt 70	Basel	1708	1907	118	telefonbuch_019	PTT-Archiv, P-260-1_Basel_1907	Basel
Rüdisühli	Rudolf	Confiseur	Eulerstrasse 38	Basel	2736	1907	118	telefonbuch_019	PTT-Archiv, P-260-1_Basel_1907	Basel
Rueb-Lapp	Fr.		Petersgraben 5	Basel	321	1907	118	telefonbuch_019	PTT-Archiv, P-260-1_Basel_1907	Basel
Rueff	F.		Leonhardstrasse 36	Basel	2902	1907	118	telefonbuch_019	PTT-Archiv, P-260-1_Basel_1907	Basel
Rueff	F., & Cie.	Caoutchoucwaren	Leonhardstrasse 26	Basel	3209	1907	118	telefonbuch_019	PTT-Archiv, P-260-1_Basel_1907	Basel
Rueff	Jos.	Getreide	Kornhausgasse 10	Basel	2739	1907	118	telefonbuch_019	PTT-Archiv, P-260-1_Basel_1907	Basel
Rueff-Weil	J.		Burgfelderstrasse 8	Basel	180	1907	118	telefonbuch_019	PTT-Archiv, P-260-1_Basel_1907	Basel
Ruegg	Dr. Carl	Zahnarzt	Leonhardstrasse 59	Basel	2917	1907	118	telefonbuch_019	PTT-Archiv, P-260-1_Basel_1907	Basel
Ruegg-Krayer	Wwe. S.		Feierabendstrasse 80	Basel	2973	1907	118	telefonbuch_019	PTT-Archiv, P-260-1_Basel_1907	Basel
Ruegger	Jak.	Eisenbau, Maschinenfabrik	Lehenmattstr. 353	Basel	2458	1907	118	telefonbuch_019	PTT-Archiv, P-260-1_Basel_1907	Basel
Ruegger	Jak.	Wohnung	Steinenvorstadt 63	Basel	1974	1907	118	telefonbuch_019	PTT-Archiv, P-260-1_Basel_1907	Basel
Ruf	C.	Photograph	Steinenthörberg 20	Basel	2433	1907	118	telefonbuch_019	PTT-Archiv, P-260-1_Basel_1907	Basel
Ruf-Martin	Paul		Leonhardsgraben 20	Basel	3636	1907	118	telefonbuch_019	PTT-Archiv, P-260-1_Basel_1907	Basel
Ruf & Witz			Dornacherstr. 74	Basel	3154	1907	118	telefonbuch_019	PTT-Archiv, P-260-1_Basel_1907	Basel
Rufer-Hartmann	C.	Handelsgärtner	Holeestrasse 115	Basel	2729	1907	118	telefonbuch_019	PTT-Archiv, P-260-1_Basel_1907	Basel
Ruffio	Achilles		Gerbergasse 50	Basel	3626	1907	118	telefonbuch_019	PTT-Archiv, P-260-1_Basel_1907	Basel
Ruh	Ed.	Schreinermeister	Leonhardsberg 14	Basel	2309	1907	118	telefonbuch_019	PTT-Archiv, P-260-1_Basel_1907	Basel
Rümmele	J.		Haltingerstrasse 70	Basel	3410	1907	118	telefonbuch_019	PTT-Archiv, P-260-1_Basel_1907	Basel
Rumpf-von Salis	Werner		Maiengasse 55	Basel	1454	1907	118	telefonbuch_019	PTT-Archiv, P-260-1_Basel_1907	Basel
Rumpf'sche Kreppweberei A.-G.			Maulbeerweg 87	Basel	3517	1907	118	telefonbuch_019	PTT-Archiv, P-260-1_Basel_1907	Basel
Rumpf'sche Kreppweberei A.-G.			Schorenweg 16	Basel	4150	1907	118	telefonbuch_019	PTT-Archiv, P-260-1_Basel_1907	Basel
Runge	F. O.		Elisabethenstr. 56	Basel	3986	1907	118	telefonbuch_019	PTT-Archiv, P-260-1_Basel_1907	Basel
Ruoff	Fried.	Direktor	Marschalkenstr. 25	Basel	3484	1907	118	telefonbuch_019	PTT-Archiv, P-260-1_Basel_1907	Basel
Rupe-Fischer	Wwe. C. M.		Feierabendstrasse 8	Basel	2347	1907	118	telefonbuch_019	PTT-Archiv, P-260-1_Basel_1907	Basel
Rupprecht	Philipp	Waschanstalt	Hammerstrasse 23	Basel	3812	1907	118	telefonbuch_019	PTT-Archiv, P-260-1_Basel_1907	Basel
Rüsch-Burckhardt	Ferd.		Elisabethenstr. 27	Basel	2410	1907	118	telefonbuch_019	PTT-Archiv, P-260-1_Basel_1907	Basel
Russ	M.	Möbelschreinerei	Elsässerstrasse 36	Basel	953	1907	118	telefonbuch_019	PTT-Archiv, P-260-1_Basel_1907	Basel
Rütimeyer	Dr. L.		Socinstrasse 25	Basel	2670	1907	118	telefonbuch_019	PTT-Archiv, P-260-1_Basel_1907	Basel
Rutschmann	Ferd.	Bäcker	Aeschenvorstadt 49	Basel	1951	1907	118	telefonbuch_019	PTT-Archiv, P-260-1_Basel_1907	Basel
Rutschmann	G.		Spalenberg 53	Basel	2	1907	118	telefonbuch_019	PTT-Archiv, P-260-1_Basel_1907	Basel
Ruutz	Dr. H.	Zahnarzt	Leonhardstrasse 16	Basel	3013	1907	118	telefonbuch_019	PTT-Archiv, P-260-1_Basel_1907	Basel
Ryffel	H.	Cigarrenhandlung	Greifengasse 30	Basel	3200	1907	118	telefonbuch_019	PTT-Archiv, P-260-1_Basel_1907	Basel
Ryhiner-Heusler	Frau		Gartenstrasse 46	Basel	1973	1907	118	telefonbuch_019	PTT-Archiv, P-260-1_Basel_1907	Basel
Ryhiner	Louise		Gellertstrasse 6	Basel	1560	1907	118	telefonbuch_019	PTT-Archiv, P-260-1_Basel_1907	Basel
Ryhiner-Merian	C.		Engelgasse 9	Basel	1907	1907	118	telefonbuch_019	PTT-Archiv, P-260-1_Basel_1907	Basel
Ryhiner-Stehlin	Alb.		St. Albananlage 14	Basel	4176	1907	118	telefonbuch_019	PTT-Archiv, P-260-1_Basel_1907	Basel
Ryhiner-Vonder Mühll	C.		Engelgasse 105	Basel	3604	1907	118	telefonbuch_019	PTT-Archiv, P-260-1_Basel_1907	Basel
Saass	Johann	Kohlenhandlung	St. Johannvorst. 45	Basel	4435	1907	118	telefonbuch_019	PTT-Archiv, P-260-1_Basel_1907	Basel
Saass	Johann	Lagerplatz	St. Johann - Bahnhof	Basel	1790	1907	118	telefonbuch_019	PTT-Archiv, P-260-1_Basel_1907	Basel
Safranzunft			Gerbergasse 11	Basel	1465	1907	118	telefonbuch_019	PTT-Archiv, P-260-1_Basel_1907	Basel
Salathé-Bärwart	Wwe. Dor.		Birsigstrasse 134	Basel	1780	1907	118	telefonbuch_019	PTT-Archiv, P-260-1_Basel_1907	Basel
Salathé	E., & Co.		Margarethenstr. 1	Basel	3002	1907	118	telefonbuch_019	PTT-Archiv, P-260-1_Basel_1907	Basel
v. Salis	Arnold	Antistes	Münsterhof 2	Basel	979	1907	118	telefonbuch_019	PTT-Archiv, P-260-1_Basel_1907	Basel
v. Salis	Dr Luzius		Missionsstrasse 6	Basel	1122	1907	118	telefonbuch_019	PTT-Archiv, P-260-1_Basel_1907	Basel
Salmeck		Restauration, G. Schächtelin	Vogesenstrasse 143	Basel	277	1907	119	telefonbuch_020	PTT-Archiv, P-260-1_Basel_1907	Basel
Salmenbräu Rheinfelden		Depot Basel, Vertreter E. Burkart	Vogesenstrasse 141	Basel	184	1907	119	telefonbuch_020	PTT-Archiv, P-260-1_Basel_1907	Basel
Salmenbräu Rheinfelden		Wirtschaft	Steinenthörstr. 40	Basel	2555	1907	119	telefonbuch_020	PTT-Archiv, P-260-1_Basel_1907	Basel
Salmenbräu Rheinfelden		Wirtschaft	Bahnhofstrasse 29	Basel	4462	1907	119	telefonbuch_020	PTT-Archiv, P-260-1_Basel_1907	Basel
Salmen	G. Lang-Müller	Wirt	Spalenvorstadt 45	Basel	2671	1907	119	telefonbuch_020	PTT-Archiv, P-260-1_Basel_1907	Basel
Salzfaktorat Basel-Stadt			Dreispitz	Basel	4257	1907	119	telefonbuch_020	PTT-Archiv, P-260-1_Basel_1907	Basel
„Samstag“		Basler Wochenschrift, Gasser & Cie, Verl.	Unt. Rheingasse 19	Basel	1762	1907	119	telefonbuch_020	PTT-Archiv, P-260-1_Basel_1907	Basel
Samuel	E.		Spalenring 15	Basel	959	1907	119	telefonbuch_020	PTT-Archiv, P-260-1_Basel_1907	Basel
Sanatorium Leimenstrasse Basel			Leimenstrasse 67	Basel	2975	1907	119	telefonbuch_020	PTT-Archiv, P-260-1_Basel_1907	Basel
Sandreuter	Emanuel	Spenglerei	Davidsgasse 10	Basel	1424	1907	119	telefonbuch_020	PTT-Archiv, P-260-1_Basel_1907	Basel
Sandreuter	Emanuel	Wohnung	Pilgerstrasse 17	Basel	3268	1907	119	telefonbuch_020	PTT-Archiv, P-260-1_Basel_1907	Basel
Sandreuter-Grüninger	Ad.	Bau- und Kunstschlosserei	Leonhardstrasse 12	Basel	2919	1907	119	telefonbuch_020	PTT-Archiv, P-260-1_Basel_1907	Basel
Sandreuter	J. W.	Agenturen	Sommergasse 31	Basel	920	1907	119	telefonbuch_020	PTT-Archiv, P-260-1_Basel_1907	Basel
Sandreuter-Jundt	R.	Architekt	Sommergasse 13	Basel	1140	1907	119	telefonbuch_020	PTT-Archiv, P-260-1_Basel_1907	Basel
Sandreuter-Kündig	Eml.		Sevogelstrasse 69	Basel	3974	1907	119	telefonbuch_020	PTT-Archiv, P-260-1_Basel_1907	Basel
Sandreuter	Rud.	Kupferschmied	Gundoldingerstr. 123	Basel	3713	1907	119	telefonbuch_020	PTT-Archiv, P-260-1_Basel_1907	Basel
Sandreuter & Lang		Nachf. v. Nikl. Brüderlin	Gerbergasse 7	Basel	1589	1907	119	telefonbuch_020	PTT-Archiv, P-260-1_Basel_1907	Basel
Saenger-Jaeckle	Otto		Pfeffingerstrasse 104	Basel	764	1907	119	telefonbuch_020	PTT-Archiv, P-260-1_Basel_1907	Basel
Saenger-Ritter	Ernst		Rütimeyerstrasse 12	Basel	910	1907	119	telefonbuch_020	PTT-Archiv, P-260-1_Basel_1907	Basel
Saenger & Co.			Pfeffingerstrasse 83	Basel	3759	1907	119	telefonbuch_020	PTT-Archiv, P-260-1_Basel_1907	Basel
Sanitarisches Institut			Weiherweg 46/48	Basel	2811	1907	119	telefonbuch_020	PTT-Archiv, P-260-1_Basel_1907	Basel
Sanitas Rordorf			Ob. Spalenberg 63	Basel	2885	1907	119	telefonbuch_020	PTT-Archiv, P-260-1_Basel_1907	Basel
Sanitätsgeschäft Hausmann		A.-G.	Freiestrasse 15	Basel	1486	1907	119	telefonbuch_020	PTT-Archiv, P-260-1_Basel_1907	Basel
Sanitäts- und Gummiwarengeschäft	J. Möschinger		Spalenberg 2	Basel	1406	1907	119	telefonbuch_020	PTT-Archiv, P-260-1_Basel_1907	Basel
Sanitätsdepartement			Münsterplatz 20	Basel	1757	1907	119	telefonbuch_020	PTT-Archiv, P-260-1_Basel_1907	Basel
Sanitätskommissär II			Klein. Klingenthal 19	Basel	1281	1907	119	telefonbuch_020	PTT-Archiv, P-260-1_Basel_1907	Basel
Santschi	H. E.		Münzgasse 1	Basel	456	1907	119	telefonbuch_020	PTT-Archiv, P-260-1_Basel_1907	Basel
Sarasin	A.	& Cie.	Freiestrasse 107	Basel	2037	1907	119	telefonbuch_020	PTT-Archiv, P-260-1_Basel_1907	Basel
Sarasin	A.	& Cie., Börse	Börse	Basel	111	1907	119	telefonbuch_020	PTT-Archiv, P-260-1_Basel_1907	Basel
Sarasin	A.	& Cie., Börse	Börse	Basel	2908	1907	119	telefonbuch_020	PTT-Archiv, P-260-1_Basel_1907	Basel
Sarasin-Alioth	J. E.	Wwe.	St. Albananlage 24	Basel	4138	1907	119	telefonbuch_020	PTT-Archiv, P-260-1_Basel_1907	Basel
Sarasin-Alioth	Peter	zum Lautengarten	Malzgasse 30	Basel	1953	1907	119	telefonbuch_020	PTT-Archiv, P-260-1_Basel_1907	Basel
Sarasin-Bischoff	Th.		St. Albanvorstadt 32	Basel	1814	1907	119	telefonbuch_020	PTT-Archiv, P-260-1_Basel_1907	Basel
Sarasin-Bischoff	Th.	siehe unter „Riehen“		Basel		1907	119	telefonbuch_020	PTT-Archiv, P-260-1_Basel_1907	Basel
Sarasin-Brunner	Ros.	Frau	Münchensteinerstr. 8	Basel	3978	1907	119	telefonbuch_020	PTT-Archiv, P-260-1_Basel_1907	Basel
Sarasin-Brunner	Ros.	Frau	St. Albanvorstadt 49	Basel	1786	1907	119	telefonbuch_020	PTT-Archiv, P-260-1_Basel_1907	Basel
Sarasin	P. & F.	Dr.	Spitalstrasse 22	Basel	1712	1907	119	telefonbuch_020	PTT-Archiv, P-260-1_Basel_1907	Basel
Sarasin-Hoffmann	Carl Ed.		Elisabethenstr. 26	Basel	534	1907	119	telefonbuch_020	PTT-Archiv, P-260-1_Basel_1907	Basel
Sarasin-Iselin	Alfred		Langegasse 80	Basel	3688	1907	119	telefonbuch_020	PTT-Archiv, P-260-1_Basel_1907	Basel
Sarasin-Iselin	Wilh.		St. Jakobstrasse 14	Basel	2294	1907	119	telefonbuch_020	PTT-Archiv, P-260-1_Basel_1907	Basel
Sarasin	Rudolf	& Co., Comptoir	Bäumleingasse 18	Basel	1787	1907	119	telefonbuch_020	PTT-Archiv, P-260-1_Basel_1907	Basel
Sarasin	Rudolf	& Co.	Waldenburgerstr. 1	Basel	2380	1907	119	telefonbuch_020	PTT-Archiv, P-260-1_Basel_1907	Basel
Sarasin	Rudolf	& Co.	Luftgässlein 4	Basel	1855	1907	119	telefonbuch_020	PTT-Archiv, P-260-1_Basel_1907	Basel
Sarasin-Schlumberger	J.		Gartenstrasse 28	Basel	2120	1907	119	telefonbuch_020	PTT-Archiv, P-260-1_Basel_1907	Basel
Sarasin Söhne		(Bureau)	St. Johannvorstadt 3	Basel	3775	1907	119	telefonbuch_020	PTT-Archiv, P-260-1_Basel_1907	Basel
Sarasin Söhne		Fergstube	Spitalstrasse 2	Basel	833	1907	119	telefonbuch_020	PTT-Archiv, P-260-1_Basel_1907	Basel
Sarasin Söhne		Zettlerei	Elsässerstrasse 248	Basel	912	1907	119	telefonbuch_020	PTT-Archiv, P-260-1_Basel_1907	Basel
Sarasin Stähelin & Co.			St. Albanvorstadt 49	Basel	1793	1907	119	telefonbuch_020	PTT-Archiv, P-260-1_Basel_1907	Basel
Sarasin-Thiersch	Anna L.	Frau	Grellingerstrasse 64	Basel	4170	1907	120	telefonbuch_021	PTT-Archiv, P-260-1_Basel_1907	Basel
Sarasin-Thurneysen	H.		St. Albanvorstadt 90	Basel	734	1907	120	telefonbuch_021	PTT-Archiv, P-260-1_Basel_1907	Basel
Sarasin-Vischer	Rud.		St. Albanvorstadt 17	Basel	1763	1907	120	telefonbuch_021	PTT-Archiv, P-260-1_Basel_1907	Basel
Sarasin-VonderMühll	Ernst		Rittergasse 25	Basel	772	1907	120	telefonbuch_021	PTT-Archiv, P-260-1_Basel_1907	Basel
Sarasin-Warnery	Reinhold		St. Albananlage 26	Basel	3661	1907	120	telefonbuch_021	PTT-Archiv, P-260-1_Basel_1907	Basel
Sarasin	W.	& Cie.	St. Albanvorstadt 93	Basel	4279	1907	120	telefonbuch_021	PTT-Archiv, P-260-1_Basel_1907	Basel
Sartorius-Burckhardt	Joh.	Wwe.	Nonnenweg 60	Basel	785	1907	120	telefonbuch_021	PTT-Archiv, P-260-1_Basel_1907	Basel
Sattler's	Alb.	Wwe., Münzen- und Antiquitätenhandlung	Blumenrain 7	Basel	1326	1907	120	telefonbuch_021	PTT-Archiv, P-260-1_Basel_1907	Basel
Säuglingsheim			Hardstrasse 87	Basel	632	1907	120	telefonbuch_021	PTT-Archiv, P-260-1_Basel_1907	Basel
Sauter	Jos.	Buchbinder	Barfüsserplatz 14	Basel	2489	1907	120	telefonbuch_021	PTT-Archiv, P-260-1_Basel_1907	Basel
Sauter	U.	Goldschmied	Freiestrasse 44	Basel	720	1907	120	telefonbuch_021	PTT-Archiv, P-260-1_Basel_1907	Basel
Schabelitz-Steinmann	W.	(Wohnung)	Socinstrasse 52	Basel	962	1907	120	telefonbuch_021	PTT-Archiv, P-260-1_Basel_1907	Basel
Schabelitz & La Roche			Nonnenweg 16	Basel	2662	1907	120	telefonbuch_021	PTT-Archiv, P-260-1_Basel_1907	Basel
Schächtelin	D.	Spengler	Claragraben 14	Basel	3813	1907	120	telefonbuch_021	PTT-Archiv, P-260-1_Basel_1907	Basel
Schäfer-Denger	E.	Bäckermeister	Aeschenvorstadt 18	Basel	2093	1907	120	telefonbuch_021	PTT-Archiv, P-260-1_Basel_1907	Basel
Schäfer	E.		Oberwilerstrasse 50	Basel	3075	1907	120	telefonbuch_021	PTT-Archiv, P-260-1_Basel_1907	Basel
Schäfer	Emil	Glasmaler	Grenzacherstrasse 91	Basel	3818	1907	120	telefonbuch_021	PTT-Archiv, P-260-1_Basel_1907	Basel
Schaefer-Schmidt	H.		Römergasse 1	Basel	1141	1907	120	telefonbuch_021	PTT-Archiv, P-260-1_Basel_1907	Basel
Schäffer	Samuel		Eulerstrasse 22	Basel	4211	1907	120	telefonbuch_021	PTT-Archiv, P-260-1_Basel_1907	Basel
Schaffner	G.	Dr.	Schützengraben 24	Basel	2423	1907	120	telefonbuch_021	PTT-Archiv, P-260-1_Basel_1907	Basel
Schaller	Konrad		Breisacherstr. 125	Basel	1104	1907	120	telefonbuch_021	PTT-Archiv, P-260-1_Basel_1907	Basel
Schamböck	S.	Tapezierer	Aeschenvorstadt 56	Basel	2030	1907	120	telefonbuch_021	PTT-Archiv, P-260-1_Basel_1907	Basel
Schär-Haller	Oskar	Dr.	Bachlettenstr. 60	Basel	1129	1907	120	telefonbuch_021	PTT-Archiv, P-260-1_Basel_1907	Basel
Schaerer	Ed.	Hafner	Küchegässlein 7	Basel	2254	1907	120	telefonbuch_021	PTT-Archiv, P-260-1_Basel_1907	Basel
Schärer & Zimmermann			Leonhardstrasse 12	Basel	649	1907	120	telefonbuch_021	PTT-Archiv, P-260-1_Basel_1907	Basel
Schardt	P.		Eulerstrasse 74	Basel	3536	1907	120	telefonbuch_021	PTT-Archiv, P-260-1_Basel_1907	Basel
Scharf-Seiffert	K.	Hafnermeister	Nadelberg 26	Basel	2616	1907	120	telefonbuch_021	PTT-Archiv, P-260-1_Basel_1907	Basel
Schätzle-Kümmerle	F.	Wirt (Filiale Brauerei Sternenberg)	Alemannengasse 1	Basel	1131	1907	120	telefonbuch_021	PTT-Archiv, P-260-1_Basel_1907	Basel
Schaub-Lüssi	A.	Plazierungsbureau	Riehenthorstrasse 14	Basel	1175	1907	120	telefonbuch_021	PTT-Archiv, P-260-1_Basel_1907	Basel
Schaub	Paul	Spengler	Schützenmattstr. 5	Basel	2714	1907	120	telefonbuch_021	PTT-Archiv, P-260-1_Basel_1907	Basel
Schaub	P. R.		Binningerstrasse 11	Basel	4232	1907	120	telefonbuch_021	PTT-Archiv, P-260-1_Basel_1907	Basel
Schaub-Ryser	J. J.	Malermeister	Gartenstrasse 64	Basel	2168	1907	120	telefonbuch_021	PTT-Archiv, P-260-1_Basel_1907	Basel
Schäublin	J. R.		Austrasse 61	Basel	2884	1907	120	telefonbuch_021	PTT-Archiv, P-260-1_Basel_1907	Basel
Schäublin-Senn	H.	Mineralwasser	Allschwilerstr. 71	Basel	2792	1907	120	telefonbuch_021	PTT-Archiv, P-260-1_Basel_1907	Basel
Schaupp-Beausire	Alb.	Bäckermeister	Hardtstrasse 66	Basel	3781	1907	120	telefonbuch_021	PTT-Archiv, P-260-1_Basel_1907	Basel
Scheerle	R.		Hammerstrasse 53	Basel	3956	1907	120	telefonbuch_021	PTT-Archiv, P-260-1_Basel_1907	Basel
Scheibler	Hans		Hirzbodenweg 85	Basel	475	1907	120	telefonbuch_021	PTT-Archiv, P-260-1_Basel_1907	Basel
Scheidecker	C. & E.	mech. Werkstätte und Messinggiesserei	Klybeckstrasse 45	Basel	3273	1907	120	telefonbuch_021	PTT-Archiv, P-260-1_Basel_1907	Basel
Scheidegger	E.	Dr. med.	Missionsstrasse 33	Basel	81	1907	120	telefonbuch_021	PTT-Archiv, P-260-1_Basel_1907	Basel
Scheidegger & Cie.			Färberstrasse 30	Basel	786	1907	120	telefonbuch_021	PTT-Archiv, P-260-1_Basel_1907	Basel
Scheidt	P.		Vogesenstrasse 104	Basel	603	1907	120	telefonbuch_021	PTT-Archiv, P-260-1_Basel_1907	Basel
Schellenberg	A.	Nachf. v. Harder & Co.	Birsigstrasse 3	Basel	2480	1907	120	telefonbuch_021	PTT-Archiv, P-260-1_Basel_1907	Basel
Schellhorn	Julius	Allg. Transport-Agentur	Heumattstrasse 11	Basel	411	1907	120	telefonbuch_021	PTT-Archiv, P-260-1_Basel_1907	Basel
Schenitza	Ph.		Birsigstrasse 140	Basel	1978	1907	120	telefonbuch_021	PTT-Archiv, P-260-1_Basel_1907	Basel
Schenk	H.	march.-tailleur	Luftgässlein 1	Basel	2050	1907	120	telefonbuch_021	PTT-Archiv, P-260-1_Basel_1907	Basel
Scherer-Jundt	A.		Gartenstrasse 72	Basel	3868	1907	120	telefonbuch_021	PTT-Archiv, P-260-1_Basel_1907	Basel
Scherer	Victor Emil	Dr.	Therwilerstrasse 36	Basel	441	1907	120	telefonbuch_021	PTT-Archiv, P-260-1_Basel_1907	Basel
Scherrer	Paul	Dr.	Angensteinerstr. 11	Basel	3690	1907	121	telefonbuch_022	PTT-Archiv, P-260-1_Basel_1907	Basel
Scherrer, Fischer & Thalmann	Paul, Alfred, Ernst	Dr., Notariats- u. Advokaturbureau	Freiestrasse 82	Basel	2319	1907	121	telefonbuch_022	PTT-Archiv, P-260-1_Basel_1907	Basel
Scherrer	C.		Zürcherstrasse 41	Basel	4127	1907	121	telefonbuch_022	PTT-Archiv, P-260-1_Basel_1907	Basel
Scherrer-Heidet	Fred. Ed.		Oberwilerstrasse 38	Basel	3120	1907	121	telefonbuch_022	PTT-Archiv, P-260-1_Basel_1907	Basel
Schetty	Fr.	Dr.	Claragraben 49	Basel	3825	1907	121	telefonbuch_022	PTT-Archiv, P-260-1_Basel_1907	Basel
Schetty-Eisenlohr	Aug.		Rappoltshof 16	Basel	3296	1907	121	telefonbuch_022	PTT-Archiv, P-260-1_Basel_1907	Basel
Schetty		Fräulein	Klybeckstrasse 22	Basel	3380	1907	121	telefonbuch_022	PTT-Archiv, P-260-1_Basel_1907	Basel
Schetty-Haas	Paul		Klybeckstrasse 5	Basel	3368	1907	121	telefonbuch_022	PTT-Archiv, P-260-1_Basel_1907	Basel
Schetty-Haberstich	Alb.		Claraplatz 3	Basel	1243	1907	121	telefonbuch_022	PTT-Archiv, P-260-1_Basel_1907	Basel
Schetty-Oechslin	Carl		Claraplatz 2	Basel	3299	1907	121	telefonbuch_022	PTT-Archiv, P-260-1_Basel_1907	Basel
Schetty-Riesterer	Fr.		Clarastrasse 15	Basel	2081	1907	121	telefonbuch_022	PTT-Archiv, P-260-1_Basel_1907	Basel
Schetty-Wybert	Rudolf		Riehenthorstr. 33	Basel	415	1907	121	telefonbuch_022	PTT-Archiv, P-260-1_Basel_1907	Basel
Scheuchzer-Dür	A.	privatim	Friedensgasse 64	Basel	1405	1907	121	telefonbuch_022	PTT-Archiv, P-260-1_Basel_1907	Basel
Scheuchzer & Cie.		Handlung	Petersgraben 19	Basel	1530	1907	121	telefonbuch_022	PTT-Archiv, P-260-1_Basel_1907	Basel
Scheurer	Fritz	zur Wolfsschlucht	Gerbergasse 50	Basel	2561	1907	121	telefonbuch_022	PTT-Archiv, P-260-1_Basel_1907	Basel
Scheuring	A.	(in Firma Heinrich Franck Söhne)	Horburgstrasse 109	Basel	3364	1907	121	telefonbuch_022	PTT-Archiv, P-260-1_Basel_1907	Basel
Scheven	Auguste	Frau	Wartenbergstr. 47	Basel	3691	1907	121	telefonbuch_022	PTT-Archiv, P-260-1_Basel_1907	Basel
Schibli-Buser	H.	Tapezierermeister	Missionsstrasse 67	Basel	274	1907	121	telefonbuch_022	PTT-Archiv, P-260-1_Basel_1907	Basel
Schielé-Lorenz	Ch.		Kanonengasse 23	Basel	3478	1907	121	telefonbuch_022	PTT-Archiv, P-260-1_Basel_1907	Basel
Schiess	H.	Prof. Dr.	Missionsstrasse 28	Basel	2580	1907	121	telefonbuch_022	PTT-Archiv, P-260-1_Basel_1907	Basel
Schiesser	E.	Wwe., Confiserie	Marktplatz 26	Basel	1561	1907	121	telefonbuch_022	PTT-Archiv, P-260-1_Basel_1907	Basel
Schiessplatz, neuer		(Abwartwohnung)	b. Allschwilerweiher	Basel	3128	1907	121	telefonbuch_022	PTT-Archiv, P-260-1_Basel_1907	Basel
Schill-Braun	Ad.	Sattlermeister	Drahtzugstrasse 52	Basel	158	1907	121	telefonbuch_022	PTT-Archiv, P-260-1_Basel_1907	Basel
Schill-Ernst	Ed.		Feierabendstrasse 58	Basel	2906	1907	121	telefonbuch_022	PTT-Archiv, P-260-1_Basel_1907	Basel
Schilling-Rosenmund	A.	Bettwarengeschäft	Fischmarkt 9	Basel	1564	1907	121	telefonbuch_022	PTT-Archiv, P-260-1_Basel_1907	Basel
Schillinger	Georg	Bäckermeister	Amerbachstrasse 78	Basel	3500	1907	121	telefonbuch_022	PTT-Archiv, P-260-1_Basel_1907	Basel
Schillinger-Lang	Karl	Wirt	Brombacherstr. 30	Basel	3829	1907	121	telefonbuch_022	PTT-Archiv, P-260-1_Basel_1907	Basel
Schirach	W.		Mittlerestrasse 148	Basel	3499	1907	121	telefonbuch_022	PTT-Archiv, P-260-1_Basel_1907	Basel
Schirmer	Aug.	Glasreinigungsgeschäft	Haltingerstrasse 2	Basel	2936	1907	121	telefonbuch_022	PTT-Archiv, P-260-1_Basel_1907	Basel
Schirmer-Lang	A.	Bäckerei	Claragraben 139	Basel	602	1907	121	telefonbuch_022	PTT-Archiv, P-260-1_Basel_1907	Basel
Schirrer	Aug.	Hotel Hofer	Centralbahnstr. 11	Basel	2278	1907	121	telefonbuch_022	PTT-Archiv, P-260-1_Basel_1907	Basel
Schirrer & Co.		Hôtel Jura	Centralbahnplatz 11	Basel	2246	1907	121	telefonbuch_022	PTT-Archiv, P-260-1_Basel_1907	Basel
Schlachter-Aby	Th.		Klybeckstrasse 136	Basel	1914	1907	121	telefonbuch_022	PTT-Archiv, P-260-1_Basel_1907	Basel
Schlachthaus		Bureau der Viehrampe	Elsässerstrasse 4	Basel	323	1907	121	telefonbuch_022	PTT-Archiv, P-260-1_Basel_1907	Basel
Schlachthaus-Verwaltung der Stadt Basel			Elsässerstrasse 4	Basel	1735	1907	121	telefonbuch_022	PTT-Archiv, P-260-1_Basel_1907	Basel
Schladerer	Leopold	Tapezierer	Petersplatz 17	Basel	493	1907	121	telefonbuch_022	PTT-Archiv, P-260-1_Basel_1907	Basel
Schlager-Baumgärtner	Ernst		Elsässerstrasse 259	Basel	309	1907	121	telefonbuch_022	PTT-Archiv, P-260-1_Basel_1907	Basel
Schlageter-Hartmann	Karl	Schuhmachermeister	Münsterberg 10	Basel	1690	1907	121	telefonbuch_022	PTT-Archiv, P-260-1_Basel_1907	Basel
Schlageter	J.	Amtmann	Bäumleingasse 12	Basel	1905	1907	121	telefonbuch_022	PTT-Archiv, P-260-1_Basel_1907	Basel
Schlageter	J.	Wohnung	Rötelerstrasse 10	Basel	3246	1907	121	telefonbuch_022	PTT-Archiv, P-260-1_Basel_1907	Basel
Schlaepfer	Rudolf		Alemannengasse 62	Basel	676	1907	121	telefonbuch_022	PTT-Archiv, P-260-1_Basel_1907	Basel
Schläppi-Plattner		Fleischwarenhandlung	Spalenberg 24	Basel	2763	1907	121	telefonbuch_022	PTT-Archiv, P-260-1_Basel_1907	Basel
Schleuss	Rudolf		Wallstrasse 15	Basel	2445	1907	121	telefonbuch_022	PTT-Archiv, P-260-1_Basel_1907	Basel
Schlichtholz-Schwarz	Friedr.	Spenglermeister	Rappoltshof 7	Basel	2817	1907	121	telefonbuch_022	PTT-Archiv, P-260-1_Basel_1907	Basel
Schlienger-Berlinger	Jos.		Münchensteinerstr. 126	Basel	3939	1907	121	telefonbuch_022	PTT-Archiv, P-260-1_Basel_1907	Basel
Schlienger	Hermann	Butterhandlung	Pfeffingerstrasse 100	Basel	755	1907	121	telefonbuch_022	PTT-Archiv, P-260-1_Basel_1907	Basel
Schlimme	F.	Kürschner	Gerbergasse 72	Basel	2540	1907	121	telefonbuch_022	PTT-Archiv, P-260-1_Basel_1907	Basel
Schlosser-Bendel	S. R.		Augustinergasse 13	Basel	1068	1907	121	telefonbuch_022	PTT-Archiv, P-260-1_Basel_1907	Basel
Schlosser	Hans	Dr.	Missionsstrasse 49	Basel	873	1907	122	telefonbuch_023	PTT-Archiv, P-260-1_Basel_1907	Basel
Schlosser-Hunziker	Jos.		Hammerstrasse 128	Basel	1460	1907	122	telefonbuch_023	PTT-Archiv, P-260-1_Basel_1907	Basel
Schloeth-Burckhardt	R.		Spalenvorstadt 10	Basel	2699	1907	122	telefonbuch_023	PTT-Archiv, P-260-1_Basel_1907	Basel
Schlotterbeck	C.	Bureau und Laden	Steinenring 45	Basel	1842	1907	122	telefonbuch_023	PTT-Archiv, P-260-1_Basel_1907	Basel
Derselbe			Petersgasse 28	Basel	654	1907	122	telefonbuch_023	PTT-Archiv, P-260-1_Basel_1907	Basel
Schlotterer	Wilh.	Metzger	Hägenheimstr. 8	Basel	2633	1907	122	telefonbuch_023	PTT-Archiv, P-260-1_Basel_1907	Basel
Schloz	G.	Bierdépôt Feldschlösschen	Bleicheweg 7	Basel	1238	1907	122	telefonbuch_023	PTT-Archiv, P-260-1_Basel_1907	Basel
Schlumberger-Ehinger	F.	Wwe.	St. Jakobstrasse 29	Basel	2289	1907	122	telefonbuch_023	PTT-Archiv, P-260-1_Basel_1907	Basel
Schlumberger	J.		Delsbergerallee 34	Basel	3321	1907	122	telefonbuch_023	PTT-Archiv, P-260-1_Basel_1907	Basel
Schlumberger-Le Grand	A. M.	Wwe.	Feierabendstrasse 68	Basel	3036	1907	122	telefonbuch_023	PTT-Archiv, P-260-1_Basel_1907	Basel
Schlumberger-Vischer	Ch.		St. Jakobstrasse 25	Basel	3794	1907	122	telefonbuch_023	PTT-Archiv, P-260-1_Basel_1907	Basel
Schlüsselzunft		(J. Bätschi)	Freiestrasse 25	Basel	1216	1907	122	telefonbuch_023	PTT-Archiv, P-260-1_Basel_1907	Basel
Schmid	Adolph	Papeterie	Leonhardsgraben 2	Basel	2941	1907	122	telefonbuch_023	PTT-Archiv, P-260-1_Basel_1907	Basel
Schmid	Ad.	Schreinermeister	Rebgasse 46	Basel	1145	1907	122	telefonbuch_023	PTT-Archiv, P-260-1_Basel_1907	Basel
Schmid-Bähler		Wwe., Basler Milchkuranstalt	Schönbeinstrasse 36	Basel	2592	1907	122	telefonbuch_023	PTT-Archiv, P-260-1_Basel_1907	Basel
Schmid-Ballié	J.		Engelgasse 79	Basel	3677	1907	122	telefonbuch_023	PTT-Archiv, P-260-1_Basel_1907	Basel
Schmid-Behringer	J.		Haltingerstrasse 13	Basel	3487	1907	122	telefonbuch_023	PTT-Archiv, P-260-1_Basel_1907	Basel
Schmid-Giardon	Fritz		Thiersteinerallee 19	Basel	3029	1907	122	telefonbuch_023	PTT-Archiv, P-260-1_Basel_1907	Basel
Schmid		Gebrüder	Rittergasse 33	Basel	1067	1907	122	telefonbuch_023	PTT-Archiv, P-260-1_Basel_1907	Basel
Schmid-Kistler	Ch.	Konditor	Spalenberg 55	Basel	2893	1907	122	telefonbuch_023	PTT-Archiv, P-260-1_Basel_1907	Basel
Schmid-Kopp	T.	(Hôtel de la gare)	Gartenstrasse 117	Basel	3948	1907	122	telefonbuch_023	PTT-Archiv, P-260-1_Basel_1907	Basel
Schmid-Paganini	J.	Dr.	Oetlingerstrasse 2	Basel	3206	1907	122	telefonbuch_023	PTT-Archiv, P-260-1_Basel_1907	Basel
Schmid-Recher	E.	Frau	Murtengasse 2	Basel	4076	1907	122	telefonbuch_023	PTT-Archiv, P-260-1_Basel_1907	Basel
Schmid-Rhiner	Kath.	Wwe.	Schlettstadterstr. 12	Basel	826	1907	122	telefonbuch_023	PTT-Archiv, P-260-1_Basel_1907	Basel
Schmid-Rickenbacher	T.		Ob. Rebgasse 4	Basel	270	1907	122	telefonbuch_023	PTT-Archiv, P-260-1_Basel_1907	Basel
Schmid-Roth	J.	Bäckermeister	St. Albanvorstadt 57	Basel	1823	1907	122	telefonbuch_023	PTT-Archiv, P-260-1_Basel_1907	Basel
Schmid-Rufer	F.	Bouquets- u. Kranzbinderei	Allschwilerstr. 29	Basel	2787	1907	122	telefonbuch_023	PTT-Archiv, P-260-1_Basel_1907	Basel
Schmid-Weber	Peter		Peter Merianstr. 34	Basel	3859	1907	122	telefonbuch_023	PTT-Archiv, P-260-1_Basel_1907	Basel
Schmidlin-Hottinger	Rud.	Spenglermeister	Sempacherstrasse 6	Basel	533	1907	122	telefonbuch_023	PTT-Archiv, P-260-1_Basel_1907	Basel
Schmidlin-Müller	W.		Rennweg 34	Basel	3662	1907	122	telefonbuch_023	PTT-Archiv, P-260-1_Basel_1907	Basel
Schmidlin-Rath	J.		Feierabendstrasse 9	Basel	3045	1907	122	telefonbuch_023	PTT-Archiv, P-260-1_Basel_1907	Basel
Schmidlin-VonderMühll	Bertha	Frau	Rennweg 60	Basel	244	1907	122	telefonbuch_023	PTT-Archiv, P-260-1_Basel_1907	Basel
Schmidt	A.	Tapezierer- und Möbelgeschäft	Leonhardstrasse 1	Basel	2747	1907	122	telefonbuch_023	PTT-Archiv, P-260-1_Basel_1907	Basel
Schmidt	Anton	Zahnarzt	St. Albananlage 3	Basel	937	1907	122	telefonbuch_023	PTT-Archiv, P-260-1_Basel_1907	Basel
Schmidt-Auer	Ant.	Bäcker	Horburgstrasse 89	Basel	192	1907	122	telefonbuch_023	PTT-Archiv, P-260-1_Basel_1907	Basel
Schmidt	Gustav	Spengler	Heumattstrasse 17	Basel	2236	1907	122	telefonbuch_023	PTT-Archiv, P-260-1_Basel_1907	Basel
Schmidt-Hagenbuch	Ph.		Malzgasse 18	Basel	4289	1907	122	telefonbuch_023	PTT-Archiv, P-260-1_Basel_1907	Basel
Schmidt	Kath.		Missionsstrasse 22	Basel	4539	1907	122	telefonbuch_023	PTT-Archiv, P-260-1_Basel_1907	Basel
Schmidt-Maier	Ed.		Leimenstrasse 74	Basel	559	1907	122	telefonbuch_023	PTT-Archiv, P-260-1_Basel_1907	Basel
Schmidt	Maria		Eulerstrasse 14	Basel	2520	1907	122	telefonbuch_023	PTT-Archiv, P-260-1_Basel_1907	Basel
Schmidt	Karl	Prof. Dr.	Hardstrasse 107	Basel	3576	1907	122	telefonbuch_023	PTT-Archiv, P-260-1_Basel_1907	Basel
Schmidt Söhne		Holzhandlung	Grenzacherstr. 187	Basel	3227	1907	122	telefonbuch_023	PTT-Archiv, P-260-1_Basel_1907	Basel
Schmidt & Sigrist			Freiestrasse 86	Basel	1179	1907	122	telefonbuch_023	PTT-Archiv, P-260-1_Basel_1907	Basel
Schmidt & Staehelin			Freiestrasse 42	Basel	2831	1907	122	telefonbuch_023	PTT-Archiv, P-260-1_Basel_1907	Basel
Schmidt-Widmann	Georg		St. Johannring 12	Basel	24	1907	122	telefonbuch_023	PTT-Archiv, P-260-1_Basel_1907	Basel
Schmidtmann	E. C.	Verlagsbuchhandlg., Harmoniumlager	Gundeldingerstr. 434	Basel	741	1907	122	telefonbuch_023	PTT-Archiv, P-260-1_Basel_1907	Basel
Schmitt	Eug.	Architekt	Kannenfeldstr. 56	Basel	986	1907	122	telefonbuch_023	PTT-Archiv, P-260-1_Basel_1907	Basel
Schmitt-Mannok	B.	Frau, Wäscherei u. Glätterei	Kolmarerstrasse 38	Basel	821	1907	122	telefonbuch_023	PTT-Archiv, P-260-1_Basel_1907	Basel
Schmitz	R.	Ingenieur	Bahnhofstrasse 7	Basel	3611	1907	122	telefonbuch_023	PTT-Archiv, P-260-1_Basel_1907	Basel
Schmoll		fils & Cie.	Eulerstrasse 85	Basel	2653	1907	123	telefonbuch_024	PTT-Archiv, P-260-1_Basel_1907	Basel
Schmoll	Sylvain	fils	Schützengraben 5	Basel	3375	1907	123	telefonbuch_024	PTT-Archiv, P-260-1_Basel_1907	Basel
Schmoll-Hartmann	M.	Wwe.	Münchensteinerstr. 130	Basel	2780	1907	123	telefonbuch_024	PTT-Archiv, P-260-1_Basel_1907	Basel
Schmoll & Co.		Bureau	b. St. Johannbahnhof	Basel	295	1907	123	telefonbuch_024	PTT-Archiv, P-260-1_Basel_1907	Basel
Schmoll & Co.		Bureau	Schützengraben 24	Basel	2985	1907	123	telefonbuch_024	PTT-Archiv, P-260-1_Basel_1907	Basel
Schmutz	Adolf	Bäckermeister	Pfeffingerstrasse 38	Basel	3884	1907	123	telefonbuch_024	PTT-Archiv, P-260-1_Basel_1907	Basel
Schneebeli	Conrad		Elisabethenstr. 54	Basel	2235	1907	123	telefonbuch_024	PTT-Archiv, P-260-1_Basel_1907	Basel
Schneeberger	Hans	& Co.	Gerbergasse 16	Basel	1404	1907	123	telefonbuch_024	PTT-Archiv, P-260-1_Basel_1907	Basel
Schneider-Degen	David	Elektriker	Sperrstrasse 37	Basel	1149	1907	123	telefonbuch_024	PTT-Archiv, P-260-1_Basel_1907	Basel
Schneider	Emil	Antiquar	Steinenberg 1	Basel	2016	1907	123	telefonbuch_024	PTT-Archiv, P-260-1_Basel_1907	Basel
Schneider	Erhard	& Cie.	Totentanz 17/18	Basel	1392	1907	123	telefonbuch_024	PTT-Archiv, P-260-1_Basel_1907	Basel
Schneider	Erhard	& Cie.	Bad. Güterbahnhof	Basel	4420	1907	123	telefonbuch_024	PTT-Archiv, P-260-1_Basel_1907	Basel
Schneider	Ernst	Droguerie	Feldbergstrasse 86	Basel	3348	1907	123	telefonbuch_024	PTT-Archiv, P-260-1_Basel_1907	Basel
Schneider	Ferd.	Tapezierer und Dekorationsgeschäft	Austrasse 44	Basel	2945	1907	123	telefonbuch_024	PTT-Archiv, P-260-1_Basel_1907	Basel
Schneider-Fininger	E.		Leimenstrasse 56	Basel	2930	1907	123	telefonbuch_024	PTT-Archiv, P-260-1_Basel_1907	Basel
Schneider-Gengenbacher	E.	Bäckerei u. Conditorei	Clarastrasse 23	Basel	3627	1907	123	telefonbuch_024	PTT-Archiv, P-260-1_Basel_1907	Basel
Schneider	Hermann	Putz- und Blumengeschäft	Hammerstrasse 130	Basel	3404	1907	123	telefonbuch_024	PTT-Archiv, P-260-1_Basel_1907	Basel
Schneider	Jakob	Metzgermeister	Bärschwilerstr. 8	Basel	4181	1907	123	telefonbuch_024	PTT-Archiv, P-260-1_Basel_1907	Basel
Schneider	J. J.	Tapezierer	St. Johannvorst. 44	Basel	1277	1907	123	telefonbuch_024	PTT-Archiv, P-260-1_Basel_1907	Basel
Schneider	Karl	Dr. med.	Leimenstrasse 72	Basel	653	1907	123	telefonbuch_024	PTT-Archiv, P-260-1_Basel_1907	Basel
Schneider-Merian	Fritz		Friedensgasse 63	Basel	1441	1907	123	telefonbuch_024	PTT-Archiv, P-260-1_Basel_1907	Basel
Schneider-Mouturat	Jacques	Weinhandlung	Thannerstrasse 80	Basel	284	1907	123	telefonbuch_024	PTT-Archiv, P-260-1_Basel_1907	Basel
Schneider-Rühlin	Marg.	Frau	Feierabendstrasse 7	Basel	2435	1907	123	telefonbuch_024	PTT-Archiv, P-260-1_Basel_1907	Basel
Schneider-Wiedmann	Rud.	Tapezierer	Ob. Heuberg 4	Basel	725	1907	123	telefonbuch_024	PTT-Archiv, P-260-1_Basel_1907	Basel
Schneider	Wilh.	Kunst- und Handelsgärtner	Lothringerstrasse 30	Basel	1623	1907	123	telefonbuch_024	PTT-Archiv, P-260-1_Basel_1907	Basel
Schneider & Schmid		Schreinerei	Davidsbodenstr. 32	Basel	4489	1907	123	telefonbuch_024	PTT-Archiv, P-260-1_Basel_1907	Basel
Schneller	Marie	Wwe., Spezereihandlung	St. Albanthal 26	Basel	2971	1907	123	telefonbuch_024	PTT-Archiv, P-260-1_Basel_1907	Basel
Schneller	Jak.	elektrotechn. Installationsgesch.	St. Albanthal 26	Basel	2971	1907	123	telefonbuch_024	PTT-Archiv, P-260-1_Basel_1907	Basel
Schnetzler	Adolf	Baugesch., vorm. Tschaggeny	Bahnhofstrasse 95	Basel	3436	1907	123	telefonbuch_024	PTT-Archiv, P-260-1_Basel_1907	Basel
Schnetzler	J.	Wwe.	Petersgraben 7	Basel	1683	1907	123	telefonbuch_024	PTT-Archiv, P-260-1_Basel_1907	Basel
Schnider-Bloch	K.	Wwe., Fuhrhalterei	Mattweg 37	Basel	384	1907	123	telefonbuch_024	PTT-Archiv, P-260-1_Basel_1907	Basel
Schnurr	Georg	Maurermeister	Breisacherstrasse 54	Basel	3213	1907	123	telefonbuch_024	PTT-Archiv, P-260-1_Basel_1907	Basel
Schoeberlein-Brupbacher	Joh.		Sulzerstrasse 12	Basel	767	1907	123	telefonbuch_024	PTT-Archiv, P-260-1_Basel_1907	Basel
Schoch	Ernst	Bureau	Gerbergasse 12	Basel	1490	1907	123	telefonbuch_024	PTT-Archiv, P-260-1_Basel_1907	Basel
Schoch	Ernst	Bureau	Gerbergasse 12	Basel	1582	1907	123	telefonbuch_024	PTT-Archiv, P-260-1_Basel_1907	Basel
Schoch	Ernst	Magazin	Elsässerstrasse 174	Basel	726	1907	123	telefonbuch_024	PTT-Archiv, P-260-1_Basel_1907	Basel
Schoch	Ernst		Elsässerstrasse 174	Basel	3235	1907	123	telefonbuch_024	PTT-Archiv, P-260-1_Basel_1907	Basel
Schoch	M.	Südfrüchtehandlung	Steinenbachgässl. 36	Basel	1975	1907	123	telefonbuch_024	PTT-Archiv, P-260-1_Basel_1907	Basel
Scholer	E.		Clarastrasse 1	Basel	39	1907	123	telefonbuch_024	PTT-Archiv, P-260-1_Basel_1907	Basel
Scholer-Schiesser	Alb.	Landschaftsgärtner	Burgfelderstrasse 6	Basel	2720	1907	123	telefonbuch_024	PTT-Archiv, P-260-1_Basel_1907	Basel
Scholer-Zandt	Theodor		Birsigstrasse 8	Basel	2438	1907	123	telefonbuch_024	PTT-Archiv, P-260-1_Basel_1907	Basel
Schöllkopf	Chs.		Austrasse 102	Basel	2264	1907	123	telefonbuch_024	PTT-Archiv, P-260-1_Basel_1907	Basel
Schönauer	Otto		Langegasse 35	Basel	3674	1907	123	telefonbuch_024	PTT-Archiv, P-260-1_Basel_1907	Basel
Schöneberger	Wm.	Annoncenexpedition	Dornacherstrasse 56	Basel	499	1907	123	telefonbuch_024	PTT-Archiv, P-260-1_Basel_1907	Basel
Schönenberger	J.	Konditorei	Zürcherstrasse 109	Basel	674	1907	123	telefonbuch_024	PTT-Archiv, P-260-1_Basel_1907	Basel
Schöneck-Schæfer	G.	Konditor	Bahnhofstrasse 21	Basel	3472	1907	123	telefonbuch_024	PTT-Archiv, P-260-1_Basel_1907	Basel
Schönholzer	Joh.	Bäckermeister	Zürcherstrasse 91	Basel	355	1907	123	telefonbuch_024	PTT-Archiv, P-260-1_Basel_1907	Basel
Schönholzer & Brenner			Freiestrasse 65	Basel	1069	1907	123	telefonbuch_024	PTT-Archiv, P-260-1_Basel_1907	Basel
Schonlau		Gebrüder	Clarastrasse 21	Basel	1360	1907	123	telefonbuch_024	PTT-Archiv, P-260-1_Basel_1907	Basel
Schöntag	Jakob	Restaurateur	St. Johannvorst. 71	Basel	469	1907	124	telefonbuch_025	PTT-Archiv, P-260-1_Basel_1907	Basel
Schopfer	G. H.	Tapeten und Linoleum	Ob. Rheinweg 93	Basel	1749	1907	124	telefonbuch_025	PTT-Archiv, P-260-1_Basel_1907	Basel
Schrameck-Brunschwig	Abraham		Burgfelderstrasse 5	Basel	2591	1907	124	telefonbuch_025	PTT-Archiv, P-260-1_Basel_1907	Basel
Schrameck-Meyer	K.	Wwe.	Gundoldingerstr. 111	Basel	2724	1907	124	telefonbuch_025	PTT-Archiv, P-260-1_Basel_1907	Basel
Schrameck-Ullmann	R.	Wwe.	Schützengraben 35	Basel	847	1907	124	telefonbuch_025	PTT-Archiv, P-260-1_Basel_1907	Basel
Schrämli-Bucher	A.	Hôtel Euler	Centralbahnplatz 14	Basel	2241	1907	124	telefonbuch_025	PTT-Archiv, P-260-1_Basel_1907	Basel
Schreiber-Jäggi	H.	Direktor der Kap. Schreiber	Feldbergstrasse 124	Basel	3433	1907	124	telefonbuch_025	PTT-Archiv, P-260-1_Basel_1907	Basel
Schreibmaschinengeschäft Burri-Thommen			Oberer Heuberg 17	Basel	3417	1907	124	telefonbuch_025	PTT-Archiv, P-260-1_Basel_1907	Basel
Schreibmaschinen Underwood	H. Huber		Falknerstrasse 2	Basel	87	1907	124	telefonbuch_025	PTT-Archiv, P-260-1_Basel_1907	Basel
Schreibstube für Arbeitslose			Rheinsprung 21	Basel	1055	1907	124	telefonbuch_025	PTT-Archiv, P-260-1_Basel_1907	Basel
Schreiter-Bauer	R.	Schuhmagazin zum Fuchs	Steinenvorst. 29/31	Basel	2370	1907	124	telefonbuch_025	PTT-Archiv, P-260-1_Basel_1907	Basel
Schubarth	A.		Dornacherstr. 112	Basel	4009	1907	124	telefonbuch_025	PTT-Archiv, P-260-1_Basel_1907	Basel
Schuhmacher	Louis	Wirt	Riehenstrasse 106	Basel	3853	1907	124	telefonbuch_025	PTT-Archiv, P-260-1_Basel_1907	Basel
Allgemeine Gewerbeschule			Petersgraben 52	Basel	2644	1907	124	telefonbuch_025	PTT-Archiv, P-260-1_Basel_1907	Basel
Bläsischulhaus			Bläsiringweg 110	Basel	3369	1907	124	telefonbuch_025	PTT-Archiv, P-260-1_Basel_1907	Basel
Drei Rosen - Schulhaus			Zähringerstrasse 30	Basel	3292	1907	124	telefonbuch_025	PTT-Archiv, P-260-1_Basel_1907	Basel
Gotthelfschoolhaus			Gotthelfplatz	Basel	229	1907	124	telefonbuch_025	PTT-Archiv, P-260-1_Basel_1907	Basel
Gundoldingerschulhaus			Sempacherstrasse 60	Basel	4022	1907	124	telefonbuch_025	PTT-Archiv, P-260-1_Basel_1907	Basel
Klaraschulhaus			Klaragraben 59	Basel	3638	1907	124	telefonbuch_025	PTT-Archiv, P-260-1_Basel_1907	Basel
Kleinhüningerschule			Kleinhüningen	Basel	362	1907	124	telefonbuch_025	PTT-Archiv, P-260-1_Basel_1907	Basel
zur Mücke		Knabensekundarschule	Münsterplatz 18	Basel	1092	1907	124	telefonbuch_025	PTT-Archiv, P-260-1_Basel_1907	Basel
Obere Realschule		Rektorat	DeWettstrasse	Basel	1121	1907	124	telefonbuch_025	PTT-Archiv, P-260-1_Basel_1907	Basel
Pestalozzischulhaus		Knaben-Sek.-Schule	St. Johannplatz 9	Basel	1666	1907	124	telefonbuch_025	PTT-Archiv, P-260-1_Basel_1907	Basel
Petersschulhaus			Nadelberg 2	Basel	252	1907	124	telefonbuch_025	PTT-Archiv, P-260-1_Basel_1907	Basel
Rheinschule			Unt. Rheinweg 160	Basel	1078	1907	124	telefonbuch_025	PTT-Archiv, P-260-1_Basel_1907	Basel
Rosenthalschulhaus			Isteinerstrasse 10	Basel	3645	1907	124	telefonbuch_025	PTT-Archiv, P-260-1_Basel_1907	Basel
St. Johannschulhaus			Pestalozzistr. 10	Basel	1535	1907	124	telefonbuch_025	PTT-Archiv, P-260-1_Basel_1907	Basel
St. Leonhardsschulhaus			Kanonengasse 1	Basel	2082	1907	124	telefonbuch_025	PTT-Archiv, P-260-1_Basel_1907	Basel
Sevogelschulhaus			Sevogelstrasse 61	Basel	3970	1907	124	telefonbuch_025	PTT-Archiv, P-260-1_Basel_1907	Basel
Spalenschulhaus			Schützengraben 42	Basel	4165	1907	124	telefonbuch_025	PTT-Archiv, P-260-1_Basel_1907	Basel
Steinenschulhaus			Theaterstrasse 5	Basel	2137	1907	124	telefonbuch_025	PTT-Archiv, P-260-1_Basel_1907	Basel
Steinenschulhaus		Abwart	Theaterstrasse 5	Basel	1788	1907	124	telefonbuch_025	PTT-Archiv, P-260-1_Basel_1907	Basel
Theodorsschulhaus			Theodorskirchplatz 3	Basel	4179	1907	124	telefonbuch_025	PTT-Archiv, P-260-1_Basel_1907	Basel
Thomas Platter - Schulhaus			Claragraben 40	Basel	656	1907	124	telefonbuch_025	PTT-Archiv, P-260-1_Basel_1907	Basel
Töchterschule			Kanonengasse 10	Basel	3064	1907	124	telefonbuch_025	PTT-Archiv, P-260-1_Basel_1907	Basel
Untere Realschule		Rektorat	Rittergasse 4	Basel	1759	1907	124	telefonbuch_025	PTT-Archiv, P-260-1_Basel_1907	Basel
Wettsteinschulhaus		Knaben-Sek.-Schule	Clarahofweg 4	Basel	3807	1907	124	telefonbuch_025	PTT-Archiv, P-260-1_Basel_1907	Basel
Schuller	Jean	Sattlermeister	Spalenvorstadt 25	Basel	1593	1907	124	telefonbuch_025	PTT-Archiv, P-260-1_Basel_1907	Basel
Schulthess	Dr. C. O.	Zahnarzt	Leonhardstrasse 23	Basel	3050	1907	124	telefonbuch_025	PTT-Archiv, P-260-1_Basel_1907	Basel
Schulthess	F.	Tapezierer	Aeschenvorstadt 34	Basel	1896	1907	124	telefonbuch_025	PTT-Archiv, P-260-1_Basel_1907	Basel
Schulthess	F.	Wohnung	Gundoldingerstr. 394	Basel	2000	1907	124	telefonbuch_025	PTT-Archiv, P-260-1_Basel_1907	Basel
Schulthess	F.	Werkstätte	Ackerstrasse 28	Basel	4482	1907	124	telefonbuch_025	PTT-Archiv, P-260-1_Basel_1907	Basel
Schulthess & Co.			Steinenthorstrasse 20	Basel	2266	1907	124	telefonbuch_025	PTT-Archiv, P-260-1_Basel_1907	Basel
Schulz-Lutz	Karl	Metzgermeister	Maulbeerweg 8	Basel	1004	1907	124	telefonbuch_025	PTT-Archiv, P-260-1_Basel_1907	Basel
Schumacher	Dr. F.		Steinenthörberg 2	Basel	2492	1907	124	telefonbuch_025	PTT-Archiv, P-260-1_Basel_1907	Basel
Schütt	F.	Wwe., Marchand-tailleur	Eisengasse 11	Basel	1317	1907	124	telefonbuch_025	PTT-Archiv, P-260-1_Basel_1907	Basel
Schützenhaus		(J. Ries-Welti)	Schützenmattstr. 56	Basel	2999	1907	125	telefonbuch_026	PTT-Archiv, P-260-1_Basel_1907	Basel
Schützenpark		Wirtschaft	Blauenstrasse 90	Basel	1112	1907	125	telefonbuch_026	PTT-Archiv, P-260-1_Basel_1907	Basel
Schwabe	Benno	Sortiment	Schwanengasse 2	Basel	2213	1907	125	telefonbuch_026	PTT-Archiv, P-260-1_Basel_1907	Basel
Schwabe-Hegar	Hugo		Elisabethenstr. 43	Basel	2123	1907	125	telefonbuch_026	PTT-Archiv, P-260-1_Basel_1907	Basel
Schwartz-Köchlin	O.		Engelgasse 65	Basel	4055	1907	125	telefonbuch_026	PTT-Archiv, P-260-1_Basel_1907	Basel
Schwartz	Oskar	Bureau	Freiestrasse 107	Basel	2931	1907	125	telefonbuch_026	PTT-Archiv, P-260-1_Basel_1907	Basel
Schwarz-Keller	Ed.	Ingenieur	Byfangweg 2	Basel	138	1907	125	telefonbuch_026	PTT-Archiv, P-260-1_Basel_1907	Basel
Schwarz-Müller	A.	Baugeschäft	St. Albanvorst. 104	Basel	4278	1907	125	telefonbuch_026	PTT-Archiv, P-260-1_Basel_1907	Basel
Schwarz	Rud.	Zahnarzt	Hutgasse 1	Basel	2559	1907	125	telefonbuch_026	PTT-Archiv, P-260-1_Basel_1907	Basel
Schwarz-Suter	Joh.	Baugeschäft	Socinstrasse 7	Basel	2574	1907	125	telefonbuch_026	PTT-Archiv, P-260-1_Basel_1907	Basel
Schwarz	Theodor	elektr. Installationsgesch.	Aeschengraben 8	Basel	2078	1907	125	telefonbuch_026	PTT-Archiv, P-260-1_Basel_1907	Basel
Schwarz	Theodor	Wohnung	Kanonengasse 13	Basel	4317	1907	125	telefonbuch_026	PTT-Archiv, P-260-1_Basel_1907	Basel
Schwarzer-Meyer	E.	Wwe.	Burgunderstrasse 9	Basel	2912	1907	125	telefonbuch_026	PTT-Archiv, P-260-1_Basel_1907	Basel
Schweitzer	Hans		Freiestrasse 89	Basel	423	1907	125	telefonbuch_026	PTT-Archiv, P-260-1_Basel_1907	Basel
Schweitzer	J. B.		Ahornstrasse 33	Basel	4444	1907	125	telefonbuch_026	PTT-Archiv, P-260-1_Basel_1907	Basel
Schweizer	Heinrich		Rebgasse 70	Basel	4214	1907	125	telefonbuch_026	PTT-Archiv, P-260-1_Basel_1907	Basel
Schweizer-Hosslin	Wilh.	Gerbstoff- und Lederhandlung	Petersgasse 17	Basel	1658	1907	125	telefonbuch_026	PTT-Archiv, P-260-1_Basel_1907	Basel
Schweizer	R.	& Sohn, Maler	Grellingerstrasse 11	Basel	3605	1907	125	telefonbuch_026	PTT-Archiv, P-260-1_Basel_1907	Basel
Schweizer	Rudolf	Traiteur	Freiestrasse 87	Basel	1938	1907	125	telefonbuch_026	PTT-Archiv, P-260-1_Basel_1907	Basel
Schweizer	Samuel	Schlosserei u. Kochherdfabr.	Petersgasse 23	Basel	1673	1907	125	telefonbuch_026	PTT-Archiv, P-260-1_Basel_1907	Basel
Schweizer-Suter	Rud.	Md.-Tailleur	Weissegasse 15	Basel	610	1907	125	telefonbuch_026	PTT-Archiv, P-260-1_Basel_1907	Basel
Schweizer-Troesch	Herm.		Kannenfeldstr. 20	Basel	85	1907	125	telefonbuch_026	PTT-Archiv, P-260-1_Basel_1907	Basel
Schweiz. Bretzel- und Zwiebackfabrik		Ch. Singer	Clarastrasse 13	Basel	3480	1907	125	telefonbuch_026	PTT-Archiv, P-260-1_Basel_1907	Basel
Schweiz. Briket-Import-Gesellschaft			Aeschengraben 8	Basel	1682	1907	125	telefonbuch_026	PTT-Archiv, P-260-1_Basel_1907	Basel
Schweizerische Bundesbahnen		Kreisdirektion II, Allgemeine Verwaltung, Finanz- und Rechtsdepartement	Spiesshof, Ob. Heuberg 7	Basel	2770	1907	125	telefonbuch_026	PTT-Archiv, P-260-1_Basel_1907	Basel
Schweizerische Bundesbahnen		Kreisdirektion II, Betriebsdepartement	Leonhardsgraben 36	Basel	2865	1907	125	telefonbuch_026	PTT-Archiv, P-260-1_Basel_1907	Basel
Schweizerische Bundesbahnen		Kreisdirektion II, Baudepartement und Obering. f. d. Bahnbau u. Unterhalt	Leimenstrasse 2	Basel	245	1907	125	telefonbuch_026	PTT-Archiv, P-260-1_Basel_1907	Basel
Schweizerische Bundesbahnen		Materialverwaltung	Güterstrasse 109	Basel	2778	1907	125	telefonbuch_026	PTT-Archiv, P-260-1_Basel_1907	Basel
Schweizerische Bundesbahnen		Rechtsbureau	Spiesshof, Ob. Heuberg 7	Basel	3098	1907	125	telefonbuch_026	PTT-Archiv, P-260-1_Basel_1907	Basel
Schweizerische Bundesbahnen		Tarifbeamter	Ob. Heuberg 16	Basel	2887	1907	125	telefonbuch_026	PTT-Archiv, P-260-1_Basel_1907	Basel
Schweizerische Bundesbahnen		Bureau des Bahningenieurs	Bahnhof S. B. B.	Basel	2465	1907	125	telefonbuch_026	PTT-Archiv, P-260-1_Basel_1907	Basel
Schweizerische Bundesbahnen		Depotchef, Bureau	Nauenstrasse 180	Basel	1032	1907	125	telefonbuch_026	PTT-Archiv, P-260-1_Basel_1907	Basel
Schweizerische Bundesbahnen		Obermaschineningenieur, Bureau	Ob. Heuberg 16	Basel	3390	1907	125	telefonbuch_026	PTT-Archiv, P-260-1_Basel_1907	Basel
Schweizerische Bundesbahnen		Bahnhofumbau, Baubureau	Wallstrasse 19	Basel	1545	1907	125	telefonbuch_026	PTT-Archiv, P-260-1_Basel_1907	Basel
Schweiz. Concert-Bureau			Falknerstrasse 2	Basel	4419	1907	125	telefonbuch_026	PTT-Archiv, P-260-1_Basel_1907	Basel
Schweiz. Darmproduktions- und Handelsgesellschaft A.-G.			Mülhauserstrasse 49	Basel	1736	1907	125	telefonbuch_026	PTT-Archiv, P-260-1_Basel_1907	Basel
Schweiz. Depeschenagentur		Deutsches Bureau	St. Jakobstrasse 11	Basel	1295	1907	125	telefonbuch_026	PTT-Archiv, P-260-1_Basel_1907	Basel
Schweiz. Depeschenagentur		Deutsches Bureau	St. Jakobstrasse 11	Basel	1262	1907	125	telefonbuch_026	PTT-Archiv, P-260-1_Basel_1907	Basel
Schweiz. Depeschenagentur		Deutsches Bureau	St. Jakobstrasse 11	Basel	1296	1907	125	telefonbuch_026	PTT-Archiv, P-260-1_Basel_1907	Basel
Schweiz. Depeschenagentur		Französisches Bureau	St. Jakobstrasse 11	Basel	640	1907	125	telefonbuch_026	PTT-Archiv, P-260-1_Basel_1907	Basel
Schweiz. Depeschenagentur		Französisches Bureau	St. Jakobstrasse 11	Basel	641	1907	125	telefonbuch_026	PTT-Archiv, P-260-1_Basel_1907	Basel
Schweiz. Depeschenagentur		Französisches Bureau	St. Jakobstrasse 11	Basel	637	1907	125	telefonbuch_026	PTT-Archiv, P-260-1_Basel_1907	Basel
Schweiz. Depeschenagentur		Bureauchef	St. Jakobstrasse 11	Basel	1294	1907	125	telefonbuch_026	PTT-Archiv, P-260-1_Basel_1907	Basel
Schweiz. Fischereigesellschaft Nordsee			Streitgasse 11	Basel	525	1907	125	telefonbuch_026	PTT-Archiv, P-260-1_Basel_1907	Basel
Schweizer. Gesellschaft für elektrische Industrie			Freiestrasse 96	Basel	2039	1907	126	telefonbuch_027	PTT-Archiv, P-260-1_Basel_1907	Basel
Schweiz. Holzarbeiterverband			Ob. Rebgasse 52	Basel	494	1907	126	telefonbuch_027	PTT-Archiv, P-260-1_Basel_1907	Basel
Schweiz. Israelitisches Waisenhaus			Gotthelfstrasse 98	Basel	230	1907	126	telefonbuch_027	PTT-Archiv, P-260-1_Basel_1907	Basel
Schweiz. Kaffee-Versandt Helvetia	E.	Jakubowitsch	Steinenthorstr. 25	Basel	1739	1907	126	telefonbuch_027	PTT-Archiv, P-260-1_Basel_1907	Basel
Schweiz. Kaufmännischer Verein		Stellenvermittlg.	Gerbergasse 24	Basel	4417	1907	126	telefonbuch_027	PTT-Archiv, P-260-1_Basel_1907	Basel
Schweiz. Kreditanstalt			Freiestrasse 109	Basel	2080	1907	126	telefonbuch_027	PTT-Archiv, P-260-1_Basel_1907	Basel
Dieselbe			Freiestrasse 109	Basel	4229	1907	126	telefonbuch_027	PTT-Archiv, P-260-1_Basel_1907	Basel
Dieselbe			Freiestrasse 109	Basel	341	1907	126	telefonbuch_027	PTT-Archiv, P-260-1_Basel_1907	Basel
Dieselbe		Börse	Postgebäude	Basel	3173	1907	126	telefonbuch_027	PTT-Archiv, P-260-1_Basel_1907	Basel
Dieselbe		Börse	Postgebäude	Basel	115	1907	126	telefonbuch_027	PTT-Archiv, P-260-1_Basel_1907	Basel
Schweiz. Lebensversicherungsverein			Winkelriedplatz 12	Basel	2141	1907	126	telefonbuch_027	PTT-Archiv, P-260-1_Basel_1907	Basel
Schweiz. Metallurgische Gesellschaft			Rümelinbachweg 10	Basel	1829	1907	126	telefonbuch_027	PTT-Archiv, P-260-1_Basel_1907	Basel
Schweiz. Nähmaschinenfabrik Luzern		Filiale	Kohlenberg 7	Basel	410	1907	126	telefonbuch_027	PTT-Archiv, P-260-1_Basel_1907	Basel
Schweiz. National-Versicherungs-Gesellschaft			Steinengraben 39	Basel	1921	1907	126	telefonbuch_027	PTT-Archiv, P-260-1_Basel_1907	Basel
Schweiz. Obst-Export-Gesellschaft			Socinstrasse 35	Basel	2702	1907	126	telefonbuch_027	PTT-Archiv, P-260-1_Basel_1907	Basel
Schweiz. Oel-Import-Haus	A.	Kælin	Freiburgerstrasse 13	Basel	4035	1907	126	telefonbuch_027	PTT-Archiv, P-260-1_Basel_1907	Basel
Schweiz. Petroleum-Handel-Gesellschaft			Tellstrasse 11	Basel	3984	1907	126	telefonbuch_027	PTT-Archiv, P-260-1_Basel_1907	Basel
Schweiz. Sterbe- und Alterskasse			Kaufhausgasse 3	Basel	1960	1907	126	telefonbuch_027	PTT-Archiv, P-260-1_Basel_1907	Basel
Schweiz. Treuhand-Gesellschaft			Aeschenvorstadt 72	Basel	647	1907	126	telefonbuch_027	PTT-Archiv, P-260-1_Basel_1907	Basel
Schweiz. Verlagsdruckerei		G. Böhm	Leonhardstrasse 10	Basel	2511	1907	126	telefonbuch_027	PTT-Archiv, P-260-1_Basel_1907	Basel
Schweizerische Volksbank			Gerbergasse 36	Basel	3028	1907	126	telefonbuch_027	PTT-Archiv, P-260-1_Basel_1907	Basel
Schweiz. Werkzeug-Industriegesellschaft Katz & Co			Freiestrasse 103	Basel	657	1907	126	telefonbuch_027	PTT-Archiv, P-260-1_Basel_1907	Basel
Schwendt-Eschbaecher	A.	Dr.	Leimenstrasse 43	Basel	2951	1907	126	telefonbuch_027	PTT-Archiv, P-260-1_Basel_1907	Basel
Schwere-Erne	F.	Wirt	Solothurnerstr. 37	Basel	3898	1907	126	telefonbuch_027	PTT-Archiv, P-260-1_Basel_1907	Basel
Schwob-Halff	B.	Wwe.	Leonhardsstrasse 32	Basel	1061	1907	126	telefonbuch_027	PTT-Archiv, P-260-1_Basel_1907	Basel
Schwob	Paul	Schuhwaren	Hutgasse 19	Basel	834	1907	126	telefonbuch_027	PTT-Archiv, P-260-1_Basel_1907	Basel
Seckinger-Stump	E.	Wwe.	Güterstrasse 75	Basel	1731	1907	126	telefonbuch_027	PTT-Archiv, P-260-1_Basel_1907	Basel
Seeber-Gysin	Fr.	Schreinermstr., Sargmagazin	Petersgasse 9	Basel	817	1907	126	telefonbuch_027	PTT-Archiv, P-260-1_Basel_1907	Basel
Segretariato Operaio Italiano			Rümelinbachweg 14	Basel	915	1907	126	telefonbuch_027	PTT-Archiv, P-260-1_Basel_1907	Basel
Seiberth	Jean		Freiestrasse 74	Basel	1941	1907	126	telefonbuch_027	PTT-Archiv, P-260-1_Basel_1907	Basel
Seidenhaus Hoch		vorm. Aug. Tobler	Stadthausgasse 24	Basel	2117	1907	126	telefonbuch_027	PTT-Archiv, P-260-1_Basel_1907	Basel
Seidentrocknungsanstalt Basel		Trocknungsanstalt	Kirschgartenstr 1	Basel	2414	1907	126	telefonbuch_027	PTT-Archiv, P-260-1_Basel_1907	Basel
Seidentrocknungsanstalt Basel		Titrieranstalt	Kirschgartenstr 1	Basel	2413	1907	126	telefonbuch_027	PTT-Archiv, P-260-1_Basel_1907	Basel
Seiffert-Dill	F.		Freiestrasse 77	Basel	1876	1907	126	telefonbuch_027	PTT-Archiv, P-260-1_Basel_1907	Basel
Seiffert	Gust.	Rümelinsmühle	Rümelinsplatz 1	Basel	2875	1907	126	telefonbuch_027	PTT-Archiv, P-260-1_Basel_1907	Basel
Seiffert-Jenny	J.	Wirt	Tellstrasse 13	Basel	1997	1907	126	telefonbuch_027	PTT-Archiv, P-260-1_Basel_1907	Basel
Seiler-Bähler	Fritz	Metzger	Rheingasse 3	Basel	1259	1907	126	telefonbuch_027	PTT-Archiv, P-260-1_Basel_1907	Basel
Seiler	Charles		Marktplatz 14	Basel	1323	1907	126	telefonbuch_027	PTT-Archiv, P-260-1_Basel_1907	Basel
Seiler-Hauser	D.	Frau	Gellertstrasse 5	Basel	4104	1907	126	telefonbuch_027	PTT-Archiv, P-260-1_Basel_1907	Basel
Seiler	Jean	Gummiwaren	Clarastrasse 5	Basel	3454	1907	126	telefonbuch_027	PTT-Archiv, P-260-1_Basel_1907	Basel
Seiler-Jess	Ed.	Tierarzt	Claragraben 21	Basel	1213	1907	126	telefonbuch_027	PTT-Archiv, P-260-1_Basel_1907	Basel
Seiler-LaRoche	E.		Angensteinerstr. 26	Basel	3597	1907	126	telefonbuch_027	PTT-Archiv, P-260-1_Basel_1907	Basel
Seiler-Schelling	Emil		Pfeffingerstrasse 46	Basel	3877	1907	126	telefonbuch_027	PTT-Archiv, P-260-1_Basel_1907	Basel
Seiler & Co.			Aeschengraben 25	Basel	1828	1907	126	telefonbuch_027	PTT-Archiv, P-260-1_Basel_1907	Basel
Dieselben			St. Albanvorstadt 80	Basel	1412	1907	126	telefonbuch_027	PTT-Archiv, P-260-1_Basel_1907	Basel
Seiler-Wirz		Café-Restaurant Central	Leonhardsgraben 1	Basel	2716	1907	126	telefonbuch_027	PTT-Archiv, P-260-1_Basel_1907	Basel
Sekretariat der Regenz		Prof. Wendland	Palmenstrasse 1	Basel	630	1907	126	telefonbuch_027	PTT-Archiv, P-260-1_Basel_1907	Basel
Seligmann	G.	vorm. A. Mandowsky	Marktplatz 4	Basel	2464	1907	126	telefonbuch_027	PTT-Archiv, P-260-1_Basel_1907	Basel
Selinger-Hipp	G.	Coiffeur	Aeschenvorstadt 58	Basel	3439	1907	127	telefonbuch_028	PTT-Archiv, P-260-1_Basel_1907	Basel
Selinger-Rieder	St.	Chirurg und Fussarzt	Hardstrasse 97	Basel	2084	1907	127	telefonbuch_028	PTT-Archiv, P-260-1_Basel_1907	Basel
Senft	E.		Lindenberg 17	Basel	3253	1907	127	telefonbuch_028	PTT-Archiv, P-260-1_Basel_1907	Basel
Senglet	Arnold		Leonhardsberg 1	Basel	2767	1907	127	telefonbuch_028	PTT-Archiv, P-260-1_Basel_1907	Basel
Senglet	F. & A.	& Co.	Gerbergasse 4	Basel	1608	1907	127	telefonbuch_028	PTT-Archiv, P-260-1_Basel_1907	Basel
Senn-Beier	Jakob	Milch- und Spezereihandlg.	Markgräflerstr. 70	Basel	539	1907	127	telefonbuch_028	PTT-Archiv, P-260-1_Basel_1907	Basel
Senn	Emil	Uhrenhandlung	Gerbergasse 31	Basel	2407	1907	127	telefonbuch_028	PTT-Archiv, P-260-1_Basel_1907	Basel
Senn	Emil	(E. Senn-Bürgin)	Byfangweg 35	Basel	3076	1907	127	telefonbuch_028	PTT-Archiv, P-260-1_Basel_1907	Basel
Senn	Carl	Nachf. v. Wwe. Siegfr. Merian & Sohn	Herbergsgasse 1	Basel	1678	1907	127	telefonbuch_028	PTT-Archiv, P-260-1_Basel_1907	Basel
Senn-Gruner	O.		Schützenmattstr. 35	Basel	2892	1907	127	telefonbuch_028	PTT-Archiv, P-260-1_Basel_1907	Basel
Senn-Otto	Fr.		Grellingerstrasse 12	Basel	4204	1907	127	telefonbuch_028	PTT-Archiv, P-260-1_Basel_1907	Basel
Senn-Simmoth	L.	Frau	Socinstrasse 16	Basel	2565	1907	127	telefonbuch_028	PTT-Archiv, P-260-1_Basel_1907	Basel
Senn-Trümpy	C.		Herbergsgasse 1	Basel	4126	1907	127	telefonbuch_028	PTT-Archiv, P-260-1_Basel_1907	Basel
Senn		& Co.	St. Johannvorst. 17	Basel	1367	1907	127	telefonbuch_028	PTT-Archiv, P-260-1_Basel_1907	Basel
Senn	Walter	Photograph	Spalenvorstadt 3	Basel	4308	1907	127	telefonbuch_028	PTT-Archiv, P-260-1_Basel_1907	Basel
Senn	Wwe.	(Pension Senn)	Leimenstrasse 60	Basel	2980	1907	127	telefonbuch_028	PTT-Archiv, P-260-1_Basel_1907	Basel
Senti		& Cie.	Steinenvorstadt 9	Basel	4188	1907	127	telefonbuch_028	PTT-Archiv, P-260-1_Basel_1907	Basel
Sesseli	Gottlieb	mech. Papierschneiderei	Klingelbergstr. 27	Basel	1668	1907	127	telefonbuch_028	PTT-Archiv, P-260-1_Basel_1907	Basel
Settelen	O.	Dr., american dentist	Steinenberg 1	Basel	2085	1907	127	telefonbuch_028	PTT-Archiv, P-260-1_Basel_1907	Basel
Settelen	Emil	& Cie., Bureau	Leonhardstrasse 26	Basel	2222	1907	127	telefonbuch_028	PTT-Archiv, P-260-1_Basel_1907	Basel
Settelen	Emil	Wohnung	Feierabendstr. 54	Basel	2904	1907	127	telefonbuch_028	PTT-Archiv, P-260-1_Basel_1907	Basel
Settelen	Ernst		Oberwilerstrasse 65	Basel	1534	1907	127	telefonbuch_028	PTT-Archiv, P-260-1_Basel_1907	Basel
Settelen		Basler Droschkenanstalt, Droschken und Möbeltransport	Davidsgasse 15	Basel	1519	1907	127	telefonbuch_028	PTT-Archiv, P-260-1_Basel_1907	Basel
Settelen		Basler Droschkenanstalt	Davidsgasse 15	Basel	1531	1907	127	telefonbuch_028	PTT-Archiv, P-260-1_Basel_1907	Basel
Settelen		Camionnage und Fuhrhalterei	Solothurnerstr. 12	Basel	3946	1907	127	telefonbuch_028	PTT-Archiv, P-260-1_Basel_1907	Basel
Settelen-Imhoff	Jules		Hebelstrasse 44	Basel	183	1907	127	telefonbuch_028	PTT-Archiv, P-260-1_Basel_1907	Basel
Settelen	Victor		Gerbergasse 4	Basel	1261	1907	127	telefonbuch_028	PTT-Archiv, P-260-1_Basel_1907	Basel
Settelen	Victor		Oberwilerstrasse 62	Basel	2285	1907	127	telefonbuch_028	PTT-Archiv, P-260-1_Basel_1907	Basel
Sevogelschulhaus			Sevogelstrasse 61	Basel	3970	1907	127	telefonbuch_028	PTT-Archiv, P-260-1_Basel_1907	Basel
Siber	Wilhelm		Spalenthorweg 23	Basel	3123	1907	127	telefonbuch_028	PTT-Archiv, P-260-1_Basel_1907	Basel
Sibold & Müller			St. Albangraben 1	Basel	179	1907	127	telefonbuch_028	PTT-Archiv, P-260-1_Basel_1907	Basel
Sichel	S.	Alleinverkauf der Herz-Schuhwaren	Gerbergasse 27	Basel	945	1907	127	telefonbuch_028	PTT-Archiv, P-260-1_Basel_1907	Basel
Siebenhaar	Alfred	(Firma Cavin & Siebenhaar)	Falknerstrasse 2	Basel	4244	1907	127	telefonbuch_028	PTT-Archiv, P-260-1_Basel_1907	Basel
Siebenmann	Friedr.	Prof. Dr.	Bernoullistrasse 8	Basel	1506	1907	127	telefonbuch_028	PTT-Archiv, P-260-1_Basel_1907	Basel
Sieber	Fritz	Dr. jur.	Feierabendstrasse 13	Basel	2849	1907	127	telefonbuch_028	PTT-Archiv, P-260-1_Basel_1907	Basel
Siebert	Emil	Baumaterialien, Bureau	Claragraben 131	Basel	3400	1907	127	telefonbuch_028	PTT-Archiv, P-260-1_Basel_1907	Basel
Siebert	Emil	Engroslager	St. Johannbahnhof	Basel	3020	1907	127	telefonbuch_028	PTT-Archiv, P-260-1_Basel_1907	Basel
Siebert	Hans		Schützengraben 31	Basel	4416	1907	127	telefonbuch_028	PTT-Archiv, P-260-1_Basel_1907	Basel
Siebold	Richard	Droguerie	Klybeckstrasse 76	Basel	3223	1907	127	telefonbuch_028	PTT-Archiv, P-260-1_Basel_1907	Basel
Siegfried	Ch. & G.	fils	Güterstrasse 127	Basel	3925	1907	127	telefonbuch_028	PTT-Archiv, P-260-1_Basel_1907	Basel
Siegfried-Seiler	C. A.		Mittlerestrasse 155	Basel	281	1907	127	telefonbuch_028	PTT-Archiv, P-260-1_Basel_1907	Basel
Sieglin-Tschudin	Wilh.	Fuhrhalterei	Neuwylerstrass 41	Basel	1028	1907	127	telefonbuch_028	PTT-Archiv, P-260-1_Basel_1907	Basel
Siegmund	Hubert		Hardstrasse 142	Basel	3654	1907	127	telefonbuch_028	PTT-Archiv, P-260-1_Basel_1907	Basel
Siegrist	A.		Birsigstrasse 18	Basel	1355	1907	127	telefonbuch_028	PTT-Archiv, P-260-1_Basel_1907	Basel
Siegrist	Hermann	Dr., Advokat, und Alioth, Dr. Alfred, Notar	Gerbergasse 42	Basel	3264	1907	127	telefonbuch_028	PTT-Archiv, P-260-1_Basel_1907	Basel
Siegrist-Oehninger	A.	Frau Dr.	Leimenstrasse 18	Basel	2913	1907	127	telefonbuch_028	PTT-Archiv, P-260-1_Basel_1907	Basel
Siegrist	P.	Agenturen, Install. v. Gasglühlicht	Vogesenstrasse 3	Basel	1427	1907	128	telefonbuch_030	PTT-Archiv, P-260-1_Basel_1907	Basel
Siegwart	Ed.		Gundoldingerstr. 115	Basel	758	1907	128	telefonbuch_030	PTT-Archiv, P-260-1_Basel_1907	Basel
Sigrist-Götz	H.	Generalagent der Helvetia	Thiersteinerallee 71	Basel	14	1907	128	telefonbuch_030	PTT-Archiv, P-260-1_Basel_1907	Basel
Sigrist	J.	Musikhaus	Sommergasse 44	Basel	909	1907	128	telefonbuch_030	PTT-Archiv, P-260-1_Basel_1907	Basel
Sigrist-Riedlin	Eugen		Ryffstrasse 30	Basel	3157	1907	128	telefonbuch_030	PTT-Archiv, P-260-1_Basel_1907	Basel
Silbereissen	F.		Sempacherstrasse 38	Basel	2878	1907	128	telefonbuch_030	PTT-Archiv, P-260-1_Basel_1907	Basel
Silbernagel	Adolf	Ingenieur	Sommergasse 22	Basel	3790	1907	128	telefonbuch_030	PTT-Archiv, P-260-1_Basel_1907	Basel
Silbernagel	J.	& Co.	Austrasse 122	Basel	2798	1907	128	telefonbuch_030	PTT-Archiv, P-260-1_Basel_1907	Basel
Silbernagel-Jäger	M. K.	Wwe.	St. Johannring 50	Basel	3230	1907	128	telefonbuch_030	PTT-Archiv, P-260-1_Basel_1907	Basel
Simmoth	Fritz	Dr. jur.	Eulerstrasse 22	Basel	2351	1907	128	telefonbuch_030	PTT-Archiv, P-260-1_Basel_1907	Basel
Simmoth-Meyer			Austrasse 95	Basel	2830	1907	128	telefonbuch_030	PTT-Archiv, P-260-1_Basel_1907	Basel
Simon-Kuegler	Chs.		St. Albananlage 13	Basel	4171	1907	128	telefonbuch_030	PTT-Archiv, P-260-1_Basel_1907	Basel
Simon-Leuthardt	A.	Glas- und Porzellanhandlg.	Rosshofgasse 7	Basel	2822	1907	128	telefonbuch_030	PTT-Archiv, P-260-1_Basel_1907	Basel
Simon-Mylius	Jacques		Dufourstrasse 39	Basel	566	1907	128	telefonbuch_030	PTT-Archiv, P-260-1_Basel_1907	Basel
Simon-Sichler	A.		Zürcherstrasse 13	Basel	4292	1907	128	telefonbuch_030	PTT-Archiv, P-260-1_Basel_1907	Basel
Simon & Mürner		Baugeschäft	Efringerstrasse 7	Basel	4054	1907	128	telefonbuch_030	PTT-Archiv, P-260-1_Basel_1907	Basel
Simonius-Blumer	A.		St. Jakobstrasse 36	Basel	664	1907	128	telefonbuch_030	PTT-Archiv, P-260-1_Basel_1907	Basel
Simonius-Burckhardt			Hardtstrasse 4	Basel	3681	1907	128	telefonbuch_030	PTT-Archiv, P-260-1_Basel_1907	Basel
Singer	Ch.	Bäckerei	Clarastrasse 13	Basel	3480	1907	128	telefonbuch_030	PTT-Archiv, P-260-1_Basel_1907	Basel
Singer	Ch.		Fischmarkt 12	Basel	1615	1907	128	telefonbuch_030	PTT-Archiv, P-260-1_Basel_1907	Basel
Singer’s Weinstube			Fischmarkt 10	Basel	1581	1907	128	telefonbuch_030	PTT-Archiv, P-260-1_Basel_1907	Basel
Smith Premier Typewriter Co., The			Freiestrasse 82	Basel	1013	1907	128	telefonbuch_030	PTT-Archiv, P-260-1_Basel_1907	Basel
Société anonyme de la Mer Rouge			Marktgasse 3	Basel	975	1907	128	telefonbuch_030	PTT-Archiv, P-260-1_Basel_1907	Basel
Société anonyme internationale de transports Gondrand frères			Elisabethenstr. 85	Basel	4253	1907	128	telefonbuch_030	PTT-Archiv, P-260-1_Basel_1907	Basel
Société anonyme internationale de transports Gondrand frères		Güterbahnhof	St. Jakobsstrasse	Basel	4207	1907	128	telefonbuch_030	PTT-Archiv, P-260-1_Basel_1907	Basel
Société anonyme internationale de transports Gondrand frères			Bad. Güterbahnhof	Basel	4427	1907	128	telefonbuch_030	PTT-Archiv, P-260-1_Basel_1907	Basel
Société anonyme pour l’exploitation des brevets Mavrogordato			Güterstrasse 146	Basel	1779	1907	128	telefonbuch_030	PTT-Archiv, P-260-1_Basel_1907	Basel
Socin	C. A.	Dr.	Hebelstrasse 7	Basel	1425	1907	128	telefonbuch_030	PTT-Archiv, P-260-1_Basel_1907	Basel
Socin-His	Ros.	Wwe.	Kapellenstrasse 28	Basel	3671	1907	128	telefonbuch_030	PTT-Archiv, P-260-1_Basel_1907	Basel
Socin-Kaufmann	B.	Wwe.	Hebelstrasse 7	Basel	1425	1907	128	telefonbuch_030	PTT-Archiv, P-260-1_Basel_1907	Basel
Socin & Riggenbach		Advokaturbureau	Bäumleingasse 14	Basel	4504	1907	128	telefonbuch_030	PTT-Archiv, P-260-1_Basel_1907	Basel
Soder-Traber	Rich.	Fuhrhalter	Mülhauserstrasse 30	Basel	1646	1907	128	telefonbuch_030	PTT-Archiv, P-260-1_Basel_1907	Basel
Söll-Petitjean	Jos.	Bauunternehmer	Burgfelderstr. 23	Basel	3080	1907	128	telefonbuch_030	PTT-Archiv, P-260-1_Basel_1907	Basel
Soller	Eugen		Clarastrasse 43	Basel	3481	1907	128	telefonbuch_030	PTT-Archiv, P-260-1_Basel_1907	Basel
Sollinger-Bob	Ed.	Küfermeister	St. Johannring 116	Basel	351	1907	128	telefonbuch_030	PTT-Archiv, P-260-1_Basel_1907	Basel
Sommer		Professor	Mittlerestrasse 152	Basel	643	1907	128	telefonbuch_030	PTT-Archiv, P-260-1_Basel_1907	Basel
Sommer	L.	Lederlager	Lohhofweg 8	Basel	2820	1907	128	telefonbuch_030	PTT-Archiv, P-260-1_Basel_1907	Basel
Sommercasino		(J. Weidmann, A. Müller)	Münchensteinerstr. 1	Basel	3673	1907	128	telefonbuch_030	PTT-Archiv, P-260-1_Basel_1907	Basel
Sommerhalder	H.	Nachf. v. Briner & Cie.	Ramsteinerstr. 16	Basel	2453	1907	128	telefonbuch_030	PTT-Archiv, P-260-1_Basel_1907	Basel
Sommerhalder	P.	Söhne	Unt. Rheinweg 96	Basel	357	1907	128	telefonbuch_030	PTT-Archiv, P-260-1_Basel_1907	Basel
Spahr-Bensel	L.	Sattlermeister	Unt. Rebgasse 9	Basel	3244	1907	128	telefonbuch_030	PTT-Archiv, P-260-1_Basel_1907	Basel
Spalenschulhaus			Schützengraben 42	Basel	4165	1907	128	telefonbuch_030	PTT-Archiv, P-260-1_Basel_1907	Basel
Spaeter	Carl	G. m. b. H.	Heumattstrasse 21	Basel	86	1907	128	telefonbuch_030	PTT-Archiv, P-260-1_Basel_1907	Basel
Spätig-Stebler	J.	Wirt	Steinenthortrasse 31	Basel	2218	1907	128	telefonbuch_030	PTT-Archiv, P-260-1_Basel_1907	Basel
Specht	Jacques		Thiersteinerallee 21	Basel	4524	1907	128	telefonbuch_030	PTT-Archiv, P-260-1_Basel_1907	Basel
Speisehalle Claragraben			Claragraben 123	Basel	3409	1907	128	telefonbuch_030	PTT-Archiv, P-260-1_Basel_1907	Basel
Speiser	F. J.	Conditor	Freiestrasse 61	Basel	1041	1907	128	telefonbuch_030	PTT-Archiv, P-260-1_Basel_1907	Basel
Speiser	H.	Lichtdruckanstalt	Austrasse 102	Basel	3018	1907	129	telefonbuch_031	PTT-Archiv, P-260-1_Basel_1907	Basel
Speiser-Sarasin	Dr. Paul		Langegasse 86	Basel	3555	1907	129	telefonbuch_031	PTT-Archiv, P-260-1_Basel_1907	Basel
Speiser-Strohl	Wm.		Langegasse 39	Basel	1910	1907	129	telefonbuch_031	PTT-Archiv, P-260-1_Basel_1907	Basel
Speiser	William	Bureau	St. Albanvorstadt 40	Basel	2387	1907	129	telefonbuch_031	PTT-Archiv, P-260-1_Basel_1907	Basel
von Speyr	Alfred		Gartenstrasse 99	Basel	2175	1907	129	telefonbuch_031	PTT-Archiv, P-260-1_Basel_1907	Basel
von Speyr		Anstalt	Holeestrasse 62	Basel	3130	1907	129	telefonbuch_031	PTT-Archiv, P-260-1_Basel_1907	Basel
von Speyr-Bernoulli	Carl		Peter Merianstr. 40	Basel	3221	1907	129	telefonbuch_031	PTT-Archiv, P-260-1_Basel_1907	Basel
von Speyr-Bölger	Albert		St. Albananlage 31	Basel	2144	1907	129	telefonbuch_031	PTT-Archiv, P-260-1_Basel_1907	Basel
von Speyr & Co.		A.-G., Bank	Freiestrasse 74	Basel	1943	1907	129	telefonbuch_031	PTT-Archiv, P-260-1_Basel_1907	Basel
von Speyr & Co.		Bank, Börse	Postgebäude	Basel	4300	1907	129	telefonbuch_031	PTT-Archiv, P-260-1_Basel_1907	Basel
von Speyr & Co.		Bank, Börse	Postgebäude	Basel	4301	1907	129	telefonbuch_031	PTT-Archiv, P-260-1_Basel_1907	Basel
von Speyr & Co.		Bank	Freiestrasse 74	Basel	1950	1907	129	telefonbuch_031	PTT-Archiv, P-260-1_Basel_1907	Basel
von Speyr & Co.		u. Abwart (während Bureauschluss)	Freiestrasse 74	Basel	4550	1907	129	telefonbuch_031	PTT-Archiv, P-260-1_Basel_1907	Basel
von Speyr & Co.		Spedition	Kirschgartenstr. 12	Basel	2395	1907	129	telefonbuch_031	PTT-Archiv, P-260-1_Basel_1907	Basel
von Speyr & Co.		Spedition, Güterbahnhof	St. Jakobstrasse	Basel	4169	1907	129	telefonbuch_031	PTT-Archiv, P-260-1_Basel_1907	Basel
von Speyr & Co.		Spedition	Bad. Güterbahnhof	Basel	4422	1907	129	telefonbuch_031	PTT-Archiv, P-260-1_Basel_1907	Basel
Spichtin	J.		Hägenheimerstr. 211	Basel	896	1907	129	telefonbuch_031	PTT-Archiv, P-260-1_Basel_1907	Basel
Spiess	Emil		Steinenvorstadt 10	Basel	2291	1907	129	telefonbuch_031	PTT-Archiv, P-260-1_Basel_1907	Basel
Spiller	J.	Buchbinderei und Papeterie	Streitgasse 4	Basel	1996	1907	129	telefonbuch_031	PTT-Archiv, P-260-1_Basel_1907	Basel
Spiller-Sacher	J.		Freiestrasse 65	Basel	1809	1907	129	telefonbuch_031	PTT-Archiv, P-260-1_Basel_1907	Basel
Spillmann-Kellerhals	J.	Restaurant	Unt. Rebgasse 15	Basel	752	1907	129	telefonbuch_031	PTT-Archiv, P-260-1_Basel_1907	Basel
Spindler	Aug.		St. Johannvorst. 84	Basel	1485	1907	129	telefonbuch_031	PTT-Archiv, P-260-1_Basel_1907	Basel
Spindler-Bruder	Aug.		Eulerstrasse 76	Basel	553	1907	129	telefonbuch_031	PTT-Archiv, P-260-1_Basel_1907	Basel
Spinnler-Lutz	F.		Sommergasse 33	Basel	1377	1907	129	telefonbuch_031	PTT-Archiv, P-260-1_Basel_1907	Basel
Spira	Jules		Petersgraben 61	Basel	557	1907	129	telefonbuch_031	PTT-Archiv, P-260-1_Basel_1907	Basel
Spira & Cie.			St. Albanvorstadt 28	Basel	2097	1907	129	telefonbuch_031	PTT-Archiv, P-260-1_Basel_1907	Basel
Spitalapotheke			Hebelstrasse 2	Basel	225	1907	129	telefonbuch_031	PTT-Archiv, P-260-1_Basel_1907	Basel
Spleiss	Heinrich	Hufschmied	Malzgasse 7	Basel	4143	1907	129	telefonbuch_031	PTT-Archiv, P-260-1_Basel_1907	Basel
Spohn	Julius		Bahnhofstrasse 9	Basel	3606	1907	129	telefonbuch_031	PTT-Archiv, P-260-1_Basel_1907	Basel
Spreng-Gersbach	Rob.	Photograph	Clarastrasse 54	Basel	3612	1907	129	telefonbuch_031	PTT-Archiv, P-260-1_Basel_1907	Basel
Sprenger	Fr.	Cigarrenhandlung	Feldbergstrasse 110	Basel	3441	1907	129	telefonbuch_031	PTT-Archiv, P-260-1_Basel_1907	Basel
Spreuermann	Rud.	Agenturen	Reinacherstrasse 4	Basel	925	1907	129	telefonbuch_031	PTT-Archiv, P-260-1_Basel_1907	Basel
Spreyermann	Hch.	Sohn, Bäckerei	Spalenvorstadt 7	Basel	3044	1907	129	telefonbuch_031	PTT-Archiv, P-260-1_Basel_1907	Basel
Spreyermann-Stump	H.	Bäckermeister	Steinenvorstadt 4	Basel	2448	1907	129	telefonbuch_031	PTT-Archiv, P-260-1_Basel_1907	Basel
Springer	M.	Möbelfabrik	Clarastrasse 19	Basel	3394	1907	129	telefonbuch_031	PTT-Archiv, P-260-1_Basel_1907	Basel
Sprüngli	F.	Handelsgärtner	Kleinhüningerstr. 172	Basel	50	1907	129	telefonbuch_031	PTT-Archiv, P-260-1_Basel_1907	Basel
Staatsanwaltschaft			Lohnhof	Basel	3119	1907	129	telefonbuch_031	PTT-Archiv, P-260-1_Basel_1907	Basel
Staatsarchiv			Martinsgasse 2	Basel	1331	1907	129	telefonbuch_031	PTT-Archiv, P-260-1_Basel_1907	Basel
Staatskasse Basel-Stadt			Rathaus	Basel	2390	1907	129	telefonbuch_031	PTT-Archiv, P-260-1_Basel_1907	Basel
Staatskanzlei			Rathaus	Basel	1387	1907	129	telefonbuch_031	PTT-Archiv, P-260-1_Basel_1907	Basel
Stächelin	G.	Baumeister	Austrasse 77	Basel	2844	1907	129	telefonbuch_031	PTT-Archiv, P-260-1_Basel_1907	Basel
Stächelin		Werkhof	Elsässerstrasse	Basel	1733	1907	129	telefonbuch_031	PTT-Archiv, P-260-1_Basel_1907	Basel
Stächelin		Bau- und Privatbureau	Totengässlein 14	Basel	1565	1907	129	telefonbuch_031	PTT-Archiv, P-260-1_Basel_1907	Basel
Stadelmann	C.		Unt. Rheinweg 66	Basel	43	1907	129	telefonbuch_031	PTT-Archiv, P-260-1_Basel_1907	Basel
Stadtcasino		Café-Restaurant	Stadtcasino	Basel	2320	1907	129	telefonbuch_031	PTT-Archiv, P-260-1_Basel_1907	Basel
Stadtcasino	A. & E. Clar	Bureau und Service, Stadt und auswärts	Stadtcasino	Basel	2049	1907	129	telefonbuch_031	PTT-Archiv, P-260-1_Basel_1907	Basel
Stadtgärtnerei		Bureau	Elsässerstrasse 2	Basel	1640	1907	129	telefonbuch_031	PTT-Archiv, P-260-1_Basel_1907	Basel
Stähelin	Anna		St. Albanvorstadt 25	Basel	1744	1907	129	telefonbuch_031	PTT-Archiv, P-260-1_Basel_1907	Basel
Stähelin	B. de B.	& Co.	Leonhardsgraben 42	Basel	2927	1907	129	telefonbuch_031	PTT-Archiv, P-260-1_Basel_1907	Basel
Stähelin-Bernoulli	J. Fritz		Kanonengasse 27	Basel	4401	1907	130	telefonbuch_032	PTT-Archiv, P-260-1_Basel_1907	Basel
Stähelin-Bischoff	Aug.		Rötelerstrasse 8	Basel	460	1907	130	telefonbuch_032	PTT-Archiv, P-260-1_Basel_1907	Basel
Stähelin-Burckhardt	Benedikt		Kapellenstrasse 33	Basel	3590	1907	130	telefonbuch_032	PTT-Archiv, P-260-1_Basel_1907	Basel
Stähelin-Burckhardt	C.		St. Albananlage 64	Basel	4124	1907	130	telefonbuch_032	PTT-Archiv, P-260-1_Basel_1907	Basel
Stähelin-Burckhardt	Theodor		Sevogelstrasse 60	Basel	4167	1907	130	telefonbuch_032	PTT-Archiv, P-260-1_Basel_1907	Basel
Stähelin-Burckhardt	Wwe. M.		Münchensteinerstr. 49	Basel	3988	1907	130	telefonbuch_032	PTT-Archiv, P-260-1_Basel_1907	Basel
Stähelin	Dr. Aug.		Dufourstrasse 37	Basel	4272	1907	130	telefonbuch_032	PTT-Archiv, P-260-1_Basel_1907	Basel
Stähelin	E.	Pfarrer	Obere Rebgasse 38	Basel	1150	1907	130	telefonbuch_032	PTT-Archiv, P-260-1_Basel_1907	Basel
Stähelin	Ernst		Aeschenvorstadt 51	Basel	346	1907	130	telefonbuch_032	PTT-Archiv, P-260-1_Basel_1907	Basel
Stähelin-Grossmann	C.		Malzgasse 17	Basel	1857	1907	130	telefonbuch_032	PTT-Archiv, P-260-1_Basel_1907	Basel
Stähelin-Gruner	Alf.		Hirzbodenweg 103	Basel	3598	1907	130	telefonbuch_032	PTT-Archiv, P-260-1_Basel_1907	Basel
Stähelin	Laure		Aeschengraben 6	Basel	4120	1907	130	telefonbuch_032	PTT-Archiv, P-260-1_Basel_1907	Basel
Stähelin-Lieb	G.	Pfarrer	Allschwilerstr. 62	Basel	905	1907	130	telefonbuch_032	PTT-Archiv, P-260-1_Basel_1907	Basel
Stähelin	Dr. Max		Thiersteinerallee 7	Basel	665	1907	130	telefonbuch_032	PTT-Archiv, P-260-1_Basel_1907	Basel
Stähelin-Merian	Ernst	Pfarrer	Rheinfelderstr. 11	Basel	3238	1907	130	telefonbuch_032	PTT-Archiv, P-260-1_Basel_1907	Basel
Stähelin-Preiswerk	Paul		Feierabendstrasse 34	Basel	2997	1907	130	telefonbuch_032	PTT-Archiv, P-260-1_Basel_1907	Basel
Staehelin-Reber	Wwe. B.		Austrasse 91	Basel	4440	1907	130	telefonbuch_032	PTT-Archiv, P-260-1_Basel_1907	Basel
Staehelin	Sophie		Missionsstrasse 27	Basel	3030	1907	130	telefonbuch_032	PTT-Archiv, P-260-1_Basel_1907	Basel
Stähelin-Stockmeyer	Wwe. M.		Bernoullistrasse 26	Basel	167	1907	130	telefonbuch_032	PTT-Archiv, P-260-1_Basel_1907	Basel
Stähelin & Merz			Leonhardsgraben 42	Basel	2935	1907	130	telefonbuch_032	PTT-Archiv, P-260-1_Basel_1907	Basel
Stähelin-Vischer	A.		Gellertstrasse 40	Basel	4112	1907	130	telefonbuch_032	PTT-Archiv, P-260-1_Basel_1907	Basel
Stähelin-VonderMühll	Ch.		Aeschengraben 7	Basel	2074	1907	130	telefonbuch_032	PTT-Archiv, P-260-1_Basel_1907	Basel
Staehelin-v. Enzberg	C. W.		Riehenstrasse 46	Basel	3801	1907	130	telefonbuch_032	PTT-Archiv, P-260-1_Basel_1907	Basel
Staehli	Charles	Agenturen in Rohtabak	Heumattstrasse 13	Basel	236	1907	130	telefonbuch_032	PTT-Archiv, P-260-1_Basel_1907	Basel
Stähling	Dr. Ch.		Kandererstrasse 30	Basel	619	1907	130	telefonbuch_032	PTT-Archiv, P-260-1_Basel_1907	Basel
Stamm-Bruckner	G.		Steinenring 41	Basel	783	1907	130	telefonbuch_032	PTT-Archiv, P-260-1_Basel_1907	Basel
Stamm	Gebrüder	Baugeschäft (Bureau)	Bachlettenstrasse 20	Basel	3106	1907	130	telefonbuch_032	PTT-Archiv, P-260-1_Basel_1907	Basel
Stamm-Hausin	G.	Droschkenhalter	Hägenheimerstr. 20	Basel	830	1907	130	telefonbuch_032	PTT-Archiv, P-260-1_Basel_1907	Basel
Stamm-Meyer	Wwe. M. E.		Bachlettenstrasse 62	Basel	4309	1907	130	telefonbuch_032	PTT-Archiv, P-260-1_Basel_1907	Basel
Stamm-Napp	Aug.		Trillengässlein 2	Basel	3495	1907	130	telefonbuch_032	PTT-Archiv, P-260-1_Basel_1907	Basel
Stamm-Preiswerk	J.	Baumeister	Dornacherstr. 35	Basel	2477	1907	130	telefonbuch_032	PTT-Archiv, P-260-1_Basel_1907	Basel
Stampfer	Hans		Herbergsgasse 4	Basel	3426	1907	130	telefonbuch_032	PTT-Archiv, P-260-1_Basel_1907	Basel
Stappung	E.		Ochsengasse 14	Basel	1241	1907	130	telefonbuch_032	PTT-Archiv, P-260-1_Basel_1907	Basel
Stärk	Richard	Musiklehrer	Pfirtergasse 27	Basel	3074	1907	130	telefonbuch_032	PTT-Archiv, P-260-1_Basel_1907	Basel
Starkemann	Joh.	Hotel Simplon	Güterstrasse 108	Basel	3185	1907	130	telefonbuch_032	PTT-Archiv, P-260-1_Basel_1907	Basel
Statistisches Amt Basel-Stadt			Rathaus	Basel	1288	1907	130	telefonbuch_032	PTT-Archiv, P-260-1_Basel_1907	Basel
Stauber-Hirsbrunner	Ad.	Bäckerei u. Conditorei	Dornacherstr. 141	Basel	4156	1907	130	telefonbuch_032	PTT-Archiv, P-260-1_Basel_1907	Basel
Stauber-Schweighauser	T.	Bäckermeister	Spalenvorstadt 8	Basel	2606	1907	130	telefonbuch_032	PTT-Archiv, P-260-1_Basel_1907	Basel
Stauffacher-Reber	W.		Oberwilerstrasse 64	Basel	1110	1907	130	telefonbuch_032	PTT-Archiv, P-260-1_Basel_1907	Basel
Stefan-Fritschy	Jos.		Leimenstrasse 54	Basel	347	1907	130	telefonbuch_032	PTT-Archiv, P-260-1_Basel_1907	Basel
Steffen-Bruckner	K.	Direktor der Kantonalbank	Margarethenstr. 61	Basel	788	1907	130	telefonbuch_032	PTT-Archiv, P-260-1_Basel_1907	Basel
Steffen	J.	Sattler	St. Albanvorstadt 62	Basel	4235	1907	130	telefonbuch_032	PTT-Archiv, P-260-1_Basel_1907	Basel
Steffensen	Frau Prof. M.		Münsterplatz 4	Basel	372	1907	130	telefonbuch_032	PTT-Archiv, P-260-1_Basel_1907	Basel
Steger-Koch	J.	Hôtel Krafft	Obere Rheingasse 12	Basel	1186	1907	130	telefonbuch_032	PTT-Archiv, P-260-1_Basel_1907	Basel
Stehelin	Gustav	& Co.	Leonhardstrasse 53	Basel	2995	1907	130	telefonbuch_032	PTT-Archiv, P-260-1_Basel_1907	Basel
Stehelin	Gustav	(Wohnung)	Leimenstrasse 29	Basel	2995	1907	130	telefonbuch_032	PTT-Archiv, P-260-1_Basel_1907	Basel
Stehelin	Jérôme	& fils	Hebelstrasse 28	Basel	1480	1907	130	telefonbuch_032	PTT-Archiv, P-260-1_Basel_1907	Basel
Stehelin-Werlin	Alfr.		Austrasse 99	Basel	2781	1907	130	telefonbuch_032	PTT-Archiv, P-260-1_Basel_1907	Basel
Stehle	Carl	vorm. Casp. Krug	Freiestrasse 8	Basel	1569	1907	131	telefonbuch_033	PTT-Archiv, P-260-1_Basel_1907	Basel
Stehle & Gutknecht		Basler Centralheizungsfabrik	Bärenfelserstr. 47	Basel	2369	1907	131	telefonbuch_033	PTT-Archiv, P-260-1_Basel_1907	Basel
Stehlin	Karl	Dr.	St. Albanvorstadt 69	Basel	4175	1907	131	telefonbuch_033	PTT-Archiv, P-260-1_Basel_1907	Basel
Stehlin	Fritz	Architekt (Bureau)	St. Albanvorstadt 69	Basel	864	1907	131	telefonbuch_033	PTT-Archiv, P-260-1_Basel_1907	Basel
Stehlin	Fritz	(Wohnung)	St. Albanvorstadt 71	Basel	4166	1907	131	telefonbuch_033	PTT-Archiv, P-260-1_Basel_1907	Basel
Stehlin-Merian	Cécile	Wwe.	St. Albananlage 14	Basel	4191	1907	131	telefonbuch_033	PTT-Archiv, P-260-1_Basel_1907	Basel
Stehlin-Miville		Wwe.	Gartenstrasse 89	Basel	2125	1907	131	telefonbuch_033	PTT-Archiv, P-260-1_Basel_1907	Basel
Stehlin-Pfister	A.		Greifengasse 40	Basel	406	1907	131	telefonbuch_033	PTT-Archiv, P-260-1_Basel_1907	Basel
Steib	Gebrüder	Basler Bürsten- u. Pinselfabrik	Pfeffingerstr. 101	Basel	3858	1907	131	telefonbuch_033	PTT-Archiv, P-260-1_Basel_1907	Basel
Steib	Gebrüder	(Filiale)	Unt. Rheingasse 15	Basel	1266	1907	131	telefonbuch_033	PTT-Archiv, P-260-1_Basel_1907	Basel
Steib	Gebrüder	(Filiale)	Aeschenvorstadt 43	Basel	2043	1907	131	telefonbuch_033	PTT-Archiv, P-260-1_Basel_1907	Basel
Steib-Ritzenthaler	J. E.	Kassenfabrik, Bureau u. Lager	Holbeinstrasse 58	Basel	3374	1907	131	telefonbuch_033	PTT-Archiv, P-260-1_Basel_1907	Basel
Steib-Ritzenthaler	J. E.	Werkstätte	Holeestrasse 153	Basel	4533	1907	131	telefonbuch_033	PTT-Archiv, P-260-1_Basel_1907	Basel
Steiger	Emil	Apotheker	Bäumleingasse 4	Basel	1866	1907	131	telefonbuch_033	PTT-Archiv, P-260-1_Basel_1907	Basel
Steiger	F.	Schirmfabrik	Freiestrasse 82	Basel	1868	1907	131	telefonbuch_033	PTT-Archiv, P-260-1_Basel_1907	Basel
Steiger	J. J.	sel. Erben, Leckerligeschäft	St. Johannvorst. 63	Basel	1699	1907	131	telefonbuch_033	PTT-Archiv, P-260-1_Basel_1907	Basel
Steiger-Richter			Theodorsgraben 8	Basel	1188	1907	131	telefonbuch_033	PTT-Archiv, P-260-1_Basel_1907	Basel
Steigmeier & Cie.			Aeschenvorstadt 22	Basel	3989	1907	131	telefonbuch_033	PTT-Archiv, P-260-1_Basel_1907	Basel
Stein	Louis	(Bureau)	Dornacherstrasse 38	Basel	4012	1907	131	telefonbuch_033	PTT-Archiv, P-260-1_Basel_1907	Basel
Stein-Reichenberger	Louis	(Wohnung)	Austrasse 7	Basel	2541	1907	131	telefonbuch_033	PTT-Archiv, P-260-1_Basel_1907	Basel
Steinacher & Rueff			Elisabethenstr. 56	Basel	4028	1907	131	telefonbuch_033	PTT-Archiv, P-260-1_Basel_1907	Basel
Steinacher & Rueff		Güterbahnhof S. B. B.	Wolf, St. Jakobstr.	Basel	4429	1907	131	telefonbuch_033	PTT-Archiv, P-260-1_Basel_1907	Basel
Steinbach	Emil		Mittlerestrasse 62	Basel	2967	1907	131	telefonbuch_033	PTT-Archiv, P-260-1_Basel_1907	Basel
Steinbach-Schultheiss	J.	Restaurant	Spitalstrasse 13	Basel	1039	1907	131	telefonbuch_033	PTT-Archiv, P-260-1_Basel_1907	Basel
Steinegger & Co.			Güterstrasse 137	Basel	3945	1907	131	telefonbuch_033	PTT-Archiv, P-260-1_Basel_1907	Basel
Steinenschulhaus			Theaterstrasse 5	Basel	2137	1907	131	telefonbuch_033	PTT-Archiv, P-260-1_Basel_1907	Basel
Steinenschulhaus		Abwart	Theaterstrasse 5	Basel	1788	1907	131	telefonbuch_033	PTT-Archiv, P-260-1_Basel_1907	Basel
Steiner	Emanuel	Buchbinder	Rümelinsplatz 11	Basel	2827	1907	131	telefonbuch_033	PTT-Archiv, P-260-1_Basel_1907	Basel
Steiner	Emanuel		Angensteinerstr. 34	Basel	4316	1907	131	telefonbuch_033	PTT-Archiv, P-260-1_Basel_1907	Basel
Steiner	Jean	& Co.	Pfeffingerstrasse 27	Basel	3913	1907	131	telefonbuch_033	PTT-Archiv, P-260-1_Basel_1907	Basel
Steiner	R.	Zahnarzt	Clarastrasse 10	Basel	417	1907	131	telefonbuch_033	PTT-Archiv, P-260-1_Basel_1907	Basel
Steinmann	E.	Spenglermeister	Kanonengasse 13	Basel	1037	1907	131	telefonbuch_033	PTT-Archiv, P-260-1_Basel_1907	Basel
Steinmann	Emil	Weinagentur	Wallstrasse 7	Basel	760	1907	131	telefonbuch_033	PTT-Archiv, P-260-1_Basel_1907	Basel
Steinmann	Fr.	Gérant d. Verbandstoff-Fabrik Schaffhausen, Fil. Basel	Gerbergasse 38	Basel	3005	1907	131	telefonbuch_033	PTT-Archiv, P-260-1_Basel_1907	Basel
Steinmann	Hch.	Tapezierer	Claraplatz 1	Basel	1252	1907	131	telefonbuch_033	PTT-Archiv, P-260-1_Basel_1907	Basel
Steinmann	W.	& Cie., Weinhandlung	Rümelinbachweg 16	Basel	2483	1907	131	telefonbuch_033	PTT-Archiv, P-260-1_Basel_1907	Basel
Steinmann	W.	Ablage	Freiestrasse 38	Basel	1817	1907	131	telefonbuch_033	PTT-Archiv, P-260-1_Basel_1907	Basel
Stempelamt			Rathaus	Basel	2318	1907	131	telefonbuch_033	PTT-Archiv, P-260-1_Basel_1907	Basel
Stempfle-Glattfelder	A.		Gerbergässlein 1	Basel	131	1907	131	telefonbuch_033	PTT-Archiv, P-260-1_Basel_1907	Basel
Stenger	C.		Spalenring 137	Basel	3769	1907	131	telefonbuch_033	PTT-Archiv, P-260-1_Basel_1907	Basel
Sternwarte		Restaurant zur	Mittlerestrasse 11	Basel	272	1907	131	telefonbuch_033	PTT-Archiv, P-260-1_Basel_1907	Basel
Steuer-Jenne	H.		Mörsbergerstrasse 36	Basel	3350	1907	131	telefonbuch_033	PTT-Archiv, P-260-1_Basel_1907	Basel
Steuer	L. E.		Spalenthorweg 53	Basel	2212	1907	131	telefonbuch_033	PTT-Archiv, P-260-1_Basel_1907	Basel
Steuer’s Möbelhaus		(E. Steuer-Müller)	Feldbergstrasse 89	Basel	1084	1907	131	telefonbuch_033	PTT-Archiv, P-260-1_Basel_1907	Basel
Steuer & Cie.			Nadelberg 10	Basel	1432	1907	131	telefonbuch_033	PTT-Archiv, P-260-1_Basel_1907	Basel
Steuerverwaltung I		(Einkommens-, Vermögens- und Erbschaftssteuer)	Rathaus	Basel	2404	1907	131	telefonbuch_033	PTT-Archiv, P-260-1_Basel_1907	Basel
Steuerverwaltung II		Städtische Gemeindesteuer, Feuerwehr-, Beleuchtungs- u. Reinigungssteuer	Rathaus	Basel	1649	1907	132	telefonbuch_034	PTT-Archiv, P-260-1_Basel_1907	Basel
Steyer-Graf	E.	Handelsgärtner	Kleinhüningerstr. 148	Basel	3325	1907	132	telefonbuch_034	PTT-Archiv, P-260-1_Basel_1907	Basel
Stickelberger	Hans	Ingenieur u. Patentanwalt	Leonhardstrasse 34	Basel	2934	1907	132	telefonbuch_034	PTT-Archiv, P-260-1_Basel_1907	Basel
Stieber	G.	Spengler	Webergasse 32	Basel	3214	1907	132	telefonbuch_034	PTT-Archiv, P-260-1_Basel_1907	Basel
Stingelin-Zürcher	H.		Freiestrasse 88	Basel	1923	1907	132	telefonbuch_034	PTT-Archiv, P-260-1_Basel_1907	Basel
Stöckli-Suppiger	A.	Restaurant z. Wolf	St. Jakobstrasse 118	Basel	1685	1907	132	telefonbuch_034	PTT-Archiv, P-260-1_Basel_1907	Basel
Stöcklin	Dr. E.	Bureau	Gerbergasse 36	Basel	3033	1907	132	telefonbuch_034	PTT-Archiv, P-260-1_Basel_1907	Basel
Stöcklin	Dr. E.	Wohnung	Byfangweg 33	Basel	3054	1907	132	telefonbuch_034	PTT-Archiv, P-260-1_Basel_1907	Basel
Stöcklin-Hilsenbeck	Sam.		Engelgasse 97	Basel	3658	1907	132	telefonbuch_034	PTT-Archiv, P-260-1_Basel_1907	Basel
Stöcklin	Louis	Holzwollfabrik		Binningen	3585	1907	132	telefonbuch_034	PTT-Archiv, P-260-1_Basel_1907	Basel
Stöcklin & Co.			St. Albanthal 1	Basel	4133	1907	132	telefonbuch_034	PTT-Archiv, P-260-1_Basel_1907	Basel
Stockmeyer-Preiswerk	Karl	Pfarrer	Hebelstrasse 17	Basel	544	1907	132	telefonbuch_034	PTT-Archiv, P-260-1_Basel_1907	Basel
Stoffel	B.		Wallstrasse 5	Basel	2232	1907	132	telefonbuch_034	PTT-Archiv, P-260-1_Basel_1907	Basel
Stohler-Kiefer	Rudolf		Elsässerstrasse 20	Basel	300	1907	132	telefonbuch_034	PTT-Archiv, P-260-1_Basel_1907	Basel
Stohrer-Recher	G.	Schreinermeister	Spalenring 114	Basel	939	1907	132	telefonbuch_034	PTT-Archiv, P-260-1_Basel_1907	Basel
Stoekie	Otto	Uhren- und Bijouterie	Klybeckstrasse 33	Basel	3259	1907	132	telefonbuch_034	PTT-Archiv, P-260-1_Basel_1907	Basel
Stöklin & Thüring			Pfeffingerstrasse 65	Basel	3260	1907	132	telefonbuch_034	PTT-Archiv, P-260-1_Basel_1907	Basel
Stoppel	A.	General-Vertretung der Fiumaner Möbelfabrik A.-G.	Claragraben 62	Basel	631	1907	132	telefonbuch_034	PTT-Archiv, P-260-1_Basel_1907	Basel
Storz-Schlachter	C.	Landesprodukte	Hammerstrasse 174	Basel	182	1907	132	telefonbuch_034	PTT-Archiv, P-260-1_Basel_1907	Basel
Stortz-Hänni	Fritz	Metzger	Güterstrasse 242	Basel	2482	1907	132	telefonbuch_034	PTT-Archiv, P-260-1_Basel_1907	Basel
Stortz-Münch	Georg	Bäcker	Ochsengasse 7	Basel	1208	1907	132	telefonbuch_034	PTT-Archiv, P-260-1_Basel_1907	Basel
Stüssel	J.	Sanitäts- und Gummiwarengeschäft	Güterstrasse 140	Basel	4246	1907	132	telefonbuch_034	PTT-Archiv, P-260-1_Basel_1907	Basel
Stotz	H. Conrad	Tapezierer	Malzgasse 7	Basel	4143	1907	132	telefonbuch_034	PTT-Archiv, P-260-1_Basel_1907	Basel
Strafgericht			Bäumleingasse 1	Basel	1754	1907	132	telefonbuch_034	PTT-Archiv, P-260-1_Basel_1907	Basel
Strafanstalt		Direktion	Strafanstalt	Basel	1665	1907	132	telefonbuch_034	PTT-Archiv, P-260-1_Basel_1907	Basel
Strahm-Böcklin	Frau M.		Grenzacherstrasse 9	Basel	4493	1907	132	telefonbuch_034	PTT-Archiv, P-260-1_Basel_1907	Basel
Strahm	E.	Eisenhandlung	Greifengasse 38	Basel	3207	1907	132	telefonbuch_034	PTT-Archiv, P-260-1_Basel_1907	Basel
Strasseninspektorat			Obere Rebgasse 1	Basel	3218	1907	132	telefonbuch_034	PTT-Archiv, P-260-1_Basel_1907	Basel
Strasseninspektorat		Hauptmagazin d. Strassenreinigung	Blumenrain 5	Basel	652	1907	132	telefonbuch_034	PTT-Archiv, P-260-1_Basel_1907	Basel
Strasser	Emil		Blumenrain 16	Basel	1181	1907	132	telefonbuch_034	PTT-Archiv, P-260-1_Basel_1907	Basel
Straub	F.	Spengler	Eimeldingerweg 23	Basel	1321	1907	132	telefonbuch_034	PTT-Archiv, P-260-1_Basel_1907	Basel
Straub's Bäckerei			Drahtzugstrasse 65	Basel	2840	1907	132	telefonbuch_034	PTT-Archiv, P-260-1_Basel_1907	Basel
Straub & Büchler			Sternengässlein 19	Basel	2337	1907	132	telefonbuch_034	PTT-Archiv, P-260-1_Basel_1907	Basel
Straumann	Heinrich	Spengler	St. Albanvorstadt 52	Basel	1819	1907	132	telefonbuch_034	PTT-Archiv, P-260-1_Basel_1907	Basel
Streckeisen	Dr. A.		Aeschengraben 11	Basel	2312	1907	132	telefonbuch_034	PTT-Archiv, P-260-1_Basel_1907	Basel
Streckeisen	Julie		Sevogelstrasse 49	Basel	3678	1907	132	telefonbuch_034	PTT-Archiv, P-260-1_Basel_1907	Basel
Streichenberg	Arthur		Kapellenstrasse 24	Basel	3563	1907	132	telefonbuch_034	PTT-Archiv, P-260-1_Basel_1907	Basel
Stritt	S.	Sattler, Geschäft	Spalenberg 15	Basel	2680	1907	132	telefonbuch_034	PTT-Archiv, P-260-1_Basel_1907	Basel
Stritt	S.	Wohnung	Klingelbergstr. 35	Basel	166	1907	132	telefonbuch_034	PTT-Archiv, P-260-1_Basel_1907	Basel
Strittmatter	August	Spengler	Spalenring 34	Basel	978	1907	132	telefonbuch_034	PTT-Archiv, P-260-1_Basel_1907	Basel
Strohl	C. V.		Burgunderstrasse 40	Basel	3079	1907	132	telefonbuch_034	PTT-Archiv, P-260-1_Basel_1907	Basel
Strohl-Schweizer	G.	Hôtel des balances	Gerbergasse 76	Basel	2181	1907	132	telefonbuch_034	PTT-Archiv, P-260-1_Basel_1907	Basel
Strub-Amberg	Wwe. M.		Schneidergasse 7	Basel	1610	1907	132	telefonbuch_034	PTT-Archiv, P-260-1_Basel_1907	Basel
Strub	Henri	Cigarrenhandlung	Nadelberg 36	Basel	2757	1907	132	telefonbuch_034	PTT-Archiv, P-260-1_Basel_1907	Basel
Strub-Ruf	Wwe. A. M.		Barfüsserplatz 11	Basel	2153	1907	132	telefonbuch_034	PTT-Archiv, P-260-1_Basel_1907	Basel
Strub-Walder	Ed.		Steinenthorberg 8	Basel	2243	1907	132	telefonbuch_034	PTT-Archiv, P-260-1_Basel_1907	Basel
Strübin	Carl	Kommission und Spedition	Bahnhofstrasse 93	Basel	466	1907	133	telefonbuch_035	PTT-Archiv, P-260-1_Basel_1907	Basel
Strübin-Gschwind	Fritz		Ob. Rebgasse 19	Basel	3507	1907	133	telefonbuch_035	PTT-Archiv, P-260-1_Basel_1907	Basel
Strübin	H.	& Sohn, Optiker	Gerbergasse 25	Basel	454	1907	133	telefonbuch_035	PTT-Archiv, P-260-1_Basel_1907	Basel
Strübin-Spiess	H.		Socinstrasse 43	Basel	3635	1907	133	telefonbuch_035	PTT-Archiv, P-260-1_Basel_1907	Basel
Strübin	T. & A.	Cementsteinfabrik	Kleinhüningerstr. 180	Basel	3198	1907	133	telefonbuch_035	PTT-Archiv, P-260-1_Basel_1907	Basel
Strütt	S.	Wwe., Privatwohnung	Untere Rebgasse 17	Basel	1161	1907	133	telefonbuch_035	PTT-Archiv, P-260-1_Basel_1907	Basel
Stübi	Ed.	Wirt	Aeschenvorstadt 66	Basel	2344	1907	133	telefonbuch_035	PTT-Archiv, P-260-1_Basel_1907	Basel
Stückelberg	Alfr.	Dr., Advokat (Bureau Burckhardt & Stückelberg)	Gerbergasse 24	Basel	1796	1907	133	telefonbuch_035	PTT-Archiv, P-260-1_Basel_1907	Basel
Stuckert	Otto		Augustinergasse 17	Basel	1088	1907	133	telefonbuch_035	PTT-Archiv, P-260-1_Basel_1907	Basel
Studer-Bischoff	Ignaz	Fuhrhalter	Buschwilerweg 24	Basel	2790	1907	133	telefonbuch_035	PTT-Archiv, P-260-1_Basel_1907	Basel
Studer-Hilser	Alex.		Hochstrasse 56	Basel	4315	1907	133	telefonbuch_035	PTT-Archiv, P-260-1_Basel_1907	Basel
Stumm	Carl	Sohn, Bureau	Gartenstrasse 113	Basel	1511	1907	133	telefonbuch_035	PTT-Archiv, P-260-1_Basel_1907	Basel
Stumm	Carl	Wohnung	Grellingerstrasse 59	Basel	3750	1907	133	telefonbuch_035	PTT-Archiv, P-260-1_Basel_1907	Basel
Stumm	Herm.	Dr., Wohnung (Bureau 2054)	Austrasse 126	Basel	918	1907	133	telefonbuch_035	PTT-Archiv, P-260-1_Basel_1907	Basel
Stumm	Gustav	Bierdépôt u. Spezereihandlung	Eulerstrasse 56	Basel	2721	1907	133	telefonbuch_035	PTT-Archiv, P-260-1_Basel_1907	Basel
Stumpf-Bechtel	A.		Feldbergstrasse 95	Basel	430	1907	133	telefonbuch_035	PTT-Archiv, P-260-1_Basel_1907	Basel
Stünzi	Carl	zum Clarabad	Clarastrasse 29	Basel	3489	1907	133	telefonbuch_035	PTT-Archiv, P-260-1_Basel_1907	Basel
Stupanus	Alfred	Metzger	Feldbergstrasse 100	Basel	3700	1907	133	telefonbuch_035	PTT-Archiv, P-260-1_Basel_1907	Basel
Stupanus	J.	Sohn	Claragraben 60	Basel	4273	1907	133	telefonbuch_035	PTT-Archiv, P-260-1_Basel_1907	Basel
Stupanus-Schelling	Rud.	Bäckerei u. Konditorei	Austrasse 47	Basel	2915	1907	133	telefonbuch_035	PTT-Archiv, P-260-1_Basel_1907	Basel
Sturzenegger	Eduard		Freiestrasse 64	Basel	1887	1907	133	telefonbuch_035	PTT-Archiv, P-260-1_Basel_1907	Basel
Sturzenegger	J. C.	Mineralwasserfabrik	Webergasse 15	Basel	1237	1907	133	telefonbuch_035	PTT-Archiv, P-260-1_Basel_1907	Basel
Stüssi	R.	photogr. Artikel	Freiestrasse 88	Basel	1940	1907	133	telefonbuch_035	PTT-Archiv, P-260-1_Basel_1907	Basel
Stutz	A.	stellv. Direktor	Holbeinstrasse 74	Basel	3121	1907	133	telefonbuch_035	PTT-Archiv, P-260-1_Basel_1907	Basel
Stutz-Stadelmann	Carl	Coiffeur und Spezialist	Küchegässlein 14	Basel	4453	1907	133	telefonbuch_035	PTT-Archiv, P-260-1_Basel_1907	Basel
Suhner		& Cie.	Oetlingerstrasse 75	Basel	2018	1907	133	telefonbuch_035	PTT-Archiv, P-260-1_Basel_1907	Basel
Sulger	Aug.	Dr., Advokat und Notar (Bureau)	Blumenrain 16	Basel	1341	1907	133	telefonbuch_035	PTT-Archiv, P-260-1_Basel_1907	Basel
Sulger	Aug.	Dr., Wohnung	Malzgasse 21	Basel	4287	1907	133	telefonbuch_035	PTT-Archiv, P-260-1_Basel_1907	Basel
Sulzer		Gebr., Winterthur (Platzmonteur H. Frick)	Bartenheimerstr. 24	Basel	234	1907	133	telefonbuch_035	PTT-Archiv, P-260-1_Basel_1907	Basel
Sumser	Jos.	Wirt	Bahnhofstrasse 13	Basel	1297	1907	133	telefonbuch_035	PTT-Archiv, P-260-1_Basel_1907	Basel
Surbeck	J. G.	Konditor	Greifengasse 39	Basel	3284	1907	133	telefonbuch_035	PTT-Archiv, P-260-1_Basel_1907	Basel
Suter	Adolf		Gartenstrasse 66	Basel	2046	1907	133	telefonbuch_035	PTT-Archiv, P-260-1_Basel_1907	Basel
Suter	A.	& Cie., f. hiesige Kohlenbestellungen	Austrasse 4	Basel	3063	1907	133	telefonbuch_035	PTT-Archiv, P-260-1_Basel_1907	Basel
Suter	A.	& Cie., Hauptbureau	Austrasse 4	Basel	3047	1907	133	telefonbuch_035	PTT-Archiv, P-260-1_Basel_1907	Basel
Suter	A.	& Cie., Lagerplatz	Dreispitz	Basel	3991	1907	133	telefonbuch_035	PTT-Archiv, P-260-1_Basel_1907	Basel
Suter	A.	& Cie., Stallung	Engelgasse 126	Basel	3684	1907	133	telefonbuch_035	PTT-Archiv, P-260-1_Basel_1907	Basel
Suter-Breitenstein		& Co.	Leonhardsgraben 4	Basel	1347	1907	133	telefonbuch_035	PTT-Archiv, P-260-1_Basel_1907	Basel
Suter	Carl	St. Theodors-Drogerie	Grenzacherstrasse 4	Basel	3178	1907	133	telefonbuch_035	PTT-Archiv, P-260-1_Basel_1907	Basel
Suter-Christ	M.	Wwe.	Rheinfelderstr 12	Basel	3804	1907	133	telefonbuch_035	PTT-Archiv, P-260-1_Basel_1907	Basel
Suter	F.	Dr. med. (s. auch unter Privatklinik)	Missionsstrasse 32	Basel	878	1907	133	telefonbuch_035	PTT-Archiv, P-260-1_Basel_1907	Basel
Suter	E.	optische Anstalt	Feierabendstrasse 32	Basel	2993	1907	133	telefonbuch_035	PTT-Archiv, P-260-1_Basel_1907	Basel
Suter	Fr.	Spengler	Schützenmattstr. 19	Basel	2689	1907	133	telefonbuch_035	PTT-Archiv, P-260-1_Basel_1907	Basel
Suter-Glogg	G.		Leuengasse 28	Basel	41	1907	133	telefonbuch_035	PTT-Archiv, P-260-1_Basel_1907	Basel
Suter	Hermann	Musikdirektor	Heinrichsgasse 8	Basel	3944	1907	133	telefonbuch_035	PTT-Archiv, P-260-1_Basel_1907	Basel
Suter-Ludwig	Arnold	Privat	Austrasse 6	Basel	3092	1907	133	telefonbuch_035	PTT-Archiv, P-260-1_Basel_1907	Basel
Suter-Oeri	Rud.	Architekt	Rittergasse 23	Basel	3199	1907	133	telefonbuch_035	PTT-Archiv, P-260-1_Basel_1907	Basel
Suter-Oes	G.		Thiersteinerallee 13	Basel	3881	1907	134	telefonbuch_036	PTT-Archiv, P-260-1_Basel_1907	Basel
Suter-Rietschle	Rud.		St. Johannring 108	Basel	838	1907	134	telefonbuch_036	PTT-Archiv, P-260-1_Basel_1907	Basel
Suter & Burckhardt		Architekten	Bäumleingasse 7	Basel	1878	1907	134	telefonbuch_036	PTT-Archiv, P-260-1_Basel_1907	Basel
Sutter-Bickel	Ludwig	Metzger	Hegenheimerstr. 61	Basel	844	1907	134	telefonbuch_036	PTT-Archiv, P-260-1_Basel_1907	Basel
Sutter	Ernst		Sommergasse 21	Basel	1706	1907	134	telefonbuch_036	PTT-Archiv, P-260-1_Basel_1907	Basel
Sutter-Frey	G.	Handelsgärtner	Lehenmattstr. 122	Basel	796	1907	134	telefonbuch_036	PTT-Archiv, P-260-1_Basel_1907	Basel
Sutter	R.	fils	Freiestrasse 53	Basel	1937	1907	134	telefonbuch_036	PTT-Archiv, P-260-1_Basel_1907	Basel
Sutter	Reinh. Andr.	Wirt	Kembserweg 13	Basel	3345	1907	134	telefonbuch_036	PTT-Archiv, P-260-1_Basel_1907	Basel
Sutter-Siméon	J.		Missionsstrasse 14	Basel	4503	1907	134	telefonbuch_036	PTT-Archiv, P-260-1_Basel_1907	Basel
Sütterlin	Max	heliogr. Atelier	Allschwilerstrasse 67	Basel	908	1907	134	telefonbuch_036	PTT-Archiv, P-260-1_Basel_1907	Basel
Swiss-American Trading Co.			Falknerstrasse 4	Basel	934	1907	134	telefonbuch_036	PTT-Archiv, P-260-1_Basel_1907	Basel
Tanner-Müller	H. A.		Immengasse 8	Basel	549	1907	134	telefonbuch_036	PTT-Archiv, P-260-1_Basel_1907	Basel
Tarifauskunftsstelle der Verkehrs-Inspektion E. L. B.			Bahnhof S. B. B.	Basel	2217	1907	134	telefonbuch_036	PTT-Archiv, P-260-1_Basel_1907	Basel
Täuber-Gisin	Alb.	Conditor	Feldbergstrasse 70	Basel	964	1907	134	telefonbuch_036	PTT-Archiv, P-260-1_Basel_1907	Basel
Täuber-Schweizer	Hch.		St. Johannring 32	Basel	1672	1907	134	telefonbuch_036	PTT-Archiv, P-260-1_Basel_1907	Basel
Täuber & Cie.			Nadelberg 8	Basel	1578	1907	134	telefonbuch_036	PTT-Archiv, P-260-1_Basel_1907	Basel
Täuber & Cie.		Dieselben, Laden	Marktgasse 3	Basel	434	1907	134	telefonbuch_036	PTT-Archiv, P-260-1_Basel_1907	Basel
Tea Planters Ltd.			Thiersteinerallee 24	Basel	1358	1907	134	telefonbuch_036	PTT-Archiv, P-260-1_Basel_1907	Basel
Telephon-Verwaltung		Bureau des Chefs	Blumenrain 2	Basel	73	1907	134	telefonbuch_036	PTT-Archiv, P-260-1_Basel_1907	Basel
Telephon-Verwaltung		Wohnung des Chefs	Mittlerestrasse 78	Basel	95	1907	134	telefonbuch_036	PTT-Archiv, P-260-1_Basel_1907	Basel
Telephon-Verwaltung		Auskunftsbureau	Blumenrain 2	Basel	71	1907	134	telefonbuch_036	PTT-Archiv, P-260-1_Basel_1907	Basel
Telephon-Verwaltung		Technische Abteilung	Blumenrain 2	Basel	73	1907	134	telefonbuch_036	PTT-Archiv, P-260-1_Basel_1907	Basel
Temme	Richard	Dr.	Austrasse 5	Basel	3089	1907	134	telefonbuch_036	PTT-Archiv, P-260-1_Basel_1907	Basel
Temme, Kern & Albrecht			Kaufhausgasse 5	Basel	1966	1907	134	telefonbuch_036	PTT-Archiv, P-260-1_Basel_1907	Basel
Teufel	Philipp	Journalist	Hebelplatz 3	Basel	358	1907	134	telefonbuch_036	PTT-Archiv, P-260-1_Basel_1907	Basel
Teuteberg-Irmler	Heinrich		Greifengasse 16	Basel	970	1907	134	telefonbuch_036	PTT-Archiv, P-260-1_Basel_1907	Basel
Thalmann	Ernst	Dr., Advokat	Freiestrasse 82	Basel	2319	1907	134	telefonbuch_036	PTT-Archiv, P-260-1_Basel_1907	Basel
Theater-Kassenverwaltung			Theaterstrasse 10	Basel	2364	1907	134	telefonbuch_036	PTT-Archiv, P-260-1_Basel_1907	Basel
Theodorsschulhaus			Theodorskirchpl. 3	Basel	4179	1907	134	telefonbuch_036	PTT-Archiv, P-260-1_Basel_1907	Basel
Theuerkauf-Lippe	E.	Plazierungsb. u. Agenturen	Rümelinsplatz 19	Basel	3113	1907	134	telefonbuch_036	PTT-Archiv, P-260-1_Basel_1907	Basel
Thiele & Co.			Steinenthorstrasse 22	Basel	2432	1907	134	telefonbuch_036	PTT-Archiv, P-260-1_Basel_1907	Basel
Thierry & Co.			Spalenring 167	Basel	226	1907	134	telefonbuch_036	PTT-Archiv, P-260-1_Basel_1907	Basel
Thoma	H.	Bierbrauerei, Bureau	St. Jakobstrasse 3	Basel	2042	1907	134	telefonbuch_036	PTT-Archiv, P-260-1_Basel_1907	Basel
Thoma	H.	Derselbe, Wirtschaft	St. Jakobstrasse 3	Basel	3722	1907	134	telefonbuch_036	PTT-Archiv, P-260-1_Basel_1907	Basel
Thomann	Georg	Metzger	Webergasse 38	Basel	1227	1907	134	telefonbuch_036	PTT-Archiv, P-260-1_Basel_1907	Basel
Thomas Platter - Schulhaus			Claragraben 40	Basel	656	1907	134	telefonbuch_036	PTT-Archiv, P-260-1_Basel_1907	Basel
Thommen-Bregger	G. Fr.	Fuhrhalter	Grenzacherstrasse 87	Basel	3733	1907	134	telefonbuch_036	PTT-Archiv, P-260-1_Basel_1907	Basel
Thommen-Flubacher	George		Thiersteinerallee 33	Basel	3979	1907	134	telefonbuch_036	PTT-Archiv, P-260-1_Basel_1907	Basel
Thommen	Hans	Baugeschäft	Hammerstrasse 192	Basel	44	1907	134	telefonbuch_036	PTT-Archiv, P-260-1_Basel_1907	Basel
Thommen Sohn	Joh.		Freiestrasse 53	Basel	1912	1907	134	telefonbuch_036	PTT-Archiv, P-260-1_Basel_1907	Basel
Thommen-Meyer	M.	Wwe.	Grenzacherstrasse 82	Basel	3176	1907	134	telefonbuch_036	PTT-Archiv, P-260-1_Basel_1907	Basel
Thommen	Rudolf		Römergasse 7	Basel	1151	1907	134	telefonbuch_036	PTT-Archiv, P-260-1_Basel_1907	Basel
Thommen	Rud.	Dr.	Angensteinerstr. 21	Basel	3676	1907	134	telefonbuch_036	PTT-Archiv, P-260-1_Basel_1907	Basel
Thommen-Vogt	Alb.	Emigranten-Asyl	Hochstrasse 34	Basel	1518	1907	134	telefonbuch_036	PTT-Archiv, P-260-1_Basel_1907	Basel
Thommen-Weissenberger	Adèle	Frau Dr., prakt. Aerztin	Holbeinstrasse 57	Basel	3096	1907	134	telefonbuch_036	PTT-Archiv, P-260-1_Basel_1907	Basel
Thommen-Wilhelm	G.	Metzger	Birsigstrasse 88	Basel	2552	1907	135	telefonbuch_037	PTT-Archiv, P-260-1_Basel_1907	Basel
Thöni-Brutschin	P.	Bäckermeister	Sattelgasse 8	Basel	1550	1907	135	telefonbuch_037	PTT-Archiv, P-260-1_Basel_1907	Basel
Thöni-Seiler	J.	Bäckermeister	Austrasse 58	Basel	320	1907	135	telefonbuch_037	PTT-Archiv, P-260-1_Basel_1907	Basel
Thooft	J.		Byfangweg 11	Basel	2556	1907	135	telefonbuch_037	PTT-Archiv, P-260-1_Basel_1907	Basel
Thürkauf-Frank	Emil	Wirt	Webergasse 23	Basel	1203	1907	135	telefonbuch_037	PTT-Archiv, P-260-1_Basel_1907	Basel
Thurneysen-Hoffmann	A.	Wwe.	St. Albanvorstadt 87	Basel	4136	1907	135	telefonbuch_037	PTT-Archiv, P-260-1_Basel_1907	Basel
Thurneysen	Lydia	Wasch- und Glätterei	Rudolfstrasse 44	Basel	267	1907	135	telefonbuch_037	PTT-Archiv, P-260-1_Basel_1907	Basel
Thurneysen & Co.			Rittergasse 12	Basel	1756	1907	135	telefonbuch_037	PTT-Archiv, P-260-1_Basel_1907	Basel
Thurneysen & Co.		Dieselben	Eptingerstrasse 4	Basel	2143	1907	135	telefonbuch_037	PTT-Archiv, P-260-1_Basel_1907	Basel
Tissot	Ed.	Dr.	Wartenbergstrasse 9	Basel	1096	1907	135	telefonbuch_037	PTT-Archiv, P-260-1_Basel_1907	Basel
Tobler	Adolf		Burgfelderstrasse 7	Basel	839	1907	135	telefonbuch_037	PTT-Archiv, P-260-1_Basel_1907	Basel
Tobler-Nussbaum	Henri		Clarastrasse 39	Basel	2434	1907	135	telefonbuch_037	PTT-Archiv, P-260-1_Basel_1907	Basel
Tobler	Victor		Dornacherstrasse 26	Basel	3900	1907	135	telefonbuch_037	PTT-Archiv, P-260-1_Basel_1907	Basel
Töchterschule			Kanonengasse 10	Basel	3064	1907	135	telefonbuch_037	PTT-Archiv, P-260-1_Basel_1907	Basel
Tollmann	John		Theaterstrasse 22	Basel	638	1907	135	telefonbuch_037	PTT-Archiv, P-260-1_Basel_1907	Basel
Tollmann	John	& Co., Ceylon Import House	Riehenthorstrasse 33	Basel	478	1907	135	telefonbuch_037	PTT-Archiv, P-260-1_Basel_1907	Basel
Torrisi-Meyer	N.		Herrengrabenweg 11	Basel	127	1907	135	telefonbuch_037	PTT-Archiv, P-260-1_Basel_1907	Basel
Tourailles	D.	de la maison Bardet & Cie, Genève	Theaterstrasse 10	Basel	457	1907	135	telefonbuch_037	PTT-Archiv, P-260-1_Basel_1907	Basel
Tramêr	D.	Dr. med.	Klingenthalgr. 37	Basel	1225	1907	135	telefonbuch_037	PTT-Archiv, P-260-1_Basel_1907	Basel
Träris	Friedr.	Küferei und Weinhandlung	Petersgasse 38	Basel	1719	1907	135	telefonbuch_037	PTT-Archiv, P-260-1_Basel_1907	Basel
Traub	Wilhelm	Bäckerei	Elsässerstrasse 46	Basel	269	1907	135	telefonbuch_037	PTT-Archiv, P-260-1_Basel_1907	Basel
Trautmann-Lange	W.	Metzger	Bläsiringweg 75	Basel	3362	1907	135	telefonbuch_037	PTT-Archiv, P-260-1_Basel_1907	Basel
Trautwein	C.		Spalenring 125	Basel	3085	1907	135	telefonbuch_037	PTT-Archiv, P-260-1_Basel_1907	Basel
Treu-Neukomm	L.	(Haasenstein & Vogler)	Maiengasse 64	Basel	1467	1907	135	telefonbuch_037	PTT-Archiv, P-260-1_Basel_1907	Basel
de Trey		Dr. V.	St. Albanvorstadt 42	Basel	1844	1907	135	telefonbuch_037	PTT-Archiv, P-260-1_Basel_1907	Basel
Trinler-Hosch	W.		Sevogelstrasse 51	Basel	1025	1907	135	telefonbuch_037	PTT-Archiv, P-260-1_Basel_1907	Basel
Tripet	Jul.	Agent	Florastrasse 13	Basel	1289	1907	135	telefonbuch_037	PTT-Archiv, P-260-1_Basel_1907	Basel
Tritschler	J. A.	Söhne	Kaufhausgasse 4	Basel	1967	1907	135	telefonbuch_037	PTT-Archiv, P-260-1_Basel_1907	Basel
Trœndle	Joseph	Metzger	Birsigstrasse 90	Basel	2974	1907	135	telefonbuch_037	PTT-Archiv, P-260-1_Basel_1907	Basel
Troendle	K.		Thiersteinerallee 81	Basel	1635	1907	135	telefonbuch_037	PTT-Archiv, P-260-1_Basel_1907	Basel
Troxler-von Speyr	Alb.	Direktor der Bâloise	Peter Merianstr. 54	Basel	2150	1907	135	telefonbuch_037	PTT-Archiv, P-260-1_Basel_1907	Basel
Trueb-Gassler	J.		Mittlerestrasse 55	Basel	1472	1907	135	telefonbuch_037	PTT-Archiv, P-260-1_Basel_1907	Basel
Trüdinger	Philipp		Rennweg 2	Basel	3798	1907	135	telefonbuch_037	PTT-Archiv, P-260-1_Basel_1907	Basel
Trussi	Giac.	Comestibles	Güterstrasse 118	Basel	2663	1907	135	telefonbuch_037	PTT-Archiv, P-260-1_Basel_1907	Basel
Tschan	H.	Glasermeister	Schneidergasse 8	Basel	4	1907	135	telefonbuch_037	PTT-Archiv, P-260-1_Basel_1907	Basel
Tschann	S.	Wwe., Ofenbauer	Holbeinstrasse 54	Basel	2963	1907	135	telefonbuch_037	PTT-Archiv, P-260-1_Basel_1907	Basel
Tscherter	Friedr.	Baugeschäft	Davidsbodenstr. 13	Basel	3346	1907	135	telefonbuch_037	PTT-Archiv, P-260-1_Basel_1907	Basel
Tschopp-Bruckner	Wilhelm		Austrasse 45	Basel	743	1907	135	telefonbuch_037	PTT-Archiv, P-260-1_Basel_1907	Basel
Tschopp	Jacob	Architekt	Sempacherstrasse 34	Basel	414	1907	135	telefonbuch_037	PTT-Archiv, P-260-1_Basel_1907	Basel
Tschopp	W.	vorm. Gebr. Tschopp	Steinenthorstrasse 1	Basel	2173	1907	135	telefonbuch_037	PTT-Archiv, P-260-1_Basel_1907	Basel
Tschudi-Haag	Elise	Wwe.	Leonhardstrasse 37	Basel	3034	1907	135	telefonbuch_037	PTT-Archiv, P-260-1_Basel_1907	Basel
Tschudi	Otto		Gartenstrasse 70	Basel	3929	1907	135	telefonbuch_037	PTT-Archiv, P-260-1_Basel_1907	Basel
Tschudy-Pümpin	W.		Solothurnerstr. 93	Basel	4194	1907	135	telefonbuch_037	PTT-Archiv, P-260-1_Basel_1907	Basel
Typographia-Druckerei			Aeschenvorstadt 34	Basel	2697	1907	135	telefonbuch_037	PTT-Archiv, P-260-1_Basel_1907	Basel
Uebele-Ammann	Herm.	Wirt	Steinenthorstrasse 34	Basel	3862	1907	135	telefonbuch_037	PTT-Archiv, P-260-1_Basel_1907	Basel
Uebelin	Fr. W.	Baumeister	Güterstrasse 92	Basel	2447	1907	135	telefonbuch_037	PTT-Archiv, P-260-1_Basel_1907	Basel
Uehlinger-Heussy	H.		Feierabendstr. 63	Basel	2152	1907	135	telefonbuch_037	PTT-Archiv, P-260-1_Basel_1907	Basel
Uehlinger	J. J.	Seiler	Greifengasse 8	Basel	1260	1907	135	telefonbuch_037	PTT-Archiv, P-260-1_Basel_1907	Basel
Uehlinger-Koeber	J.	Sattlermeister	Leonhardsgraben 43	Basel	2180	1907	136	telefonbuch_038	PTT-Archiv, P-260-1_Basel_1907	Basel
Uhlmann-Becker	L.	Frau	Missionsstrasse 7	Basel	2629	1907	136	telefonbuch_038	PTT-Archiv, P-260-1_Basel_1907	Basel
Uhlmann	Wilhelm		Delsbergerallee 5	Basel	4086	1907	136	telefonbuch_038	PTT-Archiv, P-260-1_Basel_1907	Basel
Ullmann	M.		Leimenstrasse 22	Basel	3402	1907	136	telefonbuch_038	PTT-Archiv, P-260-1_Basel_1907	Basel
Ulmo	A.		Freiestrasse 3	Basel	1322	1907	136	telefonbuch_038	PTT-Archiv, P-260-1_Basel_1907	Basel
Umbeer-Hunkeler	H.	Bäckerei	Klingenthalstr. 53	Basel	825	1907	136	telefonbuch_038	PTT-Archiv, P-260-1_Basel_1907	Basel
Unfallbureau			Rathaus	Basel	137	1907	136	telefonbuch_038	PTT-Archiv, P-260-1_Basel_1907	Basel
Union-Club			Steinenberg 7	Basel	1979	1907	136	telefonbuch_038	PTT-Archiv, P-260-1_Basel_1907	Basel
Union-Reklame			Falknerstrasse 2	Basel	4419	1907	136	telefonbuch_038	PTT-Archiv, P-260-1_Basel_1907	Basel
Union Ticket Office		(H. Demeestere)	Heumattstrasse 21	Basel	627	1907	136	telefonbuch_038	PTT-Archiv, P-260-1_Basel_1907	Basel
Univers Hôtel (Grand Hôtel) A.-G.			Centralbahnstrasse 7	Basel	899	1907	136	telefonbuch_038	PTT-Archiv, P-260-1_Basel_1907	Basel
Universität			Rheinsprung 7	Basel	1169	1907	136	telefonbuch_038	PTT-Archiv, P-260-1_Basel_1907	Basel
Universität		siehe Sekretariat der Regenz	Rheinsprung 7	Basel		1907	136	telefonbuch_038	PTT-Archiv, P-260-1_Basel_1907	Basel
Ursprung-Fiechter			Rheingasse 68	Basel	1190	1907	136	telefonbuch_038	PTT-Archiv, P-260-1_Basel_1907	Basel
Ursprung	L.		Binningerstrasse 9	Basel	4128	1907	136	telefonbuch_038	PTT-Archiv, P-260-1_Basel_1907	Basel
Valentin	N.	Vertr. v. R. Gintzburger & fils.	Spalenring 18	Basel	3513	1907	136	telefonbuch_038	PTT-Archiv, P-260-1_Basel_1907	Basel
Van Bærle-Maué	F.	(Wohnung)	Gundoldingerstr. 125	Basel	3508	1907	136	telefonbuch_038	PTT-Archiv, P-260-1_Basel_1907	Basel
Vanderborght frères		(Agent T. Wirz-Lüscher)	Holbeinstrasse 58	Basel	3062	1907	136	telefonbuch_038	PTT-Archiv, P-260-1_Basel_1907	Basel
Veillon-Burckhardt	Johanna	Wwe.	Gartenstrasse 9	Basel	2296	1907	136	telefonbuch_038	PTT-Archiv, P-260-1_Basel_1907	Basel
Veit	Albert Emil		Hardstrasse 103	Basel	143	1907	136	telefonbuch_038	PTT-Archiv, P-260-1_Basel_1907	Basel
Veit	E.	& Co., Cigarrenfabrik	Itelpfad 1	Basel	3852	1907	136	telefonbuch_038	PTT-Archiv, P-260-1_Basel_1907	Basel
Veit	Gustav		Gartenstrasse 58	Basel	4241	1907	136	telefonbuch_038	PTT-Archiv, P-260-1_Basel_1907	Basel
Veit-Levintass	R.	Wwe.	Sonnenweg 12	Basel	3366	1907	136	telefonbuch_038	PTT-Archiv, P-260-1_Basel_1907	Basel
Veit	Rudolf		Langegasse 9	Basel	1588	1907	136	telefonbuch_038	PTT-Archiv, P-260-1_Basel_1907	Basel
Verband schweiz. Konsumvereine			Thiersteinerallee 14	Basel	2162	1907	136	telefonbuch_038	PTT-Archiv, P-260-1_Basel_1907	Basel
Verband schweiz. Konsumvereine		Sekretariat	Thiersteinerallee 14	Basel	3659	1907	136	telefonbuch_038	PTT-Archiv, P-260-1_Basel_1907	Basel
Verband schweiz. Konsumvereine		siehe Pratteln		Basel	708	1907	136	telefonbuch_038	PTT-Archiv, P-260-1_Basel_1907	Basel
Verbandstoff-Fabrik Schaffhausen		Filiale Basel	Gerbergasse 38	Basel	3005	1907	136	telefonbuch_038	PTT-Archiv, P-260-1_Basel_1907	Basel
Vereinigte Mineralwasserfabriken		Schopfer, Winter & Wildprath, Inh. Th. Wildprath	Müllheimerstrasse 89	Basel	3476	1907	136	telefonbuch_038	PTT-Archiv, P-260-1_Basel_1907	Basel
Vereinshaus		christliches	Nadelberg 6	Basel	1420	1907	136	telefonbuch_038	PTT-Archiv, P-260-1_Basel_1907	Basel
Verkehrsbureau		öffentliches	Falknerstrasse 2	Basel	1324	1907	136	telefonbuch_038	PTT-Archiv, P-260-1_Basel_1907	Basel
Verkehrs-Insp. E. L. B.		siehe Tarifauskunftsstelle		Basel	2217	1907	136	telefonbuch_038	PTT-Archiv, P-260-1_Basel_1907	Basel
Verlagsdruckerei		schweiz.	Leonhardstrasse 10	Basel	2511	1907	136	telefonbuch_038	PTT-Archiv, P-260-1_Basel_1907	Basel
Verwaltung der öffentlichen Materiallagerplätze			auf dem Dreispitz	Basel	4257	1907	136	telefonbuch_038	PTT-Archiv, P-260-1_Basel_1907	Basel
Vest	Arnold		Freiestrasse 24	Basel	2035	1907	136	telefonbuch_038	PTT-Archiv, P-260-1_Basel_1907	Basel
Vest Eckel & Co.		Bank	Freiestrasse 38	Basel	2022	1907	136	telefonbuch_038	PTT-Archiv, P-260-1_Basel_1907	Basel
Vest Eckel & Co.		Börse	Gerbergasse 13	Basel	1418	1907	136	telefonbuch_038	PTT-Archiv, P-260-1_Basel_1907	Basel
Vest Eckel & Co.		Börse	Gerbergasse 13	Basel	747	1907	136	telefonbuch_038	PTT-Archiv, P-260-1_Basel_1907	Basel
Vest-Greppin	Rud.		Austrasse 33	Basel	3078	1907	136	telefonbuch_038	PTT-Archiv, P-260-1_Basel_1907	Basel
Vest-Gysin	G. Rudolf		Steinenring 12	Basel	2970	1907	136	telefonbuch_038	PTT-Archiv, P-260-1_Basel_1907	Basel
Vetter-Stocker	Ferd.	Schlosserei	Hebelstrasse 52	Basel	1567	1907	136	telefonbuch_038	PTT-Archiv, P-260-1_Basel_1907	Basel
Vettiger	Carl	Dr., Arzt, Praxis	Mostackerstrasse 10	Basel	3183	1907	136	telefonbuch_038	PTT-Archiv, P-260-1_Basel_1907	Basel
Vettiger	Carl	Dr., Arzt, Wohnung	Petersgraben 61	Basel	232	1907	136	telefonbuch_038	PTT-Archiv, P-260-1_Basel_1907	Basel
Vicarino	C.	Ingenieur	Holbeinstrasse 75	Basel	2537	1907	136	telefonbuch_038	PTT-Archiv, P-260-1_Basel_1907	Basel
Vicarino	Emile		Therwilerstrasse 31	Basel	2858	1907	136	telefonbuch_038	PTT-Archiv, P-260-1_Basel_1907	Basel
Viehoff	Hermann D.	Consulat der Niederlande	Burgunderstrasse 5	Basel	3081	1907	136	telefonbuch_038	PTT-Archiv, P-260-1_Basel_1907	Basel
Villa-Fischer	A.	Baugeschäft	Strassburgerallee 80	Basel	3901	1907	137	telefonbuch_039	PTT-Archiv, P-260-1_Basel_1907	Basel
Villiger-Beltz	J.	Tapezierer	Spalenthorweg 14	Basel	2357	1907	137	telefonbuch_039	PTT-Archiv, P-260-1_Basel_1907	Basel
Villiger	E.	Dr., Arzt	Freiestrasse 42	Basel	188	1907	137	telefonbuch_039	PTT-Archiv, P-260-1_Basel_1907	Basel
Vischer-Bachofen	Fritz		Rittergasse 19	Basel	1046	1907	137	telefonbuch_039	PTT-Archiv, P-260-1_Basel_1907	Basel
Vischer-Beck	Bertha	Wwe.	Gartenstrasse 93	Basel	4304	1907	137	telefonbuch_039	PTT-Archiv, P-260-1_Basel_1907	Basel
Vischer-Bölger	A.		Aeschengraben 31	Basel	2151	1907	137	telefonbuch_039	PTT-Archiv, P-260-1_Basel_1907	Basel
Vischer-Burckhardt	P.		Rittergasse 35	Basel	1776	1907	137	telefonbuch_039	PTT-Archiv, P-260-1_Basel_1907	Basel
Vischer-Burckhardt	P.		Riehenstrasse 274	Basel	3838	1907	137	telefonbuch_039	PTT-Archiv, P-260-1_Basel_1907	Basel
Vischer-Burckhardt	Rudolf		Sevogelstrasse 11	Basel	3595	1907	137	telefonbuch_039	PTT-Archiv, P-260-1_Basel_1907	Basel
Vischer-Burckhardt	Rudolf	Stallung	Sevogelstrasse 11	Basel	3779	1907	137	telefonbuch_039	PTT-Archiv, P-260-1_Basel_1907	Basel
Vischer-Christ	Rud.		St. Jakobstrasse 55	Basel	3683	1907	137	telefonbuch_039	PTT-Archiv, P-260-1_Basel_1907	Basel
Vischer	E.	Architekt	Langegasse 88	Basel	3799	1907	137	telefonbuch_039	PTT-Archiv, P-260-1_Basel_1907	Basel
Vischer-Heussler	S.	Frau	Nauenstrasse 43	Basel	2157	1907	137	telefonbuch_039	PTT-Archiv, P-260-1_Basel_1907	Basel
Vischer-Iselin	Wilh.	Dr., Advokat und Notar	Rittergasse 31	Basel	4280	1907	137	telefonbuch_039	PTT-Archiv, P-260-1_Basel_1907	Basel
Vischer-Iselin	G.	Wwe.	Gartenstrasse 22	Basel	2311	1907	137	telefonbuch_039	PTT-Archiv, P-260-1_Basel_1907	Basel
Vischer-Köchlin	E.	Prof.	Sevogelstrasse 70	Basel	3953	1907	137	telefonbuch_039	PTT-Archiv, P-260-1_Basel_1907	Basel
Vischer-Krayer	A.		Rennweg 40	Basel	472	1907	137	telefonbuch_039	PTT-Archiv, P-260-1_Basel_1907	Basel
Vischer-Passavant	Th.	Frau Dr.	St. Albanvorst. 45	Basel	1853	1907	137	telefonbuch_039	PTT-Archiv, P-260-1_Basel_1907	Basel
Vischer	Peter		Angensteinerstr. 7	Basel	3971	1907	137	telefonbuch_039	PTT-Archiv, P-260-1_Basel_1907	Basel
Vischer	Peter	Stallung	Hardstrasse 43	Basel	1284	1907	137	telefonbuch_039	PTT-Archiv, P-260-1_Basel_1907	Basel
Vischer-Speiser	C. E.		Langegasse 41	Basel	3967	1907	137	telefonbuch_039	PTT-Archiv, P-260-1_Basel_1907	Basel
Vischer & Co.		Comptoir	Rheinsprung 16	Basel	1305	1907	137	telefonbuch_039	PTT-Archiv, P-260-1_Basel_1907	Basel
Vischer & Co.		Fergstube	Martinsgasse 6	Basel	1303	1907	137	telefonbuch_039	PTT-Archiv, P-260-1_Basel_1907	Basel
Vischer & Co.		Fabrik	Sperrstrasse 46	Basel	3297	1907	137	telefonbuch_039	PTT-Archiv, P-260-1_Basel_1907	Basel
Vischer & Co.		Winderei	Oberwilerstrasse 133	Basel	2529	1907	137	telefonbuch_039	PTT-Archiv, P-260-1_Basel_1907	Basel
Vischer-Vischer	Carl		Sevogelstrasse 54	Basel	1178	1907	137	telefonbuch_039	PTT-Archiv, P-260-1_Basel_1907	Basel
Vischer-VonderMühll	Carl		Gellertstrasse 45	Basel	3594	1907	137	telefonbuch_039	PTT-Archiv, P-260-1_Basel_1907	Basel
Vischer-VonderMühll	Carl		Rheinsprung 16	Basel	1312	1907	137	telefonbuch_039	PTT-Archiv, P-260-1_Basel_1907	Basel
Vischer-VonderMühll	Th.		St. Albanvorstadt 5	Basel	781	1907	137	telefonbuch_039	PTT-Archiv, P-260-1_Basel_1907	Basel
Vitek	J. C.	Schwarzwald-Apotheke	Maulbeerweg 9	Basel	3379	1907	137	telefonbuch_039	PTT-Archiv, P-260-1_Basel_1907	Basel
Vogel	R.	Dr.	St. Albananlage 50	Basel	867	1907	137	telefonbuch_039	PTT-Archiv, P-260-1_Basel_1907	Basel
Vogel-Keller	Eugen		Immengasse 15	Basel	514	1907	137	telefonbuch_039	PTT-Archiv, P-260-1_Basel_1907	Basel
Vogel	Theophil		Ob. Rheinweg 91	Basel	3643	1907	137	telefonbuch_039	PTT-Archiv, P-260-1_Basel_1907	Basel
Vogelbach	Hans	Dr.	Aeschengraben 32	Basel	2034	1907	137	telefonbuch_039	PTT-Archiv, P-260-1_Basel_1907	Basel
Vogelbach	M.		Inn. Margaretenstr. 14	Basel	1705	1907	137	telefonbuch_039	PTT-Archiv, P-260-1_Basel_1907	Basel
Vögelin	Herm.		Birkenstrasse 42	Basel	21	1907	137	telefonbuch_039	PTT-Archiv, P-260-1_Basel_1907	Basel
Vogelsang	J.	Gärtnermeister	Spalenberg 28	Basel	1619	1907	137	telefonbuch_039	PTT-Archiv, P-260-1_Basel_1907	Basel
Vogelsanger	S.	Photograph	Ob. Heuberg 6	Basel	2815	1907	137	telefonbuch_039	PTT-Archiv, P-260-1_Basel_1907	Basel
Vogt-Aeschbach	E.	Hotel Vogt	Küchegässlein 22	Basel	2345	1907	137	telefonbuch_039	PTT-Archiv, P-260-1_Basel_1907	Basel
Vogt-Diringer	B.	Wwe.	Landskronstrasse 1	Basel	2992	1907	137	telefonbuch_039	PTT-Archiv, P-260-1_Basel_1907	Basel
Vogt-Gehrig	O.	Hôtel St. Gotthard-Terminus	Centralbahnstr. 13	Basel	3928	1907	137	telefonbuch_039	PTT-Archiv, P-260-1_Basel_1907	Basel
Vogt	J.	Malermeister	Unterer Heuberg 25	Basel	3087	1907	137	telefonbuch_039	PTT-Archiv, P-260-1_Basel_1907	Basel
Vogt	J.		Holbeinstrasse 5	Basel	2706	1907	137	telefonbuch_039	PTT-Archiv, P-260-1_Basel_1907	Basel
Vogt-Werdenberg	A.	Baugeschäft	Bärenfelserstr. 18	Basel	3336	1907	137	telefonbuch_039	PTT-Archiv, P-260-1_Basel_1907	Basel
Vogt-Werdenberg	A.	Wohnung	Marschalkenstr. 21	Basel	4018	1907	137	telefonbuch_039	PTT-Archiv, P-260-1_Basel_1907	Basel
Vohland & Bär		A.-G., Eisenbaugeschäft	Kanonengasse 3	Basel	2532	1907	137	telefonbuch_039	PTT-Archiv, P-260-1_Basel_1907	Basel
Vohrer-Leimbacher	G.	Konditor	Blumenrain 18	Basel	1378	1907	137	telefonbuch_039	PTT-Archiv, P-260-1_Basel_1907	Basel
Voigt	E. & O.		Freiestrasse 91	Basel	3319	1907	137	telefonbuch_039	PTT-Archiv, P-260-1_Basel_1907	Basel
Vorderauer	C.		Mittlerestrasse 58	Basel	1461	1907	137	telefonbuch_039	PTT-Archiv, P-260-1_Basel_1907	Basel
Völker		Gebrüder	Sattelgasse 11	Basel	1557	1907	138	telefonbuch_041	PTT-Archiv, P-260-1_Basel_1907	Basel
Volkmer & Huber			Holeestrasse 105	Basel	241	1907	138	telefonbuch_041	PTT-Archiv, P-260-1_Basel_1907	Basel
Völlmin-Herzig	Ad.	Holz- und Kohlenhandlung	Hardstrasse 88	Basel	2962	1907	138	telefonbuch_041	PTT-Archiv, P-260-1_Basel_1907	Basel
Völlmy	Hans	Dr.	Grellingerstrasse 13	Basel	3905	1907	138	telefonbuch_041	PTT-Archiv, P-260-1_Basel_1907	Basel
VonderMühll	A. M.		Sempacherstrasse 59	Basel	4013	1907	138	telefonbuch_041	PTT-Archiv, P-260-1_Basel_1907	Basel
VonderMühll-Bachofen			St. Jakobstrasse 12	Basel	2317	1907	138	telefonbuch_041	PTT-Archiv, P-260-1_Basel_1907	Basel
VonderMühll-Burckhardt	C.		Gellertstrasse 25	Basel	4107	1907	138	telefonbuch_041	PTT-Archiv, P-260-1_Basel_1907	Basel
VonderMühll-Christ	Aug.		Gellertstrasse 16	Basel	4060	1907	138	telefonbuch_041	PTT-Archiv, P-260-1_Basel_1907	Basel
VonderMühll	P.	Dr. med.	Aeschengraben 20	Basel	2336	1907	138	telefonbuch_041	PTT-Archiv, P-260-1_Basel_1907	Basel
VonderMühll	Elisabeth		St. Albanvorstadt 2	Basel	1722	1907	138	telefonbuch_041	PTT-Archiv, P-260-1_Basel_1907	Basel
VonderMühll-Kern	Wilh.	Dr.	St. Albanvorstadt 24	Basel	1825	1907	138	telefonbuch_041	PTT-Archiv, P-260-1_Basel_1907	Basel
VonderMühll	Marie		Sevogelstrasse 1	Basel	4200	1907	138	telefonbuch_041	PTT-Archiv, P-260-1_Basel_1907	Basel
VonderMühll-Merian	A.		St. Jakobstrasse 8	Basel	2071	1907	138	telefonbuch_041	PTT-Archiv, P-260-1_Basel_1907	Basel
VonderMühll-Merian	Wilh.	Dr.	St. Albangraben 6	Basel	1891	1907	138	telefonbuch_041	PTT-Archiv, P-260-1_Basel_1907	Basel
VonderMühll	Karl	Prof.	Rittergasse 10	Basel	1060	1907	138	telefonbuch_041	PTT-Archiv, P-260-1_Basel_1907	Basel
VonderMühll-Ryhiner	A.		Hirzbodenweg 83	Basel	4261	1907	138	telefonbuch_041	PTT-Archiv, P-260-1_Basel_1907	Basel
VonderMühll	A.	Sohn	Eisengasse 23	Basel	1585	1907	138	telefonbuch_041	PTT-Archiv, P-260-1_Basel_1907	Basel
VonderMühll-Vischer	F.		Engelgasse 77	Basel	3663	1907	138	telefonbuch_041	PTT-Archiv, P-260-1_Basel_1907	Basel
Vonkilch	Georg		Mittlerestrasse 48	Basel	1468	1907	138	telefonbuch_041	PTT-Archiv, P-260-1_Basel_1907	Basel
Von Rufs	H.	Spenglerei	St. Johannvorst. 25	Basel	1388	1907	138	telefonbuch_041	PTT-Archiv, P-260-1_Basel_1907	Basel
Vortisch-Burckhardt	R.		Utengasse 48	Basel	1144	1907	138	telefonbuch_041	PTT-Archiv, P-260-1_Basel_1907	Basel
Vortisch	F.		Steinenvorstadt 23	Basel	2808	1907	138	telefonbuch_041	PTT-Archiv, P-260-1_Basel_1907	Basel
Voss-Mehlhorn	Th.	Tapezierermeister	Rudolfstrasse 33	Basel	949	1907	138	telefonbuch_041	PTT-Archiv, P-260-1_Basel_1907	Basel
Vuilleumier	O.	St. Jakobs-Apotheke	Aeschenvorstadt 68	Basel	2065	1907	138	telefonbuch_041	PTT-Archiv, P-260-1_Basel_1907	Basel
Wachendorf	L.		Freiestrasse 26	Basel	2023	1907	138	telefonbuch_041	PTT-Archiv, P-260-1_Basel_1907	Basel
Wachter & Beck			Spiegelgasse 2	Basel	1362	1907	138	telefonbuch_041	PTT-Archiv, P-260-1_Basel_1907	Basel
Wachter-Huber	S. L.	Wwe.	Eulerstrasse 13	Basel	152	1907	138	telefonbuch_041	PTT-Archiv, P-260-1_Basel_1907	Basel
Wächter-Bohrer & Sohn		Holzhandlung	Kannenfeldstr. 24	Basel	1445	1907	138	telefonbuch_041	PTT-Archiv, P-260-1_Basel_1907	Basel
Wächter-Haefeli	J.	Hotel Schwarzer Ochsen	Schützenmattstr. 2	Basel	2691	1907	138	telefonbuch_041	PTT-Archiv, P-260-1_Basel_1907	Basel
Wächter & Co.			Güterstrasse 172	Basel	3774	1907	138	telefonbuch_041	PTT-Archiv, P-260-1_Basel_1907	Basel
Waechter-Ullmann	Hans		Freiestrasse 9	Basel	4409	1907	138	telefonbuch_041	PTT-Archiv, P-260-1_Basel_1907	Basel
Wacker-Waldmeier	P. F.		Elisabethenstr. 53	Basel	2155	1907	138	telefonbuch_041	PTT-Archiv, P-260-1_Basel_1907	Basel
Wackernagel-Kellermann	C. R.		Maiengasse 60	Basel	1628	1907	138	telefonbuch_041	PTT-Archiv, P-260-1_Basel_1907	Basel
Wackernagel	Rud.	Dr.	Brunngasse 11	Basel	1915	1907	138	telefonbuch_041	PTT-Archiv, P-260-1_Basel_1907	Basel
Wackernagel-Merian	G.		Langegasse 74	Basel	3685	1907	138	telefonbuch_041	PTT-Archiv, P-260-1_Basel_1907	Basel
Wackernagel-Oser	M.	Wwe.	Birmannsgasse 39	Basel	1548	1907	138	telefonbuch_041	PTT-Archiv, P-260-1_Basel_1907	Basel
Waffenschmidt	K.	Charcuterie	Spalenberg 37	Basel	2777	1907	138	telefonbuch_041	PTT-Archiv, P-260-1_Basel_1907	Basel
Wäffler	Arthur		Martinsgasse 15	Basel	4057	1907	138	telefonbuch_041	PTT-Archiv, P-260-1_Basel_1907	Basel
Waeffler-Bachmann	A.	Wwe.	Lothringerstrasse 17	Basel	4158	1907	138	telefonbuch_041	PTT-Archiv, P-260-1_Basel_1907	Basel
Wäffler-Sevin	Hans		Arnold Böcklinstr. 11	Basel	157	1907	138	telefonbuch_041	PTT-Archiv, P-260-1_Basel_1907	Basel
Wäffler & Wybert			Martinsgasse 13	Basel	1311	1907	138	telefonbuch_041	PTT-Archiv, P-260-1_Basel_1907	Basel
Wagner-Bürgin	Gust.		Sternengasse 27	Basel	3540	1907	138	telefonbuch_041	PTT-Archiv, P-260-1_Basel_1907	Basel
Wagner	August	Autogarage	Elsässerstrasse 128	Basel	3212	1907	138	telefonbuch_041	PTT-Archiv, P-260-1_Basel_1907	Basel
Wagner-Wagner	Hermann	(Wohnung)	Holbeinstrasse 56	Basel	807	1907	138	telefonbuch_041	PTT-Archiv, P-260-1_Basel_1907	Basel
Wahl	Fritz	Ingenieur	Ahornstrasse 11	Basel	2284	1907	138	telefonbuch_041	PTT-Archiv, P-260-1_Basel_1907	Basel
Wahl	Jacques	Schlossermeister	Steinenbachgässel. 20	Basel	2375	1907	138	telefonbuch_041	PTT-Archiv, P-260-1_Basel_1907	Basel
Waehrer	Jean		Friedrichstrasse 24	Basel	2645	1907	138	telefonbuch_041	PTT-Archiv, P-260-1_Basel_1907	Basel
Waibel	A.		Sempacherstrasse 24	Basel	4005	1907	139	telefonbuch_042	PTT-Archiv, P-260-1_Basel_1907	Basel
Waibel-Schneider	M.	Frau, Hebamme	Schnabelgasse 8	Basel	498	1907	139	telefonbuch_042	PTT-Archiv, P-260-1_Basel_1907	Basel
Waisenamt		(Mentelinhof)	Münsterplatz 14	Basel	1070	1907	139	telefonbuch_042	PTT-Archiv, P-260-1_Basel_1907	Basel
Waisenhaus		(Bürgerl. Waisenanstalt), Waisenvater	Theodorskirchplatz 7	Basel	1153	1907	139	telefonbuch_042	PTT-Archiv, P-260-1_Basel_1907	Basel
Dasselbe		(Verwalterbureau)	Theodorskirchplatz 7	Basel	1132	1907	139	telefonbuch_042	PTT-Archiv, P-260-1_Basel_1907	Basel
Waiz-Gardin	M.	Wirt	Binningerstrasse 35	Basel	2290	1907	139	telefonbuch_042	PTT-Archiv, P-260-1_Basel_1907	Basel
Walch	Emil		Mittlerestrasse 59	Basel	4465	1907	139	telefonbuch_042	PTT-Archiv, P-260-1_Basel_1907	Basel
von Waldkirch	Erwin	Ingenieur S. B. B.	Neubadstrasse 7	Basel	3652	1907	139	telefonbuch_042	PTT-Archiv, P-260-1_Basel_1907	Basel
Waldsburger-Schlatter	Jb.		Hägenheimerstr. 271	Basel	199	1907	139	telefonbuch_042	PTT-Archiv, P-260-1_Basel_1907	Basel
Wallburg-Mäglin	Th.	Gärtnermeister	Solothurnerstr. 78	Basel	795	1907	139	telefonbuch_042	PTT-Archiv, P-260-1_Basel_1907	Basel
Walser	Friedr.	Architekt	Schönbeinstrasse 21	Basel	2605	1907	139	telefonbuch_042	PTT-Archiv, P-260-1_Basel_1907	Basel
Walser & Groshaupt		Möbelschreinerei	Davidsbodenstr. 15	Basel	280	1907	139	telefonbuch_042	PTT-Archiv, P-260-1_Basel_1907	Basel
Waltensberger-Weber	August	Schreinermstr.	Heumattstrasse 13	Basel	2229	1907	139	telefonbuch_042	PTT-Archiv, P-260-1_Basel_1907	Basel
Walter-Biondetti	C.		Bäumleingasse 12	Basel	1840	1907	139	telefonbuch_042	PTT-Archiv, P-260-1_Basel_1907	Basel
Walter-Dürst	B.	Wwe.	Leimenstrasse 49	Basel	2922	1907	139	telefonbuch_042	PTT-Archiv, P-260-1_Basel_1907	Basel
Walter-Reifer	Eduard	Maler	Schützengraben 37	Basel	2730	1907	139	telefonbuch_042	PTT-Archiv, P-260-1_Basel_1907	Basel
Walz & Cie.		Stearin- und Seifenfabrik	Mattweg 72	Basel	3510	1907	139	telefonbuch_042	PTT-Archiv, P-260-1_Basel_1907	Basel
Walz-Fernbach	F. J.	Wohnung	Sperrstrasse 102	Basel	727	1907	139	telefonbuch_042	PTT-Archiv, P-260-1_Basel_1907	Basel
Walz & Miéville		Buchdrucker	Breisacherstrasse 8	Basel	1278	1907	139	telefonbuch_042	PTT-Archiv, P-260-1_Basel_1907	Basel
Walz-Hoch	E.	Geschäft	Güterstrasse 149	Basel	4031	1907	139	telefonbuch_042	PTT-Archiv, P-260-1_Basel_1907	Basel
Wanger	E.	Zahnarzt	Austrasse 10	Basel	794	1907	139	telefonbuch_042	PTT-Archiv, P-260-1_Basel_1907	Basel
Wanner	A.	Lack- und Farbengeschäft	Jurastrasse 30	Basel	3519	1907	139	telefonbuch_042	PTT-Archiv, P-260-1_Basel_1907	Basel
Wanner	Jos.		Oetlingerstrasse 152	Basel	650	1907	139	telefonbuch_042	PTT-Archiv, P-260-1_Basel_1907	Basel
Wanner	Maria Elisabeth		Münsterplatz 1	Basel	129	1907	139	telefonbuch_042	PTT-Archiv, P-260-1_Basel_1907	Basel
Wanner	Verena	vorm. Julie His, Wäscherei	Klybeckstrasse 59	Basel	1235	1907	139	telefonbuch_042	PTT-Archiv, P-260-1_Basel_1907	Basel
Wannier	E.	Dr., Advokat u. Notar (Bureau)	Eisengasse 34	Basel	1627	1907	139	telefonbuch_042	PTT-Archiv, P-260-1_Basel_1907	Basel
Wannier-Stächelin	E.	Dr. (Wohnung)	Missionsstrasse 11	Basel	3872	1907	139	telefonbuch_042	PTT-Archiv, P-260-1_Basel_1907	Basel
Warnery	E.	Stallgebäude	Sevogelstrasse 52	Basel	4153	1907	139	telefonbuch_042	PTT-Archiv, P-260-1_Basel_1907	Basel
Warnery	E. & R.		Hardstrasse 2	Basel	3544	1907	139	telefonbuch_042	PTT-Archiv, P-260-1_Basel_1907	Basel
Warth	Paul	Glas- u. Porzellanwarenhandlg.	Gerbergasse 70	Basel	2681	1907	139	telefonbuch_042	PTT-Archiv, P-260-1_Basel_1907	Basel
Wartner	Carl	Bildhauer-Atelier	Hirschgasse 9	Basel	927	1907	139	telefonbuch_042	PTT-Archiv, P-260-1_Basel_1907	Basel
Waschanstalt St. Klara		(Bosshardt, R.)	Clarastrasse 39	Basel	3523	1907	139	telefonbuch_042	PTT-Archiv, P-260-1_Basel_1907	Basel
Wasenmeisterei			Fabrikstrasse 50	Basel	335	1907	139	telefonbuch_042	PTT-Archiv, P-260-1_Basel_1907	Basel
Wassermann	Ernst R.	Sarg- u. Möbelfabrikation	Austrasse 56	Basel	449	1907	139	telefonbuch_042	PTT-Archiv, P-260-1_Basel_1907	Basel
Derselbe		Wohnung	Totentanz 8	Basel	1399	1907	139	telefonbuch_042	PTT-Archiv, P-260-1_Basel_1907	Basel
Wassermann-Fischer	Emanuel	Kaminfegermstr.	Oberer Heuberg 25	Basel	7	1907	139	telefonbuch_042	PTT-Archiv, P-260-1_Basel_1907	Basel
Wassermann-Krebs	Rudolf		Bachlettenstrasse 74	Basel	3042	1907	139	telefonbuch_042	PTT-Archiv, P-260-1_Basel_1907	Basel
Wassermann-Munding	R.	Kaminfegermeister	Hardstrasse 58	Basel	2068	1907	139	telefonbuch_042	PTT-Archiv, P-260-1_Basel_1907	Basel
Wassermann & Schäublin		Lithogr. u. Typogr.	Leonhardstrasse 5	Basel	1310	1907	139	telefonbuch_042	PTT-Archiv, P-260-1_Basel_1907	Basel
Wassermann-Widmer	R.		Feldbergstrasse 27	Basel	4172	1907	139	telefonbuch_042	PTT-Archiv, P-260-1_Basel_1907	Basel
Wazniewsky	J.		Gerbergasse 73	Basel	2108	1907	139	telefonbuch_042	PTT-Archiv, P-260-1_Basel_1907	Basel
Weber	Bruno	Gärtnermeister	Lehenmattstr. 131	Basel	1102	1907	139	telefonbuch_042	PTT-Archiv, P-260-1_Basel_1907	Basel
Weber	Ernst		Elsässerstrasse 167	Basel	4312	1907	139	telefonbuch_042	PTT-Archiv, P-260-1_Basel_1907	Basel
Weber	Hans	Maler	Steinenvorstadt 61	Basel	2366	1907	139	telefonbuch_042	PTT-Archiv, P-260-1_Basel_1907	Basel
Weber-Huber	Otto	Tapezierer	Steinenvorstadt 53	Basel	2214	1907	139	telefonbuch_042	PTT-Archiv, P-260-1_Basel_1907	Basel
Weber-Imhof	Ad.		Hirzbodenweg 38	Basel	3689	1907	139	telefonbuch_042	PTT-Archiv, P-260-1_Basel_1907	Basel
Weber	Jules	Restaurant zur Mägd	St. Johannvorst. 29	Basel	3935	1907	139	telefonbuch_042	PTT-Archiv, P-260-1_Basel_1907	Basel
Weber-Reber	J.		Barfüsserplatz 6	Basel	2053	1907	139	telefonbuch_042	PTT-Archiv, P-260-1_Basel_1907	Basel
Weber's Neue Münchner Bierhalle		(J. Weber-Schneider)	Falknerstrasse 35	Basel	861	1907	139	telefonbuch_042	PTT-Archiv, P-260-1_Basel_1907	Basel
Wechselstube der Basler Handelsbank			Freiestrasse 90	Basel	1995	1907	140	telefonbuch_043	PTT-Archiv, P-260-1_Basel_1907	Basel
Wechselstube Merkur		Fischer jr.	Marktgasse 24	Basel	1346	1907	140	telefonbuch_043	PTT-Archiv, P-260-1_Basel_1907	Basel
Weckerle	K.	Pfarrer	Friedensgasse 40	Basel	2517	1907	140	telefonbuch_043	PTT-Archiv, P-260-1_Basel_1907	Basel
Wedemeyer	George M.		Dornacherstr. 131	Basel	4198	1907	140	telefonbuch_043	PTT-Archiv, P-260-1_Basel_1907	Basel
Wehrle	August	Zahnarzt	Steinengraben 6	Basel	1363	1907	140	telefonbuch_043	PTT-Archiv, P-260-1_Basel_1907	Basel
Wehrle	R.	Dr.	Spalenring 123	Basel	982	1907	140	telefonbuch_043	PTT-Archiv, P-260-1_Basel_1907	Basel
Wehrle	G.	Hôtel Central	Falknerstrasse 3	Basel	1073	1907	140	telefonbuch_043	PTT-Archiv, P-260-1_Basel_1907	Basel
Wehrli	Conrad	Kammradmühle	Webergasse 21	Basel	1248	1907	140	telefonbuch_043	PTT-Archiv, P-260-1_Basel_1907	Basel
Weibel-Thoma	R.	Wwe., Lebensmittelhandlg.	Ochsengasse 23	Basel	1229	1907	140	telefonbuch_043	PTT-Archiv, P-260-1_Basel_1907	Basel
Weibel & Co.			Hirzbodenweg 9	Basel	2190	1907	140	telefonbuch_043	PTT-Archiv, P-260-1_Basel_1907	Basel
Weibel-Zillig	Wilh.		Hirzbodenweg 86	Basel	482	1907	140	telefonbuch_043	PTT-Archiv, P-260-1_Basel_1907	Basel
Weidenmann-Jenny	Aug.	Ingenieur	Friedensgasse 23	Basel	1493	1907	140	telefonbuch_043	PTT-Archiv, P-260-1_Basel_1907	Basel
Weidmann	J.	Hôtel National	Centralbahnplatz 3	Basel	2231	1907	140	telefonbuch_043	PTT-Archiv, P-260-1_Basel_1907	Basel
Weidmannn	L.	Cigarrenhandlung	Stadthausgasse 21	Basel	1364	1907	140	telefonbuch_043	PTT-Archiv, P-260-1_Basel_1907	Basel
Weydmann - von Salis	M.	Wwe.	Leimenstrasse 36	Basel	4494	1907	140	telefonbuch_043	PTT-Archiv, P-260-1_Basel_1907	Basel
Weil	Alexander		Theaterstrasse 16	Basel	2255	1907	140	telefonbuch_043	PTT-Archiv, P-260-1_Basel_1907	Basel
Weil-Brunschwig	David		Byfangweg 23	Basel	3240	1907	140	telefonbuch_043	PTT-Archiv, P-260-1_Basel_1907	Basel
Weil frères			Solothurnerstr. 18	Basel	4085	1907	140	telefonbuch_043	PTT-Archiv, P-260-1_Basel_1907	Basel
Weil	Joël		Feierabendstrasse 36	Basel	3464	1907	140	telefonbuch_043	PTT-Archiv, P-260-1_Basel_1907	Basel
Weiss	Arthur	Kürschner	Sattelgasse 22	Basel	1968	1907	140	telefonbuch_043	PTT-Archiv, P-260-1_Basel_1907	Basel
Weiss	Gustav	Metzgermeister	Türkheimerstrasse 2	Basel	815	1907	140	telefonbuch_043	PTT-Archiv, P-260-1_Basel_1907	Basel
Weiss	Hermann	Bankgeschäft	Marktgasse 24	Basel	2131	1907	140	telefonbuch_043	PTT-Archiv, P-260-1_Basel_1907	Basel
Weiss	Jacques	Photograph	Elisabethenstrasse 4	Basel	2349	1907	140	telefonbuch_043	PTT-Archiv, P-260-1_Basel_1907	Basel
Weiss-Kübler	Emanuel		Streitgasse 12	Basel	1981	1907	140	telefonbuch_043	PTT-Archiv, P-260-1_Basel_1907	Basel
Weisser	Balduin		Clarastrasse 48	Basel	3717	1907	140	telefonbuch_043	PTT-Archiv, P-260-1_Basel_1907	Basel
Weysser	Aug.	Spenglermeister	Mühlhauserstr. 119	Basel	223	1907	140	telefonbuch_043	PTT-Archiv, P-260-1_Basel_1907	Basel
Weisskopf	Arn.		Frobenstrasse 61	Basel	13	1907	140	telefonbuch_043	PTT-Archiv, P-260-1_Basel_1907	Basel
Weist	O.	Uhren und Bijouterien	Spalenberg 49	Basel	1052	1907	140	telefonbuch_043	PTT-Archiv, P-260-1_Basel_1907	Basel
Weitnauer	Ad.	& Co., Cigarrenhandlung	Freiestrasse 27	Basel	1157	1907	140	telefonbuch_043	PTT-Archiv, P-260-1_Basel_1907	Basel
Weitnauer-Grossberger	A.	Baumeister	Birsigstrasse 77	Basel	3100	1907	140	telefonbuch_043	PTT-Archiv, P-260-1_Basel_1907	Basel
Weitnauer-Hubel	R.	Wwe.	Leimenstrasse 63	Basel	2921	1907	140	telefonbuch_043	PTT-Archiv, P-260-1_Basel_1907	Basel
Weitnauer-Kehlstadt	Carl		Schützenmattstr. 41	Basel	2824	1907	140	telefonbuch_043	PTT-Archiv, P-260-1_Basel_1907	Basel
Weitnauer-Lemoine	Fr.		Güterstrasse 80	Basel	2547	1907	140	telefonbuch_043	PTT-Archiv, P-260-1_Basel_1907	Basel
Weitnauer-Preiswerk	Aug.		Missionsstrasse 5	Basel	2738	1907	140	telefonbuch_043	PTT-Archiv, P-260-1_Basel_1907	Basel
von Welck		Direktor der „Equitable“	Sommergasse 11	Basel	3282	1907	140	telefonbuch_043	PTT-Archiv, P-260-1_Basel_1907	Basel
Wellauer	Gust.	Betriebsinspektor der Basler Strassenbahnen	Ob. Rebgasse 1/3	Basel	3819	1907	140	telefonbuch_043	PTT-Archiv, P-260-1_Basel_1907	Basel
Welte	Otto		Leimenstrasse 57	Basel	973	1907	140	telefonbuch_043	PTT-Archiv, P-260-1_Basel_1907	Basel
Welter	J.	Comp. cosmographique	Gerbergasse 36	Basel	2834	1907	140	telefonbuch_043	PTT-Archiv, P-260-1_Basel_1907	Basel
Welter	J.	Derselbe	Kanonengasse 35	Basel	3095	1907	140	telefonbuch_043	PTT-Archiv, P-260-1_Basel_1907	Basel
Welti	Henry	vorm. Anton Waltisbühl	Steinenberg 1	Basel	2006	1907	140	telefonbuch_043	PTT-Archiv, P-260-1_Basel_1907	Basel
Welti	Henry	Derselbe, Wohnung	Missionsstrasse 50	Basel	870	1907	140	telefonbuch_043	PTT-Archiv, P-260-1_Basel_1907	Basel
Wendland		Professor	Palmenstrasse 1	Basel	630	1907	140	telefonbuch_043	PTT-Archiv, P-260-1_Basel_1907	Basel
Wenger-Joder	D.		Aeschenvorstadt 9	Basel	4125	1907	140	telefonbuch_043	PTT-Archiv, P-260-1_Basel_1907	Basel
Wenger-Ruutz	Theodor		Bättwilerstrasse 8	Basel	4457	1907	140	telefonbuch_043	PTT-Archiv, P-260-1_Basel_1907	Basel
Wenger & Co.			Rümelinbachweg 55	Basel	2929	1907	140	telefonbuch_043	PTT-Archiv, P-260-1_Basel_1907	Basel
Wenk	Carl	Küferei und Weinhandlung	Herrengrabenweg 53	Basel	957	1907	140	telefonbuch_043	PTT-Archiv, P-260-1_Basel_1907	Basel
Wenk-Rüefli	J.	Fabr. d. Waschmaschinen	Petersgraben 37	Basel	1599	1907	140	telefonbuch_043	PTT-Archiv, P-260-1_Basel_1907	Basel
Wenk-Mayer	S.	Spengler	Breisacherstrasse 61	Basel	3236	1907	140	telefonbuch_043	PTT-Archiv, P-260-1_Basel_1907	Basel
Wenk-Thommen	E.		Angensteinerstr. 23	Basel	3567	1907	141	telefonbuch_044	PTT-Archiv, P-260-1_Basel_1907	Basel
Wenzinger	Aug.	Bierdépôt u. Mineralwasser	Amerbachstrasse 10	Basel	3385	1907	141	telefonbuch_044	PTT-Archiv, P-260-1_Basel_1907	Basel
Wepf	B.	& Cie., Buchhandlung	Eisengasse 19	Basel	1684	1907	141	telefonbuch_044	PTT-Archiv, P-260-1_Basel_1907	Basel
Werdenberg's (Ed.) Nachf.		W. Fininger & Cie., Gasapparatefabrik	Barfüssergasse 3	Basel	29	1907	141	telefonbuch_044	PTT-Archiv, P-260-1_Basel_1907	Basel
Werdenberg-Respinger	Ed.		St. Albananlage 52	Basel	1671	1907	141	telefonbuch_044	PTT-Archiv, P-260-1_Basel_1907	Basel
W.-R. (Müller)			Lehenmattstr. 146	Basel	885	1907	141	telefonbuch_044	PTT-Archiv, P-260-1_Basel_1907	Basel
Werenfels	Frz.	Spenglermeister	Hebelstrasse 62	Basel	1483	1907	141	telefonbuch_044	PTT-Archiv, P-260-1_Basel_1907	Basel
Werner	C.	& Co., Weinhandlung	Güterstrasse 248	Basel	2462	1907	141	telefonbuch_044	PTT-Archiv, P-260-1_Basel_1907	Basel
Werner-Riehm	M.	Buchdrucker	Kanonengasse 32	Basel	3056	1907	141	telefonbuch_044	PTT-Archiv, P-260-1_Basel_1907	Basel
Werner-Riehm	M.	Wohnung	Oberwilerstrasse 21	Basel	3744	1907	141	telefonbuch_044	PTT-Archiv, P-260-1_Basel_1907	Basel
Werthemann, Botty & Co.			Hebelstrasse 5	Basel	554	1907	141	telefonbuch_044	PTT-Archiv, P-260-1_Basel_1907	Basel
Werthemann-Burckhardt	A.		Angensteinerstr. 18	Basel	3586	1907	141	telefonbuch_044	PTT-Archiv, P-260-1_Basel_1907	Basel
Werthemann-Ehinger			Sevogelstrasse 40	Basel	4119	1907	141	telefonbuch_044	PTT-Archiv, P-260-1_Basel_1907	Basel
Werzinger	Emil		Birsigstrasse 116	Basel	865	1907	141	telefonbuch_044	PTT-Archiv, P-260-1_Basel_1907	Basel
Werzinger	L.		Leimenstrasse 1	Basel	2743	1907	141	telefonbuch_044	PTT-Archiv, P-260-1_Basel_1907	Basel
Werzinger-Mähly	Albert		Leimenstrasse 3	Basel	2806	1907	141	telefonbuch_044	PTT-Archiv, P-260-1_Basel_1907	Basel
de Wette	Emma		Malzgasse 29	Basel	1475	1907	141	telefonbuch_044	PTT-Archiv, P-260-1_Basel_1907	Basel
Wetterlé	L.	Spalenapotheke	Spalenvorstadt 19	Basel	2593	1907	141	telefonbuch_044	PTT-Archiv, P-260-1_Basel_1907	Basel
Wetzel	Paul	Malermeister	Blauenstrasse 36	Basel	4445	1907	141	telefonbuch_044	PTT-Archiv, P-260-1_Basel_1907	Basel
Weydmann - von Salis	M.	Wwe.	Leimenstrasse 36	Basel	4494	1907	141	telefonbuch_044	PTT-Archiv, P-260-1_Basel_1907	Basel
Wezstein & Schenk		Maass- u. Konfektionsgesch.	Freiestrasse 32	Basel	1752	1907	141	telefonbuch_044	PTT-Archiv, P-260-1_Basel_1907	Basel
Wick-Merian	Carl		Nauenstrasse 14	Basel	2169	1907	141	telefonbuch_044	PTT-Archiv, P-260-1_Basel_1907	Basel
Widemann's Handelsschule			Kohlenberg 13	Basel	2488	1907	141	telefonbuch_044	PTT-Archiv, P-260-1_Basel_1907	Basel
Wider-Rohr	Johann		Spalenring 111	Basel	2850	1907	141	telefonbuch_044	PTT-Archiv, P-260-1_Basel_1907	Basel
Widler	Kathy	Frl.	Weiherweg 24	Basel	3451	1907	141	telefonbuch_044	PTT-Archiv, P-260-1_Basel_1907	Basel
Widmann-Wettlin	Carl	Zimmermeister	Thannerstrasse 17	Basel	2836	1907	141	telefonbuch_044	PTT-Archiv, P-260-1_Basel_1907	Basel
Widmer	D.	Direktor der Strafanstalt	Strafanstalt	Basel	1665	1907	141	telefonbuch_044	PTT-Archiv, P-260-1_Basel_1907	Basel
Widmer	G.	Dr. med.	Petersgraben 9	Basel	1642	1907	141	telefonbuch_044	PTT-Archiv, P-260-1_Basel_1907	Basel
Widmer-Huppertz	J.	Spenglermeister	Rümelinsplatz 8	Basel	2661	1907	141	telefonbuch_044	PTT-Archiv, P-260-1_Basel_1907	Basel
Widmer-Ursprung	Aug.		Jurastrasse 44	Basel	4178	1907	141	telefonbuch_044	PTT-Archiv, P-260-1_Basel_1907	Basel
Wieland	Carl	Küfermeister	Jurastrasse 55	Basel	2683	1907	141	telefonbuch_044	PTT-Archiv, P-260-1_Basel_1907	Basel
Wieland-Dietschy	Anna	Wwe.	Eulerstrasse 42	Basel	2709	1907	141	telefonbuch_044	PTT-Archiv, P-260-1_Basel_1907	Basel
Wieland	Alfr.	Dr., Advokat und Notar	Bäumleingasse 7	Basel	1058	1907	141	telefonbuch_044	PTT-Archiv, P-260-1_Basel_1907	Basel
Wieland	August Hch.	Dr. (Bureau)	Blumenrain 16	Basel	1341	1907	141	telefonbuch_044	PTT-Archiv, P-260-1_Basel_1907	Basel
Wieland	August Hch.	Wohnung	Neubadstrasse 21	Basel	914	1907	141	telefonbuch_044	PTT-Archiv, P-260-1_Basel_1907	Basel
Wieland	Emil	Dr., Arzt	St. Albanvorstadt 94	Basel	4140	1907	141	telefonbuch_044	PTT-Archiv, P-260-1_Basel_1907	Basel
Wieland-Gemuseus	A. M.	Wwe.	Gellertstrasse 6	Basel	4113	1907	141	telefonbuch_044	PTT-Archiv, P-260-1_Basel_1907	Basel
Wieland	P. & N.	Möbelschreiner	St. Albanvorstadt 61	Basel	1839	1907	141	telefonbuch_044	PTT-Archiv, P-260-1_Basel_1907	Basel
Wieland	Carl Albert	Prof. Dr.	Hirzbodenweg 87	Basel	3672	1907	141	telefonbuch_044	PTT-Archiv, P-260-1_Basel_1907	Basel
Wieland-Zahn	Alfred	Dr.	Lindenweg 15	Basel	4223	1907	141	telefonbuch_044	PTT-Archiv, P-260-1_Basel_1907	Basel
Wiemken	Heinr.	Lithograph	Steinenbachgasse 34	Basel	3550	1907	141	telefonbuch_044	PTT-Archiv, P-260-1_Basel_1907	Basel
Wiesendanger	A.	Schuhhandlung	Greifengasse 33	Basel	1250	1907	141	telefonbuch_044	PTT-Archiv, P-260-1_Basel_1907	Basel
Wiesler-Richert	E.		Claragraben 125	Basel	1193	1907	141	telefonbuch_044	PTT-Archiv, P-260-1_Basel_1907	Basel
Wiessner	H.	Handschuhgeschäft	Freiestrasse 101	Basel	1864	1907	141	telefonbuch_044	PTT-Archiv, P-260-1_Basel_1907	Basel
Wild-Weber	Jak.	Dienstmänneranstalt	Webergasse 29	Basel	146	1907	141	telefonbuch_044	PTT-Archiv, P-260-1_Basel_1907	Basel
Wildberger & Co.		Weinhandlung, Bureau	Solothurnerstr. 22	Basel	1192	1907	141	telefonbuch_044	PTT-Archiv, P-260-1_Basel_1907	Basel
Wildberger-Georg	Jakob	Privat	Solothurnerstr. 22	Basel	1448	1907	141	telefonbuch_044	PTT-Archiv, P-260-1_Basel_1907	Basel
Wildprath	Th.	vorm. Vereinigte Mineralwasserfabriken Schopfer, Winter & Wildprath	Müllheimerstr. 89	Basel	3476	1907	142	telefonbuch_045	PTT-Archiv, P-260-1_Basel_1907	Basel
Wilhelm		Frau, Coiffeuse	Eisengasse 24	Basel	1696	1907	142	telefonbuch_045	PTT-Archiv, P-260-1_Basel_1907	Basel
Willar	M.		Missionsstrasse 4	Basel	2610	1907	142	telefonbuch_045	PTT-Archiv, P-260-1_Basel_1907	Basel
Willareth-Meng	Ed.		Marktplatz 29	Basel	1595	1907	142	telefonbuch_045	PTT-Archiv, P-260-1_Basel_1907	Basel
Willareth-Meng	Ed.	Derselbe	Ob. Rheingasse 17	Basel	4271	1907	142	telefonbuch_045	PTT-Archiv, P-260-1_Basel_1907	Basel
Willen	L.	Adler-Apotheke	Gerbergasse 39	Basel	3137	1907	142	telefonbuch_045	PTT-Archiv, P-260-1_Basel_1907	Basel
Willfratt	Aug.		Kleinhüningerstr. 215	Basel	479	1907	142	telefonbuch_045	PTT-Archiv, P-260-1_Basel_1907	Basel
Willi-Fitzner	S.	Wirt	Münchensteinerstr. 116	Basel	125	1907	142	telefonbuch_045	PTT-Archiv, P-260-1_Basel_1907	Basel
Willi-Huber	Chr.	Bäckermeister	Schweizergasse 42	Basel	936	1907	142	telefonbuch_045	PTT-Archiv, P-260-1_Basel_1907	Basel
Wilms	M.	Prof. Dr.	Hebelstrasse 21	Basel	160	1907	142	telefonbuch_045	PTT-Archiv, P-260-1_Basel_1907	Basel
Winter	C. & J.	Gebrüder	Steinenbachgässl. 40	Basel	2514	1907	142	telefonbuch_045	PTT-Archiv, P-260-1_Basel_1907	Basel
Winter-Jaeggi	F.		Rennweg 84	Basel	246	1907	142	telefonbuch_045	PTT-Archiv, P-260-1_Basel_1907	Basel
Winter-Minck	G.		Steinenvorstadt 62	Basel	1871	1907	142	telefonbuch_045	PTT-Archiv, P-260-1_Basel_1907	Basel
Wirtebureau Basel	E. Theuerkauf	vorm. H. Lippe	Rümelinsplatz 19	Basel	3113	1907	142	telefonbuch_045	PTT-Archiv, P-260-1_Basel_1907	Basel
Wirz	Adolf	Metzgermeister	Stadthausgasse 11	Basel	1443	1907	142	telefonbuch_045	PTT-Archiv, P-260-1_Basel_1907	Basel
Wirz	Anna	Cigarrenhandlung	Greifengasse 5	Basel	1280	1907	142	telefonbuch_045	PTT-Archiv, P-260-1_Basel_1907	Basel
Wirz, Baader & Cie.			Freiestrasse 44	Basel	1050	1907	142	telefonbuch_045	PTT-Archiv, P-260-1_Basel_1907	Basel
Wirz	Hans	Fuhrhalter	Kolmarerstrasse 16	Basel	669	1907	142	telefonbuch_045	PTT-Archiv, P-260-1_Basel_1907	Basel
Wirz	Hermann		Elisabethenstr. 11	Basel	2330	1907	142	telefonbuch_045	PTT-Archiv, P-260-1_Basel_1907	Basel
Wirz-Jenny	Math.	Schlossermeister	Hochstrasse 50	Basel	3914	1907	142	telefonbuch_045	PTT-Archiv, P-260-1_Basel_1907	Basel
Wirz	L.		Gundoldingerstr. 99	Basel	2230	1907	142	telefonbuch_045	PTT-Archiv, P-260-1_Basel_1907	Basel
Wirz-Löw	M.		Gundoldingerstr. 97	Basel	4049	1907	142	telefonbuch_045	PTT-Archiv, P-260-1_Basel_1907	Basel
Wirz-Lüscher	T.	(Vertr. v. Vanderborght frères)	Holbeinstrasse 58	Basel	3062	1907	142	telefonbuch_045	PTT-Archiv, P-260-1_Basel_1907	Basel
Wirz-Trösch	Joh.	Weinhandlung	St. Albananlage 6	Basel	4185	1907	142	telefonbuch_045	PTT-Archiv, P-260-1_Basel_1907	Basel
Wirz-Wirz	W.	Tapetenhandlung	Freiestrasse 71	Basel	1852	1907	142	telefonbuch_045	PTT-Archiv, P-260-1_Basel_1907	Basel
Wittig	W.	Barfüsserapotheke	Steinenvorstadt 6	Basel	2265	1907	142	telefonbuch_045	PTT-Archiv, P-260-1_Basel_1907	Basel
Wittmer	Franz	Buchdruckerei	Schlüsselberg 5	Basel	1126	1907	142	telefonbuch_045	PTT-Archiv, P-260-1_Basel_1907	Basel
Wittmer-Ruch	B. E.	Wwe.	Theodorsgraben 32	Basel	3552	1907	142	telefonbuch_045	PTT-Archiv, P-260-1_Basel_1907	Basel
Wittwer-Matthys	Peter		Austrasse 34	Basel	3494	1907	142	telefonbuch_045	PTT-Archiv, P-260-1_Basel_1907	Basel
Wittwer-Weber	Rob.		Colmarerstrasse 10	Basel	3396	1907	142	telefonbuch_045	PTT-Archiv, P-260-1_Basel_1907	Basel
Wittwer-Wittwer	J.	Fuhrhalter	Allschwilerstr. 10	Basel	2794	1907	142	telefonbuch_045	PTT-Archiv, P-260-1_Basel_1907	Basel
Witzig	Ernst	Dr., Advokat	Weiherweg 52	Basel	2837	1907	142	telefonbuch_045	PTT-Archiv, P-260-1_Basel_1907	Basel
Witzig	Paul	Dr., Zahnarzt	Schlüsselberg 17	Basel	1087	1907	142	telefonbuch_045	PTT-Archiv, P-260-1_Basel_1907	Basel
Witzinger	M.	Dr.	Leimenstrasse 41	Basel	2943	1907	142	telefonbuch_045	PTT-Archiv, P-260-1_Basel_1907	Basel
Wixler		Gebrüder, Viehhändler	Steinenthorstr. 35	Basel	1803	1907	142	telefonbuch_045	PTT-Archiv, P-260-1_Basel_1907	Basel
Wixler	J.	Viehhandlung	Binningerstrasse 9	Basel	2687	1907	142	telefonbuch_045	PTT-Archiv, P-260-1_Basel_1907	Basel
Wixler	Lucien		Marschalkenstr. 15	Basel	438	1907	142	telefonbuch_045	PTT-Archiv, P-260-1_Basel_1907	Basel
Wixler & Cie.		vorm. H. F. Gernsheim	Güterstrasse 141	Basel	4090	1907	142	telefonbuch_045	PTT-Archiv, P-260-1_Basel_1907	Basel
Wohlgemuth	Aug.	Bäckerei	Allschwilerstrasse 6	Basel	2795	1907	142	telefonbuch_045	PTT-Archiv, P-260-1_Basel_1907	Basel
Wohlschlegel	Georg	Bau- u. Möbelschreinerei	Bartenheimerstr. 39	Basel	782	1907	142	telefonbuch_045	PTT-Archiv, P-260-1_Basel_1907	Basel
Wolf	B.	photogr. Bedarfsartikel	Hutgasse 8	Basel	1415	1907	142	telefonbuch_045	PTT-Archiv, P-260-1_Basel_1907	Basel
Wolf-Dietisheim	Ph.	Wwe.	Nonnenweg 7	Basel	2749	1907	142	telefonbuch_045	PTT-Archiv, P-260-1_Basel_1907	Basel
Wolf	P.	Dr., Advokat	Hirzbodenweg 77	Basel	3964	1907	142	telefonbuch_045	PTT-Archiv, P-260-1_Basel_1907	Basel
Wolf		Lithographie	Unt. Heuberg 2	Basel	2853	1907	142	telefonbuch_045	PTT-Archiv, P-260-1_Basel_1907	Basel
Wolf-Löhler	L.	Frau, Blumenmagazin	Spalenberg 44	Basel	1651	1907	142	telefonbuch_045	PTT-Archiv, P-260-1_Basel_1907	Basel
Wolf-Nebel	Ernst	Wagenbauer	Spalenring 10	Basel	140	1907	142	telefonbuch_045	PTT-Archiv, P-260-1_Basel_1907	Basel
Wolf & Glatz		succ. de Louis Bürgi	Hebelstrasse 45	Basel	1463	1907	142	telefonbuch_045	PTT-Archiv, P-260-1_Basel_1907	Basel
Wolfensberger-Lutz	J. H.		St. Johannring 20	Basel	1655	1907	142	telefonbuch_045	PTT-Archiv, P-260-1_Basel_1907	Basel
Wolff	Oscar	Söhne, Bureau	Oberwilerstrasse 28	Basel	3628	1907	143	telefonbuch_046	PTT-Archiv, P-260-1_Basel_1907	Basel
Wolff-Stöhr	Guido		Oberwilerstrasse 28	Basel	3628	1907	143	telefonbuch_046	PTT-Archiv, P-260-1_Basel_1907	Basel
Wolff-Troetschler			Sommergasse 7	Basel	1597	1907	143	telefonbuch_046	PTT-Archiv, P-260-1_Basel_1907	Basel
Wölfflin	Ernst	Dr., Augenarzt	Steinenring 48	Basel	903	1907	143	telefonbuch_046	PTT-Archiv, P-260-1_Basel_1907	Basel
Woltersdorf-Kasper	Fr.	Schlossermeister	Gempenstrasse 16	Basel	2461	1907	143	telefonbuch_046	PTT-Archiv, P-260-1_Basel_1907	Basel
Woog-Bloch	Charles		Güterstrasse 217	Basel	3623	1907	143	telefonbuch_046	PTT-Archiv, P-260-1_Basel_1907	Basel
Wormann		Söhne	Eisengasse 20	Basel	1394	1907	143	telefonbuch_046	PTT-Archiv, P-260-1_Basel_1907	Basel
Wormser	Edm.	Dr. med.	Leonhardsgraben 10	Basel	1543	1907	143	telefonbuch_046	PTT-Archiv, P-260-1_Basel_1907	Basel
Wormser	Karl		Hebelstrasse 90	Basel	2195	1907	143	telefonbuch_046	PTT-Archiv, P-260-1_Basel_1907	Basel
Wormser	Léon	& Co.	Elisabethenstr. 44	Basel	2203	1907	143	telefonbuch_046	PTT-Archiv, P-260-1_Basel_1907	Basel
Wormser	Marcel		Austrasse 90	Basel	967	1907	143	telefonbuch_046	PTT-Archiv, P-260-1_Basel_1907	Basel
Wortmann	Ferd.		Mittlerestrasse 143	Basel	4237	1907	143	telefonbuch_046	PTT-Archiv, P-260-1_Basel_1907	Basel
Wunderle	Friedrich	Presshefedepot	Haltingerstrasse 65	Basel	3468	1907	143	telefonbuch_046	PTT-Archiv, P-260-1_Basel_1907	Basel
Wunderle	S.	chem. Waschanstalt u. Färberei	Birmannsgasse 30	Basel	193	1907	143	telefonbuch_046	PTT-Archiv, P-260-1_Basel_1907	Basel
Würfel	Alois	Cycle Hall	Hammerstrasse 13	Basel	3437	1907	143	telefonbuch_046	PTT-Archiv, P-260-1_Basel_1907	Basel
Würgler	H.	Camionnage und Spedition	Breisacherstrasse 29	Basel	3890	1907	143	telefonbuch_046	PTT-Archiv, P-260-1_Basel_1907	Basel
Würgler-Wenger	Jak.	Landwirt	St. Jakobstrasse 157	Basel	3575	1907	143	telefonbuch_046	PTT-Archiv, P-260-1_Basel_1907	Basel
Wurster	Daniel	Bäckermeister	Hint. Spitalstrasse 4	Basel	3909	1907	143	telefonbuch_046	PTT-Archiv, P-260-1_Basel_1907	Basel
Wüst-Hügin	Leonh.	Schreinermeister	Austrasse 32	Basel	3010	1907	143	telefonbuch_046	PTT-Archiv, P-260-1_Basel_1907	Basel
Wybert-Klein	F.		Grenzacherstr. 75	Basel	3732	1907	143	telefonbuch_046	PTT-Archiv, P-260-1_Basel_1907	Basel
Wydler	Gottl.		Rheinfelderstr. 34	Basel	3736	1907	143	telefonbuch_046	PTT-Archiv, P-260-1_Basel_1907	Basel
Wyler	Eman.	Metzgermeister	Spalenberg 39	Basel	2746	1907	143	telefonbuch_046	PTT-Archiv, P-260-1_Basel_1907	Basel
Wyler		Gebrüder	Johanniterstrasse 5	Basel	1701	1907	143	telefonbuch_046	PTT-Archiv, P-260-1_Basel_1907	Basel
Wyler-Oppenheimer	Felix	Möbelhandlung	Rosshofgasse 8	Basel	3832	1907	143	telefonbuch_046	PTT-Archiv, P-260-1_Basel_1907	Basel
Wyler	Saly	Weine und Spirituosen	Birsigstrasse 10	Basel	80	1907	143	telefonbuch_046	PTT-Archiv, P-260-1_Basel_1907	Basel
Wysard	Emil	Comestibles	Fischmarkt 2	Basel	298	1907	143	telefonbuch_046	PTT-Archiv, P-260-1_Basel_1907	Basel
Wyss	K. J.	Buchdruckerei	Freiestrasse 28	Basel	1863	1907	143	telefonbuch_046	PTT-Archiv, P-260-1_Basel_1907	Basel
Wyss	Ul.	vorm. Wyss & Senn	Gerbergasse 62	Basel	2183	1907	143	telefonbuch_046	PTT-Archiv, P-260-1_Basel_1907	Basel
Zacharias-Brückner	H.		Ramsteinerstrasse 20	Basel	993	1907	143	telefonbuch_046	PTT-Archiv, P-260-1_Basel_1907	Basel
Zahn-Burckhardt	C.		St. Albananlage 36	Basel	1908	1907	143	telefonbuch_046	PTT-Archiv, P-260-1_Basel_1907	Basel
Zahn-Geigy	F.		Bäumlihof	Basel	3834	1907	143	telefonbuch_046	PTT-Archiv, P-260-1_Basel_1907	Basel
Zahn-Geigy	F.	Derselbe	St. Albangraben 5	Basel	1870	1907	143	telefonbuch_046	PTT-Archiv, P-260-1_Basel_1907	Basel
Zahn-Rognon	E.	Frau	Aeschengraben 15	Basel	2303	1907	143	telefonbuch_046	PTT-Archiv, P-260-1_Basel_1907	Basel
Zahn & Co.			St. Albangraben 5	Basel	1869	1907	143	telefonbuch_046	PTT-Archiv, P-260-1_Basel_1907	Basel
Zahn & Co.		Dieselben, Börse	Postgebäude	Basel	113	1907	143	telefonbuch_046	PTT-Archiv, P-260-1_Basel_1907	Basel
Zaeslin-Faesch	Dan.		Socinstrasse 14	Basel	2674	1907	143	telefonbuch_046	PTT-Archiv, P-260-1_Basel_1907	Basel
Zaeslin-Hartmann	Dl.		Missionsstrasse 40	Basel	2654	1907	143	telefonbuch_046	PTT-Archiv, P-260-1_Basel_1907	Basel
Zaeslin-Schiess	Marg.	Wwe.	Feierabendstrasse 46	Basel	2872	1907	143	telefonbuch_046	PTT-Archiv, P-260-1_Basel_1907	Basel
Zaeslin-Sulzer	Hans		Missionsstrasse 38	Basel	2582	1907	143	telefonbuch_046	PTT-Archiv, P-260-1_Basel_1907	Basel
Zaeslin-Thurneysen	S.	Frau	St. Johannvorst. 43	Basel	2664	1907	143	telefonbuch_046	PTT-Archiv, P-260-1_Basel_1907	Basel
Zaeslin & Co.			Johanniterstrasse 17	Basel	1689	1907	143	telefonbuch_046	PTT-Archiv, P-260-1_Basel_1907	Basel
Zaeslin-Wacker	E.		Leonhardstrasse 24	Basel	265	1907	143	telefonbuch_046	PTT-Archiv, P-260-1_Basel_1907	Basel
Zbinden	R. G.	Buchdruckerei	Rheinsprung 5	Basel	2494	1907	143	telefonbuch_046	PTT-Archiv, P-260-1_Basel_1907	Basel
Zehnder	W.	Wwe., Bäckerei	Sperrstrasse 5	Basel	3289	1907	143	telefonbuch_046	PTT-Archiv, P-260-1_Basel_1907	Basel
Zehnder-Lacher	Rob.	Gärtnermeister	Ryffstrasse 8	Basel	1515	1907	143	telefonbuch_046	PTT-Archiv, P-260-1_Basel_1907	Basel
Zehnle & Bussinger			Kanonengasse 11	Basel	3103	1907	143	telefonbuch_046	PTT-Archiv, P-260-1_Basel_1907	Basel
Zeiger	Emil	Kochherdfabrik	Clarastrasse 17	Basel	3411	1907	143	telefonbuch_046	PTT-Archiv, P-260-1_Basel_1907	Basel
Zeller	J.		Mostackerstrasse 15	Basel	1630	1907	143	telefonbuch_046	PTT-Archiv, P-260-1_Basel_1907	Basel
Zellweger-Preiswerk	F.	Wwe.	Rittergasse 20	Basel	2314	1907	144	telefonbuch_047	PTT-Archiv, P-260-1_Basel_1907	Basel
Zellweger	E.	& Co., A.-G.	Rittergasse 29	Basel	1065	1907	144	telefonbuch_047	PTT-Archiv, P-260-1_Basel_1907	Basel
Zellweger	O.	Redaktor	Angensteinerstr. 16	Basel	3655	1907	144	telefonbuch_047	PTT-Archiv, P-260-1_Basel_1907	Basel
Zellweger	Ulrich		Wartenbergstr. 45	Basel	4303	1907	144	telefonbuch_047	PTT-Archiv, P-260-1_Basel_1907	Basel
Zeughausverwaltung Basel-Stadt			Petersgraben 44	Basel	1781	1907	144	telefonbuch_047	PTT-Archiv, P-260-1_Basel_1907	Basel
Zeugin-Leuthardt	W.		St. Johannring 26	Basel	2842	1907	144	telefonbuch_047	PTT-Archiv, P-260-1_Basel_1907	Basel
Ziegler	A.	& Co.	Leonhardsgraben 8	Basel	3088	1907	144	telefonbuch_047	PTT-Archiv, P-260-1_Basel_1907	Basel
Ziegler	Ed.	Dr.	Maiengasse 59	Basel	872	1907	144	telefonbuch_047	PTT-Archiv, P-260-1_Basel_1907	Basel
Ziegler	Emil		Klingelbergstr. 15	Basel	1100	1907	144	telefonbuch_047	PTT-Archiv, P-260-1_Basel_1907	Basel
Ziegler	Jules	elektrotechn. Installationsgesch.	St. Albankirchrain 2	Basel	4299	1907	144	telefonbuch_047	PTT-Archiv, P-260-1_Basel_1907	Basel
Ziller	Fritz	Hausseifenfabrik	Mülhauserstrasse 70	Basel	1639	1907	144	telefonbuch_047	PTT-Archiv, P-260-1_Basel_1907	Basel
Zillig	F.	Metzger	Austrasse 109	Basel	2825	1907	144	telefonbuch_047	PTT-Archiv, P-260-1_Basel_1907	Basel
Zimmerlin-Bölger	G.		Peter Merianstr. 50	Basel	3874	1907	144	telefonbuch_047	PTT-Archiv, P-260-1_Basel_1907	Basel
Zimmerlin, Forcart & Co.		(Nachf. v. Marcus Bölger), Schappespinnerei	Rittergasse 20	Basel	1773	1907	144	telefonbuch_047	PTT-Archiv, P-260-1_Basel_1907	Basel
Zimmermann	Aug.	Malermeister	Ryffstrasse 12	Basel	3844	1907	144	telefonbuch_047	PTT-Archiv, P-260-1_Basel_1907	Basel
Zimmermann	E.	Wwe.	Pfeffingerstrasse 64	Basel	3896	1907	144	telefonbuch_047	PTT-Archiv, P-260-1_Basel_1907	Basel
Zimmermann	Emma	robes	Leimenstrasse 41	Basel	4480	1907	144	telefonbuch_047	PTT-Archiv, P-260-1_Basel_1907	Basel
Zimmermann-Furrer	Alex.		Hochstrasse 70	Basel	424	1907	144	telefonbuch_047	PTT-Archiv, P-260-1_Basel_1907	Basel
Zimmermann	Gottl.	Malermeister	Reichensteinerstr. 16	Basel	3706	1907	144	telefonbuch_047	PTT-Archiv, P-260-1_Basel_1907	Basel
Zimmermann-Grossenbacher	G.	Butterhandlg.	Feldbergstrasse 115	Basel	3644	1907	144	telefonbuch_047	PTT-Archiv, P-260-1_Basel_1907	Basel
Zimmermann	Hermann		Sonnenweg 25	Basel	353	1907	144	telefonbuch_047	PTT-Archiv, P-260-1_Basel_1907	Basel
Zimmermann	Max	Pfarrer	Klingelthal 13	Basel	156	1907	144	telefonbuch_047	PTT-Archiv, P-260-1_Basel_1907	Basel
Zimmermann-Rebstock	N.	Maler	Davidsbodenstr. 19	Basel	1654	1907	144	telefonbuch_047	PTT-Archiv, P-260-1_Basel_1907	Basel
Zinsstag	A.	Zahnarzt, Dr. D. S.	St. Albananlage 8	Basel	2450	1907	144	telefonbuch_047	PTT-Archiv, P-260-1_Basel_1907	Basel
Zinsstag	Wilhelm	Dr.	Totentanz 11	Basel	1380	1907	144	telefonbuch_047	PTT-Archiv, P-260-1_Basel_1907	Basel
Zinsstag-Preiswerk	A.	Juwelier	Gerbergasse 41	Basel	329	1907	144	telefonbuch_047	PTT-Archiv, P-260-1_Basel_1907	Basel
Zipf-Schelling	E.	Bäckermeister	Clarastrasse 53	Basel	3497	1907	144	telefonbuch_047	PTT-Archiv, P-260-1_Basel_1907	Basel
Zitt-Bressler	M.	Wwe.	Riehenstrasse 18	Basel	2814	1907	144	telefonbuch_047	PTT-Archiv, P-260-1_Basel_1907	Basel
Zivy	H.	& Sohn	Schützengraben 36	Basel	4296	1907	144	telefonbuch_047	PTT-Archiv, P-260-1_Basel_1907	Basel
Zoller	Otto	Dr., Redaktor	Güterstrasse 227	Basel	3720	1907	144	telefonbuch_047	PTT-Archiv, P-260-1_Basel_1907	Basel
Zoller-Kälin		Wwe., Schieferdeckergeschäft	Steinenvorstadt 47	Basel	2262	1907	144	telefonbuch_047	PTT-Archiv, P-260-1_Basel_1907	Basel
Zoologischer Garten		Direktion		Basel	2531	1907	144	telefonbuch_047	PTT-Archiv, P-260-1_Basel_1907	Basel
Zoologischer Garten		(Restauration) R. Krebs		Basel	3317	1907	144	telefonbuch_047	PTT-Archiv, P-260-1_Basel_1907	Basel
Zschokke-Dietschy	F.	Prof. Dr.	Missionsstrasse 13	Basel	2726	1907	144	telefonbuch_047	PTT-Archiv, P-260-1_Basel_1907	Basel
Zschokke-Köllner	H.	Chemiker	Riehenteichweg 96	Basel	1109	1907	144	telefonbuch_047	PTT-Archiv, P-260-1_Basel_1907	Basel
Zübelen-Vogt	J.	Dr.	Rötelerstrasse 4	Basel	3773	1907	144	telefonbuch_047	PTT-Archiv, P-260-1_Basel_1907	Basel
Zuberbühler & Cie.		Weisswaren u. Stickereien	Steinenberg 29	Basel	2102	1907	144	telefonbuch_047	PTT-Archiv, P-260-1_Basel_1907	Basel
Zuck	Josef	Zimmermeister	Dornacherstr. 249	Basel	3766	1907	144	telefonbuch_047	PTT-Archiv, P-260-1_Basel_1907	Basel
Zucker	Phil.	Velo-Geschäft	Steinenthorstr. 25	Basel	3307	1907	144	telefonbuch_047	PTT-Archiv, P-260-1_Basel_1907	Basel
Zufluchtshaus			Holeestrasse 119	Basel	1019	1907	144	telefonbuch_047	PTT-Archiv, P-260-1_Basel_1907	Basel
Zumbühl-Roth	C.		Blauenstrasse 40	Basel	773	1907	144	telefonbuch_047	PTT-Archiv, P-260-1_Basel_1907	Basel
Zumkehr	Joh.	Buchbinderei	Gerbergasse 60	Basel	4267	1907	144	telefonbuch_047	PTT-Archiv, P-260-1_Basel_1907	Basel
Zumkeller	Arnold		Ob. Rebgasse 64	Basel	215	1907	144	telefonbuch_047	PTT-Archiv, P-260-1_Basel_1907	Basel
Zundel-Girling	F.	Wwe., Hebamme	Bruderholzstrasse 18	Basel	3134	1907	144	telefonbuch_047	PTT-Archiv, P-260-1_Basel_1907	Basel
Zutt	Max		Freiestrasse 4	Basel	1464	1907	144	telefonbuch_047	PTT-Archiv, P-260-1_Basel_1907	Basel
Zutt	Rich.	Dr., Reg.-Rat	Socinstrasse 24	Basel	3053	1907	144	telefonbuch_047	PTT-Archiv, P-260-1_Basel_1907	Basel
Zweifel-Bienz	M. E.	Wwe.	St. Johannvorst. 74	Basel	1691	1907	144	telefonbuch_047	PTT-Archiv, P-260-1_Basel_1907	Basel
Zweifel-Hollenweger	Henry		Steinenthorberg 8	Basel	558	1907	144	telefonbuch_047	PTT-Archiv, P-260-1_Basel_1907	Basel
Zwicky-Abert	Jakob	Bierdepot	Margarethenstr. 14	Basel	926	1907	145	telefonbuch_048	PTT-Archiv, P-260-1_Basel_1907	Basel
Zwichenbart			Küchegässlein 16	Basel	2252	1907	145	telefonbuch_048	PTT-Archiv, P-260-1_Basel_1907	Basel
Zwichenbart		Derselbe	b. prov. Bahnhof	Basel	4189	1907	145	telefonbuch_048	PTT-Archiv, P-260-1_Basel_1907	Basel
Actienmühle Basel und Augst				Baselaugst	708	1907	145	telefonbuch_048	PTT-Archiv, P-260-1_Basel_1907	Basel
Bürgi-Haller	Adolf	Metzgermeister		Baselaugst	708	1907	145	telefonbuch_048	PTT-Archiv, P-260-1_Basel_1907	Basel
Kleiber	Anton	zum Ocl sen		Benken	709	1907	145	telefonbuch_048	PTT-Archiv, P-260-1_Basel_1907	Basel
Kleiber-Rueger	A.			Benken	709	1907	145	telefonbuch_048	PTT-Archiv, P-260-1_Basel_1907	Basel
Gemeindestation		(s. Seite 44)		Bettingen	707	1907	145	telefonbuch_048	PTT-Archiv, P-260-1_Basel_1907	Basel
Heyer	Joh.	Wirt		Biel	709	1907	145	telefonbuch_048	PTT-Archiv, P-260-1_Basel_1907	Basel
Abt	Otto	Dr.		Binningen	2742	1907	145	telefonbuch_048	PTT-Archiv, P-260-1_Basel_1907	Basel
Bezirksschreiberei Binningen		Postgebäude		Binningen	4084	1907	145	telefonbuch_048	PTT-Archiv, P-260-1_Basel_1907	Basel
Birmann	Rud.	Metzgermeister	Ob. Hauptstrasse 450	Binningen	339	1907	145	telefonbuch_048	PTT-Archiv, P-260-1_Basel_1907	Basel
Birseck'sche Produktions- und Consumgenossenschaft Oberwil		Schlosshof		Binningen	2521	1907	145	telefonbuch_048	PTT-Archiv, P-260-1_Basel_1907	Basel
Brändlin-Goetz	R.	Wwe.	Unt. Hauptstrasse 28	Binningen	503	1907	145	telefonbuch_048	PTT-Archiv, P-260-1_Basel_1907	Basel
Dalcorso	Math.	Wwe., Geflügelhandlung	Schlossgasse 203	Binningen	4114	1907	145	telefonbuch_048	PTT-Archiv, P-260-1_Basel_1907	Basel
Denz	Wilh.	Pfarrer		Binningen	4051	1907	145	telefonbuch_048	PTT-Archiv, P-260-1_Basel_1907	Basel
Eglin	J. M.	Holzhandlung	Ob. Hauptstrasse 558	Binningen	3129	1907	145	telefonbuch_048	PTT-Archiv, P-260-1_Basel_1907	Basel
Enderlen	Hubert	Apotheker	Ob. Hauptstrasse 587	Binningen	2536	1907	145	telefonbuch_048	PTT-Archiv, P-260-1_Basel_1907	Basel
Fidel-Riggenbach	Ad.	Hôtel Hirschen		Binningen	4039	1907	145	telefonbuch_048	PTT-Archiv, P-260-1_Basel_1907	Basel
Fleury	J.	Basler Teppichreinigungsanstalt	Bottminger-Mühle	Binningen	370	1907	145	telefonbuch_048	PTT-Archiv, P-260-1_Basel_1907	Basel
Frenn-Tschopp	S.	Wwe.	Kirchweg 39	Binningen	4020	1907	145	telefonbuch_048	PTT-Archiv, P-260-1_Basel_1907	Basel
Genossenschaftsgärtnerei Binningen				Binningen	943	1907	145	telefonbuch_048	PTT-Archiv, P-260-1_Basel_1907	Basel
Gerhart	G.	Wirt	Bottmingermühle	Binningen	4056	1907	145	telefonbuch_048	PTT-Archiv, P-260-1_Basel_1907	Basel
Gesellschaft Sanitas			Bottmingermühle 159	Binningen	4542	1907	145	telefonbuch_048	PTT-Archiv, P-260-1_Basel_1907	Basel
Glaser-Grieder	Heinr.	Baumeister	Ob. Hauptstrasse 446	Binningen	635	1907	145	telefonbuch_048	PTT-Archiv, P-260-1_Basel_1907	Basel
Göttig	Jos.	Dr.	Bruderholzstrasse 92	Binningen	148	1907	145	telefonbuch_048	PTT-Archiv, P-260-1_Basel_1907	Basel
Graf-Eglin	Bernhard		Ob. Hauptstrasse 525	Binningen	3127	1907	145	telefonbuch_048	PTT-Archiv, P-260-1_Basel_1907	Basel
Gröninger & Cie.	Ch. & M.	Aluminiumwerk	Bottmingermühle	Binningen	4541	1907	145	telefonbuch_048	PTT-Archiv, P-260-1_Basel_1907	Basel
Grüter-Wissler	Alfr.		Kirchweg 37	Binningen	4529	1907	145	telefonbuch_048	PTT-Archiv, P-260-1_Basel_1907	Basel
Hartmann	A.	Häute-, Fell- und Lederhandlung	Ob. Hauptstr. 560	Binningen	3135	1907	145	telefonbuch_048	PTT-Archiv, P-260-1_Basel_1907	Basel
Hauser-Vogt	O.		beim Allschwilerweiher	Binningen	607	1907	145	telefonbuch_048	PTT-Archiv, P-260-1_Basel_1907	Basel
Hiller	J. J.	Handelsgärtner	Oberwilerstrasse 270	Binningen	4230	1907	145	telefonbuch_048	PTT-Archiv, P-260-1_Basel_1907	Basel
Joder	Jos.	Restaurant zum Schwyzerhüsli		Binningen	4543	1907	145	telefonbuch_048	PTT-Archiv, P-260-1_Basel_1907	Basel
Jundt-Higy	C.	mech. Ziegelei		Binningen	3139	1907	145	telefonbuch_048	PTT-Archiv, P-260-1_Basel_1907	Basel
Klumpp-Klein	Joh.	zum Wilden Mann		Binningen	3740	1907	145	telefonbuch_048	PTT-Archiv, P-260-1_Basel_1907	Basel
Knutty	D.	zur Binningermühle		Binningen	2938	1907	145	telefonbuch_048	PTT-Archiv, P-260-1_Basel_1907	Basel
Lüdin	J.	Buchdruckerei		Binningen	4047	1907	145	telefonbuch_048	PTT-Archiv, P-260-1_Basel_1907	Basel
Neubad	A. Perrottet	Besitzer		Binningen	3133	1907	145	telefonbuch_048	PTT-Archiv, P-260-1_Basel_1907	Basel
Oleo- und Cocoswerke			Bruderholzstrasse 88	Binningen	4019	1907	145	telefonbuch_048	PTT-Archiv, P-260-1_Basel_1907	Basel
Perrottet	A.	zum Neubad		Binningen	3133	1907	145	telefonbuch_048	PTT-Archiv, P-260-1_Basel_1907	Basel
Polizeiposten			Ob. Hauptstrasse 412	Binningen	4021	1907	145	telefonbuch_048	PTT-Archiv, P-260-1_Basel_1907	Basel
Reichold & Cie.		chemische Fabrik		Binningen	1594	1907	146	telefonbuch_049	PTT-Archiv, P-260-1_Basel_1907	Basel
Rensch-Lang	A.	Wwe.	Ob. Hauptstrasse 563	Binningen	2526	1907	146	telefonbuch_049	PTT-Archiv, P-260-1_Basel_1907	Basel
Resch	Aug.	Zahnarzt	Ob. Hauptstrasse 535	Binningen	3367	1907	146	telefonbuch_049	PTT-Archiv, P-260-1_Basel_1907	Basel
Richter	Fritz	zum Schlüssel		Binningen	4041	1907	146	telefonbuch_049	PTT-Archiv, P-260-1_Basel_1907	Basel
Rost	W.	Bäckermeister	Ob. Hauptstrasse 579	Binningen	3126	1907	146	telefonbuch_049	PTT-Archiv, P-260-1_Basel_1907	Basel
Schär	W. Fr.	Dr. med.	Ob. Hauptstrasse 542	Binningen	3665	1907	146	telefonbuch_049	PTT-Archiv, P-260-1_Basel_1907	Basel
Scherer	Theodor	Wirtschaft zur Post		Binningen	187	1907	146	telefonbuch_049	PTT-Archiv, P-260-1_Basel_1907	Basel
Schwob	Emil	Metzger	Ob. Hauptstrasse 546	Binningen	3333	1907	146	telefonbuch_049	PTT-Archiv, P-260-1_Basel_1907	Basel
Seiler	Ernst	Spengler	Ob. Hauptstrasse 583	Binningen	2548	1907	146	telefonbuch_049	PTT-Archiv, P-260-1_Basel_1907	Basel
Siegrist	Th.	Baumaterialien	Ob. Hauptstrasse 555	Binningen	2513	1907	146	telefonbuch_049	PTT-Archiv, P-260-1_Basel_1907	Basel
Stöcklin	Louis	Holzwollfabrik	Bottmingerstrasse 172	Binningen	3585	1907	146	telefonbuch_049	PTT-Archiv, P-260-1_Basel_1907	Basel
Suter-Herzog	J. E.	zum Binninger Schlössli		Binningen	3846	1907	146	telefonbuch_049	PTT-Archiv, P-260-1_Basel_1907	Basel
Sutter-Sutter	Rudolf	Camionneur		Binningen	3882	1907	146	telefonbuch_049	PTT-Archiv, P-260-1_Basel_1907	Basel
von Thilo	M.	Dr. med., prakt. Aerztin	Bottmingermühle 159	Binningen	4542	1907	146	telefonbuch_049	PTT-Archiv, P-260-1_Basel_1907	Basel
Trefzger-Dihlmann	Karl		Ob. Hauptstrasse 547	Binningen	382	1907	146	telefonbuch_049	PTT-Archiv, P-260-1_Basel_1907	Basel
Wenger-Grey	Ch.	zum Rössli		Binningen	3107	1907	146	telefonbuch_049	PTT-Archiv, P-260-1_Basel_1907	Basel
Wenzel	Heinrich	Bäcker	Ob. Hauptstrasse 458	Binningen	4149	1907	146	telefonbuch_049	PTT-Archiv, P-260-1_Basel_1907	Basel
Wiesendanger	R.	Zahnarzt		Binningen	4048	1907	146	telefonbuch_049	PTT-Archiv, P-260-1_Basel_1907	Basel
Wössner-Pfeiffer	G.	Holeeschlosswirtschaft		Binningen	3184	1907	146	telefonbuch_049	PTT-Archiv, P-260-1_Basel_1907	Basel
Wüest-Germann	M.	Frau		Binningen	1626	1907	146	telefonbuch_049	PTT-Archiv, P-260-1_Basel_1907	Basel
Ackermann	E.	Agentur	Hauptstrasse 269	Birsfelden	875	1907	146	telefonbuch_049	PTT-Archiv, P-260-1_Basel_1907	Basel
Apotheker	J.	zum Bären		Birsfelden	1099	1907	146	telefonbuch_049	PTT-Archiv, P-260-1_Basel_1907	Basel
Bauer	Conrad	Gasthof zum Ochsen		Birsfelden	766	1907	146	telefonbuch_049	PTT-Archiv, P-260-1_Basel_1907	Basel
Bauer-Meier	J.	Metzger		Birsfelden	1098	1907	146	telefonbuch_049	PTT-Archiv, P-260-1_Basel_1907	Basel
Bellevue		Restaurant, G. Sotzin-Gisin		Birsfelden	3937	1907	146	telefonbuch_049	PTT-Archiv, P-260-1_Basel_1907	Basel
Bratteler-Neukomm	E.	Waldhaus in der Hardt		Birsfelden	4517	1907	146	telefonbuch_049	PTT-Archiv, P-260-1_Basel_1907	Basel
Breil	Hans	Zahnarzt		Birsfelden	366	1907	146	telefonbuch_049	PTT-Archiv, P-260-1_Basel_1907	Basel
Consumverein Birsfelden			Hauptstrasse 54	Birsfelden	1076	1907	146	telefonbuch_049	PTT-Archiv, P-260-1_Basel_1907	Basel
Enocari	E.	Wwe., Cement- und Baugeschäft		Birsfelden	3105	1907	146	telefonbuch_049	PTT-Archiv, P-260-1_Basel_1907	Basel
Erzer	Marco Rosa	Monti & Cie., Cementgeschäft		Birsfelden	932	1907	146	telefonbuch_049	PTT-Archiv, P-260-1_Basel_1907	Basel
Gemeindesprechstation		Postbureau		Birsfelden	4131	1907	146	telefonbuch_049	PTT-Archiv, P-260-1_Basel_1907	Basel
Hipp-Jeck	J.	Schlosserei	Gartenstrasse 288	Birsfelden	1011	1907	146	telefonbuch_049	PTT-Archiv, P-260-1_Basel_1907	Basel
Kellerhals	Heinrich	Fuhrhalter		Birsfelden	1106	1907	146	telefonbuch_049	PTT-Archiv, P-260-1_Basel_1907	Basel
Kellerhals-Portmann	W.	Hagnau		Birsfelden	3413	1907	146	telefonbuch_049	PTT-Archiv, P-260-1_Basel_1907	Basel
König	J. G.	zur Brücke		Birsfelden	3295	1907	146	telefonbuch_049	PTT-Archiv, P-260-1_Basel_1907	Basel
Levy-Isliker	T.	Hauptgeschäft		Birsfelden	887	1907	146	telefonbuch_049	PTT-Archiv, P-260-1_Basel_1907	Basel
Meier	Victor	Sandlieferant	Gartenstrasse 295	Birsfelden	196	1907	146	telefonbuch_049	PTT-Archiv, P-260-1_Basel_1907	Basel
Messner-Kramer	J.		Baslerstrasse 456	Birsfelden	4227	1907	146	telefonbuch_049	PTT-Archiv, P-260-1_Basel_1907	Basel
Meyer	Hanna	Wirtschaft zur Hardt		Birsfelden	1709	1907	146	telefonbuch_049	PTT-Archiv, P-260-1_Basel_1907	Basel
Polizeiposten			Hauptstrasse 254	Birsfelden	763	1907	146	telefonbuch_049	PTT-Archiv, P-260-1_Basel_1907	Basel
Schmid	J. F.	Bäckerei und Mineralwasserfabrik	Hauptstrasse 59	Birsfelden	798	1907	146	telefonbuch_049	PTT-Archiv, P-260-1_Basel_1907	Basel
Schöpflin-Belser	Aug.			Birsfelden	3038	1907	146	telefonbuch_049	PTT-Archiv, P-260-1_Basel_1907	Basel
Stohler-Müller	Karl		Rheinstrasse 264	Birsfelden	136	1907	146	telefonbuch_049	PTT-Archiv, P-260-1_Basel_1907	Basel
Strub	Arnold	Gasthaus zur Krone		Birsfelden	866	1907	146	telefonbuch_049	PTT-Archiv, P-260-1_Basel_1907	Basel
Urech-Kaiser	J.	Postbureau		Birsfelden	4131	1907	146	telefonbuch_049	PTT-Archiv, P-260-1_Basel_1907	Basel
Urech-Marti	W.	gemischtes Warengeschäft	Hauptstrasse 53	Birsfelden	1097	1907	146	telefonbuch_049	PTT-Archiv, P-260-1_Basel_1907	Basel
Welter	Eug.	Eisenhandlung	Rheinstrasse 481	Birsfelden	983	1907	146	telefonbuch_049	PTT-Archiv, P-260-1_Basel_1907	Basel
Kellerhals-Schaub	J. J.			Bottmingen	4225	1907	147	telefonbuch_050	PTT-Archiv, P-260-1_Basel_1907	Basel
Ritter	W.	Schloss Bottmingen		Bottmingen	2528	1907	147	telefonbuch_050	PTT-Archiv, P-260-1_Basel_1907	Basel
Stöcklin	Hans	zur Sonne		Bottmingen	448	1907	147	telefonbuch_050	PTT-Archiv, P-260-1_Basel_1907	Basel
Weiss-Dunkel	J. A.			Bottmingen	447	1907	147	telefonbuch_050	PTT-Archiv, P-260-1_Basel_1907	Basel
Eicher	Joh.	Mühle		Brüglingen	3535	1907	147	telefonbuch_050	PTT-Archiv, P-260-1_Basel_1907	Basel
Reconvalescentenstation des Bürgerspitals				Brüglingen	3554	1907	147	telefonbuch_050	PTT-Archiv, P-260-1_Basel_1907	Basel
Mersing	Jos.	Kunstgewerbliche Anstalt		Dornach	705	1907	147	telefonbuch_050	PTT-Archiv, P-260-1_Basel_1907	Basel
Muttenzer	Joseph	Gemeindeammann		Dornach	705	1907	147	telefonbuch_050	PTT-Archiv, P-260-1_Basel_1907	Basel
Rumpel	J.	Kantonsrat, zum Engel		Dornach	705	1907	147	telefonbuch_050	PTT-Archiv, P-260-1_Basel_1907	Basel
Schneider	Erhard	Spediteur		Dornach	705	1907	147	telefonbuch_050	PTT-Archiv, P-260-1_Basel_1907	Basel
Schneider-Preiswerk	J.	Frau Dr.		Dornach	705	1907	147	telefonbuch_050	PTT-Archiv, P-260-1_Basel_1907	Basel
Schweizerische Metallwerke Dornach				Dornach	705	1907	147	telefonbuch_050	PTT-Archiv, P-260-1_Basel_1907	Basel
Amthaus				Dornachbrugg	705	1907	147	telefonbuch_050	PTT-Archiv, P-260-1_Basel_1907	Basel
Boder	C.	Soloth. Kantonalbank-Agentur		Dornachbrugg	705	1907	147	telefonbuch_050	PTT-Archiv, P-260-1_Basel_1907	Basel
Eckinger	Friedr.	Ingenieur		Dornachbrugg	705	1907	147	telefonbuch_050	PTT-Archiv, P-260-1_Basel_1907	Basel
Erzer	Arthur	Cementwarenfabrikation		Dornachbrugg	705	1907	147	telefonbuch_050	PTT-Archiv, P-260-1_Basel_1907	Basel
Gasser-Ramstein	L.	Metzger und Wirt		Dornachbrugg	705	1907	147	telefonbuch_050	PTT-Archiv, P-260-1_Basel_1907	Basel
Henzi	Louis			Dornachbrugg	705	1907	147	telefonbuch_050	PTT-Archiv, P-260-1_Basel_1907	Basel
Hotel Bahnhof		Ferd. Meister-Dietler		Dornachbrugg	705	1907	147	telefonbuch_050	PTT-Archiv, P-260-1_Basel_1907	Basel
Kunstgewerbliche Werkstätte Dornach				Dornachbrugg	705	1907	147	telefonbuch_050	PTT-Archiv, P-260-1_Basel_1907	Basel
La Salle	Edouard			Dornachbrugg	705	1907	147	telefonbuch_050	PTT-Archiv, P-260-1_Basel_1907	Basel
Matter-Saager	D.	Gasthof zum Ochsen		Dornachbrugg	705	1907	147	telefonbuch_050	PTT-Archiv, P-260-1_Basel_1907	Basel
Schedler		Dr. med.		Dornachbrugg	705	1907	147	telefonbuch_050	PTT-Archiv, P-260-1_Basel_1907	Basel
Stationsvorstand				Dornachbrugg	705	1907	147	telefonbuch_050	PTT-Archiv, P-260-1_Basel_1907	Basel
von Arx	Otto	Rechtsanwalt		Dornachbrugg	705	1907	147	telefonbuch_050	PTT-Archiv, P-260-1_Basel_1907	Basel
VonderMühll	Marguerite			Dornachbrugg	705	1907	147	telefonbuch_050	PTT-Archiv, P-260-1_Basel_1907	Basel
Wiesendanger-Brücker	Alb.			Dornachbrugg	705	1907	147	telefonbuch_050	PTT-Archiv, P-260-1_Basel_1907	Basel
Gemeindestation		(s. Seite 44)		Duggingen	705	1907	147	telefonbuch_050	PTT-Archiv, P-260-1_Basel_1907	Basel
Bad Ettingen	L. Spitz	Propr.		Ettingen	709	1907	147	telefonbuch_050	PTT-Archiv, P-260-1_Basel_1907	Basel
Brodmann	Richard	Bürstenfabrik		Ettingen	709	1907	147	telefonbuch_050	PTT-Archiv, P-260-1_Basel_1907	Basel
Gemeindestation		(s. Seite 44)		Ettingen	709	1907	147	telefonbuch_050	PTT-Archiv, P-260-1_Basel_1907	Basel
Moeschlin	Emil	Wirt		Ettingen	709	1907	147	telefonbuch_050	PTT-Archiv, P-260-1_Basel_1907	Basel
Schaub	Emil	Gemeindepräsident		Ettingen	709	1907	147	telefonbuch_050	PTT-Archiv, P-260-1_Basel_1907	Basel
Thüring	Ed.	Baumaterialien		Ettingen	709	1907	147	telefonbuch_050	PTT-Archiv, P-260-1_Basel_1907	Basel
Thüring	Emil	Bäcker		Ettingen	709	1907	147	telefonbuch_050	PTT-Archiv, P-260-1_Basel_1907	Basel
Gemeindestation		(s. Seite 44)		Gempen	705	1907	147	telefonbuch_050	PTT-Archiv, P-260-1_Basel_1907	Basel
Frepp	Geschwister	Hôtel Bären		Grellingen	705	1907	147	telefonbuch_050	PTT-Archiv, P-260-1_Basel_1907	Basel
Gas-, Wasser- und Elektrizitätswerk Basel		Wohnung v. Brunnenmstr. Vögtlin		Grellingen	705	1907	147	telefonbuch_050	PTT-Archiv, P-260-1_Basel_1907	Basel
Industriegesellschaft für Schappe		Bureau und Direktorwohnung		Grellingen	705	1907	147	telefonbuch_050	PTT-Archiv, P-260-1_Basel_1907	Basel
Richterich	Eugen	Restaurant Bahnhof		Grellingen	705	1907	147	telefonbuch_050	PTT-Archiv, P-260-1_Basel_1907	Basel
Schaffner	Ed.	Hotel Storchen		Grellingen	705	1907	147	telefonbuch_050	PTT-Archiv, P-260-1_Basel_1907	Basel
Ziegler & Co.	Alb.	Papierfabrik		Grellingen	705	1907	147	telefonbuch_050	PTT-Archiv, P-260-1_Basel_1907	Basel
Gemeindestation		(s. Seite 44)		Hochwald	705	1907	148	telefonbuch_052	PTT-Archiv, P-260-1_Basel_1907	Basel
Bausteinfabrik Kaiseraugst				Kaiseraugst	708	1907	148	telefonbuch_052	PTT-Archiv, P-260-1_Basel_1907	Basel
Frey	F.	Salinenverwalter		Kaiseraugst	708	1907	148	telefonbuch_052	PTT-Archiv, P-260-1_Basel_1907	Basel
Kunz	Alph.	Bahnhofrestauration		Kaiseraugst	708	1907	148	telefonbuch_052	PTT-Archiv, P-260-1_Basel_1907	Basel
Saline Kaiseraugst				Kaiseraugst	708	1907	148	telefonbuch_052	PTT-Archiv, P-260-1_Basel_1907	Basel
Schonlau	Gebrüder	Cellulosefabrik		Kaiseraugst	708	1907	148	telefonbuch_052	PTT-Archiv, P-260-1_Basel_1907	Basel
Basler chemische Fabrik				Kleinhüningen	3332	1907	148	telefonbuch_052	PTT-Archiv, P-260-1_Basel_1907	Basel
Bertolf	Julie	Spezereihandlung		Kleinhüningen	3331	1907	148	telefonbuch_052	PTT-Archiv, P-260-1_Basel_1907	Basel
Clavel-Merian	A.	Landgut		Kleinhüningen	299	1907	148	telefonbuch_052	PTT-Archiv, P-260-1_Basel_1907	Basel
Dettwyler	Theodor	Metzger	Dorfstrasse 44	Kleinhüningen	263	1907	148	telefonbuch_052	PTT-Archiv, P-260-1_Basel_1907	Basel
Frey-Lapp	Seb.	zur Krone		Kleinhüningen	2129	1907	148	telefonbuch_052	PTT-Archiv, P-260-1_Basel_1907	Basel
Gemeindestation		(s. Seite 44)		Kleinhüningen	3328	1907	148	telefonbuch_052	PTT-Archiv, P-260-1_Basel_1907	Basel
Güdemann	Friedrich		Neuhausstrasse 145	Kleinhüningen	349	1907	148	telefonbuch_052	PTT-Archiv, P-260-1_Basel_1907	Basel
Heitz	Louis	Handelsgärtner		Kleinhüningen	3334	1907	148	telefonbuch_052	PTT-Archiv, P-260-1_Basel_1907	Basel
Höfflin	Fritz	Metzger		Kleinhüningen	3326	1907	148	telefonbuch_052	PTT-Archiv, P-260-1_Basel_1907	Basel
Lipps-Portmann	Wilh.	Fuhrhalter		Kleinhüningen	363	1907	148	telefonbuch_052	PTT-Archiv, P-260-1_Basel_1907	Basel
Moebius	H., & fils	Knochenöle und Buchdruck-Walzenmasse		Kleinhüningen	3327	1907	148	telefonbuch_052	PTT-Archiv, P-260-1_Basel_1907	Basel
Polizeiposten				Kleinhüningen	66	1907	148	telefonbuch_052	PTT-Archiv, P-260-1_Basel_1907	Basel
Schulhaus				Kleinhüningen	362	1907	148	telefonbuch_052	PTT-Archiv, P-260-1_Basel_1907	Basel
Basler Baugesellschaft		Steinbruchbetrieb und Kalkbrennerei		Münchenstein	705	1907	148	telefonbuch_052	PTT-Archiv, P-260-1_Basel_1907	Basel
Brunner-Salathé	Wilh.	Handlung		Münchenstein	705	1907	148	telefonbuch_052	PTT-Archiv, P-260-1_Basel_1907	Basel
Burckhardt	W.	Pfarrer		Münchenstein	705	1907	148	telefonbuch_052	PTT-Archiv, P-260-1_Basel_1907	Basel
Elektrizitätsgesellschaft Alioth				Münchenstein	1670	1907	148	telefonbuch_052	PTT-Archiv, P-260-1_Basel_1907	Basel
Erholungsstation Hofmatt				Münchenstein	705	1907	148	telefonbuch_052	PTT-Archiv, P-260-1_Basel_1907	Basel
Geigy-Burckhardt	Frau M. E.	Bruckgut		Münchenstein	3911	1907	148	telefonbuch_052	PTT-Archiv, P-260-1_Basel_1907	Basel
Hotel zum Reichensteinerschloss				Münchenstein	705	1907	148	telefonbuch_052	PTT-Archiv, P-260-1_Basel_1907	Basel
„Jura“		Restauration (Basler Löwenbräu)		Münchenstein	705	1907	148	telefonbuch_052	PTT-Archiv, P-260-1_Basel_1907	Basel
Müry-Flück	E.	Asphof		Münchenstein	705	1907	148	telefonbuch_052	PTT-Archiv, P-260-1_Basel_1907	Basel
Portland-Cementfabrik Laufen		Fabrik		Münchenstein	705	1907	148	telefonbuch_052	PTT-Archiv, P-260-1_Basel_1907	Basel
Ruch-Keller				Münchenstein	705	1907	148	telefonbuch_052	PTT-Archiv, P-260-1_Basel_1907	Basel
Sulger	Dr. August	Oberes Gruth		Münchenstein	705	1907	148	telefonbuch_052	PTT-Archiv, P-260-1_Basel_1907	Basel
Thürkauf	Emil	zum Birseckbahnhof		Münchenstein	705	1907	148	telefonbuch_052	PTT-Archiv, P-260-1_Basel_1907	Basel
Van Baerle	Gebrüder			Münchenstein	705	1907	148	telefonbuch_052	PTT-Archiv, P-260-1_Basel_1907	Basel
Vogel	Xaver	Restaurant beim Bahnhof		Münchenstein	705	1907	148	telefonbuch_052	PTT-Archiv, P-260-1_Basel_1907	Basel
Wagner-Bay	Ernst			Münchenstein	705	1907	148	telefonbuch_052	PTT-Archiv, P-260-1_Basel_1907	Basel
Wagner	Louis	zum Rössli		Münchenstein	705	1907	148	telefonbuch_052	PTT-Archiv, P-260-1_Basel_1907	Basel
Ammann	Henri	Handelsgärtnerei		Muttenz	678	1907	148	telefonbuch_052	PTT-Archiv, P-260-1_Basel_1907	Basel
Basler & Cie.		Fabrik		Muttenz	678	1907	148	telefonbuch_052	PTT-Archiv, P-260-1_Basel_1907	Basel
Brüderlin-Bornhauser	A.			Muttenz	678	1907	148	telefonbuch_052	PTT-Archiv, P-260-1_Basel_1907	Basel
Buser	Joh.	Metzger und Wirt		Muttenz	678	1907	148	telefonbuch_052	PTT-Archiv, P-260-1_Basel_1907	Basel
Bundesbahnen	Schweizer.	Station		Muttenz	678	1907	148	telefonbuch_052	PTT-Archiv, P-260-1_Basel_1907	Basel
Gradt-Dossmann	Jak.	Bahnhofrestaurant		Muttenz	678	1907	148	telefonbuch_052	PTT-Archiv, P-260-1_Basel_1907	Basel
Haass	Th.	mech. Holzwarenfabrik		Muttenz	678	1907	148	telefonbuch_052	PTT-Archiv, P-260-1_Basel_1907	Basel
Helfesrieder	Bernh.	zum Bären		Muttenz	678	1907	148	telefonbuch_052	PTT-Archiv, P-260-1_Basel_1907	Basel
Hübscher	E.	Arzt		Muttenz	678	1907	148	telefonbuch_052	PTT-Archiv, P-260-1_Basel_1907	Basel
Jourdan	Sam.	Maurermeister		Muttenz	678	1907	149	telefonbuch_053	PTT-Archiv, P-260-1_Basel_1907	Basel
Meyer	Gottlieb	Schlosser		Muttenz	678	1907	149	telefonbuch_053	PTT-Archiv, P-260-1_Basel_1907	Basel
Pfirter	G.			Muttenz	678	1907	149	telefonbuch_053	PTT-Archiv, P-260-1_Basel_1907	Basel
Ramstein		zum Rebstock		Muttenz	678	1907	149	telefonbuch_053	PTT-Archiv, P-260-1_Basel_1907	Basel
Schaub-Suter	Alb.			Muttenz	678	1907	149	telefonbuch_053	PTT-Archiv, P-260-1_Basel_1907	Basel
Schorr	Fritz	zum Rössli		Muttenz	678	1907	149	telefonbuch_053	PTT-Archiv, P-260-1_Basel_1907	Basel
Senglet	F. & A.	& Co.		Muttenz	678	1907	149	telefonbuch_053	PTT-Archiv, P-260-1_Basel_1907	Basel
Strub	H.	Tierarzt		Muttenz	678	1907	149	telefonbuch_053	PTT-Archiv, P-260-1_Basel_1907	Basel
Strübin-Spiess	H.	Hof Wartenberg		Muttenz	678	1907	149	telefonbuch_053	PTT-Archiv, P-260-1_Basel_1907	Basel
Wälterlin	E.	Bahnhofrestaurant		Muttenz	678	1907	149	telefonbuch_053	PTT-Archiv, P-260-1_Basel_1907	Basel
Weber	C. F.	A.-G., Dachpappenfabrik		Muttenz	678	1907	149	telefonbuch_053	PTT-Archiv, P-260-1_Basel_1907	Basel
Weiller	Simon	Viehhändler		Muttenz	678	1907	149	telefonbuch_053	PTT-Archiv, P-260-1_Basel_1907	Basel
Degen	F.	Kleiderfärberei und Chem. Wäscherei		Neu-Allschwil	231	1907	149	telefonbuch_053	PTT-Archiv, P-260-1_Basel_1907	Basel
Dörflinger-Trefzger	Alfred			Neu-Allschwil	4451	1907	149	telefonbuch_053	PTT-Archiv, P-260-1_Basel_1907	Basel
Goetschy-Ketterer	Jos.	zum Stab		Neu-Allschwil	257	1907	149	telefonbuch_053	PTT-Archiv, P-260-1_Basel_1907	Basel
Hess	Ludwig	Gärtnermeister		Neu-Allschwil	1246	1907	149	telefonbuch_053	PTT-Archiv, P-260-1_Basel_1907	Basel
Kamber	Fritz	Fuhrhalter		Neu-Allschwil	2784	1907	149	telefonbuch_053	PTT-Archiv, P-260-1_Basel_1907	Basel
Polizeiposten Neu-Allschwil				Neu-Allschwil	400	1907	149	telefonbuch_053	PTT-Archiv, P-260-1_Basel_1907	Basel
Ranft	St.	& Söhne, Baumschule		Neu-Allschwil	453	1907	149	telefonbuch_053	PTT-Archiv, P-260-1_Basel_1907	Basel
Reiniger	Niklaus	Thierarzt		Neu-Allschwil	1034	1907	149	telefonbuch_053	PTT-Archiv, P-260-1_Basel_1907	Basel
Rietmann	Alfred	Wirt		Neu-Allschwil	401	1907	149	telefonbuch_053	PTT-Archiv, P-260-1_Basel_1907	Basel
Schmoll fils & Cie.		Magazin		Neu-Allschwil	901	1907	149	telefonbuch_053	PTT-Archiv, P-260-1_Basel_1907	Basel
Sieglin	Wilhelm	Fuhrhalter		Neu-Allschwil	402	1907	149	telefonbuch_053	PTT-Archiv, P-260-1_Basel_1907	Basel
Widmer	Arnold	Zahnarzt		Neu-Allschwil	1207	1907	149	telefonbuch_053	PTT-Archiv, P-260-1_Basel_1907	Basel
Ehinger-Heusler	Alph. M.	Landgut		Neuewelt	3910	1907	149	telefonbuch_053	PTT-Archiv, P-260-1_Basel_1907	Basel
Electra Birseck				Neuewelt	3903	1907	149	telefonbuch_053	PTT-Archiv, P-260-1_Basel_1907	Basel
Fiechter	Louis B.	Fabrik		Neuewelt	959	1907	149	telefonbuch_053	PTT-Archiv, P-260-1_Basel_1907	Basel
Gisiger	Otto	zum Schwert, Ruchfeld		Neuewelt	3915	1907	149	telefonbuch_053	PTT-Archiv, P-260-1_Basel_1907	Basel
Kapp	Friedr.	Wirt		Neuewelt	4265	1907	149	telefonbuch_053	PTT-Archiv, P-260-1_Basel_1907	Basel
Peter & Cie.		Spiegelfabrik		Neuewelt	3850	1907	149	telefonbuch_053	PTT-Archiv, P-260-1_Basel_1907	Basel
Birseck'sche Produkt.- u. Consumgenoss. Oberwil		Verwaltungsgeb.		Oberwil	709	1907	149	telefonbuch_053	PTT-Archiv, P-260-1_Basel_1907	Basel
Birseck'sche Produkt.- u. Consumgenoss. Oberwil		Gasthof zur Krone		Oberwil	709	1907	149	telefonbuch_053	PTT-Archiv, P-260-1_Basel_1907	Basel
Birsigthalbahn		Kraftstation		Oberwil	3566	1907	149	telefonbuch_053	PTT-Archiv, P-260-1_Basel_1907	Basel
Brauerei Waldschlössli Oberwil	F. Schleeh & Cie.			Oberwil	4042	1907	149	telefonbuch_053	PTT-Archiv, P-260-1_Basel_1907	Basel
Graeter	Karl	prakt. Arzt		Oberwil	709	1907	149	telefonbuch_053	PTT-Archiv, P-260-1_Basel_1907	Basel
Gschwind, Dettwiler & Co.				Oberwil	4043	1907	149	telefonbuch_053	PTT-Archiv, P-260-1_Basel_1907	Basel
Gschwind, Dettwiler & Co.				Oberwil	709	1907	149	telefonbuch_053	PTT-Archiv, P-260-1_Basel_1907	Basel
Hügin-Degen	Anton	zum Schwanen		Oberwil	709	1907	149	telefonbuch_053	PTT-Archiv, P-260-1_Basel_1907	Basel
Koch-Kröner	H.	Station		Oberwil	709	1907	149	telefonbuch_053	PTT-Archiv, P-260-1_Basel_1907	Basel
Mechanische Ziegelei Oberwil	J. Fleury			Oberwil	709	1907	149	telefonbuch_053	PTT-Archiv, P-260-1_Basel_1907	Basel
Nyfeler	Jakob			Oberwil	709	1907	149	telefonbuch_053	PTT-Archiv, P-260-1_Basel_1907	Basel
Polizeiposten				Oberwil	709	1907	149	telefonbuch_053	PTT-Archiv, P-260-1_Basel_1907	Basel
Gemeindestation		(s. Seite 44)		Pfeffingen	705	1907	149	telefonbuch_053	PTT-Archiv, P-260-1_Basel_1907	Basel
Maggi	Eugen	Schloss Pfeffingen		Pfeffingen	705	1907	149	telefonbuch_053	PTT-Archiv, P-260-1_Basel_1907	Basel
Aktiengesellschaft Alb. Buss & Co.				Pratteln	708	1907	150	telefonbuch_054	PTT-Archiv, P-260-1_Basel_1907	Basel
Aktiengesellschaft für Holz- und Maschinenindustrie		vorm. Osc. Faller, Fabr.		Pratteln	708	1907	150	telefonbuch_054	PTT-Archiv, P-260-1_Basel_1907	Basel
Bärtschi	Adolf	Restauration zum Bahnhof		Pratteln	708	1907	150	telefonbuch_054	PTT-Archiv, P-260-1_Basel_1907	Basel
Basler Sandstein-Fabrik Pratteln, Wilh. Brodbeck & Co.				Pratteln	708	1907	150	telefonbuch_054	PTT-Archiv, P-260-1_Basel_1907	Basel
Schweizer. Bundesbahnen		Station		Pratteln	708	1907	150	telefonbuch_054	PTT-Archiv, P-260-1_Basel_1907	Basel
Chemische Fabrik Pratteln, J. Rohner				Pratteln	708	1907	150	telefonbuch_054	PTT-Archiv, P-260-1_Basel_1907	Basel
Dalcher	Traugott			Pratteln	708	1907	150	telefonbuch_054	PTT-Archiv, P-260-1_Basel_1907	Basel
Faes & Cie.		Chemische Produkte		Pratteln	708	1907	150	telefonbuch_054	PTT-Archiv, P-260-1_Basel_1907	Basel
Haegler-Straumann	Ernst			Pratteln	708	1907	150	telefonbuch_054	PTT-Archiv, P-260-1_Basel_1907	Basel
Helvetia		schweiz. Kaffee-Surrogat-Fabriken		Pratteln	708	1907	150	telefonbuch_054	PTT-Archiv, P-260-1_Basel_1907	Basel
Hüglin	Gustav	Gut Hohenrain		Pratteln	708	1907	150	telefonbuch_054	PTT-Archiv, P-260-1_Basel_1907	Basel
Keller	H.	& Cie., Galvanisationsanstalt		Pratteln	708	1907	150	telefonbuch_054	PTT-Archiv, P-260-1_Basel_1907	Basel
Kopp	P.	Tierarzt		Pratteln	708	1907	150	telefonbuch_054	PTT-Archiv, P-260-1_Basel_1907	Basel
Martin		Dr.		Pratteln	708	1907	150	telefonbuch_054	PTT-Archiv, P-260-1_Basel_1907	Basel
Martin	V.	Dr., Sohn		Pratteln	708	1907	150	telefonbuch_054	PTT-Archiv, P-260-1_Basel_1907	Basel
Messerschmidt	Ad.	Holzgrosshandlung		Pratteln	708	1907	150	telefonbuch_054	PTT-Archiv, P-260-1_Basel_1907	Basel
Meyer's	J. C.	Wwe. & Co.		Pratteln	708	1907	150	telefonbuch_054	PTT-Archiv, P-260-1_Basel_1907	Basel
Sartorius	Karl	Pfarrer		Pratteln	708	1907	150	telefonbuch_054	PTT-Archiv, P-260-1_Basel_1907	Basel
Schweizer. Kohlensäurewerke				Pratteln	708	1907	150	telefonbuch_054	PTT-Archiv, P-260-1_Basel_1907	Basel
Schwob	E.	Metzger		Pratteln	708	1907	150	telefonbuch_054	PTT-Archiv, P-260-1_Basel_1907	Basel
Stohler-Löliger	Jakob			Pratteln	708	1907	150	telefonbuch_054	PTT-Archiv, P-260-1_Basel_1907	Basel
Tschudin	E.	zum Ochsen		Pratteln	708	1907	150	telefonbuch_054	PTT-Archiv, P-260-1_Basel_1907	Basel
Verband Schweiz. Konsumvereine		b. Bahnhof		Pratteln	708	1907	150	telefonbuch_054	PTT-Archiv, P-260-1_Basel_1907	Basel
Wagner-Schwob	Ad.	zur Krummen Eich		Pratteln	708	1907	150	telefonbuch_054	PTT-Archiv, P-260-1_Basel_1907	Basel
Zeugin	Jakob	Ofenbauer		Pratteln	708	1907	150	telefonbuch_054	PTT-Archiv, P-260-1_Basel_1907	Basel
Bärenbräu Reinach	J. Probst			Reinach (Baselland)	705	1907	150	telefonbuch_054	PTT-Archiv, P-260-1_Basel_1907	Basel
Geismar	S.	Neuhof-Schönberg		Reinach (Baselland)	705	1907	150	telefonbuch_054	PTT-Archiv, P-260-1_Basel_1907	Basel
Gemeindestation		(s. Seite 44)		Reinach (Baselland)	705	1907	150	telefonbuch_054	PTT-Archiv, P-260-1_Basel_1907	Basel
Gerber	Jakob	Reinacherhof		Reinach (Baselland)	705	1907	150	telefonbuch_054	PTT-Archiv, P-260-1_Basel_1907	Basel
Meier-Glaser	Alb.	zum Ochsen		Reinach (Baselland)	705	1907	150	telefonbuch_054	PTT-Archiv, P-260-1_Basel_1907	Basel
Meyer-Kunz	Arthur	Metzger		Reinach (Baselland)	705	1907	150	telefonbuch_054	PTT-Archiv, P-260-1_Basel_1907	Basel
Anstalt zur guten Herberge				Riehen	707	1907	150	telefonbuch_054	PTT-Archiv, P-260-1_Basel_1907	Basel
Baumann	Ernst	Dr., prakt. Arzt		Riehen	707	1907	150	telefonbuch_054	PTT-Archiv, P-260-1_Basel_1907	Basel
Bischoff-Wunderli	Ed.	Wenkenhof		Riehen	707	1907	150	telefonbuch_054	PTT-Archiv, P-260-1_Basel_1907	Basel
Burckhardt-Burckhardt	E.	Wwe., Wenkenhof		Riehen	707	1907	150	telefonbuch_054	PTT-Archiv, P-260-1_Basel_1907	Basel
Burckhardt-VonderMühll	A. C.	Frau Wwe.		Riehen	707	1907	150	telefonbuch_054	PTT-Archiv, P-260-1_Basel_1907	Basel
Bürgin-Willi	K.			Riehen	707	1907	150	telefonbuch_054	PTT-Archiv, P-260-1_Basel_1907	Basel
Consumverein		Allgemeiner		Riehen	707	1907	150	telefonbuch_054	PTT-Archiv, P-260-1_Basel_1907	Basel
Diakonissenhaus Riehen				Riehen	707	1907	150	telefonbuch_054	PTT-Archiv, P-260-1_Basel_1907	Basel
Döbeli	T.	Gasthof zum Ochsen		Riehen	707	1907	150	telefonbuch_054	PTT-Archiv, P-260-1_Basel_1907	Basel
Fischer-Schweizer	W.	zur Schlipferhalle		Riehen	707	1907	150	telefonbuch_054	PTT-Archiv, P-260-1_Basel_1907	Basel
Friedlin-Truog	Carl	Metzgerei		Riehen	707	1907	150	telefonbuch_054	PTT-Archiv, P-260-1_Basel_1907	Basel
Geigy-Buxtorf	S.	Wwe.		Riehen	707	1907	150	telefonbuch_054	PTT-Archiv, P-260-1_Basel_1907	Basel
Gemeindekanzlei				Riehen	707	1907	150	telefonbuch_054	PTT-Archiv, P-260-1_Basel_1907	Basel
Gemeindesprechstation		Postbureau		Riehen	707	1907	150	telefonbuch_054	PTT-Archiv, P-260-1_Basel_1907	Basel
Glaentzlin-Fink	Georg	zum Rheinischen Hof		Riehen	707	1907	150	telefonbuch_054	PTT-Archiv, P-260-1_Basel_1907	Basel
Grüninger	Ernst	Sägewerk		Riehen	675	1907	150	telefonbuch_054	PTT-Archiv, P-260-1_Basel_1907	Basel
Heilanstalt Sonnenhalde				Riehen	707	1907	151	telefonbuch_055	PTT-Archiv, P-260-1_Basel_1907	Basel
Heitz	Geschwister	Nachf. von Gustav Heitz Wwe.		Riehen	707	1907	151	telefonbuch_055	PTT-Archiv, P-260-1_Basel_1907	Basel
Heusler-Christ	D.			Riehen	707	1907	151	telefonbuch_055	PTT-Archiv, P-260-1_Basel_1907	Basel
His-Burckhardt	E.	Frau		Riehen	707	1907	151	telefonbuch_055	PTT-Archiv, P-260-1_Basel_1907	Basel
Karlin-Löliger	Fritz			Riehen	707	1907	151	telefonbuch_055	PTT-Archiv, P-260-1_Basel_1907	Basel
Leisinger-Volz	Wilh.			Riehen	707	1907	151	telefonbuch_055	PTT-Archiv, P-260-1_Basel_1907	Basel
Lindenmeyer-Seiler	Fritz	Glöcklihof		Riehen	707	1907	151	telefonbuch_055	PTT-Archiv, P-260-1_Basel_1907	Basel
Löliger-Plattner	L.			Riehen	707	1907	151	telefonbuch_055	PTT-Archiv, P-260-1_Basel_1907	Basel
Oel- und Fettwarenfabrik Riehen		Carl Strütt & Co.		Riehen	707	1907	151	telefonbuch_055	PTT-Archiv, P-260-1_Basel_1907	Basel
Palatini & Sohn		Baugeschäft		Riehen	707	1907	151	telefonbuch_055	PTT-Archiv, P-260-1_Basel_1907	Basel
Polizeiposten				Riehen	707	1907	151	telefonbuch_055	PTT-Archiv, P-260-1_Basel_1907	Basel
Sarasin-Bischoff	Th.			Riehen	707	1907	151	telefonbuch_055	PTT-Archiv, P-260-1_Basel_1907	Basel
Stump	E.	Materialwarenhandlung		Riehen	707	1907	151	telefonbuch_055	PTT-Archiv, P-260-1_Basel_1907	Basel
Taubstummenanstalt				Riehen	707	1907	151	telefonbuch_055	PTT-Archiv, P-260-1_Basel_1907	Basel
Veillon-Stückelberg	E.	Dr.		Riehen	707	1907	151	telefonbuch_055	PTT-Archiv, P-260-1_Basel_1907	Basel
Wanner	J.	zur Mühle		Riehen	707	1907	151	telefonbuch_055	PTT-Archiv, P-260-1_Basel_1907	Basel
Weissenberger	Heinrich	Zahlstelle Riehen der Basler Kantonalbank		Riehen	707	1907	151	telefonbuch_055	PTT-Archiv, P-260-1_Basel_1907	Basel
Weitnauer	Emanuel	Handelsgärtner		Riehen	707	1907	151	telefonbuch_055	PTT-Archiv, P-260-1_Basel_1907	Basel
Wenk-Löliger	A. M.	Wwe., Bäckerei		Riehen	707	1907	151	telefonbuch_055	PTT-Archiv, P-260-1_Basel_1907	Basel
Wenk-Weber	J.	Kaufladen		Riehen	707	1907	151	telefonbuch_055	PTT-Archiv, P-260-1_Basel_1907	Basel
Pilgermissionsanstalt				St. Chrischona	707	1907	151	telefonbuch_055	PTT-Archiv, P-260-1_Basel_1907	Basel
Merian (Chr.)'sche Stiftung		Domäne		St. Jakob	3565	1907	151	telefonbuch_055	PTT-Archiv, P-260-1_Basel_1907	Basel
Baumgartner	Ad.	Prof. Dr.		Schänzli	4183	1907	151	telefonbuch_055	PTT-Archiv, P-260-1_Basel_1907	Basel
Christen	J.	& Sohn, Cementröhrenfabrik Schweizerau		Schänzli	3529	1907	151	telefonbuch_055	PTT-Archiv, P-260-1_Basel_1907	Basel
Christen	J.	Ingenieur		Schänzli	3529	1907	151	telefonbuch_055	PTT-Archiv, P-260-1_Basel_1907	Basel
Feigenwinter	J.	Wirt, zur Schanzenau		Schänzli	3724	1907	151	telefonbuch_055	PTT-Archiv, P-260-1_Basel_1907	Basel
Girod-Burckhardt	Fritz	Sandlieferant		Schänzli	427	1907	151	telefonbuch_055	PTT-Archiv, P-260-1_Basel_1907	Basel
Hirzel	Heinr.	Kalkbrennerei		Schänzli	3564	1907	151	telefonbuch_055	PTT-Archiv, P-260-1_Basel_1907	Basel
Gemeindestation		(s. Seite 44)		Schönenbuch	679	1907	151	telefonbuch_055	PTT-Archiv, P-260-1_Basel_1907	Basel
Chemische Fabrik Schweizerhall				Schweizerhalle	708	1907	151	telefonbuch_055	PTT-Archiv, P-260-1_Basel_1907	Basel
Chemische Fabrik		vorm. Siegwart, Dr. Finckh & Eissner		Schweizerhalle	708	1907	151	telefonbuch_055	PTT-Archiv, P-260-1_Basel_1907	Basel
Hotel Soolbad				Schweizerhalle	708	1907	151	telefonbuch_055	PTT-Archiv, P-260-1_Basel_1907	Basel
Meyer	Adalbert	zum Rothaus		Schweizerhalle	708	1907	151	telefonbuch_055	PTT-Archiv, P-260-1_Basel_1907	Basel
Nebiker-Furler	Fritz	Wirt		Schweizerhalle	708	1907	151	telefonbuch_055	PTT-Archiv, P-260-1_Basel_1907	Basel
Petersen-Drouin		Villa Rheinlehne		Schweizerhalle	708	1907	151	telefonbuch_055	PTT-Archiv, P-260-1_Basel_1907	Basel
Petersen	Ferd.	& Co., Geschäftslokal		Schweizerhalle	708	1907	151	telefonbuch_055	PTT-Archiv, P-260-1_Basel_1907	Basel
Saline Schweizerhalle		von Glenck, Kornmann & Co.		Schweizerhalle	708	1907	151	telefonbuch_055	PTT-Archiv, P-260-1_Basel_1907	Basel
Suter	Carl			Schweizerhalle	708	1907	151	telefonbuch_055	PTT-Archiv, P-260-1_Basel_1907	Basel
Dreux	Alphons	Tierarzt		Therwil	709	1907	151	telefonbuch_055	PTT-Archiv, P-260-1_Basel_1907	Basel
Gemeindesprechstation		Emil Gutzwiller, Bäcker		Therwil	709	1907	151	telefonbuch_055	PTT-Archiv, P-260-1_Basel_1907	Basel
Gschwind	Anton	Spengler		Therwil	709	1907	151	telefonbuch_055	PTT-Archiv, P-260-1_Basel_1907	Basel
Gschwind-Kleiber	A.			Therwil	709	1907	151	telefonbuch_055	PTT-Archiv, P-260-1_Basel_1907	Basel
Gutzwiller		Gebr., mech. Schreinerei		Therwil	709	1907	151	telefonbuch_055	PTT-Archiv, P-260-1_Basel_1907	Basel
Hasenböhler	Anton	Metzger, zum Löwen		Therwil	709	1907	152	telefonbuch_056	PTT-Archiv, P-260-1_Basel_1907	Basel
Wannier	F.	Dr., Sohn, Arzt		Therwil	709	1907	152	telefonbuch_056	PTT-Archiv, P-260-1_Basel_1907	Basel
Wannier	F.	Dr., Vater, Arzt		Therwil	709	1907	152	telefonbuch_056	PTT-Archiv, P-260-1_Basel_1907	Basel
Leu-Aby	Ed.			Witterswil	709	1907	152	telefonbuch_056	PTT-Archiv, P-260-1_Basel_1907	Basel
Grandi	J.			Witterswil	709	1907	152	telefonbuch_056	PTT-Archiv, P-260-1_Basel_1907	Basel
Leu	Paul	Wirt zur Station		Witterswil	709	1907	152	telefonbuch_056	PTT-Archiv, P-260-1_Basel_1907	Basel
Marie Bernard				Boécourt		1907	153	telefonbuch_059	PTT-Archiv, P-260-1_Basel_1907	Basel
Dépôt des postes				Courfaivre		1907	153	telefonbuch_059	PTT-Archiv, P-260-1_Basel_1907	Basel
Bureau des postes				Lajoux		1907	153	telefonbuch_059	PTT-Archiv, P-260-1_Basel_1907	Basel
Dépôt des postes				Saulcy		1907	153	telefonbuch_059	PTT-Archiv, P-260-1_Basel_1907	Basel
Dépôt des postes				Soulce		1907	153	telefonbuch_059	PTT-Archiv, P-260-1_Basel_1907	Basel
Caisse d'épargne				Bassecourt		1907	153	telefonbuch_059	PTT-Archiv, P-260-1_Basel_1907	Basel
Parqueterie et scierie de Bassecourt				Bassecourt		1907	153	telefonbuch_059	PTT-Archiv, P-260-1_Basel_1907	Basel
Piquerez		frères, fabrique d'horlogerie		Bassecourt		1907	153	telefonbuch_059	PTT-Archiv, P-260-1_Basel_1907	Basel
Société d'horlogerie de Bassecourt				Bassecourt		1907	153	telefonbuch_059	PTT-Archiv, P-260-1_Basel_1907	Basel
Station publique communale		bureau des télégraphes		Bassecourt		1907	153	telefonbuch_059	PTT-Archiv, P-260-1_Basel_1907	Basel
Woyame	J.	Hôtel de la croix blanche		Bassecourt		1907	153	telefonbuch_059	PTT-Archiv, P-260-1_Basel_1907	Basel
Mérat	Joseph	marchand de vins		Berlincourt		1907	153	telefonbuch_059	PTT-Archiv, P-260-1_Basel_1907	Basel
Sauter	Wilh.	boucher		Berlincourt		1907	153	telefonbuch_059	PTT-Archiv, P-260-1_Basel_1907	Basel
Station communale		(v. page 153)		Boécourt		1907	154	telefonbuch_060	PTT-Archiv, P-260-1_Basel_1907	Basel
Station publique communale		Orphelinat		Châtelat		1907	154	telefonbuch_060	PTT-Archiv, P-260-1_Basel_1907	Basel
Manufacture suisse de vélocipèdes				Courfaivre		1907	154	telefonbuch_060	PTT-Archiv, P-260-1_Basel_1907	Basel
Station communale		(v. page 153)		Courfaivre		1907	154	telefonbuch_060	PTT-Archiv, P-260-1_Basel_1907	Basel
Bernard	G.	Station publique communale		Fornet-dessous		1907	154	telefonbuch_060	PTT-Archiv, P-260-1_Basel_1907	Basel
Crevoisier	J.	Station publique communale		Fornet-dessus		1907	154	telefonbuch_060	PTT-Archiv, P-260-1_Basel_1907	Basel
Berger	Gottfr.	Hôtel de la gare		Glovelier		1907	154	telefonbuch_060	PTT-Archiv, P-260-1_Basel_1907	Basel
Compagnie du chemin de fer Saignelégier-Glovelier		Exploitation		Glovelier		1907	154	telefonbuch_060	PTT-Archiv, P-260-1_Basel_1907	Basel
Röthlisberger		Scierie		Glovelier		1907	154	telefonbuch_060	PTT-Archiv, P-260-1_Basel_1907	Basel
Station publique communale		bureau des télégraphes		Glovelier		1907	154	telefonbuch_060	PTT-Archiv, P-260-1_Basel_1907	Basel
Station communale		(v. page 153)		Lajoux		1907	154	telefonbuch_060	PTT-Archiv, P-260-1_Basel_1907	Basel
Montavon	Jules	Station publique communale		Montavon		1907	154	telefonbuch_060	PTT-Archiv, P-260-1_Basel_1907	Basel
Périnat	Chs.	aubergiste		Pichoux, le.		1907	154	telefonbuch_060	PTT-Archiv, P-260-1_Basel_1907	Basel
Station communale		(v. page 153)		Saulcy		1907	154	telefonbuch_060	PTT-Archiv, P-260-1_Basel_1907	Basel
Hennemann	Desiré	Station publique communale		Séprais		1907	154	telefonbuch_060	PTT-Archiv, P-260-1_Basel_1907	Basel
Feignoux	Fritz	Station publique communale, agriculteur		Sornetan		1907	154	telefonbuch_060	PTT-Archiv, P-260-1_Basel_1907	Basel
Erdener	Emma	Station publique communale		Souboz		1907	154	telefonbuch_060	PTT-Archiv, P-260-1_Basel_1907	Basel
Station communale		(v. page 153)		Soulce		1907	154	telefonbuch_060	PTT-Archiv, P-260-1_Basel_1907	Basel
Meyer frères		commerce de bois		Undervelier		1907	154	telefonbuch_060	PTT-Archiv, P-260-1_Basel_1907	Basel
Station publique communale		bureau des télégraphes		Undervelier		1907	154	telefonbuch_060	PTT-Archiv, P-260-1_Basel_1907	Basel
Tavannes Watch Co.		horlogerie		Undervelier		1907	154	telefonbuch_060	PTT-Archiv, P-260-1_Basel_1907	Basel
Bureau des télégraphes		Station publique		Delémont		1907	155	telefonbuch_061	PTT-Archiv, P-260-1_Basel_1907	Basel
Koller	Xavier	agriculteur		Bourrignon		1907	155	telefonbuch_061	PTT-Archiv, P-260-1_Basel_1907	Basel
Scherrer		Collège, Concierge		Courrendlin		1907	155	telefonbuch_061	PTT-Archiv, P-260-1_Basel_1907	Basel
Dépôt postal				Courtételle		1907	155	telefonbuch_061	PTT-Archiv, P-260-1_Basel_1907	Basel
Saucy	Aug.	négt.		Develier		1907	155	telefonbuch_061	PTT-Archiv, P-260-1_Basel_1907	Basel
Bureau des postes				Mervelier		1907	155	telefonbuch_061	PTT-Archiv, P-260-1_Basel_1907	Basel
Dépôt postal				Mettemberg		1907	155	telefonbuch_061	PTT-Archiv, P-260-1_Basel_1907	Basel
Broquet	François	agricult.		Movelier		1907	155	telefonbuch_061	PTT-Archiv, P-260-1_Basel_1907	Basel
Odiet	Joseph			Pleigne		1907	155	telefonbuch_061	PTT-Archiv, P-260-1_Basel_1907	Basel
Brêchet	Léon	négt. en vins		Soyhières		1907	155	telefonbuch_061	PTT-Archiv, P-260-1_Basel_1907	Basel
Fabrique de Ciment de Laufon		filiale		Bellerive		1907	155	telefonbuch_061	PTT-Archiv, P-260-1_Basel_1907	Basel
Station communale		(v. ci-haut)		Bourrignon		1907	155	telefonbuch_061	PTT-Archiv, P-260-1_Basel_1907	Basel
Station publique communale		dépôt des postes		Chatillon		1907	155	telefonbuch_061	PTT-Archiv, P-260-1_Basel_1907	Basel
von Roll'sche Eisenwerke		Bureau		Choindez		1907	155	telefonbuch_061	PTT-Archiv, P-260-1_Basel_1907	Basel
von Roll'sche Eisenwerke		Cantine		Choindez		1907	155	telefonbuch_061	PTT-Archiv, P-260-1_Basel_1907	Basel
Hartmann	Charles	Station publique communale, aubergiste		Corban		1907	155	telefonbuch_061	PTT-Archiv, P-260-1_Basel_1907	Basel
Rais	Célestin	Station publique communale		Courcelon		1907	155	telefonbuch_061	PTT-Archiv, P-260-1_Basel_1907	Basel
Paupe	Joseph	Station publique communale		Courchapoix		1907	155	telefonbuch_061	PTT-Archiv, P-260-1_Basel_1907	Basel
Bergonzo	P.	Hôtel du Soleil		Courrendlin		1907	155	telefonbuch_061	PTT-Archiv, P-260-1_Basel_1907	Basel
Caisse d'épargne				Courrendlin		1907	155	telefonbuch_061	PTT-Archiv, P-260-1_Basel_1907	Basel
Essig-Burger		dépositaire		Courrendlin		1907	155	telefonbuch_061	PTT-Archiv, P-260-1_Basel_1907	Basel
Mouillet	Louise	négte		Courrendlin		1907	155	telefonbuch_061	PTT-Archiv, P-260-1_Basel_1907	Basel
Siegenthaler	Ch.	boucher, Café de l'Etoile		Courrendlin		1907	155	telefonbuch_061	PTT-Archiv, P-260-1_Basel_1907	Basel
Station communale		(v. ci-haut)		Courrendlin		1907	155	telefonbuch_061	PTT-Archiv, P-260-1_Basel_1907	Basel
Wyss	P. H.			Courrendlin		1907	155	telefonbuch_061	PTT-Archiv, P-260-1_Basel_1907	Basel
Berdat	Léon	Hôtel Ours		Courroux		1907	156	telefonbuch_063	PTT-Archiv, P-260-1_Basel_1907	Basel
Farine	Jacques	avocat		Courroux		1907	156	telefonbuch_063	PTT-Archiv, P-260-1_Basel_1907	Basel
Schlaepfer	R.			Courtemelon		1907	156	telefonbuch_063	PTT-Archiv, P-260-1_Basel_1907	Basel
Bibler-Reinhardt	X.	Restaurant „Croix blanche“		Courtételle		1907	156	telefonbuch_063	PTT-Archiv, P-260-1_Basel_1907	Basel
Comte	Amédée	fabricant de boîtes de montres		Courtételle		1907	156	telefonbuch_063	PTT-Archiv, P-260-1_Basel_1907	Basel
Station communale		(v. page 155)		Courtételle		1907	156	telefonbuch_063	PTT-Archiv, P-260-1_Basel_1907	Basel
Abattoirs				Delémont		1907	156	telefonbuch_063	PTT-Archiv, P-260-1_Basel_1907	Basel
Alcoholdépôt				Delémont		1907	156	telefonbuch_063	PTT-Archiv, P-260-1_Basel_1907	Basel
Banque du Jura				Delémont		1907	156	telefonbuch_063	PTT-Archiv, P-260-1_Basel_1907	Basel
Banque industrielle				Delémont		1907	156	telefonbuch_063	PTT-Archiv, P-260-1_Basel_1907	Basel
Boéchat	B.	et fils		Delémont		1907	156	telefonbuch_063	PTT-Archiv, P-260-1_Basel_1907	Basel
Bourquard	F. X.	Dr.		Delémont		1907	156	telefonbuch_063	PTT-Archiv, P-260-1_Basel_1907	Basel
Brasserie du Lion		Dépôt		Delémont		1907	156	telefonbuch_063	PTT-Archiv, P-260-1_Basel_1907	Basel
Brasserie par actions				Delémont		1907	156	telefonbuch_063	PTT-Archiv, P-260-1_Basel_1907	Basel
Brasserie du Saumon Rheinfelden				Delémont		1907	156	telefonbuch_063	PTT-Archiv, P-260-1_Basel_1907	Basel
Burger	Otto	boucher, Hôtel de la „Cigogne“		Delémont		1907	156	telefonbuch_063	PTT-Archiv, P-260-1_Basel_1907	Basel
Burkhard	J.	ferblantier		Delémont		1907	156	telefonbuch_063	PTT-Archiv, P-260-1_Basel_1907	Basel
Butignot	Ed.	Dr. méd.		Delémont		1907	156	telefonbuch_063	PTT-Archiv, P-260-1_Basel_1907	Basel
Caisse d’épargne et de crédit				Delémont		1907	156	telefonbuch_063	PTT-Archiv, P-260-1_Basel_1907	Basel
Cardinaux	A.	dentiste		Delémont		1907	156	telefonbuch_063	PTT-Archiv, P-260-1_Basel_1907	Basel
Ceppi	J.	Avocat		Delémont		1907	156	telefonbuch_063	PTT-Archiv, P-260-1_Basel_1907	Basel
Ceppi	Rinaldo	entrepreneur		Delémont		1907	156	telefonbuch_063	PTT-Archiv, P-260-1_Basel_1907	Basel
Chardon	P.	Dr.		Delémont		1907	156	telefonbuch_063	PTT-Archiv, P-260-1_Basel_1907	Basel
Chemins de fer fédéraux		gare des marchandises		Delémont		1907	156	telefonbuch_063	PTT-Archiv, P-260-1_Basel_1907	Basel
Choquard	J.	Co., brasserie		Delémont		1907	156	telefonbuch_063	PTT-Archiv, P-260-1_Basel_1907	Basel
Comte	Joseph	négt.		Delémont		1907	156	telefonbuch_063	PTT-Archiv, P-260-1_Basel_1907	Basel
Consommation				Delémont		1907	156	telefonbuch_063	PTT-Archiv, P-260-1_Basel_1907	Basel
Contrôle fédéral des ouvrages or et argent				Delémont		1907	156	telefonbuch_063	PTT-Archiv, P-260-1_Basel_1907	Basel
Coutellerie suisse				Delémont		1907	156	telefonbuch_063	PTT-Archiv, P-260-1_Basel_1907	Basel
Cuénat	Vve.	Hôtel „Tour rouge“		Delémont		1907	156	telefonbuch_063	PTT-Archiv, P-260-1_Basel_1907	Basel
Cuttat	Albert	avocat		Delémont		1907	156	telefonbuch_063	PTT-Archiv, P-260-1_Basel_1907	Basel
Droguerie de Delémont				Delémont		1907	156	telefonbuch_063	PTT-Archiv, P-260-1_Basel_1907	Basel
Eckert	Jules	Café National		Delémont		1907	156	telefonbuch_063	PTT-Archiv, P-260-1_Basel_1907	Basel
Elekiriziiätswerk Wangen		Bureau Delémont		Delémont		1907	156	telefonbuch_063	PTT-Archiv, P-260-1_Basel_1907	Basel
Elekiriziiätswerk Wangen		domicile de W. Hennet		Delémont		1907	156	telefonbuch_063	PTT-Archiv, P-260-1_Basel_1907	Basel
Enard	J.	photographe		Delémont		1907	156	telefonbuch_063	PTT-Archiv, P-260-1_Basel_1907	Basel
Fabrique jurassienne de meubles				Delémont		1907	156	telefonbuch_063	PTT-Archiv, P-260-1_Basel_1907	Basel
Fell	Jules	restaurateur		Delémont		1907	156	telefonbuch_063	PTT-Archiv, P-260-1_Basel_1907	Basel
Fessenmayer	A.	pharmacien		Delémont		1907	156	telefonbuch_063	PTT-Archiv, P-260-1_Basel_1907	Basel
Feune	Edouard	pharmacien		Delémont		1907	156	telefonbuch_063	PTT-Archiv, P-260-1_Basel_1907	Basel
Fleury	Paul	vétérinaire		Delémont		1907	156	telefonbuch_063	PTT-Archiv, P-260-1_Basel_1907	Basel
Fouillat	J. Ls.	entrepreneur		Delémont		1907	156	telefonbuch_063	PTT-Archiv, P-260-1_Basel_1907	Basel
Fréléchoux	Leon	notaire		Delémont		1907	156	telefonbuch_063	PTT-Archiv, P-260-1_Basel_1907	Basel
Frey	Otto	architecte		Delémont		1907	156	telefonbuch_063	PTT-Archiv, P-260-1_Basel_1907	Basel
Freyvogel-Schaffter		architecte, Bains		Delémont		1907	156	telefonbuch_063	PTT-Archiv, P-260-1_Basel_1907	Basel
Froidevaux	Oscar			Delémont		1907	156	telefonbuch_063	PTT-Archiv, P-260-1_Basel_1907	Basel
Fuchs	Béat	négociant		Delémont		1907	156	telefonbuch_063	PTT-Archiv, P-260-1_Basel_1907	Basel
Gendarmerie cantonale				Delémont		1907	157	telefonbuch_064	PTT-Archiv, P-260-1_Basel_1907	Basel
Gerber		frères & Co., Fabrique d'horlogerie		Delémont		1907	157	telefonbuch_064	PTT-Archiv, P-260-1_Basel_1907	Basel
Gerber	Jean	fils, doreur		Delémont		1907	157	telefonbuch_064	PTT-Archiv, P-260-1_Basel_1907	Basel
Gœtschel	Maurice	avocat		Delémont		1907	157	telefonbuch_064	PTT-Archiv, P-260-1_Basel_1907	Basel
Gouvernon	Arthur	banque		Delémont		1907	157	telefonbuch_064	PTT-Archiv, P-260-1_Basel_1907	Basel
Gouvernon	Arthur	domicile		Delémont		1907	157	telefonbuch_064	PTT-Archiv, P-260-1_Basel_1907	Basel
Güder	Joh.	restaurateur		Delémont		1907	157	telefonbuch_064	PTT-Archiv, P-260-1_Basel_1907	Basel
Gygax	Gottfried	scierie		Delémont		1907	157	telefonbuch_064	PTT-Archiv, P-260-1_Basel_1907	Basel
Haasenstein & Vogler				Delémont		1907	157	telefonbuch_064	PTT-Archiv, P-260-1_Basel_1907	Basel
Hauert		frères, brasserie, dépôt		Delémont		1907	157	telefonbuch_064	PTT-Archiv, P-260-1_Basel_1907	Basel
Helg-Berbier		fabr. d'horlogerie		Delémont		1907	157	telefonbuch_064	PTT-Archiv, P-260-1_Basel_1907	Basel
Helg	Joseph	forestier d'arrdt.		Delémont		1907	157	telefonbuch_064	PTT-Archiv, P-260-1_Basel_1907	Basel
Hermann & Cie.		fabrique de cigarres		Delémont		1907	157	telefonbuch_064	PTT-Archiv, P-260-1_Basel_1907	Basel
Hochuli	Fritz	Hôtel de la gare - Terminus		Delémont		1907	157	telefonbuch_064	PTT-Archiv, P-260-1_Basel_1907	Basel
Hôpital				Delémont		1907	157	telefonbuch_064	PTT-Archiv, P-260-1_Basel_1907	Basel
Hôtel des Bains		(Freyvogel-Schaffter)		Delémont		1907	157	telefonbuch_064	PTT-Archiv, P-260-1_Basel_1907	Basel
Hôtel de la Cigogne		(O. Burger)		Delémont		1907	157	telefonbuch_064	PTT-Archiv, P-260-1_Basel_1907	Basel
Hôtel du Faucon				Delémont		1907	157	telefonbuch_064	PTT-Archiv, P-260-1_Basel_1907	Basel
Hôtel de la gare - Terminus		(Fr. Hochuli)		Delémont		1907	157	telefonbuch_064	PTT-Archiv, P-260-1_Basel_1907	Basel
Hôtel du Lion d'or				Delémont		1907	157	telefonbuch_064	PTT-Archiv, P-260-1_Basel_1907	Basel
Hôtel du Soleil		(E. Nussbaum)		Delémont		1907	157	telefonbuch_064	PTT-Archiv, P-260-1_Basel_1907	Basel
Hôtel Tour rouge		(Vve. Cuénat)		Delémont		1907	157	telefonbuch_064	PTT-Archiv, P-260-1_Basel_1907	Basel
Hôtel Victoria		(A. Kueny)		Delémont		1907	157	telefonbuch_064	PTT-Archiv, P-260-1_Basel_1907	Basel
Imhoff	Chs.	& Co., serruriers mécaniciens		Delémont		1907	157	telefonbuch_064	PTT-Archiv, P-260-1_Basel_1907	Basel
Ingénieur d'arrondissement				Delémont		1907	157	telefonbuch_064	PTT-Archiv, P-260-1_Basel_1907	Basel
Jacoby	Max	boucher		Delémont		1907	157	telefonbuch_064	PTT-Archiv, P-260-1_Basel_1907	Basel
Jacquemai		frères, mécaniciens		Delémont		1907	157	telefonbuch_064	PTT-Archiv, P-260-1_Basel_1907	Basel
Jeanneret	Henri	vétérinaire		Delémont		1907	157	telefonbuch_064	PTT-Archiv, P-260-1_Basel_1907	Basel
Jeanneret	M.	Dr. méd.		Delémont		1907	157	telefonbuch_064	PTT-Archiv, P-260-1_Basel_1907	Basel
Kaiser	J.	Dr. méd.		Delémont		1907	157	telefonbuch_064	PTT-Archiv, P-260-1_Basel_1907	Basel
Kohler	Emile	sellier		Delémont		1907	157	telefonbuch_064	PTT-Archiv, P-260-1_Basel_1907	Basel
Kueny	A.	Hotel Victoria		Delémont		1907	157	telefonbuch_064	PTT-Archiv, P-260-1_Basel_1907	Basel
Kühnle	Charles	grands magasins		Delémont		1907	157	telefonbuch_064	PTT-Archiv, P-260-1_Basel_1907	Basel
Lachat	Emile			Delémont		1907	157	telefonbuch_064	PTT-Archiv, P-260-1_Basel_1907	Basel
Martella	Jean	ferblantier		Delémont		1907	157	telefonbuch_064	PTT-Archiv, P-260-1_Basel_1907	Basel
Meier	E.	géomètre du Concordat		Delémont		1907	157	telefonbuch_064	PTT-Archiv, P-260-1_Basel_1907	Basel
Meister-Schild		Bazar jurassien		Delémont		1907	157	telefonbuch_064	PTT-Archiv, P-260-1_Basel_1907	Basel
Mouche	Vve. Chs.	Restaurant J. S.		Delémont		1907	157	telefonbuch_064	PTT-Archiv, P-260-1_Basel_1907	Basel
Municipalité		Hôtel de ville, Police locale		Delémont		1907	157	telefonbuch_064	PTT-Archiv, P-260-1_Basel_1907	Basel
Nussbaum	E.	Hôtel du Soleil		Delémont		1907	157	telefonbuch_064	PTT-Archiv, P-260-1_Basel_1907	Basel
Nussbaum	Samuel	restaurateur		Delémont		1907	157	telefonbuch_064	PTT-Archiv, P-260-1_Basel_1907	Basel
Philippe	François	négt.		Delémont		1907	157	telefonbuch_064	PTT-Archiv, P-260-1_Basel_1907	Basel
Postes		ville		Delémont		1907	157	telefonbuch_064	PTT-Archiv, P-260-1_Basel_1907	Basel
Postes		transit		Delémont		1907	157	telefonbuch_064	PTT-Archiv, P-260-1_Basel_1907	Basel
Préfecture du district				Delémont		1907	157	telefonbuch_064	PTT-Archiv, P-260-1_Basel_1907	Basel
Président du tribunal				Delémont		1907	157	telefonbuch_064	PTT-Archiv, P-260-1_Basel_1907	Basel
Regli	Paul	méd. dentiste		Delémont		1907	157	telefonbuch_064	PTT-Archiv, P-260-1_Basel_1907	Basel
Restaurant de la Croix-blanche				Delémont		1907	157	telefonbuch_064	PTT-Archiv, P-260-1_Basel_1907	Basel
Restaurant du Midi				Delémont		1907	157	telefonbuch_064	PTT-Archiv, P-260-1_Basel_1907	Basel
Rey	Louis			Delémont		1907	158	telefonbuch_065	PTT-Archiv, P-260-1_Basel_1907	Basel
Rippstein	F. & J.	denrées coloniales		Delémont		1907	158	telefonbuch_065	PTT-Archiv, P-260-1_Basel_1907	Basel
Ruedin & Co.		fabrique d'horlogerie		Delémont		1907	158	telefonbuch_065	PTT-Archiv, P-260-1_Basel_1907	Basel
Ruedin	J.	villa		Delémont		1907	158	telefonbuch_065	PTT-Archiv, P-260-1_Basel_1907	Basel
Schmid	Oscar	& Co., négt. fers		Delémont		1907	158	telefonbuch_065	PTT-Archiv, P-260-1_Basel_1907	Basel
Schmutz & Born		négts. en vin		Delémont		1907	158	telefonbuch_065	PTT-Archiv, P-260-1_Basel_1907	Basel
Senn & Cie.		banquiers		Delémont		1907	158	telefonbuch_065	PTT-Archiv, P-260-1_Basel_1907	Basel
Service du gaz		Rothenbach & Cie.		Delémont		1907	158	telefonbuch_065	PTT-Archiv, P-260-1_Basel_1907	Basel
Siegfried	Gérald	notaire		Delémont		1907	158	telefonbuch_065	PTT-Archiv, P-260-1_Basel_1907	Basel
Simon	Jacob	charpentier		Delémont		1907	158	telefonbuch_065	PTT-Archiv, P-260-1_Basel_1907	Basel
Société de tir		Restaurant du Stand		Delémont		1907	158	telefonbuch_065	PTT-Archiv, P-260-1_Basel_1907	Basel
Station publique		Bureau des télégraphes		Delémont		1907	158	telefonbuch_065	PTT-Archiv, P-260-1_Basel_1907	Basel
Tschopp	François	boucher		Delémont		1907	158	telefonbuch_065	PTT-Archiv, P-260-1_Basel_1907	Basel
Ursprung - Von Arx	P.			Delémont		1907	158	telefonbuch_065	PTT-Archiv, P-260-1_Basel_1907	Basel
Vallat	Max	Dr. méd.		Delémont		1907	158	telefonbuch_065	PTT-Archiv, P-260-1_Basel_1907	Basel
Viatte-Crelier	L.	avocat		Delémont		1907	158	telefonbuch_065	PTT-Archiv, P-260-1_Basel_1907	Basel
Wermeille	François	Dr. méd.		Delémont		1907	158	telefonbuch_065	PTT-Archiv, P-260-1_Basel_1907	Basel
Wiser	Justin	notaire		Delémont		1907	158	telefonbuch_065	PTT-Archiv, P-260-1_Basel_1907	Basel
Zurbrügg & Cie.		combustibles		Delémont		1907	158	telefonbuch_065	PTT-Archiv, P-260-1_Basel_1907	Basel
Zurbrügg	E.	domicile		Delémont		1907	158	telefonbuch_065	PTT-Archiv, P-260-1_Basel_1907	Basel
Station communale		v. page 155		Develier		1907	158	telefonbuch_065	PTT-Archiv, P-260-1_Basel_1907	Basel
Station publique communale		Dépôt des postes		Ederswiler		1907	158	telefonbuch_065	PTT-Archiv, P-260-1_Basel_1907	Basel
Elektrizitätswerk Wangen				Envelier		1907	158	telefonbuch_065	PTT-Archiv, P-260-1_Basel_1907	Basel
Elektrizitätswerk Wangen				Mervelier		1907	158	telefonbuch_065	PTT-Archiv, P-260-1_Basel_1907	Basel
Station communale		v. page 155		Mervelier		1907	158	telefonbuch_065	PTT-Archiv, P-260-1_Basel_1907	Basel
Station communale		v. page 155		Mettemberg		1907	158	telefonbuch_065	PTT-Archiv, P-260-1_Basel_1907	Basel
Station publique communale		Justin Chételat		Montsevelier		1907	158	telefonbuch_065	PTT-Archiv, P-260-1_Basel_1907	Basel
Meyer	Auguste	restaurateur		Moulin-neuf		1907	158	telefonbuch_065	PTT-Archiv, P-260-1_Basel_1907	Basel
Station communale		v. page 155		Movelier		1907	158	telefonbuch_065	PTT-Archiv, P-260-1_Basel_1907	Basel
Station communale		v. page 155		Pleigne		1907	158	telefonbuch_065	PTT-Archiv, P-260-1_Basel_1907	Basel
Station publique communale		Joseph Jacquemai		Roggenburg		1907	158	telefonbuch_065	PTT-Archiv, P-260-1_Basel_1907	Basel
ferme du		près Soyhières		Rohrberg		1907	158	telefonbuch_065	PTT-Archiv, P-260-1_Basel_1907	Basel
von Roll'sche Eisenwerke				Rondez, les		1907	158	telefonbuch_065	PTT-Archiv, P-260-1_Basel_1907	Basel
Station publique communale		Dépôt des postes		Rossemaison		1907	158	telefonbuch_065	PTT-Archiv, P-260-1_Basel_1907	Basel
Steulet	Gustave	auberge de la Couronne		Rossemaison		1907	158	telefonbuch_065	PTT-Archiv, P-260-1_Basel_1907	Basel
Mertenat	Anna	Hôtel du Jura		Soyhières		1907	159	telefonbuch_066	PTT-Archiv, P-260-1_Basel_1907	Basel
Richard	Ernest	buffet de la gare		Soyhières		1907	159	telefonbuch_066	PTT-Archiv, P-260-1_Basel_1907	Basel
Elektrizitätswerk Wangen				Vermes		1907	159	telefonbuch_066	PTT-Archiv, P-260-1_Basel_1907	Basel
Reyser	Jules	Station publique communale, café		Vicques		1907	159	telefonbuch_066	PTT-Archiv, P-260-1_Basel_1907	Basel
Telegraphenbureau		Aufgabebureau, Oeffentliche Sprechstation		Gelterkinden		1907	159	telefonbuch_066	PTT-Archiv, P-260-1_Basel_1907	Basel
Schaffner	Heinrich	Gemeindestation		Anwil (Baselland)		1907	159	telefonbuch_066	PTT-Archiv, P-260-1_Basel_1907	Basel
Kaufmann-Ruesch	Karl	Gemeindestation		Buus		1907	159	telefonbuch_066	PTT-Archiv, P-260-1_Basel_1907	Basel
Hürbi	Peter	Gemeindestation		Kienberg (Solothurn)		1907	159	telefonbuch_066	PTT-Archiv, P-260-1_Basel_1907	Basel
Grieder-Bitterlin	Adolf	Gemeindestation		Kilchberg (Baselland)		1907	159	telefonbuch_066	PTT-Archiv, P-260-1_Basel_1907	Basel
Meier	Lydia	Fräulein, Gemeindestation		Maisprach		1907	159	telefonbuch_066	PTT-Archiv, P-260-1_Basel_1907	Basel
Postbureau		Gemeindestation		Oltingen		1907	159	telefonbuch_066	PTT-Archiv, P-260-1_Basel_1907	Basel
Postbureau		Gemeindestation		Ormalingen		1907	159	telefonbuch_066	PTT-Archiv, P-260-1_Basel_1907	Basel
Handschin	Samuel	Gemeindestation		Rickenbach (Baselland)		1907	159	telefonbuch_066	PTT-Archiv, P-260-1_Basel_1907	Basel
Rieder		Wwe., z. Hirschen, Gemeindestation		Rothenfluh (Baselland)		1907	159	telefonbuch_066	PTT-Archiv, P-260-1_Basel_1907	Basel
Sacker	Joh.	zum Löwen, Gemeindestation		Rünenberg		1907	159	telefonbuch_066	PTT-Archiv, P-260-1_Basel_1907	Basel
Postbureau		Gemeindestation		Tecknau		1907	159	telefonbuch_066	PTT-Archiv, P-260-1_Basel_1907	Basel
Thommen	Arnold	z. Ochsen, Gemeindestation		Wenslingen		1907	159	telefonbuch_066	PTT-Archiv, P-260-1_Basel_1907	Basel
Bieder	Eduard	zum Rössli, Gemeindestation		Zeglingen		1907	159	telefonbuch_066	PTT-Archiv, P-260-1_Basel_1907	Basel
Fiechter	K.	Posthalter		Böckten		1907	159	telefonbuch_066	PTT-Archiv, P-260-1_Basel_1907	Basel
Bovet	Fritz	Dr. med.		Gelterkinden		1907	160	telefonbuch_067	PTT-Archiv, P-260-1_Basel_1907	Basel
Brauerei Farnsburg				Gelterkinden		1907	160	telefonbuch_067	PTT-Archiv, P-260-1_Basel_1907	Basel
Buser-Gerster	E.	Gasthof zum Rössli		Gelterkinden		1907	160	telefonbuch_067	PTT-Archiv, P-260-1_Basel_1907	Basel
Denger	Emanuel	Negt.		Gelterkinden		1907	160	telefonbuch_067	PTT-Archiv, P-260-1_Basel_1907	Basel
Elektra Sissach-Gelterkinden		(Verwalter)		Gelterkinden		1907	160	telefonbuch_067	PTT-Archiv, P-260-1_Basel_1907	Basel
Fiechter-Recher	F.	Weinhandlung		Gelterkinden		1907	160	telefonbuch_067	PTT-Archiv, P-260-1_Basel_1907	Basel
Gemeindepräsidium	Jkb.	Schäublin		Gelterkinden		1907	160	telefonbuch_067	PTT-Archiv, P-260-1_Basel_1907	Basel
Gerster	Emil	Mechaniker		Gelterkinden		1907	160	telefonbuch_067	PTT-Archiv, P-260-1_Basel_1907	Basel
Gerster	Karl	Tierarzt		Gelterkinden		1907	160	telefonbuch_067	PTT-Archiv, P-260-1_Basel_1907	Basel
Gesellschaft für Bandfabrikation				Gelterkinden		1907	160	telefonbuch_067	PTT-Archiv, P-260-1_Basel_1907	Basel
Handschin	Jakob	Metzger		Gelterkinden		1907	160	telefonbuch_067	PTT-Archiv, P-260-1_Basel_1907	Basel
Handschin-Scholer		Wwe.		Gelterkinden		1907	160	telefonbuch_067	PTT-Archiv, P-260-1_Basel_1907	Basel
Hypothekenbank, basellandschaftliche		Filiale		Gelterkinden		1907	160	telefonbuch_067	PTT-Archiv, P-260-1_Basel_1907	Basel
Kantonalbank, basellandschaftliche		Filiale		Gelterkinden		1907	160	telefonbuch_067	PTT-Archiv, P-260-1_Basel_1907	Basel
Seiler & Cie.				Gelterkinden		1907	160	telefonbuch_067	PTT-Archiv, P-260-1_Basel_1907	Basel
Thaler	Otto	Gasthof zum Ochsen		Gelterkinden		1907	160	telefonbuch_067	PTT-Archiv, P-260-1_Basel_1907	Basel
Thommen	J.	Dr. med.		Gelterkinden		1907	160	telefonbuch_067	PTT-Archiv, P-260-1_Basel_1907	Basel
Wagner		Gebrüder		Gelterkinden		1907	160	telefonbuch_067	PTT-Archiv, P-260-1_Basel_1907	Basel
Gemeindestation		(s. Seite 159)		Kienberg (Solothurn)		1907	160	telefonbuch_067	PTT-Archiv, P-260-1_Basel_1907	Basel
Gemeindestation		(s. Seite 159)		Kilchberg (Baselland)		1907	160	telefonbuch_067	PTT-Archiv, P-260-1_Basel_1907	Basel
Gemeindestation		(s. Seite 159)		Maisprach		1907	160	telefonbuch_067	PTT-Archiv, P-260-1_Basel_1907	Basel
Gemeindestation		(s. Seite 159)		Oltingen		1907	160	telefonbuch_067	PTT-Archiv, P-260-1_Basel_1907	Basel
Gemeindestation		(s. Seite 159)		Ormalingen		1907	160	telefonbuch_067	PTT-Archiv, P-260-1_Basel_1907	Basel
Linder	J. J.	Billo & Cie., Winderei und Zettlerei		Ormalingen		1907	160	telefonbuch_067	PTT-Archiv, P-260-1_Basel_1907	Basel
Rieder-Plattner	Hch.	Handlung		Ormalingen		1907	160	telefonbuch_067	PTT-Archiv, P-260-1_Basel_1907	Basel
Gemeindestation		(s. Seite 159)		Rickenbach		1907	160	telefonbuch_067	PTT-Archiv, P-260-1_Basel_1907	Basel
Gemeindestation		(s. Seite 159)		Rothenfluh		1907	160	telefonbuch_067	PTT-Archiv, P-260-1_Basel_1907	Basel
Gemeindestation		(s. Seite 159)		Rünenberg		1907	160	telefonbuch_067	PTT-Archiv, P-260-1_Basel_1907	Basel
Gemeindestation		(s. Seite 159)		Tecknau		1907	160	telefonbuch_067	PTT-Archiv, P-260-1_Basel_1907	Basel
Gemeindestation		(s. Seite 159)		Wenslingen		1907	160	telefonbuch_067	PTT-Archiv, P-260-1_Basel_1907	Basel
Gemeindestation		(s. Seite 159)		Zeglingen		1907	160	telefonbuch_067	PTT-Archiv, P-260-1_Basel_1907	Basel
Dettwiler	Mart.			Bachthalen		1907	161	telefonbuch_068	PTT-Archiv, P-260-1_Basel_1907	Basel
Bader	Gustav	zum Kreuz		Holderbank		1907	161	telefonbuch_068	PTT-Archiv, P-260-1_Basel_1907	Basel
Bader	Philipp	zur Eintracht		Holderbank		1907	161	telefonbuch_068	PTT-Archiv, P-260-1_Basel_1907	Basel
Dettwyler-Jeker	E.	Kurort Alt-Bechburg		Holderbank		1907	161	telefonbuch_068	PTT-Archiv, P-260-1_Basel_1907	Basel
Erholungsstation Kilchzimmer				Kilchzimmer		1907	161	telefonbuch_068	PTT-Archiv, P-260-1_Basel_1907	Basel
Burckhardt	Ernst	Dr., Sanatorium Erzenberg		Langenbruck		1907	161	telefonbuch_068	PTT-Archiv, P-260-1_Basel_1907	Basel
Dettwiler-Bader	Albert	im Dürstel		Langenbruck		1907	161	telefonbuch_068	PTT-Archiv, P-260-1_Basel_1907	Basel
Dettwiler	Gustav	Fuhrhalter		Langenbruck		1907	161	telefonbuch_068	PTT-Archiv, P-260-1_Basel_1907	Basel
Dettwiler	Theodor	zum Ochsen		Langenbruck		1907	161	telefonbuch_068	PTT-Archiv, P-260-1_Basel_1907	Basel
Erholungsstation „zur obern Au“				Langenbruck		1907	161	telefonbuch_068	PTT-Archiv, P-260-1_Basel_1907	Basel
Grieder-Kunz	Heinrich	zum Bären		Langenbruck		1907	161	telefonbuch_068	PTT-Archiv, P-260-1_Basel_1907	Basel
Hutmacher	Fr.	Bäckerei und Kaffeehalle		Langenbruck		1907	161	telefonbuch_068	PTT-Archiv, P-260-1_Basel_1907	Basel
Kurhaus (Schwestern Renggli)				Langenbruck		1907	161	telefonbuch_068	PTT-Archiv, P-260-1_Basel_1907	Basel
Pension zur Linde		(Emil Dettwiler)		Langenbruck		1907	161	telefonbuch_068	PTT-Archiv, P-260-1_Basel_1907	Basel
Pension Schneider		(Familie Schneider)		Langenbruck		1907	161	telefonbuch_068	PTT-Archiv, P-260-1_Basel_1907	Basel
Pension Stäheli		(J. Stäheli-Hafen)		Langenbruck		1907	161	telefonbuch_068	PTT-Archiv, P-260-1_Basel_1907	Basel
Häfelfingen, Postablage				Läufelfingen		1907	161	telefonbuch_068	PTT-Archiv, P-260-1_Basel_1907	Basel
Bürgin	Emil	Gasthaus zum Mond		Buckten		1907	161	telefonbuch_068	PTT-Archiv, P-260-1_Basel_1907	Basel
Meyer	F.	Dr. med.		Buckten		1907	161	telefonbuch_068	PTT-Archiv, P-260-1_Basel_1907	Basel
Plattner-Stucki	E.	Pension zur Linde		Eptingen		1907	161	telefonbuch_068	PTT-Archiv, P-260-1_Basel_1907	Basel
Hof	J. E.	Steingeschäft		Hauenstein (Solothurn)		1907	162	telefonbuch_069	PTT-Archiv, P-260-1_Basel_1907	Basel
Kamber-von Arx		Wwe., zum Löwen		Hauenstein (Solothurn)		1907	162	telefonbuch_069	PTT-Archiv, P-260-1_Basel_1907	Basel
Balz	Friedr.	Kaufmann		Läufelfingen		1907	162	telefonbuch_069	PTT-Archiv, P-260-1_Basel_1907	Basel
Gips-Union		A.-G., Gipswerk		Läufelfingen		1907	162	telefonbuch_069	PTT-Archiv, P-260-1_Basel_1907	Basel
Hunziker	Hans	Gasthaus zur Sonne		Läufelfingen		1907	162	telefonbuch_069	PTT-Archiv, P-260-1_Basel_1907	Basel
Kohler	Lukas	Kaufmann		Läufelfingen		1907	162	telefonbuch_069	PTT-Archiv, P-260-1_Basel_1907	Basel
Sommer-Küng	Alfr.	Wirtschaft und Bäckerei		Läufelfingen		1907	162	telefonbuch_069	PTT-Archiv, P-260-1_Basel_1907	Basel
Jenny	Gebrüder Jak. und Aug.	Kurort		Ramsach		1907	162	telefonbuch_069	PTT-Archiv, P-260-1_Basel_1907	Basel
Glauser	Rudolf			Reisen		1907	162	telefonbuch_069	PTT-Archiv, P-260-1_Basel_1907	Basel
Walser	Arnold			Wisen		1907	162	telefonbuch_069	PTT-Archiv, P-260-1_Basel_1907	Basel
Kern	Joseph	Confiseur	Grosse Strasse 86/87	Laufen		1907	162	telefonbuch_069	PTT-Archiv, P-260-1_Basel_1907	Basel
Telegraphenbureau		Aufgaberaum		Laufen		1907	162	telefonbuch_069	PTT-Archiv, P-260-1_Basel_1907	Basel
Fringeli	J. Val.	Gemeindestation		Bärschwil		1907	163	telefonbuch_070	PTT-Archiv, P-260-1_Basel_1907	Basel
Roth	E.	zum Neuhüsli, Gemeindestation		Beinwil (Ober-)		1907	163	telefonbuch_070	PTT-Archiv, P-260-1_Basel_1907	Basel
Jeger	H.	zum Reh, Gemeindestation		Beinwil (Unter-)		1907	163	telefonbuch_070	PTT-Archiv, P-260-1_Basel_1907	Basel
Wirtschaft Stachel		Gemeindestation		Blauen		1907	163	telefonbuch_070	PTT-Archiv, P-260-1_Basel_1907	Basel
Postablage		Gemeindestation		Brislach		1907	163	telefonbuch_070	PTT-Archiv, P-260-1_Basel_1907	Basel
Jermann	Frid.	Wirt, Gemeindestation		Dittingen		1907	163	telefonbuch_070	PTT-Archiv, P-260-1_Basel_1907	Basel
Saner	E.	Ammann, Gemeindestation		Erschwil		1907	163	telefonbuch_070	PTT-Archiv, P-260-1_Basel_1907	Basel
Ackermann	M.	Kantonsrat, Gemeindestation		Fehren		1907	163	telefonbuch_070	PTT-Archiv, P-260-1_Basel_1907	Basel
Postablage		Gemeindestation		Grindel (Solothurn)		1907	163	telefonbuch_070	PTT-Archiv, P-260-1_Basel_1907	Basel
Gasthof zum Engel		Gemeindestation		Kleinlützel		1907	163	telefonbuch_070	PTT-Archiv, P-260-1_Basel_1907	Basel
Steiner	Albertine	Frl., Gemeindestation		Liesberg		1907	163	telefonbuch_070	PTT-Archiv, P-260-1_Basel_1907	Basel
Ackermann	Emma	Frl., Gemeindestation		Meltingen		1907	163	telefonbuch_070	PTT-Archiv, P-260-1_Basel_1907	Basel
Dannacher	G.	Wirt, Gemeindestation		Nenzlingen		1907	163	telefonbuch_070	PTT-Archiv, P-260-1_Basel_1907	Basel
Steiner	Karl	Unternehmer, Gemeindestation		Riederwald (Unter-)		1907	163	telefonbuch_070	PTT-Archiv, P-260-1_Basel_1907	Basel
Cueni	Simon	zum Rössli, Gemeindestation		Röschenz		1907	163	telefonbuch_070	PTT-Archiv, P-260-1_Basel_1907	Basel
Hänzi	Hans	Wirt, Gemeindestation		Wahlen bei Laufen		1907	163	telefonbuch_070	PTT-Archiv, P-260-1_Basel_1907	Basel
Stebler	Urs	Lehrer, Gemeindestation		Zullwil		1907	163	telefonbuch_070	PTT-Archiv, P-260-1_Basel_1907	Basel
Postbureau		Gemeindestation		Zwingen		1907	163	telefonbuch_070	PTT-Archiv, P-260-1_Basel_1907	Basel
Hydraulische Kalk- und Gypsfabrik		Bureau beim Bahnhof		Bärschwil		1907	163	telefonbuch_070	PTT-Archiv, P-260-1_Basel_1907	Basel
Amthaus				Breitenbach		1907	163	telefonbuch_070	PTT-Archiv, P-260-1_Basel_1907	Basel
Doppler	Alphons	Dr.		Breitenbach		1907	163	telefonbuch_070	PTT-Archiv, P-260-1_Basel_1907	Basel
Haberthür	Theophil			Breitenbach		1907	163	telefonbuch_070	PTT-Archiv, P-260-1_Basel_1907	Basel
Roth	Marie	Wwe., Gasthof zum weissen Kreuz		Breitenbach		1907	163	telefonbuch_070	PTT-Archiv, P-260-1_Basel_1907	Basel
Schweizerische Isola-Werke				Breitenbach		1907	163	telefonbuch_070	PTT-Archiv, P-260-1_Basel_1907	Basel
Uhrenfabrik Breitenbach		Hugi, Marti & Cie.		Breitenbach		1907	163	telefonbuch_070	PTT-Archiv, P-260-1_Basel_1907	Basel
Aktiengesellschaft Steinbruch Brislach				Brislach		1907	163	telefonbuch_070	PTT-Archiv, P-260-1_Basel_1907	Basel
Gemeindesprechstation		Schulhaus		Büsserach		1907	163	telefonbuch_070	PTT-Archiv, P-260-1_Basel_1907	Basel
Miesch-Roth	A.	zur Post		Büsserach		1907	163	telefonbuch_070	PTT-Archiv, P-260-1_Basel_1907	Basel
Saner	Arnold	zum Kreuz		Büsserach		1907	163	telefonbuch_070	PTT-Archiv, P-260-1_Basel_1907	Basel
Portland-Cementfabrik Dittingen, A.-G.				Dittingen		1907	163	telefonbuch_070	PTT-Archiv, P-260-1_Basel_1907	Basel
Mechanische Schlosserei Kleinlützel				Kleinlützel		1907	163	telefonbuch_070	PTT-Archiv, P-260-1_Basel_1907	Basel
Bachofen-Dennler	Wilh.	Bureau		Laufen		1907	164	telefonbuch_071	PTT-Archiv, P-260-1_Basel_1907	Basel
Bezirkskasse Laufen, Schumacher	R.	Verwalter		Laufen		1907	164	telefonbuch_071	PTT-Archiv, P-260-1_Basel_1907	Basel
Bietry-Gerster	J.	Gasthof zum Lamm		Laufen		1907	164	telefonbuch_071	PTT-Archiv, P-260-1_Basel_1907	Basel
Bohrer	Jos.	Sägerei an der Lützel		Laufen		1907	164	telefonbuch_071	PTT-Archiv, P-260-1_Basel_1907	Basel
Büchelin	G.	Brauerei Laufen	Delsbergerstrasse 268	Laufen		1907	164	telefonbuch_071	PTT-Archiv, P-260-1_Basel_1907	Basel
Burger-Kern	Ad.	Restaurant	Bahnhofstrasse 209	Laufen		1907	164	telefonbuch_071	PTT-Archiv, P-260-1_Basel_1907	Basel
Cueni	Ignaz	Steinbruch Schachenthal		Laufen		1907	164	telefonbuch_071	PTT-Archiv, P-260-1_Basel_1907	Basel
Cueni	Ignaz	Steinbruch Lochfeld		Laufen		1907	164	telefonbuch_071	PTT-Archiv, P-260-1_Basel_1907	Basel
Cueni	Peter	Fürsprech und Notar		Laufen		1907	164	telefonbuch_071	PTT-Archiv, P-260-1_Basel_1907	Basel
Einwohnergemeinde Laufen				Laufen		1907	164	telefonbuch_071	PTT-Archiv, P-260-1_Basel_1907	Basel
Faerber	Ch.	Eisen- und Materialwaren		Laufen		1907	164	telefonbuch_071	PTT-Archiv, P-260-1_Basel_1907	Basel
Feninger-Spital des Amtsbezirks Laufen				Laufen		1907	164	telefonbuch_071	PTT-Archiv, P-260-1_Basel_1907	Basel
Gilardoni	Ach.		Saalweg	Laufen		1907	164	telefonbuch_071	PTT-Archiv, P-260-1_Basel_1907	Basel
Gressly	Walter	Fürsprech		Laufen		1907	164	telefonbuch_071	PTT-Archiv, P-260-1_Basel_1907	Basel
Güterexpedition S. B. B.				Laufen		1907	164	telefonbuch_071	PTT-Archiv, P-260-1_Basel_1907	Basel
Guyer-Scherrer	J.	Bierdepot beim Bahnhof		Laufen		1907	164	telefonbuch_071	PTT-Archiv, P-260-1_Basel_1907	Basel
Haas	A.	Amtsnotar		Laufen		1907	164	telefonbuch_071	PTT-Archiv, P-260-1_Basel_1907	Basel
Haltner	Heinrich	Tierarzt		Laufen		1907	164	telefonbuch_071	PTT-Archiv, P-260-1_Basel_1907	Basel
Hartmann-Schaltenbrand	J.	Metzgerei zum Löwen		Laufen		1907	164	telefonbuch_071	PTT-Archiv, P-260-1_Basel_1907	Basel
Henz	Florian			Laufen		1907	164	telefonbuch_071	PTT-Archiv, P-260-1_Basel_1907	Basel
Hongler - von Büren		Epicerie, Mercerie		Laufen		1907	164	telefonbuch_071	PTT-Archiv, P-260-1_Basel_1907	Basel
Hôtel Lamm		Bietry-Gerster	Bahnhofstrasse 15	Laufen		1907	164	telefonbuch_071	PTT-Archiv, P-260-1_Basel_1907	Basel
Hôtel Ochsen		G. Meyer	Delsbergervortadt 288	Laufen		1907	164	telefonbuch_071	PTT-Archiv, P-260-1_Basel_1907	Basel
Hôtel Sonne				Laufen		1907	164	telefonbuch_071	PTT-Archiv, P-260-1_Basel_1907	Basel
Imhof	Leo	zum Hirschen		Laufen		1907	164	telefonbuch_071	PTT-Archiv, P-260-1_Basel_1907	Basel
Jermann-Gisiger	J.	Café du Jura	Bahnhofstrasse 217	Laufen		1907	164	telefonbuch_071	PTT-Archiv, P-260-1_Basel_1907	Basel
Jurassische Mühlenwerke		Presshefen- und Teigwarenfabrik (Aktienges.)		Laufen		1907	164	telefonbuch_071	PTT-Archiv, P-260-1_Basel_1907	Basel
Kern	Joseph	Confiseur	Grosse Strasse 86/87	Laufen		1907	164	telefonbuch_071	PTT-Archiv, P-260-1_Basel_1907	Basel
Kleiber	J. J.	Dr. med.		Laufen		1907	164	telefonbuch_071	PTT-Archiv, P-260-1_Basel_1907	Basel
Klipfel	C.		Wahlenstrasse 327	Laufen		1907	164	telefonbuch_071	PTT-Archiv, P-260-1_Basel_1907	Basel
Leuenberger	Jean	Metzger		Laufen		1907	164	telefonbuch_071	PTT-Archiv, P-260-1_Basel_1907	Basel
Levy	Amédée	Viehhändler		Laufen		1907	164	telefonbuch_071	PTT-Archiv, P-260-1_Basel_1907	Basel
Meier-Meier	J.	Wein- und Spezereihandlung		Laufen		1907	164	telefonbuch_071	PTT-Archiv, P-260-1_Basel_1907	Basel
Meyer	Reinhard	Baumeister		Laufen		1907	164	telefonbuch_071	PTT-Archiv, P-260-1_Basel_1907	Basel
Meyer	G.	zum Ochsen	Delsbergervortadt 288	Laufen		1907	164	telefonbuch_071	PTT-Archiv, P-260-1_Basel_1907	Basel
Portland-Cementfabrik		Bureau		Laufen		1907	164	telefonbuch_071	PTT-Archiv, P-260-1_Basel_1907	Basel
Postbureau Laufen				Laufen		1907	164	telefonbuch_071	PTT-Archiv, P-260-1_Basel_1907	Basel
Presshefefabrik Laufen				Laufen		1907	164	telefonbuch_071	PTT-Archiv, P-260-1_Basel_1907	Basel
Roth	Dr. X.	Arzt		Laufen		1907	164	telefonbuch_071	PTT-Archiv, P-260-1_Basel_1907	Basel
Ruetsch	Ad.	Notariatsbureau, Nachf. von Halbeisen & Ruetsch		Laufen		1907	164	telefonbuch_071	PTT-Archiv, P-260-1_Basel_1907	Basel
von Salis	Rudolf	neuer Fichtenhof		Laufen		1907	164	telefonbuch_071	PTT-Archiv, P-260-1_Basel_1907	Basel
Scheidegger	Hans	mech. Korkwarenfabrik		Laufen		1907	164	telefonbuch_071	PTT-Archiv, P-260-1_Basel_1907	Basel
Scholer & Sohn	J.	Eisenhandlung	Hauptstrasse	Laufen		1907	164	telefonbuch_071	PTT-Archiv, P-260-1_Basel_1907	Basel
Scholer	L.	Fürsprech	Röschenzerstrasse 294	Laufen		1907	164	telefonbuch_071	PTT-Archiv, P-260-1_Basel_1907	Basel
Schumacher	Aug.	Metzger	Hauptstrasse 55 c	Laufen		1907	164	telefonbuch_071	PTT-Archiv, P-260-1_Basel_1907	Basel
Spar- und Leihkasse Laufen				Laufen		1907	164	telefonbuch_071	PTT-Archiv, P-260-1_Basel_1907	Basel
Statthalter- und Richteramt Laufen		Rathaus		Laufen		1907	164	telefonbuch_071	PTT-Archiv, P-260-1_Basel_1907	Basel
Steiner	Emil	Bauunternehmer	Rennimatt 17	Laufen		1907	164	telefonbuch_071	PTT-Archiv, P-260-1_Basel_1907	Basel
Thonwarenfabrik Laufen		Bureau		Laufen		1907	164	telefonbuch_071	PTT-Archiv, P-260-1_Basel_1907	Basel
Vereinsdruckerei Laufen		Verlag der „Nordschweiz“		Laufen		1907	164	telefonbuch_071	PTT-Archiv, P-260-1_Basel_1907	Basel
Weber	M.	Handlung	Hauptstrasse 81	Laufen		1907	164	telefonbuch_071	PTT-Archiv, P-260-1_Basel_1907	Basel
Cement- und Kalkwerk Liesberg, Gebr. Gresly, Martz & Co.			Liesbergmühle	Liesberg		1907	165	telefonbuch_072	PTT-Archiv, P-260-1_Basel_1907	Basel
Gemeindestation Liesberg-Dorf				Liesberg		1907	165	telefonbuch_072	PTT-Archiv, P-260-1_Basel_1907	Basel
Gemeindesprechstation Liesberg-Mühle	J.	Brêchet		Liesberg		1907	165	telefonbuch_072	PTT-Archiv, P-260-1_Basel_1907	Basel
Gemeindestation				Meltingen		1907	165	telefonbuch_072	PTT-Archiv, P-260-1_Basel_1907	Basel
Gemeindestation				Nenzlingen		1907	165	telefonbuch_072	PTT-Archiv, P-260-1_Basel_1907	Basel
Stebler	B.	Gemeindesprechstation, Wirt		Nunningen		1907	165	telefonbuch_072	PTT-Archiv, P-260-1_Basel_1907	Basel
Gemeindestation		Unter-		Riederwald		1907	165	telefonbuch_072	PTT-Archiv, P-260-1_Basel_1907	Basel
Cueni	Ignaz	Steinbruchbesitzer		Röschenz		1907	165	telefonbuch_072	PTT-Archiv, P-260-1_Basel_1907	Basel
Gemeindestation				Röschenz		1907	165	telefonbuch_072	PTT-Archiv, P-260-1_Basel_1907	Basel
Gemeindestation				Wahlen		1907	165	telefonbuch_072	PTT-Archiv, P-260-1_Basel_1907	Basel
Gemeindestation				Zullwil		1907	165	telefonbuch_072	PTT-Archiv, P-260-1_Basel_1907	Basel
Fritschi	Fr.	Bahnhofrestauration		Zwingen		1907	165	telefonbuch_072	PTT-Archiv, P-260-1_Basel_1907	Basel
Gass	Hans	Hôtel de la gare		Zwingen		1907	165	telefonbuch_072	PTT-Archiv, P-260-1_Basel_1907	Basel
Gemeindestation				Zwingen		1907	165	telefonbuch_072	PTT-Archiv, P-260-1_Basel_1907	Basel
Laufenthaler Portland-Cementfabrik Zwingen				Zwingen		1907	165	telefonbuch_072	PTT-Archiv, P-260-1_Basel_1907	Basel
Telegraphenbureau		Aufgabelokal		Liestal		1907	165	telefonbuch_072	PTT-Archiv, P-260-1_Basel_1907	Basel
Kunz	Theophil	zum Stab		Arisdorf		1907	165	telefonbuch_072	PTT-Archiv, P-260-1_Basel_1907	Basel
Postbureau				Büren (Solothurn)		1907	165	telefonbuch_072	PTT-Archiv, P-260-1_Basel_1907	Basel
Frey	Emil			Giebenach		1907	165	telefonbuch_072	PTT-Archiv, P-260-1_Basel_1907	Basel
Dürrenberger-Börlin	Oswald	zum Rössli		Lupsingen		1907	165	telefonbuch_072	PTT-Archiv, P-260-1_Basel_1907	Basel
Postablage				Nuglar		1907	165	telefonbuch_072	PTT-Archiv, P-260-1_Basel_1907	Basel
Postablage				St. Pantaleon		1907	165	telefonbuch_072	PTT-Archiv, P-260-1_Basel_1907	Basel
Rudin-Spinnler	Jakob			Seltisberg		1907	165	telefonbuch_072	PTT-Archiv, P-260-1_Basel_1907	Basel
Gemeindestation		(s. Seite 165)		Arisdorf		1907	166	telefonbuch_074	PTT-Archiv, P-260-1_Basel_1907	Basel
Kurhaus		(J. Bisel)		Bienenberg		1907	166	telefonbuch_074	PTT-Archiv, P-260-1_Basel_1907	Basel
Flubacher	Carl	Bad		Bubendorf		1907	166	telefonbuch_074	PTT-Archiv, P-260-1_Basel_1907	Basel
Vögelin-Furler	Th.	zum Kreuz		Bubendorf		1907	166	telefonbuch_074	PTT-Archiv, P-260-1_Basel_1907	Basel
Gemeindestation		(s. Seite 165)		Büren (Solothurn)		1907	166	telefonbuch_074	PTT-Archiv, P-260-1_Basel_1907	Basel
Hersperger	Wilhelm	Kaufmann		Büren (Solothurn)		1907	166	telefonbuch_074	PTT-Archiv, P-260-1_Basel_1907	Basel
Hägler-Martin	Wilh.	zum „Rebstock“		Frenkendorf		1907	166	telefonbuch_074	PTT-Archiv, P-260-1_Basel_1907	Basel
Keller	Paul	Küchenchef, zum „wilden Mann“		Frenkendorf		1907	166	telefonbuch_074	PTT-Archiv, P-260-1_Basel_1907	Basel
Meyer	E.	Dr. med.		Frenkendorf		1907	166	telefonbuch_074	PTT-Archiv, P-260-1_Basel_1907	Basel
Schwob	A.	Metzger		Frenkendorf		1907	166	telefonbuch_074	PTT-Archiv, P-260-1_Basel_1907	Basel
Spinnler-Strübin	F.			Frenkendorf		1907	166	telefonbuch_074	PTT-Archiv, P-260-1_Basel_1907	Basel
Straumann-Weiss	J.	Gross- und Feinbäckerei		Frenkendorf		1907	166	telefonbuch_074	PTT-Archiv, P-260-1_Basel_1907	Basel
Gautschi	Ad.	zum „Rössli“		Füllinsdorf		1907	166	telefonbuch_074	PTT-Archiv, P-260-1_Basel_1907	Basel
Gemeindestation		(s. Seite 165)		Giebenach		1907	166	telefonbuch_074	PTT-Archiv, P-260-1_Basel_1907	Basel
Bollier-Ballmer	Hans	zum „Bären“		Lausen		1907	166	telefonbuch_074	PTT-Archiv, P-260-1_Basel_1907	Basel
Christen	E.	Papierfabrik		Lausen		1907	166	telefonbuch_074	PTT-Archiv, P-260-1_Basel_1907	Basel
Grauwiler	Arnold	Metzger, zum Rössli		Lausen		1907	166	telefonbuch_074	PTT-Archiv, P-260-1_Basel_1907	Basel
Hägler	A.	Mühle		Lausen		1907	166	telefonbuch_074	PTT-Archiv, P-260-1_Basel_1907	Basel
Künzli-Gfeller		Wwe.		Lausen		1907	166	telefonbuch_074	PTT-Archiv, P-260-1_Basel_1907	Basel
Lendorff		Pfarrer		Lausen		1907	166	telefonbuch_074	PTT-Archiv, P-260-1_Basel_1907	Basel
Stromeier	O.	Restaurant Bahnhof		Lausen		1907	166	telefonbuch_074	PTT-Archiv, P-260-1_Basel_1907	Basel
Thonwerk Lausen		Meier & Tschudy's Erben		Lausen		1907	166	telefonbuch_074	PTT-Archiv, P-260-1_Basel_1907	Basel
Verblendsteinfabrik Lausen				Lausen		1907	166	telefonbuch_074	PTT-Archiv, P-260-1_Basel_1907	Basel
Ammann-Gysin	J.	Lebensmittelgeschäft	Rathausstrasse 195	Liestal		1907	166	telefonbuch_074	PTT-Archiv, P-260-1_Basel_1907	Basel
Apotheke R. Stotzer		vorm. C. Moser	Rathausstrasse 124	Liestal		1907	166	telefonbuch_074	PTT-Archiv, P-260-1_Basel_1907	Basel
Automobilgesellschaft Liestal-Reigoldswil		Wagenremise	Rosenweg 87	Liestal		1907	166	telefonbuch_074	PTT-Archiv, P-260-1_Basel_1907	Basel
Bächle	Fritz	Zimmermeister	Arisdorferstrasse 144	Liestal		1907	166	telefonbuch_074	PTT-Archiv, P-260-1_Basel_1907	Basel
Barth	Louis	Eisenwarenhandlung	Rheinstrasse 47/48	Liestal		1907	166	telefonbuch_074	PTT-Archiv, P-260-1_Basel_1907	Basel
Basler Bandfabrik		vorm. Trüdiger & Cons.		Liestal		1907	166	telefonbuch_074	PTT-Archiv, P-260-1_Basel_1907	Basel
Baudirektion		kantonale	Regierungsgebäude	Liestal		1907	166	telefonbuch_074	PTT-Archiv, P-260-1_Basel_1907	Basel
Benz-Kellerhals	Fr. X.	zur Kanonenkugel	Kasernenstrasse 48	Liestal		1907	166	telefonbuch_074	PTT-Archiv, P-260-1_Basel_1907	Basel
Bezirksgerichtskanzlei			Amthausgasse 9	Liestal		1907	166	telefonbuch_074	PTT-Archiv, P-260-1_Basel_1907	Basel
Bezirksschreiberei			Amthausgasse 9	Liestal		1907	166	telefonbuch_074	PTT-Archiv, P-260-1_Basel_1907	Basel
Bieler	Fritz	Molkerei	Mühlegasse 261	Liestal		1907	166	telefonbuch_074	PTT-Archiv, P-260-1_Basel_1907	Basel
Bloch	Jacques		Sichternweg 180	Liestal		1907	166	telefonbuch_074	PTT-Archiv, P-260-1_Basel_1907	Basel
Bollag	Max	Dr. med.	Postplatz	Liestal		1907	166	telefonbuch_074	PTT-Archiv, P-260-1_Basel_1907	Basel
Brauerei Brodbeck			Kasernenstrasse 49	Liestal		1907	166	telefonbuch_074	PTT-Archiv, P-260-1_Basel_1907	Basel
Brodbeck	J.	Scheibenfabr., Buchbinder und Wirt	Oristhalstrasse 38	Liestal		1907	166	telefonbuch_074	PTT-Archiv, P-260-1_Basel_1907	Basel
Brodbeck	Reinhard	Maler	Kanonengasse 70	Liestal		1907	166	telefonbuch_074	PTT-Archiv, P-260-1_Basel_1907	Basel
Brodbeck	Traugott	Feuerwehrhauptmann	Oristhalstrasse 92	Liestal		1907	166	telefonbuch_074	PTT-Archiv, P-260-1_Basel_1907	Basel
Brodbeck	Adolf	zur Feldsäge	Rheinstrasse 80	Liestal		1907	166	telefonbuch_074	PTT-Archiv, P-260-1_Basel_1907	Basel
Brodbeck	Th.	Gerichtspräsident	Schwieriweg 110	Liestal		1907	166	telefonbuch_074	PTT-Archiv, P-260-1_Basel_1907	Basel
Brodbeck	Wilh.	Portlandcement- u. Kunststeinfabr.	Rheinstrasse 79	Liestal		1907	167	telefonbuch_075	PTT-Archiv, P-260-1_Basel_1907	Basel
Brodbeck	Wilh.	Architekt	Gartenstrasse 36	Liestal		1907	167	telefonbuch_075	PTT-Archiv, P-260-1_Basel_1907	Basel
Brüderlin-Kistler's Erben	R.	z. Stab	Rathausstrasse 142	Liestal		1907	167	telefonbuch_075	PTT-Archiv, P-260-1_Basel_1907	Basel
Bürgin	Ernst	Fuhrhalter	Gasstrasse 30	Liestal		1907	167	telefonbuch_075	PTT-Archiv, P-260-1_Basel_1907	Basel
Buri	Oscar		Seltisbergstrasse 39	Liestal		1907	167	telefonbuch_075	PTT-Archiv, P-260-1_Basel_1907	Basel
Cretin	E.	Eisen- und Messinggiesserei	Thiergartenweg 29	Liestal		1907	167	telefonbuch_075	PTT-Archiv, P-260-1_Basel_1907	Basel
Dill	Th.	Zahnarzt	Rheinstrasse 145	Liestal		1907	167	telefonbuch_075	PTT-Archiv, P-260-1_Basel_1907	Basel
Ehnis	Jakob	Lohnkutscher	im Rosen 93	Liestal		1907	167	telefonbuch_075	PTT-Archiv, P-260-1_Basel_1907	Basel
Elektra Baselland			Teichweg 38 b	Liestal		1907	167	telefonbuch_075	PTT-Archiv, P-260-1_Basel_1907	Basel
Feuerwehrkommando Liestal	Traug. Brodbeck		Oristhalstrasse 92	Liestal		1907	167	telefonbuch_075	PTT-Archiv, P-260-1_Basel_1907	Basel
Flubacher	A.	Eisengiesserei	Erzenbergerstr. 135	Liestal		1907	167	telefonbuch_075	PTT-Archiv, P-260-1_Basel_1907	Basel
Furler-Pfaff	Emil.	Fuhrhalter	Kasernenstrasse 55	Liestal		1907	167	telefonbuch_075	PTT-Archiv, P-260-1_Basel_1907	Basel
Garonne	A.	Forstverwalter	Tiergartenweg 21	Liestal		1907	167	telefonbuch_075	PTT-Archiv, P-260-1_Basel_1907	Basel
Gelpke-Hägler		Dr. med.	Schwiereweg 108	Liestal		1907	167	telefonbuch_075	PTT-Archiv, P-260-1_Basel_1907	Basel
Gemeindekanzlei		Gemeinderat	Rathausstrasse 183	Liestal		1907	167	telefonbuch_075	PTT-Archiv, P-260-1_Basel_1907	Basel
Gnemmi-Grieder	B.	Baumeister, zum Schützengarten		Liestal		1907	167	telefonbuch_075	PTT-Archiv, P-260-1_Basel_1907	Basel
Graf	J.	elektrotechn. Installationsgeschäft	Rathausstrasse 121	Liestal		1907	167	telefonbuch_075	PTT-Archiv, P-260-1_Basel_1907	Basel
Grieder	Alfred	Spenglerei u. Installationsgeschäft	Bahnhofstrasse 174	Liestal		1907	167	telefonbuch_075	PTT-Archiv, P-260-1_Basel_1907	Basel
Grieder	Louis	Metzger und Wirt, zur „Kanone“	Rathausstrasse 159	Liestal		1907	167	telefonbuch_075	PTT-Archiv, P-260-1_Basel_1907	Basel
Güterexpedition			Bahnhof Liestal	Liestal		1907	167	telefonbuch_075	PTT-Archiv, P-260-1_Basel_1907	Basel
Gutzwiller	H. A.	Dr. med.	Oristhalstrasse 41	Liestal		1907	167	telefonbuch_075	PTT-Archiv, P-260-1_Basel_1907	Basel
Gysin	G.	Droguerie	Rathausstrasse 181	Liestal		1907	167	telefonbuch_075	PTT-Archiv, P-260-1_Basel_1907	Basel
Gysin-Hägler	J.	Metzger und Wirt	Rathausstrasse 198	Liestal		1907	167	telefonbuch_075	PTT-Archiv, P-260-1_Basel_1907	Basel
Gysin	J.	Weinhandlung	Rheinstrasse 147	Liestal		1907	167	telefonbuch_075	PTT-Archiv, P-260-1_Basel_1907	Basel
Häfelfinger	Emil		Pfauenhof	Liestal		1907	167	telefonbuch_075	PTT-Archiv, P-260-1_Basel_1907	Basel
Hägler	M	Restaurant „Balance“	Kasernenstrasse 9	Liestal		1907	167	telefonbuch_075	PTT-Archiv, P-260-1_Basel_1907	Basel
Handschin	Albert		Rheinstrasse 63	Liestal		1907	167	telefonbuch_075	PTT-Archiv, P-260-1_Basel_1907	Basel
Handschin & Ronus			Fabrik Benzbur	Liestal		1907	167	telefonbuch_075	PTT-Archiv, P-260-1_Basel_1907	Basel
Hartmann-Plattner	Th.	Hôtel „Engel“		Liestal		1907	167	telefonbuch_075	PTT-Archiv, P-260-1_Basel_1907	Basel
Holinger	Aug.	Eisen- und Eisenwarenhandlung	Rathausstrasse 161	Liestal		1907	167	telefonbuch_075	PTT-Archiv, P-260-1_Basel_1907	Basel
Holinger	K.	Rheinfelder Bierhalle		Liestal		1907	167	telefonbuch_075	PTT-Archiv, P-260-1_Basel_1907	Basel
Hôtel Bahnhof	J. Peyer			Liestal		1907	167	telefonbuch_075	PTT-Archiv, P-260-1_Basel_1907	Basel
Hôtel Engel	Th. Hartmann			Liestal		1907	167	telefonbuch_075	PTT-Archiv, P-260-1_Basel_1907	Basel
Hôtel Falken	Charles Tüller			Liestal		1907	167	telefonbuch_075	PTT-Archiv, P-260-1_Basel_1907	Basel
Hypothekenbank		Basellandschaftliche		Liestal		1907	167	telefonbuch_075	PTT-Archiv, P-260-1_Basel_1907	Basel
Institut für internationale Rechtshülfe	Dr. Georg Wettstein (Dr. A. Seiler)		Oristhalstrasse 94	Liestal		1907	167	telefonbuch_075	PTT-Archiv, P-260-1_Basel_1907	Basel
Jourdan	Hans	Metzger und Wirt	Kanonengasse 48	Liestal		1907	167	telefonbuch_075	PTT-Archiv, P-260-1_Basel_1907	Basel
Kantine	Charles Tüller			Liestal		1907	167	telefonbuch_075	PTT-Archiv, P-260-1_Basel_1907	Basel
Kantonalbank		Basellandschaftliche		Liestal		1907	167	telefonbuch_075	PTT-Archiv, P-260-1_Basel_1907	Basel
Kantonsspital		Abteilung Krankenhaus		Liestal		1907	167	telefonbuch_075	PTT-Archiv, P-260-1_Basel_1907	Basel
Kantonsspital		Abteilung Pfundhaus		Liestal		1907	167	telefonbuch_075	PTT-Archiv, P-260-1_Basel_1907	Basel
Kaserne				Liestal		1907	167	telefonbuch_075	PTT-Archiv, P-260-1_Basel_1907	Basel
Konsumverein				Liestal		1907	167	telefonbuch_075	PTT-Archiv, P-260-1_Basel_1907	Basel
Köttgen	F.	Schuhfabrik	Gerberstrasse 52	Liestal		1907	167	telefonbuch_075	PTT-Archiv, P-260-1_Basel_1907	Basel
Köttgen	F.	& Cie., Schuhfabrik	Gasstrasse 40	Liestal		1907	167	telefonbuch_075	PTT-Archiv, P-260-1_Basel_1907	Basel
Kriegskommissariat			Zeughaus	Liestal		1907	167	telefonbuch_075	PTT-Archiv, P-260-1_Basel_1907	Basel
Landarmengutsverwaltung			Regierungsgebäude	Liestal		1907	167	telefonbuch_075	PTT-Archiv, P-260-1_Basel_1907	Basel
Landeskanzlei			Regierungsgebäude	Liestal		1907	167	telefonbuch_075	PTT-Archiv, P-260-1_Basel_1907	Basel
Lüdin	Carl	Papier-Cementsack-Fabrikation	Thiergartenweg 31	Liestal		1907	168	telefonbuch_076	PTT-Archiv, P-260-1_Basel_1907	Basel
Lüdin		Gebrüder	Schützenstrasse 163	Liestal		1907	168	telefonbuch_076	PTT-Archiv, P-260-1_Basel_1907	Basel
Mangold	M.	Maurermeister	Oristhalstrasse 72	Liestal		1907	168	telefonbuch_076	PTT-Archiv, P-260-1_Basel_1907	Basel
Mangold-Schaffner	E.	Metzger und Wirt	Kasernenstrasse 116	Liestal		1907	168	telefonbuch_076	PTT-Archiv, P-260-1_Basel_1907	Basel
Meyer	August	Eisenwarenhandlung	Rathausstrasse 184	Liestal		1907	168	telefonbuch_076	PTT-Archiv, P-260-1_Basel_1907	Basel
Meyer	J.	Brauerei Ziegelhof	Zeughausplatz 15	Liestal		1907	168	telefonbuch_076	PTT-Archiv, P-260-1_Basel_1907	Basel
Mühleisen	F.	Bäckerei und Kaffeehalle	Kasernenstrasse 117	Liestal		1907	168	telefonbuch_076	PTT-Archiv, P-260-1_Basel_1907	Basel
Nägelin	Wilhelm	Agentur und Geschäftsbureau	Quellenweg 33	Liestal		1907	168	telefonbuch_076	PTT-Archiv, P-260-1_Basel_1907	Basel
Nordmann	Achilles	Volksmagazin, Nachf. von Emanuel Nordmann	Rathausstrasse 157	Liestal		1907	168	telefonbuch_076	PTT-Archiv, P-260-1_Basel_1907	Basel
Nordmann	Henri	Manufakturwaren	Rathausstrasse 172	Liestal		1907	168	telefonbuch_076	PTT-Archiv, P-260-1_Basel_1907	Basel
Obergerichtskanzlei			Regierungsgebäude	Liestal		1907	168	telefonbuch_076	PTT-Archiv, P-260-1_Basel_1907	Basel
Peter & Co.	Konrad	mech. Werkstätte u. Maschinenhandlung	Gasstrasse 35	Liestal		1907	168	telefonbuch_076	PTT-Archiv, P-260-1_Basel_1907	Basel
Peter	V.	Dr. med.	Rheinstrasse 1	Liestal		1907	168	telefonbuch_076	PTT-Archiv, P-260-1_Basel_1907	Basel
Peyer	J.	Hôtel Bahnhof		Liestal		1907	168	telefonbuch_076	PTT-Archiv, P-260-1_Basel_1907	Basel
Plattner-Strübin	Louise	Mineralwasserfabrik	Gerberstrasse 50	Liestal		1907	168	telefonbuch_076	PTT-Archiv, P-260-1_Basel_1907	Basel
Pletscher	Ed.	Baumeister	Bahnhofstrasse 175	Liestal		1907	168	telefonbuch_076	PTT-Archiv, P-260-1_Basel_1907	Basel
Polizeiposten		Kantonspolizei		Liestal		1907	168	telefonbuch_076	PTT-Archiv, P-260-1_Basel_1907	Basel
Postbureau				Liestal		1907	168	telefonbuch_076	PTT-Archiv, P-260-1_Basel_1907	Basel
„Prometheus“		Fabrik elektr. Heiz- und Kochapparate (Wierss & Co.)	Oristhalstrasse 43	Liestal		1907	168	telefonbuch_076	PTT-Archiv, P-260-1_Basel_1907	Basel
Rieder	Traugott	Landesprodukte	Rheinstrasse 160	Liestal		1907	168	telefonbuch_076	PTT-Archiv, P-260-1_Basel_1907	Basel
Ritter-Fuchs	Ad.	Confiseur	Rathausstrasse 164	Liestal		1907	168	telefonbuch_076	PTT-Archiv, P-260-1_Basel_1907	Basel
Ritter	Gustav		Bahnhofplatz	Liestal		1907	168	telefonbuch_076	PTT-Archiv, P-260-1_Basel_1907	Basel
Rosenmund	Albert	Bäcker	Rathausstrasse 151	Liestal		1907	168	telefonbuch_076	PTT-Archiv, P-260-1_Basel_1907	Basel
Roth-Tüller	L.		Sichernweg 182 a	Liestal		1907	168	telefonbuch_076	PTT-Archiv, P-260-1_Basel_1907	Basel
Rudin	Emil	Sägemühle	Ergolzstrasse 103	Liestal		1907	168	telefonbuch_076	PTT-Archiv, P-260-1_Basel_1907	Basel
Saladin	J.	Baugeschäft	Weidenhubweg 194	Liestal		1907	168	telefonbuch_076	PTT-Archiv, P-260-1_Basel_1907	Basel
Sauer		Gebrüder, Baumeister	Kasernenstrasse 93	Liestal		1907	168	telefonbuch_076	PTT-Archiv, P-260-1_Basel_1907	Basel
Schaub-Weber	Hans	Destillerie, Liqueurfabrik	Oristhalstrasse 82	Liestal		1907	168	telefonbuch_076	PTT-Archiv, P-260-1_Basel_1907	Basel
Scholer Söhne		Seidenbandweberei Liestal	Rheinstrasse 127	Liestal		1907	168	telefonbuch_076	PTT-Archiv, P-260-1_Basel_1907	Basel
Schuhfabrik Liestal		F. Köttgen & Cie.	Gerberstrasse 52	Liestal		1907	168	telefonbuch_076	PTT-Archiv, P-260-1_Basel_1907	Basel
Schuhhalle Liestal			Rathausstrasse 150	Liestal		1907	168	telefonbuch_076	PTT-Archiv, P-260-1_Basel_1907	Basel
Schweizer	Heinrich	Tierarzt	Salzgässlein 178	Liestal		1907	168	telefonbuch_076	PTT-Archiv, P-260-1_Basel_1907	Basel
Schwob-Preiswerk		Weinhandlung	Kasernenstrasse 97	Liestal		1907	168	telefonbuch_076	PTT-Archiv, P-260-1_Basel_1907	Basel
Seiler	Dr. A.	Advokaturbureau	Oristhalstrasse 94	Liestal		1907	168	telefonbuch_076	PTT-Archiv, P-260-1_Basel_1907	Basel
Seiler	Gottlieb	Kohlen- und Grobeisenhandlung	Mühlegasse 256	Liestal		1907	168	telefonbuch_076	PTT-Archiv, P-260-1_Basel_1907	Basel
Seiler & Plattner		Bonneterie, Wollenwaren	Rathausstrasse 189	Liestal		1907	168	telefonbuch_076	PTT-Archiv, P-260-1_Basel_1907	Basel
Senn-Mangold	K.	Kolonialwaren, Landesprodukte und Futtermittel	Bahnhofplatz	Liestal		1907	168	telefonbuch_076	PTT-Archiv, P-260-1_Basel_1907	Basel
Sichernhof			bei Liestal	Liestal		1907	168	telefonbuch_076	PTT-Archiv, P-260-1_Basel_1907	Basel
Spinnler	Dr. E.	Farbenfabrik	Oristhalstrasse 53	Liestal		1907	168	telefonbuch_076	PTT-Archiv, P-260-1_Basel_1907	Basel
Statthalteramt Liestal			Amtshausgasse 9	Liestal		1907	168	telefonbuch_076	PTT-Archiv, P-260-1_Basel_1907	Basel
Strafanstalt			Rheinstrasse 108	Liestal		1907	168	telefonbuch_076	PTT-Archiv, P-260-1_Basel_1907	Basel
Strübin	Hans	Geschäftsbureau	Büchelistrasse 119	Liestal		1907	168	telefonbuch_076	PTT-Archiv, P-260-1_Basel_1907	Basel
Stutz	Daniel	zur „Eintracht“	Rheinstrasse 21	Liestal		1907	168	telefonbuch_076	PTT-Archiv, P-260-1_Basel_1907	Basel
Stutz	J.	Advokaturbureau	Schützenstrasse 166	Liestal		1907	168	telefonbuch_076	PTT-Archiv, P-260-1_Basel_1907	Basel
Stutz	Karl	Fuhrhalter	Burgstrasse 10	Liestal		1907	168	telefonbuch_076	PTT-Archiv, P-260-1_Basel_1907	Basel
Suter	J.	Tierarzt	Büchelistrasse 120	Liestal		1907	168	telefonbuch_076	PTT-Archiv, P-260-1_Basel_1907	Basel
Suter, Marti & Schäublin		zum Landschäftler	Rathausstrasse 197	Liestal		1907	168	telefonbuch_076	PTT-Archiv, P-260-1_Basel_1907	Basel
Tüller	Charles	Hotel Falken		Liestal		1907	168	telefonbuch_076	PTT-Archiv, P-260-1_Basel_1907	Basel
Tüller	Louis	zur Schützenstube	Rathausstrasse 194	Liestal		1907	168	telefonbuch_076	PTT-Archiv, P-260-1_Basel_1907	Basel
Veit	Alfred	Dr. Advokaturbureau	Thiergartenweg 20	Liestal		1907	169	telefonbuch_077	PTT-Archiv, P-260-1_Basel_1907	Basel
Weber	Wilh.	Ww., Restaurant Farnsburg	Rheinstrasse	Liestal		1907	169	telefonbuch_077	PTT-Archiv, P-260-1_Basel_1907	Basel
Zeller	G.	Handelsgärtnerei und Bindegeschäft	Florhof	Liestal		1907	169	telefonbuch_077	PTT-Archiv, P-260-1_Basel_1907	Basel
Zeughausverwaltung			Zeughaus	Liestal		1907	169	telefonbuch_077	PTT-Archiv, P-260-1_Basel_1907	Basel
Floretspinnerei Ringwald		A.-G.		Niederschönthal		1907	169	telefonbuch_077	PTT-Archiv, P-260-1_Basel_1907	Basel
Iselin-Merian	Julie	Frau, zur Trotte		Niederschönthal		1907	169	telefonbuch_077	PTT-Archiv, P-260-1_Basel_1907	Basel
Linder	Adolf	Metzger		Niederschönthal		1907	169	telefonbuch_077	PTT-Archiv, P-260-1_Basel_1907	Basel
Preiswerk-Ringwald	R.			Niederschönthal		1907	169	telefonbuch_077	PTT-Archiv, P-260-1_Basel_1907	Basel
Thommen	Hermann			Orismühle		1907	169	telefonbuch_077	PTT-Archiv, P-260-1_Basel_1907	Basel
Flury		Gebrüder		Schauenburg-Bad		1907	169	telefonbuch_077	PTT-Archiv, P-260-1_Basel_1907	Basel
Erzer & Co.		Eisgesellschaft		Seewen		1907	169	telefonbuch_077	PTT-Archiv, P-260-1_Basel_1907	Basel
Erzer	Theodor	"Tierarzt, z. ""Rössli"""		Seewen		1907	169	telefonbuch_077	PTT-Archiv, P-260-1_Basel_1907	Basel
Gas- und Wasserwerk Basel		Aufseher		Seewen		1907	169	telefonbuch_077	PTT-Archiv, P-260-1_Basel_1907	Basel
Hersperger	Arnold	zur Sonne		Seewen		1907	169	telefonbuch_077	PTT-Archiv, P-260-1_Basel_1907	Basel
Scherer	Albert	Wirtschaft zur alten Post		Seewen		1907	169	telefonbuch_077	PTT-Archiv, P-260-1_Basel_1907	Basel
von Sury	Alphons	Unterackert		Seewen		1907	169	telefonbuch_077	PTT-Archiv, P-260-1_Basel_1907	Basel
Ackermann	Aug.	Wirt		Burg		1907	169	telefonbuch_077	PTT-Archiv, P-260-1_Basel_1907	Basel
Stehlin-Simon	C.			Rodersdorf		1907	169	telefonbuch_077	PTT-Archiv, P-260-1_Basel_1907	Basel
Gschwind	Amadeus	Landwirt		Bättwil		1907	169	telefonbuch_077	PTT-Archiv, P-260-1_Basel_1907	Basel
Bad Flüh	Karl Zeller			Flüh		1907	170	telefonbuch_078	PTT-Archiv, P-260-1_Basel_1907	Basel
Nussbaumer	Alphons	Wirt		Flüh		1907	170	telefonbuch_078	PTT-Archiv, P-260-1_Basel_1907	Basel
Schuhmacher	Gottfr.	Gasthof zur Landskron		Flüh		1907	170	telefonbuch_078	PTT-Archiv, P-260-1_Basel_1907	Basel
Hägeli	Ch.	Tierarzt, Gasthof zum Kreuz		Hofstetten		1907	170	telefonbuch_078	PTT-Archiv, P-260-1_Basel_1907	Basel
Bauer	Louis	Gasthof zum Kreuz		Mariastein		1907	170	telefonbuch_078	PTT-Archiv, P-260-1_Basel_1907	Basel
Kloster Mariastein				Mariastein		1907	170	telefonbuch_078	PTT-Archiv, P-260-1_Basel_1907	Basel
Schumacher	Cölestin	Gasthof zum Jura		Mariastein		1907	170	telefonbuch_078	PTT-Archiv, P-260-1_Basel_1907	Basel
Tschuy	Ubald	Gasthof zur Post		Mariastein		1907	170	telefonbuch_078	PTT-Archiv, P-260-1_Basel_1907	Basel
Köninger-Stocker	A.	zum Rössli		Metzerlen		1907	170	telefonbuch_078	PTT-Archiv, P-260-1_Basel_1907	Basel
Monnerat	Franz	zum Lämmli		Metzerlen		1907	170	telefonbuch_078	PTT-Archiv, P-260-1_Basel_1907	Basel
Altenbach-Scholer	J.	Tierarzt, Gasthof zum Rössli		Rodersdorf		1907	170	telefonbuch_078	PTT-Archiv, P-260-1_Basel_1907	Basel
Gemeindestation				Rodersdorf		1907	170	telefonbuch_078	PTT-Archiv, P-260-1_Basel_1907	Basel
Bureau des télégraphes		Station publique		Moutier		1907	170	telefonbuch_078	PTT-Archiv, P-260-1_Basel_1907	Basel
Spart	Victor	Station communale (avec service télégraphique), Mr., menuisier		Crémines		1907	170	telefonbuch_078	PTT-Archiv, P-260-1_Basel_1907	Basel
Station publique communale		A. Dédie		Corcelles s. Crémines		1907	171	telefonbuch_079	PTT-Archiv, P-260-1_Basel_1907	Basel
Buss & Cie.		Société par actions		Crémines		1907	171	telefonbuch_079	PTT-Archiv, P-260-1_Basel_1907	Basel
Greder frères		fabrique d'horlogerie		Crémines		1907	171	telefonbuch_079	PTT-Archiv, P-260-1_Basel_1907	Basel
Tschumy	Nicolas	fabrique d'horlogerie		Crémines		1907	171	telefonbuch_079	PTT-Archiv, P-260-1_Basel_1907	Basel
Grosvernier	T. H.	Négt.		Grandval		1907	171	telefonbuch_079	PTT-Archiv, P-260-1_Basel_1907	Basel
Straub	E.	fabrique de boîtes		Grandval		1907	171	telefonbuch_079	PTT-Archiv, P-260-1_Basel_1907	Basel
Allemann-Vogt		voiturier		Moutier		1907	171	telefonbuch_079	PTT-Archiv, P-260-1_Basel_1907	Basel
Banque populaire				Moutier		1907	171	telefonbuch_079	PTT-Archiv, P-260-1_Basel_1907	Basel
Barth	Paul	Café National		Moutier		1907	171	telefonbuch_079	PTT-Archiv, P-260-1_Basel_1907	Basel
Bechler	Paul	negociant		Moutier		1907	171	telefonbuch_079	PTT-Archiv, P-260-1_Basel_1907	Basel
Bernard	G.	avocat		Moutier		1907	171	telefonbuch_079	PTT-Archiv, P-260-1_Basel_1907	Basel
Bernheim	Maurice	nėgt.		Moutier		1907	171	telefonbuch_079	PTT-Archiv, P-260-1_Basel_1907	Basel
Boichot	J.	jeune, & Ribollet, H., verrerie		Moutier		1907	171	telefonbuch_079	PTT-Archiv, P-260-1_Basel_1907	Basel
Bon & Cie.		fabr. d'horlogerie		Moutier		1907	171	telefonbuch_079	PTT-Archiv, P-260-1_Basel_1907	Basel
Bouvier	Jules	vétérinaire		Moutier		1907	171	telefonbuch_079	PTT-Archiv, P-260-1_Basel_1907	Basel
Brasserie par actions Delémont		dépôt		Moutier		1907	171	telefonbuch_079	PTT-Archiv, P-260-1_Basel_1907	Basel
Caisse d'épargne du district				Moutier		1907	171	telefonbuch_079	PTT-Archiv, P-260-1_Basel_1907	Basel
Carnal	Aug.	Hôtel Suisse		Moutier		1907	171	telefonbuch_079	PTT-Archiv, P-260-1_Basel_1907	Basel
Chodat & Co.		"""Cité ouvrière"""		Moutier		1907	171	telefonbuch_079	PTT-Archiv, P-260-1_Basel_1907	Basel
Chopard-Klaye		représentant		Moutier		1907	171	telefonbuch_079	PTT-Archiv, P-260-1_Basel_1907	Basel
Cobioni	H.	fumisterie		Moutier		1907	171	telefonbuch_079	PTT-Archiv, P-260-1_Basel_1907	Basel
Delévaux		notaire		Moutier		1907	171	telefonbuch_079	PTT-Archiv, P-260-1_Basel_1907	Basel
Fabrique de machines				Moutier		1907	171	telefonbuch_079	PTT-Archiv, P-260-1_Basel_1907	Basel
Gare C. F. F.				Moutier		1907	171	telefonbuch_079	PTT-Archiv, P-260-1_Basel_1907	Basel
Girod sœurs		Hôtel de la Gare		Moutier		1907	171	telefonbuch_079	PTT-Archiv, P-260-1_Basel_1907	Basel
Glauser	G.	nėgt.		Moutier		1907	171	telefonbuch_079	PTT-Archiv, P-260-1_Basel_1907	Basel
Hauert frères		Hôtel du Cerf		Moutier		1907	171	telefonbuch_079	PTT-Archiv, P-260-1_Basel_1907	Basel
Herrenschwand de	Max	Dr. med.		Moutier		1907	171	telefonbuch_079	PTT-Archiv, P-260-1_Basel_1907	Basel
Hôpital du district de Moutier				Moutier		1907	171	telefonbuch_079	PTT-Archiv, P-260-1_Basel_1907	Basel
Hôtel de la Gare		(Girod sœurs)		Moutier		1907	171	telefonbuch_079	PTT-Archiv, P-260-1_Basel_1907	Basel
Hôtel du cerf		(Hauert frères)		Moutier		1907	171	telefonbuch_079	PTT-Archiv, P-260-1_Basel_1907	Basel
Hôtel de la Couronne		(Lachat, V.)		Moutier		1907	171	telefonbuch_079	PTT-Archiv, P-260-1_Basel_1907	Basel
Hôtel Suisse		(Aug. Carnal)		Moutier		1907	171	telefonbuch_079	PTT-Archiv, P-260-1_Basel_1907	Basel
Kaufmann		directeur, société d'horlogerie		Moutier		1907	171	telefonbuch_079	PTT-Archiv, P-260-1_Basel_1907	Basel
Kenel	F.	& Co., tuilerie		Moutier		1907	171	telefonbuch_079	PTT-Archiv, P-260-1_Basel_1907	Basel
Kleiber	Chs.	architecte		Moutier		1907	171	telefonbuch_079	PTT-Archiv, P-260-1_Basel_1907	Basel
Krenger	Ern.	fabrique d'horlogerie		Moutier		1907	171	telefonbuch_079	PTT-Archiv, P-260-1_Basel_1907	Basel
Kühnle	Chs.	nėgt.		Moutier		1907	171	telefonbuch_079	PTT-Archiv, P-260-1_Basel_1907	Basel
Lachat	V.	Hôtel de la Couronne		Moutier		1907	171	telefonbuch_079	PTT-Archiv, P-260-1_Basel_1907	Basel
Leu	Fr.	doreur		Moutier		1907	171	telefonbuch_079	PTT-Archiv, P-260-1_Basel_1907	Basel
Lévy	L.	& frères, fabrique d'horlogerie		Moutier		1907	171	telefonbuch_079	PTT-Archiv, P-260-1_Basel_1907	Basel
Maeder	Fritz	restaurant de la charrue		Moutier		1907	171	telefonbuch_079	PTT-Archiv, P-260-1_Basel_1907	Basel
Moll	Mme.	Cheval blanc		Moutier		1907	171	telefonbuch_079	PTT-Archiv, P-260-1_Basel_1907	Basel
Monnier	A.	restaurant du Soleil		Moutier		1907	171	telefonbuch_079	PTT-Archiv, P-260-1_Basel_1907	Basel
Municipalité		Collège		Moutier		1907	171	telefonbuch_079	PTT-Archiv, P-260-1_Basel_1907	Basel
Neuenschwander	Jean		Sous la Rive	Moutier		1907	172	telefonbuch_080	PTT-Archiv, P-260-1_Basel_1907	Basel
Neuhaus	Emile	forestier d'arrdt		Moutier		1907	172	telefonbuch_080	PTT-Archiv, P-260-1_Basel_1907	Basel
Neuhaus	Fr.	Dr. méd.		Moutier		1907	172	telefonbuch_080	PTT-Archiv, P-260-1_Basel_1907	Basel
Office des poursuites				Moutier		1907	172	telefonbuch_080	PTT-Archiv, P-260-1_Basel_1907	Basel
Postes				Moutier		1907	172	telefonbuch_080	PTT-Archiv, P-260-1_Basel_1907	Basel
Robert-Moschard	Mme. E.			Moutier		1907	172	telefonbuch_080	PTT-Archiv, P-260-1_Basel_1907	Basel
de Roll		Usine, tuilerie		Moutier		1907	172	telefonbuch_080	PTT-Archiv, P-260-1_Basel_1907	Basel
Schaffter	P.	notaire		Moutier		1907	172	telefonbuch_080	PTT-Archiv, P-260-1_Basel_1907	Basel
Schaller	C.	avocat		Moutier		1907	172	telefonbuch_080	PTT-Archiv, P-260-1_Basel_1907	Basel
Société d'horlogerie				Moutier		1907	172	telefonbuch_080	PTT-Archiv, P-260-1_Basel_1907	Basel
Station publique		Bureau des Télégraphes		Moutier		1907	172	telefonbuch_080	PTT-Archiv, P-260-1_Basel_1907	Basel
Thomas & Gross		négt.		Moutier		1907	172	telefonbuch_080	PTT-Archiv, P-260-1_Basel_1907	Basel
Tripet & Froidevaux		Le Petit Jurassien et La Revue jurassienne		Moutier		1907	172	telefonbuch_080	PTT-Archiv, P-260-1_Basel_1907	Basel
Usine électrique Moutier-Court				Moutier		1907	172	telefonbuch_080	PTT-Archiv, P-260-1_Basel_1907	Basel
Fouillat	J. Ls.	sablerie		Perrefitte		1907	172	telefonbuch_080	PTT-Archiv, P-260-1_Basel_1907	Basel
Girardin	S.	voyer-Chef		Perrefitte		1907	172	telefonbuch_080	PTT-Archiv, P-260-1_Basel_1907	Basel
Bureau des télégraphes		Station publique	Rue du marché	Porrentruy		1907	173	telefonbuch_081	PTT-Archiv, P-260-1_Basel_1907	Basel
Guenat	C.	aubergiste		Beurnevésin		1907	173	telefonbuch_081	PTT-Archiv, P-260-1_Basel_1907	Basel
Bureau des postes				Charmoille		1907	173	telefonbuch_081	PTT-Archiv, P-260-1_Basel_1907	Basel
Guenin	Ch.	aubergiste		Coeuve		1907	173	telefonbuch_081	PTT-Archiv, P-260-1_Basel_1907	Basel
Maillat	E.	aubergiste		Courtedoux		1907	173	telefonbuch_081	PTT-Archiv, P-260-1_Basel_1907	Basel
Beucler	Léon	aubergiste		Damvant		1907	173	telefonbuch_081	PTT-Archiv, P-260-1_Basel_1907	Basel
Métille	J.	aubergiste		Frégiécourt		1907	173	telefonbuch_081	PTT-Archiv, P-260-1_Basel_1907	Basel
Moine	E.	aubergiste		Montignez		1907	173	telefonbuch_081	PTT-Archiv, P-260-1_Basel_1907	Basel
bureau des postes				Vendlincourt		1907	173	telefonbuch_081	PTT-Archiv, P-260-1_Basel_1907	Basel
Petignat	J.	Hôtel de la gare		Alle		1907	173	telefonbuch_081	PTT-Archiv, P-260-1_Basel_1907	Basel
Stucky	David	Bureau des postes		Alle		1907	173	telefonbuch_081	PTT-Archiv, P-260-1_Basel_1907	Basel
Station publique communale		(Lachat)		Asuel		1907	173	telefonbuch_081	PTT-Archiv, P-260-1_Basel_1907	Basel
Station communale		(v. ci-haut)		Beurnevésin		1907	173	telefonbuch_081	PTT-Archiv, P-260-1_Basel_1907	Basel
Burrus	François	député		Boncourt		1907	173	telefonbuch_081	PTT-Archiv, P-260-1_Basel_1907	Basel
Burrus	Jos.	fabricant		Boncourt		1907	173	telefonbuch_081	PTT-Archiv, P-260-1_Basel_1907	Basel
Manufacture de tabacs				Boncourt		1907	173	telefonbuch_081	PTT-Archiv, P-260-1_Basel_1907	Basel
Monnier	Alph.	négociant		Boncourt		1907	173	telefonbuch_081	PTT-Archiv, P-260-1_Basel_1907	Basel
Fréléchoux	A.	Station publique communale, boucherie		Boncourt		1907	173	telefonbuch_081	PTT-Archiv, P-260-1_Basel_1907	Basel
Chevrolet	Vve.	Hôtel de la gare		Bonfol		1907	173	telefonbuch_081	PTT-Archiv, P-260-1_Basel_1907	Basel
Gerber	A.	Dr. med.		Bonfol		1907	173	telefonbuch_081	PTT-Archiv, P-260-1_Basel_1907	Basel
Mathieu	Henri	auberge, Largin		Bonfol		1907	173	telefonbuch_081	PTT-Archiv, P-260-1_Basel_1907	Basel
Station publique communale		Corps de garde		Bonfol		1907	173	telefonbuch_081	PTT-Archiv, P-260-1_Basel_1907	Basel
Tuilerie mécanique		(Fattet, J.)		Bonfol		1907	173	telefonbuch_081	PTT-Archiv, P-260-1_Basel_1907	Basel
Oeuvray	M.	Station publique communale		Bressaucourt		1907	173	telefonbuch_081	PTT-Archiv, P-260-1_Basel_1907	Basel
Guelat	J.	Station publique communale, aubergiste		Buix		1907	173	telefonbuch_081	PTT-Archiv, P-260-1_Basel_1907	Basel
Peter	A.	Station publique communale, voyer-chef		Bure		1907	173	telefonbuch_081	PTT-Archiv, P-260-1_Basel_1907	Basel
Station communale		(v. ci-haut)		Charmoille		1907	173	telefonbuch_081	PTT-Archiv, P-260-1_Basel_1907	Basel
Borruat	B.	Station publique communale		Chevenez		1907	173	telefonbuch_081	PTT-Archiv, P-260-1_Basel_1907	Basel
Henzelin	Victor	négociant		Coeuve		1907	173	telefonbuch_081	PTT-Archiv, P-260-1_Basel_1907	Basel
Ribeaud	Xavier	aubergiste		Coeuve		1907	173	telefonbuch_081	PTT-Archiv, P-260-1_Basel_1907	Basel
Station communale		(v. ci-haut)		Coeuve		1907	173	telefonbuch_081	PTT-Archiv, P-260-1_Basel_1907	Basel
Berret-Allemann		Hôtel Lion d'or		Cornol		1907	174	telefonbuch_082	PTT-Archiv, P-260-1_Basel_1907	Basel
Berret	François	Hôtel „Boeuf“		Cornol		1907	174	telefonbuch_082	PTT-Archiv, P-260-1_Basel_1907	Basel
Fonderie Cornol				Cornol		1907	174	telefonbuch_082	PTT-Archiv, P-260-1_Basel_1907	Basel
Busson	Vve.	Hôtel trois poissons		Courchavon		1907	174	telefonbuch_082	PTT-Archiv, P-260-1_Basel_1907	Basel
Station publique communale		Léon Béchir		Courchavon		1907	174	telefonbuch_082	PTT-Archiv, P-260-1_Basel_1907	Basel
Debœuf	Emile	Hôtel Suisse		Courgenay		1907	174	telefonbuch_082	PTT-Archiv, P-260-1_Basel_1907	Basel
Girard-Mouhat		Bonneterie		Courgenay		1907	174	telefonbuch_082	PTT-Archiv, P-260-1_Basel_1907	Basel
Leclerc		Limonades, liqueurs, représentations commerciales		Courgenay		1907	174	telefonbuch_082	PTT-Archiv, P-260-1_Basel_1907	Basel
Station communale		(v. page 173)		Courtedoux		1907	174	telefonbuch_082	PTT-Archiv, P-260-1_Basel_1907	Basel
Station publique communale		Louis Merguin, aubergiste		Courtemaîche		1907	174	telefonbuch_082	PTT-Archiv, P-260-1_Basel_1907	Basel
Station communale		(v. page 173)		Damvant		1907	174	telefonbuch_082	PTT-Archiv, P-260-1_Basel_1907	Basel
Station publique communale		Grandjean		Fahy		1907	174	telefonbuch_082	PTT-Archiv, P-260-1_Basel_1907	Basel
Coullery & Cie.		fabt. d'horlogerie		Fontenais		1907	174	telefonbuch_082	PTT-Archiv, P-260-1_Basel_1907	Basel
Duval	Jos.	maréchal		Fontenais		1907	174	telefonbuch_082	PTT-Archiv, P-260-1_Basel_1907	Basel
Station publique communale		L. Contesse		Fontenais		1907	174	telefonbuch_082	PTT-Archiv, P-260-1_Basel_1907	Basel
Sutterlet	François	aubergiste		Fontenais		1907	174	telefonbuch_082	PTT-Archiv, P-260-1_Basel_1907	Basel
Varrin & Cie.		fabr. de boîtes		Fontenais		1907	174	telefonbuch_082	PTT-Archiv, P-260-1_Basel_1907	Basel
Station communale		(v. page 173)		Frégiécourt		1907	174	telefonbuch_082	PTT-Archiv, P-260-1_Basel_1907	Basel
Station publique communale		J. Babey		Grandfontaine		1907	174	telefonbuch_082	PTT-Archiv, P-260-1_Basel_1907	Basel
Pinaton	Erneste	Hôtel Lützelhof		Lucelle		1907	174	telefonbuch_082	PTT-Archiv, P-260-1_Basel_1907	Basel
Henry	Jos.	vins		Lugnez		1907	174	telefonbuch_082	PTT-Archiv, P-260-1_Basel_1907	Basel
Station publique communale	Vve. F.	Chapuis, aubergiste		Miécourt		1907	174	telefonbuch_082	PTT-Archiv, P-260-1_Basel_1907	Basel
Station communale		(v. page 173)		Montignez		1907	174	telefonbuch_082	PTT-Archiv, P-260-1_Basel_1907	Basel
Station publique communale		Alfred Biétry		Mormont		1907	174	telefonbuch_082	PTT-Archiv, P-260-1_Basel_1907	Basel
Abattoirs municipaux			Rue des abattoirs	Porrentruy		1907	174	telefonbuch_082	PTT-Archiv, P-260-1_Basel_1907	Basel
Amuat	Albert	fabrique d'horlogerie	Rue neuve	Porrentruy		1907	174	telefonbuch_082	PTT-Archiv, P-260-1_Basel_1907	Basel
Babey-Joly		fabr. de pierres	Avenue Cuenin	Porrentruy		1907	174	telefonbuch_082	PTT-Archiv, P-260-1_Basel_1907	Basel
Balimann	Ernest	avocat	Hôtel des Halles	Porrentruy		1907	174	telefonbuch_082	PTT-Archiv, P-260-1_Basel_1907	Basel
Balimann	E.	avocat (domicile)	Avenue de la gare	Porrentruy		1907	174	telefonbuch_082	PTT-Archiv, P-260-1_Basel_1907	Basel
Banque cantonale			Rue de la préfecture	Porrentruy		1907	174	telefonbuch_082	PTT-Archiv, P-260-1_Basel_1907	Basel
Banque populaire suisse			Rue de Courtedoux	Porrentruy		1907	174	telefonbuch_082	PTT-Archiv, P-260-1_Basel_1907	Basel
Bernard	Charles	vétérinaire	Rue des tilleuls	Porrentruy		1907	174	telefonbuch_082	PTT-Archiv, P-260-1_Basel_1907	Basel
Bigard	François	commerce de chevaux	Faubourg St-Germain	Porrentruy		1907	174	telefonbuch_082	PTT-Archiv, P-260-1_Basel_1907	Basel
Bigenwald	Charles	& Cie., négociants	Ruelle de l'étang	Porrentruy		1907	174	telefonbuch_082	PTT-Archiv, P-260-1_Basel_1907	Basel
Bigenwald	Jean	négociant	Rue Centrale	Porrentruy		1907	174	telefonbuch_082	PTT-Archiv, P-260-1_Basel_1907	Basel
Blétry & Matt		négociant	Rue Centrale	Porrentruy		1907	174	telefonbuch_082	PTT-Archiv, P-260-1_Basel_1907	Basel
Boinay	J.	Dr., avocat	Avenue de la gare	Porrentruy		1907	174	telefonbuch_082	PTT-Archiv, P-260-1_Basel_1907	Basel
Bouvier	François	représentant	Rue de Belfort	Porrentruy		1907	174	telefonbuch_082	PTT-Archiv, P-260-1_Basel_1907	Basel
Brasserie Feldschlösschen Rheinfelden		Dépôt	Rue du gravier	Porrentruy		1907	174	telefonbuch_082	PTT-Archiv, P-260-1_Basel_1907	Basel
Brasserie du Lion à Bâle			Faubourg de Cœuvre	Porrentruy		1907	175	telefonbuch_083	PTT-Archiv, P-260-1_Basel_1907	Basel
Brossard & Kohler		manufacture de chaussures	Rue de Cœuvre	Porrentruy		1907	175	telefonbuch_083	PTT-Archiv, P-260-1_Basel_1907	Basel
Burger	Th.	fabricant	Rue de Courtedoux	Porrentruy		1907	175	telefonbuch_083	PTT-Archiv, P-260-1_Basel_1907	Basel
Burrus	J. B.		Rue de Courtedoux	Porrentruy		1907	175	telefonbuch_083	PTT-Archiv, P-260-1_Basel_1907	Basel
Bültzberger	Emil	Café du Jura-Simplon	Place de la gare	Porrentruy		1907	175	telefonbuch_083	PTT-Archiv, P-260-1_Basel_1907	Basel
Buzzi frères		entrepreneurs	Vauches	Porrentruy		1907	175	telefonbuch_083	PTT-Archiv, P-260-1_Basel_1907	Basel
Ceppi	Ernest	Dr. méd.	Rue du temple	Porrentruy		1907	175	telefonbuch_083	PTT-Archiv, P-260-1_Basel_1907	Basel
Chalverat	J.	avocat	Rue du contrôle	Porrentruy		1907	175	telefonbuch_083	PTT-Archiv, P-260-1_Basel_1907	Basel
Chalverat	J.	avocat (domicile)	Faubourg St-Germain	Porrentruy		1907	175	telefonbuch_083	PTT-Archiv, P-260-1_Basel_1907	Basel
Chapuis	Alfred	fournitures d'horlogerie	Rue de la poste	Porrentruy		1907	175	telefonbuch_083	PTT-Archiv, P-260-1_Basel_1907	Basel
Chapuis	Emile	boucher	Rue du marché	Porrentruy		1907	175	telefonbuch_083	PTT-Archiv, P-260-1_Basel_1907	Basel
Chapuis	Paul	notaire	Avenue Cuenin	Porrentruy		1907	175	telefonbuch_083	PTT-Archiv, P-260-1_Basel_1907	Basel
Chatelain	Ernest	fabricant	Chemin des Vauches	Porrentruy		1907	175	telefonbuch_083	PTT-Archiv, P-260-1_Basel_1907	Basel
Chavanne, Kohler & Cie.		Redaction du „Jura“	Place du collège	Porrentruy		1907	175	telefonbuch_083	PTT-Archiv, P-260-1_Basel_1907	Basel
Chemins de fer fédéraux		grande et petite vitesse	Place de la gare	Porrentruy		1907	175	telefonbuch_083	PTT-Archiv, P-260-1_Basel_1907	Basel
Choffat	Léon	Mme.	Rue de la préfecture	Porrentruy		1907	175	telefonbuch_083	PTT-Archiv, P-260-1_Basel_1907	Basel
Choquard, Jos., & Co.		Brasserie	Rue de Courgenay	Porrentruy		1907	175	telefonbuch_083	PTT-Archiv, P-260-1_Basel_1907	Basel
Choulat	E.	avocat	Rue de Courtedoux	Porrentruy		1907	175	telefonbuch_083	PTT-Archiv, P-260-1_Basel_1907	Basel
Choulat	Justin	scierie, commerce de vin	aux Planchettes	Porrentruy		1907	175	telefonbuch_083	PTT-Archiv, P-260-1_Basel_1907	Basel
Contrôle fédéral des ouvrages d'or et d'argent			Rue du contrôle	Porrentruy		1907	175	telefonbuch_083	PTT-Archiv, P-260-1_Basel_1907	Basel
Coopération bruntrutaine			Rue du contrôle	Porrentruy		1907	175	telefonbuch_083	PTT-Archiv, P-260-1_Basel_1907	Basel
Coulon, Louis, & Cie.		fabr. d'horlogerie	Rue des tilleuls	Porrentruy		1907	175	telefonbuch_083	PTT-Archiv, P-260-1_Basel_1907	Basel
Cuenat	Henri	avocat	Faubourg de France	Porrentruy		1907	175	telefonbuch_083	PTT-Archiv, P-260-1_Basel_1907	Basel
Dieilin	H.	notaire	Rue de Courgenay	Porrentruy		1907	175	telefonbuch_083	PTT-Archiv, P-260-1_Basel_1907	Basel
Donzelot	Victor	négociant	Rue du marché	Porrentruy		1907	175	telefonbuch_083	PTT-Archiv, P-260-1_Basel_1907	Basel
Donzelot	Victor	(domicile)	La Presse	Porrentruy		1907	175	telefonbuch_083	PTT-Archiv, P-260-1_Basel_1907	Basel
Dubail	Jules	fabricant	Rue de Courtedoux	Porrentruy		1907	175	telefonbuch_083	PTT-Archiv, P-260-1_Basel_1907	Basel
Dubail	Louis	négociant	Rue centrale	Porrentruy		1907	175	telefonbuch_083	PTT-Archiv, P-260-1_Basel_1907	Basel
Duvanel		médecin-dentiste	Rue du temple	Porrentruy		1907	175	telefonbuch_083	PTT-Archiv, P-260-1_Basel_1907	Basel
Eberhard	Hermann	entrepreneur	Rue de la Prévoyance	Porrentruy		1907	175	telefonbuch_083	PTT-Archiv, P-260-1_Basel_1907	Basel
Ebnöther	G.	Chef du bureau du télégraphe et du téléphone	Rue de Courtedoux	Porrentruy		1907	175	telefonbuch_083	PTT-Archiv, P-260-1_Basel_1907	Basel
Ecabert	Aug.	grands magasins de la cigogne	Rue centrale	Porrentruy		1907	175	telefonbuch_083	PTT-Archiv, P-260-1_Basel_1907	Basel
Ecabert	François	„au meilleur marché“	Rue centrale	Porrentruy		1907	175	telefonbuch_083	PTT-Archiv, P-260-1_Basel_1907	Basel
Ecole cantonale			Collège	Porrentruy		1907	175	telefonbuch_083	PTT-Archiv, P-260-1_Basel_1907	Basel
Ecole d'horlogerie			Rue du contrôle	Porrentruy		1907	175	telefonbuch_083	PTT-Archiv, P-260-1_Basel_1907	Basel
Erard	Benoni	Café de la gare	Avenue de la gare	Porrentruy		1907	175	telefonbuch_083	PTT-Archiv, P-260-1_Basel_1907	Basel
Erhardt	Albert	restaurant du mouton	Rue du Juventuti	Porrentruy		1907	175	telefonbuch_083	PTT-Archiv, P-260-1_Basel_1907	Basel
Etienne	Vve.	(Hôtel cheval blanc)	Rue centrale	Porrentruy		1907	175	telefonbuch_083	PTT-Archiv, P-260-1_Basel_1907	Basel
Fattet	Jos.	Bureau	Rue de la poste	Porrentruy		1907	175	telefonbuch_083	PTT-Archiv, P-260-1_Basel_1907	Basel
Favey-Jeanneret		camionnage	Rue de Belfort	Porrentruy		1907	175	telefonbuch_083	PTT-Archiv, P-260-1_Basel_1907	Basel
Favrot	C.	buffet de la gare	Place de la gare	Porrentruy		1907	175	telefonbuch_083	PTT-Archiv, P-260-1_Basel_1907	Basel
Fleury & Rossé		négociants	Place du poids publique	Porrentruy		1907	175	telefonbuch_083	PTT-Archiv, P-260-1_Basel_1907	Basel
Frank	Joseph	à la confiance	Rue de la préfecture	Porrentruy		1907	175	telefonbuch_083	PTT-Archiv, P-260-1_Basel_1907	Basel
Frei	W.	vins (succ. Frei & Wyttenbach)	Faubourg de France	Porrentruy		1907	175	telefonbuch_083	PTT-Archiv, P-260-1_Basel_1907	Basel
Fridelance	J.	aubergiste et tailleur	Faubourg St. Germain	Porrentruy		1907	175	telefonbuch_083	PTT-Archiv, P-260-1_Basel_1907	Basel
Fridez	Veuve	"„Hôtel Suisse"""	Rue de la préfecture	Porrentruy		1907	175	telefonbuch_083	PTT-Archiv, P-260-1_Basel_1907	Basel
Gaignat	Jules	fabr. de vinaigres et essences	Rue du gravier	Porrentruy		1907	175	telefonbuch_083	PTT-Archiv, P-260-1_Basel_1907	Basel
Gendarmerie cantonale			Rue du marché	Porrentruy		1907	175	telefonbuch_083	PTT-Archiv, P-260-1_Basel_1907	Basel
Gigon	L.	pharmacie	Rue du marché	Porrentruy		1907	176	telefonbuch_085	PTT-Archiv, P-260-1_Basel_1907	Basel
Gindrat	Victor	négociant	Cour aux moines	Porrentruy		1907	176	telefonbuch_085	PTT-Archiv, P-260-1_Basel_1907	Basel
Glanzmann	Joseph	boucher	Rue centrale	Porrentruy		1907	176	telefonbuch_085	PTT-Archiv, P-260-1_Basel_1907	Basel
Gogniat	Simon	gérant	Place de la gare	Porrentruy		1907	176	telefonbuch_085	PTT-Archiv, P-260-1_Basel_1907	Basel
Grenouillet	Léon	march. de vin	Rue de Courtedoux	Porrentruy		1907	176	telefonbuch_085	PTT-Archiv, P-260-1_Basel_1907	Basel
Grimler	Paul	boucher	Rue du marché	Porrentruy		1907	176	telefonbuch_085	PTT-Archiv, P-260-1_Basel_1907	Basel
Guenin	P.	médecin-dentiste	Avenue Cuenin	Porrentruy		1907	176	telefonbuch_085	PTT-Archiv, P-260-1_Basel_1907	Basel
Guillerey	J.	Dr., vétérinaire	Rue neuve	Porrentruy		1907	176	telefonbuch_085	PTT-Archiv, P-260-1_Basel_1907	Basel
Haasenstein & Vogler		agence	Rue du marché	Porrentruy		1907	176	telefonbuch_085	PTT-Archiv, P-260-1_Basel_1907	Basel
Hôpital civil du district			Grande rue	Porrentruy		1907	176	telefonbuch_085	PTT-Archiv, P-260-1_Basel_1907	Basel
Hôtel cheval blanc		(Vve. Etienne)	Rue centrale	Porrentruy		1907	176	telefonbuch_085	PTT-Archiv, P-260-1_Basel_1907	Basel
Hôtel Gare		(Meyer-Kieser)	Place de la gare	Porrentruy		1907	176	telefonbuch_085	PTT-Archiv, P-260-1_Basel_1907	Basel
Hôtel International		(Meyer frères)	Allée des soupirs	Porrentruy		1907	176	telefonbuch_085	PTT-Archiv, P-260-1_Basel_1907	Basel
Hôtel du Jura		(François Voirol)	Rue centrale	Porrentruy		1907	176	telefonbuch_085	PTT-Archiv, P-260-1_Basel_1907	Basel
Hôtel Suisse		(Vve. Jos. Fridez)	Rue de la préfecture	Porrentruy		1907	176	telefonbuch_085	PTT-Archiv, P-260-1_Basel_1907	Basel
Houlmann	Ed.	Dr. méd.	Rue du temple	Porrentruy		1907	176	telefonbuch_085	PTT-Archiv, P-260-1_Basel_1907	Basel
Huber	Albert	voiturier	Rue du gravier	Porrentruy		1907	176	telefonbuch_085	PTT-Archiv, P-260-1_Basel_1907	Basel
Hublard	A.	Café	Faubourg de Cœuve	Porrentruy		1907	176	telefonbuch_085	PTT-Archiv, P-260-1_Basel_1907	Basel
Hublard & Co.		manufacture de chaussures	Allée des soupirs	Porrentruy		1907	176	telefonbuch_085	PTT-Archiv, P-260-1_Basel_1907	Basel
Hubleur		pharmacie	Rue centrale	Porrentruy		1907	176	telefonbuch_085	PTT-Archiv, P-260-1_Basel_1907	Basel
Hüsser	Jean	photographe	Avenue de la gare	Porrentruy		1907	176	telefonbuch_085	PTT-Archiv, P-260-1_Basel_1907	Basel
Imprimerie Türberg		succ. Paul Suter-Racine	Rue du marché	Porrentruy		1907	176	telefonbuch_085	PTT-Archiv, P-260-1_Basel_1907	Basel
Jobin	Paul	fabrique d'horlogerie	Rue de Courgenay	Porrentruy		1907	176	telefonbuch_085	PTT-Archiv, P-260-1_Basel_1907	Basel
Joly	Victor	vins	Rue de Courgenay	Porrentruy		1907	176	telefonbuch_085	PTT-Archiv, P-260-1_Basel_1907	Basel
Juillard	Emile	fabr. d'horlogerie	Rue des tilleuls	Porrentruy		1907	176	telefonbuch_085	PTT-Archiv, P-260-1_Basel_1907	Basel
Kenel	Wilh	fabt. d'horlogerie	Avenue de la gare	Porrentruy		1907	176	telefonbuch_085	PTT-Archiv, P-260-1_Basel_1907	Basel
Kohler	X.	notaire	Rue du Juventuti	Porrentruy		1907	176	telefonbuch_085	PTT-Archiv, P-260-1_Basel_1907	Basel
Kramer	J.	pharmacien	Rue du marché	Porrentruy		1907	176	telefonbuch_085	PTT-Archiv, P-260-1_Basel_1907	Basel
Lachat	Felix	commerce de beurre et fromage	Rue du marché	Porrentruy		1907	176	telefonbuch_085	PTT-Archiv, P-260-1_Basel_1907	Basel
Lang	Louis	fabricant d'horlogerie	Rue neuve	Porrentruy		1907	176	telefonbuch_085	PTT-Archiv, P-260-1_Basel_1907	Basel
L'Homme	Ch.	Mme. Vve.	Rue centrale	Porrentruy		1907	176	telefonbuch_085	PTT-Archiv, P-260-1_Basel_1907	Basel
L'Hoste	X.	camionneur et voiturier	Rue du gravier	Porrentruy		1907	176	telefonbuch_085	PTT-Archiv, P-260-1_Basel_1907	Basel
„Lion“		manufacture d'horlogerie (Albert Kenel & Co.)	Rue de Belfort	Porrentruy		1907	176	telefonbuch_085	PTT-Archiv, P-260-1_Basel_1907	Basel
Maillat	Jos.	maire	Rue de la préfecture	Porrentruy		1907	176	telefonbuch_085	PTT-Archiv, P-260-1_Basel_1907	Basel
Mandelert		Dr. med.	Faubourg de France	Porrentruy		1907	176	telefonbuch_085	PTT-Archiv, P-260-1_Basel_1907	Basel
Marquis	B.	Imprimerie	Rue du marché	Porrentruy		1907	176	telefonbuch_085	PTT-Archiv, P-260-1_Basel_1907	Basel
Membrez	Jos.	Café des deux clefs	Rue de la poste	Porrentruy		1907	176	telefonbuch_085	PTT-Archiv, P-260-1_Basel_1907	Basel
Meyer frères		Hôtel International	Allée des soupirs	Porrentruy		1907	176	telefonbuch_085	PTT-Archiv, P-260-1_Basel_1907	Basel
Meyer-Kieser		Hôtel Gare	Place de la gare	Porrentruy		1907	176	telefonbuch_085	PTT-Archiv, P-260-1_Basel_1907	Basel
Milliet	S.	représentant	Avenue Cuenin	Porrentruy		1907	176	telefonbuch_085	PTT-Archiv, P-260-1_Basel_1907	Basel
Monnin, Rebetez & Cie.		fabr. d'horlogerie	Avenue Cuenin	Porrentruy		1907	176	telefonbuch_085	PTT-Archiv, P-260-1_Basel_1907	Basel
Mouche	J.	notaire	Rue de Belfort	Porrentruy		1907	176	telefonbuch_085	PTT-Archiv, P-260-1_Basel_1907	Basel
Municipalité		Secrétariat municipal	Hôtel de ville	Porrentruy		1907	176	telefonbuch_085	PTT-Archiv, P-260-1_Basel_1907	Basel
Nicolet		Dr. med.	Rue de la poste	Porrentruy		1907	176	telefonbuch_085	PTT-Archiv, P-260-1_Basel_1907	Basel
Orphelinat du district			Château	Porrentruy		1907	176	telefonbuch_085	PTT-Archiv, P-260-1_Basel_1907	Basel
Oser	Emile	boucher	Rue de l'église	Porrentruy		1907	176	telefonbuch_085	PTT-Archiv, P-260-1_Basel_1907	Basel
Parietti		frères, entrepreneurs	Rue de Belfort	Porrentruy		1907	176	telefonbuch_085	PTT-Archiv, P-260-1_Basel_1907	Basel
Peronne	Albert	chaussures	Rue du marché	Porrentruy		1907	176	telefonbuch_085	PTT-Archiv, P-260-1_Basel_1907	Basel
Perrot	Gustave	Café du raisin	Place du collège	Porrentruy		1907	177	telefonbuch_086	PTT-Archiv, P-260-1_Basel_1907	Basel
Perucchi	François	architecte	Avenue Cuenin	Porrentruy		1907	177	telefonbuch_086	PTT-Archiv, P-260-1_Basel_1907	Basel
Petignat-Voillat	G.	boucherie	Faubourg de Cœuvre	Porrentruy		1907	177	telefonbuch_086	PTT-Archiv, P-260-1_Basel_1907	Basel
Philipp-Baumgartner		scierie à vapeur	Avenue de Lorette	Porrentruy		1907	177	telefonbuch_086	PTT-Archiv, P-260-1_Basel_1907	Basel
Pinaton	Ernest	boucher	Rue du Juventuti	Porrentruy		1907	177	telefonbuch_086	PTT-Archiv, P-260-1_Basel_1907	Basel
Police locale			Hôtel de ville	Porrentruy		1907	177	telefonbuch_086	PTT-Archiv, P-260-1_Basel_1907	Basel
Postes		ville	Rue de la poste	Porrentruy		1907	177	telefonbuch_086	PTT-Archiv, P-260-1_Basel_1907	Basel
Postes		transit	Place de la gare	Porrentruy		1907	177	telefonbuch_086	PTT-Archiv, P-260-1_Basel_1907	Basel
Poulet	Louis	& Cie.	Rue neuve	Porrentruy		1907	177	telefonbuch_086	PTT-Archiv, P-260-1_Basel_1907	Basel
Préfecture du district			Rue de la préfecture	Porrentruy		1907	177	telefonbuch_086	PTT-Archiv, P-260-1_Basel_1907	Basel
Riat & Hintzy		fabricants d'horlogerie	Rue des planchettes	Porrentruy		1907	177	telefonbuch_086	PTT-Archiv, P-260-1_Basel_1907	Basel
Riba	C.	vins	Rue de Fontenais	Porrentruy		1907	177	telefonbuch_086	PTT-Archiv, P-260-1_Basel_1907	Basel
Riche	Nicolas	meunier	Pont d'Able	Porrentruy		1907	177	telefonbuch_086	PTT-Archiv, P-260-1_Basel_1907	Basel
Robert	J.	fondeur de cloches	Avenue de Lorette	Porrentruy		1907	177	telefonbuch_086	PTT-Archiv, P-260-1_Basel_1907	Basel
Salomon	Benj.	mercerie et tissus	Rue de l'église	Porrentruy		1907	177	telefonbuch_086	PTT-Archiv, P-260-1_Basel_1907	Basel
Schaltenbrand	A.	négociant	Tuilerie	Porrentruy		1907	177	telefonbuch_086	PTT-Archiv, P-260-1_Basel_1907	Basel
Schlachter	Jos.	restaurant	Avenue de la gare	Porrentruy		1907	177	telefonbuch_086	PTT-Archiv, P-260-1_Basel_1907	Basel
Schmid	Otto	avocat, réd. „Le Peuple“	Rue de Courtedoux	Porrentruy		1907	177	telefonbuch_086	PTT-Archiv, P-260-1_Basel_1907	Basel
Schmoll	Léopold	Commerce de chevaux	Rue de Courtedoux	Porrentruy		1907	177	telefonbuch_086	PTT-Archiv, P-260-1_Basel_1907	Basel
Schwob	Lucien	grands Magasins	Rue du marché	Porrentruy		1907	177	telefonbuch_086	PTT-Archiv, P-260-1_Basel_1907	Basel
Simon, Burger & Gressot		fabrique d'horlogerie	Avenue de la gare	Porrentruy		1907	177	telefonbuch_086	PTT-Archiv, P-260-1_Basel_1907	Basel
Société anonyme des forces motrices du Doubs			Rue de la poste	Porrentruy		1907	177	telefonbuch_086	PTT-Archiv, P-260-1_Basel_1907	Basel
Société horlogère			Chemin de la fabrique	Porrentruy		1907	177	telefonbuch_086	PTT-Archiv, P-260-1_Basel_1907	Basel
Société des œuvres catholiques			aux tilleuls	Porrentruy		1907	177	telefonbuch_086	PTT-Archiv, P-260-1_Basel_1907	Basel
Société de tir de Campagne				Porrentruy		1907	177	telefonbuch_086	PTT-Archiv, P-260-1_Basel_1907	Basel
Société typographique			Faubourg de France	Porrentruy		1907	177	telefonbuch_086	PTT-Archiv, P-260-1_Basel_1907	Basel
Sommer	J.	commerce de fromage et de beurre	Grande rue	Porrentruy		1907	177	telefonbuch_086	PTT-Archiv, P-260-1_Basel_1907	Basel
Sommer	Jean	fruiterie	Avenue de Lorette	Porrentruy		1907	177	telefonbuch_086	PTT-Archiv, P-260-1_Basel_1907	Basel
Theurillat & Cie.		fabricants d'horlogerie	La Rasse	Porrentruy		1907	177	telefonbuch_086	PTT-Archiv, P-260-1_Basel_1907	Basel
Theurillat	Jules	fabricant d'horlogerie	Rue de Courtedoux	Porrentruy		1907	177	telefonbuch_086	PTT-Archiv, P-260-1_Basel_1907	Basel
Tschirhart	Bernard	négt. vins	Avenue de la gare	Porrentruy		1907	177	telefonbuch_086	PTT-Archiv, P-260-1_Basel_1907	Basel
Usines à gaz			Rue des abattoirs	Porrentruy		1907	177	telefonbuch_086	PTT-Archiv, P-260-1_Basel_1907	Basel
Vallat	Maurice	architecte	Faubourg St-Germain	Porrentruy		1907	177	telefonbuch_086	PTT-Archiv, P-260-1_Basel_1907	Basel
Vallet	Léon	vins	Rue de la poste	Porrentruy		1907	177	telefonbuch_086	PTT-Archiv, P-260-1_Basel_1907	Basel
Varrin-Comment		fabrique d'horlogerie	Avenue Cuenin	Porrentruy		1907	177	telefonbuch_086	PTT-Archiv, P-260-1_Basel_1907	Basel
Vermot	G. P.		Carrière l'oiselier	Porrentruy		1907	177	telefonbuch_086	PTT-Archiv, P-260-1_Basel_1907	Basel
Viatte	G.	Dr. méd.	Avenue Cuenin	Porrentruy		1907	177	telefonbuch_086	PTT-Archiv, P-260-1_Basel_1907	Basel
Voirol	François	Hôtel du Jura	Rue centrale	Porrentruy		1907	177	telefonbuch_086	PTT-Archiv, P-260-1_Basel_1907	Basel
Von Dach	E.	négociant	Faubourg de France	Porrentruy		1907	177	telefonbuch_086	PTT-Archiv, P-260-1_Basel_1907	Basel
Weill-Hagenauer		ameublements	Grande rue	Porrentruy		1907	177	telefonbuch_086	PTT-Archiv, P-260-1_Basel_1907	Basel
Wilhem	A.	Dr. méd.	Grande rue	Porrentruy		1907	177	telefonbuch_086	PTT-Archiv, P-260-1_Basel_1907	Basel
Station publique communale	Lucien	Barthe, aubergiste		Réclère		1907	177	telefonbuch_086	PTT-Archiv, P-260-1_Basel_1907	Basel
Station publique communale	François	Jubin		Rocourt		1907	177	telefonbuch_086	PTT-Archiv, P-260-1_Basel_1907	Basel
Station communale		(v. page 173)		Vendlincourt		1907	177	telefonbuch_086	PTT-Archiv, P-260-1_Basel_1907	Basel
Station publique communale	J.	Créchard		Villars-sur-Fontenais		1907	177	telefonbuch_086	PTT-Archiv, P-260-1_Basel_1907	Basel
Thommen-Itin	A.	Arboldswil, Gemeindestation		Arboldswil		1907	178	telefonbuch_087	PTT-Archiv, P-260-1_Basel_1907	Basel
Dettwiler	Jakob	Lauwil, Gemeindestation		Lauwil		1907	178	telefonbuch_087	PTT-Archiv, P-260-1_Basel_1907	Basel
Postablage		Titterten, Gemeindestation		Titterten		1907	178	telefonbuch_087	PTT-Archiv, P-260-1_Basel_1907	Basel
Althaus		Wirtschaft, Gemeindesprechstation		Bretzwil		1907	178	telefonbuch_087	PTT-Archiv, P-260-1_Basel_1907	Basel
Kellerhals-Obrecht	J. J.	Gasthaus zur Blume		Bretzwil		1907	178	telefonbuch_087	PTT-Archiv, P-260-1_Basel_1907	Basel
Erzer	R.	Arzt		Reigoldswil		1907	178	telefonbuch_087	PTT-Archiv, P-260-1_Basel_1907	Basel
Gysin-Schneider	Ad.	Bäckerei und Handlung		Reigoldswil		1907	178	telefonbuch_087	PTT-Archiv, P-260-1_Basel_1907	Basel
Hartmann		Gebrüder, Eichen		Reigoldswil		1907	178	telefonbuch_087	PTT-Archiv, P-260-1_Basel_1907	Basel
Jundt-Roth	E.	Bäckerei und Wirtschaft		Reigoldswil		1907	178	telefonbuch_087	PTT-Archiv, P-260-1_Basel_1907	Basel
Plattner	Ferd.	Gasthaus zur „Sonne“		Reigoldswil		1907	178	telefonbuch_087	PTT-Archiv, P-260-1_Basel_1907	Basel
Schneider	G.	Weinhandlung		Reigoldswil		1907	178	telefonbuch_087	PTT-Archiv, P-260-1_Basel_1907	Basel
Gasthaus zum Rössli		Ziefen, Gemeindesprechstation		Ziefen		1907	178	telefonbuch_087	PTT-Archiv, P-260-1_Basel_1907	Basel
Telegraphenbureau		Aufgaberaum		Rheinfelden		1907	179	telefonbuch_088	PTT-Archiv, P-260-1_Basel_1907	Basel
Reimann	Otto	Gemeindestation		Hellikon		1907	179	telefonbuch_088	PTT-Archiv, P-260-1_Basel_1907	Basel
Haumüller	G.	Gemeindestation, z. Rössli		Olsberg		1907	179	telefonbuch_088	PTT-Archiv, P-260-1_Basel_1907	Basel
Herzog	Alb.	Gemeindestation, z. Pinte		Wegenstetten		1907	179	telefonbuch_088	PTT-Archiv, P-260-1_Basel_1907	Basel
Speiser	Ed.	Gemeindestation, z. Adler		Zeiningen		1907	179	telefonbuch_088	PTT-Archiv, P-260-1_Basel_1907	Basel
Postbureau		Gemeindestation		Zuzgen		1907	179	telefonbuch_088	PTT-Archiv, P-260-1_Basel_1907	Basel
Rüsch	Gustav	Metzger und Wirt zur „Blume“		Magden		1907	179	telefonbuch_088	PTT-Archiv, P-260-1_Basel_1907	Basel
Baumann	Emil	Bäckermeister		Möhlin		1907	179	telefonbuch_088	PTT-Archiv, P-260-1_Basel_1907	Basel
Brenner	Oskar	Gasthaus zur Sonne		Möhlin		1907	179	telefonbuch_088	PTT-Archiv, P-260-1_Basel_1907	Basel
Gamper-Waldmeyer	A.	Architekt		Möhlin		1907	179	telefonbuch_088	PTT-Archiv, P-260-1_Basel_1907	Basel
Gemeindesprechstation	F. X. Delz	Coiffeur		Möhlin		1907	179	telefonbuch_088	PTT-Archiv, P-260-1_Basel_1907	Basel
Herzog-Hofbauer	J.	Dr. med., Arzt		Möhlin		1907	179	telefonbuch_088	PTT-Archiv, P-260-1_Basel_1907	Basel
Kaufmann	S.	Hôtel Adler		Möhlin		1907	179	telefonbuch_088	PTT-Archiv, P-260-1_Basel_1907	Basel
Soder-Baumann		Wwe., Bäckerei		Möhlin		1907	179	telefonbuch_088	PTT-Archiv, P-260-1_Basel_1907	Basel
Soolbad Sonnenberg		Pächter: E. Hollenweger		Möhlin		1907	179	telefonbuch_088	PTT-Archiv, P-260-1_Basel_1907	Basel
Spar- und Leihkasse Möhlin				Möhlin		1907	179	telefonbuch_088	PTT-Archiv, P-260-1_Basel_1907	Basel
Steingutfabrik Niederweiler, A.-G.		Filialfabrik		Möhlin		1907	179	telefonbuch_088	PTT-Archiv, P-260-1_Basel_1907	Basel
Surber		Geschwister, Hôtel Bahnhof		Möhlin		1907	179	telefonbuch_088	PTT-Archiv, P-260-1_Basel_1907	Basel
Welti	Adolf	Dr., Arzt		Möhlin		1907	179	telefonbuch_088	PTT-Archiv, P-260-1_Basel_1907	Basel
Aarg. Rettungsanstalt Pestalozzistiftung				Olsberg		1907	179	telefonbuch_088	PTT-Archiv, P-260-1_Basel_1907	Basel
Aktienbrauerei zum Feldschlösschen		Roniger, Direktor		Rheinfelden		1907	179	telefonbuch_088	PTT-Archiv, P-260-1_Basel_1907	Basel
Badarmenanstalt				Rheinfelden		1907	179	telefonbuch_088	PTT-Archiv, P-260-1_Basel_1907	Basel
Bahnhof-Restaurant zur Quelle				Rheinfelden		1907	179	telefonbuch_088	PTT-Archiv, P-260-1_Basel_1907	Basel
Bauer-Billet	A.	Metzger	Marktgasse 106	Rheinfelden		1907	179	telefonbuch_088	PTT-Archiv, P-260-1_Basel_1907	Basel
Bauer-Ciaudo	C.	Rheinlust		Rheinfelden		1907	180	telefonbuch_089	PTT-Archiv, P-260-1_Basel_1907	Basel
Bertrand & Cie.		mech. Wollspinnerei und Weberei		Rheinfelden		1907	180	telefonbuch_089	PTT-Archiv, P-260-1_Basel_1907	Basel
Bezirksamt Rheinfelden		Amthaus		Rheinfelden		1907	180	telefonbuch_089	PTT-Archiv, P-260-1_Basel_1907	Basel
Bollag	Leopold	zur Rheinfelder Warenhalle		Rheinfelden		1907	180	telefonbuch_089	PTT-Archiv, P-260-1_Basel_1907	Basel
Bossart-Geigy	F.	Dr. med., Bezirksarzt		Rheinfelden		1907	180	telefonbuch_089	PTT-Archiv, P-260-1_Basel_1907	Basel
Dietschy	J. V.	Hôtel zur Krone		Rheinfelden		1907	180	telefonbuch_089	PTT-Archiv, P-260-1_Basel_1907	Basel
Dietschy	J. V.	Hôtel des salines		Rheinfelden		1907	180	telefonbuch_089	PTT-Archiv, P-260-1_Basel_1907	Basel
Dietschy	J. V.	Villa du parc		Rheinfelden		1907	180	telefonbuch_089	PTT-Archiv, P-260-1_Basel_1907	Basel
Doge	Louis		Olsbergerstrasse 684	Rheinfelden		1907	180	telefonbuch_089	PTT-Archiv, P-260-1_Basel_1907	Basel
Doge & Co.		Cigarrenfabrik	Kunzenthal 448	Rheinfelden		1907	180	telefonbuch_089	PTT-Archiv, P-260-1_Basel_1907	Basel
Doser	A.	Fürsprech und Notar		Rheinfelden		1907	180	telefonbuch_089	PTT-Archiv, P-260-1_Basel_1907	Basel
Ersparniskasse Rheinfelden			Marktgasse 38	Rheinfelden		1907	180	telefonbuch_089	PTT-Archiv, P-260-1_Basel_1907	Basel
Fassfabriken, Mech., A.-G.		Zürich und Rheinfelden		Rheinfelden		1907	180	telefonbuch_089	PTT-Archiv, P-260-1_Basel_1907	Basel
Feldschlösschen-Stadt		Restaurant	Marktgasse 23	Rheinfelden		1907	180	telefonbuch_089	PTT-Archiv, P-260-1_Basel_1907	Basel
Frey	Emil	Dr.		Rheinfelden		1907	180	telefonbuch_089	PTT-Archiv, P-260-1_Basel_1907	Basel
Fricker	E.		Marktgasse 17	Rheinfelden		1907	180	telefonbuch_089	PTT-Archiv, P-260-1_Basel_1907	Basel
Gaeng	Oskar	Dr., Fürsprech und Notar		Rheinfelden		1907	180	telefonbuch_089	PTT-Archiv, P-260-1_Basel_1907	Basel
Gas- und Wasserwerk, Städtisches		Gemeindekanzlei, Stadtkauzlei		Rheinfelden		1907	180	telefonbuch_089	PTT-Archiv, P-260-1_Basel_1907	Basel
Gemeindekanzlei (Stadtkanzlei)			Marktgasse 39	Rheinfelden		1907	180	telefonbuch_089	PTT-Archiv, P-260-1_Basel_1907	Basel
Gemeindesprechstation	Ernst Waldmeier	Kaufmann		Rheinfelden		1907	180	telefonbuch_089	PTT-Archiv, P-260-1_Basel_1907	Basel
Gersbach-Lenzi	G.	Tierarzt	Marktgasse 37	Rheinfelden		1907	180	telefonbuch_089	PTT-Archiv, P-260-1_Basel_1907	Basel
Grawehr-Trueb	K.	Dr. med.	Kirchplatz 185	Rheinfelden		1907	180	telefonbuch_089	PTT-Archiv, P-260-1_Basel_1907	Basel
Habich-Dietschy	C.		Marktgasse 43	Rheinfelden		1907	180	telefonbuch_089	PTT-Archiv, P-260-1_Basel_1907	Basel
Haemel	Franz	Direktor	auf Robersten	Rheinfelden		1907	180	telefonbuch_089	PTT-Archiv, P-260-1_Basel_1907	Basel
Hauri	Ad.	Metzger	Oberthorplatz 287	Rheinfelden		1907	180	telefonbuch_089	PTT-Archiv, P-260-1_Basel_1907	Basel
Hausammann	Georg	Hôtel Schiff		Rheinfelden		1907	180	telefonbuch_089	PTT-Archiv, P-260-1_Basel_1907	Basel
Herzog	U.	Buchdruckerei der „Volksstimme“	Gaisgasse 279	Rheinfelden		1907	180	telefonbuch_089	PTT-Archiv, P-260-1_Basel_1907	Basel
Hess	J.	Baumeister	Zürcherstrasse 431	Rheinfelden		1907	180	telefonbuch_089	PTT-Archiv, P-260-1_Basel_1907	Basel
Hôtel Bahnhof				Rheinfelden		1907	180	telefonbuch_089	PTT-Archiv, P-260-1_Basel_1907	Basel
Hôtel 3 Könige	Ernst Schaaf			Rheinfelden		1907	180	telefonbuch_089	PTT-Archiv, P-260-1_Basel_1907	Basel
Hôtel Engel	H. Oertli-Meier			Rheinfelden		1907	180	telefonbuch_089	PTT-Archiv, P-260-1_Basel_1907	Basel
Hôtel Krone	J. V. Dietschy			Rheinfelden		1907	180	telefonbuch_089	PTT-Archiv, P-260-1_Basel_1907	Basel
Hôtel Ochsen	W. Reichert			Rheinfelden		1907	180	telefonbuch_089	PTT-Archiv, P-260-1_Basel_1907	Basel
Hôtel des salines	J. V. Dietschy			Rheinfelden		1907	180	telefonbuch_089	PTT-Archiv, P-260-1_Basel_1907	Basel
Hôtel Schiff	Georg Hausammann			Rheinfelden		1907	180	telefonbuch_089	PTT-Archiv, P-260-1_Basel_1907	Basel
Hôtel Schützen	Fr. Kottmann			Rheinfelden		1907	180	telefonbuch_089	PTT-Archiv, P-260-1_Basel_1907	Basel
Keller	H.	Dr.		Rheinfelden		1907	180	telefonbuch_089	PTT-Archiv, P-260-1_Basel_1907	Basel
Kottmann	Fr.	Hôtel zum „Schützen“		Rheinfelden		1907	180	telefonbuch_089	PTT-Archiv, P-260-1_Basel_1907	Basel
Kraftübertragungswerke Rheinfelden				Rheinfelden		1907	180	telefonbuch_089	PTT-Archiv, P-260-1_Basel_1907	Basel
Kraftübertragungswerke Rheinfelden		Bureau des Leitungsingenieurs	Theodorshof	Rheinfelden		1907	180	telefonbuch_089	PTT-Archiv, P-260-1_Basel_1907	Basel
Kraftübertragungswerke Rheinfelden		Unter-Centrale bei der Rheinlust		Rheinfelden		1907	180	telefonbuch_089	PTT-Archiv, P-260-1_Basel_1907	Basel
Liewen	M.	Tabakfabrik		Rheinfelden		1907	180	telefonbuch_089	PTT-Archiv, P-260-1_Basel_1907	Basel
London Union		Vertreter A. Schmid		Rheinfelden		1907	180	telefonbuch_089	PTT-Archiv, P-260-1_Basel_1907	Basel
Meppiel & Teuber		zur Blume	Marktgasse 113	Rheinfelden		1907	180	telefonbuch_089	PTT-Archiv, P-260-1_Basel_1907	Basel
Oertli-Meyer	Heinrich	Hôtel Engel		Rheinfelden		1907	180	telefonbuch_089	PTT-Archiv, P-260-1_Basel_1907	Basel
Postbureau				Rheinfelden		1907	180	telefonbuch_089	PTT-Archiv, P-260-1_Basel_1907	Basel
Reichert	Wilh.	Gasthaus zum Ochsen		Rheinfelden		1907	180	telefonbuch_089	PTT-Archiv, P-260-1_Basel_1907	Basel
Roniger-Blatt	Th.	Bel Air		Rheinfelden		1907	180	telefonbuch_089	PTT-Archiv, P-260-1_Basel_1907	Basel
Rüsch	Adolf	Metzger	Marktgasse 94	Rheinfelden		1907	181	telefonbuch_090	PTT-Archiv, P-260-1_Basel_1907	Basel
Salmenbräu Rheinfelden		A.-G., Bureau Kloos		Rheinfelden		1907	181	telefonbuch_090	PTT-Archiv, P-260-1_Basel_1907	Basel
Derselbe		Wirtschaft zum Salmen		Rheinfelden		1907	181	telefonbuch_090	PTT-Archiv, P-260-1_Basel_1907	Basel
Schaaf	Ernst	Hotel 3 Könige		Rheinfelden		1907	181	telefonbuch_090	PTT-Archiv, P-260-1_Basel_1907	Basel
Schmid	Alfred	Versicherungs-Inspektor		Rheinfelden		1907	181	telefonbuch_090	PTT-Archiv, P-260-1_Basel_1907	Basel
Schneider-Obrist	O.	Metzger	Gaisgasse 277	Rheinfelden		1907	181	telefonbuch_090	PTT-Archiv, P-260-1_Basel_1907	Basel
Schweizerische Rheinsalinen		Saline Ryburg		Rheinfelden		1907	181	telefonbuch_090	PTT-Archiv, P-260-1_Basel_1907	Basel
Sibold	Joh.	Metzger	Marktgasse 21	Rheinfelden		1907	181	telefonbuch_090	PTT-Archiv, P-260-1_Basel_1907	Basel
Soder-Elgg	B.	mech. Werkstätte		Rheinfelden		1907	181	telefonbuch_090	PTT-Archiv, P-260-1_Basel_1907	Basel
Sprenger	Bernhard	zur Schwibbogenmühle	Marktgasse 118	Rheinfelden		1907	181	telefonbuch_090	PTT-Archiv, P-260-1_Basel_1907	Basel
Sprenger	Jos.	Konditor	Marktgasse 100	Rheinfelden		1907	181	telefonbuch_090	PTT-Archiv, P-260-1_Basel_1907	Basel
Stadtkanzlei		(Gemeindekanzlei)	Marktgasse 39	Rheinfelden		1907	181	telefonbuch_090	PTT-Archiv, P-260-1_Basel_1907	Basel
Vogel	Karl		Zürcherstrasse 425	Rheinfelden		1907	181	telefonbuch_090	PTT-Archiv, P-260-1_Basel_1907	Basel
Völlmy	Hans	Rohrmöbelfabrik	Bahnhofquartier 545	Rheinfelden		1907	181	telefonbuch_090	PTT-Archiv, P-260-1_Basel_1907	Basel
Wäckerlin	Fr.	Tierarzt	Kaiserstrasse 497	Rheinfelden		1907	181	telefonbuch_090	PTT-Archiv, P-260-1_Basel_1907	Basel
Wuhrmann & Moff		Cigarrenfabrik	Kaiserstrasse	Rheinfelden		1907	181	telefonbuch_090	PTT-Archiv, P-260-1_Basel_1907	Basel
Wüthrich-Jenny	M.		Hohle Gasse 389	Rheinfelden		1907	181	telefonbuch_090	PTT-Archiv, P-260-1_Basel_1907	Basel
Zollikofer'sche Apotheke			Marktgasse 40	Rheinfelden		1907	181	telefonbuch_090	PTT-Archiv, P-260-1_Basel_1907	Basel
Ackermann	E.	Soolbad, Schiff		Ryburg		1907	181	telefonbuch_090	PTT-Archiv, P-260-1_Basel_1907	Basel
Metzger	Franz	Wirt und Handlung		Ryburg		1907	181	telefonbuch_090	PTT-Archiv, P-260-1_Basel_1907	Basel
Schweizerische Rheinsalinen		Saline Ryburg		Ryburg		1907	181	telefonbuch_090	PTT-Archiv, P-260-1_Basel_1907	Basel
Steingutfabrik Niederweiler		A.-G.		Ryburg		1907	181	telefonbuch_090	PTT-Archiv, P-260-1_Basel_1907	Basel
Jeanneret	F.			Epauvillers		1907	181	telefonbuch_090	PTT-Archiv, P-260-1_Basel_1907	Basel
Bureau des postes				Ocourt		1907	181	telefonbuch_090	PTT-Archiv, P-260-1_Basel_1907	Basel
Société anonyme des forces motrices du Doubs				Bellefontaine		1907	182	telefonbuch_091	PTT-Archiv, P-260-1_Basel_1907	Basel
Station communale		(v. page 181)		Epauvillers		1907	182	telefonbuch_091	PTT-Archiv, P-260-1_Basel_1907	Basel
Station publique communale		Berdat, aubergiste		Epiquerez, les		1907	182	telefonbuch_091	PTT-Archiv, P-260-1_Basel_1907	Basel
Station publique communale		Bureau des postes		Essertfallon		1907	182	telefonbuch_091	PTT-Archiv, P-260-1_Basel_1907	Basel
Station publique communale		Bureau des postes		Montenol		1907	182	telefonbuch_091	PTT-Archiv, P-260-1_Basel_1907	Basel
Girardin	Albert	maire		Montmelon-dessous		1907	182	telefonbuch_091	PTT-Archiv, P-260-1_Basel_1907	Basel
Station publique communale		Bureau des postes		La Motte		1907	182	telefonbuch_091	PTT-Archiv, P-260-1_Basel_1907	Basel
Choulat	Léon	moulin du Doubs		Ocourt		1907	182	telefonbuch_091	PTT-Archiv, P-260-1_Basel_1907	Basel
Station communale		(v. page 181)		Ocourt		1907	182	telefonbuch_091	PTT-Archiv, P-260-1_Basel_1907	Basel
Station publique communale		Noirjean, Ch.		Le Péca		1907	182	telefonbuch_091	PTT-Archiv, P-260-1_Basel_1907	Basel
Asile des vieillards				St. Ursanne		1907	182	telefonbuch_091	PTT-Archiv, P-260-1_Basel_1907	Basel
Ammann	Léon	Hôtel demi lune		St. Ursanne		1907	182	telefonbuch_091	PTT-Archiv, P-260-1_Basel_1907	Basel
Bouvier	Vve. Th.	Hôtel des deux clefs		St. Ursanne		1907	182	telefonbuch_091	PTT-Archiv, P-260-1_Basel_1907	Basel
Brunod	Gaspard	entrepreneur		St. Ursanne		1907	182	telefonbuch_091	PTT-Archiv, P-260-1_Basel_1907	Basel
Chef de gare				St. Ursanne		1907	182	telefonbuch_091	PTT-Archiv, P-260-1_Basel_1907	Basel
Electrodor		usine hydraulique, Moulin Grillon		St. Ursanne		1907	182	telefonbuch_091	PTT-Archiv, P-260-1_Basel_1907	Basel
Fattet	Jules			St. Ursanne		1907	182	telefonbuch_091	PTT-Archiv, P-260-1_Basel_1907	Basel
Gassmann	J.	& Cie., fonderie		St. Ursanne		1907	182	telefonbuch_091	PTT-Archiv, P-260-1_Basel_1907	Basel
Greppin	Joseph	fruitier		St. Ursanne		1907	182	telefonbuch_091	PTT-Archiv, P-260-1_Basel_1907	Basel
Guelat-Feune	Joseph	négociant		St. Ursanne		1907	182	telefonbuch_091	PTT-Archiv, P-260-1_Basel_1907	Basel
Hubler	Albert	maire		St. Ursanne		1907	182	telefonbuch_091	PTT-Archiv, P-260-1_Basel_1907	Basel
Maillard-Bouvier	C.	négociant		St. Ursanne		1907	182	telefonbuch_091	PTT-Archiv, P-260-1_Basel_1907	Basel
Maitre-Humbert		négociant en vins		St. Ursanne		1907	182	telefonbuch_091	PTT-Archiv, P-260-1_Basel_1907	Basel
Marchand-Bouvier	A.	Hôtel du bœuf		St. Ursanne		1907	182	telefonbuch_091	PTT-Archiv, P-260-1_Basel_1907	Basel
Piquerez	Thekla	fabrique de boîtes		St. Ursanne		1907	182	telefonbuch_091	PTT-Archiv, P-260-1_Basel_1907	Basel
Vauclair	Vve.	& fils		St. Ursanne		1907	182	telefonbuch_091	PTT-Archiv, P-260-1_Basel_1907	Basel
Station publique communale		bureau des postes		Seleute		1907	182	telefonbuch_091	PTT-Archiv, P-260-1_Basel_1907	Basel
Postbureau		Gemeindestation		Diegten		1907	183	telefonbuch_092	PTT-Archiv, P-260-1_Basel_1907	Basel
Martin	Hermann	Wirt, Gemeindestation		Diepflingen		1907	183	telefonbuch_092	PTT-Archiv, P-260-1_Basel_1907	Basel
Buchenhorner	Edmund	Gemeindestation		Eptingen		1907	183	telefonbuch_092	PTT-Archiv, P-260-1_Basel_1907	Basel
Mundwiler	Helena	Frau, Gemeindestation		Tenniken		1907	183	telefonbuch_092	PTT-Archiv, P-260-1_Basel_1907	Basel
Muster	Jakob	zum Rössli, Gemeindestation		Wintersingen		1907	183	telefonbuch_092	PTT-Archiv, P-260-1_Basel_1907	Basel
Postbureau		Gemeindestation		Zunzgen		1907	183	telefonbuch_092	PTT-Archiv, P-260-1_Basel_1907	Basel
Meier	Fritz	Handlung		Itingen		1907	183	telefonbuch_092	PTT-Archiv, P-260-1_Basel_1907	Basel
Sutter	J.	Sägerei und Holzhandlung		Itingen		1907	183	telefonbuch_092	PTT-Archiv, P-260-1_Basel_1907	Basel
Bezirksschreiberei				Sissach		1907	183	telefonbuch_092	PTT-Archiv, P-260-1_Basel_1907	Basel
Bieder-Gerster	J.	zum Löwen		Sissach		1907	183	telefonbuch_092	PTT-Archiv, P-260-1_Basel_1907	Basel
Bohny	Ferd.	Baumeister		Sissach		1907	183	telefonbuch_092	PTT-Archiv, P-260-1_Basel_1907	Basel
Bollag	Wilh.	Manufakturwaren-Geschäft		Sissach		1907	183	telefonbuch_092	PTT-Archiv, P-260-1_Basel_1907	Basel
Buess	E.	Weinhandlung		Sissach		1907	183	telefonbuch_092	PTT-Archiv, P-260-1_Basel_1907	Basel
Buess	Hans	Metzger		Sissach		1907	183	telefonbuch_092	PTT-Archiv, P-260-1_Basel_1907	Basel
Dettwyler-Brüderlin	J.	Velofabrik		Sissach		1907	183	telefonbuch_092	PTT-Archiv, P-260-1_Basel_1907	Basel
Dietschy, Heusler & Co.		untere Fabrik		Sissach		1907	183	telefonbuch_092	PTT-Archiv, P-260-1_Basel_1907	Basel
Egger	Samuel	Tierarzt		Sissach		1907	183	telefonbuch_092	PTT-Archiv, P-260-1_Basel_1907	Basel
Eisen- und Stahlwarenfabrik A.-G.		vorm. Gebr. Oberer		Sissach		1907	183	telefonbuch_092	PTT-Archiv, P-260-1_Basel_1907	Basel
Furler	Gustav	Hôtel Bahnhof		Sissach		1907	183	telefonbuch_092	PTT-Archiv, P-260-1_Basel_1907	Basel
Gemeindekanzlei				Sissach		1907	183	telefonbuch_092	PTT-Archiv, P-260-1_Basel_1907	Basel
Güterexpedition		Bahnhof		Sissach		1907	183	telefonbuch_092	PTT-Archiv, P-260-1_Basel_1907	Basel
Häfelfinger	Rob.	Steinhauer		Sissach		1907	183	telefonbuch_092	PTT-Archiv, P-260-1_Basel_1907	Basel
Handschin-Eglin	E.			Sissach		1907	183	telefonbuch_092	PTT-Archiv, P-260-1_Basel_1907	Basel
Horand, Gebrüder		zur Säge		Sissach		1907	183	telefonbuch_092	PTT-Archiv, P-260-1_Basel_1907	Basel
Hübner	A.	Schloss Ebenrain		Sissach		1907	183	telefonbuch_092	PTT-Archiv, P-260-1_Basel_1907	Basel
Jung	Joseph			Sissach		1907	183	telefonbuch_092	PTT-Archiv, P-260-1_Basel_1907	Basel
Koch-Binder	Fr.	Gasthof zum Bären		Sissach		1907	183	telefonbuch_092	PTT-Archiv, P-260-1_Basel_1907	Basel
Meier-Kunz	J.			Sissach		1907	183	telefonbuch_092	PTT-Archiv, P-260-1_Basel_1907	Basel
Postbureau				Sissach		1907	183	telefonbuch_092	PTT-Archiv, P-260-1_Basel_1907	Basel
Spar- und Leihkasse Sissach				Sissach		1907	183	telefonbuch_092	PTT-Archiv, P-260-1_Basel_1907	Basel
Statthalteramt				Sissach		1907	183	telefonbuch_092	PTT-Archiv, P-260-1_Basel_1907	Basel
Tobler	Th.	Dr. med.		Sissach		1907	183	telefonbuch_092	PTT-Archiv, P-260-1_Basel_1907	Basel
Tschudy's, Georg, Erben		Weinhandlung		Sissach		1907	183	telefonbuch_092	PTT-Archiv, P-260-1_Basel_1907	Basel
Vögelin-Rieder	E.	Futtermittelhandlung		Sissach		1907	183	telefonbuch_092	PTT-Archiv, P-260-1_Basel_1907	Basel
Buser	J.	zum „Rössli“		Thürnen		1907	184	telefonbuch_093	PTT-Archiv, P-260-1_Basel_1907	Basel
Gemeindestation		(s. Seite 183)		Wintersingen		1907	184	telefonbuch_093	PTT-Archiv, P-260-1_Basel_1907	Basel
Basler Eisenmöbelfabrik		(Theodor Breunlin & Cie.)		Zunzgen		1907	184	telefonbuch_093	PTT-Archiv, P-260-1_Basel_1907	Basel
Gemeindestation		(s. Seite 183)		Zunzgen		1907	184	telefonbuch_093	PTT-Archiv, P-260-1_Basel_1907	Basel
Thommen-Seifert	Herm.	zum Rössli		Zunzgen		1907	184	telefonbuch_093	PTT-Archiv, P-260-1_Basel_1907	Basel
Telegraphen- und Telephonbureau		I. Oeffentliche Sprechstation		Stein (Aargau)		1907	184	telefonbuch_093	PTT-Archiv, P-260-1_Basel_1907	Basel
Stocker	J. G.	zum Engel		Obermumpf		1907	184	telefonbuch_093	PTT-Archiv, P-260-1_Basel_1907	Basel
Jegge-Oertli	Jos. Ant.	Negt.		Sisseln		1907	184	telefonbuch_093	PTT-Archiv, P-260-1_Basel_1907	Basel
Wunderlin	Hch.	Pintenwirt		Wallbach b. Mumpf		1907	184	telefonbuch_093	PTT-Archiv, P-260-1_Basel_1907	Basel
Güntert-Kienberger	Wwe., & Söhne			Mumpf		1907	184	telefonbuch_093	PTT-Archiv, P-260-1_Basel_1907	Basel
Waldmeyer	F. J.	Gasthof zur „Sonne“		Mumpf		1907	184	telefonbuch_093	PTT-Archiv, P-260-1_Basel_1907	Basel
Gemeindestation		(s. oben)		Obermumpf		1907	184	telefonbuch_093	PTT-Archiv, P-260-1_Basel_1907	Basel
Gemeindestation		(s. oben)		Sisseln		1907	184	telefonbuch_093	PTT-Archiv, P-260-1_Basel_1907	Basel
Bollag	Dr. Sam.			Stein (Aargau)		1907	184	telefonbuch_093	PTT-Archiv, P-260-1_Basel_1907	Basel
Freyvogel	E., & Co.	Bandfabrik		Stein (Aargau)		1907	184	telefonbuch_093	PTT-Archiv, P-260-1_Basel_1907	Basel
Gasthaus zum „Löwen“				Stein (Aargau)		1907	184	telefonbuch_093	PTT-Archiv, P-260-1_Basel_1907	Basel
Herzog	C., Sohn	Bahnhofrestaurant		Stein (Aargau)		1907	184	telefonbuch_093	PTT-Archiv, P-260-1_Basel_1907	Basel
Kern-Attenhofer	Dr. Robert			Stein (Aargau)		1907	184	telefonbuch_093	PTT-Archiv, P-260-1_Basel_1907	Basel
Konetzky	Theodor			Stein (Aargau)		1907	185	telefonbuch_094	PTT-Archiv, P-260-1_Basel_1907	Basel
Kreiskommando V./6.				Stein (Aargau)		1907	185	telefonbuch_094	PTT-Archiv, P-260-1_Basel_1907	Basel
Mösch-Jegge	J.	Kaufmann		Stein (Aargau)		1907	185	telefonbuch_094	PTT-Archiv, P-260-1_Basel_1907	Basel
Trœndle	Joseph	Kaufmann		Stein (Aargau)		1907	185	telefonbuch_094	PTT-Archiv, P-260-1_Basel_1907	Basel
Straumann	Samuel	Wirt		Bennwil		1907	185	telefonbuch_094	PTT-Archiv, P-260-1_Basel_1907	Basel
Gräflin	Jak.	Kaufmann		Hölstein		1907	185	telefonbuch_094	PTT-Archiv, P-260-1_Basel_1907	Basel
Gisin	Heinrich	Wirt		Lampenberg		1907	185	telefonbuch_094	PTT-Archiv, P-260-1_Basel_1907	Basel
Postablage				Liedertswil		1907	185	telefonbuch_094	PTT-Archiv, P-260-1_Basel_1907	Basel
Ast	Adolf	Wirt		Niederdorf (Baselland)		1907	185	telefonbuch_094	PTT-Archiv, P-260-1_Basel_1907	Basel
Dettwyler	Ernst	z. Eidgenossen		Oberdorf (Baselland)		1907	185	telefonbuch_094	PTT-Archiv, P-260-1_Basel_1907	Basel
Schmutz	Geschwister	Abendsmatt, Kurort		Waldenburg		1907	185	telefonbuch_094	PTT-Archiv, P-260-1_Basel_1907	Basel
Cattin & Christian		Uhrenfabrik		Hölstein		1907	185	telefonbuch_094	PTT-Archiv, P-260-1_Basel_1907	Basel
Foltzer & Cie.		Hölsteiner Kunst-Textil-Fabrik		Hölstein		1907	185	telefonbuch_094	PTT-Archiv, P-260-1_Basel_1907	Basel
Tschopp-Thommen	Wwe.	zum „Rössli“		Hölstein		1907	185	telefonbuch_094	PTT-Archiv, P-260-1_Basel_1907	Basel
Gemeindestation		(s. Seite 185)		Liedertswil		1907	186	telefonbuch_096	PTT-Archiv, P-260-1_Basel_1907	Basel
Affentranger, Haas & Plattner		Uhrenfabrik		Niederdorf		1907	186	telefonbuch_096	PTT-Archiv, P-260-1_Basel_1907	Basel
Buser frères		(Gebrüder Buser) Ebauchefabrik		Niederdorf		1907	186	telefonbuch_096	PTT-Archiv, P-260-1_Basel_1907	Basel
Gemeindestation		(s. Seite 185)		Niederdorf		1907	186	telefonbuch_096	PTT-Archiv, P-260-1_Basel_1907	Basel
Schweizer-Jenny	Elisabeth	Wwe., zur Mühle		Niederdorf		1907	186	telefonbuch_096	PTT-Archiv, P-260-1_Basel_1907	Basel
Ballmer	Theodor	Bäcker		Oberdorf		1907	186	telefonbuch_096	PTT-Archiv, P-260-1_Basel_1907	Basel
Berger	Wilhelm	Uhrenfabrik		Oberdorf		1907	186	telefonbuch_096	PTT-Archiv, P-260-1_Basel_1907	Basel
Dietschy, Heusler & Co.		Bandfabrik		Oberdorf		1907	186	telefonbuch_096	PTT-Archiv, P-260-1_Basel_1907	Basel
Gemeindestation		(s. Seite 185)		Oberdorf		1907	186	telefonbuch_096	PTT-Archiv, P-260-1_Basel_1907	Basel
Schmutz	Wilhelm	Tierarzt		Oberdorf		1907	186	telefonbuch_096	PTT-Archiv, P-260-1_Basel_1907	Basel
Bahnhof				Waldenburg		1907	186	telefonbuch_096	PTT-Archiv, P-260-1_Basel_1907	Basel
Bebler-Lanz	Henri	Teigwarenfabrik		Waldenburg		1907	186	telefonbuch_096	PTT-Archiv, P-260-1_Basel_1907	Basel
Bezirksschreiberei				Waldenburg		1907	186	telefonbuch_096	PTT-Archiv, P-260-1_Basel_1907	Basel
Kellerhals	J.	Sennhaus		Waldenburg		1907	186	telefonbuch_096	PTT-Archiv, P-260-1_Basel_1907	Basel
Schaub-Peter	Gottfried	zum Löwen		Waldenburg		1907	186	telefonbuch_096	PTT-Archiv, P-260-1_Basel_1907	Basel
Sparkassa Waldenburg				Waldenburg		1907	186	telefonbuch_096	PTT-Archiv, P-260-1_Basel_1907	Basel
Straumann	H.	Dr. med.		Waldenburg		1907	186	telefonbuch_096	PTT-Archiv, P-260-1_Basel_1907	Basel
Thommen's Uhrenfabriken A.-G.				Waldenburg		1907	186	telefonbuch_096	PTT-Archiv, P-260-1_Basel_1907	Basel
Tschudin & Heid	Alph.	Thommen's Nachf., Uhrenfourniturenfabrik		Waldenburg		1907	186	telefonbuch_096	PTT-Archiv, P-260-1_Basel_1907	Basel
Brugger-Stänz	F.	Ww., Cigarrenhandlung	Bahnhofstrasse 15	Basel	3304	1907	43	telefonbuch_123	PTT-Archiv, P-260-1_Basel_1907	Basel
Filialtelegraphenbureau		Clarahof	Rebgasse 1	Basel	3211	1907	43	telefonbuch_123	PTT-Archiv, P-260-1_Basel_1907	Basel
Kiefer	H.	Cigarrenhandlung	Aeschenvorstadt 2	Basel	2013	1907	43	telefonbuch_123	PTT-Archiv, P-260-1_Basel_1907	Basel
Badischer Bahnhof		Aufnahmehalle. Automatische Station.		Basel		1907	43	telefonbuch_123	PTT-Archiv, P-260-1_Basel_1907	Basel
Telegraphenbureau		äusseres St. Johann-Quartier	Voltastrasse 71	Basel	615	1907	43	telefonbuch_123	PTT-Archiv, P-260-1_Basel_1907	Basel
Filialtelegraphenbureau		Gundoldingen	Dornacherstrasse 124	Basel	750	1907	43	telefonbuch_123	PTT-Archiv, P-260-1_Basel_1907	Basel
Hauptpostgebäude		Telegrammaufgabebureau		Basel	3172	1907	44	telefonbuch_124	PTT-Archiv, P-260-1_Basel_1907	Basel
Hauptpostgebäude		Automatische Station für Lokalgespräche		Basel	3172	1907	44	telefonbuch_124	PTT-Archiv, P-260-1_Basel_1907	Basel
Hauptpostgebäude		Stationsgebäude der B. St. B., Automatische Station für Lokalgespräche	Barfüsserplatz	Basel	3172	1907	44	telefonbuch_124	PTT-Archiv, P-260-1_Basel_1907	Basel
Hauptpostgebäude		Centralhalle, Automatische Station	Streitgasse 20	Basel	3172	1907	44	telefonbuch_124	PTT-Archiv, P-260-1_Basel_1907	Basel
Georg & Cie.		Bahnhofbuchhandlung	Bahnhof S. B. B.	Basel	977	1907	44	telefonbuch_124	PTT-Archiv, P-260-1_Basel_1907	Basel
Telegraphenbureau			Bahnhof S. B. B.	Basel	977	1907	44	telefonbuch_124	PTT-Archiv, P-260-1_Basel_1907	Basel
Telegraphenbureau			Thiersteinerallee	Basel	2725	1907	44	telefonbuch_124	PTT-Archiv, P-260-1_Basel_1907	Basel
Telegraphenbureau			Missionsstrasse	Basel	336	1907	44	telefonbuch_124	PTT-Archiv, P-260-1_Basel_1907	Basel
Postablage				Bettingen	707	1907	44	telefonbuch_124	PTT-Archiv, P-260-1_Basel_1907	Basel
Ruetsch	Ed.	Wirt		Duggingen	705	1907	44	telefonbuch_124	PTT-Archiv, P-260-1_Basel_1907	Basel
Thüring	Emil	Bäcker		Ettingen	709	1907	44	telefonbuch_124	PTT-Archiv, P-260-1_Basel_1907	Basel
Berger	A.	Frau, zum Kreuz		Gempen	705	1907	44	telefonbuch_124	PTT-Archiv, P-260-1_Basel_1907	Basel
Postablage				Hochwald (Solothurn)	705	1907	44	telefonbuch_124	PTT-Archiv, P-260-1_Basel_1907	Basel
Postbureau				Kleinhüningen	3328	1907	44	telefonbuch_124	PTT-Archiv, P-260-1_Basel_1907	Basel
Meyer-Emmenegger		Wwe.		Pfeffingen	705	1907	44	telefonbuch_124	PTT-Archiv, P-260-1_Basel_1907	Basel
Gasthaus zum Rössli				Reinach (Baselland)	705	1907	44	telefonbuch_124	PTT-Archiv, P-260-1_Basel_1907	Basel
Jäck	J. E.	Wirt		Schönenbuch	679	1907	44	telefonbuch_124	PTT-Archiv, P-260-1_Basel_1907	Basel
Adam	Angelus	zum Rössli		Allschwil	679	1907	44	telefonbuch_124	PTT-Archiv, P-260-1_Basel_1907	Basel
Aktienziegelei Allschwil				Allschwil	1006	1907	44	telefonbuch_124	PTT-Archiv, P-260-1_Basel_1907	Basel
Augustin	Hermann	Dr., Arzt		Allschwil	679	1907	44	telefonbuch_124	PTT-Archiv, P-260-1_Basel_1907	Basel
Doleschal	M.	Dr., Arzt		Allschwil	679	1907	44	telefonbuch_124	PTT-Archiv, P-260-1_Basel_1907	Basel
Gürtler	Theophil	Restaurant zur Jägerstube		Allschwil	679	1907	44	telefonbuch_124	PTT-Archiv, P-260-1_Basel_1907	Basel
Hauser-Huber	Arnold	Wirt		Allschwil	679	1907	44	telefonbuch_124	PTT-Archiv, P-260-1_Basel_1907	Basel
Jegel	Rudolf	Metzger		Allschwil	679	1907	44	telefonbuch_124	PTT-Archiv, P-260-1_Basel_1907	Basel
Martin-Heitzmann		Wwe., zur Kantine		Allschwil	679	1907	44	telefonbuch_124	PTT-Archiv, P-260-1_Basel_1907	Basel
Mislin	Alphons	Wirt		Allschwil	679	1907	44	telefonbuch_124	PTT-Archiv, P-260-1_Basel_1907	Basel
Neundorf	A.			Allschwil	679	1907	44	telefonbuch_124	PTT-Archiv, P-260-1_Basel_1907	Basel
Passavant-Iselin & Cie.		Ziegelei		Allschwil	3132	1907	44	telefonbuch_124	PTT-Archiv, P-260-1_Basel_1907	Basel
Ruf-Martin	Paul			Allschwil	679	1907	44	telefonbuch_124	PTT-Archiv, P-260-1_Basel_1907	Basel
Simon-Bangerter	L.	Schuhfabrik		Allschwil	679	1907	44	telefonbuch_124	PTT-Archiv, P-260-1_Basel_1907	Basel
Strübin	Fritz	Brauerei		Allschwil	679	1907	44	telefonbuch_124	PTT-Archiv, P-260-1_Basel_1907	Basel
Tanner-Stengel	R.	Metzger		Allschwil	679	1907	44	telefonbuch_124	PTT-Archiv, P-260-1_Basel_1907	Basel
Thonwarenfabrik Allschwil		(Passavant-Iselin & Cie.)		Allschwil	3132	1907	44	telefonbuch_124	PTT-Archiv, P-260-1_Basel_1907	Basel
Tobler	Adolf			Allschwil	679	1907	44	telefonbuch_124	PTT-Archiv, P-260-1_Basel_1907	Basel
Tranzer-Stoeckel	E.	Backsteinlieferant		Allschwil	679	1907	44	telefonbuch_124	PTT-Archiv, P-260-1_Basel_1907	Basel
Vogt-Goepfert	Jakob	Wirt		Allschwil	679	1907	44	telefonbuch_124	PTT-Archiv, P-260-1_Basel_1907	Basel
Vogt-Gürtler	J. Aug.	Baumeister		Allschwil	679	1907	44	telefonbuch_124	PTT-Archiv, P-260-1_Basel_1907	Basel
Vogt-Winteregg	Rob.	Wirt		Allschwil	679	1907	44	telefonbuch_124	PTT-Archiv, P-260-1_Basel_1907	Basel
Floretspinnerei Angenstein		Fabrik		Angenstein	705	1907	44	telefonbuch_124	PTT-Archiv, P-260-1_Basel_1907	Basel
Wanduhrenfabrik Angenstein		sowie Direktor-Wohnung		Angenstein	705	1907	44	telefonbuch_124	PTT-Archiv, P-260-1_Basel_1907	Basel
Alioth-Frank	Achilles			Arlesheim	705	1907	45	telefonbuch_125	PTT-Archiv, P-260-1_Basel_1907	Basel
Alioth-Vischer	Wilhelm			Arlesheim	705	1907	45	telefonbuch_125	PTT-Archiv, P-260-1_Basel_1907	Basel
Alioth-von Speyr	Rudolf			Arlesheim	705	1907	45	telefonbuch_125	PTT-Archiv, P-260-1_Basel_1907	Basel
Baier	Hans	Gasthaus zum Adler		Arlesheim	705	1907	45	telefonbuch_125	PTT-Archiv, P-260-1_Basel_1907	Basel
Basler Strassenbahnen		Tramdépôt (Birseckbahn)		Arlesheim	2876	1907	45	telefonbuch_125	PTT-Archiv, P-260-1_Basel_1907	Basel
Bezirksschreiberei Arlesheim				Arlesheim	705	1907	45	telefonbuch_125	PTT-Archiv, P-260-1_Basel_1907	Basel
Bischoff-Ryhiner	Emil			Arlesheim	705	1907	45	telefonbuch_125	PTT-Archiv, P-260-1_Basel_1907	Basel
Burckhardt-Meyer	Max			Arlesheim	705	1907	45	telefonbuch_125	PTT-Archiv, P-260-1_Basel_1907	Basel
Elsässer	Albert	Fürsprech		Arlesheim	705	1907	45	telefonbuch_125	PTT-Archiv, P-260-1_Basel_1907	Basel
Feigenwinter	Niklaus	Fürsprech		Arlesheim	705	1907	45	telefonbuch_125	PTT-Archiv, P-260-1_Basel_1907	Basel
Gasser-Meier	Math.	Bäckerei und Konditorei		Arlesheim	705	1907	45	telefonbuch_125	PTT-Archiv, P-260-1_Basel_1907	Basel
Geiger-Otto	Herm.	Dr.		Arlesheim	705	1907	45	telefonbuch_125	PTT-Archiv, P-260-1_Basel_1907	Basel
Gemeindesprechstation		Gasthaus zum Löwen		Arlesheim	705	1907	45	telefonbuch_125	PTT-Archiv, P-260-1_Basel_1907	Basel
Gessler	Alb.	Prof. Dr.		Arlesheim	705	1907	45	telefonbuch_125	PTT-Archiv, P-260-1_Basel_1907	Basel
Gonser	Rudolf	Dr.		Arlesheim	705	1907	45	telefonbuch_125	PTT-Archiv, P-260-1_Basel_1907	Basel
Gysin-Hindermann	V.	Wwe.		Arlesheim	705	1907	45	telefonbuch_125	PTT-Archiv, P-260-1_Basel_1907	Basel
Industriegesellschaft für Schappe				Arlesheim	705	1907	45	telefonbuch_125	PTT-Archiv, P-260-1_Basel_1907	Basel
Dieselbe		Direktorwohnung		Arlesheim	705	1907	45	telefonbuch_125	PTT-Archiv, P-260-1_Basel_1907	Basel
Kaffeehalle		(Geschwister Gass)		Arlesheim	705	1907	45	telefonbuch_125	PTT-Archiv, P-260-1_Basel_1907	Basel
Kaus-Stalder		zum Ochsen		Arlesheim	705	1907	45	telefonbuch_125	PTT-Archiv, P-260-1_Basel_1907	Basel
Löliger	Th.	Dr.		Arlesheim	705	1907	45	telefonbuch_125	PTT-Archiv, P-260-1_Basel_1907	Basel
Löw	Carl	Dr., zum Kirschgarten		Arlesheim	705	1907	45	telefonbuch_125	PTT-Archiv, P-260-1_Basel_1907	Basel
Löw	Fritz	Architekt		Arlesheim	705	1907	45	telefonbuch_125	PTT-Archiv, P-260-1_Basel_1907	Basel
Murbach-von Speyr	Ch.			Arlesheim	705	1907	45	telefonbuch_125	PTT-Archiv, P-260-1_Basel_1907	Basel
Paravicini-Müller	L.			Arlesheim	705	1907	45	telefonbuch_125	PTT-Archiv, P-260-1_Basel_1907	Basel
Renz	Th.	Wirtschaft und Bäckerei		Arlesheim	705	1907	45	telefonbuch_125	PTT-Archiv, P-260-1_Basel_1907	Basel
Sarasin	Peter			Arlesheim	705	1907	45	telefonbuch_125	PTT-Archiv, P-260-1_Basel_1907	Basel
Sartorius-Preiswerk	F.			Arlesheim	705	1907	45	telefonbuch_125	PTT-Archiv, P-260-1_Basel_1907	Basel
Spar- und Leihkasse Arlesheim				Arlesheim	705	1907	45	telefonbuch_125	PTT-Archiv, P-260-1_Basel_1907	Basel
Statthalteramt Arlesheim				Arlesheim	705	1907	45	telefonbuch_125	PTT-Archiv, P-260-1_Basel_1907	Basel
Suryhof				Arlesheim	705	1907	45	telefonbuch_125	PTT-Archiv, P-260-1_Basel_1907	Basel
Sütterlin	Alfons	Dr., Advokat		Arlesheim	705	1907	45	telefonbuch_125	PTT-Archiv, P-260-1_Basel_1907	Basel
Fabrik für feuer- und säurefeste Produkte A.-G.				Aesch	705	1907	45	telefonbuch_125	PTT-Archiv, P-260-1_Basel_1907	Basel
Gemeindesprechstation		Postbureau		Aesch	705	1907	45	telefonbuch_125	PTT-Archiv, P-260-1_Basel_1907	Basel
Hosslin	Rud.	Dr. med.		Aesch	705	1907	45	telefonbuch_125	PTT-Archiv, P-260-1_Basel_1907	Basel
Karrer	Fidel	Holzhandlung		Aesch	705	1907	45	telefonbuch_125	PTT-Archiv, P-260-1_Basel_1907	Basel
Meyer-Scherer	A.	Restaurant Warteck		Aesch	705	1907	45	telefonbuch_125	PTT-Archiv, P-260-1_Basel_1907	Basel
Schmidlin-Bloch	J.	Hôtel Jura		Aesch	705	1907	45	telefonbuch_125	PTT-Archiv, P-260-1_Basel_1907	Basel
Strübin-Schmidt	Jac.	Baumeister		Aesch	705	1907	45	telefonbuch_125	PTT-Archiv, P-260-1_Basel_1907	Basel
Wenger-Nachbur	Ed.	Gasthof zum Ochsen		Aesch	705	1907	45	telefonbuch_125	PTT-Archiv, P-260-1_Basel_1907	Basel
Willi	A.	Dr., Arzt		Aesch	705	1907	45	telefonbuch_125	PTT-Archiv, P-260-1_Basel_1907	Basel
Abend	Oscar	Architekt	Weiherweg 92	Basel	4531	1907	45	telefonbuch_125	PTT-Archiv, P-260-1_Basel_1907	Basel
Aebin	Aug.		Riehenthorstr. 30	Basel	3399	1907	45	telefonbuch_125	PTT-Archiv, P-260-1_Basel_1907	Basel
Abry	Louis	march.-tailleur	Theaterstrasse 14	Basel	2193	1907	45	telefonbuch_125	PTT-Archiv, P-260-1_Basel_1907	Basel
Abt-Bader	Wilh.		Hammerstrasse 10	Basel	3538	1907	45	telefonbuch_125	PTT-Archiv, P-260-1_Basel_1907	Basel
Abt-Ettlin	Hans	Bäcker	Steinenthorstr. 45	Basel	2422	1907	45	telefonbuch_125	PTT-Archiv, P-260-1_Basel_1907	Basel
Abt	Gustav		Steinengraben 51	Basel	532	1907	45	telefonbuch_125	PTT-Archiv, P-260-1_Basel_1907	Basel
Abt	James	Papierhandlung	Clarastrasse 45	Basel	3249	1907	45	telefonbuch_125	PTT-Archiv, P-260-1_Basel_1907	Basel
Abt-Weiss	H.	Kaminfegermeister	St. Albanvorstadt 8	Basel	12	1907	46	telefonbuch_126	PTT-Archiv, P-260-1_Basel_1907	Basel
Abt-Wenk	A. M.	Wwe.	Kirchgasse 21	Basel	3820	1907	46	telefonbuch_126	PTT-Archiv, P-260-1_Basel_1907	Basel
Achard-Milliet	E.	Wwe.	Bättwilerstrasse 14	Basel	219	1907	46	telefonbuch_126	PTT-Archiv, P-260-1_Basel_1907	Basel
Achard, Stampfer & Cie.			Herbergsgasse 8	Basel	1634	1907	46	telefonbuch_126	PTT-Archiv, P-260-1_Basel_1907	Basel
Acker	Fl.	Baugeschäft	Klybeckstrasse 60	Basel	3242	1907	46	telefonbuch_126	PTT-Archiv, P-260-1_Basel_1907	Basel
Actienbrauerei Basel		(Bureau)	Dornacherstr. 200	Basel	4008	1907	46	telefonbuch_126	PTT-Archiv, P-260-1_Basel_1907	Basel
Actienbrauerei Basel		Flaschenbiergeschäft	Dornacherstr. 200	Basel	3761	1907	46	telefonbuch_126	PTT-Archiv, P-260-1_Basel_1907	Basel
Actienbrauerei zum Feldschlösschen			Laufenstrasse 18	Basel	3994	1907	46	telefonbuch_126	PTT-Archiv, P-260-1_Basel_1907	Basel
Actienbrauerei z. Sternenberg		vorm. Gebr. Zeller (Bierburg), Bureau	Grenzacherstr. 487	Basel	3232	1907	46	telefonbuch_126	PTT-Archiv, P-260-1_Basel_1907	Basel
Actienbrauerei z. Sternenberg		Wirtschaft	Maulbeerweg 2	Basel	515	1907	46	telefonbuch_126	PTT-Archiv, P-260-1_Basel_1907	Basel
Actienbrauerei z. Sternenberg	R. Müller-Sauer		Elsässerstrasse 255	Basel	344	1907	46	telefonbuch_126	PTT-Archiv, P-260-1_Basel_1907	Basel
Actienbrennerei, erste, in Basel			Margarethenstr. 59	Basel	2384	1907	46	telefonbuch_126	PTT-Archiv, P-260-1_Basel_1907	Basel
Actiengesellschaft der Ofenfabrik Sursee			Steinenvorstadt 21	Basel	1409	1907	46	telefonbuch_126	PTT-Archiv, P-260-1_Basel_1907	Basel
Actiengesellschaft für graphische Industrie			Angensteinerstr. 32	Basel	3204	1907	46	telefonbuch_126	PTT-Archiv, P-260-1_Basel_1907	Basel
Actiengesellschaft für industrielle Sandverwertung			Inn. Margarethenstr. 8	Basel	3432	1907	46	telefonbuch_126	PTT-Archiv, P-260-1_Basel_1907	Basel
Actiengesellschaft James Jaquet			St. Johannring 26	Basel		1907	46	telefonbuch_126	PTT-Archiv, P-260-1_Basel_1907	Basel
Actiengesellschaft Rothes Meer			Marktgasse 3	Basel	975	1907	46	telefonbuch_126	PTT-Archiv, P-260-1_Basel_1907	Basel
Actienmühle Basel und Augst			Gärtnerstrasse 46	Basel	4226	1907	46	telefonbuch_126	PTT-Archiv, P-260-1_Basel_1907	Basel
Actienmühle Basel und Augst		siehe unter „Baselaugst“		Basel		1907	46	telefonbuch_126	PTT-Archiv, P-260-1_Basel_1907	Basel
Adam	Alfred	Dr.	Leonhardsgraben 47	Basel	2911	1907	46	telefonbuch_126	PTT-Archiv, P-260-1_Basel_1907	Basel
Adler-Apotheke	L. Willen		Gerbergasse 44	Basel	3137	1907	46	telefonbuch_126	PTT-Archiv, P-260-1_Basel_1907	Basel
Adlung-Würgler	Alfr.	Spengler	Güterstrasse 296	Basel	3616	1907	46	telefonbuch_126	PTT-Archiv, P-260-1_Basel_1907	Basel
Affolter, Christen & Cie.			Dornacherstr. 160	Basel	3752	1907	46	telefonbuch_126	PTT-Archiv, P-260-1_Basel_1907	Basel
Ahles	J.	Handelsgärtnerei	Hirzbodenweg 48	Basel	3778	1907	46	telefonbuch_126	PTT-Archiv, P-260-1_Basel_1907	Basel
Aichele	Jean	Confiseur	Steinenvorstadt 51	Basel	2567	1907	46	telefonbuch_126	PTT-Archiv, P-260-1_Basel_1907	Basel
Aichner, Sohn	R.	Baumeister	Birsigstrasse 76	Basel	3138	1907	46	telefonbuch_126	PTT-Archiv, P-260-1_Basel_1907	Basel
St. Alban-Apotheke	Herm. Pfau		St. Albanvorstadt 42	Basel	1849	1907	46	telefonbuch_126	PTT-Archiv, P-260-1_Basel_1907	Basel
Albert	Ad.	Gold- und Silberwaren	Freiestrasse 27	Basel	1148	1907	46	telefonbuch_126	PTT-Archiv, P-260-1_Basel_1907	Basel
Albert	Fr.	Baugeschäft	Allschwilerstr. 35	Basel	2676	1907	46	telefonbuch_126	PTT-Archiv, P-260-1_Basel_1907	Basel
Albicker	Adolf	Bäckermeister	Binningerstr. 7	Basel	666	1907	46	telefonbuch_126	PTT-Archiv, P-260-1_Basel_1907	Basel
Albicker-Haberthür	M.	Wwe.	Amerbachstrasse 72	Basel	776	1907	46	telefonbuch_126	PTT-Archiv, P-260-1_Basel_1907	Basel
Albrecht	Gust.	Horburgapotheke	Feldbergstrasse 57	Basel	3383	1907	46	telefonbuch_126	PTT-Archiv, P-260-1_Basel_1907	Basel
Albrecht-Wick	E. M.	Wwe.	Austrasse 16	Basel	2926	1907	46	telefonbuch_126	PTT-Archiv, P-260-1_Basel_1907	Basel
Alkoholfreies Restaurant „zum Johanniter“			St. Johannvorst. 48	Basel	1270	1907	46	telefonbuch_126	PTT-Archiv, P-260-1_Basel_1907	Basel
Aldinger-Kaltenbacher	Karl		Elisabethenstrasse 6	Basel	1337	1907	46	telefonbuch_126	PTT-Archiv, P-260-1_Basel_1907	Basel
Alioth & Hosch		Agenturen	St. Albananlage 3	Basel	126	1907	46	telefonbuch_126	PTT-Archiv, P-260-1_Basel_1907	Basel
Alioth	Alfred	Dr., Notar, und Siegrist, Dr. Hermann, Advokat	Gerbergasse 42	Basel	3264	1907	46	telefonbuch_126	PTT-Archiv, P-260-1_Basel_1907	Basel
Alioth-Merian	S.		St. Jakobstrasse 13	Basel	561	1907	46	telefonbuch_126	PTT-Archiv, P-260-1_Basel_1907	Basel
Alioth-Ronus	Achille		Sevogelstrasse 76	Basel	3961	1907	46	telefonbuch_126	PTT-Archiv, P-260-1_Basel_1907	Basel
Alioth-Vischer	Wm		Rittergasse 7	Basel	1045	1907	46	telefonbuch_126	PTT-Archiv, P-260-1_Basel_1907	Basel
Alioth-Vischer	Wm	siehe unter „Arlesheim“		Basel		1907	46	telefonbuch_126	PTT-Archiv, P-260-1_Basel_1907	Basel
Allemann	Jb.	Baugeschäft	Allschwilerstr. 44	Basel	464	1907	46	telefonbuch_126	PTT-Archiv, P-260-1_Basel_1907	Basel
Allgemeine Armenpflege			Blumenrain 3	Basel	1958	1907	46	telefonbuch_126	PTT-Archiv, P-260-1_Basel_1907	Basel
Allgemeiner Christl. Verein junger Männer			Freiestrasse 17	Basel	1679	1907	46	telefonbuch_126	PTT-Archiv, P-260-1_Basel_1907	Basel
Allgemeiner Consumverein		(s. Consumverein)		Basel		1907	46	telefonbuch_126	PTT-Archiv, P-260-1_Basel_1907	Basel
Allgemeine Droschkenanstalt		Gebr. Keller	Margarethenstr. 79	Basel	2145	1907	46	telefonbuch_126	PTT-Archiv, P-260-1_Basel_1907	Basel
Allgemeine Droschkenanstalt			Drahtzugstrasse 16	Basel	3470	1907	46	telefonbuch_126	PTT-Archiv, P-260-1_Basel_1907	Basel
Allgemeine Elektrizitäts-Gesellschaft Basel		Lagerverwaltung	Rebgasse 24	Basel	2861	1907	47	telefonbuch_127	PTT-Archiv, P-260-1_Basel_1907	Basel
Dieselbe		Kaufm. u. techn. Bureau	Rebgasse 24	Basel	3090	1907	47	telefonbuch_127	PTT-Archiv, P-260-1_Basel_1907	Basel
Allgemeine Gewerbeschule			Petersgraben 52	Basel	2644	1907	47	telefonbuch_127	PTT-Archiv, P-260-1_Basel_1907	Basel
Allg. Musik-Gesellschaft		Verwaltung	Steinenvorstadt 23	Basel	2808	1907	47	telefonbuch_127	PTT-Archiv, P-260-1_Basel_1907	Basel
Allgemeine Musikschule			Leonhardstrasse 8	Basel	1587	1907	47	telefonbuch_127	PTT-Archiv, P-260-1_Basel_1907	Basel
Altermatt-Keller	K.	Wirt	Solothurnerstr. 11	Basel	862	1907	47	telefonbuch_127	PTT-Archiv, P-260-1_Basel_1907	Basel
Altwegg	Christoph		Wettsteinplatz 10	Basel	3841	1907	47	telefonbuch_127	PTT-Archiv, P-260-1_Basel_1907	Basel
Altwegg	F.	(Paul Aug. Altwegg Nachf.)	Florastrasse 18	Basel	3747	1907	47	telefonbuch_127	PTT-Archiv, P-260-1_Basel_1907	Basel
Altwegg & Peter			Hammerstrasse 35	Basel	3823	1907	47	telefonbuch_127	PTT-Archiv, P-260-1_Basel_1907	Basel
Amans-Madeux	C.		Schützenmattstr. 38	Basel	3251	1907	47	telefonbuch_127	PTT-Archiv, P-260-1_Basel_1907	Basel
Amans	P.	& Cie.	St. Johannvorstadt 6	Basel	1389	1907	47	telefonbuch_127	PTT-Archiv, P-260-1_Basel_1907	Basel
Amberg		Betriebschef des Kreises II S. B. B.		Basel	2100	1907	47	telefonbuch_127	PTT-Archiv, P-260-1_Basel_1907	Basel
Amberg		Wohnung	Rothbergerstr. 17	Basel		1907	47	telefonbuch_127	PTT-Archiv, P-260-1_Basel_1907	Basel
Amerikanische Transportgesellschaft A.-G.			Wallstrasse 7	Basel	2745	1907	47	telefonbuch_127	PTT-Archiv, P-260-1_Basel_1907	Basel
Ammann	E.	& Cie.	Schanzenstrasse 20	Basel	4195	1907	47	telefonbuch_127	PTT-Archiv, P-260-1_Basel_1907	Basel
Ammann-Kienast	B.		Kohlenberggasse 8	Basel	2419	1907	47	telefonbuch_127	PTT-Archiv, P-260-1_Basel_1907	Basel
Ammann-Schmid	Heinrich		Barfüsserplatz 5	Basel	546	1907	47	telefonbuch_127	PTT-Archiv, P-260-1_Basel_1907	Basel
Ammann-Stähli & Cie.			Centralbahnplatz 8	Basel	2251	1907	47	telefonbuch_127	PTT-Archiv, P-260-1_Basel_1907	Basel
Ammann-Stücklin	J.		Gundoldingerstr. 93	Basel	1841	1907	47	telefonbuch_127	PTT-Archiv, P-260-1_Basel_1907	Basel
Aemmer	Ferd.		Mörsbergerstr. 40	Basel	4519	1907	47	telefonbuch_127	PTT-Archiv, P-260-1_Basel_1907	Basel
Aemmer	Fritz	Dr. med.	Mörsbergerstr. 28	Basel	3330	1907	47	telefonbuch_127	PTT-Archiv, P-260-1_Basel_1907	Basel
Aemmer & Cie.			Müllheimerstr. 50	Basel	3416	1907	47	telefonbuch_127	PTT-Archiv, P-260-1_Basel_1907	Basel
Dieselben		Eisengiesserei	Güterstrasse 175	Basel	3922	1907	47	telefonbuch_127	PTT-Archiv, P-260-1_Basel_1907	Basel
Amsler	Ad.		Thiersteinerallee 22	Basel	3760	1907	47	telefonbuch_127	PTT-Archiv, P-260-1_Basel_1907	Basel
Amsler-Aubert	O.	(Centralbureau des schweiz. Hôtelier-Vereins)	Sternengässlein 21	Basel	2406	1907	47	telefonbuch_127	PTT-Archiv, P-260-1_Basel_1907	Basel
Amsler	Rud.	Schreiner	Friedensgasse 50	Basel	162	1907	47	telefonbuch_127	PTT-Archiv, P-260-1_Basel_1907	Basel
Amstein	E.	Fussarzt und Chirurg	Mostackerstrasse 6	Basel	2972	1907	47	telefonbuch_127	PTT-Archiv, P-260-1_Basel_1907	Basel
Amstutz	G.	Lebensmittelhandel	Utengasse 17	Basel	1210	1907	47	telefonbuch_127	PTT-Archiv, P-260-1_Basel_1907	Basel
Anatom. Institut		Vesalianum	Vesalgasse 1	Basel	2604	1907	47	telefonbuch_127	PTT-Archiv, P-260-1_Basel_1907	Basel
An der Auer	R.	Strasseninspektor, Wohnung	Oberwilerstrasse 26	Basel	271	1907	47	telefonbuch_127	PTT-Archiv, P-260-1_Basel_1907	Basel
Andres	Georges	& Cie.	Leimerstrasse 23	Basel	145	1907	47	telefonbuch_127	PTT-Archiv, P-260-1_Basel_1907	Basel
Anglo-Continental Commercial Comp.		(voir Tea Planters Ltd.)		Basel		1907	47	telefonbuch_127	PTT-Archiv, P-260-1_Basel_1907	Basel
Anglo-Continentales Reise-Bureau		G. van Spyk	Inn. Margarethenstr. 5	Basel	4498	1907	47	telefonbuch_127	PTT-Archiv, P-260-1_Basel_1907	Basel
Angst		Gebrüder, Alte Bayrische Bierhalle	Steinenberg 23	Basel	2391	1907	47	telefonbuch_127	PTT-Archiv, P-260-1_Basel_1907	Basel
Angst	R.	Bandagist und Sanitätsgeschäft	Blumenrain 1	Basel	1327	1907	47	telefonbuch_127	PTT-Archiv, P-260-1_Basel_1907	Basel
Derselbe		Wohnung	Steinenring 46	Basel	3854	1907	47	telefonbuch_127	PTT-Archiv, P-260-1_Basel_1907	Basel
Anilinfarben- u. Extraktfabriken vorm. Joh. Rud. Geigy				Basel	3548	1907	47	telefonbuch_127	PTT-Archiv, P-260-1_Basel_1907	Basel
Anilinfarben- u. Extraktfabriken vorm. Joh. Rud. Geigy		Kassa, Parterre	Bahnhofstrasse 3	Basel		1907	47	telefonbuch_127	PTT-Archiv, P-260-1_Basel_1907	Basel
Dieselben		Waren-Abteilung u. Spedition, I. St.	Bahnhofstrasse 3	Basel	3549	1907	47	telefonbuch_127	PTT-Archiv, P-260-1_Basel_1907	Basel
Dieselben		Fabrik Rosenthal	Rosenthalweg 2	Basel	3618	1907	47	telefonbuch_127	PTT-Archiv, P-260-1_Basel_1907	Basel
Anklin	Alfred	Möbelfabrik	St. Albanring 278	Basel	2146	1907	47	telefonbuch_127	PTT-Archiv, P-260-1_Basel_1907	Basel
Antonietti	Mattia	Cementgeschäft	Rufacherstrasse 134	Basel	163	1907	47	telefonbuch_127	PTT-Archiv, P-260-1_Basel_1907	Basel
Apotheke Rordorf			Ob. Spalenberg 63	Basel	2885	1907	47	telefonbuch_127	PTT-Archiv, P-260-1_Basel_1907	Basel
Arbeitersekretariat Basel			Blumenrain 5	Basel	1656	1907	47	telefonbuch_127	PTT-Archiv, P-260-1_Basel_1907	Basel
Arbeitgebersekretariat			Nadelberg 20	Basel	4441	1907	47	telefonbuch_127	PTT-Archiv, P-260-1_Basel_1907	Basel
Arbeitshütte			Klingelbergstrasse	Basel	1517	1907	47	telefonbuch_127	PTT-Archiv, P-260-1_Basel_1907	Basel
Arbeitsnachweisbureau			Totengässlein 1/3	Basel	1495	1907	48	telefonbuch_128	PTT-Archiv, P-260-1_Basel_1907	Basel
Argast	Jos.	Baugeschäft	Burgfelderstrasse 16	Basel	1447	1907	48	telefonbuch_128	PTT-Archiv, P-260-1_Basel_1907	Basel
Armaturenfabrik J. Handschin			Dornacherstr. 146	Basel	3764	1907	48	telefonbuch_128	PTT-Archiv, P-260-1_Basel_1907	Basel
Armbruster	G.	Brod- und Feinbäckerei	Hebelstrasse 121	Basel	373	1907	48	telefonbuch_128	PTT-Archiv, P-260-1_Basel_1907	Basel
Armenamt		Bürgerliches	Stadthausgasse 13	Basel	1462	1907	48	telefonbuch_128	PTT-Archiv, P-260-1_Basel_1907	Basel
Armen-Arbeits-Anstalt zum Silberberg			Utengasse 11	Basel	4173	1907	48	telefonbuch_128	PTT-Archiv, P-260-1_Basel_1907	Basel
Armenherberge des Bürgerspitals			Petersgraben 4/6	Basel	1760	1907	48	telefonbuch_128	PTT-Archiv, P-260-1_Basel_1907	Basel
Arnold-Gisiger	Jos.	Droschkenhalter	Efringerstrasse 5	Basel	3448	1907	48	telefonbuch_128	PTT-Archiv, P-260-1_Basel_1907	Basel
Arnold-Rappard	Wilh.		Angensteinerstr. 15	Basel	4255	1907	48	telefonbuch_128	PTT-Archiv, P-260-1_Basel_1907	Basel
Augenheilanstalt			Mittlerestrasse 91	Basel	1497	1907	48	telefonbuch_128	PTT-Archiv, P-260-1_Basel_1907	Basel
Ausfeld & Spyri		Ingenieurbureau	Wallstrasse 13	Basel	502	1907	48	telefonbuch_128	PTT-Archiv, P-260-1_Basel_1907	Basel
Auskunftsbureau für jüdische Auswanderer			Hochstrasse 34	Basel	486	1907	48	telefonbuch_128	PTT-Archiv, P-260-1_Basel_1907	Basel
Autogarage C. Schlotterbeck			Steinenring 45	Basel	1842	1907	48	telefonbuch_128	PTT-Archiv, P-260-1_Basel_1907	Basel
Aux Elégants			Freiestrasse 86	Basel	1218	1907	48	telefonbuch_128	PTT-Archiv, P-260-1_Basel_1907	Basel
A'Wengen-Meyenrock	F. R.	Frau	St. Jakobstrasse 19	Basel	2287	1907	48	telefonbuch_128	PTT-Archiv, P-260-1_Basel_1907	Basel
Baader	W.		Elisabethenstr. 75	Basel	2273	1907	48	telefonbuch_128	PTT-Archiv, P-260-1_Basel_1907	Basel
Bacher	A.	Buchdruckerei	Unt. Heuberg 19	Basel	2478	1907	48	telefonbuch_128	PTT-Archiv, P-260-1_Basel_1907	Basel
Bacher-Walther	Adolf	Schreinermeister	Laufenstrasse 68	Basel	613	1907	48	telefonbuch_128	PTT-Archiv, P-260-1_Basel_1907	Basel
Bächle-Kohlbrenner	Frid.	Wirt	Hammerstrasse 125	Basel	3408	1907	48	telefonbuch_128	PTT-Archiv, P-260-1_Basel_1907	Basel
Bachmann-Argast	Hch.	Küferei u. Weinhandlg.	Hirschgasse 44	Basel	142	1907	48	telefonbuch_128	PTT-Archiv, P-260-1_Basel_1907	Basel
Bachmann	Aug.	Küferei und Weinhandlg.	Holbeinstr. 14	Basel	4164	1907	48	telefonbuch_128	PTT-Archiv, P-260-1_Basel_1907	Basel
Bachmeier	J.	Maler	Hardtstrasse 85	Basel	3573	1907	48	telefonbuch_128	PTT-Archiv, P-260-1_Basel_1907	Basel
Bachofen-Burckhardt	C.		St. Albangraben 7	Basel	1875	1907	48	telefonbuch_128	PTT-Archiv, P-260-1_Basel_1907	Basel
Bachofen-Burckhardt		Frau Prof.	Münsterplatz 2	Basel	1086	1907	48	telefonbuch_128	PTT-Archiv, P-260-1_Basel_1907	Basel
Bachofen-Burckhardt		Frau Prof., Bureau	Münsterplatz 2	Basel	1095	1907	48	telefonbuch_128	PTT-Archiv, P-260-1_Basel_1907	Basel
Bachofen-Burckhardt		Frau Prof., Landgut	Bruderholzweg 4	Basel	3763	1907	48	telefonbuch_128	PTT-Archiv, P-260-1_Basel_1907	Basel
Bachofen-Burckhardt	Wilhelm	Frau	Gartenstrasse 87	Basel	1307	1907	48	telefonbuch_128	PTT-Archiv, P-260-1_Basel_1907	Basel
Bachofen-Burckhardt	Wilhelm	Frau, Stallung	Martinsgasse 18	Basel	568	1907	48	telefonbuch_128	PTT-Archiv, P-260-1_Basel_1907	Basel
Bachofen-Dennler		privat	Friedensgasse 24	Basel	1494	1907	48	telefonbuch_128	PTT-Archiv, P-260-1_Basel_1907	Basel
Bachofen-Dennler & Sohn		Baugeschäft	Klingelbergstr. 27	Basel	1484	1907	48	telefonbuch_128	PTT-Archiv, P-260-1_Basel_1907	Basel
Bachofen-Petersen	J. M.	Wwe.	Gellertstrasse 24	Basel	4203	1907	48	telefonbuch_128	PTT-Archiv, P-260-1_Basel_1907	Basel
Bachofen-Vischer		Frau	Rheinsprung 18	Basel	1314	1907	48	telefonbuch_128	PTT-Archiv, P-260-1_Basel_1907	Basel
Bachofen-Vischer		Frau	Rheinsprung 18	Basel	1309	1907	48	telefonbuch_128	PTT-Archiv, P-260-1_Basel_1907	Basel
Bachofen-Vischer		Frau	Singerweg 1	Basel	1854	1907	48	telefonbuch_128	PTT-Archiv, P-260-1_Basel_1907	Basel
Bachofen-Vischer		Frau, Gärtnerwohnung	Singerweg 3	Basel	420	1907	48	telefonbuch_128	PTT-Archiv, P-260-1_Basel_1907	Basel
Bachofen-Vischer		Frau, Villa	St. Jakobstrasse 191	Basel	3596	1907	48	telefonbuch_128	PTT-Archiv, P-260-1_Basel_1907	Basel
Bachthaler	Adolf	Schuhlager	Gerbergasse 35	Basel	2110	1907	48	telefonbuch_128	PTT-Archiv, P-260-1_Basel_1907	Basel
Bächtold	J.	Weinhandlung	Rudolfstrasse 54	Basel	2818	1907	48	telefonbuch_128	PTT-Archiv, P-260-1_Basel_1907	Basel
Bad-, Licht- und Wasser-Heil-Anstalt Basel			Missionsstrasse 17	Basel	3049	1907	48	telefonbuch_128	PTT-Archiv, P-260-1_Basel_1907	Basel
Bad- und Waschanstalt			Binningerstrasse 14	Basel	2563	1907	48	telefonbuch_128	PTT-Archiv, P-260-1_Basel_1907	Basel
Bad- und Waschanstalt			Mattweg 20	Basel	3609	1907	48	telefonbuch_128	PTT-Archiv, P-260-1_Basel_1907	Basel
Bader-Ritter	W.		Spalenring 119	Basel	2733	1907	48	telefonbuch_128	PTT-Archiv, P-260-1_Basel_1907	Basel
Badische Assecuranz-Gesellschaft Akt.-Ges.		Generalbevollmächtigter R. Klaiber	Feierabendstrasse 7	Basel	2431	1907	48	telefonbuch_128	PTT-Archiv, P-260-1_Basel_1907	Basel
Badische Pferdeversicherungsanstalt		Subdirektion	Schützengraben 31	Basel	4416	1907	48	telefonbuch_128	PTT-Archiv, P-260-1_Basel_1907	Basel
Bähler	Gottlieb		Güterstrasse 76	Basel	2441	1907	48	telefonbuch_128	PTT-Archiv, P-260-1_Basel_1907	Basel
Bähler-Leiser	Alfr.		Gasstrasse 33	Basel	4483	1907	48	telefonbuch_128	PTT-Archiv, P-260-1_Basel_1907	Basel
Badische Bahn		Personenbahnhof, Auskunftsbureau		Basel	3521	1907	49	telefonbuch_129	PTT-Archiv, P-260-1_Basel_1907	Basel
Badische Bahn		Eilgutexpedition Bad. Bahn		Basel	3512	1907	49	telefonbuch_129	PTT-Archiv, P-260-1_Basel_1907	Basel
Badische Bahn		Güterverwaltung, Grossh. Bad.	Güterbahnhof	Basel	4410	1907	49	telefonbuch_129	PTT-Archiv, P-260-1_Basel_1907	Basel
Badische Bahn		Dieselbe, Auskunft	Güterbahnhof	Basel	4432	1907	49	telefonbuch_129	PTT-Archiv, P-260-1_Basel_1907	Basel
Badische Bahn		Amtliche Güterbestättere (Camionnage) Bureau No. 14		Basel	3220	1907	49	telefonbuch_129	PTT-Archiv, P-260-1_Basel_1907	Basel
Badische Bahn		Gr. Bad. Bahnbau-Inspektion II	Riehenstrasse 192	Basel	1003	1907	49	telefonbuch_129	PTT-Archiv, P-260-1_Basel_1907	Basel
Bahnhof S.B.B., Personenbahnhof		Bahnhof-Vorstand, Auskunftsbureau		Basel	3920	1907	49	telefonbuch_129	PTT-Archiv, P-260-1_Basel_1907	Basel
Bahnhof S.B.B., Personenbahnhof		Eilgutexpedition S. B. B.		Basel	2474	1907	49	telefonbuch_129	PTT-Archiv, P-260-1_Basel_1907	Basel
Bahnhof S.B.B., Personenbahnhof		Eilgutabfertigungsstelle E. L. B.		Basel	1650	1907	49	telefonbuch_129	PTT-Archiv, P-260-1_Basel_1907	Basel
Bahnhof S.B.B., Personenbahnhof		Fahrkartenausgabestelle E. L. B.		Basel	1030	1907	49	telefonbuch_129	PTT-Archiv, P-260-1_Basel_1907	Basel
Bahnhof S.B.B., Personenbahnhof		Kommerzielle Agentur der S. B. B.		Basel	3976	1907	49	telefonbuch_129	PTT-Archiv, P-260-1_Basel_1907	Basel
Bahnhof S.B.B., Personenbahnhof		Speiseanstalt		Basel	3932	1907	49	telefonbuch_129	PTT-Archiv, P-260-1_Basel_1907	Basel
Bahnhof S. B. B., Güterbahnhof		Güterexpedition S. B. B., Auskunftsbureau		Basel	2245	1907	49	telefonbuch_129	PTT-Archiv, P-260-1_Basel_1907	Basel
Bahnhof S. B. B., Güterbahnhof		Güterexpedition S. B. B., Versandbureau		Basel	3980	1907	49	telefonbuch_129	PTT-Archiv, P-260-1_Basel_1907	Basel
Bahnhof S. B. B., Güterbahnhof		Güterexpedition S. B. B., Empfangsbureau		Basel	3987	1907	49	telefonbuch_129	PTT-Archiv, P-260-1_Basel_1907	Basel
Bahnhof S. B. B., Güterbahnhof		Güterabfertigungsstelle E. L. B.		Basel	3975	1907	49	telefonbuch_129	PTT-Archiv, P-260-1_Basel_1907	Basel
Bahnhof S. B. B., Güterbahnhof		Deutsches Zolldeklarationsbureau E. L. B.		Basel	4219	1907	49	telefonbuch_129	PTT-Archiv, P-260-1_Basel_1907	Basel
Bahnhof S. B. B., Güterbahnhof		Camionnagebureau		Basel	2421	1907	49	telefonbuch_129	PTT-Archiv, P-260-1_Basel_1907	Basel
Bahnhof S. B. B., Güterbahnhof		Lagerhausverwaltung		Basel	2479	1907	49	telefonbuch_129	PTT-Archiv, P-260-1_Basel_1907	Basel
Bahnhof S. B. B., Güterbahnhof		Sprechstation für Private		Basel	4174	1907	49	telefonbuch_129	PTT-Archiv, P-260-1_Basel_1907	Basel
Bahnhof S. B. B., Güterbahnhof		Speiseanstalt		Basel	4215	1907	49	telefonbuch_129	PTT-Archiv, P-260-1_Basel_1907	Basel
Bahnhof St. Johann		Güterexpedition S. B. B.		Basel	3615	1907	49	telefonbuch_129	PTT-Archiv, P-260-1_Basel_1907	Basel
Bahnhof St. Johann		Güterabfertigungsstelle E. L. B.		Basel	3608	1907	49	telefonbuch_129	PTT-Archiv, P-260-1_Basel_1907	Basel
Bahnhofbuchhandlung		(Georg & Cie.)	Bahnhof S. B. B.	Basel	977	1907	49	telefonbuch_129	PTT-Archiv, P-260-1_Basel_1907	Basel
Bahnhofheim			Steinenthorberg 14	Basel	520	1907	49	telefonbuch_129	PTT-Archiv, P-260-1_Basel_1907	Basel
Bahnhofrestauration S. B. B.	Ch.	Pfosi	Bahnhof S. B. B.	Basel	2244	1907	49	telefonbuch_129	PTT-Archiv, P-260-1_Basel_1907	Basel
Baier-Peter	H.	Eier-, Käse- u. Butterhandlung	Hegenheimerstr. 3	Basel	889	1907	49	telefonbuch_129	PTT-Archiv, P-260-1_Basel_1907	Basel
Baldeweck-Meyer	Jakob	Spengler	Steinenvorstadt 50	Basel	2495	1907	49	telefonbuch_129	PTT-Archiv, P-260-1_Basel_1907	Basel
Baldinger	W.	Tapezierer	Klosterberg 11	Basel	1971	1907	49	telefonbuch_129	PTT-Archiv, P-260-1_Basel_1907	Basel
Ballié	A.	Möbelfabrik	Freiestrasse 29	Basel	1133	1907	49	telefonbuch_129	PTT-Archiv, P-260-1_Basel_1907	Basel
Ballmer	J. Albert	Weinhdlg. u. Liqueurfabrik en gros	Zürcherstrasse 135	Basel	4129	1907	49	telefonbuch_129	PTT-Archiv, P-260-1_Basel_1907	Basel
Ballmer	J. J.	Wein- und Colonialwaren	Hardtstrasse 26	Basel	3579	1907	49	telefonbuch_129	PTT-Archiv, P-260-1_Basel_1907	Basel
Bally-Burckhardt	Max		Grellingerstrasse 75	Basel	3493	1907	49	telefonbuch_129	PTT-Archiv, P-260-1_Basel_1907	Basel
Bally-Manifico	Theodor		Steinenring 25	Basel	221	1907	49	telefonbuch_129	PTT-Archiv, P-260-1_Basel_1907	Basel
Bâloise		Feuer, Direktion	Elisabethenstr. 46	Basel	2201	1907	49	telefonbuch_129	PTT-Archiv, P-260-1_Basel_1907	Basel
Bâloise		Generalagentur für „Feuer“	Elisabethenstr. 46	Basel	2159	1907	49	telefonbuch_129	PTT-Archiv, P-260-1_Basel_1907	Basel
Bâloise		Kasse	Elisabethenstr. 46	Basel	2200	1907	49	telefonbuch_129	PTT-Archiv, P-260-1_Basel_1907	Basel
Bâloise		Leben und Unfall, Direction	Elisabethenstr. 46	Basel	2172	1907	49	telefonbuch_129	PTT-Archiv, P-260-1_Basel_1907	Basel
Bâloise		Transport	Elisabethenstr. 51	Basel	2207	1907	49	telefonbuch_129	PTT-Archiv, P-260-1_Basel_1907	Basel
Bandi	Jules	Confiseur	Freiestrasse 90	Basel	1944	1907	50	telefonbuch_130	PTT-Archiv, P-260-1_Basel_1907	Basel
Bandi	Jules	Filiale	Centralbahnpl. 6	Basel	3351	1907	50	telefonbuch_130	PTT-Archiv, P-260-1_Basel_1907	Basel
Banga	Carl	Wwe., Molkerei	Dornacherstrasse 71	Basel	2467	1907	50	telefonbuch_130	PTT-Archiv, P-260-1_Basel_1907	Basel
Banholzer	Ad.	Zimmermeister	Sennheimerstr. 40	Basel	940	1907	50	telefonbuch_130	PTT-Archiv, P-260-1_Basel_1907	Basel
Bank in Basel		(Cassa)	Marktplatz 11	Basel	1605	1907	50	telefonbuch_130	PTT-Archiv, P-260-1_Basel_1907	Basel
Bank in Basel		(Direction)	Marktplatz 11	Basel	1319	1907	50	telefonbuch_130	PTT-Archiv, P-260-1_Basel_1907	Basel
Bankverein, Schweiz.		Direktion	Aeschenvorstadt 72	Basel		1907	50	telefonbuch_130	PTT-Archiv, P-260-1_Basel_1907	Basel
Bankverein, Schweiz.		Börsen- und Devisenabteilung	Aeschenvorstadt 72	Basel	22812095	1907	50	telefonbuch_130	PTT-Archiv, P-260-1_Basel_1907	Basel
Bankverein, Schweiz.		Sekretariat	Aeschenvorstadt 72	Basel	2083	1907	50	telefonbuch_130	PTT-Archiv, P-260-1_Basel_1907	Basel
Bankverein, Schweiz.		Kasse	Aeschenvorstadt 72	Basel	4545	1907	50	telefonbuch_130	PTT-Archiv, P-260-1_Basel_1907	Basel
Bankverein, Schweiz.		Wertschriftenabteilung	Aeschenvorstadt 72	Basel		1907	50	telefonbuch_130	PTT-Archiv, P-260-1_Basel_1907	Basel
Bankverein, Schweiz.		Börsensaal	Postgebäude	Basel	119	1907	50	telefonbuch_130	PTT-Archiv, P-260-1_Basel_1907	Basel
Bankverein, Schweiz.		Börsensaal	Postgebäude	Basel	118	1907	50	telefonbuch_130	PTT-Archiv, P-260-1_Basel_1907	Basel
Banque cantonale de Bâle			Blumenrain 2	Basel	1336	1907	50	telefonbuch_130	PTT-Archiv, P-260-1_Basel_1907	Basel
Banque cantonale de Bâle		Service spécial	Blumenrain 2	Basel	177	1907	50	telefonbuch_130	PTT-Archiv, P-260-1_Basel_1907	Basel
Banque foncière du Jura			St. Albananlage 1	Basel	1949	1907	50	telefonbuch_130	PTT-Archiv, P-260-1_Basel_1907	Basel
Bär-Boos	Paul		Kanonengasse 3	Basel	2532	1907	50	telefonbuch_130	PTT-Archiv, P-260-1_Basel_1907	Basel
Bär	F.	Förster	Zürcherstrasse 193	Basel	77	1907	50	telefonbuch_130	PTT-Archiv, P-260-1_Basel_1907	Basel
Bär	Louis	Tapezierer	Aeschenvorstadt 10	Basel	2076	1907	50	telefonbuch_130	PTT-Archiv, P-260-1_Basel_1907	Basel
Bär & Co.			Leonhardsgraben 6	Basel	2731	1907	50	telefonbuch_130	PTT-Archiv, P-260-1_Basel_1907	Basel
Bär & Co.			Leonhardsgraben 6	Basel	159	1907	50	telefonbuch_130	PTT-Archiv, P-260-1_Basel_1907	Basel
Bär & Co.			Lagerplatz Dreispitz	Basel	2292	1907	50	telefonbuch_130	PTT-Archiv, P-260-1_Basel_1907	Basel
Bär-Wernet	G.		Dornacherstrasse 9	Basel	968	1907	50	telefonbuch_130	PTT-Archiv, P-260-1_Basel_1907	Basel
Barbe-Hauser	E.	Hotel du Nord	Centralbahnstr. 17	Basel	2835	1907	50	telefonbuch_130	PTT-Archiv, P-260-1_Basel_1907	Basel
Barberis	G. B.		Steinenvorstadt 14	Basel	2148	1907	50	telefonbuch_130	PTT-Archiv, P-260-1_Basel_1907	Basel
Bardet & Cie.			Theaterstrasse 10	Basel	457	1907	50	telefonbuch_130	PTT-Archiv, P-260-1_Basel_1907	Basel
Barell-Leuzinger	Emil	Dr.	Greuzacherstr. 187	Basel	33	1907	50	telefonbuch_130	PTT-Archiv, P-260-1_Basel_1907	Basel
Barlow	F. F.		Nonnenweg 27	Basel	818	1907	50	telefonbuch_130	PTT-Archiv, P-260-1_Basel_1907	Basel
Barruschky	Friedr.	Spengler	Steinenvorstadt 27	Basel	2277	1907	50	telefonbuch_130	PTT-Archiv, P-260-1_Basel_1907	Basel
Bartenbach	Herm.	Eisenhandlung	Feldbergstrasse 113	Basel	3442	1907	50	telefonbuch_130	PTT-Archiv, P-260-1_Basel_1907	Basel
Barth-Burckhardt	Marg.	Wwe.	Schaffh. Rheinweg 61	Basel	3785	1907	50	telefonbuch_130	PTT-Archiv, P-260-1_Basel_1907	Basel
Barth	Paul	Dr.	Stadthausgasse 13	Basel	1469	1907	50	telefonbuch_130	PTT-Archiv, P-260-1_Basel_1907	Basel
Barth-Schwarb	J.	Schuhmachermeister	Ob. Heuberg 18	Basel	2374	1907	50	telefonbuch_130	PTT-Archiv, P-260-1_Basel_1907	Basel
Basler Anzeiger			Pfluggasse 1	Basel	2047	1907	50	telefonbuch_130	PTT-Archiv, P-260-1_Basel_1907	Basel
Basler Bandfabrik		vorm. Trüdinger & Cons.	Nauenstrasse 10	Basel	2194	1907	50	telefonbuch_130	PTT-Archiv, P-260-1_Basel_1907	Basel
Basler Baugesellschaft		Direktion, Kasse und Vermietungsbureau	Freiestrasse 17	Basel	2045	1907	50	telefonbuch_130	PTT-Archiv, P-260-1_Basel_1907	Basel
Basler Baugesellschaft		Architekturbureau	Freiestrasse 17	Basel	2008	1907	50	telefonbuch_130	PTT-Archiv, P-260-1_Basel_1907	Basel
Basler Baugesellschaft		Ingenieurbureau, Maurergeschäft, Betonbau, Gipsergeschäft, Werkhof	Grenzacherstr. 32	Basel	3738	1907	50	telefonbuch_130	PTT-Archiv, P-260-1_Basel_1907	Basel
Basler Baugesellschaft		Steinmetzbetrieb	Grenzacherstr. 209	Basel	3234	1907	50	telefonbuch_130	PTT-Archiv, P-260-1_Basel_1907	Basel
Basler Baugesellschaft		siehe unter „Münchenstein“		Basel		1907	50	telefonbuch_130	PTT-Archiv, P-260-1_Basel_1907	Basel
Basler Buch- und Antiquariatshandlung		vorm. Ad. Geering	Bäumleingasse 10	Basel	1851	1907	50	telefonbuch_130	PTT-Archiv, P-260-1_Basel_1907	Basel
Basler Bürsten- und Pinselfabrik		Gebr. Steib	Pfeffingerstrasse 101	Basel	3858	1907	50	telefonbuch_130	PTT-Archiv, P-260-1_Basel_1907	Basel
Basler Bürsten- und Pinselfabrik		(Filiale)	Aeschenvorstadt 43	Basel	2043	1907	50	telefonbuch_130	PTT-Archiv, P-260-1_Basel_1907	Basel
Basler Bürsten- und Pinselfabrik		(Filiale)	Unt. Rheingasse 15	Basel	1266	1907	50	telefonbuch_130	PTT-Archiv, P-260-1_Basel_1907	Basel
Basler Centralheizungs-Fabrik		Stehle & Gutknecht	Bärenfelserstr. 47	Basel	2369	1907	50	telefonbuch_130	PTT-Archiv, P-260-1_Basel_1907	Basel
Basler chem. Fabrik		s. unter „Kleinhünigen“		Basel	3332	1907	51	telefonbuch_131	PTT-Archiv, P-260-1_Basel_1907	Basel
Basler Droguerie Leonhard Bernoulli & Co.			Hochstrasse 16	Basel	3889	1907	51	telefonbuch_131	PTT-Archiv, P-260-1_Basel_1907	Basel
Basler Droschkenanstalt Seitelen		Droschken und Möbeltransport	Davidsgasse 15	Basel	1519	1907	51	telefonbuch_131	PTT-Archiv, P-260-1_Basel_1907	Basel
Dieselbe			Davidsgasse 15	Basel	1531	1907	51	telefonbuch_131	PTT-Archiv, P-260-1_Basel_1907	Basel
Dieselbe		Camionnage und Fuhrhalterei	Solothurnerstr. 12	Basel	3946	1907	51	telefonbuch_131	PTT-Archiv, P-260-1_Basel_1907	Basel
Basler Druck- und Verlagsanstalt			Pfluggasse 1	Basel	2113	1907	51	telefonbuch_131	PTT-Archiv, P-260-1_Basel_1907	Basel
Basler Effektenbörse		I	Postgebäude	Basel	3146	1907	51	telefonbuch_131	PTT-Archiv, P-260-1_Basel_1907	Basel
Basler Effektenbörse		II	Postgebäude	Basel	4302	1907	51	telefonbuch_131	PTT-Archiv, P-260-1_Basel_1907	Basel
Basler Effektenbörse		III	Postgebäude	Basel	117	1907	51	telefonbuch_131	PTT-Archiv, P-260-1_Basel_1907	Basel
Basler Effektenbörse		IV	Postgebäude	Basel	1419	1907	51	telefonbuch_131	PTT-Archiv, P-260-1_Basel_1907	Basel
Basler Eisgesellschaft		(Bronner & Co.)	Nauenstrasse 1	Basel	2270	1907	51	telefonbuch_131	PTT-Archiv, P-260-1_Basel_1907	Basel
Basler	J.	& Co.	Totentanz 1	Basel	1366	1907	51	telefonbuch_131	PTT-Archiv, P-260-1_Basel_1907	Basel
Basler Lagerhausgesellschaft		(Lagerhaus, Kassa und Direktion)	Isteinerstrasse 120	Basel	2401	1907	51	telefonbuch_131	PTT-Archiv, P-260-1_Basel_1907	Basel
Dieselbe		Spedition	Isteinerstrasse 120	Basel	4496	1907	51	telefonbuch_131	PTT-Archiv, P-260-1_Basel_1907	Basel
Dieselbe		Güterbahnhof Wolf der S. B. B.	St. Jakobstr.	Basel	4213	1907	51	telefonbuch_131	PTT-Archiv, P-260-1_Basel_1907	Basel
Dieselbe		amtliche Güterbestätterei der Badischen Bahn, Bureau No. 14	Bad. Bahnhof	Basel	3220	1907	51	telefonbuch_131	PTT-Archiv, P-260-1_Basel_1907	Basel
Basler Milchgenossenschaft			Friedrichstrasse 18	Basel	381	1907	51	telefonbuch_131	PTT-Archiv, P-260-1_Basel_1907	Basel
Basler Möbelfabrik A.-G.		vorm. Hermann Wagner & Co., Direktion und Abteilung Schreinerei	Mittlerestrasse 30	Basel	2640	1907	51	telefonbuch_131	PTT-Archiv, P-260-1_Basel_1907	Basel
Basler Nachrichten		Expedition	Gerbergasse 40	Basel	3041	1907	51	telefonbuch_131	PTT-Archiv, P-260-1_Basel_1907	Basel
Basler Nachrichten		Druckerei	Gerbergasse 40	Basel	3339	1907	51	telefonbuch_131	PTT-Archiv, P-260-1_Basel_1907	Basel
Basler Nachrichten		Redaktion	Gerbergasse 40	Basel	3057	1907	51	telefonbuch_131	PTT-Archiv, P-260-1_Basel_1907	Basel
Basler Pfandleihanstalt			Luftgässlein 5	Basel	1751	1907	51	telefonbuch_131	PTT-Archiv, P-260-1_Basel_1907	Basel
Basler Seidenhaus			Falknerstrasse 1	Basel	1982	1907	51	telefonbuch_131	PTT-Archiv, P-260-1_Basel_1907	Basel
Basler Stempelfabrik	Fr. Keller		Bäumleingasse 12	Basel	209	1907	51	telefonbuch_131	PTT-Archiv, P-260-1_Basel_1907	Basel
Basler Strassenbahnen		Direktion	Claragraben 57	Basel	3822	1907	51	telefonbuch_131	PTT-Archiv, P-260-1_Basel_1907	Basel
Basler Strassenbahnen		Betriebsinspektion, Dienstbureau, Fundbureau	Claragraben 57	Basel	1236	1907	51	telefonbuch_131	PTT-Archiv, P-260-1_Basel_1907	Basel
Basler Strassenbahnen		Buchhaltung, Kasse, Bahningenieur	Claragraben 57	Basel	3815	1907	51	telefonbuch_131	PTT-Archiv, P-260-1_Basel_1907	Basel
Basler Strassenbahnen		Kraftstation	Claragraben 57	Basel	3802	1907	51	telefonbuch_131	PTT-Archiv, P-260-1_Basel_1907	Basel
Basler Strassenbahnen		Stationsgebäude Barfüsserplatz	Barfüsserplatz	Basel	4266	1907	51	telefonbuch_131	PTT-Archiv, P-260-1_Basel_1907	Basel
Basler Strassenbahnen		Dépôt Klybeck, Wagenremise, Werkstätten	Klybeckstrasse 212	Basel	3381	1907	51	telefonbuch_131	PTT-Archiv, P-260-1_Basel_1907	Basel
Basler Strassenbahnen		Klybeck, Bureau, Materialverwaltung	Klybeckstrasse 212	Basel	3228	1907	51	telefonbuch_131	PTT-Archiv, P-260-1_Basel_1907	Basel
Basler Strassenbahnen		Allschwilerstrasse	Aeussere Allschwilerstrasse	Basel	285	1907	51	telefonbuch_131	PTT-Archiv, P-260-1_Basel_1907	Basel
Basler Strassenbahnen		Wiesenplatz	Wiesenplatz	Basel		1907	51	telefonbuch_131	PTT-Archiv, P-260-1_Basel_1907	Basel
Basler Strassenbahnen		Arlesheim (siehe Arlesheim)		Basel	2876	1907	51	telefonbuch_131	PTT-Archiv, P-260-1_Basel_1907	Basel
Basler Strassenbahnen		Wohnung des Direktors	Socinstrasse 81	Basel	991	1907	51	telefonbuch_131	PTT-Archiv, P-260-1_Basel_1907	Basel
Basler Strassenbahnen		Wohnung des Adjunkten des Direktors	Kandererstrasse 32	Basel	91	1907	51	telefonbuch_131	PTT-Archiv, P-260-1_Basel_1907	Basel
Basler Strassenbahnen		Wohnung des Betriebsinspektors	Ob. Rebgasse 1/3	Basel	3819	1907	51	telefonbuch_131	PTT-Archiv, P-260-1_Basel_1907	Basel
Basler Verkaufs-Centrale der Churer Lack- und Farbenfabrik			Heumattstrasse 19	Basel	2226	1907	51	telefonbuch_131	PTT-Archiv, P-260-1_Basel_1907	Basel
Basler Versicherungsgesellschaften		Feuer, Direktion	Elisabethenstr. 46	Basel	2201	1907	51	telefonbuch_131	PTT-Archiv, P-260-1_Basel_1907	Basel
Dieselben		Generalagentur für „Feuer“	Elisabethenstr. 46	Basel	2159	1907	51	telefonbuch_131	PTT-Archiv, P-260-1_Basel_1907	Basel
Basler Versicherungsgesellschaften		Feuer, Kasse	Elisabethenstr. 46	Basel	2200	1907	52	telefonbuch_132	PTT-Archiv, P-260-1_Basel_1907	Basel
Basler Versicherungsgesellschaften		Leben und Unfall, Direktion	Elisabethenstr. 46	Basel	2172	1907	52	telefonbuch_132	PTT-Archiv, P-260-1_Basel_1907	Basel
Basler Versicherungsgesellschaften		Transport	Elisabethenstr. 51	Basel	2207	1907	52	telefonbuch_132	PTT-Archiv, P-260-1_Basel_1907	Basel
Basler Volksblatt			Petersgasse 34	Basel	1687	1907	52	telefonbuch_132	PTT-Archiv, P-260-1_Basel_1907	Basel
Basler Volkshaus und Gasthof z. Blume			Schwanengasse 4	Basel	1695	1907	52	telefonbuch_132	PTT-Archiv, P-260-1_Basel_1907	Basel
Basler Vorwärts			Petersberg 29	Basel	1738	1907	52	telefonbuch_132	PTT-Archiv, P-260-1_Basel_1907	Basel
Basler Wach- u. Schliessgesellschaft			Utengasse 16	Basel	4455	1907	52	telefonbuch_132	PTT-Archiv, P-260-1_Basel_1907	Basel
Basler Wechselstube	R.	Blendinger	Marktplatz 14	Basel	1931	1907	52	telefonbuch_132	PTT-Archiv, P-260-1_Basel_1907	Basel
Basler Wichsefabrik		Luchsinger & Cie.	Bruderholzstr. 104	Basel	1458	1907	52	telefonbuch_132	PTT-Archiv, P-260-1_Basel_1907	Basel
Basler Wohnungsanzeiger		Redaktion	Dornacherstrasse 137	Basel	4081	1907	52	telefonbuch_132	PTT-Archiv, P-260-1_Basel_1907	Basel
Basler Zeitung und Handelsblatt			Elisabethenstr. 11	Basel	1961	1907	52	telefonbuch_132	PTT-Archiv, P-260-1_Basel_1907	Basel
Basler Zeitung und Handelsblatt		Redaktion	Elisabethenstr. 11	Basel	2412	1907	52	telefonbuch_132	PTT-Archiv, P-260-1_Basel_1907	Basel
Bässler	J.	Mech. Schreinerei	Colmarerstrasse 13	Basel	527	1907	52	telefonbuch_132	PTT-Archiv, P-260-1_Basel_1907	Basel
Baudepartement		Sekretariat	Münsterplatz 11	Basel	1167	1907	52	telefonbuch_132	PTT-Archiv, P-260-1_Basel_1907	Basel
Baudepartement		Kantonsing., I. Adjunkt u. Zeichnungsbureau	Münsterplatz 11	Basel	1174	1907	52	telefonbuch_132	PTT-Archiv, P-260-1_Basel_1907	Basel
Baudepartement		Kassa	Münsterplatz 11	Basel	4490	1907	52	telefonbuch_132	PTT-Archiv, P-260-1_Basel_1907	Basel
Baudepartement		Hochbauinspektor I u. II, Hochbaubureau I u. II, Mobiliarverwalter, Heizungsingenieur	Münsterplatz 11	Basel	1168	1907	52	telefonbuch_132	PTT-Archiv, P-260-1_Basel_1907	Basel
Baudepartement		Werkhof, Materialverwaltung	Pestalozzistrasse 30	Basel	1537	1907	52	telefonbuch_132	PTT-Archiv, P-260-1_Basel_1907	Basel
Baudepartement		Bauverwalter I und II	Münsterplatz 11	Basel	435	1907	52	telefonbuch_132	PTT-Archiv, P-260-1_Basel_1907	Basel
Baudepartement		Baupolizei	Münsterplatz 11	Basel	120	1907	52	telefonbuch_132	PTT-Archiv, P-260-1_Basel_1907	Basel
Baudepartement		Baubureau der Börse	Fischmarkt	Basel	4521	1907	52	telefonbuch_132	PTT-Archiv, P-260-1_Basel_1907	Basel
Baudepartement		Baubureau des Inselschulhauses	Inselstrasse	Basel	960	1907	52	telefonbuch_132	PTT-Archiv, P-260-1_Basel_1907	Basel
Baudepartement		Kanalisationsbureau	Münsterplatz 11	Basel	1826	1907	52	telefonbuch_132	PTT-Archiv, P-260-1_Basel_1907	Basel
Baudepartement		Strasseninspektorat	Ob. Rebgasse 1	Basel	3218	1907	52	telefonbuch_132	PTT-Archiv, P-260-1_Basel_1907	Basel
Baudepartement		Strasseninspektorat, Wohnung	Oberwilerstrasse 26	Basel	271	1907	52	telefonbuch_132	PTT-Archiv, P-260-1_Basel_1907	Basel
Baudepartement		Hauptmagazin der Strassenreinigung	Blumenrain 5	Basel	652	1907	52	telefonbuch_132	PTT-Archiv, P-260-1_Basel_1907	Basel
Baudepartement		Stadtuhrenmacher	Nadelberg 11	Basel	2575	1907	52	telefonbuch_132	PTT-Archiv, P-260-1_Basel_1907	Basel
Baudirektion des Stadttheaters	F.	Stehlin, Arch.	Kohlenberg 7	Basel	488	1907	52	telefonbuch_132	PTT-Archiv, P-260-1_Basel_1907	Basel
Bauer-Brombacher	Fr.	Buchbinder	Hebelstrasse 11	Basel	461	1907	52	telefonbuch_132	PTT-Archiv, P-260-1_Basel_1907	Basel
Bauer	Camille		Dornacherstrasse 18	Basel	2205	1907	52	telefonbuch_132	PTT-Archiv, P-260-1_Basel_1907	Basel
Bauer	Carl	Holz- und Metallhandlung	Steinenthorstrasse 4	Basel	2167	1907	52	telefonbuch_132	PTT-Archiv, P-260-1_Basel_1907	Basel
Bauer	Carl	Tapezierer	Binningerstr. 31	Basel	4017	1907	52	telefonbuch_132	PTT-Archiv, P-260-1_Basel_1907	Basel
Bauer	Conrad	Metzgermeister	Schneidergasse 19	Basel	399	1907	52	telefonbuch_132	PTT-Archiv, P-260-1_Basel_1907	Basel
Bauer	Gottfried	Buchdruckerei	St. Johannvorst. 41	Basel	1707	1907	52	telefonbuch_132	PTT-Archiv, P-260-1_Basel_1907	Basel
Bauer-Kirch	Franz		Rütlistrasse 43	Basel	3607	1907	52	telefonbuch_132	PTT-Archiv, P-260-1_Basel_1907	Basel
Bauer	J. M.		Freiestrasse 6	Basel	1575	1907	52	telefonbuch_132	PTT-Archiv, P-260-1_Basel_1907	Basel
Bauer-Sturm	Hch.	Hotel Bauer	Blumenrain 12	Basel	1302	1907	52	telefonbuch_132	PTT-Archiv, P-260-1_Basel_1907	Basel
Bauler-Wieland	J.		Grellingerstrasse 21	Basel	3561	1907	52	telefonbuch_132	PTT-Archiv, P-260-1_Basel_1907	Basel
Bauler & Baur			Freiestrasse 22	Basel	1801	1907	52	telefonbuch_132	PTT-Archiv, P-260-1_Basel_1907	Basel
Baumann	Anton		Maulbeerweg 19	Basel	1214	1907	52	telefonbuch_132	PTT-Archiv, P-260-1_Basel_1907	Basel
Baumann	E.	Hôtel Sonne	Ob. Rheingasse 25	Basel	1221	1907	52	telefonbuch_132	PTT-Archiv, P-260-1_Basel_1907	Basel
Baumann	H. Sohn	Spezierer	Holbeinstrasse 56	Basel	262	1907	52	telefonbuch_132	PTT-Archiv, P-260-1_Basel_1907	Basel
Baumann-Kühnle	Joseph		Colmarerstrasse 12	Basel	848	1907	52	telefonbuch_132	PTT-Archiv, P-260-1_Basel_1907	Basel
Baumann-Lohner	C.	Tapezierer	Palmenstrasse 22	Basel	496	1907	52	telefonbuch_132	PTT-Archiv, P-260-1_Basel_1907	Basel
Baumann	P.	Leiter d. Kinderhorte d. Primarschulen	Ob. Rheinweg 93	Basel	3262	1907	53	telefonbuch_133	PTT-Archiv, P-260-1_Basel_1907	Basel
Baumann-Schäublin	Jac.		Weiherweg 54	Basel	523	1907	53	telefonbuch_133	PTT-Archiv, P-260-1_Basel_1907	Basel
Baumann & Wehrly			Hammerstrasse 113	Basel	3444	1907	53	telefonbuch_133	PTT-Archiv, P-260-1_Basel_1907	Basel
Baumberger-Schneider	Ww. E.		Schützenmattstr. 50	Basel	3177	1907	53	telefonbuch_133	PTT-Archiv, P-260-1_Basel_1907	Basel
Baumgartner	Ed.		Aeschengraben 32	Basel	2389	1907	53	telefonbuch_133	PTT-Archiv, P-260-1_Basel_1907	Basel
Baumgartner	Ed.		Steinenvorstadt 8	Basel	2516	1907	53	telefonbuch_133	PTT-Archiv, P-260-1_Basel_1907	Basel
Baumgartner	Emil	Wirt	Elsässerstrasse 13	Basel	4144	1907	53	telefonbuch_133	PTT-Archiv, P-260-1_Basel_1907	Basel
Baumgartner	Karl	Malermeister	Claragraben 56	Basel	3640	1907	53	telefonbuch_133	PTT-Archiv, P-260-1_Basel_1907	Basel
Baumgartner-Mica	H.	Ingenieur	Unt. Rebgasse 11	Basel	4540	1907	53	telefonbuch_133	PTT-Archiv, P-260-1_Basel_1907	Basel
Baumgartner	Otto		Hebelstrasse 79	Basel	1652	1907	53	telefonbuch_133	PTT-Archiv, P-260-1_Basel_1907	Basel
Baumgartner & Co.			Claragraben 37	Basel	1306	1907	53	telefonbuch_133	PTT-Archiv, P-260-1_Basel_1907	Basel
Baumgartner	X.	Hotel Breisgauerhof	Hüningerstrasse 2	Basel	1416	1907	53	telefonbuch_133	PTT-Archiv, P-260-1_Basel_1907	Basel
Baumli-Jost	B.		Badergässlein 8	Basel	4470	1907	53	telefonbuch_133	PTT-Archiv, P-260-1_Basel_1907	Basel
Baur	Dr. Fritz	Redaktor	Wartenbergstr. 37	Basel	564	1907	53	telefonbuch_133	PTT-Archiv, P-260-1_Basel_1907	Basel
Baur-Greiner	Georg	Bäcker und Wirt	Unt. Rebgasse 14	Basel	1247	1907	53	telefonbuch_133	PTT-Archiv, P-260-1_Basel_1907	Basel
Baur	Karl	Schreinermeister	Drahtzugstrasse 26	Basel	3422	1907	53	telefonbuch_133	PTT-Archiv, P-260-1_Basel_1907	Basel
Baur-Lippe	Samuel		Mostackerstrasse 8	Basel	672	1907	53	telefonbuch_133	PTT-Archiv, P-260-1_Basel_1907	Basel
Baur	Samuel	Schlossermeister	Hardtstrasse 28	Basel	3784	1907	53	telefonbuch_133	PTT-Archiv, P-260-1_Basel_1907	Basel
Baur	Samuel	& Sohn, Maler	Gemsberg 5	Basel	2751	1907	53	telefonbuch_133	PTT-Archiv, P-260-1_Basel_1907	Basel
Baur		Schwestern	Eisengasse 30	Basel	1591	1907	53	telefonbuch_133	PTT-Archiv, P-260-1_Basel_1907	Basel
Bausteinfabrik Kleinhüningen			Kleinhüningerstr. 180	Basel	3198	1907	53	telefonbuch_133	PTT-Archiv, P-260-1_Basel_1907	Basel
Bayer-Studer	Wwe.	Corsettengeschäft	Streitgasse 14	Basel	2011	1907	53	telefonbuch_133	PTT-Archiv, P-260-1_Basel_1907	Basel
Bayer & Röthlisberger		Chem. Waschanstalt und Färberei, Laden	Gerbergasse 57	Basel	2188	1907	53	telefonbuch_133	PTT-Archiv, P-260-1_Basel_1907	Basel
Bayer & Röthlisberger		Fabrik und Bureau	Gerbergasse 57	Basel	2188	1907	53	telefonbuch_133	PTT-Archiv, P-260-1_Basel_1907	Basel
Bazzell	L.	Hôtel Metropole & Monopol	Barfüsserplatz 3	Basel	2353	1907	53	telefonbuch_133	PTT-Archiv, P-260-1_Basel_1907	Basel
Bea	C.	fils, automobiles	Mülhauserstrasse 94	Basel	304	1907	53	telefonbuch_133	PTT-Archiv, P-260-1_Basel_1907	Basel
Bea	Karl	Restauration zum badischen Hof	Bahnhofstrasse 55	Basel	3310	1907	53	telefonbuch_133	PTT-Archiv, P-260-1_Basel_1907	Basel
Beck	Albert	Wwe., Bauschreinerei u. Glaserei	Hardtstrasse 129	Basel	3777	1907	53	telefonbuch_133	PTT-Archiv, P-260-1_Basel_1907	Basel
Beck	Dr. Theodor		Missionsstrasse 19	Basel	1513	1907	53	telefonbuch_133	PTT-Archiv, P-260-1_Basel_1907	Basel
Beck & Co.			Birsigstrasse 54	Basel	2566	1907	53	telefonbuch_133	PTT-Archiv, P-260-1_Basel_1907	Basel
Becker	Adolf		Freiestrasse 107	Basel	2931	1907	53	telefonbuch_133	PTT-Archiv, P-260-1_Basel_1907	Basel
Beckmann	Dr. Bruno		Angensteinerstr. 31	Basel	474	1907	53	telefonbuch_133	PTT-Archiv, P-260-1_Basel_1907	Basel
Beil	Jean	Käsehandlung, Bureau	Tellstrasse 7	Basel	3860	1907	53	telefonbuch_133	PTT-Archiv, P-260-1_Basel_1907	Basel
Beil	Jean	Wohnung	Pfeffingerstrasse 79	Basel	3879	1907	53	telefonbuch_133	PTT-Archiv, P-260-1_Basel_1907	Basel
Bek-von Köppel	Emil Osc.	Glasmaler	Friedensgasse 69	Basel	4192	1907	53	telefonbuch_133	PTT-Archiv, P-260-1_Basel_1907	Basel
Bekbissinger	E.	Bäckerei	Schauenburgerstr. 22	Basel	412	1907	53	telefonbuch_133	PTT-Archiv, P-260-1_Basel_1907	Basel
Bélat-Vögtli	C.		Falkensteinerstr. 11	Basel	3926	1907	53	telefonbuch_133	PTT-Archiv, P-260-1_Basel_1907	Basel
Bell	Eduard	Metzger	Spalenberg 13	Basel	2713	1907	53	telefonbuch_133	PTT-Archiv, P-260-1_Basel_1907	Basel
Bell	Samuel	Söhne	Streitgasse 20	Basel	2055	1907	53	telefonbuch_133	PTT-Archiv, P-260-1_Basel_1907	Basel
Bellasio	Arthur	Wohnung	Schweizergasse 53	Basel	642	1907	53	telefonbuch_133	PTT-Archiv, P-260-1_Basel_1907	Basel
Belz	Carl	Buchbinderei	Gemsberg 7	Basel	436	1907	53	telefonbuch_133	PTT-Archiv, P-260-1_Basel_1907	Basel
Bender-Bender	J.		Unt. Rheinweg 46	Basel	1292	1907	53	telefonbuch_133	PTT-Archiv, P-260-1_Basel_1907	Basel
Benkler-Meier	Emil		Clarastrasse 35	Basel	4486	1907	53	telefonbuch_133	PTT-Archiv, P-260-1_Basel_1907	Basel
Benz	Emma		Oberwilerstr. 17	Basel	144	1907	53	telefonbuch_133	PTT-Archiv, P-260-1_Basel_1907	Basel
Benz		Restauration (E. Burkart-Spiess)	Bahnhofstrasse 151	Basel	662	1907	53	telefonbuch_133	PTT-Archiv, P-260-1_Basel_1907	Basel
Benz	H.		Leonhardsgraben 61	Basel	3003	1907	53	telefonbuch_133	PTT-Archiv, P-260-1_Basel_1907	Basel
Berger-Bechtel	Wwe.	Wirtschaft	Freiburgerstrasse 1	Basel	3341	1907	53	telefonbuch_133	PTT-Archiv, P-260-1_Basel_1907	Basel
Berger	Emil		Schanzenstrasse 18	Basel	3280	1907	54	telefonbuch_134	PTT-Archiv, P-260-1_Basel_1907	Basel
Bergmaier	Wilh.	Schlossermeister	Bartenheimerstr. 15	Basel	996	1907	54	telefonbuch_134	PTT-Archiv, P-260-1_Basel_1907	Basel
Bergmann	Julius		Freiestrasse 11	Basel	463	1907	54	telefonbuch_134	PTT-Archiv, P-260-1_Basel_1907	Basel
Bernard	Edouard		Marschalkenstr. 27	Basel	4536	1907	54	telefonbuch_134	PTT-Archiv, P-260-1_Basel_1907	Basel
Bernauer-Iselin	Adolf	Metzger	Clarastrasse 24	Basel	3707	1907	54	telefonbuch_134	PTT-Archiv, P-260-1_Basel_1907	Basel
Bernauer-Kraft	K.	Erdbauunternehmer	Spalenring 16	Basel	836	1907	54	telefonbuch_134	PTT-Archiv, P-260-1_Basel_1907	Basel
Bernauer-Reichert	R.		Allschwilerstr. 63	Basel	816	1907	54	telefonbuch_134	PTT-Archiv, P-260-1_Basel_1907	Basel
Bernet	J. J.	Conditor	Aeschenvorstadt 53	Basel	1998	1907	54	telefonbuch_134	PTT-Archiv, P-260-1_Basel_1907	Basel
Bernhard	Alfred	Droguerie	Dornacherstr. 183	Basel	547	1907	54	telefonbuch_134	PTT-Archiv, P-260-1_Basel_1907	Basel
Bernhardt	Carl	Vertreter d. Velofabr. Cosmos	Missionsstrasse 54	Basel	176	1907	54	telefonbuch_134	PTT-Archiv, P-260-1_Basel_1907	Basel
Bernheim	Charles	Metzgermeister	Ob. Heuberg 2	Basel	2860	1907	54	telefonbuch_134	PTT-Archiv, P-260-1_Basel_1907	Basel
Bernheim	Henri		Aeschenvorstadt 72	Basel	2300	1907	54	telefonbuch_134	PTT-Archiv, P-260-1_Basel_1907	Basel
Bernheim	Marc		Aeschengraben 30	Basel	1939	1907	54	telefonbuch_134	PTT-Archiv, P-260-1_Basel_1907	Basel
Bernheim	Philipp		Nauenstrasse 53	Basel	4070	1907	54	telefonbuch_134	PTT-Archiv, P-260-1_Basel_1907	Basel
Bernheim	Ph.	& Co.	Elisabethenstr. 85	Basel	2381	1907	54	telefonbuch_134	PTT-Archiv, P-260-1_Basel_1907	Basel
Bernheim	Ph.	& Co., Dieselben	Elisabethenstr. 85	Basel	3060	1907	54	telefonbuch_134	PTT-Archiv, P-260-1_Basel_1907	Basel
Bernheim	Ph.	& Co., Dieselben	Elisabethenstr. 85	Basel	3969	1907	54	telefonbuch_134	PTT-Archiv, P-260-1_Basel_1907	Basel
Bernoulli	Dan. Alfr.	Architekt	St. Albanvorstadt 16	Basel	1091	1907	54	telefonbuch_134	PTT-Archiv, P-260-1_Basel_1907	Basel
Bernoulli	Dr. C. Chr.	Oberbibliothekar	Holbeinstrasse 69	Basel	3650	1907	54	telefonbuch_134	PTT-Archiv, P-260-1_Basel_1907	Basel
Bernoulli-Gengenbach	F.		Schützengraben 49	Basel	429	1907	54	telefonbuch_134	PTT-Archiv, P-260-1_Basel_1907	Basel
Bernoulli-Glitsch	Dr. Daniel		Steinengraben 77	Basel	2515	1907	54	telefonbuch_134	PTT-Archiv, P-260-1_Basel_1907	Basel
Bernoulli	Leonhard	& Cie., Basler Droguerie	Hochstrasse 16	Basel	3889	1907	54	telefonbuch_134	PTT-Archiv, P-260-1_Basel_1907	Basel
Bernoulli	Marie u. Mathilde	Kunstphotogr.	Bäumleingasse 14	Basel	1983	1907	54	telefonbuch_134	PTT-Archiv, P-260-1_Basel_1907	Basel
Bernoulli-Reber	Prof. Dr. J. J.		Kanonengasse 19	Basel	3083	1907	54	telefonbuch_134	PTT-Archiv, P-260-1_Basel_1907	Basel
Bernoulli-Riggenbach	Ed.		Langegasse 11	Basel	1902	1907	54	telefonbuch_134	PTT-Archiv, P-260-1_Basel_1907	Basel
Bernoulli-Sartorius	Dr. Wilh.		Maiengasse 57	Basel	3070	1907	54	telefonbuch_134	PTT-Archiv, P-260-1_Basel_1907	Basel
Bernoulli-Sulger	Wwe. H.		Steinengraben 73	Basel	2764	1907	54	telefonbuch_134	PTT-Archiv, P-260-1_Basel_1907	Basel
Bernoulli-Vischer	W.	Architektur u. Baugesch.	Clarahofweg 25	Basel	4450	1907	54	telefonbuch_134	PTT-Archiv, P-260-1_Basel_1907	Basel
Bernoulli-Vischer	W.	Derselbe, Wohnung	Warteubergstr. 11	Basel	4184	1907	54	telefonbuch_134	PTT-Archiv, P-260-1_Basel_1907	Basel
Bernoulli-von der Tann	W. L.		Leimenstrasse 30	Basel	2880	1907	54	telefonbuch_134	PTT-Archiv, P-260-1_Basel_1907	Basel
Bertholet	Prof. A.		Leonhardstrasse 8	Basel	2679	1907	54	telefonbuch_134	PTT-Archiv, P-260-1_Basel_1907	Basel
Berthoud	Georges		St. Jakobstrasse 15	Basel	4262	1907	54	telefonbuch_134	PTT-Archiv, P-260-1_Basel_1907	Basel
Bertolf	Wilhelm		Freiestrasse 42	Basel	1884	1907	54	telefonbuch_134	PTT-Archiv, P-260-1_Basel_1907	Basel
Bertrams	Heinrich		Utengasse 15	Basel	1196	1907	54	telefonbuch_134	PTT-Archiv, P-260-1_Basel_1907	Basel
Bertrand	Charles	Bureau Fortuna	Gundoldingerstr. 209	Basel	658	1907	54	telefonbuch_134	PTT-Archiv, P-260-1_Basel_1907	Basel
Bertrand		& Cie.	Thiersteinerallee 9	Basel	538	1907	54	telefonbuch_134	PTT-Archiv, P-260-1_Basel_1907	Basel
Bertsch	W.	Landschaftsgärtner	Neubadstrasse 270	Basel	831	1907	54	telefonbuch_134	PTT-Archiv, P-260-1_Basel_1907	Basel
Bertschi		Buchdruckerei	Petersgasse 40	Basel	1677	1907	54	telefonbuch_134	PTT-Archiv, P-260-1_Basel_1907	Basel
Beschle	Ernst	Conditorei	Holbeinstrasse 49	Basel	3124	1907	54	telefonbuch_134	PTT-Archiv, P-260-1_Basel_1907	Basel
Besse	Justin	mech. Teppichklopferei u. Schreinerei	Liesbergerstrasse 15	Basel	3502	1907	54	telefonbuch_134	PTT-Archiv, P-260-1_Basel_1907	Basel
Bessermann		Dr. med.	Steinengraben 46	Basel	4514	1907	54	telefonbuch_134	PTT-Archiv, P-260-1_Basel_1907	Basel
Bestattungswesen			Domhof	Basel	2165	1907	54	telefonbuch_134	PTT-Archiv, P-260-1_Basel_1907	Basel
Betsch-Mähly	Dr. G. J. A.		Marschalkenstr. 20	Basel	4220	1907	54	telefonbuch_134	PTT-Archiv, P-260-1_Basel_1907	Basel
Betsche	Albert	Bäckermeister	Landskronstr. 31	Basel	2557	1907	54	telefonbuch_134	PTT-Archiv, P-260-1_Basel_1907	Basel
Bettwarengeschäft Rosenmund			Spalenring 166	Basel	2960	1907	54	telefonbuch_134	PTT-Archiv, P-260-1_Basel_1907	Basel
Betz	G.	& Sohn, mech. Werkstätte	Mörsbergerstr. 54	Basel	822	1907	54	telefonbuch_134	PTT-Archiv, P-260-1_Basel_1907	Basel
Betz	J.	& Cie., Cementgeschäft	Eulerstrasse 53	Basel	2759	1907	54	telefonbuch_134	PTT-Archiv, P-260-1_Basel_1907	Basel
Beutel	E.		Elisabethenstr. 77	Basel	2253	1907	54	telefonbuch_134	PTT-Archiv, P-260-1_Basel_1907	Basel
Beuttner	E.	St. Clara-Apotheke	Clarastrasse 22	Basel	3532	1907	54	telefonbuch_134	PTT-Archiv, P-260-1_Basel_1907	Basel
Bibliothek		öffentliche	Schönbeinstrasse 20	Basel	2636	1907	55	telefonbuch_135	PTT-Archiv, P-260-1_Basel_1907	Basel
Bickart & Neu			Ob. Heuberg 22	Basel	1115	1907	55	telefonbuch_135	PTT-Archiv, P-260-1_Basel_1907	Basel
Bickel	J.	Telephonchef	Mittlerestrasse 78	Basel	95	1907	55	telefonbuch_135	PTT-Archiv, P-260-1_Basel_1907	Basel
Bickert	Henri		Leimenstrasse 36	Basel	4408	1907	55	telefonbuch_135	PTT-Archiv, P-260-1_Basel_1907	Basel
Bider	Max	Dr., pract. Arzt	Schützenmattstr. 39	Basel	2660	1907	55	telefonbuch_135	PTT-Archiv, P-260-1_Basel_1907	Basel
Bider-Münger	A.	Dr., Arzt	Klingenthalgraben 35	Basel	3459	1907	55	telefonbuch_135	PTT-Archiv, P-260-1_Basel_1907	Basel
Bieder-Iselin	A.	Dr.	Byfangweg 14	Basel	2990	1907	55	telefonbuch_135	PTT-Archiv, P-260-1_Basel_1907	Basel
Bieder		„Löwenzorn“	Gemsberg 2/4	Basel	2796	1907	55	telefonbuch_135	PTT-Archiv, P-260-1_Basel_1907	Basel
Bieder & Vischer			Kaufhausgasse 7	Basel	2027	1907	55	telefonbuch_135	PTT-Archiv, P-260-1_Basel_1907	Basel
Biedert-Hafner	W.	Fuhrhalter	Elsässerstrasse 84	Basel	1726	1907	55	telefonbuch_135	PTT-Archiv, P-260-1_Basel_1907	Basel
Bierer	Joseph		Peter Merianstr. 21	Basel	2710	1907	55	telefonbuch_135	PTT-Archiv, P-260-1_Basel_1907	Basel
Bierhalle Thoma		(Ed. Villaret-Bertrand)	Ob. Rheingasse 2	Basel	1118	1907	55	telefonbuch_135	PTT-Archiv, P-260-1_Basel_1907	Basel
Biermann	Gustav		Murtengasse 8	Basel	3796	1907	55	telefonbuch_135	PTT-Archiv, P-260-1_Basel_1907	Basel
Bihrer	Alphonse	Bijoutier	Freiestrasse 72	Basel	2033	1907	55	telefonbuch_135	PTT-Archiv, P-260-1_Basel_1907	Basel
Billich	E.	Tapetenhandlung	Steinenvorstadt 65	Basel	965	1907	55	telefonbuch_135	PTT-Archiv, P-260-1_Basel_1907	Basel
Billich	Seb.	Schreinermeister	Mörsbergerstrasse 52	Basel	426	1907	55	telefonbuch_135	PTT-Archiv, P-260-1_Basel_1907	Basel
Billing-Weber	M. B.	Frau, Wasch- u. Glätterei	Kirchgasse 4	Basel	1402	1907	55	telefonbuch_135	PTT-Archiv, P-260-1_Basel_1907	Basel
Binder-Wiest	C.		Ob. Heuberg 17	Basel	2882	1907	55	telefonbuch_135	PTT-Archiv, P-260-1_Basel_1907	Basel
Bindschädler		Geschwister, Cementbaugeschäft	Klybeckstrasse 51/53	Basel	3202	1907	55	telefonbuch_135	PTT-Archiv, P-260-1_Basel_1907	Basel
Bing		Gebr., E. & S.	Freiestrasse 40	Basel	1989	1907	55	telefonbuch_135	PTT-Archiv, P-260-1_Basel_1907	Basel
Bing		Gebr., Söhne, Seidenband en gros	St. Albananlage 10	Basel	1710	1907	55	telefonbuch_135	PTT-Archiv, P-260-1_Basel_1907	Basel
Bing	Robert	Dr., Arzt	Wallstrasse 1	Basel	1117	1907	55	telefonbuch_135	PTT-Archiv, P-260-1_Basel_1907	Basel
Binkert-Bohrer	Ed.		St. Johannvorst. 41	Basel	3664	1907	55	telefonbuch_135	PTT-Archiv, P-260-1_Basel_1907	Basel
Binswanger-Heilgers	Gust.		Austrasse 89	Basel	989	1907	55	telefonbuch_135	PTT-Archiv, P-260-1_Basel_1907	Basel
Binswanger & Lebert			Freiestrasse 53	Basel	4044	1907	55	telefonbuch_135	PTT-Archiv, P-260-1_Basel_1907	Basel
Binz	Urs	Advokat	Kaufhausgasse 3	Basel	1410	1907	55	telefonbuch_135	PTT-Archiv, P-260-1_Basel_1907	Basel
Bircher-Wullschleger	J.	Wirt	Centralbahnstr. 19	Basel	3857	1907	55	telefonbuch_135	PTT-Archiv, P-260-1_Basel_1907	Basel
Birkhäuser	Emil	Buchdruckerei	Elisabethenstr. 11	Basel	2307	1907	55	telefonbuch_135	PTT-Archiv, P-260-1_Basel_1907	Basel
Birkhäuser	Emil	Wohnung	Margarethenstr. 53	Basel	2425	1907	55	telefonbuch_135	PTT-Archiv, P-260-1_Basel_1907	Basel
Birkhäuser & Dübi		Buchdruckerei	Elisabethenstrasse 7	Basel	2012	1907	55	telefonbuch_135	PTT-Archiv, P-260-1_Basel_1907	Basel
Birnbaumer	Anton	Decateur	Klosterberg 8	Basel	2104	1907	55	telefonbuch_135	PTT-Archiv, P-260-1_Basel_1907	Basel
Birsigthalbahn		Direktion	Binningerstrasse 11	Basel	2470	1907	55	telefonbuch_135	PTT-Archiv, P-260-1_Basel_1907	Basel
Birsigthalbahn		Wohnung des Betriebsdirektors	Rothbergerstr. 24	Basel	604	1907	55	telefonbuch_135	PTT-Archiv, P-260-1_Basel_1907	Basel
Birsigthalbahn		Schalterhaus	auf St. Margarethen	Basel	4030	1907	55	telefonbuch_135	PTT-Archiv, P-260-1_Basel_1907	Basel
Birsigthalbahn		Kraftstation (siehe Oberwil)		Basel	3566	1907	55	telefonbuch_135	PTT-Archiv, P-260-1_Basel_1907	Basel
Bischler	August	Dr., Direktor	Unt. Rheinweg 104	Basel	2598	1907	55	telefonbuch_135	PTT-Archiv, P-260-1_Basel_1907	Basel
Bischoff	Clara		Hardtsrasse 45	Basel	4464	1907	55	telefonbuch_135	PTT-Archiv, P-260-1_Basel_1907	Basel
Bischoff	Carl	Dr.	Sevogelstrasse 53	Basel	3694	1907	55	telefonbuch_135	PTT-Archiv, P-260-1_Basel_1907	Basel
Bischoff-Cherbuin	Emma	Wwe.	Gellertstrasse 1	Basel	4201	1907	55	telefonbuch_135	PTT-Archiv, P-260-1_Basel_1907	Basel
Bischoff	Ed.		Hardstrasse 11	Basel	3570	1907	55	telefonbuch_135	PTT-Archiv, P-260-1_Basel_1907	Basel
Bischoff	Emil		Nadelberg 10	Basel	1432	1907	55	telefonbuch_135	PTT-Archiv, P-260-1_Basel_1907	Basel
Bischoff-Geigy	Chr.	Frau	Langegasse 15	Basel	2063	1907	55	telefonbuch_135	PTT-Archiv, P-260-1_Basel_1907	Basel
Bischoff	J. J. A.	Dr., Frauenarzt	St. Albanvorstadt 14	Basel	1994	1907	55	telefonbuch_135	PTT-Archiv, P-260-1_Basel_1907	Basel
Bischoff	Jos.	Baugeschäft	Sennheimerstr. 15	Basel	2816	1907	55	telefonbuch_135	PTT-Archiv, P-260-1_Basel_1907	Basel
Bischoff-Meyer	B.	Frau	Bättwilerstrasse 12	Basel	419	1907	55	telefonbuch_135	PTT-Archiv, P-260-1_Basel_1907	Basel
Bischoff-Ryhiner	E.		St. Jakobstrasse 17	Basel	1947	1907	55	telefonbuch_135	PTT-Archiv, P-260-1_Basel_1907	Basel
Bischoff-Wieland	E.	Frau	Schützenmattstr. 40	Basel	2947	1907	55	telefonbuch_135	PTT-Archiv, P-260-1_Basel_1907	Basel
Bitterli-Peter		Fr., Butterhandlung	Drahtzugstrasse 57	Basel	3473	1907	55	telefonbuch_135	PTT-Archiv, P-260-1_Basel_1907	Basel
Bitz	Wilh.	Buchbinder	Aeschenvorstadt 48	Basel	2066	1907	56	telefonbuch_136	PTT-Archiv, P-260-1_Basel_1907	Basel
Blankenhorn & Co.			Elsässerstrasse 170	Basel	1369	1907	56	telefonbuch_136	PTT-Archiv, P-260-1_Basel_1907	Basel
Blankenhorn	Hermann		Maiengasse 56	Basel	450	1907	56	telefonbuch_136	PTT-Archiv, P-260-1_Basel_1907	Basel
Blaser	Fritz		Schneidergasse 24	Basel	1439	1907	56	telefonbuch_136	PTT-Archiv, P-260-1_Basel_1907	Basel
Blaser	Fritz	Wohnung	Spalenthorweg 56	Basel	2138	1907	56	telefonbuch_136	PTT-Archiv, P-260-1_Basel_1907	Basel
Bläsi-Kaffeehalle			Klingenthalstrasse 1	Basel	3377	1907	56	telefonbuch_136	PTT-Archiv, P-260-1_Basel_1907	Basel
Bläsischulhaus			Bläsiringweg 110	Basel	3369	1907	56	telefonbuch_136	PTT-Archiv, P-260-1_Basel_1907	Basel
Blatter-Christener	Emanuel	Milchhändler	Allschwilerstrasse 40	Basel	956	1907	56	telefonbuch_136	PTT-Archiv, P-260-1_Basel_1907	Basel
Blatter	E.	& Cie., Tuchhandlung	Freiestrasse 31	Basel	728	1907	56	telefonbuch_136	PTT-Archiv, P-260-1_Basel_1907	Basel
Blattner-Wespi	C.	Wwe., Hebamme	Nauenstrasse 13	Basel	2313	1907	56	telefonbuch_136	PTT-Archiv, P-260-1_Basel_1907	Basel
Blauel	Leopold	Wirt	Elsässerstrasse 89	Basel	1356	1907	56	telefonbuch_136	PTT-Archiv, P-260-1_Basel_1907	Basel
Blaukreuzhaus (Gesellsch.)		Verw. Joh. Hasler	Petersgraben 23	Basel	1577	1907	56	telefonbuch_136	PTT-Archiv, P-260-1_Basel_1907	Basel
Blindenheim			Kohlenberggasse 20	Basel	2361	1907	56	telefonbuch_136	PTT-Archiv, P-260-1_Basel_1907	Basel
Bloch-Bernheim	Eugen		Elisabethenstr. 31	Basel	659	1907	56	telefonbuch_136	PTT-Archiv, P-260-1_Basel_1907	Basel
Bloch	Charles		Eulerstrasse 49	Basel	4046	1907	56	telefonbuch_136	PTT-Archiv, P-260-1_Basel_1907	Basel
Bloch	D.	Nachf. v. Bloch & Tachau	Austrasse 102	Basel	2298	1907	56	telefonbuch_136	PTT-Archiv, P-260-1_Basel_1907	Basel
Bloch	Ernst	Dr., St. Leonhardsapotheke	Leimenstrasse 27	Basel	2955	1907	56	telefonbuch_136	PTT-Archiv, P-260-1_Basel_1907	Basel
Bloch-Fritschi	S.		Metzerstrasse 65	Basel	4068	1907	56	telefonbuch_136	PTT-Archiv, P-260-1_Basel_1907	Basel
Bloch		Gebrüder	Ramsteinerstrasse 9	Basel	4293	1907	56	telefonbuch_136	PTT-Archiv, P-260-1_Basel_1907	Basel
Bloch-Hauser & Cie.			Steinenvorstadt 19	Basel	3386	1907	56	telefonbuch_136	PTT-Archiv, P-260-1_Basel_1907	Basel
Bloch-Heumann	Simon		Zürcherstrasse 19	Basel	3962	1907	56	telefonbuch_136	PTT-Archiv, P-260-1_Basel_1907	Basel
Bloch	Jc.	& Comp., Mercerie et Maroquinerie en gros	Dornacherstrasse 62	Basel	135	1907	56	telefonbuch_136	PTT-Archiv, P-260-1_Basel_1907	Basel
Bloch	Jc.	Wohnung	Centralbahnstrasse 5	Basel	537	1907	56	telefonbuch_136	PTT-Archiv, P-260-1_Basel_1907	Basel
Bloch	Jules		Birsigstrasse 132	Basel	1662	1907	56	telefonbuch_136	PTT-Archiv, P-260-1_Basel_1907	Basel
Bloch-Kahn	Charles		Schützenmattstr. 46	Basel	2163	1907	56	telefonbuch_136	PTT-Archiv, P-260-1_Basel_1907	Basel
Bloch-Lebrecht	J.		Eulerstrasse 83	Basel	856	1907	56	telefonbuch_136	PTT-Archiv, P-260-1_Basel_1907	Basel
Bloch	Leopold		Thiersteinerallee 42	Basel	243	1907	56	telefonbuch_136	PTT-Archiv, P-260-1_Basel_1907	Basel
Bloch	Moritz		Gerbergasse 89	Basel	4245	1907	56	telefonbuch_136	PTT-Archiv, P-260-1_Basel_1907	Basel
Bloch	Philipp		Hardstrasse 72	Basel	4270	1907	56	telefonbuch_136	PTT-Archiv, P-260-1_Basel_1907	Basel
Bloch	Philipp		Johanniterstrasse 11	Basel	2785	1907	56	telefonbuch_136	PTT-Archiv, P-260-1_Basel_1907	Basel
Bloch	Simon		Falknerstrasse 1	Basel	2118	1907	56	telefonbuch_136	PTT-Archiv, P-260-1_Basel_1907	Basel
Bloch	S.	& Cie.	Oetlingerstrasse 69	Basel	3315	1907	56	telefonbuch_136	PTT-Archiv, P-260-1_Basel_1907	Basel
Bloch & Ulmann		Viehhändler	Steinenthorberg 12	Basel	2507	1907	56	telefonbuch_136	PTT-Archiv, P-260-1_Basel_1907	Basel
Bloch & Goldschmidt			Güterstrasse 167	Basel	4314	1907	56	telefonbuch_136	PTT-Archiv, P-260-1_Basel_1907	Basel
Blum	Albert	& Cie., Agenturen	Dornacherstr. 115	Basel	900	1907	56	telefonbuch_136	PTT-Archiv, P-260-1_Basel_1907	Basel
Blum	Gaston		Freiestrasse 117	Basel	416	1907	56	telefonbuch_136	PTT-Archiv, P-260-1_Basel_1907	Basel
Blum	R.		Eulerstrasse 29	Basel	2497	1907	56	telefonbuch_136	PTT-Archiv, P-260-1_Basel_1907	Basel
Bodenheimer	Berthold		Gartenstrasse 109	Basel	3613	1907	56	telefonbuch_136	PTT-Archiv, P-260-1_Basel_1907	Basel
Bodenheimer	Berthold	Lagerplatz	Dreispitz	Basel	4406	1907	56	telefonbuch_136	PTT-Archiv, P-260-1_Basel_1907	Basel
Bodenheimer	H.	au Printemps, Damenkonfektion	Freiestrasse 45	Basel	467	1907	56	telefonbuch_136	PTT-Archiv, P-260-1_Basel_1907	Basel
Bodenheimer	S.		Gartenstrasse 58	Basel	2161	1907	56	telefonbuch_136	PTT-Archiv, P-260-1_Basel_1907	Basel
Böhler	F. J.	Ofenfabrik	Clarastrasse 50	Basel	3711	1907	56	telefonbuch_136	PTT-Archiv, P-260-1_Basel_1907	Basel
Böhler-Trötschler	Gregor	z. goldenen Hirsch	Bahnhofstrasse 37	Basel	3460	1907	56	telefonbuch_136	PTT-Archiv, P-260-1_Basel_1907	Basel
Böhm	Joseph		Bruderholzstr. 104	Basel	200	1907	56	telefonbuch_136	PTT-Archiv, P-260-1_Basel_1907	Basel
Böhm-Lohri	G.		Leonhardstrasse 10	Basel	4058	1907	56	telefonbuch_136	PTT-Archiv, P-260-1_Basel_1907	Basel
Böhme-Asal	Jacques	Dekorationsmaler	Dufourstrasse 50	Basel	1882	1907	56	telefonbuch_136	PTT-Archiv, P-260-1_Basel_1907	Basel
Böhme-Steinmann	Lukas	Küfermeister	Hirschgässlein 1	Basel	2086	1907	56	telefonbuch_136	PTT-Archiv, P-260-1_Basel_1907	Basel
Bohny-Collin	Alfred		Riehenthorstrasse 31	Basel	1120	1907	56	telefonbuch_136	PTT-Archiv, P-260-1_Basel_1907	Basel
Bohny	C.	Dr., Arzt	Claragraben 23	Basel	3731	1907	56	telefonbuch_136	PTT-Archiv, P-260-1_Basel_1907	Basel
Bohny, Hollinger & Co.			Clarastrasse 6	Basel	3525	1907	57	telefonbuch_137	PTT-Archiv, P-260-1_Basel_1907	Basel
Bohny-Ranzenberger	Emil		Grenzacherstr. 11	Basel	3824	1907	57	telefonbuch_137	PTT-Archiv, P-260-1_Basel_1907	Basel
Bohny-Ritschard	Ad.		Eulerstrasse 17	Basel	3261	1907	57	telefonbuch_137	PTT-Archiv, P-260-1_Basel_1907	Basel
Bohrer-Butz	Joh.	Glasermeister	Allschwilerstr. 5	Basel	729	1907	57	telefonbuch_137	PTT-Archiv, P-260-1_Basel_1907	Basel
Boivin	Edouard		St. Albananlage 1	Basel	2171	1907	57	telefonbuch_137	PTT-Archiv, P-260-1_Basel_1907	Basel
Bölger	Marie		Bernoullistrasse 22	Basel	2124	1907	57	telefonbuch_137	PTT-Archiv, P-260-1_Basel_1907	Basel
Bollack, Brunschwig & Cie.			Heumattstrasse 10	Basel	2215	1907	57	telefonbuch_137	PTT-Archiv, P-260-1_Basel_1907	Basel
Bollag	Arth.	Manufactur- u. Aussteuergeschäft	Wallstrasse 3	Basel	3192	1907	57	telefonbuch_137	PTT-Archiv, P-260-1_Basel_1907	Basel
Bollag-Dreyfus	Jos.		Klingelbergstr. 29	Basel	3405	1907	57	telefonbuch_137	PTT-Archiv, P-260-1_Basel_1907	Basel
Bollag	Emanuel		Steinenvorstadt 54	Basel	2087	1907	57	telefonbuch_137	PTT-Archiv, P-260-1_Basel_1907	Basel
Bollag-Feuchtwanger	J.		Holbeinstrasse 15	Basel	4080	1907	57	telefonbuch_137	PTT-Archiv, P-260-1_Basel_1907	Basel
Bollag		Gebr., Bettfedern und Flaum	Lichtstrasse 39	Basel	1489	1907	57	telefonbuch_137	PTT-Archiv, P-260-1_Basel_1907	Basel
Bollag	J.	Commission u. Warrantgeschäft	Steinenvorstadt 12	Basel	3806	1907	57	telefonbuch_137	PTT-Archiv, P-260-1_Basel_1907	Basel
Bollag	Josef		Leimenstrasse 31	Basel	220	1907	57	telefonbuch_137	PTT-Archiv, P-260-1_Basel_1907	Basel
Bollag	Jules		Heumattstrasse 10	Basel	660	1907	57	telefonbuch_137	PTT-Archiv, P-260-1_Basel_1907	Basel
Bollag	S.	französische Warenhalle	Marktgasse 21	Basel	1606	1907	57	telefonbuch_137	PTT-Archiv, P-260-1_Basel_1907	Basel
Bollag	Sigmund		Steinenthorberg 2	Basel	500	1907	57	telefonbuch_137	PTT-Archiv, P-260-1_Basel_1907	Basel
Bollag-Sommer	J.		Eulerstrasse 66	Basel	768	1907	57	telefonbuch_137	PTT-Archiv, P-260-1_Basel_1907	Basel
Boller-Schnorf	Ferd.		Dornacherstrasse 91	Basel	629	1907	57	telefonbuch_137	PTT-Archiv, P-260-1_Basel_1907	Basel
Bolliger & Oberer		Elektr. Unternehmungen	Güterstrasse 88	Basel	331	1907	57	telefonbuch_137	PTT-Archiv, P-260-1_Basel_1907	Basel
Bolliger	J.	Restauration zum Bahnhof	Schützenmattstr. 7	Basel	4163	1907	57	telefonbuch_137	PTT-Archiv, P-260-1_Basel_1907	Basel
Bömly	Alfr.	Direktor des Sommertheaters	Riehenstrasse 61	Basel	149	1907	57	telefonbuch_137	PTT-Archiv, P-260-1_Basel_1907	Basel
Bonnand	Ed.	Tierarzt	Pfeffingerstrasse 49	Basel	1992	1907	57	telefonbuch_137	PTT-Archiv, P-260-1_Basel_1907	Basel
Bopp	Fritz		Hegenheimerstr. 27	Basel	27	1907	57	telefonbuch_137	PTT-Archiv, P-260-1_Basel_1907	Basel
Boepple	Paul		Mittlerestrasse 61	Basel	452	1907	57	telefonbuch_137	PTT-Archiv, P-260-1_Basel_1907	Basel
Borchardt	M.	Nachfolger	Stadthausgasse 24	Basel	345	1907	57	telefonbuch_137	PTT-Archiv, P-260-1_Basel_1907	Basel
Boreux	A.		Petersgraben 31	Basel	1390	1907	57	telefonbuch_137	PTT-Archiv, P-260-1_Basel_1907	Basel
Borgognon	Louis		St. Albanthal 12	Basel	4134	1907	57	telefonbuch_137	PTT-Archiv, P-260-1_Basel_1907	Basel
Borgognon-Schneider	Louis		Holbeinstrasse 53	Basel	4507	1907	57	telefonbuch_137	PTT-Archiv, P-260-1_Basel_1907	Basel
Boeringer	P. P.		Peter Merianstr. 52	Basel	4313	1907	57	telefonbuch_137	PTT-Archiv, P-260-1_Basel_1907	Basel
Boeringer-Simonius	Ch.		Grenzacherstr. 166	Basel	3196	1907	57	telefonbuch_137	PTT-Archiv, P-260-1_Basel_1907	Basel
Boeringer-Simonius	Ch.		Zürcherstrasse 1	Basel	4109	1907	57	telefonbuch_137	PTT-Archiv, P-260-1_Basel_1907	Basel
Börlin	E. R.		Grellingerstrasse 82	Basel	2463	1907	57	telefonbuch_137	PTT-Archiv, P-260-1_Basel_1907	Basel
Börlin	Jakob	Tapezierer	Hirschgasse 5	Basel	1521	1907	57	telefonbuch_137	PTT-Archiv, P-260-1_Basel_1907	Basel
Börlin	Wolfgang	Dr., Bureau	Greifengasse 28	Basel	1244	1907	57	telefonbuch_137	PTT-Archiv, P-260-1_Basel_1907	Basel
Börlin	Wolfgang	Dr., Wohnung	Neubadstrasse 53	Basel	1022	1907	57	telefonbuch_137	PTT-Archiv, P-260-1_Basel_1907	Basel
Boesch	J.		Lothringerstrasse 19	Basel	4240	1907	57	telefonbuch_137	PTT-Archiv, P-260-1_Basel_1907	Basel
Borner-Huber	Ch.		Gartenstrasse 67	Basel	497	1907	57	telefonbuch_137	PTT-Archiv, P-260-1_Basel_1907	Basel
Bösinger-Schill	Leon		Laufenstrasse 64	Basel	287	1907	57	telefonbuch_137	PTT-Archiv, P-260-1_Basel_1907	Basel
Bosshardt-Gull	Alfred		Oberwilerstrasse 63	Basel	3936	1907	57	telefonbuch_137	PTT-Archiv, P-260-1_Basel_1907	Basel
Bosshardt	H.	Zahnarzt	Eulerstrasse 15	Basel	2871	1907	57	telefonbuch_137	PTT-Archiv, P-260-1_Basel_1907	Basel
Bosshardt	Oskar	Ingenieur	Gundoldingerstr. 177	Basel	2493	1907	57	telefonbuch_137	PTT-Archiv, P-260-1_Basel_1907	Basel
Botanisches Institut			Schönbeinstrasse 6	Basel	3151	1907	57	telefonbuch_137	PTT-Archiv, P-260-1_Basel_1907	Basel
Bote	C.	Spenglermeister	Greifengasse 32	Basel	3203	1907	57	telefonbuch_137	PTT-Archiv, P-260-1_Basel_1907	Basel
Boetsch	B.	Baugeschäft	Gundoldingerstr. 127	Basel	4024	1907	57	telefonbuch_137	PTT-Archiv, P-260-1_Basel_1907	Basel
Bott	C. R.		Claragraben 7	Basel	2952	1907	57	telefonbuch_137	PTT-Archiv, P-260-1_Basel_1907	Basel
Bourcart	C. D.	Dr.	Engelgasse 7	Basel	917	1907	57	telefonbuch_137	PTT-Archiv, P-260-1_Basel_1907	Basel
Bovet-Schmid	H.	Ingenieur	Kanonengasse 29	Basel	2735	1907	57	telefonbuch_137	PTT-Archiv, P-260-1_Basel_1907	Basel
Brack-Fässler	Ch.		Allschwilerstrasse 38	Basel	2793	1907	57	telefonbuch_137	PTT-Archiv, P-260-1_Basel_1907	Basel
Brambilla	G.		Elsässerstrasse 51	Basel	3155	1907	58	telefonbuch_138	PTT-Archiv, P-260-1_Basel_1907	Basel
Brand-Riedtmann	Rudolf		St Albanrheinweg	Basel	11	1907	58	telefonbuch_138	PTT-Archiv, P-260-1_Basel_1907	Basel
Brand	Rud.		Aeschenvorstadt 47	Basel	2385	1907	58	telefonbuch_138	PTT-Archiv, P-260-1_Basel_1907	Basel
Brand	Wm.	Agentur in Seidenabfällen	Rheinfelderstr. 42	Basel	266	1907	58	telefonbuch_138	PTT-Archiv, P-260-1_Basel_1907	Basel
Brändli	J.	Mechaniker und Optiker	Freiestrasse 59	Basel	1071	1907	58	telefonbuch_138	PTT-Archiv, P-260-1_Basel_1907	Basel
Brändlin	Gustav		Gempenstrasse 25	Basel	4099	1907	58	telefonbuch_138	PTT-Archiv, P-260-1_Basel_1907	Basel
Brandversicherungsanstalt Basel-Stadt			Rathaus	Basel	2318	1907	58	telefonbuch_138	PTT-Archiv, P-260-1_Basel_1907	Basel
Brann	Julius	Mercerie u. Bonneterie	Marktplatz 1—2	Basel	1730	1907	58	telefonbuch_138	PTT-Archiv, P-260-1_Basel_1907	Basel
Bratteler-Neukomm	Emil	(siehe Birsfelden)		Basel	4517	1907	58	telefonbuch_138	PTT-Archiv, P-260-1_Basel_1907	Basel
Brauerei z. Cardinal		(Wirtschaft)	Freiestrasse 36	Basel	2114	1907	58	telefonbuch_138	PTT-Archiv, P-260-1_Basel_1907	Basel
Brauerei z. Cardinal		(Bureau)	Viaduktstrasse 45	Basel	2452	1907	58	telefonbuch_138	PTT-Archiv, P-260-1_Basel_1907	Basel
Brauerei Farnsburg			Reinacherstrasse 12	Basel	3927	1907	58	telefonbuch_138	PTT-Archiv, P-260-1_Basel_1907	Basel
Brauerei zum Greifen		Wirtschaft	Greifengasse 31	Basel	4196	1907	58	telefonbuch_138	PTT-Archiv, P-260-1_Basel_1907	Basel
Brauerei F. Merian			Steinenthorstr. 23	Basel	2101	1907	58	telefonbuch_138	PTT-Archiv, P-260-1_Basel_1907	Basel
Brauerei z. Warteck		(Wirtschaft)	Bahnhofstrasse 7	Basel	3620	1907	58	telefonbuch_138	PTT-Archiv, P-260-1_Basel_1907	Basel
Brauerei z. Warteck		(Bureau)	Burgweg 11	Basel	3179	1907	58	telefonbuch_138	PTT-Archiv, P-260-1_Basel_1907	Basel
Brauerei z. Warteck		(Pächter F. Berger)	Erlenweg 2	Basel	324	1907	58	telefonbuch_138	PTT-Archiv, P-260-1_Basel_1907	Basel
Brauerei Ziegelhof Liestal		Dépôt Basel	Mühlhauserstr. 102	Basel	1533	1907	58	telefonbuch_138	PTT-Archiv, P-260-1_Basel_1907	Basel
Braun-Bachmann	P.	Bäckermeister	Spalenvorstadt 41	Basel	1899	1907	58	telefonbuch_138	PTT-Archiv, P-260-1_Basel_1907	Basel
Braun	Fritz	Passementerie	Bäumleingasse 16	Basel	1830	1907	58	telefonbuch_138	PTT-Archiv, P-260-1_Basel_1907	Basel
Braun-Graser	Math.	Metzger	Steinenthorstr. 39	Basel	4122	1907	58	telefonbuch_138	PTT-Archiv, P-260-1_Basel_1907	Basel
Braun	Hch.	Pferdeschlächterei	St. Johannvorst. 51	Basel	1746	1907	58	telefonbuch_138	PTT-Archiv, P-260-1_Basel_1907	Basel
Braun-Ranz	Kath.	Wwe.	Utengasse 22	Basel	4249	1907	58	telefonbuch_138	PTT-Archiv, P-260-1_Basel_1907	Basel
Braun-Rietmann	Alb.	Wirt	Binningerstr. 5	Basel	2220	1907	58	telefonbuch_138	PTT-Archiv, P-260-1_Basel_1907	Basel
Braun-Schetty	Frz.		Hammerstrasse 70	Basel	3505	1907	58	telefonbuch_138	PTT-Archiv, P-260-1_Basel_1907	Basel
Braun-Schetty	Frz.	Filiale	Steinenvorstadt 53	Basel	405	1907	58	telefonbuch_138	PTT-Archiv, P-260-1_Basel_1907	Basel
Braunschweig-Bloch	R.		Leimenstrasse 5	Basel	2499	1907	58	telefonbuch_138	PTT-Archiv, P-260-1_Basel_1907	Basel
Braunschweig	J.	jeune	Dufourstrasse 50	Basel	837	1907	58	telefonbuch_138	PTT-Archiv, P-260-1_Basel_1907	Basel
Braunschweig	J.	Niederlagshaus Wolf	St. Jakobstrasse	Basel	4404	1907	58	telefonbuch_138	PTT-Archiv, P-260-1_Basel_1907	Basel
Braunschweig	L.		Gerbergasse 48	Basel	974	1907	58	telefonbuch_138	PTT-Archiv, P-260-1_Basel_1907	Basel
Braunschweig & Co.			St. Johannvorstadt 7	Basel	1361	1907	58	telefonbuch_138	PTT-Archiv, P-260-1_Basel_1907	Basel
Brausebad			Spalenring 133	Basel	201	1907	58	telefonbuch_138	PTT-Archiv, P-260-1_Basel_1907	Basel
Brausebad			St. Johansplatz	Basel	521	1907	58	telefonbuch_138	PTT-Archiv, P-260-1_Basel_1907	Basel
Brausebad			Claragraben 96	Basel	560	1907	58	telefonbuch_138	PTT-Archiv, P-260-1_Basel_1907	Basel
Breisch-David	E.	Bijoutier	Freiestrasse 9	Basel	1330	1907	58	telefonbuch_138	PTT-Archiv, P-260-1_Basel_1907	Basel
Breisch-David	E.	Privat	Pilgerstrasse 27	Basel	250	1907	58	telefonbuch_138	PTT-Archiv, P-260-1_Basel_1907	Basel
Breitenstein	Alb.	Dr.	Clarastrasse 30	Basel	3710	1907	58	telefonbuch_138	PTT-Archiv, P-260-1_Basel_1907	Basel
Brenneisen	R.	Schlosserei	Güterstrasse 103	Basel	2471	1907	58	telefonbuch_138	PTT-Archiv, P-260-1_Basel_1907	Basel
Brenner	C.	Bärenzunft	Freiestrasse 34	Basel	2119	1907	58	telefonbuch_138	PTT-Archiv, P-260-1_Basel_1907	Basel
Brenner	Ed.	Cigarrenhandlung	Steinenberg 27	Basel	2542	1907	58	telefonbuch_138	PTT-Archiv, P-260-1_Basel_1907	Basel
Brenner-Eglinger	Hans		Hirzbodenweg 94	Basel	3651	1907	58	telefonbuch_138	PTT-Archiv, P-260-1_Basel_1907	Basel
Brenner	F.	Tapezierer	Steinenberg 21	Basel	2121	1907	58	telefonbuch_138	PTT-Archiv, P-260-1_Basel_1907	Basel
Brenner-Henz	A.		Schützenmattstr. 49	Basel	1015	1907	58	telefonbuch_138	PTT-Archiv, P-260-1_Basel_1907	Basel
Brenner	Rud.		Petersgraben 49	Basel	1368	1907	58	telefonbuch_138	PTT-Archiv, P-260-1_Basel_1907	Basel
Brenner-Senn	C.		Margarethenstr. 71	Basel	4016	1907	58	telefonbuch_138	PTT-Archiv, P-260-1_Basel_1907	Basel
Bretscher-Meyer	J.	Elektrotechniker	Breisacherstr. 120	Basel	3287	1907	58	telefonbuch_138	PTT-Archiv, P-260-1_Basel_1907	Basel
Breuckmann & Cie.			Peter Merianstr. 58	Basel	4071	1907	58	telefonbuch_138	PTT-Archiv, P-260-1_Basel_1907	Basel
Breul	J.	Direktor	Wartenbergstr. 49	Basel	3880	1907	58	telefonbuch_138	PTT-Archiv, P-260-1_Basel_1907	Basel
Brin & Cie.			Spalenvorstadt 9	Basel	3496	1907	59	telefonbuch_139	PTT-Archiv, P-260-1_Basel_1907	Basel
Briner & Cie.	H.	Sommerhalder, Nachf.	Thiersteinerallee 25	Basel	2453	1907	59	telefonbuch_139	PTT-Archiv, P-260-1_Basel_1907	Basel
Brinks	H.	Ofenfabrik	Ryffstrasse 20	Basel	1501	1907	59	telefonbuch_139	PTT-Archiv, P-260-1_Basel_1907	Basel
Britisches Vice-Consulat			Eisengasse 9	Basel	857	1907	59	telefonbuch_139	PTT-Archiv, P-260-1_Basel_1907	Basel
Britschgi-Wagner	A.	Wein u. Spirituosen, Depot Eberlbräu	Herrengrabenweg 7	Basel	286	1907	59	telefonbuch_139	PTT-Archiv, P-260-1_Basel_1907	Basel
Brockenhaus-Gesellschaft			Schneidergasse 27	Basel	4537	1907	59	telefonbuch_139	PTT-Archiv, P-260-1_Basel_1907	Basel
Brodbeck	Jean		Güterstrasse 223	Basel	2427	1907	59	telefonbuch_139	PTT-Archiv, P-260-1_Basel_1907	Basel
Brodlaube		(Wirtschaft)	Marktplatz 25	Basel	1379	1907	59	telefonbuch_139	PTT-Archiv, P-260-1_Basel_1907	Basel
Brodmann	August	Gipsergeschäft	Hagenthalerstr. 19	Basel	1487	1907	59	telefonbuch_139	PTT-Archiv, P-260-1_Basel_1907	Basel
Brodtbeck-Bühlmann	Hans		Therwilerstrasse 20	Basel	352	1907	59	telefonbuch_139	PTT-Archiv, P-260-1_Basel_1907	Basel
Brodtbeck	Dr. K. A.	Advokaturbureau	Aeschenvorstadt 2a	Basel	3479	1907	59	telefonbuch_139	PTT-Archiv, P-260-1_Basel_1907	Basel
Broggi & Appiani			Wasensträsschen 199	Basel	198	1907	59	telefonbuch_139	PTT-Archiv, P-260-1_Basel_1907	Basel
Bronner-Schuler	Carl		Solothurnerstr. 70	Basel	756	1907	59	telefonbuch_139	PTT-Archiv, P-260-1_Basel_1907	Basel
Bronner & Co.		Spedition	Nauenstrasse 1	Basel	2877	1907	59	telefonbuch_139	PTT-Archiv, P-260-1_Basel_1907	Basel
Bronner & Co.		Dieselben, Mineralwasser, Eis	Nauenstrasse 1	Basel	2270	1907	59	telefonbuch_139	PTT-Archiv, P-260-1_Basel_1907	Basel
Brown-Pfau	Wwe. E.		Güterstrasse 91	Basel	890	1907	59	telefonbuch_139	PTT-Archiv, P-260-1_Basel_1907	Basel
Bruckner-Georg	R.		Spalenring 145	Basel	1008	1907	59	telefonbuch_139	PTT-Archiv, P-260-1_Basel_1907	Basel
Bruckner & Co.		Weinhandlung	Güterstrasse 206	Basel	3751	1907	59	telefonbuch_139	PTT-Archiv, P-260-1_Basel_1907	Basel
Bruckner-Weber	R.	Nachf. v. Samuel Weber & Cie.	Gerbergasse 20/22	Basel	754	1907	59	telefonbuch_139	PTT-Archiv, P-260-1_Basel_1907	Basel
Bruckner-Weber	Rud.		Austrasse 18	Basel	3009	1907	59	telefonbuch_139	PTT-Archiv, P-260-1_Basel_1907	Basel
Bruder	Fr.	Lithograph	Schlüsselberg 15	Basel	1094	1907	59	telefonbuch_139	PTT-Archiv, P-260-1_Basel_1907	Basel
Brüderlin-Burckhardt	Alb.		St. Albanringweg 184	Basel	2621	1907	59	telefonbuch_139	PTT-Archiv, P-260-1_Basel_1907	Basel
Brüderlin-Christmann			Petersplatz 14	Basel	1512	1907	59	telefonbuch_139	PTT-Archiv, P-260-1_Basel_1907	Basel
Brüderlin	E.	Sohn, Küfermeister	Pfeffingerstrasse 62	Basel	3958	1907	59	telefonbuch_139	PTT-Archiv, P-260-1_Basel_1907	Basel
Brüderlin	R. N.		Freiestrasse 52	Basel	1573	1907	59	telefonbuch_139	PTT-Archiv, P-260-1_Basel_1907	Basel
Brüderlin-Ronus	R.		St. Albananlage 62	Basel	4151	1907	59	telefonbuch_139	PTT-Archiv, P-260-1_Basel_1907	Basel
Brüderlin-Vogel	Wwe. V.		Thiersteinerallee 25	Basel	3907	1907	59	telefonbuch_139	PTT-Archiv, P-260-1_Basel_1907	Basel
Brugger-Stänz	Wwe. F.	Cigarren u. Tabakhdlg.	Bahnhofstrasse 15	Basel	3304	1907	59	telefonbuch_139	PTT-Archiv, P-260-1_Basel_1907	Basel
Brügger & Cie.			St. Johannvorst. 31	Basel	2286	1907	59	telefonbuch_139	PTT-Archiv, P-260-1_Basel_1907	Basel
Bruggisser	Frau Bella		Spalenring 85	Basel	1789	1907	59	telefonbuch_139	PTT-Archiv, P-260-1_Basel_1907	Basel
Bruhin-Reif	Anton		Bruderholzstr. 76	Basel	4033	1907	59	telefonbuch_139	PTT-Archiv, P-260-1_Basel_1907	Basel
Brühl-Altermatt	A.	Spenglermeister	Spalenvorstadt 37	Basel	22	1907	59	telefonbuch_139	PTT-Archiv, P-260-1_Basel_1907	Basel
von Brunn-Flury	J.		Grenzacherstrasse 95	Basel	3931	1907	59	telefonbuch_139	PTT-Archiv, P-260-1_Basel_1907	Basel
von Brunn	J.		Freiestrasse 84	Basel	2040	1907	59	telefonbuch_139	PTT-Archiv, P-260-1_Basel_1907	Basel
von Brunn	J.	Derselbe (Petroleumkeller)	Wolf	Basel	3921	1907	59	telefonbuch_139	PTT-Archiv, P-260-1_Basel_1907	Basel
Brunner-Bihrer	Fritz		Freiestrasse 33	Basel	1350	1907	59	telefonbuch_139	PTT-Archiv, P-260-1_Basel_1907	Basel
Brunner-Brunner	Frau M.	Coiffeuse	Gerbergasse 24	Basel	2868	1907	59	telefonbuch_139	PTT-Archiv, P-260-1_Basel_1907	Basel
Brunner	Fritz		Freiestrasse 33	Basel	1350	1907	59	telefonbuch_139	PTT-Archiv, P-260-1_Basel_1907	Basel
Brunner	Karl	Feinbäckerei und Konditorei	Hutgasse 17	Basel	2060	1907	59	telefonbuch_139	PTT-Archiv, P-260-1_Basel_1907	Basel
Brunner-Zwingli	A.		Nonnenweg 62	Basel	254	1907	59	telefonbuch_139	PTT-Archiv, P-260-1_Basel_1907	Basel
Brunschwig	B. de S.		Holbeinstrasse 48	Basel	2491	1907	59	telefonbuch_139	PTT-Archiv, P-260-1_Basel_1907	Basel
Brunschwig-Breisacher	S.		Rümelinsplatz 19	Basel	749	1907	59	telefonbuch_139	PTT-Archiv, P-260-1_Basel_1907	Basel
Brunschwig	David		Schützengraben 23	Basel	2711	1907	59	telefonbuch_139	PTT-Archiv, P-260-1_Basel_1907	Basel
Brusa-Kaiser	A.	Südfrüchte	Spalenvorstadt 3	Basel	255	1907	59	telefonbuch_139	PTT-Archiv, P-260-1_Basel_1907	Basel
Bryan	Dr. L. C.	american dentist	St. Albananlage 1	Basel	4250	1907	59	telefonbuch_139	PTT-Archiv, P-260-1_Basel_1907	Basel
Bryan	Dr. L. C.	Derselbe (Privatwohnung)	Schweizerplatz 2	Basel	2961	1907	59	telefonbuch_139	PTT-Archiv, P-260-1_Basel_1907	Basel
Bubeck-Ehninger	D.	Bäcker	Klybeckstrasse 3	Basel	4148	1907	59	telefonbuch_139	PTT-Archiv, P-260-1_Basel_1907	Basel
Bubeck-Schaupp	Hch.		Clarastrasse 26	Basel	330	1907	59	telefonbuch_139	PTT-Archiv, P-260-1_Basel_1907	Basel
Buchdruckerei d. Schweiz. Typographenbundes		(Ruf: Typographia-Druckerei)	Aeschenvorstadt 34	Basel	2697	1907	60	telefonbuch_140	PTT-Archiv, P-260-1_Basel_1907	Basel
Buchdruckerei F. Gassmann			Aeschenvorstadt 32	Basel	2325	1907	60	telefonbuch_140	PTT-Archiv, P-260-1_Basel_1907	Basel
Buchdruckerei Kreis			Petersgraben 21	Basel	1514	1907	60	telefonbuch_140	PTT-Archiv, P-260-1_Basel_1907	Basel
Buchdruckerei z. Basler Berichthaus		(Basl. Nachr.)	Gerbergasse 40	Basel	3339	1907	60	telefonbuch_140	PTT-Archiv, P-260-1_Basel_1907	Basel
Buch- & Kunstdruckerei Gasser & Cie.			Unt. Rheingasse 19	Basel	1762	1907	60	telefonbuch_140	PTT-Archiv, P-260-1_Basel_1907	Basel
Bucherer	K.	Nachf. Métraux-Bucherer	Freiestrasse 28	Basel	1929	1907	60	telefonbuch_140	PTT-Archiv, P-260-1_Basel_1907	Basel
Büchi	Jacques	Ingenieur	Oberwilerstrasse 23	Basel	655	1907	60	telefonbuch_140	PTT-Archiv, P-260-1_Basel_1907	Basel
Büchler-Ott	Fried.	Goldschmied	Freiestrasse 84	Basel	2010	1907	60	telefonbuch_140	PTT-Archiv, P-260-1_Basel_1907	Basel
Buchmann	E.	Tapezierer	Oberer Heuberg 21	Basel	2949	1907	60	telefonbuch_140	PTT-Archiv, P-260-1_Basel_1907	Basel
Buchmann & Waldmeyer			Steinenvorstadt 63	Basel	367	1907	60	telefonbuch_140	PTT-Archiv, P-260-1_Basel_1907	Basel
Buchner	Joseph	Wirt	Barfüsserplatz 17	Basel	1618	1907	60	telefonbuch_140	PTT-Archiv, P-260-1_Basel_1907	Basel
Buel	A.		Langegasse 9	Basel	819	1907	60	telefonbuch_140	PTT-Archiv, P-260-1_Basel_1907	Basel
Buess-Steiner	E.	Buchbinder	Kleinhüningerstr. 5	Basel	1283	1907	60	telefonbuch_140	PTT-Archiv, P-260-1_Basel_1907	Basel
Bufleb	Wilhelm	Versicherungen	Schanzenstrasse 16	Basel	2807	1907	60	telefonbuch_140	PTT-Archiv, P-260-1_Basel_1907	Basel
Bühler	Andreas	Hotel Habsburg	Theaterstrasse 2	Basel	2363	1907	60	telefonbuch_140	PTT-Archiv, P-260-1_Basel_1907	Basel
Bühler	Franz		Villa Otterbach	Basel	3370	1907	60	telefonbuch_140	PTT-Archiv, P-260-1_Basel_1907	Basel
Bühler	Robert	Tapezierer	Heumattstrasse 8	Basel	1611	1907	60	telefonbuch_140	PTT-Archiv, P-260-1_Basel_1907	Basel
Bühler-Sturm	Lud.	Zimmermeister	Bahnhofstr. 117	Basel	3696	1907	60	telefonbuch_140	PTT-Archiv, P-260-1_Basel_1907	Basel
Bühler & Manger		Nachf. Fritz Manger	Gerbergasse 81	Basel	2122	1907	60	telefonbuch_140	PTT-Archiv, P-260-1_Basel_1907	Basel
Bühlmann	Josef	Confiseur	Grenzacherstrasse 26	Basel	3730	1907	60	telefonbuch_140	PTT-Archiv, P-260-1_Basel_1907	Basel
Bührer-Bader	Joh.		Grellingerstrasse 28	Basel	3581	1907	60	telefonbuch_140	PTT-Archiv, P-260-1_Basel_1907	Basel
Bührer	C.	Dr., Arzt	Nauenstrasse 33	Basel	2179	1907	60	telefonbuch_140	PTT-Archiv, P-260-1_Basel_1907	Basel
Bulffer	Charles		Solothurnerstr. 62	Basel	4087	1907	60	telefonbuch_140	PTT-Archiv, P-260-1_Basel_1907	Basel
Bundesbahnen, Schweizer		Kreisdirektion II: Allgemeine Verwaltung, Finanz- und Rechtsdepartement	Spiesshof, Ob. Heuberg 7	Basel	2770	1907	60	telefonbuch_140	PTT-Archiv, P-260-1_Basel_1907	Basel
Bundesbahnen, Schweizer		Kreisdirektion II: Betriebsdepartement	Leonhardsgraben 36	Basel	2865	1907	60	telefonbuch_140	PTT-Archiv, P-260-1_Basel_1907	Basel
Bundesbahnen, Schweizer		Kreisdirektion II: Baudepartement u. Oberingenieur für den Bahnbau u. -Unterhalt	Leimenstrasse 2	Basel	245	1907	60	telefonbuch_140	PTT-Archiv, P-260-1_Basel_1907	Basel
Bundesbahnen, Schweizer		Materialverwaltung	Güterstrasse 109	Basel	2778	1907	60	telefonbuch_140	PTT-Archiv, P-260-1_Basel_1907	Basel
Bundesbahnen, Schweizer		Rechtsbureau	Spiesshof, Ob. Heuberg 7	Basel	3098	1907	60	telefonbuch_140	PTT-Archiv, P-260-1_Basel_1907	Basel
Bundesbahnen, Schweizer		Tarifbeamter	Ob. Heuberg 16	Basel	2887	1907	60	telefonbuch_140	PTT-Archiv, P-260-1_Basel_1907	Basel
Bundesbahnen, Schweizer		Baubureau des Bahnhofumbaues	Wallstrasse 19	Basel	1545	1907	60	telefonbuch_140	PTT-Archiv, P-260-1_Basel_1907	Basel
Bundesbahnen, Schweizer		Bureau des Bahningenieurs	Bahnhof S. B. B.	Basel	2465	1907	60	telefonbuch_140	PTT-Archiv, P-260-1_Basel_1907	Basel
Bundesbahnen, Schweizer		Bureau des Obermaschineningenieurs	Ob. Heuberg 16	Basel	3390	1907	60	telefonbuch_140	PTT-Archiv, P-260-1_Basel_1907	Basel
Bundesbahnen, Schweizer		Bureau des Depotchefs	Nauenstrasse 180	Basel	1032	1907	60	telefonbuch_140	PTT-Archiv, P-260-1_Basel_1907	Basel
Burckhardt	A.	(Pension Koller)	Kornhausgasse 18	Basel	2734	1907	60	telefonbuch_140	PTT-Archiv, P-260-1_Basel_1907	Basel
Burckhardt	Annina	(Beckenhof)	St. Albananlage 72	Basel	4117	1907	60	telefonbuch_140	PTT-Archiv, P-260-1_Basel_1907	Basel
Burckhardt-Boeringer	O.		Schweizerplatz 1	Basel	1555	1907	60	telefonbuch_140	PTT-Archiv, P-260-1_Basel_1907	Basel
Burckhardt-Burckhardt	E.	Frau	Augustinergasse 19	Basel	128	1907	60	telefonbuch_140	PTT-Archiv, P-260-1_Basel_1907	Basel
Burckhardt-Burckhardt	Emilie	Frau	Grellingerstrasse 26	Basel	1007	1907	60	telefonbuch_140	PTT-Archiv, P-260-1_Basel_1907	Basel
Burckhardt-Burckhardt	Hans		Leonhardsgraben 38	Basel	2897	1907	60	telefonbuch_140	PTT-Archiv, P-260-1_Basel_1907	Basel
Burckhardt-De Bary	Emil	Prof. Dr.	Missionsstrasse 8	Basel	2603	1907	60	telefonbuch_140	PTT-Archiv, P-260-1_Basel_1907	Basel
Burckhardt	August	Dr.	St. Albanvorstadt 94	Basel	4288	1907	60	telefonbuch_140	PTT-Archiv, P-260-1_Basel_1907	Basel
Burckhardt	Elias	Dr., Wohnung	Schützenmattstr. 85	Basel	3419	1907	60	telefonbuch_140	PTT-Archiv, P-260-1_Basel_1907	Basel
Burckhardt	Elias	Dr., & Silbernagel, Dr. Alfred, Advokaturbureau	Bäumleingasse 16	Basel	1783	1907	61	telefonbuch_141	PTT-Archiv, P-260-1_Basel_1907	Basel
Burckhardt	J. J.	Frau Dr.	St. Albananlage 51	Basel	4224	1907	61	telefonbuch_141	PTT-Archiv, P-260-1_Basel_1907	Basel
Burckhardt-Eckenstein	Hier.		Austrasse 15	Basel	2534	1907	61	telefonbuch_141	PTT-Archiv, P-260-1_Basel_1907	Basel
Burckhardt-Ecklin	M.	Dr.	Steinengraben 36	Basel	375	1907	61	telefonbuch_141	PTT-Archiv, P-260-1_Basel_1907	Basel
Burckhardt-Fetscherin	H.	Dr., Regierungsrat	Socinstrasse 21	Basel	1470	1907	61	telefonbuch_141	PTT-Archiv, P-260-1_Basel_1907	Basel
Burckhardt-Finsler	Alb.	Dr., Regierungsrat	Schaff. Rheinweg 55	Basel	3950	1907	61	telefonbuch_141	PTT-Archiv, P-260-1_Basel_1907	Basel
Burckhardt-Friedrich	Albr.	Prof. Dr.	Kapellenstrasse 26	Basel	3048	1907	61	telefonbuch_141	PTT-Archiv, P-260-1_Basel_1907	Basel
Burckhardt-Grossmann	C. Ed.		Sevogelstrasse 79	Basel	3695	1907	61	telefonbuch_141	PTT-Archiv, P-260-1_Basel_1907	Basel
Burckhardt-Heimlicher	Rud.	Dr.	Rheinschanze 6	Basel	721	1907	61	telefonbuch_141	PTT-Archiv, P-260-1_Basel_1907	Basel
Burckhardt-Heussler	A.		St. Albanvorstadt 96	Basel	4276	1907	61	telefonbuch_141	PTT-Archiv, P-260-1_Basel_1907	Basel
Burckhardt-Iselin	Emma	Wwe.	Byfangweg 51	Basel	2879	1907	61	telefonbuch_141	PTT-Archiv, P-260-1_Basel_1907	Basel
Burckhardt-Iselin	Julie	Wwe.	Gartenstrasse 24	Basel	2127	1907	61	telefonbuch_141	PTT-Archiv, P-260-1_Basel_1907	Basel
Burckhardt-Jecker	C.		Davidsbodenstr. 59	Basel	1509	1907	61	telefonbuch_141	PTT-Archiv, P-260-1_Basel_1907	Basel
Burckhardt	Julie		St. Albananlage 64	Basel	4160	1907	61	telefonbuch_141	PTT-Archiv, P-260-1_Basel_1907	Basel
Burckhardt-Köchlin	E.		Hebelstrasse 32	Basel	1491	1907	61	telefonbuch_141	PTT-Archiv, P-260-1_Basel_1907	Basel
Burckhardt	Louise		St. Albanvorstadt 11	Basel	1764	1907	61	telefonbuch_141	PTT-Archiv, P-260-1_Basel_1907	Basel
Burckhardt-Lüscher	P.	Dr.	Rütimeyerstrasse 7	Basel	3457	1907	61	telefonbuch_141	PTT-Archiv, P-260-1_Basel_1907	Basel
Burckhardt	Marie	Seegerhof	Blumenrain 19	Basel	141	1907	61	telefonbuch_141	PTT-Archiv, P-260-1_Basel_1907	Basel
Burckhardt-Merian	Adolf		Feierabendstrasse 48	Basel	2932	1907	61	telefonbuch_141	PTT-Archiv, P-260-1_Basel_1907	Basel
Burckhardt-Merian	Julius		Neusatzweg 3	Basel	3584	1907	61	telefonbuch_141	PTT-Archiv, P-260-1_Basel_1907	Basel
Burckhardt-Merian	L. Ed.		Gellertstrasse 33	Basel	4491	1907	61	telefonbuch_141	PTT-Archiv, P-260-1_Basel_1907	Basel
Burckhardt-Mieg	J.	Frau	Leimenstrasse 7	Basel	555	1907	61	telefonbuch_141	PTT-Archiv, P-260-1_Basel_1907	Basel
Burckhardt-Passavant			St. Albanvorstadt 1	Basel	1745	1907	61	telefonbuch_141	PTT-Archiv, P-260-1_Basel_1907	Basel
Burckhardt-Passavant	H. R.	Dr., (Beckenhof)	St. Albananlage 72	Basel	4117	1907	61	telefonbuch_141	PTT-Archiv, P-260-1_Basel_1907	Basel
Burckhardt-Rüsch	Ad.		Malzgasse 23	Basel	2234	1907	61	telefonbuch_141	PTT-Archiv, P-260-1_Basel_1907	Basel
Burckhardt-Ryhiner	Carl		Aeschengraben 18	Basel	2378	1907	61	telefonbuch_141	PTT-Archiv, P-260-1_Basel_1907	Basel
Burckhardt-Sarasin	Carl		Langegasse 43	Basel	3680	1907	61	telefonbuch_141	PTT-Archiv, P-260-1_Basel_1907	Basel
Burckhardt-Sarasin	W.		Hardtstrasse 54	Basel	3780	1907	61	telefonbuch_141	PTT-Archiv, P-260-1_Basel_1907	Basel
Burckhardt-Schaub	Aug.		Mühleberg 9	Basel	2512	1907	61	telefonbuch_141	PTT-Archiv, P-260-1_Basel_1907	Basel
Burckhardt-Schazmann		Prof. Dr., Regierungsrat	St. Albananlage 70	Basel	1085	1907	61	telefonbuch_141	PTT-Archiv, P-260-1_Basel_1907	Basel
Burckhardt-Siber	Felix		Münchensteinerstr 47	Basel	4062	1907	61	telefonbuch_141	PTT-Archiv, P-260-1_Basel_1907	Basel
Burckhardt	Sophie		St. Jakobsstrasse 7	Basel	1750	1907	61	telefonbuch_141	PTT-Archiv, P-260-1_Basel_1907	Basel
Burckhardt-Sulger	E.		Missionsstrasse 58	Basel	2581	1907	61	telefonbuch_141	PTT-Archiv, P-260-1_Basel_1907	Basel
Burckhardt-Thurneysen	Dan.		St. Albangraben 14	Basel	1848	1907	61	telefonbuch_141	PTT-Archiv, P-260-1_Basel_1907	Basel
Burckhardt & Co.			St. Albangraben 14	Basel	1879	1907	61	telefonbuch_141	PTT-Archiv, P-260-1_Basel_1907	Basel
Burckhardt & Stückelberg		Notariats- u. Advokaturbureau	Gerbergasse 24	Basel	1796	1907	61	telefonbuch_141	PTT-Archiv, P-260-1_Basel_1907	Basel
Burckhardt-Vicarino	Hans	Dr. med.	Herbergsgasse 7	Basel	1570	1907	61	telefonbuch_141	PTT-Archiv, P-260-1_Basel_1907	Basel
Burckhardt-Vischer	C. F. Wm.	Dr., Bankier	Steinenring 44	Basel	2650	1907	61	telefonbuch_141	PTT-Archiv, P-260-1_Basel_1907	Basel
Burckhardt-Vischer	W.	Dr., Advokat, Bureau	Kohlenberg 11	Basel	1889	1907	61	telefonbuch_141	PTT-Archiv, P-260-1_Basel_1907	Basel
Burckhardt-Vischer	W.	Wohnung	Wartenbergstr. 15	Basel	2382	1907	61	telefonbuch_141	PTT-Archiv, P-260-1_Basel_1907	Basel
Burckhardt-Vischer	Th.		St. Albangraben 4	Basel	1911	1907	61	telefonbuch_141	PTT-Archiv, P-260-1_Basel_1907	Basel
Burckhardt-VonderMühll	Alf.		Hardtstrasse 1	Basel	3795	1907	61	telefonbuch_141	PTT-Archiv, P-260-1_Basel_1907	Basel
Burckhardt-VonderMühll	A. C.	Wwe.	St. Albanvorstadt 34	Basel	1824	1907	61	telefonbuch_141	PTT-Archiv, P-260-1_Basel_1907	Basel
Burckhardt-vonSpeyr	G.		Kapellenstrasse 29	Basel	2069	1907	61	telefonbuch_141	PTT-Archiv, P-260-1_Basel_1907	Basel
Burckhardt	W. E.		Steinengraben 12	Basel	3293	1907	61	telefonbuch_141	PTT-Archiv, P-260-1_Basel_1907	Basel
Burckhardt-Werthemann	Dl.	Prof. Dr.	St. Albangraben 14	Basel	1926	1907	61	telefonbuch_141	PTT-Archiv, P-260-1_Basel_1907	Basel
Burckhardt-Zahn	C. A.		Gellertstrasse 10	Basel	1880	1907	61	telefonbuch_141	PTT-Archiv, P-260-1_Basel_1907	Basel
Burger	Adolf	Gravieranstalt u. Stempelfabrik	Pfluggasse 9	Basel	4484	1907	62	telefonbuch_142	PTT-Archiv, P-260-1_Basel_1907	Basel
Burger	Aug.	Goldschmied	Gerbergasse 91	Basel	4307	1907	62	telefonbuch_142	PTT-Archiv, P-260-1_Basel_1907	Basel
Burger	Th.	Spezereihandlung	Zürcherstrasse 83	Basel	379	1907	62	telefonbuch_142	PTT-Archiv, P-260-1_Basel_1907	Basel
Bürgerratskanzlei		Stadthaus	Stadthausgasse 13	Basel	1462	1907	62	telefonbuch_142	PTT-Archiv, P-260-1_Basel_1907	Basel
Bürgerspital			Hebelstrasse 2	Basel	1507	1907	62	telefonbuch_142	PTT-Archiv, P-260-1_Basel_1907	Basel
Bürgerspital		siehe Spitalapotheke		Basel		1907	62	telefonbuch_142	PTT-Archiv, P-260-1_Basel_1907	Basel
Bürgerspital		siehe unter „Brüglingen“		Basel		1907	62	telefonbuch_142	PTT-Archiv, P-260-1_Basel_1907	Basel
Bürgi	Carl		Feierabendstrasse 74	Basel	88	1907	62	telefonbuch_142	PTT-Archiv, P-260-1_Basel_1907	Basel
Bürgin	Adolf	Möbelschreinerei	Jurastrasse 50	Basel	3772	1907	62	telefonbuch_142	PTT-Archiv, P-260-1_Basel_1907	Basel
Bürgin	Emil	Eisfabrik	Unt. Rheinweg 18	Basel	1263	1907	62	telefonbuch_142	PTT-Archiv, P-260-1_Basel_1907	Basel
Bürgin	Emil	Wohnung	Missionsstrasse 1	Basel	2666	1907	62	telefonbuch_142	PTT-Archiv, P-260-1_Basel_1907	Basel
Bürgin	Gust.	Stadtuhrenmacher und Blitzableiterexp.	Nadelberg 11	Basel	2575	1907	62	telefonbuch_142	PTT-Archiv, P-260-1_Basel_1907	Basel
Bürgin	Jakob	Büchsenmacher	Petersplatz 18	Basel	26	1907	62	telefonbuch_142	PTT-Archiv, P-260-1_Basel_1907	Basel
Bürgin-Schupp	Emil	Gundoldingerhalle	Dornacherstrasse 47	Basel	20	1907	62	telefonbuch_142	PTT-Archiv, P-260-1_Basel_1907	Basel
Buri	Theodor	Dr.	Schützengraben 51	Basel	2505	1907	62	telefonbuch_142	PTT-Archiv, P-260-1_Basel_1907	Basel
Buri	Julius	Schneidermeister	Eisengasse 16	Basel	1338	1907	62	telefonbuch_142	PTT-Archiv, P-260-1_Basel_1907	Basel
Buri	Julius	Wohnung	Therwilerstrasse 16	Basel	3043	1907	62	telefonbuch_142	PTT-Archiv, P-260-1_Basel_1907	Basel
Burkart	Emil	Vertr. Salmenbräu Rheinfelden	Vogesenstrasse 143	Basel	184	1907	62	telefonbuch_142	PTT-Archiv, P-260-1_Basel_1907	Basel
Burkart-Spiess	E.	(Restauration)	Bahnhofstrasse 151	Basel	662	1907	62	telefonbuch_142	PTT-Archiv, P-260-1_Basel_1907	Basel
Burkhard-Reeb	Julius		Angensteinerstr. 25	Basel	4231	1907	62	telefonbuch_142	PTT-Archiv, P-260-1_Basel_1907	Basel
Burkhardt-Schaub	Wilhelm	Kaminfegermstr.	Utengasse 56	Basel	1142	1907	62	telefonbuch_142	PTT-Archiv, P-260-1_Basel_1907	Basel
Bürki-Gröner	C.	Spenglermeister	Weissegasse 12	Basel	2965	1907	62	telefonbuch_142	PTT-Archiv, P-260-1_Basel_1907	Basel
Bürkly	Hrch.	Kochherdfabrik	Klingenthalstr. 79	Basel	3452	1907	62	telefonbuch_142	PTT-Archiv, P-260-1_Basel_1907	Basel
Bürkly	Hrch.	Wohnung	Römergasse 29	Basel	3189	1907	62	telefonbuch_142	PTT-Archiv, P-260-1_Basel_1907	Basel
Bürner	Emil	Nachfolger v. Hans Grimm	Freiestrasse 86	Basel	1345	1907	62	telefonbuch_142	PTT-Archiv, P-260-1_Basel_1907	Basel
Burri-Thommen		Schreibmaschinengeschäft	Ob. Heuberg 17	Basel	3417	1907	62	telefonbuch_142	PTT-Archiv, P-260-1_Basel_1907	Basel
Buser	Ernst	Dr., Ohrenarzt	Elisabethenstr. 11	Basel	504	1907	62	telefonbuch_142	PTT-Archiv, P-260-1_Basel_1907	Basel
Buser-Friedmann	Karl	Gärtner	Güterstrasse 207	Basel	3855	1907	62	telefonbuch_142	PTT-Archiv, P-260-1_Basel_1907	Basel
Buser-Schöni	J.	Zahnarzt	Steinenthorstrasse 24	Basel	2459	1907	62	telefonbuch_142	PTT-Archiv, P-260-1_Basel_1907	Basel
Buser	M.	Wwe., Schweizerhaus	Steinenring 49	Basel	210	1907	62	telefonbuch_142	PTT-Archiv, P-260-1_Basel_1907	Basel
Busigny	C.	Mme., Robes et Confections	Freiestrasse 86	Basel	1897	1907	62	telefonbuch_142	PTT-Archiv, P-260-1_Basel_1907	Basel
Buss	Albert	(Wohnung)	Schützenmattstr. 61	Basel	2545	1907	62	telefonbuch_142	PTT-Archiv, P-260-1_Basel_1907	Basel
Buss	Alb.	& Co., Actiengesellschaft	Güterstrasse 190	Basel	2579	1907	62	telefonbuch_142	PTT-Archiv, P-260-1_Basel_1907	Basel
Buss	Alb.	& Co., Actiengesellschaft	Güterstrasse 190	Basel	3741	1907	62	telefonbuch_142	PTT-Archiv, P-260-1_Basel_1907	Basel
Buss	Alb.	& Co., Actiengesellschaft	Güterstrasse 190	Basel	804	1907	62	telefonbuch_142	PTT-Archiv, P-260-1_Basel_1907	Basel
Buss	Alb.	& Co., Actiengesellschaft, Baubureau B. B.	Maulbeerweg 179	Basel	396	1907	62	telefonbuch_142	PTT-Archiv, P-260-1_Basel_1907	Basel
Bussinger-Staub	E.		Austrasse 124	Basel	951	1907	62	telefonbuch_142	PTT-Archiv, P-260-1_Basel_1907	Basel
Büttner	A.	Markt-Apotheke	Marktplatz 30	Basel	1352	1907	62	telefonbuch_142	PTT-Archiv, P-260-1_Basel_1907	Basel
Buxtorf-Burckhardt	A.	Dr.	Grenzacherstr. 94	Basel	3810	1907	62	telefonbuch_142	PTT-Archiv, P-260-1_Basel_1907	Basel
Buxtorf-Mooser	R.		Austrasse 118	Basel	2799	1907	62	telefonbuch_142	PTT-Archiv, P-260-1_Basel_1907	Basel
Buxtorf-Rupp	F.		Vogesenstrasse 29	Basel	1240	1907	62	telefonbuch_142	PTT-Archiv, P-260-1_Basel_1907	Basel
Buxtorf-Schilling	F.		Hebelstrasse 133	Basel	421	1907	62	telefonbuch_142	PTT-Archiv, P-260-1_Basel_1907	Basel
Buxtorf & Cie.			Spalenthorweg 62	Basel	2741	1907	62	telefonbuch_142	PTT-Archiv, P-260-1_Basel_1907	Basel
Buxtorf & Cie.			Bad. Güterbahnhof	Basel	4428	1907	62	telefonbuch_142	PTT-Archiv, P-260-1_Basel_1907	Basel
Cafader-Mieg	M.		Aeschenvorstadt 11	Basel	1895	1907	62	telefonbuch_142	PTT-Archiv, P-260-1_Basel_1907	Basel
Cafader & Co.			Reichensteinerstr. 14	Basel	4025	1907	62	telefonbuch_142	PTT-Archiv, P-260-1_Basel_1907	Basel
Cafader-Schlaepfer	Fritz		Dornacherstrasse 24	Basel	4415	1907	62	telefonbuch_142	PTT-Archiv, P-260-1_Basel_1907	Basel
Café-Restaurant Spitz			Greifengasse 2	Basel	1269	1907	63	telefonbuch_143	PTT-Archiv, P-260-1_Basel_1907	Basel
Café vaudois & Dézaley	E.	Fonjallaz	Barfüssergasse 14	Basel	4411	1907	63	telefonbuch_143	PTT-Archiv, P-260-1_Basel_1907	Basel
Cahen-Levallant			Holbeinstrasse 21	Basel	2804	1907	63	telefonbuch_143	PTT-Archiv, P-260-1_Basel_1907	Basel
Cappeler-Beglinger	Ad.	Hafnermeister	Schützengraben 39	Basel	2732	1907	63	telefonbuch_143	PTT-Archiv, P-260-1_Basel_1907	Basel
Cappis	Oscar		Mörsbergerstr. 30	Basel	1657	1907	63	telefonbuch_143	PTT-Archiv, P-260-1_Basel_1907	Basel
Carbiner	Jak.	Restaurateur	Elsässerstrasse 11	Basel	820	1907	63	telefonbuch_143	PTT-Archiv, P-260-1_Basel_1907	Basel
Carpentier-Burckhardt	L.		St. Albanvorstadt 110	Basel	4141	1907	63	telefonbuch_143	PTT-Archiv, P-260-1_Basel_1907	Basel
Cavin-Sutter	C.		Holbeinstrasse 91	Basel	2586	1907	63	telefonbuch_143	PTT-Archiv, P-260-1_Basel_1907	Basel
Cavin & Siebenhaar			Falknerstrasse 2	Basel	4244	1907	63	telefonbuch_143	PTT-Archiv, P-260-1_Basel_1907	Basel
Cecchini	G.		Aeschenvorstadt 8	Basel	2058	1907	63	telefonbuch_143	PTT-Archiv, P-260-1_Basel_1907	Basel
Central Hôtel	G.	Wehrle	Falknerstrasse 3	Basel	1073	1907	63	telefonbuch_143	PTT-Archiv, P-260-1_Basel_1907	Basel
Centralvorstand des Vereins schweiz. Geschäftsreisender			Fischmarkt 9	Basel	1546	1907	63	telefonbuch_143	PTT-Archiv, P-260-1_Basel_1907	Basel
Ceylon Import-House John Toilmann & Cie.			Riehenthorstr. 33	Basel	478	1907	63	telefonbuch_143	PTT-Archiv, P-260-1_Basel_1907	Basel
Ceylon Tea Pavillon Ltd.			Thiersteinerallee 24	Basel	1358	1907	63	telefonbuch_143	PTT-Archiv, P-260-1_Basel_1907	Basel
Chabrières, Morel & Co.		Agentur	St. Johannring 6	Basel	1081	1907	63	telefonbuch_143	PTT-Archiv, P-260-1_Basel_1907	Basel
Chappel	Jos.	Gipsermeister	Oetlingerstrasse 74	Basel	317	1907	63	telefonbuch_143	PTT-Archiv, P-260-1_Basel_1907	Basel
Chappuis	Charles	Coiffeur	Freiestrasse 69	Basel	1859	1907	63	telefonbuch_143	PTT-Archiv, P-260-1_Basel_1907	Basel
Chappuis-Sarasin	P.	Dr.	Sevogelstrasse 34	Basel	3949	1907	63	telefonbuch_143	PTT-Archiv, P-260-1_Basel_1907	Basel
Charon	Louis	Wirt	Schützengraben 62	Basel	2538	1907	63	telefonbuch_143	PTT-Archiv, P-260-1_Basel_1907	Basel
Chemische Anstalt der Universität			Bernoullianum	Basel	178	1907	63	telefonbuch_143	PTT-Archiv, P-260-1_Basel_1907	Basel
Chemisches Laboratorium der Universität		II. Abt.	Unt. Rheingasse 19	Basel	1254	1907	63	telefonbuch_143	PTT-Archiv, P-260-1_Basel_1907	Basel
Chemische Fabrik Schweizerhall			Elsässerstrasse 229	Basel	4069	1907	63	telefonbuch_143	PTT-Archiv, P-260-1_Basel_1907	Basel
Chemische Fabrik Schweizerhall		Dieselbe	Elsässerstrasse 229	Basel	636	1907	63	telefonbuch_143	PTT-Archiv, P-260-1_Basel_1907	Basel
Chemische Fabrik Schweizerhall		Dieselbe siehe unter „Schweizerhalle“		Basel		1907	63	telefonbuch_143	PTT-Archiv, P-260-1_Basel_1907	Basel
Chemische Fabrik		vorm. Sandoz, Bureau	Fabrikstrasse 60	Basel	1633	1907	63	telefonbuch_143	PTT-Archiv, P-260-1_Basel_1907	Basel
Chemische Fabrik		Dieselbe, Fabrik	Fabrikstrasse 60	Basel	4497	1907	63	telefonbuch_143	PTT-Archiv, P-260-1_Basel_1907	Basel
Choffat	H.	Ingenieur	Allschwilerstr. 56	Basel	377	1907	63	telefonbuch_143	PTT-Archiv, P-260-1_Basel_1907	Basel
Christ-Briefer	P.		Freiestrasse 54	Basel	1613	1907	63	telefonbuch_143	PTT-Archiv, P-260-1_Basel_1907	Basel
Christ-de Neufville	R.		Schönbeinstrasse 40	Basel	256	1907	63	telefonbuch_143	PTT-Archiv, P-260-1_Basel_1907	Basel
Christ-Ehinger	B. L.	Wwe. (im Winter)	St. Jakobstrasse 2	Basel	2067	1907	63	telefonbuch_143	PTT-Archiv, P-260-1_Basel_1907	Basel
Christ-Ehinger	B. L.	Dieselbe (im Sommer)	Gundoldingerstr. 326	Basel	4003	1907	63	telefonbuch_143	PTT-Archiv, P-260-1_Basel_1907	Basel
Christ-Iselin	Wm.		Wallstrasse 20	Basel	2259	1907	63	telefonbuch_143	PTT-Archiv, P-260-1_Basel_1907	Basel
Christ-Merian	Balth.		Mittlerestrasse 2	Basel	1452	1907	63	telefonbuch_143	PTT-Archiv, P-260-1_Basel_1907	Basel
Christ-Merian	Hans		Langegasse 30	Basel	1093	1907	63	telefonbuch_143	PTT-Archiv, P-260-1_Basel_1907	Basel
Christ-Paravicini	Alfred	Dr., Arzt	St. Jakobstrasse 42	Basel	3721	1907	63	telefonbuch_143	PTT-Archiv, P-260-1_Basel_1907	Basel
Christ-Siber	Paul	Pfarrer	Sempacherstrasse 45	Basel	4002	1907	63	telefonbuch_143	PTT-Archiv, P-260-1_Basel_1907	Basel
Christ-Socin	Herm.	Dr., Advokat	St. Jakobstrasse 5	Basel	1920	1907	63	telefonbuch_143	PTT-Archiv, P-260-1_Basel_1907	Basel
Christen	E.	Comestibles, Engros-Geschäft, Bureau und Spedition	Heumattstrasse 21	Basel	3943	1907	63	telefonbuch_143	PTT-Archiv, P-260-1_Basel_1907	Basel
Christen	E.	Derselbe, Haupt-Stadtgeschäft	Marktplatz 4	Basel	1315	1907	63	telefonbuch_143	PTT-Archiv, P-260-1_Basel_1907	Basel
Christen	E.	Derselbe, Filiale und Wohnung	Heumattstrasse 21	Basel	3726	1907	63	telefonbuch_143	PTT-Archiv, P-260-1_Basel_1907	Basel
Christen-Haas	M.	Waschanstalt	Badergässlein 2	Basel	1223	1907	63	telefonbuch_143	PTT-Archiv, P-260-1_Basel_1907	Basel
Christen	J. C.	Cartonnagefabrik	Oetlingerstrasse 189	Basel	3215	1907	63	telefonbuch_143	PTT-Archiv, P-260-1_Basel_1907	Basel
Christen-Meyer	Fritz		Steinengraben 55	Basel	3082	1907	63	telefonbuch_143	PTT-Archiv, P-260-1_Basel_1907	Basel
Christen-Weber	W.		Leonhardstrasse 14	Basel	2982	1907	63	telefonbuch_143	PTT-Archiv, P-260-1_Basel_1907	Basel
Christen-Widmer	G.		Bättwilerstrasse 10	Basel	4530	1907	63	telefonbuch_143	PTT-Archiv, P-260-1_Basel_1907	Basel
Churer Lack- und Farbenfabrik Basel			Heumattstrasse 19	Basel	2226	1907	63	telefonbuch_143	PTT-Archiv, P-260-1_Basel_1907	Basel
Civilgerichtsschreiberei Basel-Stadt			Bäumleingasse 1	Basel	1847	1907	63	telefonbuch_143	PTT-Archiv, P-260-1_Basel_1907	Basel
Civilstandsbureau			Domhof	Basel	1799	1907	64	telefonbuch_144	PTT-Archiv, P-260-1_Basel_1907	Basel
Clar	Gebrüder	Comestibles	Eisengasse 18	Basel	1386	1907	64	telefonbuch_144	PTT-Archiv, P-260-1_Basel_1907	Basel
Clauss-Holzach	M.	Hafer- und Mehlhandlung	Steinenthorstr. 19	Basel	646	1907	64	telefonbuch_144	PTT-Archiv, P-260-1_Basel_1907	Basel
Clavel-Respinger	Alex.		Aeschenvorstadt 4	Basel	2667	1907	64	telefonbuch_144	PTT-Archiv, P-260-1_Basel_1907	Basel
Clerici	B.		Freiestrasse 86	Basel	1218	1907	64	telefonbuch_144	PTT-Archiv, P-260-1_Basel_1907	Basel
Cochius & Co.			Lohweg 10	Basel	648	1907	64	telefonbuch_144	PTT-Archiv, P-260-1_Basel_1907	Basel
Cognac-Brennerei Basel		erste schweiz.	Feierabendstr. 36	Basel	3464	1907	64	telefonbuch_144	PTT-Archiv, P-260-1_Basel_1907	Basel
Compagnie d'Assurances Générales sur la vie	Fritz Egli	Directeur Particulier à Bâle	Freiestrasse 84	Basel	3131	1907	64	telefonbuch_144	PTT-Archiv, P-260-1_Basel_1907	Basel
Compagnie Cosmographique			Gerbergasse 55	Basel	2834	1907	64	telefonbuch_144	PTT-Archiv, P-260-1_Basel_1907	Basel
Compagnie générale transatlantique			Nauenstrasse 12	Basel	2386	1907	64	telefonbuch_144	PTT-Archiv, P-260-1_Basel_1907	Basel
Compagnie intle des Wagons-lits		Billetverkauf und Auskunftsbureau	Bahnhof S. B. B.	Basel	3870	1907	64	telefonbuch_144	PTT-Archiv, P-260-1_Basel_1907	Basel
Compagnie intle des Wagons-lits		Ober-Inspektion, Betriebsbureaux und Cassa	Centralbahnplatz 13	Basel	843	1907	64	telefonbuch_144	PTT-Archiv, P-260-1_Basel_1907	Basel
Compagnie Singer		Laden und Bureau	Freiestrasse 32	Basel	2503	1907	64	telefonbuch_144	PTT-Archiv, P-260-1_Basel_1907	Basel
Compagnie Singer		Werkstätte	Laufenstrasse 41	Basel	3849	1907	64	telefonbuch_144	PTT-Archiv, P-260-1_Basel_1907	Basel
Condition		(siehe Seidentrocknungs-Anstalt)	Kirschgartenstr. 1	Basel		1907	64	telefonbuch_144	PTT-Archiv, P-260-1_Basel_1907	Basel
Confection Globus			Steinenvorstadt 12	Basel	947	1907	64	telefonbuch_144	PTT-Archiv, P-260-1_Basel_1907	Basel
Confection Marke P. K. Z., Die			Freiestrasse 34	Basel	1579	1907	64	telefonbuch_144	PTT-Archiv, P-260-1_Basel_1907	Basel
Consulat der Ver. Staaten von Nordamerika	George Gifford		Leonhardsgraben 2	Basel	2397	1907	64	telefonbuch_144	PTT-Archiv, P-260-1_Basel_1907	Basel
Consumverein, Allgemeiner		Verwaltung	Birsigstrasse 14	Basel	2577	1907	64	telefonbuch_144	PTT-Archiv, P-260-1_Basel_1907	Basel
Consumverein, Allgemeiner		Kassa	Birsigstrasse 14	Basel	1031	1907	64	telefonbuch_144	PTT-Archiv, P-260-1_Basel_1907	Basel
Consumverein, Allgemeiner		Architekturbureau	Birsigstrasse 12	Basel	2302	1907	64	telefonbuch_144	PTT-Archiv, P-260-1_Basel_1907	Basel
Consumverein, Allgemeiner		Metzgereifiliale	Allschwilerstr. 41	Basel	907	1907	64	telefonbuch_144	PTT-Archiv, P-260-1_Basel_1907	Basel
Consumverein, Allgemeiner		Metzgereifiliale	Bachlettenstrasse 25	Basel	3418	1907	64	telefonbuch_144	PTT-Archiv, P-260-1_Basel_1907	Basel
Consumverein, Allgemeiner		Metzgereifiliale	Clarastrasse 46	Basel	3633	1907	64	telefonbuch_144	PTT-Archiv, P-260-1_Basel_1907	Basel
Consumverein, Allgemeiner		Metzgereifiliale	Dornacherstr. 131	Basel	3876	1907	64	telefonbuch_144	PTT-Archiv, P-260-1_Basel_1907	Basel
Consumverein, Allgemeiner		Metzgereifiliale	Hegenheimerstr. 23	Basel	841	1907	64	telefonbuch_144	PTT-Archiv, P-260-1_Basel_1907	Basel
Consumverein, Allgemeiner		Metzgereifiliale	Mattweg 76	Basel	3423	1907	64	telefonbuch_144	PTT-Archiv, P-260-1_Basel_1907	Basel
Consumverein, Allgemeiner		Metzgereifiliale	Mörsbergerstr. 54	Basel	275	1907	64	telefonbuch_144	PTT-Archiv, P-260-1_Basel_1907	Basel
Consumverein, Allgemeiner		Metzgereifiliale	Feldbergstrasse 42	Basel	3247	1907	64	telefonbuch_144	PTT-Archiv, P-260-1_Basel_1907	Basel
Consumverein, Allgemeiner		Metzgereifiliale	Claragraben 3	Basel	3217	1907	64	telefonbuch_144	PTT-Archiv, P-260-1_Basel_1907	Basel
Consumverein, Allgemeiner		Metzgereifiliale	Ochsengasse 11	Basel	1201	1907	64	telefonbuch_144	PTT-Archiv, P-260-1_Basel_1907	Basel
Consumverein, Allgemeiner		Metzgereifiliale	Sempacherstrasse 23	Basel	4083	1907	64	telefonbuch_144	PTT-Archiv, P-260-1_Basel_1907	Basel
Consumverein, Allgemeiner		Metzgereifiliale	Spalenvorstadt 27	Basel	2675	1907	64	telefonbuch_144	PTT-Archiv, P-260-1_Basel_1907	Basel
Consumverein, Allgemeiner		Metzgereifiliale	Steinenvorstadt 81	Basel	2373	1907	64	telefonbuch_144	PTT-Archiv, P-260-1_Basel_1907	Basel
Consumverein, Allgemeiner		Metzgereifiliale	Sternengasse 11	Basel	1212	1907	64	telefonbuch_144	PTT-Archiv, P-260-1_Basel_1907	Basel
Consumverein, Allgemeiner		Metzgereifiliale	Zürcherstrasse 105	Basel	886	1907	64	telefonbuch_144	PTT-Archiv, P-260-1_Basel_1907	Basel
Consumverein, Allgemeiner		Metzgereifiliale	Rümelinsplatz 19	Basel	2672	1907	64	telefonbuch_144	PTT-Archiv, P-260-1_Basel_1907	Basel
Consumverein, Allgemeiner		Metzgereifiliale	Kleinhüningerstr. 114	Basel	748	1907	64	telefonbuch_144	PTT-Archiv, P-260-1_Basel_1907	Basel
Consumverein, Allgemeiner		Metzgereifiliale	Davidsrain 25	Basel	4433	1907	64	telefonbuch_144	PTT-Archiv, P-260-1_Basel_1907	Basel
Consumverein, Allgemeiner		Metzgereifiliale	Rufacherstrasse 106	Basel	4414	1907	64	telefonbuch_144	PTT-Archiv, P-260-1_Basel_1907	Basel
Consumverein, Allgemeiner		Metzgereifiliale	Tellsplatz 3	Basel	4413	1907	64	telefonbuch_144	PTT-Archiv, P-260-1_Basel_1907	Basel
Consumverein, Allgemeiner		Bäckereigeschäft	Birsigstrasse 12	Basel	203	1907	64	telefonbuch_144	PTT-Archiv, P-260-1_Basel_1907	Basel
Consumverein, Allgemeiner		Brennmaterialiengeschäft	Elsässerstrasse 227	Basel	312	1907	64	telefonbuch_144	PTT-Archiv, P-260-1_Basel_1907	Basel
Consumverein, Allgemeiner		Gemüsehandel	Margarethenstr. 15	Basel	828	1907	64	telefonbuch_144	PTT-Archiv, P-260-1_Basel_1907	Basel
Consumverein, Allgemeiner		Haushaltungsartikel-Geschäft	Rümelinsplatz 19	Basel	2857	1907	65	telefonbuch_145	PTT-Archiv, P-260-1_Basel_1907	Basel
Consumverein, Allgemeiner		Schlächterei	Mülhauserstrasse 40	Basel	342	1907	65	telefonbuch_145	PTT-Archiv, P-260-1_Basel_1907	Basel
Consumverein, Allgemeiner		Schlächterei	Mülhauserstrasse 36	Basel	2954	1907	65	telefonbuch_145	PTT-Archiv, P-260-1_Basel_1907	Basel
Consumverein, Allgemeiner		Schuhgeschäft	Rümelinbachweg 53	Basel	4274	1907	65	telefonbuch_145	PTT-Archiv, P-260-1_Basel_1907	Basel
Consumverein, Allgemeiner		Milchgeschäft	Steinenthorstr. 24	Basel	2239	1907	65	telefonbuch_145	PTT-Archiv, P-260-1_Basel_1907	Basel
Consumverein, Allgemeiner		Stallung	Hochstrasse 52	Basel	4162	1907	65	telefonbuch_145	PTT-Archiv, P-260-1_Basel_1907	Basel
Consumverein, Allgemeiner		Warenbureau	Rümelinbachweg 23	Basel	4263	1907	65	telefonbuch_145	PTT-Archiv, P-260-1_Basel_1907	Basel
Continental		Restaurant, Ph. Plachner	Küchegässlein 15	Basel	4495	1907	65	telefonbuch_145	PTT-Archiv, P-260-1_Basel_1907	Basel
Conzelmann-Hunziker	J.	Schreinermeister	Belchenstrasse 16	Basel	258	1907	65	telefonbuch_145	PTT-Archiv, P-260-1_Basel_1907	Basel
de Coppet	Maurice	Consul de France	Angensteinerstr. 13	Basel	2802	1907	65	telefonbuch_145	PTT-Archiv, P-260-1_Basel_1907	Basel
Corcoran	J. V.		Bruderholzstr. 18	Basel	4474	1907	65	telefonbuch_145	PTT-Archiv, P-260-1_Basel_1907	Basel
Cornelius	Carl	Prof.	Hirzbodenweg 96	Basel	476	1907	65	telefonbuch_145	PTT-Archiv, P-260-1_Basel_1907	Basel
Corning	H. K.	Prof. Dr.	Bundesstrasse 17	Basel	1659	1907	65	telefonbuch_145	PTT-Archiv, P-260-1_Basel_1907	Basel
Courvoisier	L. G.	Prof. Dr.	Holbeinstrasse 93	Basel	3101	1907	65	telefonbuch_145	PTT-Archiv, P-260-1_Basel_1907	Basel
Courvoisier Sohn			Petersberg 27	Basel	779	1907	65	telefonbuch_145	PTT-Archiv, P-260-1_Basel_1907	Basel
Crome	Ernst Friedrich		St. Johannring 125	Basel	1304	1907	65	telefonbuch_145	PTT-Archiv, P-260-1_Basel_1907	Basel
Crowe	Ulrich Milne		Dornacherstrasse 22	Basel	4036	1907	65	telefonbuch_145	PTT-Archiv, P-260-1_Basel_1907	Basel
Cuny & Cie.			Kirchgasse 6	Basel	3190	1907	65	telefonbuch_145	PTT-Archiv, P-260-1_Basel_1907	Basel
Dahler	Carl	Handelsgärtner	Giessliweg 56	Basel	2744	1907	65	telefonbuch_145	PTT-Archiv, P-260-1_Basel_1907	Basel
Dahler	Friedr.		Florastrasse 27	Basel	3617	1907	65	telefonbuch_145	PTT-Archiv, P-260-1_Basel_1907	Basel
Dalang-David	E.	Bäcker	Ob. Rheingasse 56	Basel	1185	1907	65	telefonbuch_145	PTT-Archiv, P-260-1_Basel_1907	Basel
Dallwigk	O.	Vertreter der Schreibwarenfabrik F. Soennecken	Kohlenberg 25	Basel	4463	1907	65	telefonbuch_145	PTT-Archiv, P-260-1_Basel_1907	Basel
Damsohn-Ried	Chr.	Wirt	Elsässerstrasse 3	Basel	4439	1907	65	telefonbuch_145	PTT-Archiv, P-260-1_Basel_1907	Basel
Dannenberger	Leo	Malermeister	Habsburgerstr. 36	Basel	3878	1907	65	telefonbuch_145	PTT-Archiv, P-260-1_Basel_1907	Basel
Danner	R.	Eisenhandlung	Freiestrasse 54	Basel	1918	1907	65	telefonbuch_145	PTT-Archiv, P-260-1_Basel_1907	Basel
Danzas & Co. A.-G.	I	Export	Holbeinstrasse 2	Basel	2918	1907	65	telefonbuch_145	PTT-Archiv, P-260-1_Basel_1907	Basel
Dieselben	II.	Import	Holbeinstrasse 2	Basel	2886	1907	65	telefonbuch_145	PTT-Archiv, P-260-1_Basel_1907	Basel
Dieselben	III.	Cassa und Buchhaltung	Holbeinstrasse 2	Basel	3270	1907	65	telefonbuch_145	PTT-Archiv, P-260-1_Basel_1907	Basel
Dieselben		Güterbahnhof	St. Jakobstrasse	Basel	4209	1907	65	telefonbuch_145	PTT-Archiv, P-260-1_Basel_1907	Basel
Dieselben			Bad. Güterbahnhof	Basel	4424	1907	65	telefonbuch_145	PTT-Archiv, P-260-1_Basel_1907	Basel
Danzeisen	Ernst	Metzger	Schützenmattstr. 11	Basel	2690	1907	65	telefonbuch_145	PTT-Archiv, P-260-1_Basel_1907	Basel
Danzeisen-Rieder	A.		Friedensgasse 70	Basel	1456	1907	65	telefonbuch_145	PTT-Archiv, P-260-1_Basel_1907	Basel
Dätwiler	Friedrich		Mülhauserstrasse 96	Basel	354	1907	65	telefonbuch_145	PTT-Archiv, P-260-1_Basel_1907	Basel
David	Heinrich	Dr.	Rennweg 42	Basel	3789	1907	65	telefonbuch_145	PTT-Archiv, P-260-1_Basel_1907	Basel
David-Hoch	Alb.	Direktor der Volksbank	Bachlettenstrasse 68	Basel	3159	1907	65	telefonbuch_145	PTT-Archiv, P-260-1_Basel_1907	Basel
DeBary-Bavier	Rud.		Augustinergasse 1	Basel	1176	1907	65	telefonbuch_145	PTT-Archiv, P-260-1_Basel_1907	Basel
DeBary-Burckhardt	Joh.		St. Albananlage 25	Basel	4281	1907	65	telefonbuch_145	PTT-Archiv, P-260-1_Basel_1907	Basel
DeBary & Co.			Augustinergasse 1	Basel	1170	1907	65	telefonbuch_145	PTT-Archiv, P-260-1_Basel_1907	Basel
Dieselben		Fabrik	Gellertstrasse 67	Basel	1437	1907	65	telefonbuch_145	PTT-Archiv, P-260-1_Basel_1907	Basel
Deck	Melchior	Metzger	Schützenmattstr. 1	Basel	2601	1907	65	telefonbuch_145	PTT-Archiv, P-260-1_Basel_1907	Basel
Deffner	B.		Heinrichsgasse 22	Basel	3272	1907	65	telefonbuch_145	PTT-Archiv, P-260-1_Basel_1907	Basel
Degen-Rössiger	E.		Thiersteinerallee 15	Basel	759	1907	65	telefonbuch_145	PTT-Archiv, P-260-1_Basel_1907	Basel
Dehne	Franz		Riehenstrasse 8	Basel	3428	1907	65	telefonbuch_145	PTT-Archiv, P-260-1_Basel_1907	Basel
Deiss	K.	Schuhhandlung	Hutgasse 5	Basel	1527	1907	65	telefonbuch_145	PTT-Archiv, P-260-1_Basel_1907	Basel
Dennler	Fritz	Milch- und Butterhandlung	Webergasse 27	Basel	994	1907	65	telefonbuch_145	PTT-Archiv, P-260-1_Basel_1907	Basel
Denz	Joh.	Steinhauergeschäft	Rufacherstrasse 120	Basel	445	1907	66	telefonbuch_146	PTT-Archiv, P-260-1_Basel_1907	Basel
Departement des Innern			Rathaus	Basel	1387	1907	66	telefonbuch_146	PTT-Archiv, P-260-1_Basel_1907	Basel
v. Deschwanden-Gasser	J. M.	Flaschenbier-dépôt Feldschlösschen	Hagenthalerstr. 16	Basel	2786	1907	66	telefonbuch_146	PTT-Archiv, P-260-1_Basel_1907	Basel
Dettwiler	Emil	Architekt, Baubureau Gschwind, Dettwyler & Co.	Steinenthorstr. 27	Basel	2475	1907	66	telefonbuch_146	PTT-Archiv, P-260-1_Basel_1907	Basel
Dettwiler-Kellerhals	Franz		Dornacherstrasse 161	Basel	3776	1907	66	telefonbuch_146	PTT-Archiv, P-260-1_Basel_1907	Basel
Deutler	Gustav	Tapezierer	Spitalstrasse 26	Basel	2874	1907	66	telefonbuch_146	PTT-Archiv, P-260-1_Basel_1907	Basel
Deutsches Konsulat			Drahtzugstrasse 10	Basel	3301	1907	66	telefonbuch_146	PTT-Archiv, P-260-1_Basel_1907	Basel
Dewald	André	Vertr. v. Aug. Göricke	Steinenvorstadt 23	Basel	240	1907	66	telefonbuch_146	PTT-Archiv, P-260-1_Basel_1907	Basel
Diakonenanstalt im Hirzen			Aeschenvorstadt 50	Basel	2282	1907	66	telefonbuch_146	PTT-Archiv, P-260-1_Basel_1907	Basel
Dick	R.	vorm. Jos. Burri & Cie.	Hammerstrasse 115	Basel	3456	1907	66	telefonbuch_146	PTT-Archiv, P-260-1_Basel_1907	Basel
Didio-Kuchemann	L.	Wasch- und Glätterei	Spalenring 162	Basel	984	1907	66	telefonbuch_146	PTT-Archiv, P-260-1_Basel_1907	Basel
Diehl Gageur & Co.			St. Albanthal 35	Basel	4297	1907	66	telefonbuch_146	PTT-Archiv, P-260-1_Basel_1907	Basel
Diehr-Asal	Rob.		Palmenstrasse 20	Basel	916	1907	66	telefonbuch_146	PTT-Archiv, P-260-1_Basel_1907	Basel
Dierks	W.		Freiestrasse 74	Basel	3749	1907	66	telefonbuch_146	PTT-Archiv, P-260-1_Basel_1907	Basel
Dietler-Baumgartner	J.	Mechaniker	Sperrstrasse 41	Basel	1005	1907	66	telefonbuch_146	PTT-Archiv, P-260-1_Basel_1907	Basel
Dietrich-Böhme	Louis	Bierbrauer, Privat	Müllheimerstr. 141	Basel	3353	1907	66	telefonbuch_146	PTT-Archiv, P-260-1_Basel_1907	Basel
Dietrich	Gebr.	Brauerei z. Greifen, Brauerei und Bureau	Amerbachstrasse 36	Basel	3355	1907	66	telefonbuch_146	PTT-Archiv, P-260-1_Basel_1907	Basel
Dietrich	Herm.	Dr. med.	Kleinhüningerstr. 169	Basel	3393	1907	66	telefonbuch_146	PTT-Archiv, P-260-1_Basel_1907	Basel
Dietrich & Co.		Bijouterie	Freiestrasse 5	Basel	1549	1907	66	telefonbuch_146	PTT-Archiv, P-260-1_Basel_1907	Basel
Dietschy-Alioth	W.		Pilgerstrasse 19	Basel	1714	1907	66	telefonbuch_146	PTT-Archiv, P-260-1_Basel_1907	Basel
Dietschy-Burckhardt	J. J.		St. Johannvorst. 22	Basel	1391	1907	66	telefonbuch_146	PTT-Archiv, P-260-1_Basel_1907	Basel
Dietschy	Richard	Dr.	Sevogelstrasse 30	Basel	4306	1907	66	telefonbuch_146	PTT-Archiv, P-260-1_Basel_1907	Basel
Dietschy, Heusler & Co.		Comptoir	St. Johannvorst. 19	Basel	1398	1907	66	telefonbuch_146	PTT-Archiv, P-260-1_Basel_1907	Basel
Dieselben		Fergstube	St. Johannvorst. 19	Basel	1397	1907	66	telefonbuch_146	PTT-Archiv, P-260-1_Basel_1907	Basel
Dietschy-Fürstenberger	W. R.		Peter Merianstr. 48	Basel	4065	1907	66	telefonbuch_146	PTT-Archiv, P-260-1_Basel_1907	Basel
Dilger-Ruh	W.	Installateur	Spalenberg 62	Basel	311	1907	66	telefonbuch_146	PTT-Archiv, P-260-1_Basel_1907	Basel
Dill	Th.	Zahnarzt	Petersgraben 49	Basel	4259	1907	66	telefonbuch_146	PTT-Archiv, P-260-1_Basel_1907	Basel
Dinser	Conrad	Architekt	Güterstrasse 277	Basel	3425	1907	66	telefonbuch_146	PTT-Archiv, P-260-1_Basel_1907	Basel
Direktion der eidg. Bauten		Baubureau	Gartenstrasse 68	Basel	242	1907	66	telefonbuch_146	PTT-Archiv, P-260-1_Basel_1907	Basel
Diriwächter	G. W.		Petersgasse 10	Basel	4535	1907	66	telefonbuch_146	PTT-Archiv, P-260-1_Basel_1907	Basel
Disch-Jaeck	Aug.		Riehenthorstrasse 12	Basel	2819	1907	66	telefonbuch_146	PTT-Archiv, P-260-1_Basel_1907	Basel
Dischler	A.	Sculpture, Ebénisterie	Luftgässlein 6	Basel	3634	1907	66	telefonbuch_146	PTT-Archiv, P-260-1_Basel_1907	Basel
Disler	F.	(Hôtel Rütli)	Theaterstrasse 24	Basel	2549	1907	66	telefonbuch_146	PTT-Archiv, P-260-1_Basel_1907	Basel
Distel-Motsch	L.	Milchhandlung	Rixheimerstrasse 12	Basel	191	1907	66	telefonbuch_146	PTT-Archiv, P-260-1_Basel_1907	Basel
Ditisheim	Alfred	Lichtdruckanstalt, Nachf. v. Henri Besson	Elisabethenstr. 41	Basel	2094	1907	66	telefonbuch_146	PTT-Archiv, P-260-1_Basel_1907	Basel
Ditisheim	Gebrüder		Güterstrasse 126	Basel	2473	1907	66	telefonbuch_146	PTT-Archiv, P-260-1_Basel_1907	Basel
Ditisheim	M.	Dr. med.	Holbeinstrasse 88	Basel	2522	1907	66	telefonbuch_146	PTT-Archiv, P-260-1_Basel_1907	Basel
Döbbelin	A.	Nachf. v. H. R. Pfisterer	Freiestrasse 40	Basel	248	1907	66	telefonbuch_146	PTT-Archiv, P-260-1_Basel_1907	Basel
Döbeli-Hofer	T.	zur Burgvogtei	Ob. Rebgasse 12/14	Basel	1162	1907	66	telefonbuch_146	PTT-Archiv, P-260-1_Basel_1907	Basel
Dobler	Karl	Handelsgärtner	Lehenmattweg 230	Basel	855	1907	66	telefonbuch_146	PTT-Archiv, P-260-1_Basel_1907	Basel
Doebner	E.		Holbeinstrasse 38	Basel	548	1907	66	telefonbuch_146	PTT-Archiv, P-260-1_Basel_1907	Basel
Dolder	C.		Aeschenvorstadt 20	Basel	2096	1907	66	telefonbuch_146	PTT-Archiv, P-260-1_Basel_1907	Basel
Dolder-Merz	W.		Immengasse 18	Basel	644	1907	66	telefonbuch_146	PTT-Archiv, P-260-1_Basel_1907	Basel
Dollfus	R. A.		Grellingerstrasse 77	Basel	2343	1907	66	telefonbuch_146	PTT-Archiv, P-260-1_Basel_1907	Basel
Dollinger-Kölliker	Wilh.	Graveur	Malzgasse 11	Basel	2418	1907	66	telefonbuch_146	PTT-Archiv, P-260-1_Basel_1907	Basel
Domma	Rob.	Conditor	Oetlingerstrasse 63	Basel	291	1907	67	telefonbuch_147	PTT-Archiv, P-260-1_Basel_1907	Basel
Dopler	Jules H.	march.-tailleur	Kohlenberg 11	Basel	3267	1907	67	telefonbuch_147	PTT-Archiv, P-260-1_Basel_1907	Basel
Doppler	Gustav	Architekt	Müllheimerstr. 73	Basel	3347	1907	67	telefonbuch_147	PTT-Archiv, P-260-1_Basel_1907	Basel
Doppler	Heinrich	Baumeister	Allschwilerstr. 48	Basel	206	1907	67	telefonbuch_147	PTT-Archiv, P-260-1_Basel_1907	Basel
Dörflinger	Fritz	Fuhrhalter	Hägenheimerstr. 117	Basel	897	1907	67	telefonbuch_147	PTT-Archiv, P-260-1_Basel_1907	Basel
Dörflinger-Rietmann	Fr.		St. Johannvorst. 44	Basel	4011	1907	67	telefonbuch_147	PTT-Archiv, P-260-1_Basel_1907	Basel
Dornacher-Gutmann	L.	Spenglermeister	Unt. Heuberg 13	Basel	4442	1907	67	telefonbuch_147	PTT-Archiv, P-260-1_Basel_1907	Basel
Dornacher & Rottner			Falknerstrasse 7	Basel	671	1907	67	telefonbuch_147	PTT-Archiv, P-260-1_Basel_1907	Basel
Dorner	Albert		Gundoldingerstr. 410	Basel	745	1907	67	telefonbuch_147	PTT-Archiv, P-260-1_Basel_1907	Basel
Dorner & Co.		Weinimport	Reinacherstrasse 10	Basel	745	1907	67	telefonbuch_147	PTT-Archiv, P-260-1_Basel_1907	Basel
Doetsch	Richard	Apotheker	Sommergasse 38	Basel	2335	1907	67	telefonbuch_147	PTT-Archiv, P-260-1_Basel_1907	Basel
Doetschmann & Hoch			Eulerstrasse 8	Basel	2891	1907	67	telefonbuch_147	PTT-Archiv, P-260-1_Basel_1907	Basel
Douchain	Melle L.	Robes et Confections	Heumattstrasse 1	Basel	626	1907	67	telefonbuch_147	PTT-Archiv, P-260-1_Basel_1907	Basel
Drasdo	Otto	Buchhändler	Mittlerestrasse 206	Basel	614	1907	67	telefonbuch_147	PTT-Archiv, P-260-1_Basel_1907	Basel
Dreher	Germann		Gerbergasse 57	Basel	883	1907	67	telefonbuch_147	PTT-Archiv, P-260-1_Basel_1907	Basel
Dreher-Strahm	Wilhelm		Hardtstrasse 95	Basel	3788	1907	67	telefonbuch_147	PTT-Archiv, P-260-1_Basel_1907	Basel
Dreher-Treichler	J.	Sargfabrik, Nachf. v. C. Wassermann	Totentanz 8	Basel	1399	1907	67	telefonbuch_147	PTT-Archiv, P-260-1_Basel_1907	Basel
Dreifuss-Kahn	Leopold		Schützengraben 9	Basel	2779	1907	67	telefonbuch_147	PTT-Archiv, P-260-1_Basel_1907	Basel
Dreimann	A.		Spalenthorweg 31	Basel	2562	1907	67	telefonbuch_147	PTT-Archiv, P-260-1_Basel_1907	Basel
Drei Rosen - Schulhaus			Zähringerstrasse 30	Basel	3292	1907	67	telefonbuch_147	PTT-Archiv, P-260-1_Basel_1907	Basel
Drei Rosen		Wirtschaft (Cardinal)	Horburgstrasse 1	Basel	931	1907	67	telefonbuch_147	PTT-Archiv, P-260-1_Basel_1907	Basel
Dreispitz-Lagerplatz		"siehe ""Verwaltung"""		Basel	4257	1907	67	telefonbuch_147	PTT-Archiv, P-260-1_Basel_1907	Basel
Dreux	Eugène	Vertreter	Reichensteinerstr. 39	Basel	4222	1907	67	telefonbuch_147	PTT-Archiv, P-260-1_Basel_1907	Basel
Dreux-Heimgartner	Chs.	Restaurant zum Güterbahnhof (Wolf)	St. Jakobstrasse 159	Basel	3995	1907	67	telefonbuch_147	PTT-Archiv, P-260-1_Basel_1907	Basel
Drexler	Camille	Hotel Roter Ochsen	Ochsengasse 10	Basel	1249	1907	67	telefonbuch_147	PTT-Archiv, P-260-1_Basel_1907	Basel
Drexler	J.	Bürsten- und Pinselfabrikation	Marktplatz 3	Basel	116	1907	67	telefonbuch_147	PTT-Archiv, P-260-1_Basel_1907	Basel
Dreyfus	Alfred		Steinenvorstadt 60	Basel	2498	1907	67	telefonbuch_147	PTT-Archiv, P-260-1_Basel_1907	Basel
Dreyfus-Bernheim	S.		Steinengraben 25	Basel	2890	1907	67	telefonbuch_147	PTT-Archiv, P-260-1_Basel_1907	Basel
Dreyfus-Brettauer	B. A.		Steinengraben 49	Basel	3072	1907	67	telefonbuch_147	PTT-Archiv, P-260-1_Basel_1907	Basel
Dreyfus-Brodski	Jules		St. Jakobstrasse 44	Basel	2156	1907	67	telefonbuch_147	PTT-Archiv, P-260-1_Basel_1907	Basel
Dreyfus	Charles		St. Johannring 91	Basel	2630	1907	67	telefonbuch_147	PTT-Archiv, P-260-1_Basel_1907	Basel
Dreyfus		Dr. med.	Schützenmattstr. 69	Basel	2848	1907	67	telefonbuch_147	PTT-Archiv, P-260-1_Basel_1907	Basel
Dreyfus	Ernst		Socinstrasse 35	Basel	2702	1907	67	telefonbuch_147	PTT-Archiv, P-260-1_Basel_1907	Basel
Dreyfus	Ernst	Centralhalle	Streitgasse 20	Basel	884	1907	67	telefonbuch_147	PTT-Archiv, P-260-1_Basel_1907	Basel
Dreyfus-Geismar	Achilles		Nonnenweg 9	Basel	1233	1907	67	telefonbuch_147	PTT-Archiv, P-260-1_Basel_1907	Basel
Dreyfus-Heymann	Isaak	Viehhandlung	Allschwilerstr. 61	Basel	663	1907	67	telefonbuch_147	PTT-Archiv, P-260-1_Basel_1907	Basel
Dreyfus	L. de Emanuel	(auch Wohnung)	Spalenthorweg 20	Basel	2708	1907	67	telefonbuch_147	PTT-Archiv, P-260-1_Basel_1907	Basel
Dreyfus-Merzbacher	Ida	Wwe.	Eulerstrasse 10	Basel	2800	1907	67	telefonbuch_147	PTT-Archiv, P-260-1_Basel_1907	Basel
Dreyfus-Rueff	M.	Frau	Burgunderstrasse 11	Basel	3543	1907	67	telefonbuch_147	PTT-Archiv, P-260-1_Basel_1907	Basel
Dreyfus-Rueff	S.		Leimenstrasse 13	Basel	2852	1907	67	telefonbuch_147	PTT-Archiv, P-260-1_Basel_1907	Basel
Dreyfus Söhne & Co.			Aeschenvorstadt 16	Basel	2075	1907	67	telefonbuch_147	PTT-Archiv, P-260-1_Basel_1907	Basel
Dreyfus Söhne & Co.		Börse	Börse	Basel	101	1907	67	telefonbuch_147	PTT-Archiv, P-260-1_Basel_1907	Basel
Dreyfus Söhne & Co.		Börse	Börse	Basel	491	1907	67	telefonbuch_147	PTT-Archiv, P-260-1_Basel_1907	Basel
Dreyfus-Strauss	Isaak		Schützenmattstr. 43	Basel	2769	1907	67	telefonbuch_147	PTT-Archiv, P-260-1_Basel_1907	Basel
Drissler-Eitel	Aug.	Bildhauer	Unt. Rheinweg 58	Basel	214	1907	67	telefonbuch_147	PTT-Archiv, P-260-1_Basel_1907	Basel
Droschkenanstalt, allgemeine		Gebrüder Keller	Margarethenstr. 79	Basel	2145	1907	67	telefonbuch_147	PTT-Archiv, P-260-1_Basel_1907	Basel
Droschkenanstalt, allgemeine			Drahtzugstrasse 16	Basel	3470	1907	67	telefonbuch_147	PTT-Archiv, P-260-1_Basel_1907	Basel
Droschkenanstalt Settelen, Basler		Droschken und Möbeltransport	Davidsgasse 15	Basel	1519	1907	68	telefonbuch_148	PTT-Archiv, P-260-1_Basel_1907	Basel
Droschkenanstalt Settelen, Basler		Droschken und Möbeltransport	Davidsgasse 15	Basel	1531	1907	68	telefonbuch_148	PTT-Archiv, P-260-1_Basel_1907	Basel
Droschkenanstalt Settelen, Basler		Camionnage und Fuhrhalterei	Solothurnerstr. 12	Basel	3946	1907	68	telefonbuch_148	PTT-Archiv, P-260-1_Basel_1907	Basel
Drœser	H. J.	Bürsten- und Pinselfabrik	Eisengasse 11	Basel	1343	1907	68	telefonbuch_148	PTT-Archiv, P-260-1_Basel_1907	Basel
Drœser	H. J.	Filiale	Spalenberg 38	Basel	2649	1907	68	telefonbuch_148	PTT-Archiv, P-260-1_Basel_1907	Basel
Düblin	Emil	Spenglermeister	Allschwilerstrasse 34	Basel	2788	1907	68	telefonbuch_148	PTT-Archiv, P-260-1_Basel_1907	Basel
Dubois	Leopold	Delegierter des Verwaltungsrates des Schweiz. Bankvereins	Steinenring 8	Basel	633	1907	68	telefonbuch_148	PTT-Archiv, P-260-1_Basel_1907	Basel
Dudenhoeffer	J.		Münchensteinerstrasse 134	Basel	3504	1907	68	telefonbuch_148	PTT-Archiv, P-260-1_Basel_1907	Basel
Dukas	S.		Weiherweg 28	Basel	2998	1907	68	telefonbuch_148	PTT-Archiv, P-260-1_Basel_1907	Basel
Dukas	S.	& Co.	Freiestrasse 17	Basel	3040	1907	68	telefonbuch_148	PTT-Archiv, P-260-1_Basel_1907	Basel
Dukas, S., & Co.		Börse	Postgebäude	Basel	3156	1907	68	telefonbuch_148	PTT-Archiv, P-260-1_Basel_1907	Basel
Dukas, S., & Co.		Börse	Postgebäude	Basel	3141	1907	68	telefonbuch_148	PTT-Archiv, P-260-1_Basel_1907	Basel
Dunkel-Gass	M.	Milch und Butter	Homburgerstr. 22	Basel	365	1907	68	telefonbuch_148	PTT-Archiv, P-260-1_Basel_1907	Basel
Dunlop Pneumatic Tyre Co., The			Holbeinstrasse 56	Basel	3412	1907	68	telefonbuch_148	PTT-Archiv, P-260-1_Basel_1907	Basel
Durot	Ernest		Rennweg 82	Basel	3682	1907	68	telefonbuch_148	PTT-Archiv, P-260-1_Basel_1907	Basel
Dürrenberger	H.	Mechaniker	Türkheimerstr. 32	Basel	2269	1907	68	telefonbuch_148	PTT-Archiv, P-260-1_Basel_1907	Basel
Dürr	Alfred	Agentur und Kommission	St. Johannring 122	Basel	1442	1907	68	telefonbuch_148	PTT-Archiv, P-260-1_Basel_1907	Basel
Dürring-Kummler	R.	Wagner	Pfeffingerstrasse 61	Basel	3887	1907	68	telefonbuch_148	PTT-Archiv, P-260-1_Basel_1907	Basel
Eberhard	Hans	Bauunternehmer	Holbeinstrasse 11	Basel	2948	1907	68	telefonbuch_148	PTT-Archiv, P-260-1_Basel_1907	Basel
Eberhard	Hch.	Bauunternehmer	Kohlenberggasse 6	Basel	3118	1907	68	telefonbuch_148	PTT-Archiv, P-260-1_Basel_1907	Basel
Eberhard	Hch.	Werkhof	Hägenheimerstr. 39	Basel	811	1907	68	telefonbuch_148	PTT-Archiv, P-260-1_Basel_1907	Basel
Ebrard-Weissbrod	Dr. R.		Spalenthorweg 17	Basel	487	1907	68	telefonbuch_148	PTT-Archiv, P-260-1_Basel_1907	Basel
Ebstein	Leopold		Mostackerstrasse 7	Basel	1770	1907	68	telefonbuch_148	PTT-Archiv, P-260-1_Basel_1907	Basel
Eckel-Labhart	Ch.		Mittlerestrasse 43	Basel	2760	1907	68	telefonbuch_148	PTT-Archiv, P-260-1_Basel_1907	Basel
Eckenstein	Louis	Pianolager	Nadelberg 20	Basel	1239	1907	68	telefonbuch_148	PTT-Archiv, P-260-1_Basel_1907	Basel
Eckenstein-Marfort	A.		Grellingerstrasse 34	Basel	90	1907	68	telefonbuch_148	PTT-Archiv, P-260-1_Basel_1907	Basel
Eckenstein-Schmidt	Rud.		Margarethenstr. 69	Basel	4045	1907	68	telefonbuch_148	PTT-Archiv, P-260-1_Basel_1907	Basel
Eckenstein-Schröter	Eduard		Dornacherstrasse 7	Basel	2340	1907	68	telefonbuch_148	PTT-Archiv, P-260-1_Basel_1907	Basel
Eckerlin-Bürgin	Gustav		Hegenheimerstr. 70	Basel	894	1907	68	telefonbuch_148	PTT-Archiv, P-260-1_Basel_1907	Basel
Eckert	Johann	Fuhrhalterei	Pfeffingerstrasse 34	Basel	3888	1907	68	telefonbuch_148	PTT-Archiv, P-260-1_Basel_1907	Basel
Eckhardt-Schwere	F.	Spezereihandlung	Theodorsgraben 40	Basel	348	1907	68	telefonbuch_148	PTT-Archiv, P-260-1_Basel_1907	Basel
Ecklin	Dr. Theod.	Arzt	St Albanvorstadt 102	Basel	4277	1907	68	telefonbuch_148	PTT-Archiv, P-260-1_Basel_1907	Basel
Egg-Sieberg	H.	Oberingenieur	Güterstrasse 279	Basel	477	1907	68	telefonbuch_148	PTT-Archiv, P-260-1_Basel_1907	Basel
Egger	Prof. Dr. F.		Bundesstrasse 3	Basel	2856	1907	68	telefonbuch_148	PTT-Archiv, P-260-1_Basel_1907	Basel
Egger	J. F.	& Co., Bureau	Steinenthorberg 18	Basel	2260	1907	68	telefonbuch_148	PTT-Archiv, P-260-1_Basel_1907	Basel
Egger, J. F., & Co.		Lagerplatz	Dreispitz	Basel	3982	1907	68	telefonbuch_148	PTT-Archiv, P-260-1_Basel_1907	Basel
Egi	Jos.	Baumaterialien	Steinenthorstr. 47	Basel	3455	1907	68	telefonbuch_148	PTT-Archiv, P-260-1_Basel_1907	Basel
Egli	Anton	Versicherungsagenturen	Kohlenberg 11	Basel	2518	1907	68	telefonbuch_148	PTT-Archiv, P-260-1_Basel_1907	Basel
Egli-Eckenstein	E. R.		Holbeinstrasse 85	Basel	972	1907	68	telefonbuch_148	PTT-Archiv, P-260-1_Basel_1907	Basel
Egli-Hartmann	Adolf	Fuhrhalter	Neuwylerstrasse 44	Basel	668	1907	68	telefonbuch_148	PTT-Archiv, P-260-1_Basel_1907	Basel
Egli-Reinmann & Co.			Wallstrasse 22	Basel	2469	1907	68	telefonbuch_148	PTT-Archiv, P-260-1_Basel_1907	Basel
Egli-Scherer	Fritz	(Wohnung) [Bureau 3131]	Dornacherstrasse 93	Basel	3895	1907	68	telefonbuch_148	PTT-Archiv, P-260-1_Basel_1907	Basel
Eglinger-Oboussier	G.		Sonnenweg 4	Basel	3572	1907	68	telefonbuch_148	PTT-Archiv, P-260-1_Basel_1907	Basel
Ehinger-Heusler	Alph. M.		Aeschenvorstadt 15	Basel	1883	1907	68	telefonbuch_148	PTT-Archiv, P-260-1_Basel_1907	Basel
Ehinger-Heusler	Alph. M.	"siehe unter ""Neue Welt"""		Basel	3910	1907	68	telefonbuch_148	PTT-Archiv, P-260-1_Basel_1907	Basel
Ehinger-Sarasin	Dr. L.		St. Jakobstrasse 41	Basel	1901	1907	68	telefonbuch_148	PTT-Archiv, P-260-1_Basel_1907	Basel
Ehinger & Co.			Aeschenvorstadt 15	Basel	2028	1907	69	telefonbuch_149	PTT-Archiv, P-260-1_Basel_1907	Basel
Ehinger & Co.		Dieselben	Aeschenvorstadt 15	Basel	2510	1907	69	telefonbuch_149	PTT-Archiv, P-260-1_Basel_1907	Basel
Ehinger & Co.		Dieselben, Börse	Gerbergasse 13	Basel	114	1907	69	telefonbuch_149	PTT-Archiv, P-260-1_Basel_1907	Basel
Ehret	G.	Marchand-Tailleur	Falknerstrasse 1	Basel	1845	1907	69	telefonbuch_149	PTT-Archiv, P-260-1_Basel_1907	Basel
Ehrhardt	Adolph		Schärtlingasse 22	Basel	2573	1907	69	telefonbuch_149	PTT-Archiv, P-260-1_Basel_1907	Basel
Ehrhardt-Korte	A.	Parfümerien	Alemannengasse 72	Basel	3229	1907	69	telefonbuch_149	PTT-Archiv, P-260-1_Basel_1907	Basel
Ehrich-Fischer	Rudolf	Agentur	Leimenstrasse 57	Basel	2832	1907	69	telefonbuch_149	PTT-Archiv, P-260-1_Basel_1907	Basel
Ehrich	R.	Buchdruckerei	Nadelberg 20	Basel	1584	1907	69	telefonbuch_149	PTT-Archiv, P-260-1_Basel_1907	Basel
Ehrler-Wittich	A. K.	Wwe.	Ob. Rheinweg 87	Basel	1139	1907	69	telefonbuch_149	PTT-Archiv, P-260-1_Basel_1907	Basel
Ehrsam-Fischer	W.	Agentur	St. Johannvorst. 42	Basel	1737	1907	69	telefonbuch_149	PTT-Archiv, P-260-1_Basel_1907	Basel
Ehrsam	Jean	Kaminfegermeister	Totentanz 15	Basel	1293	1907	69	telefonbuch_149	PTT-Archiv, P-260-1_Basel_1907	Basel
Eichenberger	Arthur	Baumeister	Kannenfeldstr. 55	Basel	1976	1907	69	telefonbuch_149	PTT-Archiv, P-260-1_Basel_1907	Basel
Eichenberger & Pernaux			Marktplatz 31	Basel	1620	1907	69	telefonbuch_149	PTT-Archiv, P-260-1_Basel_1907	Basel
Eichenlaub	E.	Coiffeur	Stadthausgasse 23	Basel	1964	1907	69	telefonbuch_149	PTT-Archiv, P-260-1_Basel_1907	Basel
Eichin	G.	Hôtel goldenes Lamm	Ob. Rebgasse 16	Basel	1195	1907	69	telefonbuch_149	PTT-Archiv, P-260-1_Basel_1907	Basel
Eichkorn	A.	Brennmaterialienhandlung	Mattweg 31	Basel	3485	1907	69	telefonbuch_149	PTT-Archiv, P-260-1_Basel_1907	Basel
Eichstätte Basel	J. F. Linder		Petersgraben 35	Basel	369	1907	69	telefonbuch_149	PTT-Archiv, P-260-1_Basel_1907	Basel
Eidgenössische Bank			Münsterberg 1	Basel	1898	1907	69	telefonbuch_149	PTT-Archiv, P-260-1_Basel_1907	Basel
Eidgenössische Bank			Münsterberg 1	Basel	1807	1907	69	telefonbuch_149	PTT-Archiv, P-260-1_Basel_1907	Basel
Eidgenössische Bank		Börse	Börse	Basel	3537	1907	69	telefonbuch_149	PTT-Archiv, P-260-1_Basel_1907	Basel
Eidgenössische Bank		Börse	Börse	Basel		1907	69	telefonbuch_149	PTT-Archiv, P-260-1_Basel_1907	Basel
Eidgenössische Bank		Wechselstube	Münsterberg 1	Basel	518	1907	69	telefonbuch_149	PTT-Archiv, P-260-1_Basel_1907	Basel
Eidgenössische Bank		Wechselstube	Bundesbahnhof	Basel		1907	69	telefonbuch_149	PTT-Archiv, P-260-1_Basel_1907	Basel
Einkaufsgenossenschaft des schweiz. Conditoren-verbandes			Leonhardstrasse 18	Basel	2002	1907	69	telefonbuch_149	PTT-Archiv, P-260-1_Basel_1907	Basel
Eisenbahnbank, Schweiz.			Aeschenvorstadt 16	Basel	2015	1907	69	telefonbuch_149	PTT-Archiv, P-260-1_Basel_1907	Basel
Eisenbaugeschäft Vohland & Bär, A.-G.			Kanonengasse 3	Basel	2532	1907	69	telefonbuch_149	PTT-Archiv, P-260-1_Basel_1907	Basel
Eisenhut	Herm.	Dr., Gundoldingerapotheke	Dornacherstrasse 83	Basel	4094	1907	69	telefonbuch_149	PTT-Archiv, P-260-1_Basel_1907	Basel
Eisenmann	L.		Birmannsgasse 31	Basel	2352	1907	69	telefonbuch_149	PTT-Archiv, P-260-1_Basel_1907	Basel
Eisenring	Fritz	Conditor	Heumattstrasse 3	Basel	2256	1907	69	telefonbuch_149	PTT-Archiv, P-260-1_Basel_1907	Basel
Eisenwerk Wülfel		Filiale Basel	Blumenrain 32	Basel	2206	1907	69	telefonbuch_149	PTT-Archiv, P-260-1_Basel_1907	Basel
Eisfabrik Bürgin			Unt. Rheinweg 18	Basel	1263	1907	69	telefonbuch_149	PTT-Archiv, P-260-1_Basel_1907	Basel
Eisgesellschaft, Basler		(Bronner & Cie.)	Nauenstrasse 1	Basel	2270	1907	69	telefonbuch_149	PTT-Archiv, P-260-1_Basel_1907	Basel
Eisinger	Fr.	Spenglerei (Bureau)	Aeschenvorst. 26/28	Basel	2073	1907	69	telefonbuch_149	PTT-Archiv, P-260-1_Basel_1907	Basel
Eisinger	Fr.	Derselbe, Eiskasten- und Bierbuffetsfabrik	Margarethenstr. 19	Basel	2400	1907	69	telefonbuch_149	PTT-Archiv, P-260-1_Basel_1907	Basel
Eisinger-Karle	M. E.	Wwe., Waschanstalt	Ob. Rheingasse 54	Basel	3539	1907	69	telefonbuch_149	PTT-Archiv, P-260-1_Basel_1907	Basel
Elektrizitätsgesellschaft Alioth		(s. Münchenstein)		Basel	1670	1907	69	telefonbuch_149	PTT-Archiv, P-260-1_Basel_1907	Basel
Else-Schmidt	B.		Spalenberg 20	Basel	444	1907	69	telefonbuch_149	PTT-Archiv, P-260-1_Basel_1907	Basel
Elser		Wwe., & Sohn, Tapezierergeschäft	Schneidergasse 34	Basel	1503	1907	69	telefonbuch_149	PTT-Archiv, P-260-1_Basel_1907	Basel
Eltner	J.	Sattler und Carrossier	Klingenthalstrasse 3	Basel	3275	1907	69	telefonbuch_149	PTT-Archiv, P-260-1_Basel_1907	Basel
Emmel		Geschwister	Gerbergasse 33	Basel	2186	1907	69	telefonbuch_149	PTT-Archiv, P-260-1_Basel_1907	Basel
Enderle	Hch.	Hafner	Klingenthalstr. 68	Basel	3302	1907	69	telefonbuch_149	PTT-Archiv, P-260-1_Basel_1907	Basel
Enersen	D. T.	& Cie.	Sternengasse 21	Basel	2624	1907	69	telefonbuch_149	PTT-Archiv, P-260-1_Basel_1907	Basel
Engel-Apotheke		von E. Steiger	Bäumleingasse 4	Basel	1866	1907	69	telefonbuch_149	PTT-Archiv, P-260-1_Basel_1907	Basel
Engel-Gros	F.		Gundoldingerstr. 218	Basel	3754	1907	69	telefonbuch_149	PTT-Archiv, P-260-1_Basel_1907	Basel
Engelberger	Jos.		Freiestrasse 31	Basel	1036	1907	69	telefonbuch_149	PTT-Archiv, P-260-1_Basel_1907	Basel
Engelhof			Nadelberg 4	Basel	1476	1907	69	telefonbuch_149	PTT-Archiv, P-260-1_Basel_1907	Basel
Engeli-Schönholzer	Traugott		Kandererstrasse 31	Basel	1059	1907	69	telefonbuch_149	PTT-Archiv, P-260-1_Basel_1907	Basel
Engelmann	Th.	Dr., Apotheker	Unt. Rheingasse 2	Basel	1282	1907	69	telefonbuch_149	PTT-Archiv, P-260-1_Basel_1907	Basel
Engisch	Ang.	& Cie.	Eulerstrasse 1	Basel	2924	1907	70	telefonbuch_150	PTT-Archiv, P-260-1_Basel_1907	Basel
Engisch-Kroeber	Aug.		Eulerstrasse 1	Basel	2924	1907	70	telefonbuch_150	PTT-Archiv, P-260-1_Basel_1907	Basel
Engler-Steiner	Albert		Spalenthorweg 43	Basel	2765	1907	70	telefonbuch_150	PTT-Archiv, P-260-1_Basel_1907	Basel
Eppens	Paul	Tapezierer	Holbeinstrasse 9	Basel	2646	1907	70	telefonbuch_150	PTT-Archiv, P-260-1_Basel_1907	Basel
Epstein		Gebrüder	Leonhardsgraben 42	Basel	2957	1907	70	telefonbuch_150	PTT-Archiv, P-260-1_Basel_1907	Basel
Epstein-Meier	M.		Leimenstrasse 59	Basel	3912	1907	70	telefonbuch_150	PTT-Archiv, P-260-1_Basel_1907	Basel
Equitable		(Direktor v. Welck)	Missionsstrasse 34	Basel	3282	1907	70	telefonbuch_150	PTT-Archiv, P-260-1_Basel_1907	Basel
Erbe & Sidler		Lithographie	Leonhardstrasse 20	Basel	3039	1907	70	telefonbuch_150	PTT-Archiv, P-260-1_Basel_1907	Basel
Erhardt	Carl		Hochbergerstr. 27	Basel	395	1907	70	telefonbuch_150	PTT-Archiv, P-260-1_Basel_1907	Basel
Erne	M.	Hôtel Schrieder z. Deutschen Hof	Bahnhofstrasse 19	Basel	3466	1907	70	telefonbuch_150	PTT-Archiv, P-260-1_Basel_1907	Basel
Ernst-Carroll	F. J.		Solothurnerstr. 73	Basel	1130	1907	70	telefonbuch_150	PTT-Archiv, P-260-1_Basel_1907	Basel
Ernst	Gust.	Bäckerei	Erlenstrasse 44	Basel	1435	1907	70	telefonbuch_150	PTT-Archiv, P-260-1_Basel_1907	Basel
Ernst	Wilh. H.		Gundoldingerstr. 117	Basel	4239	1907	70	telefonbuch_150	PTT-Archiv, P-260-1_Basel_1907	Basel
Ersparniskasse Basel			St. Albangraben 3	Basel	1892	1907	70	telefonbuch_150	PTT-Archiv, P-260-1_Basel_1907	Basel
Dieselbe		Filiale	Claragraben 162	Basel	3324	1907	70	telefonbuch_150	PTT-Archiv, P-260-1_Basel_1907	Basel
Erste Actienbrennerei in Basel			Margarethenstr. 59	Basel	2384	1907	70	telefonbuch_150	PTT-Archiv, P-260-1_Basel_1907	Basel
Erste Oesterreichische Actienges. zur Erzeugung von Möbeln aus bogenem Holze		Jakob & Jos. Kohn	Leonhardstrasse 9	Basel	4004	1907	70	telefonbuch_150	PTT-Archiv, P-260-1_Basel_1907	Basel
Erste Schweiz. Cognac-Brennerei Basel			Feierabendstr. 36	Basel	3464	1907	70	telefonbuch_150	PTT-Archiv, P-260-1_Basel_1907	Basel
Erstein	L.	& Bro (Vertreter A. Luschka)	Freiestrasse 65	Basel	1818	1907	70	telefonbuch_150	PTT-Archiv, P-260-1_Basel_1907	Basel
Erzer & Thüring		Holzhandl. u. Baumaterialien	Dreispitz	Basel	3947	1907	70	telefonbuch_150	PTT-Archiv, P-260-1_Basel_1907	Basel
Erziehungsdepartement		(Mentelinhof)	Münsterplatz 14	Basel	1063	1907	70	telefonbuch_150	PTT-Archiv, P-260-1_Basel_1907	Basel
Dasselbe		Kleiderverteilung	Klein Klingenthal 19	Basel	391	1907	70	telefonbuch_150	PTT-Archiv, P-260-1_Basel_1907	Basel
Eschbach & Schmid			Weidengasse 25	Basel	4291	1907	70	telefonbuch_150	PTT-Archiv, P-260-1_Basel_1907	Basel
Eschbaecher	L. E.		Leimenstrasse 50	Basel	3285	1907	70	telefonbuch_150	PTT-Archiv, P-260-1_Basel_1907	Basel
Ess-Dörflinger	Frau A.	Plazierungsbureau	Ob. Rheingasse 30	Basel	1198	1907	70	telefonbuch_150	PTT-Archiv, P-260-1_Basel_1907	Basel
Essig-Ackermann	Frau C.		Gundoldingerstr. 87	Basel	4217	1907	70	telefonbuch_150	PTT-Archiv, P-260-1_Basel_1907	Basel
Euler-Barth	A.		Leimenstrasse 44	Basel	2953	1907	70	telefonbuch_150	PTT-Archiv, P-260-1_Basel_1907	Basel
Eulert-Frey	G.	Papeterie und Buchhandlung	Klybeckstrasse 23	Basel	2268	1907	70	telefonbuch_150	PTT-Archiv, P-260-1_Basel_1907	Basel
Ewald-Steib	Ch.	Parfümeriefabrikant	Austrasse 120	Basel	2774	1907	70	telefonbuch_150	PTT-Archiv, P-260-1_Basel_1907	Basel
Ewald & Co.		Parfumerie Franco-Suisse	Kraftstrasse 11	Basel	4546	1907	70	telefonbuch_150	PTT-Archiv, P-260-1_Basel_1907	Basel
Ewig	Georges		Hegenheimerstr. 129	Basel	3239	1907	70	telefonbuch_150	PTT-Archiv, P-260-1_Basel_1907	Basel
Ewig-Turneysen	Wwe. Fried.		Grenzacherstr. 405	Basel	3866	1907	70	telefonbuch_150	PTT-Archiv, P-260-1_Basel_1907	Basel
Eybisch-Hübscher	Albert		Clarastrasse 57	Basel	1320	1907	70	telefonbuch_150	PTT-Archiv, P-260-1_Basel_1907	Basel
Facklam	Ferd. P. H.	Zahnarzt	Wallstrasse 17	Basel	2455	1907	70	telefonbuch_150	PTT-Archiv, P-260-1_Basel_1907	Basel
Fahm	Dr. J.		Klingenthalgrb. 33	Basel	1298	1907	70	telefonbuch_150	PTT-Archiv, P-260-1_Basel_1907	Basel
Fähnle-Blattner	W.	Spenglermeister	St. Albanring 204	Basel	3316	1907	70	telefonbuch_150	PTT-Archiv, P-260-1_Basel_1907	Basel
Fahrner	M.	Lithograph	St. Albanvorstadt 40	Basel	1843	1907	70	telefonbuch_150	PTT-Archiv, P-260-1_Basel_1907	Basel
Falkner	Fritz	Hutmacher	Gerbergasse 63	Basel	2036	1907	70	telefonbuch_150	PTT-Archiv, P-260-1_Basel_1907	Basel
Faller-Schlecht	R.		Thiersteinerallee 55	Basel	778	1907	70	telefonbuch_150	PTT-Archiv, P-260-1_Basel_1907	Basel
Fankhauser	Fritz		Frobenstrasse 16	Basel	2472	1907	70	telefonbuch_150	PTT-Archiv, P-260-1_Basel_1907	Basel
Fankhauser	F.	& Cie.	Malzgasse 18	Basel	1999	1907	70	telefonbuch_150	PTT-Archiv, P-260-1_Basel_1907	Basel
Fankhauser-Thommen	Joh.	Gärtner	Neuwilerstrasse 18	Basel	3462	1907	70	telefonbuch_150	PTT-Archiv, P-260-1_Basel_1907	Basel
Fankhauser	Wilhelm		Güterstrasse 112	Basel	1669	1907	70	telefonbuch_150	PTT-Archiv, P-260-1_Basel_1907	Basel
Färberei und Appreturgesellschaft		Färberei und Druckerei	Gärtnerstrasse 22	Basel	790	1907	70	telefonbuch_150	PTT-Archiv, P-260-1_Basel_1907	Basel
Dieselbe		Appretur	Breisacherstrasse 1	Basel	1287	1907	70	telefonbuch_150	PTT-Archiv, P-260-1_Basel_1907	Basel
Färberei und Appretur Schusterinsel			Hammerstrasse 56	Basel	3714	1907	70	telefonbuch_150	PTT-Archiv, P-260-1_Basel_1907	Basel
Färbereien vorm. Jos. Schetty Söhne A.-G.			Unt. Rebgasse 4	Basel	1245	1907	71	telefonbuch_151	PTT-Archiv, P-260-1_Basel_1907	Basel
Farbwerke, vorm. L. Durand, Huguenin & Co.			Fabrikstrasse 40	Basel	1624	1907	71	telefonbuch_151	PTT-Archiv, P-260-1_Basel_1907	Basel
Faesch	Emil	Architekt	Holbeinstrasse 36	Basel	806	1907	71	telefonbuch_151	PTT-Archiv, P-260-1_Basel_1907	Basel
Faesch-Geering	Emil	Wohnung	Sommergasse 26	Basel	802	1907	71	telefonbuch_151	PTT-Archiv, P-260-1_Basel_1907	Basel
Faesch	Fr.	elektrotechn. Installationsgeschäft	Spalenthorweg 15	Basel	2377	1907	71	telefonbuch_151	PTT-Archiv, P-260-1_Basel_1907	Basel
Faesch-Kaufmann	E.	Frau	Lohweg 6	Basel	2417	1907	71	telefonbuch_151	PTT-Archiv, P-260-1_Basel_1907	Basel
Faesch	Th. R.	Zahnarzt	Elisabethenstr. 15	Basel	1429	1907	71	telefonbuch_151	PTT-Archiv, P-260-1_Basel_1907	Basel
Faesch	Th. R.	Wohnung	Sommergasse 46	Basel	787	1907	71	telefonbuch_151	PTT-Archiv, P-260-1_Basel_1907	Basel
Fässy	Adolf	Schuhhandlung	Freiestrasse 38	Basel	1805	1907	71	telefonbuch_151	PTT-Archiv, P-260-1_Basel_1907	Basel
Faude-Walz	J.	Bäckermeister	Gerbergasse 64	Basel	2595	1907	71	telefonbuch_151	PTT-Archiv, P-260-1_Basel_1907	Basel
Fay	Ernest	Vergolder	Leonhardsgraben 18	Basel	2359	1907	71	telefonbuch_151	PTT-Archiv, P-260-1_Basel_1907	Basel
Fay	Paul		Birsigstrasse 129	Basel	1023	1907	71	telefonbuch_151	PTT-Archiv, P-260-1_Basel_1907	Basel
Fecht	C.	Comestibles	Sierenzerstrasse 5	Basel	809	1907	71	telefonbuch_151	PTT-Archiv, P-260-1_Basel_1907	Basel
Fechter	Rud.	Architekt	Sternengässlein 27	Basel	2396	1907	71	telefonbuch_151	PTT-Archiv, P-260-1_Basel_1907	Basel
Feer	Emil	Dr. med.	St. Albanvorstadt 10	Basel	2324	1907	71	telefonbuch_151	PTT-Archiv, P-260-1_Basel_1907	Basel
Fehlmann	Emanuel		Gempenstrasse 50	Basel	2280	1907	71	telefonbuch_151	PTT-Archiv, P-260-1_Basel_1907	Basel
Feigenwinter, Dr. Ernst, & Joos, Dr. Albert		Advokaturbureau	Oberer Heuberg 12	Basel	2866	1907	71	telefonbuch_151	PTT-Archiv, P-260-1_Basel_1907	Basel
Feldschlösschen		Wirtschaft z. Landskron (W. Koch-Kiefer)	Landskronstr. 37	Basel	4472	1907	71	telefonbuch_151	PTT-Archiv, P-260-1_Basel_1907	Basel
Fenner-Matter	E.		Feierabendstr. 52	Basel	2939	1907	71	telefonbuch_151	PTT-Archiv, P-260-1_Basel_1907	Basel
Festersen, F., & Co.			Gerbergasse 71	Basel	2109	1907	71	telefonbuch_151	PTT-Archiv, P-260-1_Basel_1907	Basel
Fetscherin	R.	Tierarzt	Elsässerstrasse 4	Basel	1917	1907	71	telefonbuch_151	PTT-Archiv, P-260-1_Basel_1907	Basel
Bär	F.	Kommandant	Zürcherstrasse 193	Basel	77	1907	71	telefonbuch_151	PTT-Archiv, P-260-1_Basel_1907	Basel
Horner	R.	Kommissär	Byfangweg 7	Basel	78	1907	71	telefonbuch_151	PTT-Archiv, P-260-1_Basel_1907	Basel
Feuerwache und Kommissariat, Lützelhof			Spalenvorstadt 11	Basel	79	1907	71	telefonbuch_151	PTT-Archiv, P-260-1_Basel_1907	Basel
Feuerwehrmagazin 1			Schneidergasse 2	Basel	1598	1907	71	telefonbuch_151	PTT-Archiv, P-260-1_Basel_1907	Basel
Feuerwehrmagazin 2			Wallstrasse 1	Basel	1954	1907	71	telefonbuch_151	PTT-Archiv, P-260-1_Basel_1907	Basel
Feuerwehrmagazin 3			Zeughaus	Basel	283	1907	71	telefonbuch_151	PTT-Archiv, P-260-1_Basel_1907	Basel
Feuerwehrmagazin 4			Ob. Rebgasse 3	Basel	4252	1907	71	telefonbuch_151	PTT-Archiv, P-260-1_Basel_1907	Basel
Feuerwehrmagazin 5			Hammerstrasse 190	Basel	868	1907	71	telefonbuch_151	PTT-Archiv, P-260-1_Basel_1907	Basel
Rutschmann	G.	Hauptmann	Spalenberg 53	Basel	2	1907	71	telefonbuch_151	PTT-Archiv, P-260-1_Basel_1907	Basel
Geiger	A.	Lieut.	Marktplatz 24	Basel	3	1907	71	telefonbuch_151	PTT-Archiv, P-260-1_Basel_1907	Basel
Tschan	Hermann	Wachtmeister	Schneidergasse 8	Basel	4	1907	71	telefonbuch_151	PTT-Archiv, P-260-1_Basel_1907	Basel
Fischer	Emil	Oberlieut.	Spalenberg 22	Basel	6	1907	71	telefonbuch_151	PTT-Archiv, P-260-1_Basel_1907	Basel
Wassermann	Emanuel	Lieut.	Oberer Heuberg 25	Basel	7	1907	71	telefonbuch_151	PTT-Archiv, P-260-1_Basel_1907	Basel
Hummel	E.	Wachtmeister	Marktplatz 22	Basel	8	1907	71	telefonbuch_151	PTT-Archiv, P-260-1_Basel_1907	Basel
Lindner	Carl	Feldwebel	Nadelberg 3	Basel	9	1907	71	telefonbuch_151	PTT-Archiv, P-260-1_Basel_1907	Basel
Flügel	Rud.	Lieut.	Gerbergasse 51	Basel	10	1907	71	telefonbuch_151	PTT-Archiv, P-260-1_Basel_1907	Basel
Brand	Rud.	Lieut.	St. Albanrheinweg	Basel	11	1907	71	telefonbuch_151	PTT-Archiv, P-260-1_Basel_1907	Basel
Abt	Heinrich	Lieut.	St. Albanvorstadt 8	Basel	12	1907	71	telefonbuch_151	PTT-Archiv, P-260-1_Basel_1907	Basel
Weisskopf	Arn.	Oberlieut.	Frobenstrasse 61	Basel	13	1907	71	telefonbuch_151	PTT-Archiv, P-260-1_Basel_1907	Basel
Sigrist	Hch.	Hauptmann	Tiersteineralle 71	Basel	14	1907	71	telefonbuch_151	PTT-Archiv, P-260-1_Basel_1907	Basel
Nidecker	C. F.	Oberlieut.	Elisabethenstr. 40	Basel	15	1907	72	telefonbuch_152	PTT-Archiv, P-260-1_Basel_1907	Basel
Kölz	Julius	Wachtmeister	Wallstrasse 13	Basel	16	1907	72	telefonbuch_152	PTT-Archiv, P-260-1_Basel_1907	Basel
Bürgin	Emil	Lieut.	Dornacherstrasse 47	Basel	20	1907	72	telefonbuch_152	PTT-Archiv, P-260-1_Basel_1907	Basel
Vögelin	Herm.	Lieut.	Birkenstrasse 42	Basel	21	1907	72	telefonbuch_152	PTT-Archiv, P-260-1_Basel_1907	Basel
Brühl	Aug.	Lieut.	Spalenvorstadt 37	Basel	22	1907	72	telefonbuch_152	PTT-Archiv, P-260-1_Basel_1907	Basel
Müller	Carl	Hauptmann	Missionsstrasse 64	Basel	23	1907	72	telefonbuch_152	PTT-Archiv, P-260-1_Basel_1907	Basel
Schmidt	Georg	Oberlieut.	St. Johannring 12	Basel	24	1907	72	telefonbuch_152	PTT-Archiv, P-260-1_Basel_1907	Basel
Müller	Ls.	Oberlieut.	Schanzenstrasse 31	Basel	25	1907	72	telefonbuch_152	PTT-Archiv, P-260-1_Basel_1907	Basel
Bürgin	Jakob	Feldwebel	Petersplatz 18	Basel	26	1907	72	telefonbuch_152	PTT-Archiv, P-260-1_Basel_1907	Basel
Kirchhofer	F.	Feldwebel	Metzerstrasse 22	Basel	27	1907	72	telefonbuch_152	PTT-Archiv, P-260-1_Basel_1907	Basel
Letzgus	Max		Hebelstrasse 82	Basel	28	1907	72	telefonbuch_152	PTT-Archiv, P-260-1_Basel_1907	Basel
Fininger	Wilh.	Lieut.	Barfüssergasse 3	Basel	29	1907	72	telefonbuch_152	PTT-Archiv, P-260-1_Basel_1907	Basel
Hindenlang	E.	Hauptmann	Utengasse 12	Basel	32	1907	72	telefonbuch_152	PTT-Archiv, P-260-1_Basel_1907	Basel
Peter	Gottfried	Lieut.	Grenzacherstr. 187	Basel	33	1907	72	telefonbuch_152	PTT-Archiv, P-260-1_Basel_1907	Basel
Maurer	Hs.	Feldwebel	Riehenthorstr. 30	Basel	34	1907	72	telefonbuch_152	PTT-Archiv, P-260-1_Basel_1907	Basel
Höhn	Gottlieb	Oberlieut.	Drahtzugstrasse 36	Basel	35	1907	72	telefonbuch_152	PTT-Archiv, P-260-1_Basel_1907	Basel
Gutekunst	J.	Lieut.	Klybeckstrasse 42	Basel	36	1907	72	telefonbuch_152	PTT-Archiv, P-260-1_Basel_1907	Basel
Hindermann	Rud.		Mörsbergerstrasse 4	Basel	37	1907	72	telefonbuch_152	PTT-Archiv, P-260-1_Basel_1907	Basel
Rudin	Oscar	Lieut.	Unt. Rheingasse 8	Basel	38	1907	72	telefonbuch_152	PTT-Archiv, P-260-1_Basel_1907	Basel
Scholer	E.	Wachtmeister	Clarastrasse 1	Basel	39	1907	72	telefonbuch_152	PTT-Archiv, P-260-1_Basel_1907	Basel
Jucker	H.	Oberlieut.	Sperrstrasse 61	Basel	40	1907	72	telefonbuch_152	PTT-Archiv, P-260-1_Basel_1907	Basel
Suter	Gottfried	Lieut.	Leuengasse 28	Basel	41	1907	72	telefonbuch_152	PTT-Archiv, P-260-1_Basel_1907	Basel
Pfrunder	Ed.	Lieut.	Unt. Rheinweg 146	Basel	42	1907	72	telefonbuch_152	PTT-Archiv, P-260-1_Basel_1907	Basel
Stadelmann	C.	Oberlieut.	Unt. Rheinweg 66	Basel	43	1907	72	telefonbuch_152	PTT-Archiv, P-260-1_Basel_1907	Basel
Thommen	Hans	Hauptmann	Hammerstrasse 192	Basel	44	1907	72	telefonbuch_152	PTT-Archiv, P-260-1_Basel_1907	Basel
Lederle	Rud.		Feldbergstrasse 122	Basel	46	1907	72	telefonbuch_152	PTT-Archiv, P-260-1_Basel_1907	Basel
Sprüngli	F.	Lieut.	Kleinhüningerstr. 172	Basel	50	1907	72	telefonbuch_152	PTT-Archiv, P-260-1_Basel_1907	Basel
Fichter	Fritz	Prof. Dr.	Marschalkenstr. 24	Basel	3917	1907	72	telefonbuch_152	PTT-Archiv, P-260-1_Basel_1907	Basel
Fichter-Liebi	W. H.	Architekt	Grellingerstrasse 74	Basel	3373	1907	72	telefonbuch_152	PTT-Archiv, P-260-1_Basel_1907	Basel
Fichter-Seiler	B.		Schweizerplatz 2	Basel	1590	1907	72	telefonbuch_152	PTT-Archiv, P-260-1_Basel_1907	Basel
Fiechter	E.	internationale Transporte	Elisabethenstrasse 17	Basel	2331	1907	72	telefonbuch_152	PTT-Archiv, P-260-1_Basel_1907	Basel
Fiechter	E.	Güterbahnhof	St. Jakobstrasse	Basel	4208	1907	72	telefonbuch_152	PTT-Archiv, P-260-1_Basel_1907	Basel
Fiechter	Emil		Mittlerestrasse 41	Basel	789	1907	72	telefonbuch_152	PTT-Archiv, P-260-1_Basel_1907	Basel
Fiechter	H.	Mühleneinrichtungsgeschäft	Dornacherstrasse 137	Basel	4081	1907	72	telefonbuch_152	PTT-Archiv, P-260-1_Basel_1907	Basel
Fiechter	Louis B.		Dornacherstrasse 20	Basel	882	1907	72	telefonbuch_152	PTT-Archiv, P-260-1_Basel_1907	Basel
Fiechter	Louis B.	siehe „Neuewelt“		Basel	969	1907	72	telefonbuch_152	PTT-Archiv, P-260-1_Basel_1907	Basel
Fiechter & Schmidt			Hüningerstrasse 137	Basel	4089	1907	72	telefonbuch_152	PTT-Archiv, P-260-1_Basel_1907	Basel
Finanzdepartement			Rathaus	Basel	2390	1907	72	telefonbuch_152	PTT-Archiv, P-260-1_Basel_1907	Basel
Finckh & Eissner		Dr., chem. Fabrik vorm. Siegwart	Leonhardstrasse 37	Basel	911	1907	72	telefonbuch_152	PTT-Archiv, P-260-1_Basel_1907	Basel
Finckh	Ernst	Verlagsbuchhandlung	Petersgraben 63	Basel	197	1907	72	telefonbuch_152	PTT-Archiv, P-260-1_Basel_1907	Basel
Fingerlin	Julius		Mörsbergerstr. 32	Basel	3320	1907	72	telefonbuch_152	PTT-Archiv, P-260-1_Basel_1907	Basel
Fininger-Merian	Ld.	Dr. jur.	Engelgasse 50	Basel	4159	1907	73	telefonbuch_153	PTT-Archiv, P-260-1_Basel_1907	Basel
Fininger	Wilh.		Barfüssergasse 3	Basel	29	1907	73	telefonbuch_153	PTT-Archiv, P-260-1_Basel_1907	Basel
Fininger	W.	& Cie., vorm. Ed. Werdenberg, Gasapparatefabrik	Barfüssergasse 3	Basel	29	1907	73	telefonbuch_153	PTT-Archiv, P-260-1_Basel_1907	Basel
Fisch-Kemler	Jos.	Restaurant St. Leonhard	Steinengraben 43	Basel	810	1907	73	telefonbuch_153	PTT-Archiv, P-260-1_Basel_1907	Basel
Fischer	Alfred	Dr.	Güterstrasse 83	Basel	2174	1907	73	telefonbuch_153	PTT-Archiv, P-260-1_Basel_1907	Basel
Fischer	Eduard	Optiker	Eisengasse 15	Basel	1371	1907	73	telefonbuch_153	PTT-Archiv, P-260-1_Basel_1907	Basel
Fischer	Emil	z. Wolf	Spalenberg 22	Basel	6	1907	73	telefonbuch_153	PTT-Archiv, P-260-1_Basel_1907	Basel
Fischer	Emil	Filiale	Aeschenvorstadt 23	Basel	2024	1907	73	telefonbuch_153	PTT-Archiv, P-260-1_Basel_1907	Basel
Fischer	Emil	Wohnung	Therwilerstrasse 19	Basel	2614	1907	73	telefonbuch_153	PTT-Archiv, P-260-1_Basel_1907	Basel
Fischer	jr.	Wechselstube Merkur	Marktgasse 24	Basel	1346	1907	73	telefonbuch_153	PTT-Archiv, P-260-1_Basel_1907	Basel
Fischer-Memmel	R.	Geschäft und Wohnung	Eisengasse 5	Basel	1349	1907	73	telefonbuch_153	PTT-Archiv, P-260-1_Basel_1907	Basel
Fischer-Plüss	Gottfr.	Elektriker	Entenweidstrasse 8	Basel	3216	1907	73	telefonbuch_153	PTT-Archiv, P-260-1_Basel_1907	Basel
Fischer-Preiswerk	Aug.	Bau- und Kunstschlosserei	Bärenfelserstrasse 19	Basel	3440	1907	73	telefonbuch_153	PTT-Archiv, P-260-1_Basel_1907	Basel
Fischer	Samuel	Laden, f. Stadtkunden-Gespräche	Freiestrasse 9	Basel	1434	1907	73	telefonbuch_153	PTT-Archiv, P-260-1_Basel_1907	Basel
Fischer	Samuel	nur für auswärtige Spedition und Wareneingang	Freiestrasse 9	Basel	1051	1907	73	telefonbuch_153	PTT-Archiv, P-260-1_Basel_1907	Basel
Fischer	Samuel	Filiale	Aeschenvorstadt 11	Basel	1990	1907	73	telefonbuch_153	PTT-Archiv, P-260-1_Basel_1907	Basel
Fischer	Samuel	Wohnung	Rütlistrasse 51	Basel	997	1907	73	telefonbuch_153	PTT-Archiv, P-260-1_Basel_1907	Basel
Fix	Victor		Schanzenstrasse 14	Basel	3923	1907	73	telefonbuch_153	PTT-Archiv, P-260-1_Basel_1907	Basel
Flaig-Pümpin	Jos.	Bierdepot Eberl- u. Warteckbräu	Landskronstrasse 55	Basel	212	1907	73	telefonbuch_153	PTT-Archiv, P-260-1_Basel_1907	Basel
Flammer	J.	Reparaturwerkstätte für Velos und Motorwagen	Feldbergstrasse 138	Basel	359	1907	73	telefonbuch_153	PTT-Archiv, P-260-1_Basel_1907	Basel
Fleig-Lützelschwab	A.	Bäcker	Bachlettenstrasse 11	Basel	2544	1907	73	telefonbuch_153	PTT-Archiv, P-260-1_Basel_1907	Basel
Fleiner-Schmidlin	E.		Sevogelstrasse 5	Basel	4121	1907	73	telefonbuch_153	PTT-Archiv, P-260-1_Basel_1907	Basel
Fleiner		Sohn	Kohlenberg 29	Basel	3086	1907	73	telefonbuch_153	PTT-Archiv, P-260-1_Basel_1907	Basel
Fleissig	P.	Dr., Spitalapotheker	Palmenstrasse 4	Basel	259	1907	73	telefonbuch_153	PTT-Archiv, P-260-1_Basel_1907	Basel
Floretspinnerei Ringwald			St. Albananlage 7	Basel	4254	1907	73	telefonbuch_153	PTT-Archiv, P-260-1_Basel_1907	Basel
Flubacher	A.		Austrasse 36	Basel	2946	1907	73	telefonbuch_153	PTT-Archiv, P-260-1_Basel_1907	Basel
Flubacher-Bernhard	Wilh.		Eulerstrasse 12	Basel	2754	1907	73	telefonbuch_153	PTT-Archiv, P-260-1_Basel_1907	Basel
Flubacher & Seidel		Maler	Münchensteinerstrasse 138	Basel	4029	1907	73	telefonbuch_153	PTT-Archiv, P-260-1_Basel_1907	Basel
Fluck-Brodbeck	Th.		Altkircherstrasse 19	Basel	168	1907	73	telefonbuch_153	PTT-Archiv, P-260-1_Basel_1907	Basel
Flück	C.		Schützenmattstr. 75	Basel	3392	1907	73	telefonbuch_153	PTT-Archiv, P-260-1_Basel_1907	Basel
Flügel-Georg	Rud.	Buchbinder	Gerbergasse 51	Basel	10	1907	73	telefonbuch_153	PTT-Archiv, P-260-1_Basel_1907	Basel
Flügel	Heinrich	Architekt	Burgfelderstrasse 12	Basel	3826	1907	73	telefonbuch_153	PTT-Archiv, P-260-1_Basel_1907	Basel
Flügel	H.	& Widmer, Architekten	Burgfelderstrasse 12	Basel	3826	1907	73	telefonbuch_153	PTT-Archiv, P-260-1_Basel_1907	Basel
Flury	Urs	Steinhauermeister	Nonnenweg 51	Basel	3312	1907	73	telefonbuch_153	PTT-Archiv, P-260-1_Basel_1907	Basel
Forcart-Bachofen	Rudolf		St. Jakobstrasse 6	Basel	1948	1907	73	telefonbuch_153	PTT-Archiv, P-260-1_Basel_1907	Basel
Forcart	M. K.	Dr., Arzt	Engelgasse 3	Basel	3800	1907	73	telefonbuch_153	PTT-Archiv, P-260-1_Basel_1907	Basel
Forcart	Louise		Langegasse 47	Basel	4155	1907	73	telefonbuch_153	PTT-Archiv, P-260-1_Basel_1907	Basel
Forster	K. E.	Präsident der Kreisdirektion der Schweiz. Bundesbahnen (Wohnung)	Missionsstrasse 17	Basel	1407	1907	73	telefonbuch_153	PTT-Archiv, P-260-1_Basel_1907	Basel
Forster	K. E.	Bureau	Ob. Heuberg 7	Basel	337	1907	73	telefonbuch_153	PTT-Archiv, P-260-1_Basel_1907	Basel
Förter	Hugo	Dr.	Florastrasse 19	Basel	1187	1907	73	telefonbuch_153	PTT-Archiv, P-260-1_Basel_1907	Basel
Fortwängler-Rupp	Karl		Sperrstrasse 33	Basel	3438	1907	73	telefonbuch_153	PTT-Archiv, P-260-1_Basel_1907	Basel
Franck	Hrch.	Söhne (Bureau, Direktorwohnung)	Horburgstrasse 109	Basel	3364	1907	73	telefonbuch_153	PTT-Archiv, P-260-1_Basel_1907	Basel
Frank-Sitterle	F.		Hammerstrasse 111	Basel	3430	1907	73	telefonbuch_153	PTT-Archiv, P-260-1_Basel_1907	Basel
Fränkel, Voellmy & Cie.			Riehenstrasse 157	Basel	3833	1907	73	telefonbuch_153	PTT-Archiv, P-260-1_Basel_1907	Basel
Frankenbach	Georg		Aeschenvorstadt 42	Basel	2062	1907	74	telefonbuch_154	PTT-Archiv, P-260-1_Basel_1907	Basel
Frankenbach	Georg		Sternengasse 10	Basel	2088	1907	74	telefonbuch_154	PTT-Archiv, P-260-1_Basel_1907	Basel
Frauenspital			Klingelbergstr. 50	Basel	1538	1907	74	telefonbuch_154	PTT-Archiv, P-260-1_Basel_1907	Basel
Frehner	J.	Buchdruckerei	Steinenthorstrasse 2	Basel	2249	1907	74	telefonbuch_154	PTT-Archiv, P-260-1_Basel_1907	Basel
Freimaurerloge Basel			Byfangweg 13	Basel	3008	1907	74	telefonbuch_154	PTT-Archiv, P-260-1_Basel_1907	Basel
Freléchoux-Weniger	K. E.	Frau	Nonnenweg 22	Basel	2869	1907	74	telefonbuch_154	PTT-Archiv, P-260-1_Basel_1907	Basel
Freudenreich-Probst	Emil		Offenburgerstr. 61	Basel	374	1907	74	telefonbuch_154	PTT-Archiv, P-260-1_Basel_1907	Basel
Freudiger	Joh.	Fuhrhalter	Gundoldingerstr. 280	Basel	1693	1907	74	telefonbuch_154	PTT-Archiv, P-260-1_Basel_1907	Basel
Freuler	K.	Passementier	Steinenthorstr. 15	Basel	2362	1907	74	telefonbuch_154	PTT-Archiv, P-260-1_Basel_1907	Basel
Frey-Bourquin	F.		Zürcherstrasse 11	Basel	4105	1907	74	telefonbuch_154	PTT-Archiv, P-260-1_Basel_1907	Basel
Frey	Carl		Kanonengasse 13	Basel	1532	1907	74	telefonbuch_154	PTT-Archiv, P-260-1_Basel_1907	Basel
Frey	Carl	Glaser, Geschäft	Marktgasse 22	Basel	1603	1907	74	telefonbuch_154	PTT-Archiv, P-260-1_Basel_1907	Basel
Frey	Carl	Wohnung	Friedensgasse 61	Basel	1455	1907	74	telefonbuch_154	PTT-Archiv, P-260-1_Basel_1907	Basel
Frey	Carl	Dr., Advokat	Augustinergasse 17	Basel	1373	1907	74	telefonbuch_154	PTT-Archiv, P-260-1_Basel_1907	Basel
Frey	E.	Vizepräsident der Kreisdirektion der Schweiz. Bundesbahnen (Wohnung)	Oberwilerstrasse 78	Basel	1675	1907	74	telefonbuch_154	PTT-Archiv, P-260-1_Basel_1907	Basel
Frey, E., & Cie.			Malzgasse 2	Basel	1858	1907	74	telefonbuch_154	PTT-Archiv, P-260-1_Basel_1907	Basel
Frey	Emil	Ingenieur, Technisches Bureau	Elisabethenstrasse 6	Basel	3959	1907	74	telefonbuch_154	PTT-Archiv, P-260-1_Basel_1907	Basel
Frey	Emil	(E. Frey-Bruggisser), Privatwohnung	Schützengraben 31	Basel	4216	1907	74	telefonbuch_154	PTT-Archiv, P-260-1_Basel_1907	Basel
Frey-Freyvogel	Wm.		Leimenstrasse 14	Basel	2859	1907	74	telefonbuch_154	PTT-Archiv, P-260-1_Basel_1907	Basel
Frey	Fritz	Droguerie	Greifengasse 25	Basel	1342	1907	74	telefonbuch_154	PTT-Archiv, P-260-1_Basel_1907	Basel
Frey	G.		Ramsteinerstr. 16	Basel	845	1907	74	telefonbuch_154	PTT-Archiv, P-260-1_Basel_1907	Basel
Frey	Georg		Sevogelstrasse 72	Basel	3656	1907	74	telefonbuch_154	PTT-Archiv, P-260-1_Basel_1907	Basel
Frey-Gysin	E.	Wienerbäckerei u. Conditorei	Clarastrasse 18	Basel	3531	1907	74	telefonbuch_154	PTT-Archiv, P-260-1_Basel_1907	Basel
Frey-Hauser	Chr.	Bäcker	Thannerstrasse 41	Basel	389	1907	74	telefonbuch_154	PTT-Archiv, P-260-1_Basel_1907	Basel
Frey & Eberle			Hebelstrasse 11	Basel	1539	1907	74	telefonbuch_154	PTT-Archiv, P-260-1_Basel_1907	Basel
Frey	U.	Geschäftsbureau	Spalenberg 16	Basel	1586	1907	74	telefonbuch_154	PTT-Archiv, P-260-1_Basel_1907	Basel
Frey-Vogt	Emil		St. Albanring 168	Basel	4548	1907	74	telefonbuch_154	PTT-Archiv, P-260-1_Basel_1907	Basel
Frey	Wilhelm		Thiersteinerallee 53	Basel	524	1907	74	telefonbuch_154	PTT-Archiv, P-260-1_Basel_1907	Basel
Frick	Hch.	Heizungsmonteur v. Gebr. Sulzer	Bartenheimerstr. 24	Basel	234	1907	74	telefonbuch_154	PTT-Archiv, P-260-1_Basel_1907	Basel
Fricker-Heierle	K.	Hotel Bristol	Centralbahnstr. 15	Basel	1002	1907	74	telefonbuch_154	PTT-Archiv, P-260-1_Basel_1907	Basel
Frieden-Furter	K.		Therwilerstrasse 20	Basel	928	1907	74	telefonbuch_154	PTT-Archiv, P-260-1_Basel_1907	Basel
Frieden-Furter	K.		Neuensteinerstr. 32	Basel	4475	1907	74	telefonbuch_154	PTT-Archiv, P-260-1_Basel_1907	Basel
Friedmatt			Milchsuppen	Basel	1477	1907	74	telefonbuch_154	PTT-Archiv, P-260-1_Basel_1907	Basel
Friedrich	Leonhard	Architekt, Bureau	Steinenberg 25	Basel	2147	1907	74	telefonbuch_154	PTT-Archiv, P-260-1_Basel_1907	Basel
Friedrich	Leonhard	Wohnung	Leonhardsgraben 45	Basel	1988	1907	74	telefonbuch_154	PTT-Archiv, P-260-1_Basel_1907	Basel
Friedrich	R.	Privatwohnung	Engelgasse 55	Basel	3675	1907	74	telefonbuch_154	PTT-Archiv, P-260-1_Basel_1907	Basel
Friedrich	Victor		Missionsstrasse 46	Basel	165	1907	74	telefonbuch_154	PTT-Archiv, P-260-1_Basel_1907	Basel
Fritsch-Dreher	Aug.	Colonialwarenhandlg.	Untere Rebgasse 7	Basel	3313	1907	74	telefonbuch_154	PTT-Archiv, P-260-1_Basel_1907	Basel
Fritz	Carl	Wwe. & Sohn, Baugeschäft	Güterstrasse 243	Basel	3891	1907	74	telefonbuch_154	PTT-Archiv, P-260-1_Basel_1907	Basel
Fritz	Emil Martin	Schweinehändler	Elsässerstrasse 38	Basel	1641	1907	74	telefonbuch_154	PTT-Archiv, P-260-1_Basel_1907	Basel
Fritz	Oscar	Kantonaler Reitlehrer	Kaserne Klingenthal	Basel	1275	1907	74	telefonbuch_154	PTT-Archiv, P-260-1_Basel_1907	Basel
Fritz	Oscar	Wohnung und Luxuspferdegeschäft	Unt. Rheinweg 40	Basel	1700	1907	74	telefonbuch_154	PTT-Archiv, P-260-1_Basel_1907	Basel
Fröhle	Gustav	Schreinermeister	Aeschenvorstadt 2	Basel	1856	1907	74	telefonbuch_154	PTT-Archiv, P-260-1_Basel_1907	Basel
Frölicher-Emmerich	Mathilde	Frau	Schärtlingasse 26	Basel	1016	1907	74	telefonbuch_154	PTT-Archiv, P-260-1_Basel_1907	Basel
Fromaigeat	Alcide	Incassobureau	Nadelberg 19	Basel	1400	1907	74	telefonbuch_154	PTT-Archiv, P-260-1_Basel_1907	Basel
Frommlet & Huguenin			Freiestrasse 33	Basel	121	1907	74	telefonbuch_154	PTT-Archiv, P-260-1_Basel_1907	Basel
Froese & Co.		Buch- u. Kunstdruckerei	Breisacherstrasse 66	Basel	459	1907	74	telefonbuch_154	PTT-Archiv, P-260-1_Basel_1907	Basel
Frutiger	Adolf	Dr.	Holbeinstrasse 65	Basel	3908	1907	74	telefonbuch_154	PTT-Archiv, P-260-1_Basel_1907	Basel
Fuchs	Carl	Metzgermeister	Freiestrasse 1	Basel	1395	1907	75	telefonbuch_155	PTT-Archiv, P-260-1_Basel_1907	Basel
Fuchs	Carl	Spenglermeister	Claragraben 5	Basel	3486	1907	75	telefonbuch_155	PTT-Archiv, P-260-1_Basel_1907	Basel
Fuchs-Herre	Joh.	Wirt	Colmarerstrasse 88	Basel	829	1907	75	telefonbuch_155	PTT-Archiv, P-260-1_Basel_1907	Basel
Fueter-Gelzer	R. E.		Sevogelstrasse 7	Basel	4139	1907	75	telefonbuch_155	PTT-Archiv, P-260-1_Basel_1907	Basel
Fueg-Strub	V.		Spalenthorweg 4	Basel	2584	1907	75	telefonbuch_155	PTT-Archiv, P-260-1_Basel_1907	Basel
Füglistaller-Frey	Carl	Kaufmann	Hirzbodenweg 95	Basel	4242	1907	75	telefonbuch_155	PTT-Archiv, P-260-1_Basel_1907	Basel
Füglistaller-Schmid	B.		Schaffh. Rheinweg 73	Basel	3739	1907	75	telefonbuch_155	PTT-Archiv, P-260-1_Basel_1907	Basel
Füglistaller-Sprenger	B.		Grenzacherstr. 70	Basel	3180	1907	75	telefonbuch_155	PTT-Archiv, P-260-1_Basel_1907	Basel
Fuhrer	Carl		Dornacherstrasse 39	Basel	4528	1907	75	telefonbuch_155	PTT-Archiv, P-260-1_Basel_1907	Basel
Fünfschilling-Näf	Ernst		Hammerstrasse 111	Basel	3357	1907	75	telefonbuch_155	PTT-Archiv, P-260-1_Basel_1907	Basel
Furler	Adolf	Restaurant zum Blumenrain	Blumenrain 23	Basel	1089	1907	75	telefonbuch_155	PTT-Archiv, P-260-1_Basel_1907	Basel
Furrer	Wilhelm	Schweiz. Glasplakatfabrik	Schnab-lgasse 6	Basel		1907	75	telefonbuch_155	PTT-Archiv, P-260-1_Basel_1907	Basel
Fürstenberger	Albert		St. Albananlage 58	Basel	4115	1907	75	telefonbuch_155	PTT-Archiv, P-260-1_Basel_1907	Basel
Fuss-Suter	C.		Klingelbergstr. 63	Basel	1374	1907	75	telefonbuch_155	PTT-Archiv, P-260-1_Basel_1907	Basel
Füssler	Max		Landskronstrasse 23	Basel	505	1907	75	telefonbuch_155	PTT-Archiv, P-260-1_Basel_1907	Basel
Futterer & Co.			Steinenthorstrasse 30	Basel	2416	1907	75	telefonbuch_155	PTT-Archiv, P-260-1_Basel_1907	Basel
Gaiser-Metzger	Ernst	Bäcker	Güterstrasse 253	Basel	3993	1907	75	telefonbuch_155	PTT-Archiv, P-260-1_Basel_1907	Basel
Galfetti	Bernardo	succ. de E. Morosini	Aeschenvorstadt 38	Basel	2308	1907	75	telefonbuch_155	PTT-Archiv, P-260-1_Basel_1907	Basel
Galliker	A.	Buchdruckerei	Haltingerstrasse 64	Basel	1265	1907	75	telefonbuch_155	PTT-Archiv, P-260-1_Basel_1907	Basel
Gally-Preiswerk	L.	Wwe., Bureau	Binningerstrasse 19	Basel	2500	1907	75	telefonbuch_155	PTT-Archiv, P-260-1_Basel_1907	Basel
Gally-Preiswerk	L.	Wohnung	Byfangweg 49	Basel	4238	1907	75	telefonbuch_155	PTT-Archiv, P-260-1_Basel_1907	Basel
Gansser	Emil	Pelzwaren- u. Hutlager	Freiestrasse 24	Basel	1800	1907	75	telefonbuch_155	PTT-Archiv, P-260-1_Basel_1907	Basel
Ganthaus			Steinenthorstrasse 7	Basel	2198	1907	75	telefonbuch_155	PTT-Archiv, P-260-1_Basel_1907	Basel
Gartenmann-Kellerhals	J. J.		St. Johannring 102	Basel	3952	1907	75	telefonbuch_155	PTT-Archiv, P-260-1_Basel_1907	Basel
Gasmotorenfabrik Deutz		Platzmonteur W. Heynen	Thiersteinerallee 60	Basel	611	1907	75	telefonbuch_155	PTT-Archiv, P-260-1_Basel_1907	Basel
Gas-, Wasser- u. Elektrizitätswerk		Direktion der 3 Werke und Hauptbureau des Gaswerkes	Binningerstrasse 8	Basel	76	1907	75	telefonbuch_155	PTT-Archiv, P-260-1_Basel_1907	Basel
Gas-, Wasser- u. Elektrizitätswerk		Materialverwaltung der 3 Werke	Binningerstrasse 8	Basel	2132	1907	75	telefonbuch_155	PTT-Archiv, P-260-1_Basel_1907	Basel
Gas-, Wasser- u. Elektrizitätswerk		Bureau des Wasserwerkes	Binningerstrasse 8	Basel	2571	1907	75	telefonbuch_155	PTT-Archiv, P-260-1_Basel_1907	Basel
Gas-, Wasser- u. Elektrizitätswerk		Bureau des Elektrizitätswerkes	Binningerstrasse 8	Basel	2607	1907	75	telefonbuch_155	PTT-Archiv, P-260-1_Basel_1907	Basel
Gas-, Wasser- u. Elektrizitätswerk		Gasfabrik	Fabrikstrasse 24	Basel	1631	1907	75	telefonbuch_155	PTT-Archiv, P-260-1_Basel_1907	Basel
Gas-, Wasser- u. Elektrizitätswerk		Wachtlokal der Anzünder	Barfüssergasse 10	Basel	1965	1907	75	telefonbuch_155	PTT-Archiv, P-260-1_Basel_1907	Basel
Gas-, Wasser- u. Elektrizitätswerk		Pumpwerk	Lange Erlen	Basel	3475	1907	75	telefonbuch_155	PTT-Archiv, P-260-1_Basel_1907	Basel
Gas-, Wasser- u. Elektrizitätswerk		Reservoir	auf dem Bruderholz	Basel	4037	1907	75	telefonbuch_155	PTT-Archiv, P-260-1_Basel_1907	Basel
Gas-, Wasser- u. Elektrizitätswerk		Kraftstation des Elektrizitätswerkes	Voltastrasse	Basel	334	1907	75	telefonbuch_155	PTT-Archiv, P-260-1_Basel_1907	Basel
Gas-, Wasser- u. Elektrizitätswerk		Unterstation des Elektrizitätswerkes	Steinenbachgässli 4	Basel	2368	1907	75	telefonbuch_155	PTT-Archiv, P-260-1_Basel_1907	Basel
Gas-, Wasser- u. Elektrizitätswerk		Schaltstation des Elektrizitätswerkes	Zürcherstrasse	Basel	4269	1907	75	telefonbuch_155	PTT-Archiv, P-260-1_Basel_1907	Basel
Gas-, Wasser- u. Elektrizitätswerk		Wohnung von Direktor Miescher	Augustinergasse 21	Basel	3114	1907	75	telefonbuch_155	PTT-Archiv, P-260-1_Basel_1907	Basel
Gas-, Wasser- u. Elektrizitätswerk		Wohnung von Inspektor Gautschi	Heinrichsgasse 17	Basel	784	1907	75	telefonbuch_155	PTT-Archiv, P-260-1_Basel_1907	Basel
Gas-, Wasser- u. Elektrizitätswerk		Wohnung von Inspektor Bosshardt	Gundeldingerstr. 177	Basel	2493	1907	75	telefonbuch_155	PTT-Archiv, P-260-1_Basel_1907	Basel
Gas-, Wasser- u. Elektrizitätswerk		Wohnung von Inspektor Mieg	St. Johannvorst. 84	Basel	1711	1907	75	telefonbuch_155	PTT-Archiv, P-260-1_Basel_1907	Basel
Gas-, Wasser- u. Elektrizitätswerk		Wohnung von Ingenieur Gengenbacher	Claragraben 3	Basel	2576	1907	75	telefonbuch_155	PTT-Archiv, P-260-1_Basel_1907	Basel
Gas-, Wasser- u. Elektrizitätswerk		Beamtenwohnung	Elsässerstrasse 52	Basel	1727	1907	75	telefonbuch_155	PTT-Archiv, P-260-1_Basel_1907	Basel
Gas-, Wasser- u. Elektrizitätswerk		Wohnung von Brunnenmeister Kölliker	St. Albankirchrain 14	Basel	4137	1907	75	telefonbuch_155	PTT-Archiv, P-260-1_Basel_1907	Basel
Gas-, Wasser- u. Elektrizitätswerk		Dienstwohnung beim Pumpwerk	Schorenweg 113	Basel	3465	1907	75	telefonbuch_155	PTT-Archiv, P-260-1_Basel_1907	Basel
Gas-, Wasser- u. Elektrizitätswerk		Wohnung von Aufseher Fross	Kohlenberggasse 3	Basel	2376	1907	75	telefonbuch_155	PTT-Archiv, P-260-1_Basel_1907	Basel
Gass-Seiffert	A. S.	Wwe.	Birsigstrasse 36	Basel	2486	1907	76	telefonbuch_156	PTT-Archiv, P-260-1_Basel_1907	Basel
Gass	E.		St. Albananlage 4	Basel	1663	1907	76	telefonbuch_156	PTT-Archiv, P-260-1_Basel_1907	Basel
Gasser-Dopler	E.	Wirt	Habsburgerstrasse 43	Basel	801	1907	76	telefonbuch_156	PTT-Archiv, P-260-1_Basel_1907	Basel
Gasser-Lang	Fritz		Reinacherstrasse 30	Basel	1299	1907	76	telefonbuch_156	PTT-Archiv, P-260-1_Basel_1907	Basel
Gasser-Thallinger	Gottfr.	Tapezierer	Schützengraben 56	Basel	921	1907	76	telefonbuch_156	PTT-Archiv, P-260-1_Basel_1907	Basel
Gasser & Cie.		Buch- und Kunstdruckerei	Unt. Rheingasse 19	Basel	1762	1907	76	telefonbuch_156	PTT-Archiv, P-260-1_Basel_1907	Basel
Gasser-Wolter	J.		Austrasse 106	Basel	4093	1907	76	telefonbuch_156	PTT-Archiv, P-260-1_Basel_1907	Basel
Gassmann	Emma	Schuhwaren	Freiestrasse 73	Basel	2196	1907	76	telefonbuch_156	PTT-Archiv, P-260-1_Basel_1907	Basel
Gassmann	F.	Buchdruckerei	Aeschenvorstadt 32	Basel	2325	1907	76	telefonbuch_156	PTT-Archiv, P-260-1_Basel_1907	Basel
Gatty	Albert	Hotel Münchner Hof	Steinenvorstadt 75	Basel	2420	1907	76	telefonbuch_156	PTT-Archiv, P-260-1_Basel_1907	Basel
Gautschy	Henry		Malzgasse 9	Basel	2133	1907	76	telefonbuch_156	PTT-Archiv, P-260-1_Basel_1907	Basel
Gebhardt	E.	Architekt	Hammerstrasse 114	Basel	2135	1907	76	telefonbuch_156	PTT-Archiv, P-260-1_Basel_1907	Basel
Gebrüder Keller		Allgemeine Droschkenanstalt	Margarethenstr. 79	Basel	2145	1907	76	telefonbuch_156	PTT-Archiv, P-260-1_Basel_1907	Basel
Dieselben			Drahtzugstrasse 16	Basel	3470	1907	76	telefonbuch_156	PTT-Archiv, P-260-1_Basel_1907	Basel
Geering	Ad.	Basler Buch- und Antiquariatshandlung	Bäumleingasse 10	Basel	1851	1907	76	telefonbuch_156	PTT-Archiv, P-260-1_Basel_1907	Basel
Geering & Co.			Aeschengraben 6	Basel	2057	1907	76	telefonbuch_156	PTT-Archiv, P-260-1_Basel_1907	Basel
Gehrig-Hausin		Droschkenhalter, Nachf. G. Stamm-Hausin	Hägenheimerstr. 20	Basel	830	1907	76	telefonbuch_156	PTT-Archiv, P-260-1_Basel_1907	Basel
Gehrig’s Hôtel Continental			Küchegässlein 15	Basel	2272	1907	76	telefonbuch_156	PTT-Archiv, P-260-1_Basel_1907	Basel
Geiger	Fritz		Isteinerstrasse 54	Basel	3520	1907	76	telefonbuch_156	PTT-Archiv, P-260-1_Basel_1907	Basel
Geiger-Knapp		Frau Dr., Apotheker’s	Kanonengasse 21	Basel	3116	1907	76	telefonbuch_156	PTT-Archiv, P-260-1_Basel_1907	Basel
Geiger-Mähly	Paul	Dr.	Hirzbodenweg 34	Basel	3758	1907	76	telefonbuch_156	PTT-Archiv, P-260-1_Basel_1907	Basel
Geiger-Maurer	Georg	Bäckermeister	Sennheimerstr. 20	Basel	639	1907	76	telefonbuch_156	PTT-Archiv, P-260-1_Basel_1907	Basel
Geiger-Miville	A.		Marktplatz 24	Basel	3	1907	76	telefonbuch_156	PTT-Archiv, P-260-1_Basel_1907	Basel
Geiger-Otto	H.	Dr.	Rüdengasse 1	Basel	1075	1907	76	telefonbuch_156	PTT-Archiv, P-260-1_Basel_1907	Basel
Geigy-Burckhardt	M. E.	Frau	Aeschengraben 5	Basel	2315	1907	76	telefonbuch_156	PTT-Archiv, P-260-1_Basel_1907	Basel
Dieselbe		siehe auch unter „Münchenstein“		Basel	3911	1907	76	telefonbuch_156	PTT-Archiv, P-260-1_Basel_1907	Basel
Geigy-Burckhardt	Karl		Kapellenstrasse 20	Basel	2365	1907	76	telefonbuch_156	PTT-Archiv, P-260-1_Basel_1907	Basel
Geigy-Buxtorf	S.	Wwe.	Leonhardsgraben 48	Basel	2989	1907	76	telefonbuch_156	PTT-Archiv, P-260-1_Basel_1907	Basel
Geigy	Rud.	Dr.	St. Albananlage 1	Basel	2079	1907	76	telefonbuch_156	PTT-Archiv, P-260-1_Basel_1907	Basel
Derselbe		Bäumlinhof	Riehenstrasse 392	Basel	3835	1907	76	telefonbuch_156	PTT-Archiv, P-260-1_Basel_1907	Basel
Geigy	Emilie	Frl.	Angensteinerstr. 17	Basel	1969	1907	76	telefonbuch_156	PTT-Archiv, P-260-1_Basel_1907	Basel
Geigy-Hagenbach	Karl		Hardstrasse 52	Basel	1428	1907	76	telefonbuch_156	PTT-Archiv, P-260-1_Basel_1907	Basel
Derselbe		Bäumlinhof	Riehenstrasse 392	Basel	3831	1907	76	telefonbuch_156	PTT-Archiv, P-260-1_Basel_1907	Basel
Geigy	Joh. Rud.	& Co., Anilinfarben- und Extraktfabriken, Kassa, Parterre	Bahnhofstrasse 3	Basel	3548	1907	76	telefonbuch_156	PTT-Archiv, P-260-1_Basel_1907	Basel
Dieselben		Warenabteilung u. Sped., I. Stock	Bahnhofstrasse 3	Basel	3549	1907	76	telefonbuch_156	PTT-Archiv, P-260-1_Basel_1907	Basel
Dieselben		Fabrik	Rosenthalweg 2	Basel	3618	1907	76	telefonbuch_156	PTT-Archiv, P-260-1_Basel_1907	Basel
Geigy-Merian	Rud.	Bäumlinhof	Riehenstrasse 392	Basel	3830	1907	76	telefonbuch_156	PTT-Archiv, P-260-1_Basel_1907	Basel
Derselbe			Aeschenvorstadt 13	Basel	2031	1907	76	telefonbuch_156	PTT-Archiv, P-260-1_Basel_1907	Basel
Geilenkirchen	Alf.	Hôtel Bernerhof & du Parc	Elisabethenstr. 62	Basel	2247	1907	76	telefonbuch_156	PTT-Archiv, P-260-1_Basel_1907	Basel
Geipel	C. A.	Privatwohnung	Oberwilerstrasse 36	Basel	235	1907	76	telefonbuch_156	PTT-Archiv, P-260-1_Basel_1907	Basel
Geipel		Nachf. Bayer & Röthlisberger, chemische Wäscherei und Färberei	Gerbergasse 57	Basel	2188	1907	76	telefonbuch_156	PTT-Archiv, P-260-1_Basel_1907	Basel
Geismar	Salomon		Elisabethenstr. 20	Basel	1913	1907	76	telefonbuch_156	PTT-Archiv, P-260-1_Basel_1907	Basel
Geissberger-Schorr	Alb.	Pflästerer u. Erdbauunternehmer	Hegenheimerstr. 24	Basel	813	1907	76	telefonbuch_156	PTT-Archiv, P-260-1_Basel_1907	Basel
Geissler	Carl	Privat	Feierabendstrasse 22	Basel	4532	1907	77	telefonbuch_157	PTT-Archiv, P-260-1_Basel_1907	Basel
Geissler	Carl	Bureau	Centralbahnstr. 5	Basel	3017	1907	77	telefonbuch_157	PTT-Archiv, P-260-1_Basel_1907	Basel
Geissler	Carl		Centralbahnstr. 5	Basel	552	1907	77	telefonbuch_157	PTT-Archiv, P-260-1_Basel_1907	Basel
Geissler	Carl	Lagerplatz	Dreispitz	Basel	2449	1907	77	telefonbuch_157	PTT-Archiv, P-260-1_Basel_1907	Basel
Geldner		Kohlenunion, Bureau	St. Albangraben 4	Basel	1885	1907	77	telefonbuch_157	PTT-Archiv, P-260-1_Basel_1907	Basel
Geldner		Lager	Dreispitz	Basel	3990	1907	77	telefonbuch_157	PTT-Archiv, P-260-1_Basel_1907	Basel
Geldner	Carl	Privat	Steinenthorberg 16	Basel	2439	1907	77	telefonbuch_157	PTT-Archiv, P-260-1_Basel_1907	Basel
Gelpke-Bleuler	Rud.		Austrasse 41	Basel	942	1907	77	telefonbuch_157	PTT-Archiv, P-260-1_Basel_1907	Basel
Gelpke	Rudolf	Ingenieur	Mühleberg 3	Basel	1769	1907	77	telefonbuch_157	PTT-Archiv, P-260-1_Basel_1907	Basel
Geltenzunft	Max Weckerle		Marktplatz 13	Basel	771	1907	77	telefonbuch_157	PTT-Archiv, P-260-1_Basel_1907	Basel
Gempp & Unold		Blechemballagefabrik	Bahnhofstrasse 139	Basel	753	1907	77	telefonbuch_157	PTT-Archiv, P-260-1_Basel_1907	Basel
Gemuseus	Bertha		Aeschengraben 22	Basel	2405	1907	77	telefonbuch_157	PTT-Archiv, P-260-1_Basel_1907	Basel
Gemuseus	Carl	Agenturen und Kohlen	Grellingerstrasse 55	Basel	1143	1907	77	telefonbuch_157	PTT-Archiv, P-260-1_Basel_1907	Basel
Gemuseus-Grossmann	A.	Wwe.	Sevogelstrasse 36	Basel	4118	1907	77	telefonbuch_157	PTT-Archiv, P-260-1_Basel_1907	Basel
Gemuseus	Joh. Rud.		Aeschengraben 22	Basel	2405	1907	77	telefonbuch_157	PTT-Archiv, P-260-1_Basel_1907	Basel
Gemuseus-Passavant	Rud.		Langegasse 49	Basel	3557	1907	77	telefonbuch_157	PTT-Archiv, P-260-1_Basel_1907	Basel
Gemuseus-Simmoth	E.		Leimenstrasse 46	Basel	2923	1907	77	telefonbuch_157	PTT-Archiv, P-260-1_Basel_1907	Basel
Gemuseus & Stöcklin			Aeschenvorstadt 22	Basel	2323	1907	77	telefonbuch_157	PTT-Archiv, P-260-1_Basel_1907	Basel
Gengenbach	G.	& Co.	Spitalstrasse 17	Basel	1694	1907	77	telefonbuch_157	PTT-Archiv, P-260-1_Basel_1907	Basel
Gengenbach-Gysin	Gust.		Austrasse 93	Basel	2829	1907	77	telefonbuch_157	PTT-Archiv, P-260-1_Basel_1907	Basel
Gengenbach-Labhardt	E. L.	Wwe.	Birmannsgasse 15	Basel	2641	1907	77	telefonbuch_157	PTT-Archiv, P-260-1_Basel_1907	Basel
Genossenschaft für Häute- und Fellverwertung			Elsässerstrasse 4	Basel	1862	1907	77	telefonbuch_157	PTT-Archiv, P-260-1_Basel_1907	Basel
Genossenschaft Schweiz. Gipsermeister			Alemannengasse 56	Basel	440	1907	77	telefonbuch_157	PTT-Archiv, P-260-1_Basel_1907	Basel
Genossenschafts-Buchdruckerei			Petersberg 29	Basel	1738	1907	77	telefonbuch_157	PTT-Archiv, P-260-1_Basel_1907	Basel
Georg	Germann		Schützengraben 53	Basel	2715	1907	77	telefonbuch_157	PTT-Archiv, P-260-1_Basel_1907	Basel
Georg & Cie.		Buch- u. Kunsthandlung	Freiestrasse 10	Basel	1396	1907	77	telefonbuch_157	PTT-Archiv, P-260-1_Basel_1907	Basel
Georg-Vogel	Ed.		Dornacherstr. 157	Basel	1622	1907	77	telefonbuch_157	PTT-Archiv, P-260-1_Basel_1907	Basel
Georg-Wacker	Adèle	Wwe.	Mittlerestrasse 1	Basel	2587	1907	77	telefonbuch_157	PTT-Archiv, P-260-1_Basel_1907	Basel
Gerber	Ernst	Nachf. v. C. Ladendorff	Unt. Rebgasse 18	Basel	1242	1907	77	telefonbuch_157	PTT-Archiv, P-260-1_Basel_1907	Basel
Gerber-Oesterlin	J.	Spengler	Obere Rebgasse 7	Basel	3728	1907	77	telefonbuch_157	PTT-Archiv, P-260-1_Basel_1907	Basel
Gerhard	Fr.	Tapezierer	Clarastrasse 1	Basel	601	1907	77	telefonbuch_157	PTT-Archiv, P-260-1_Basel_1907	Basel
Gerhardt	Katharina	Stellenvermittlungsbureau	Aeschenvorstadt 23	Basel	1062	1907	77	telefonbuch_157	PTT-Archiv, P-260-1_Basel_1907	Basel
Geringer-von Tobel	Charles		Feierabendstrasse 57	Basel	797	1907	77	telefonbuch_157	PTT-Archiv, P-260-1_Basel_1907	Basel
Gerspach	Carl	Droschkenanstalt	Weidengasse 19	Basel	4101	1907	77	telefonbuch_157	PTT-Archiv, P-260-1_Basel_1907	Basel
Gerspach	Jakob	Droschkenhalter	Klybeckstrasse 64	Basel	3787	1907	77	telefonbuch_157	PTT-Archiv, P-260-1_Basel_1907	Basel
Gerster	Emil	Glasmaler	Austrasse 107	Basel	208	1907	77	telefonbuch_157	PTT-Archiv, P-260-1_Basel_1907	Basel
Gerster	Julius		Bachlettenstr. 80	Basel	3032	1907	77	telefonbuch_157	PTT-Archiv, P-260-1_Basel_1907	Basel
Gerster-Schönenberg	Hans		Güterstrasse 100	Basel	971	1907	77	telefonbuch_157	PTT-Archiv, P-260-1_Basel_1907	Basel
Gerster-Wicky	Emil	Spenglermeister	Landskronstrasse 29	Basel	154	1907	77	telefonbuch_157	PTT-Archiv, P-260-1_Basel_1907	Basel
Gerwig		Herker & Co.	Sandgrubenweg 12	Basel	3492	1907	77	telefonbuch_157	PTT-Archiv, P-260-1_Basel_1907	Basel
Gerwig-Weber	Carl		Claragraben 1	Basel	3814	1907	77	telefonbuch_157	PTT-Archiv, P-260-1_Basel_1907	Basel
Gesellschaft für Bandfabrikation			St. Johannvorstadt 33	Basel	1697	1907	77	telefonbuch_157	PTT-Archiv, P-260-1_Basel_1907	Basel
Gesellschaft für Bandfabrikation		Direktion	St. Johannvorstadt 33	Basel	3641	1907	77	telefonbuch_157	PTT-Archiv, P-260-1_Basel_1907	Basel
Gesellschaft für chem. Industrie		Bureau	Klybeckstrasse 151	Basel	3290	1907	77	telefonbuch_157	PTT-Archiv, P-260-1_Basel_1907	Basel
Gesellschaft für chem. Industrie		Fabrikpforte, während Bureauschluss	Klybeckstrasse 151	Basel	724	1907	77	telefonbuch_157	PTT-Archiv, P-260-1_Basel_1907	Basel
Gesellschaft für chem. Industrie		(auch pharmaceutische Abteilung)	Klybeckstrasse 151	Basel	3294	1907	77	telefonbuch_157	PTT-Archiv, P-260-1_Basel_1907	Basel
Gesellschaft für Holzstoffbereitung			Sternengässlein 17	Basel	2128	1907	77	telefonbuch_157	PTT-Archiv, P-260-1_Basel_1907	Basel
Gesellschaft zum Löwenfels			Steinenvorstadt 36	Basel	2508	1907	77	telefonbuch_157	PTT-Archiv, P-260-1_Basel_1907	Basel
Gesellschaft für Malzfabrikation			Margarethenstr. 35	Basel	2437	1907	77	telefonbuch_157	PTT-Archiv, P-260-1_Basel_1907	Basel
Gesellschaft für Papierindustrie			Leonhardstr. 29/31	Basel	3001	1907	78	telefonbuch_158	PTT-Archiv, P-260-1_Basel_1907	Basel
Gesellschaft zum Wettsteinhof			Claragraben 43	Basel	3803	1907	78	telefonbuch_158	PTT-Archiv, P-260-1_Basel_1907	Basel
Gessler	Andreas		Obere Rheingasse 7	Basel	1166	1907	78	telefonbuch_158	PTT-Archiv, P-260-1_Basel_1907	Basel
Gessler	Hans	Metzgermeister	Steinenvorstadt 69	Basel	2211	1907	78	telefonbuch_158	PTT-Archiv, P-260-1_Basel_1907	Basel
Gessler	Hans	Metzgermeister	Solothurnerstr. 57	Basel	147	1907	78	telefonbuch_158	PTT-Archiv, P-260-1_Basel_1907	Basel
Gessler-Herzog	C. A.		Leimenstrasse 45	Basel	2978	1907	78	telefonbuch_158	PTT-Archiv, P-260-1_Basel_1907	Basel
Gessler	Leonhard		Petersgraben 45	Basel	1496	1907	78	telefonbuch_158	PTT-Archiv, P-260-1_Basel_1907	Basel
Gessler-Plattner	E.	Wwe.	Angensteinerstr. 33	Basel	3546	1907	78	telefonbuch_158	PTT-Archiv, P-260-1_Basel_1907	Basel
Gessler-Sänger	Hans	Malermeister	Steinenvorstadt 56	Basel	2219	1907	78	telefonbuch_158	PTT-Archiv, P-260-1_Basel_1907	Basel
Gessler-Vonkilch	K. U.	Wwe.	Schützengraben 15	Basel	3037	1907	78	telefonbuch_158	PTT-Archiv, P-260-1_Basel_1907	Basel
Gessler	Wilhelm	Bettwarenhandlung	Gerbergasse 55	Basel	2192	1907	78	telefonbuch_158	PTT-Archiv, P-260-1_Basel_1907	Basel
Gessler-Horner	Wilhelm		Rütlistrasse 41	Basel	800	1907	78	telefonbuch_158	PTT-Archiv, P-260-1_Basel_1907	Basel
Gétaz-Rychen	Ls.	Fuhrhalter	Allschwilerstrasse 65	Basel	930	1907	78	telefonbuch_158	PTT-Archiv, P-260-1_Basel_1907	Basel
Geugelin	Georg		Clarastrasse 44	Basel	3709	1907	78	telefonbuch_158	PTT-Archiv, P-260-1_Basel_1907	Basel
Gewerbebank Basel			Theaterstrasse 22	Basel	1018	1907	78	telefonbuch_158	PTT-Archiv, P-260-1_Basel_1907	Basel
Gewerbebank Basel		Börse	Börse	Basel	3142	1907	78	telefonbuch_158	PTT-Archiv, P-260-1_Basel_1907	Basel
Gewerbehalle			Spalenvorstadt 14	Basel	1335	1907	78	telefonbuch_158	PTT-Archiv, P-260-1_Basel_1907	Basel
Gewerbe-Inspektorat			Rathaus	Basel	137	1907	78	telefonbuch_158	PTT-Archiv, P-260-1_Basel_1907	Basel
Gewerbemuseum			Spalenvorstadt 2	Basel	2611	1907	78	telefonbuch_158	PTT-Archiv, P-260-1_Basel_1907	Basel
Gewerbeschule		allgemeine	Petersgraben 52	Basel	2644	1907	78	telefonbuch_158	PTT-Archiv, P-260-1_Basel_1907	Basel
Geymüller	P.		Spitalstrasse 40	Basel	1664	1907	78	telefonbuch_158	PTT-Archiv, P-260-1_Basel_1907	Basel
Giauque	E.	Baumeister	Claragraben 139	Basel	36	1907	78	telefonbuch_158	PTT-Archiv, P-260-1_Basel_1907	Basel
Gilg-Keller	E.		Sperrstrasse 108	Basel	608	1907	78	telefonbuch_158	PTT-Archiv, P-260-1_Basel_1907	Basel
Ginsbourger-Wahl	Lucie	Wwe.	Leonhardsgraben 12	Basel	1029	1907	78	telefonbuch_158	PTT-Archiv, P-260-1_Basel_1907	Basel
Gintzburger	R.	& fils, Holzhandlung (Vertr.: N. Valentin)	Spalenring 18	Basel	3513	1907	78	telefonbuch_158	PTT-Archiv, P-260-1_Basel_1907	Basel
Gisi	Hans		Oetlingerstrasse 80	Basel	2692	1907	78	telefonbuch_158	PTT-Archiv, P-260-1_Basel_1907	Basel
Gisler	Gideon	Dr.	Farnsburgerstr. 37	Basel	1177	1907	78	telefonbuch_158	PTT-Archiv, P-260-1_Basel_1907	Basel
Giss-Leberth	W.		Sandgrubenweg 2	Basel	3515	1907	78	telefonbuch_158	PTT-Archiv, P-260-1_Basel_1907	Basel
Glaser-Fichter	Wilh.		Kartausgasse 11	Basel	3382	1907	78	telefonbuch_158	PTT-Archiv, P-260-1_Basel_1907	Basel
Glaser	Friedr.	Söhne	Freiestrasse 52	Basel	1154	1907	78	telefonbuch_158	PTT-Archiv, P-260-1_Basel_1907	Basel
Glaser	Friedr.	Söhne, Bureau und Wohnung	Freiestrasse 52	Basel	1956	1907	78	telefonbuch_158	PTT-Archiv, P-260-1_Basel_1907	Basel
Glaser-Haag	J.	Bäckermeister	Sempacherstrasse 10	Basel	3649	1907	78	telefonbuch_158	PTT-Archiv, P-260-1_Basel_1907	Basel
Glaser-Johannes	Wilh.		Grenzacherstr. 140	Basel	3188	1907	78	telefonbuch_158	PTT-Archiv, P-260-1_Basel_1907	Basel
Glaser	Ignaz		Marktplatz 31	Basel	1607	1907	78	telefonbuch_158	PTT-Archiv, P-260-1_Basel_1907	Basel
Glättli	Jacques	& Co.	Heumattstrasse 3	Basel	2238	1907	78	telefonbuch_158	PTT-Archiv, P-260-1_Basel_1907	Basel
Glättli-Iberg	H.		Holbeinstrasse 12	Basel	2909	1907	78	telefonbuch_158	PTT-Archiv, P-260-1_Basel_1907	Basel
Glättli	M.	jr.	Claragraben 82	Basel	3474	1907	78	telefonbuch_158	PTT-Archiv, P-260-1_Basel_1907	Basel
Glaus-Gemuseus	Alfred		Steinenring 11	Basel	3534	1907	78	telefonbuch_158	PTT-Archiv, P-260-1_Basel_1907	Basel
Glenck	Carl		Clarastrasse 39	Basel	3509	1907	78	telefonbuch_158	PTT-Archiv, P-260-1_Basel_1907	Basel
von Glenck	Hugo		Grellingerstrasse 81	Basel	3954	1907	78	telefonbuch_158	PTT-Archiv, P-260-1_Basel_1907	Basel
Gloor	Fritz	& Co., Weinhandlung	Güterstrasse 210	Basel	3743	1907	78	telefonbuch_158	PTT-Archiv, P-260-1_Basel_1907	Basel
Gloor	Else	Frau	Socinstrasse 62	Basel	941	1907	78	telefonbuch_158	PTT-Archiv, P-260-1_Basel_1907	Basel
Glor-Haas	Joh.		Weiherweg 62	Basel	954	1907	78	telefonbuch_158	PTT-Archiv, P-260-1_Basel_1907	Basel
Gnöpff	Carl		Leonhardsgraben 32	Basel	2750	1907	78	telefonbuch_158	PTT-Archiv, P-260-1_Basel_1907	Basel
Göber-Roser	Berthold	Schreinermeister	Solothurnerstr. 69	Basel	378	1907	78	telefonbuch_158	PTT-Archiv, P-260-1_Basel_1907	Basel
Goldene Apotheke von Dr. H. & P. Geiger			Rüdengasse 1	Basel	1075	1907	78	telefonbuch_158	PTT-Archiv, P-260-1_Basel_1907	Basel
Goldene Apotheke von Dr. H. & P. Geiger		Laboratorium	St. Johannvorst. 20	Basel	123	1907	78	telefonbuch_158	PTT-Archiv, P-260-1_Basel_1907	Basel
Goldfuss-Wohnlich	R.	Wwe.	Steinengraben 42	Basel	3174	1907	78	telefonbuch_158	PTT-Archiv, P-260-1_Basel_1907	Basel
Goldinger-Dunkel	L.	Konditor	Ryffstrasse 2	Basel	1637	1907	78	telefonbuch_158	PTT-Archiv, P-260-1_Basel_1907	Basel
Goldschmidt	Samuel		Burgfelderstrasse 3	Basel	1713	1907	79	telefonbuch_159	PTT-Archiv, P-260-1_Basel_1907	Basel
Goldschmidt	Siegfried		Murtengasse 9	Basel	2797	1907	79	telefonbuch_159	PTT-Archiv, P-260-1_Basel_1907	Basel
Gollrad	J.	Kunst- und Bauschlosserei	Steinenthörstr. 16	Basel	612	1907	79	telefonbuch_159	PTT-Archiv, P-260-1_Basel_1907	Basel
Gondrand frères S. A.			Elisabethenstr. 85	Basel	4253	1907	79	telefonbuch_159	PTT-Archiv, P-260-1_Basel_1907	Basel
Gondrand frères S. A.		Güterbahnhof	St. Jakobstrasse	Basel	4207	1907	79	telefonbuch_159	PTT-Archiv, P-260-1_Basel_1907	Basel
Gondrand frères S. A.			Bad. Güterbahnhof	Basel	4427	1907	79	telefonbuch_159	PTT-Archiv, P-260-1_Basel_1907	Basel
Gönner	Alfred	Dr. med.	St. Albananlage 19	Basel	4161	1907	79	telefonbuch_159	PTT-Archiv, P-260-1_Basel_1907	Basel
von Gonten	W.	Direktor der ersten Actienbrennerei Basel	Margarethenstr. 59	Basel	2384	1907	79	telefonbuch_159	PTT-Archiv, P-260-1_Basel_1907	Basel
Goepfert-Huber	Alb.	Gypsermeister	Herrengrabenweg 46	Basel	3329	1907	79	telefonbuch_159	PTT-Archiv, P-260-1_Basel_1907	Basel
Goppelsroeder-LaRoche	Friedr.	Prof. Dr.	Leimenstrasse 51	Basel	3265	1907	79	telefonbuch_159	PTT-Archiv, P-260-1_Basel_1907	Basel
Göricke	Aug.	Vertreter A. Dewald	Steinenvorstadt 23	Basel	240	1907	79	telefonbuch_159	PTT-Archiv, P-260-1_Basel_1907	Basel
Gossauer	A. & E.		Holbeinstrasse 95	Basel	4072	1907	79	telefonbuch_159	PTT-Archiv, P-260-1_Basel_1907	Basel
Goetschel	Armand		Falknerstrasse 1	Basel	1982	1907	79	telefonbuch_159	PTT-Archiv, P-260-1_Basel_1907	Basel
Götschel		Gebrüder	Schützenmattstr. 53	Basel	2705	1907	79	telefonbuch_159	PTT-Archiv, P-260-1_Basel_1907	Basel
Götschel	Léon		Gerbergasse 42	Basel	3093	1907	79	telefonbuch_159	PTT-Archiv, P-260-1_Basel_1907	Basel
Götschel	S.		Feierabendstrasse 53	Basel	3158	1907	79	telefonbuch_159	PTT-Archiv, P-260-1_Basel_1907	Basel
Gotthelfeldschulhaus			Gotthelfplatz	Basel	229	1907	79	telefonbuch_159	PTT-Archiv, P-260-1_Basel_1907	Basel
Göttisheim	Dr. E.	Advokat, Bureau	Greifengasse 28	Basel	1244	1907	79	telefonbuch_159	PTT-Archiv, P-260-1_Basel_1907	Basel
Göttisheim	Dr. E.	Wohnung	Unt. Rheinweg 116	Basel	1604	1907	79	telefonbuch_159	PTT-Archiv, P-260-1_Basel_1907	Basel
Göttisheim, Dr. E., & Börlin, Dr. W.		Advokatur- und Notariatsbureau	Greifengasse 28	Basel	1244	1907	79	telefonbuch_159	PTT-Archiv, P-260-1_Basel_1907	Basel
Göttisheim	Emanuel	Schlosser	Hebelstrasse 77	Basel	1492	1907	79	telefonbuch_159	PTT-Archiv, P-260-1_Basel_1907	Basel
Gottstein-Scherrer	Jos.	Wirt	Burgfelderstrasse 1	Basel	814	1907	79	telefonbuch_159	PTT-Archiv, P-260-1_Basel_1907	Basel
Goetz	J. Ch.	Hotel Bayerischer Hof und Restaurant Hallauerhof	Hammerstrasse 61	Basel	139	1907	79	telefonbuch_159	PTT-Archiv, P-260-1_Basel_1907	Basel
Goetz	Karl	Lederhandlung	Ob. Rheingasse 17	Basel	495	1907	79	telefonbuch_159	PTT-Archiv, P-260-1_Basel_1907	Basel
Goetz-Straub	Georg	Spenglermeister	Friedrichstrasse 17	Basel	253	1907	79	telefonbuch_159	PTT-Archiv, P-260-1_Basel_1907	Basel
Götzinger	E. J.	Hôtel Schweizerhof	Centralbahnplatz 1	Basel	2225	1907	79	telefonbuch_159	PTT-Archiv, P-260-1_Basel_1907	Basel
Graber-Würgler	Frau M.		Burgunderstrasse 29	Basel	409	1907	79	telefonbuch_159	PTT-Archiv, P-260-1_Basel_1907	Basel
Graf	Arnold	Spenglermeister	Jurastrasse 4	Basel	3768	1907	79	telefonbuch_159	PTT-Archiv, P-260-1_Basel_1907	Basel
Grand Café Métropole (K. Fischer)			Barfüsserplatz 3	Basel	2048	1907	79	telefonbuch_159	PTT-Archiv, P-260-1_Basel_1907	Basel
Grand Hôtel (Univers)		Aktiengesellschaft	Centralbahnstr. 7	Basel	899	1907	79	telefonbuch_159	PTT-Archiv, P-260-1_Basel_1907	Basel
Gräslin-Keller	J.	Holzhandlung	Bahnhofstrasse 121	Basel	3449	1907	79	telefonbuch_159	PTT-Archiv, P-260-1_Basel_1907	Basel
Gräter	Hermann		Luftgässlein 3	Basel	1376	1907	79	telefonbuch_159	PTT-Archiv, P-260-1_Basel_1907	Basel
Grathwol	Joh.	Wirt	Zürcherstrasse 111	Basel	777	1907	79	telefonbuch_159	PTT-Archiv, P-260-1_Basel_1907	Basel
Grauwyler-Ammann	J. J.	Metzger	Kaufhausgasse 2	Basel	1833	1907	79	telefonbuch_159	PTT-Archiv, P-260-1_Basel_1907	Basel
Grauwyler-Ammann	J. J.	Stallung	Baumgartenweg 7	Basel	2283	1907	79	telefonbuch_159	PTT-Archiv, P-260-1_Basel_1907	Basel
Grauwyler	Aug.		Austrasse 35	Basel	1775	1907	79	telefonbuch_159	PTT-Archiv, P-260-1_Basel_1907	Basel
Grauwyler	Jakob	Sohn, Metzger	Freiestrasse 63	Basel	1043	1907	79	telefonbuch_159	PTT-Archiv, P-260-1_Basel_1907	Basel
Grenacher-Dörflinger	C.	Malermeister	Drahtzugstrasse 53	Basel	3483	1907	79	telefonbuch_159	PTT-Archiv, P-260-1_Basel_1907	Basel
Grenouillet-Riedtmann	Frau E.		Freiestrasse 5	Basel	1033	1907	79	telefonbuch_159	PTT-Archiv, P-260-1_Basel_1907	Basel
Greppin-Mäglin	E.		Riehenstrasse 65	Basel	3705	1907	79	telefonbuch_159	PTT-Archiv, P-260-1_Basel_1907	Basel
Grether	Emil	Architekt	Laufenstrasse 41	Basel	2099	1907	79	telefonbuch_159	PTT-Archiv, P-260-1_Basel_1907	Basel
Grether-Gautschy	Wwe. E.	Spenglergeschäft	Feldbergstrasse 39	Basel	3376	1907	79	telefonbuch_159	PTT-Archiv, P-260-1_Basel_1907	Basel
Grether	K.	Wäscherei und Glätterei	Jurastrasse 18	Basel	3892	1907	79	telefonbuch_159	PTT-Archiv, P-260-1_Basel_1907	Basel
Grether-Müller	Reinh.	Schreiner	Amerbachstrasse 51	Basel	3342	1907	79	telefonbuch_159	PTT-Archiv, P-260-1_Basel_1907	Basel
Greulich-Langbein	Friedr.		Klybeckstrasse 240	Basel	387	1907	79	telefonbuch_159	PTT-Archiv, P-260-1_Basel_1907	Basel
Grieder	Emanuel	Bau- und Kunstschlosserei	Klingelbergstr. 27	Basel	1499	1907	79	telefonbuch_159	PTT-Archiv, P-260-1_Basel_1907	Basel
Grieder	Hermann	Wohnung	Güterstrasse 76	Basel	742	1907	79	telefonbuch_159	PTT-Archiv, P-260-1_Basel_1907	Basel
Grieder & Messmer		sanitäre Einrichtungen	Güterstrasse 79	Basel	4407	1907	80	telefonbuch_160	PTT-Archiv, P-260-1_Basel_1907	Basel
Grimm	Robert	Spedition	Tellstrasse 23	Basel	2224	1907	80	telefonbuch_160	PTT-Archiv, P-260-1_Basel_1907	Basel
Grimm	Robert	Arbeitersekretär	Blumenrain 5	Basel	1656	1907	80	telefonbuch_160	PTT-Archiv, P-260-1_Basel_1907	Basel
Grisard	G		Freiestrasse 39	Basel	1886	1907	80	telefonbuch_160	PTT-Archiv, P-260-1_Basel_1907	Basel
Groener & Co.			Leonhardstrasse 18	Basel	3023	1907	80	telefonbuch_160	PTT-Archiv, P-260-1_Basel_1907	Basel
Grogg-Wetzstein	S.	Weine und Spirituosen	Schilerstrasse 20	Basel	4508	1907	80	telefonbuch_160	PTT-Archiv, P-260-1_Basel_1907	Basel
Grosheintz	Alb.	Dr., Ohrenarzt	Socinstrasse 1a	Basel	2297	1907	80	telefonbuch_160	PTT-Archiv, P-260-1_Basel_1907	Basel
Grosheintz	E.	Dr., Zahnarzt	Holbeinstrasse 55	Basel	3077	1907	80	telefonbuch_160	PTT-Archiv, P-260-1_Basel_1907	Basel
Grosshardt-Hiltpolt	M.		Farnsburgerstr. 61	Basel	4499	1907	80	telefonbuch_160	PTT-Archiv, P-260-1_Basel_1907	Basel
Grossmann		Gebrüder	Elisabethenstr. 15	Basel	2326	1907	80	telefonbuch_160	PTT-Archiv, P-260-1_Basel_1907	Basel
Grossmann	Paul	elektrotechn. Installationsgeschäft	Leimenstrasse 68	Basel	1720	1907	80	telefonbuch_160	PTT-Archiv, P-260-1_Basel_1907	Basel
Grossmann-Simon	Rudolf		Malzgasse 24	Basel	3624	1907	80	telefonbuch_160	PTT-Archiv, P-260-1_Basel_1907	Basel
Grossmann-Stähelin	Rudolf		Sevogelstrasse 81	Basel	3686	1907	80	telefonbuch_160	PTT-Archiv, P-260-1_Basel_1907	Basel
Grossmann-Stoll	H.	Wwe.	Sonnenweg 14	Basel	1916	1907	80	telefonbuch_160	PTT-Archiv, P-260-1_Basel_1907	Basel
Grossratssaal			Rathaus	Basel	1680	1907	80	telefonbuch_160	PTT-Archiv, P-260-1_Basel_1907	Basel
Grossratssaal		Journalistentribüne	Rathaus	Basel	1035	1907	80	telefonbuch_160	PTT-Archiv, P-260-1_Basel_1907	Basel
Grotzinger	Stephan	Glaser	Oetlingerstrasse 65	Basel	364	1907	80	telefonbuch_160	PTT-Archiv, P-260-1_Basel_1907	Basel
Grumbacher	J.		Nadelberg 23	Basel	1541	1907	80	telefonbuch_160	PTT-Archiv, P-260-1_Basel_1907	Basel
Grunauer	Adolf	Bureau	Petersplatz 4	Basel	2637	1907	80	telefonbuch_160	PTT-Archiv, P-260-1_Basel_1907	Basel
Grunauer	Adolf	Lagerplatz	Dreispitz	Basel	3977	1907	80	telefonbuch_160	PTT-Archiv, P-260-1_Basel_1907	Basel
Grunauer	Aug.	Hutmacher	Gerbergasse 18	Basel	425	1907	80	telefonbuch_160	PTT-Archiv, P-260-1_Basel_1907	Basel
Grunauer	H.	Aelteste Basler Drechslerwarenfabrik	Vogesenstrasse 31	Basel	765	1907	80	telefonbuch_160	PTT-Archiv, P-260-1_Basel_1907	Basel
Grunauer	H.	Laden	Hutgasse 16	Basel	1431	1907	80	telefonbuch_160	PTT-Archiv, P-260-1_Basel_1907	Basel
Grunauer-Schaffner	Louise	Wwe.	Spalenring 121	Basel	404	1907	80	telefonbuch_160	PTT-Archiv, P-260-1_Basel_1907	Basel
Grundbuchgeometerbureau		Domhof	Münsterplatz 12	Basel	1812	1907	80	telefonbuch_160	PTT-Archiv, P-260-1_Basel_1907	Basel
Grundbuchverwaltung und Handelsregister		Domhof	Münsterplatz 12	Basel	1766	1907	80	telefonbuch_160	PTT-Archiv, P-260-1_Basel_1907	Basel
Grüneisen	Ed.	Bankdirektor	Schärtlingasse 6	Basel	2543	1907	80	telefonbuch_160	PTT-Archiv, P-260-1_Basel_1907	Basel
Gruner-His	A. K.	Frau	Nauenstrasse 9	Basel	2197	1907	80	telefonbuch_160	PTT-Archiv, P-260-1_Basel_1907	Basel
Gruner-Kern	H. E.		Maiengasse 58	Basel	3746	1907	80	telefonbuch_160	PTT-Archiv, P-260-1_Basel_1907	Basel
Grüninger-Bischoff	Rob.	Dr.	Burgunderstrasse 32	Basel	3619	1907	80	telefonbuch_160	PTT-Archiv, P-260-1_Basel_1907	Basel
Grüninger	Ernst	Sägewerk	Riehenstrasse 360	Basel	675	1907	80	telefonbuch_160	PTT-Archiv, P-260-1_Basel_1907	Basel
Grüninger	R.	Fuhrhalter	Hammerstrasse 158	Basel	3406	1907	80	telefonbuch_160	PTT-Archiv, P-260-1_Basel_1907	Basel
Grüninger & VonderMühll			Freiestrasse 31	Basel	1156	1907	80	telefonbuch_160	PTT-Archiv, P-260-1_Basel_1907	Basel
Grütliverein Gross-Basel			Nadelberg 13	Basel	738	1907	80	telefonbuch_160	PTT-Archiv, P-260-1_Basel_1907	Basel
Gschlecht	Wilh.	Bierhalle (Brauerei Warteck)	Heumattstrasse 25	Basel	3938	1907	80	telefonbuch_160	PTT-Archiv, P-260-1_Basel_1907	Basel
Güdemann	Fritz		Sempacherstrasse 7	Basel	408	1907	80	telefonbuch_160	PTT-Archiv, P-260-1_Basel_1907	Basel
Gugel-Meyn	K.	Buchdruckerei	Klarastrasse 55	Basel	4516	1907	80	telefonbuch_160	PTT-Archiv, P-260-1_Basel_1907	Basel
Gugel-Weber		Fr., american Bar	Eisengasse 26	Basel	1340	1907	80	telefonbuch_160	PTT-Archiv, P-260-1_Basel_1907	Basel
Guggenbühl	Charles		Utengasse 3	Basel	1385	1907	80	telefonbuch_160	PTT-Archiv, P-260-1_Basel_1907	Basel
Guggenbühl-Merian	H.		Freiestrasse 70	Basel	190	1907	80	telefonbuch_160	PTT-Archiv, P-260-1_Basel_1907	Basel
Guggenheim	A. H.		Gartenstrasse 109	Basel	2178	1907	80	telefonbuch_160	PTT-Archiv, P-260-1_Basel_1907	Basel
Guggenheim		Constant, & Co.	Elisabethenstr. 56	Basel	2248	1907	80	telefonbuch_160	PTT-Archiv, P-260-1_Basel_1907	Basel
Guggenheim-Dreyfus	Emil		Arnold Böcklinstr. 15	Basel	4512	1907	80	telefonbuch_160	PTT-Archiv, P-260-1_Basel_1907	Basel
Guggenheim		Jacques, & Co.	Güterstrasse 218	Basel	4064	1907	80	telefonbuch_160	PTT-Archiv, P-260-1_Basel_1907	Basel
Guggenheim-Lauchheimer	D.		Gerbergasse 56	Basel	413	1907	80	telefonbuch_160	PTT-Archiv, P-260-1_Basel_1907	Basel
Guggenheim	Moritz		Missionsstrasse 4	Basel	3025	1907	80	telefonbuch_160	PTT-Archiv, P-260-1_Basel_1907	Basel
Guggenheim-Reichenbach	Herm.		Nauenstrasse 37	Basel	2178	1907	80	telefonbuch_160	PTT-Archiv, P-260-1_Basel_1907	Basel
Guggenheim	Sigmund		Binningerstrasse 9	Basel	1768	1907	80	telefonbuch_160	PTT-Archiv, P-260-1_Basel_1907	Basel
Guidi-Schlageter	Carl	Eishandlung	Greifengasse 35	Basel	3283	1907	80	telefonbuch_160	PTT-Archiv, P-260-1_Basel_1907	Basel
Gundoldinger-Casino			Tellstrasse 2	Basel	3992	1907	80	telefonbuch_160	PTT-Archiv, P-260-1_Basel_1907	Basel
Gundoldinger-Schulhaus			Sempacherstrasse 60	Basel	4022	1907	81	telefonbuch_161	PTT-Archiv, P-260-1_Basel_1907	Basel
Günther-Hübner	E.		Hebelstrasse 116	Basel	4210	1907	81	telefonbuch_161	PTT-Archiv, P-260-1_Basel_1907	Basel
Günther-Heiz	Rich.	Schuhmachermeister	Imberggässlein 23	Basel	1540	1907	81	telefonbuch_161	PTT-Archiv, P-260-1_Basel_1907	Basel
Günzburger	Salomon		Schützengraben 11	Basel	2740	1907	81	telefonbuch_161	PTT-Archiv, P-260-1_Basel_1907	Basel
Günzburger & Haas			Claragraben 88/90	Basel	3305	1907	81	telefonbuch_161	PTT-Archiv, P-260-1_Basel_1907	Basel
Günzburger & Wolf			Oetlingerstrasse 75	Basel	2783	1907	81	telefonbuch_161	PTT-Archiv, P-260-1_Basel_1907	Basel
Gürlet	Otto		Binningerstrasse 9	Basel	923	1907	81	telefonbuch_161	PTT-Archiv, P-260-1_Basel_1907	Basel
Gürtler-Hauser	J.	Bildhauer	Burgfelderstrasse 27	Basel	173	1907	81	telefonbuch_161	PTT-Archiv, P-260-1_Basel_1907	Basel
Gürtler	Henri	Gypsermeister	Rudolfstrasse 10	Basel	2839	1907	81	telefonbuch_161	PTT-Archiv, P-260-1_Basel_1907	Basel
Gürtler	J.	vorm. Gebr. Gürtler (Schreinerei)	Thiersteinerallee 85	Basel	2838	1907	81	telefonbuch_161	PTT-Archiv, P-260-1_Basel_1907	Basel
Gusiné	Juan	spanische Weinhalle	Clarastrasse 14	Basel	3719	1907	81	telefonbuch_161	PTT-Archiv, P-260-1_Basel_1907	Basel
Gut	H.	Conditorei	Güterstrasse 96	Basel	294	1907	81	telefonbuch_161	PTT-Archiv, P-260-1_Basel_1907	Basel
Gutekunst	C. E.	elektrotechn. Installationsgesch.	St Johannvorstadt 60	Basel	171	1907	81	telefonbuch_161	PTT-Archiv, P-260-1_Basel_1907	Basel
Gutekunst & Giauque		Baugeschäft	Claragraben 139	Basel	36	1907	81	telefonbuch_161	PTT-Archiv, P-260-1_Basel_1907	Basel
Gutekunst & Meier		Baugeschäft	Falkensteinerstr. 20	Basel	1576	1907	81	telefonbuch_161	PTT-Archiv, P-260-1_Basel_1907	Basel
Gutekunst-Wehrli	J.	Schmiedmeister	Steinenthorstrasse 29	Basel	1804	1907	81	telefonbuch_161	PTT-Archiv, P-260-1_Basel_1907	Basel
Güterexpeditionen		siehe Seite 49		Basel		1907	81	telefonbuch_161	PTT-Archiv, P-260-1_Basel_1907	Basel
Gutknecht	Dr. Fr.	prakt. Arzt	Steinenberg 5	Basel	2578	1907	81	telefonbuch_161	PTT-Archiv, P-260-1_Basel_1907	Basel
Gutknecht-Heinrich	Chs.	Bildhauermeister	Leonhardstrasse 21	Basel	3031	1907	81	telefonbuch_161	PTT-Archiv, P-260-1_Basel_1907	Basel
Gutsmann	B.	Schreinerei	Hegenheimerstr. 26	Basel	4523	1907	81	telefonbuch_161	PTT-Archiv, P-260-1_Basel_1907	Basel
Gutzwiller	C.	& Co.	Gerbergasse 11	Basel	2801	1907	81	telefonbuch_161	PTT-Archiv, P-260-1_Basel_1907	Basel
Gutzwiller, C., & Co.		Börse	Gerbergasse 13	Basel	3143	1907	81	telefonbuch_161	PTT-Archiv, P-260-1_Basel_1907	Basel
Gutzwiller	Dr. H.		Austrasse 14	Basel	2983	1907	81	telefonbuch_161	PTT-Archiv, P-260-1_Basel_1907	Basel
Gutzwiller	F. Xaver		Steinenvortstadt 57	Basel	1558	1907	81	telefonbuch_161	PTT-Archiv, P-260-1_Basel_1907	Basel
Gutzwiller-Meyer	C.		Bundesstrasse 21	Basel	207	1907	81	telefonbuch_161	PTT-Archiv, P-260-1_Basel_1907	Basel
Gysin-Albrecht	Wwe. S.		Elisabethenstr. 67	Basel	2276	1907	81	telefonbuch_161	PTT-Archiv, P-260-1_Basel_1907	Basel
Gysin	Arnold	Direktor d. Basler Strassenbahnen	Socinstrasse 81	Basel	991	1907	81	telefonbuch_161	PTT-Archiv, P-260-1_Basel_1907	Basel
Gysin, Hartmann & Co.			Rümelinbachweg 55	Basel	2484	1907	81	telefonbuch_161	PTT-Archiv, P-260-1_Basel_1907	Basel
Gysin-Hindermann	Wwe. V.		Austrasse 12	Basel	3046	1907	81	telefonbuch_161	PTT-Archiv, P-260-1_Basel_1907	Basel
Gysin-Hindermann, Wwe. V.		"siehe unter ""Arlesheim"""		Basel		1907	81	telefonbuch_161	PTT-Archiv, P-260-1_Basel_1907	Basel
Gysin-Meissner	J. J.		Nonnenweg 15	Basel	2558	1907	81	telefonbuch_161	PTT-Archiv, P-260-1_Basel_1907	Basel
Gysin-Marmier	Wilhelm		Margarethenstr. 73	Basel	4023	1907	81	telefonbuch_161	PTT-Archiv, P-260-1_Basel_1907	Basel
Gysin	Rudolf		Steinenthorst. 14	Basel	2271	1907	81	telefonbuch_161	PTT-Archiv, P-260-1_Basel_1907	Basel
Gysin-Savary	Fr.		Birsigstrasse 102	Basel	368	1907	81	telefonbuch_161	PTT-Archiv, P-260-1_Basel_1907	Basel
Gysin-Schäublin	G.	Dienstmänneranstalt	Bäumleingasse 13	Basel	1729	1907	81	telefonbuch_161	PTT-Archiv, P-260-1_Basel_1907	Basel
Gysin-Schück	Ad.	Spenglermeister	Mattweg 43	Basel	3491	1907	81	telefonbuch_161	PTT-Archiv, P-260-1_Basel_1907	Basel
Gysin & Co.		Schuhwaren en gros	Elisabethenstr. 41	Basel	2009	1907	81	telefonbuch_161	PTT-Archiv, P-260-1_Basel_1907	Basel
Gysin & Maisenhölder		C. Keckeis Nachfolger	Clarahofweg 5	Basel	3630	1907	81	telefonbuch_161	PTT-Archiv, P-260-1_Basel_1907	Basel
Haag	Fritz	Schmiedmeister	St. Albanvorstadt 76	Basel	812	1907	81	telefonbuch_161	PTT-Archiv, P-260-1_Basel_1907	Basel
Haag-Höhn	L.		Nauenstrasse 39	Basel	2149	1907	81	telefonbuch_161	PTT-Archiv, P-260-1_Basel_1907	Basel
Haagen	Dr.		Langegasse 37	Basel	1082	1907	81	telefonbuch_161	PTT-Archiv, P-260-1_Basel_1907	Basel
Haas	Anton		Gartenstrasse 60	Basel	195	1907	81	telefonbuch_161	PTT-Archiv, P-260-1_Basel_1907	Basel
Haas-Bernheim	Raphael		Steinenring 4	Basel	995	1907	81	telefonbuch_161	PTT-Archiv, P-260-1_Basel_1907	Basel
Haas		Gebrüder	Leimenstrasse 24	Basel	2833	1907	81	telefonbuch_161	PTT-Archiv, P-260-1_Basel_1907	Basel
Haas-Moch	Wwe.		Petersgraben 73	Basel	2596	1907	81	telefonbuch_161	PTT-Archiv, P-260-1_Basel_1907	Basel
Haas	Otto	Installationsgeschäft	Bahnhofstrasse 7	Basel	1012	1907	81	telefonbuch_161	PTT-Archiv, P-260-1_Basel_1907	Basel
Haas'sche Schriftgiesserei		Inh. M. Krayer & Cie.	Holbeinstrasse 35	Basel	3055	1907	81	telefonbuch_161	PTT-Archiv, P-260-1_Basel_1907	Basel
Haasenstein & Vogler		(L. Treu), Bureau	Gerbergasse 38	Basel	3065	1907	81	telefonbuch_161	PTT-Archiv, P-260-1_Basel_1907	Basel
Haasenstein & Vogler		(L. Treu), Wohnung	Maiengasse 64	Basel	1467	1907	81	telefonbuch_161	PTT-Archiv, P-260-1_Basel_1907	Basel
Haass	Th.	(Wohnung)	Elisabethenstr. 85	Basel	3821	1907	82	telefonbuch_162	PTT-Archiv, P-260-1_Basel_1907	Basel
Habé-Ott	Jos.	Restaurateur	Heumattstrasse 5	Basel	2257	1907	82	telefonbuch_162	PTT-Archiv, P-260-1_Basel_1907	Basel
Haberbusch	Joh.		Ochsengasse 9	Basel	1580	1907	82	telefonbuch_162	PTT-Archiv, P-260-1_Basel_1907	Basel
Haberthür-Rogenmoser	A.	Wirt	Spalenberg 21	Basel	2360	1907	82	telefonbuch_162	PTT-Archiv, P-260-1_Basel_1907	Basel
Haberthür	Seb.	Gypsermeister	Frobenstrasse 10	Basel	2454	1907	82	telefonbuch_162	PTT-Archiv, P-260-1_Basel_1907	Basel
Habisreitinger	Wilh.	Schweinehändler	St. Johannsplatz 27	Basel	1629	1907	82	telefonbuch_162	PTT-Archiv, P-260-1_Basel_1907	Basel
Haefelfinger-Baumgartner	Hans		Rütimeyerstrasse 41	Basel	3856	1907	82	telefonbuch_162	PTT-Archiv, P-260-1_Basel_1907	Basel
Haefelfinger-Urech	Frau A.		Friedensgasse 72	Basel	1446	1907	82	telefonbuch_162	PTT-Archiv, P-260-1_Basel_1907	Basel
Haefely	Emil	(Fabrik)	Laufenstrasse 5	Basel	4510	1907	82	telefonbuch_162	PTT-Archiv, P-260-1_Basel_1907	Basel
Haefely	Emil	(Wohnung)	Pilgerstrasse 29	Basel	4525	1907	82	telefonbuch_162	PTT-Archiv, P-260-1_Basel_1907	Basel
Haefliger	Kaspar	Metzger	Hüningerstrasse 82	Basel	3415	1907	82	telefonbuch_162	PTT-Archiv, P-260-1_Basel_1907	Basel
Hagenbach-Bischoff	Ed.	Prof. Dr.	Missionsstrasse 20	Basel	2631	1907	82	telefonbuch_162	PTT-Archiv, P-260-1_Basel_1907	Basel
Hagenbach-Burckhardt	E.	Prof. Dr.	Leimenstrasse 12	Basel	2826	1907	82	telefonbuch_162	PTT-Archiv, P-260-1_Basel_1907	Basel
Hagenbach	Ernst	Dr., Arzt	Schützenmattstr. 51	Basel	4461	1907	82	telefonbuch_162	PTT-Archiv, P-260-1_Basel_1907	Basel
Hagenbach	Karl	Dr.	Steinengraben 75	Basel	2560	1907	82	telefonbuch_162	PTT-Archiv, P-260-1_Basel_1907	Basel
Hagenbach - Von der Mühll	Hans	Dr.	Petersgraben 27	Basel	282	1907	82	telefonbuch_162	PTT-Archiv, P-260-1_Basel_1907	Basel
Hagens-Wölfflin	B. F.		Elisabethenstr. 38	Basel	2398	1907	82	telefonbuch_162	PTT-Archiv, P-260-1_Basel_1907	Basel
Hägi-Huber	J.		Amerbachstrasse 66	Basel	730	1907	82	telefonbuch_162	PTT-Archiv, P-260-1_Basel_1907	Basel
Hagist	Fritz	Wein und Spirituosen	Grünpfahlgässlein 5	Basel	3015	1907	82	telefonbuch_162	PTT-Archiv, P-260-1_Basel_1907	Basel
Hägler-à Wengen	Adolf	Dr.	Peter Merianstr. 19	Basel	2263	1907	82	telefonbuch_162	PTT-Archiv, P-260-1_Basel_1907	Basel
Hägler-Gutzwiller	Adolf	Dr.	Elisabethenanlage 43	Basel	2240	1907	82	telefonbuch_162	PTT-Archiv, P-260-1_Basel_1907	Basel
Haegler-Passavant	C.	Prof.	Petersgraben 1a	Basel	1542	1907	82	telefonbuch_162	PTT-Archiv, P-260-1_Basel_1907	Basel
Haegler-Passavant	C.	Klinik und Sprechstunde	Petersgraben 11	Basel	1702	1907	82	telefonbuch_162	PTT-Archiv, P-260-1_Basel_1907	Basel
Hahn-Schmidter	Daniel		Hagenthalerstr. 45	Basel	4221	1907	82	telefonbuch_162	PTT-Archiv, P-260-1_Basel_1907	Basel
Haldimann	G.	z. Sevogelgarten (Gebr. Dietrich)	Hardstrasse 62	Basel	609	1907	82	telefonbuch_162	PTT-Archiv, P-260-1_Basel_1907	Basel
Halff	J.	& Co.	Hutgasse 15	Basel	2789	1907	82	telefonbuch_162	PTT-Archiv, P-260-1_Basel_1907	Basel
Hallauer	O.	Dr med. (s. auch unter Privatklinik)	Spalenring 147	Basel	2916	1907	82	telefonbuch_162	PTT-Archiv, P-260-1_Basel_1907	Basel
Haller-Bolliger	J.	Mineralwasserfabrik	Hegenheimerstr. 135	Basel	1138	1907	82	telefonbuch_162	PTT-Archiv, P-260-1_Basel_1907	Basel
Haller	Otto		Feierabendstr. 69	Basel	2881	1907	82	telefonbuch_162	PTT-Archiv, P-260-1_Basel_1907	Basel
Haller	V.	Söhne	Engelgasse 93	Basel	3972	1907	82	telefonbuch_162	PTT-Archiv, P-260-1_Basel_1907	Basel
Haller-Willig	J.	Fuhrhalter	Güterstrasse 97	Basel	398	1907	82	telefonbuch_162	PTT-Archiv, P-260-1_Basel_1907	Basel
Hamburg-Amerika-Linie		(Bronner & Co.)	Nauenstrasse 1	Basel	2877	1907	82	telefonbuch_162	PTT-Archiv, P-260-1_Basel_1907	Basel
Hammond Typewriter			Aeschenvorstadt 51	Basel	346	1907	82	telefonbuch_162	PTT-Archiv, P-260-1_Basel_1907	Basel
Handelsbank, Basler			Freiestrasse 96	Basel	1962	1907	82	telefonbuch_162	PTT-Archiv, P-260-1_Basel_1907	Basel
Handelsbank, Basler		Dieselbe	Freiestrasse 96	Basel	1955	1907	82	telefonbuch_162	PTT-Archiv, P-260-1_Basel_1907	Basel
Handelsbank, Basler		Dieselbe	Freiestrasse 96	Basel	103	1907	82	telefonbuch_162	PTT-Archiv, P-260-1_Basel_1907	Basel
Handelsbank, Basler		Dieselbe	Freiestrasse 96	Basel	104	1907	82	telefonbuch_162	PTT-Archiv, P-260-1_Basel_1907	Basel
Handelsbank, Basler		Dieselbe, Börse	Postgebäude	Basel	3152	1907	82	telefonbuch_162	PTT-Archiv, P-260-1_Basel_1907	Basel
Handelsbank, Basler		Dieselbe, Börse	Postgebäude	Basel	3186	1907	82	telefonbuch_162	PTT-Archiv, P-260-1_Basel_1907	Basel
Handelsbank, Basler		Dieselbe, Börse	Postgebäude	Basel	102	1907	82	telefonbuch_162	PTT-Archiv, P-260-1_Basel_1907	Basel
Handelsbank, Basler		Dieselbe, Wechselstube	Freiestrasse 90	Basel	1995	1907	82	telefonbuch_162	PTT-Archiv, P-260-1_Basel_1907	Basel
Handelskammer Basel			Gerbergasse 93	Basel	2029	1907	82	telefonbuch_162	PTT-Archiv, P-260-1_Basel_1907	Basel
Handelsregister		Domhof	Münsterplatz 12	Basel	1766	1907	82	telefonbuch_162	PTT-Archiv, P-260-1_Basel_1907	Basel
Handelsschule			Kohlenberg 13	Basel	2488	1907	82	telefonbuch_162	PTT-Archiv, P-260-1_Basel_1907	Basel
Handelszeitung, Neue Basler			Marktgasse 24	Basel	2131	1907	82	telefonbuch_162	PTT-Archiv, P-260-1_Basel_1907	Basel
Handmann	Rud.	Pfarrer	Langegasse 21	Basel	3873	1907	82	telefonbuch_162	PTT-Archiv, P-260-1_Basel_1907	Basel
Handschin	Walter	Dr., Arzt	Austrasse 108	Basel	4234	1907	82	telefonbuch_162	PTT-Archiv, P-260-1_Basel_1907	Basel
Handschin	J.	Armaturenfabrik	Dornacherstrasse 146	Basel	3764	1907	82	telefonbuch_162	PTT-Archiv, P-260-1_Basel_1907	Basel
Handschin-Stohler	Hans		Hutgasse 2	Basel	3748	1907	82	telefonbuch_162	PTT-Archiv, P-260-1_Basel_1907	Basel
Handwerkerbank Basel			St. Albangraben 1	Basel	2020	1907	83	telefonbuch_163	PTT-Archiv, P-260-1_Basel_1907	Basel
Dieselbe		Filiale	Untere Rebgasse 5	Basel	1256	1907	83	telefonbuch_163	PTT-Archiv, P-260-1_Basel_1907	Basel
Handwerker- und Gewerbeverein			Schnabelgasse 4	Basel	840	1907	83	telefonbuch_163	PTT-Archiv, P-260-1_Basel_1907	Basel
Haering & Merz		Farbengeschäft	Klybeckstrasse 63	Basel	3388	1907	83	telefonbuch_163	PTT-Archiv, P-260-1_Basel_1907	Basel
Haerle-Metzler	Wilh.		Rheinschanze 12	Basel	1715	1907	83	telefonbuch_163	PTT-Archiv, P-260-1_Basel_1907	Basel
Haerle, Simonius, Strohl & Cie.			Nadelberg 24	Basel	2695	1907	83	telefonbuch_163	PTT-Archiv, P-260-1_Basel_1907	Basel
Harneit	P.		Burgunderstrasse 30	Basel	3122	1907	83	telefonbuch_163	PTT-Archiv, P-260-1_Basel_1907	Basel
Hartmann	H.		Spalenring 42	Basel	876	1907	83	telefonbuch_163	PTT-Archiv, P-260-1_Basel_1907	Basel
Hartmann	Hch.	Schreiner	Leonhardsgraben 16	Basel	2898	1907	83	telefonbuch_163	PTT-Archiv, P-260-1_Basel_1907	Basel
Hartmann	L.		Kluserstrasse 2	Basel	880	1907	83	telefonbuch_163	PTT-Archiv, P-260-1_Basel_1907	Basel
Hartmann-Loosli	G.	Schinkengeschäft	Spalenberg 12	Basel	273	1907	83	telefonbuch_163	PTT-Archiv, P-260-1_Basel_1907	Basel
Hartmann	Oskar	Coiffeur	Barfüsserplatz 22	Basel	4534	1907	83	telefonbuch_163	PTT-Archiv, P-260-1_Basel_1907	Basel
Hartmann-Rehm	H.		Elsässerstrasse 138	Basel	238	1907	83	telefonbuch_163	PTT-Archiv, P-260-1_Basel_1907	Basel
Hartmann-Rey	Dl.	Wirt	Hägenheimerstr. 14	Basel	860	1907	83	telefonbuch_163	PTT-Archiv, P-260-1_Basel_1907	Basel
Hartmann-Schaffner	Friedr.		Lichtstrasse 27	Basel	2791	1907	83	telefonbuch_163	PTT-Archiv, P-260-1_Basel_1907	Basel
Hartmann-Wintsch	Aline	Modes	Freiestrasse 66	Basel	1354	1907	83	telefonbuch_163	PTT-Archiv, P-260-1_Basel_1907	Basel
Harter-Rösch	W.	Bäckerei	Offenburgerstr. 41	Basel	3886	1907	83	telefonbuch_163	PTT-Archiv, P-260-1_Basel_1907	Basel
Hassert	J. D.		Müllheimerstrasse 53	Basel	3241	1907	83	telefonbuch_163	PTT-Archiv, P-260-1_Basel_1907	Basel
Hassfeld-Kiefer	Th.		Webergasse 25	Basel	1228	1907	83	telefonbuch_163	PTT-Archiv, P-260-1_Basel_1907	Basel
Hässig	R.	Flaschenbierhdlg. u. Limonadenfabr.	Elsässerstrasse 13	Basel	3490	1907	83	telefonbuch_163	PTT-Archiv, P-260-1_Basel_1907	Basel
Hatzinger-Helfesrieder	Karl		Clarastrasse 1	Basel	3181	1907	83	telefonbuch_163	PTT-Archiv, P-260-1_Basel_1907	Basel
Haubensak	Friedrich	Samenhandlung	Sattelgasse 6	Basel	1430	1907	83	telefonbuch_163	PTT-Archiv, P-260-1_Basel_1907	Basel
Haubensack-Springer	E.		Hammerstrasse 76	Basel	3424	1907	83	telefonbuch_163	PTT-Archiv, P-260-1_Basel_1907	Basel
Haubensak	Karl	Samenhandlung	Farnsburgerstr. 51	Basel	651	1907	83	telefonbuch_163	PTT-Archiv, P-260-1_Basel_1907	Basel
Hauck	M.	Schreinermeister	Türkheimerstr. 75	Basel	981	1907	83	telefonbuch_163	PTT-Archiv, P-260-1_Basel_1907	Basel
Haug	J. F.		Grenzacherstrasse 1	Basel	3446	1907	83	telefonbuch_163	PTT-Archiv, P-260-1_Basel_1907	Basel
Haus & Cie.		Apparate für Elektrotechnik-, Gas- und Wasserfach	Güterstrasse 104	Basel	4082	1907	83	telefonbuch_163	PTT-Archiv, P-260-1_Basel_1907	Basel
Hausbesitzer-Verein			Sattelgasse 6	Basel	950	1907	83	telefonbuch_163	PTT-Archiv, P-260-1_Basel_1907	Basel
Hauser-Amans	Rud.		Burgunderstrasse 44	Basel	2942	1907	83	telefonbuch_163	PTT-Archiv, P-260-1_Basel_1907	Basel
Hauser	Conrad		Austrasse 39	Basel	1792	1907	83	telefonbuch_163	PTT-Archiv, P-260-1_Basel_1907	Basel
Hauser	R.	& Co.	St. Albanvorstadt 12	Basel	1820	1907	83	telefonbuch_163	PTT-Archiv, P-260-1_Basel_1907	Basel
Hauser	Rud. C.		Sevogelstrasse 56	Basel	4108	1907	83	telefonbuch_163	PTT-Archiv, P-260-1_Basel_1907	Basel
Hauser-Schmidlin	Ed.	Hôtel garni	Pfeffingerstrasse 8	Basel	3899	1907	83	telefonbuch_163	PTT-Archiv, P-260-1_Basel_1907	Basel
Hauser-Schüssler	O.	Bäckermeister	Aeschenvorstadt 49	Basel	4506	1907	83	telefonbuch_163	PTT-Archiv, P-260-1_Basel_1907	Basel
Hauser-Vogt	Oskar	Wirtschaft beim Allschwiler Weiher	Allschwiler Weiher	Basel	607	1907	83	telefonbuch_163	PTT-Archiv, P-260-1_Basel_1907	Basel
Hauser-Wohnlich	J.	Wwe.	Feierabendstrasse 15	Basel	3099	1907	83	telefonbuch_163	PTT-Archiv, P-260-1_Basel_1907	Basel
Häusler	Otto	Gärtnermeister	Lehenmattstr. 203	Basel	1020	1907	83	telefonbuch_163	PTT-Archiv, P-260-1_Basel_1907	Basel
Hausmann		Sanitätsgeschäft, A.-G.	Freiestrasse 15	Basel	1486	1907	83	telefonbuch_163	PTT-Archiv, P-260-1_Basel_1907	Basel
Haussmann	M.	Wechselsensal	Güterstrasse 87	Basel	2442	1907	83	telefonbuch_163	PTT-Archiv, P-260-1_Basel_1907	Basel
Hechinger	Hedwig	Frau, Restaurant	Spalenring 170	Basel	998	1907	83	telefonbuch_163	PTT-Archiv, P-260-1_Basel_1907	Basel
Heck	Fritz	Bäckerei und Conditor	Missionsstrasse 57	Basel	4110	1907	83	telefonbuch_163	PTT-Archiv, P-260-1_Basel_1907	Basel
Heck-Gasser	J. A.	Metzger	Klingenthalstr. 81	Basel	3308	1907	83	telefonbuch_163	PTT-Archiv, P-260-1_Basel_1907	Basel
Derselbe			Hutgasse 21	Basel	1933	1907	83	telefonbuch_163	PTT-Archiv, P-260-1_Basel_1907	Basel
Heckendorn-Läuger	Alb.	Spenglermeister	Gempenstrasse 8	Basel	3904	1907	83	telefonbuch_163	PTT-Archiv, P-260-1_Basel_1907	Basel
Hediger	A.	Cigarrenhandlung	Steinenvorstadt 73	Basel	2519	1907	83	telefonbuch_163	PTT-Archiv, P-260-1_Basel_1907	Basel
Hediger-Jecker	Rudolf		Schützenmattstr. 81	Basel	306	1907	83	telefonbuch_163	PTT-Archiv, P-260-1_Basel_1907	Basel
Hediger-Knecht	W.		Allschwilerstrasse 8	Basel	2810	1907	83	telefonbuch_163	PTT-Archiv, P-260-1_Basel_1907	Basel
Hediger & Co.			Claragraben 54	Basel	3715	1907	83	telefonbuch_163	PTT-Archiv, P-260-1_Basel_1907	Basel
Dieselben		Güterbahnhof	Bad. Bahnhof	Basel	1755	1907	83	telefonbuch_163	PTT-Archiv, P-260-1_Basel_1907	Basel
Hediger-Trueb	Alfred		Burgunderstrasse 25	Basel	3716	1907	84	telefonbuch_164	PTT-Archiv, P-260-1_Basel_1907	Basel
Hedinger-Benz	E.		Spalenvorstadt 12	Basel	2623	1907	84	telefonbuch_164	PTT-Archiv, P-260-1_Basel_1907	Basel
Hedinger-Benz	E.	Derselbe	Steinengraben 28	Basel	3024	1907	84	telefonbuch_164	PTT-Archiv, P-260-1_Basel_1907	Basel
Heer	Emil	Hutmacher	Gerbergasse 27	Basel	2187	1907	84	telefonbuch_164	PTT-Archiv, P-260-1_Basel_1907	Basel
Heer	Emil	Derselbe, Wohnung	Neubadstrasse 23	Basel	913	1907	84	telefonbuch_164	PTT-Archiv, P-260-1_Basel_1907	Basel
Heer	Jakob	Malermeister	Spalenring 160	Basel	202	1907	84	telefonbuch_164	PTT-Archiv, P-260-1_Basel_1907	Basel
Hegar	O.	Flügel- und Pianolager	Bäumleingasse 7	Basel	1741	1907	84	telefonbuch_164	PTT-Archiv, P-260-1_Basel_1907	Basel
Hegar	Robert	Musikalienhandlung	Steinenberg 3	Basel	1072	1907	84	telefonbuch_164	PTT-Archiv, P-260-1_Basel_1907	Basel
Heidlauff	Paul		Feierabendstrasse 59	Basel	1934	1907	84	telefonbuch_164	PTT-Archiv, P-260-1_Basel_1907	Basel
Heierle	K.	Buchbinderei	Freiestrasse 82	Basel	1959	1907	84	telefonbuch_164	PTT-Archiv, P-260-1_Basel_1907	Basel
Heilsarmee			Erasmusplatz 14	Basel	3918	1907	84	telefonbuch_164	PTT-Archiv, P-260-1_Basel_1907	Basel
Heilsarmee		Dieselbe, Arbeiterheim	Ob. Rheingasse 80	Basel	871	1907	84	telefonbuch_164	PTT-Archiv, P-260-1_Basel_1907	Basel
Heim-Rosenberg	H.		Centralbahnustr. 21	Basel	846	1907	84	telefonbuch_164	PTT-Archiv, P-260-1_Basel_1907	Basel
Heimberger	Fr.	Nähmaschinen und Fahrräder	Hammerstrasse 101	Basel	153	1907	84	telefonbuch_164	PTT-Archiv, P-260-1_Basel_1907	Basel
Heimburger	Chs.	Carrossier	Spitalstrasse 26	Basel	1523	1907	84	telefonbuch_164	PTT-Archiv, P-260-1_Basel_1907	Basel
Heimerdinger-Bohny	O.		Florastrasse 21	Basel	1224	1907	84	telefonbuch_164	PTT-Archiv, P-260-1_Basel_1907	Basel
Heimpel	H. O.		Steinengraben 41	Basel	3237	1907	84	telefonbuch_164	PTT-Archiv, P-260-1_Basel_1907	Basel
Hein	P.	Fleuriste	Spalenvorstadt 29	Basel	1653	1907	84	telefonbuch_164	PTT-Archiv, P-260-1_Basel_1907	Basel
Heiniger-Tschirren	Fritz		Schauenburgerstr. 24	Basel	1158	1907	84	telefonbuch_164	PTT-Archiv, P-260-1_Basel_1907	Basel
Heinz	Jak.	Schlossermeister	St. Johannring 130	Basel	1449	1907	84	telefonbuch_164	PTT-Archiv, P-260-1_Basel_1907	Basel
Heinzelmann-Mory	O.	zur Kronenhalle	Centralbahnplatz 10	Basel	1795	1907	84	telefonbuch_164	PTT-Archiv, P-260-1_Basel_1907	Basel
Heitz	Carl	mech. Drechslerei	Untere Rebgasse 8	Basel	1253	1907	84	telefonbuch_164	PTT-Archiv, P-260-1_Basel_1907	Basel
Heitz	Geschwister	Nachf. v. Gustav Heitz Wwe.	Freiestrasse 117	Basel	1893	1907	84	telefonbuch_164	PTT-Archiv, P-260-1_Basel_1907	Basel
Heitz	Geschwister	Dieselben, siehe unter „Riehen“		Basel		1907	84	telefonbuch_164	PTT-Archiv, P-260-1_Basel_1907	Basel
Heitz	Louis	Handelsgärtnerei, Blumenladen	Freiestrasse 36	Basel	2403	1907	84	telefonbuch_164	PTT-Archiv, P-260-1_Basel_1907	Basel
Heitz	Louis	Derselbe, siehe unter „Kleinhüningen“		Basel	3334	1907	84	telefonbuch_164	PTT-Archiv, P-260-1_Basel_1907	Basel
Helbing & Lichtenhahn		vorm. Reich-Detloff	Freiestrasse 40	Basel	1551	1907	84	telefonbuch_164	PTT-Archiv, P-260-1_Basel_1907	Basel
Helfenberger	H.	Modes	Steinenberg 3	Basel	723	1907	84	telefonbuch_164	PTT-Archiv, P-260-1_Basel_1907	Basel
Helfenberger	Ida		Freiestrasse 72	Basel	376	1907	84	telefonbuch_164	PTT-Archiv, P-260-1_Basel_1907	Basel
Helfenberger & Co.		Colonialwaren	Margarethenstr. 89	Basel	2025	1907	84	telefonbuch_164	PTT-Archiv, P-260-1_Basel_1907	Basel
Helfenberger & Co.		Dieselben, Weinhandlung	Feierabendstrasse 51	Basel	4452	1907	84	telefonbuch_164	PTT-Archiv, P-260-1_Basel_1907	Basel
Helmerking	E.	Comestibles	Schneidergasse 4	Basel	1457	1907	84	telefonbuch_164	PTT-Archiv, P-260-1_Basel_1907	Basel
„Helvetia“, Schweiz. Milchchocolade- und Cacaowerke A.-G.			St. Johannvorst. 27	Basel	3144	1907	84	telefonbuch_164	PTT-Archiv, P-260-1_Basel_1907	Basel
Hemann	Erwin	Architekt	Sempacherstrasse 38	Basel	2903	1907	84	telefonbuch_164	PTT-Archiv, P-260-1_Basel_1907	Basel
Hemmer-Ruf	Karl		Matthäusstrasse 7	Basel	722	1907	84	telefonbuch_164	PTT-Archiv, P-260-1_Basel_1907	Basel
Hengelhaupt	O. R.	Hôtel Simon	Spalenvorstadt 5	Basel	2717	1907	84	telefonbuch_164	PTT-Archiv, P-260-1_Basel_1907	Basel
Hennlein & Dippe			St. Johannring 133	Basel	2803	1907	84	telefonbuch_164	PTT-Archiv, P-260-1_Basel_1907	Basel
Henrici-Veillard	C.		Austrasse 25	Basel	3052	1907	84	telefonbuch_164	PTT-Archiv, P-260-1_Basel_1907	Basel
Hensel	Jean	Basler Margarin-Talgschmelze	Pilgerstrasse 33	Basel	3429	1907	84	telefonbuch_164	PTT-Archiv, P-260-1_Basel_1907	Basel
von Herff	O.	Prof. Dr.	Maiengasse 62	Basel	3755	1907	84	telefonbuch_164	PTT-Archiv, P-260-1_Basel_1907	Basel
Hermann	C.	Apotheker	Centralbahnplatz 13	Basel	2274	1907	84	telefonbuch_164	PTT-Archiv, P-260-1_Basel_1907	Basel
Hertenstein-Wittich	W.	Metzger	Greifengasse 26	Basel	1164	1907	84	telefonbuch_164	PTT-Archiv, P-260-1_Basel_1907	Basel
Herter-Gutjahr	H.	Traiteur	Schweizergasse 49	Basel	2991	1907	84	telefonbuch_164	PTT-Archiv, P-260-1_Basel_1907	Basel
von Herzer-Dollfus	E.		Peter Merianstr. 38	Basel	3865	1907	84	telefonbuch_164	PTT-Archiv, P-260-1_Basel_1907	Basel
Herzog-Miville	Marie	Frau	Feierabendstrasse 70	Basel	2854	1907	84	telefonbuch_164	PTT-Archiv, P-260-1_Basel_1907	Basel
Herzog-Wick	Aug.		Birmannsgasse 24	Basel	3622	1907	84	telefonbuch_164	PTT-Archiv, P-260-1_Basel_1907	Basel
Hess-Amiet	Carl Fr.		Friedensgasse 19	Basel	4007	1907	84	telefonbuch_164	PTT-Archiv, P-260-1_Basel_1907	Basel
Hess frères, S. A. à la ville de Mulhouse			Marktplatz 16	Basel	1571	1907	84	telefonbuch_164	PTT-Archiv, P-260-1_Basel_1907	Basel
Hess	Jean		Mülheimerstrasse 89	Basel	2415	1907	85	telefonbuch_165	PTT-Archiv, P-260-1_Basel_1907	Basel
Hess-Ruf	Emanuel		Leimenstrasse 21	Basel	2693	1907	85	telefonbuch_165	PTT-Archiv, P-260-1_Basel_1907	Basel
Hess-Wolf	A.		Socinstrasse 37	Basel	247	1907	85	telefonbuch_165	PTT-Archiv, P-260-1_Basel_1907	Basel
Hetzel-Hetzel	E.	Frau	Steinengraben 10	Basel	4187	1907	85	telefonbuch_165	PTT-Archiv, P-260-1_Basel_1907	Basel
Heusler-Bischoff	R.		Hirzbodenweg 84	Basel	3583	1907	85	telefonbuch_165	PTT-Archiv, P-260-1_Basel_1907	Basel
Heusler-Christ	D.		St. Albangraben 8	Basel	1785	1907	85	telefonbuch_165	PTT-Archiv, P-260-1_Basel_1907	Basel
Heusler-Veillon	R.		Peter Merianstr. 23	Basel	3869	1907	85	telefonbuch_165	PTT-Archiv, P-260-1_Basel_1907	Basel
Heusler-Vonder Mühll	Wilh.		St. Albanvorstadt 36	Basel	1850	1907	85	telefonbuch_165	PTT-Archiv, P-260-1_Basel_1907	Basel
Heusser	Emil	Holzhandlung	Mittlerestrasse 102	Basel	133	1907	85	telefonbuch_165	PTT-Archiv, P-260-1_Basel_1907	Basel
Heymann, R., & Co.		Commission u. Exportation	Steinenvorstadt 67	Basel	2535	1907	85	telefonbuch_165	PTT-Archiv, P-260-1_Basel_1907	Basel
Dieselben			Holbeinstrasse 63	Basel	3723	1907	85	telefonbuch_165	PTT-Archiv, P-260-1_Basel_1907	Basel
Heynen	Wilh.	Platzmonteur der Gasmotorenfabrik Deutz	Thiersteinerallee 60	Basel	611	1907	85	telefonbuch_165	PTT-Archiv, P-260-1_Basel_1907	Basel
Hibbert	Robert	Bureau	Margarethenstr. 29	Basel	1742	1907	85	telefonbuch_165	PTT-Archiv, P-260-1_Basel_1907	Basel
Derselbe		Maschinenausstellung	St. Johannvorst. 16	Basel	407	1907	85	telefonbuch_165	PTT-Archiv, P-260-1_Basel_1907	Basel
Hilberg	J.	Schuhhandlung	Kleinhüningerstr. 205	Basel	1182	1907	85	telefonbuch_165	PTT-Archiv, P-260-1_Basel_1907	Basel
Hilfskomitee für jüdische Auswanderer			Hochstrasse 34	Basel	486	1907	85	telefonbuch_165	PTT-Archiv, P-260-1_Basel_1907	Basel
Hiller	J. J.	Bäcker	Kleinhüningerstr. 197	Basel	3344	1907	85	telefonbuch_165	PTT-Archiv, P-260-1_Basel_1907	Basel
Himmely	Jacques	junior	Rothbergerstrasse 25	Basel	2964	1907	85	telefonbuch_165	PTT-Archiv, P-260-1_Basel_1907	Basel
Hinden-Jäggi	Joh.	Wirt	Grenzacherstr. 60	Basel	181	1907	85	telefonbuch_165	PTT-Archiv, P-260-1_Basel_1907	Basel
Hindenlang-Völlmy	E.	Küfermeister	Utengasse 12	Basel	32	1907	85	telefonbuch_165	PTT-Archiv, P-260-1_Basel_1907	Basel
Hindermann		Lithographie	Friedensgasse 52	Basel	2005	1907	85	telefonbuch_165	PTT-Archiv, P-260-1_Basel_1907	Basel
Hindermann	Max		Laufenstrasse 13	Basel	3864	1907	85	telefonbuch_165	PTT-Archiv, P-260-1_Basel_1907	Basel
Hindermann	R.	mech. Wagnerei	Mörsbergerstrasse 4	Basel	37	1907	85	telefonbuch_165	PTT-Archiv, P-260-1_Basel_1907	Basel
Hinlein	Adolf		Holbeinstrasse 29	Basel	3058	1907	85	telefonbuch_165	PTT-Archiv, P-260-1_Basel_1907	Basel
Hintermann-Braig	S. Ad.	Kaminfegermeister	Sperrstrasse 87	Basel	3522	1907	85	telefonbuch_165	PTT-Archiv, P-260-1_Basel_1907	Basel
Hipp	Karl	Baugesch., vorm. R. Friedrich & Co.	Hardtstrasse 92	Basel	3783	1907	85	telefonbuch_165	PTT-Archiv, P-260-1_Basel_1907	Basel
Derselbe		Wohnung	Grellingerstrasse 57	Basel	3577	1907	85	telefonbuch_165	PTT-Archiv, P-260-1_Basel_1907	Basel
His-Bell	Ernst	Ingenieur	Arnold Böcklinstr. 46	Basel	4438	1907	85	telefonbuch_165	PTT-Archiv, P-260-1_Basel_1907	Basel
His-Burckhardt	E.	Frau	Petersplatz 13	Basel	1529	1907	85	telefonbuch_165	PTT-Archiv, P-260-1_Basel_1907	Basel
His, Imboden & Co.			Kirschgartenstr. 12	Basel	2388	1907	85	telefonbuch_165	PTT-Archiv, P-260-1_Basel_1907	Basel
His-Schlumberger	Ed.		Engelgasse 83	Basel	3692	1907	85	telefonbuch_165	PTT-Archiv, P-260-1_Basel_1907	Basel
His-Veillon	Albert		Gartenstrasse 5	Basel	1927	1907	85	telefonbuch_165	PTT-Archiv, P-260-1_Basel_1907	Basel
Hiss	J.	Bäckermeister	Solothurnerstr. 31	Basel	3642	1907	85	telefonbuch_165	PTT-Archiv, P-260-1_Basel_1907	Basel
Historisches Museum		(Verwaltung)	Steinenberg 4	Basel	2346	1907	85	telefonbuch_165	PTT-Archiv, P-260-1_Basel_1907	Basel
Hobelwerk Steinmann			St. Johannring 133	Basel	4412	1907	85	telefonbuch_165	PTT-Archiv, P-260-1_Basel_1907	Basel
Hoch		siehe Seidenhaus Hoch	Stadthausgasse 24	Basel	2117	1907	85	telefonbuch_165	PTT-Archiv, P-260-1_Basel_1907	Basel
Höchli	Gottfried	Baumeister	Belchenstrasse 4	Basel	2805	1907	85	telefonbuch_165	PTT-Archiv, P-260-1_Basel_1907	Basel
Höchstetter	N.		Eulerstrasse 50	Basel	1681	1907	85	telefonbuch_165	PTT-Archiv, P-260-1_Basel_1907	Basel
Hockenjos	H.	jr.	Birsigstrasse 109	Basel	3248	1907	85	telefonbuch_165	PTT-Archiv, P-260-1_Basel_1907	Basel
Hockenjos-Kaufmann	Hch.		Byfangweg 31	Basel	3051	1907	85	telefonbuch_165	PTT-Archiv, P-260-1_Basel_1907	Basel
Hodel	F.		Eulerstrasse 44	Basel	2925	1907	85	telefonbuch_165	PTT-Archiv, P-260-1_Basel_1907	Basel
Hofer, A., & Co.			Dornacherstrasse 15	Basel	4015	1907	85	telefonbuch_165	PTT-Archiv, P-260-1_Basel_1907	Basel
Hofer, Gebr.		Hôtel Drei Könige	Blumenrain 8	Basel	1328	1907	85	telefonbuch_165	PTT-Archiv, P-260-1_Basel_1907	Basel
Hofer-Seiffert	C.		Margarethenstr. 67	Basel	3840	1907	85	telefonbuch_165	PTT-Archiv, P-260-1_Basel_1907	Basel
Hoeferlin-Heiz	E.	Wwe., Metzgerei	Rappoltshof 17	Basel	3445	1907	85	telefonbuch_165	PTT-Archiv, P-260-1_Basel_1907	Basel
Hofammann & Cie.			Elisabethenstr. 27	Basel	2019	1907	85	telefonbuch_165	PTT-Archiv, P-260-1_Basel_1907	Basel
Hofammann	W.		Holbeinstrasse 76	Basel	625	1907	85	telefonbuch_165	PTT-Archiv, P-260-1_Basel_1907	Basel
Höfflin	Christian	Metzger	Rudolfstrasse 27	Basel	2812	1907	85	telefonbuch_165	PTT-Archiv, P-260-1_Basel_1907	Basel
Hoffmann	A.	Dr. med.	Dufourstrasse 23	Basel	1834	1907	86	telefonbuch_166	PTT-Archiv, P-260-1_Basel_1907	Basel
Hoffmann	Albert A.		Hirzbodenweg 89	Basel	4258	1907	86	telefonbuch_166	PTT-Archiv, P-260-1_Basel_1907	Basel
Hoffmann	Aug.	Blumenbinderei	Petersgasse 50	Basel	1554	1907	86	telefonbuch_166	PTT-Archiv, P-260-1_Basel_1907	Basel
Hoffmann-Bachmann	E.	Conditor	Spalenvorstadt 39	Basel	2703	1907	86	telefonbuch_166	PTT-Archiv, P-260-1_Basel_1907	Basel
Hoffmann-Burckhardt	A.	Frau, Bureau	Rittergasse 21	Basel	1053	1907	86	telefonbuch_166	PTT-Archiv, P-260-1_Basel_1907	Basel
Hoffmann-Burckhardt	A.	Frau, Wohnung	Rittergasse 21	Basel	1047	1907	86	telefonbuch_166	PTT-Archiv, P-260-1_Basel_1907	Basel
Hoffmann-Burckhardt	A.	Frau, Solitude	Grenzacherstr. 206	Basel	3225	1907	86	telefonbuch_166	PTT-Archiv, P-260-1_Basel_1907	Basel
Hoffmann-Burckhardt	A.	Frau, Kleine Solitude	Grenzacherstr. 186	Basel	3226	1907	86	telefonbuch_166	PTT-Archiv, P-260-1_Basel_1907	Basel
Hoffmann-Burckhardt	A.	Frau, Gärtnerwohnung	Grenzacherstr. 258	Basel	3335	1907	86	telefonbuch_166	PTT-Archiv, P-260-1_Basel_1907	Basel
Hoffmann	Karl R.	Dr., Kinderarzt	St. Albananlage 27	Basel	842	1907	86	telefonbuch_166	PTT-Archiv, P-260-1_Basel_1907	Basel
Hoffmann-Eglin	Kath.	Wwe.	St. Albanvorstadt 12	Basel	1794	1907	86	telefonbuch_166	PTT-Archiv, P-260-1_Basel_1907	Basel
Hoffmann-Fleiner	E.		Kapellenstrasse 30	Basel	1811	1907	86	telefonbuch_166	PTT-Archiv, P-260-1_Basel_1907	Basel
Hoffmann	Fritz	Privat	Grenzacherstr. 184	Basel	2502	1907	86	telefonbuch_166	PTT-Archiv, P-260-1_Basel_1907	Basel
Hoffmann-Krayer	E.	Prof. Dr.	Hirzbodenweg 91	Basel	3693	1907	86	telefonbuch_166	PTT-Archiv, P-260-1_Basel_1907	Basel
Hoffmann-LaRoche	F.		Gellertstrasse 9	Basel	4059	1907	86	telefonbuch_166	PTT-Archiv, P-260-1_Basel_1907	Basel
Hoffmann-LaRoche	F.	Stallung	Brunngässlein 7	Basel	3648	1907	86	telefonbuch_166	PTT-Archiv, P-260-1_Basel_1907	Basel
Hoffmann-LaRoche	F.	& Co., chem. Fabrik	Grenzacherstr. 184	Basel	3195	1907	86	telefonbuch_166	PTT-Archiv, P-260-1_Basel_1907	Basel
Hoffmann-Merian	E.	Wwe	St. Albananlage 27	Basel	842	1907	86	telefonbuch_166	PTT-Archiv, P-260-1_Basel_1907	Basel
Hoffmann-Ott	J.	Dr.	Spalenring 87	Basel	569	1907	86	telefonbuch_166	PTT-Archiv, P-260-1_Basel_1907	Basel
Hoffmann-Preiswerk	Hans		Schaffh.-Rheinweg 79	Basel	3182	1907	86	telefonbuch_166	PTT-Archiv, P-260-1_Basel_1907	Basel
Hoffmann	Robert		Ob. Rebgasse 17	Basel	3610	1907	86	telefonbuch_166	PTT-Archiv, P-260-1_Basel_1907	Basel
Hoffmann	Rosalie		Holbeinstrasse 40	Basel	2986	1907	86	telefonbuch_166	PTT-Archiv, P-260-1_Basel_1907	Basel
Hoffmann	Th.	Photograph	Clarastrasse 36	Basel	3718	1907	86	telefonbuch_166	PTT-Archiv, P-260-1_Basel_1907	Basel
Hoefler-Harbrecht	H.	Wirt	Hammerstrasse 108	Basel	1101	1907	86	telefonbuch_166	PTT-Archiv, P-260-1_Basel_1907	Basel
Höflinger	August	Photograph	Blumenrain 32	Basel	1333	1907	86	telefonbuch_166	PTT-Archiv, P-260-1_Basel_1907	Basel
Hofmann	Phil.	Bäckermeister	Feldbergstrasse 30	Basel	1219	1907	86	telefonbuch_166	PTT-Archiv, P-260-1_Basel_1907	Basel
Hofstetter	August	Schreinermeister	Malzgasse 9	Basel	4142	1907	86	telefonbuch_166	PTT-Archiv, P-260-1_Basel_1907	Basel
Höhn	Heinrich	Bäckermeister	Zürcherstrasse 145	Basel	2928	1907	86	telefonbuch_166	PTT-Archiv, P-260-1_Basel_1907	Basel
Höhn-Kramer	Gottl.	Spenglermeister	Drahtzugstrasse 36	Basel	35	1907	86	telefonbuch_166	PTT-Archiv, P-260-1_Basel_1907	Basel
Holbeinapotheke		Dr. E. Katz	Oberwilerstrasse 7	Basel	3011	1907	86	telefonbuch_166	PTT-Archiv, P-260-1_Basel_1907	Basel
Holenstein	Alois	Wirt	Feldbergstrasse 47	Basel	507	1907	86	telefonbuch_166	PTT-Archiv, P-260-1_Basel_1907	Basel
Holland	C. F.		Elisabethenstr. 85	Basel	2089	1907	86	telefonbuch_166	PTT-Archiv, P-260-1_Basel_1907	Basel
Hollenweger	Heinrich		Klybeckstrasse 20	Basel	3352	1907	86	telefonbuch_166	PTT-Archiv, P-260-1_Basel_1907	Basel
Hollstein	Max		Burgweg 35	Basel	1172	1907	86	telefonbuch_166	PTT-Archiv, P-260-1_Basel_1907	Basel
Holzach-Gessler	F.	Dr.	Hardstrasse 105	Basel	3646	1907	86	telefonbuch_166	PTT-Archiv, P-260-1_Basel_1907	Basel
Holzach	Hortense		Freiestrasse 103	Basel	2051	1907	86	telefonbuch_166	PTT-Archiv, P-260-1_Basel_1907	Basel
Holzscheiter, G., & Co.		Laden	Freiestrasse 51	Basel	1784	1907	86	telefonbuch_166	PTT-Archiv, P-260-1_Basel_1907	Basel
Holzscheiter, G., & Co.		Bureau	Bruderholzstr. 31	Basel	2334	1907	86	telefonbuch_166	PTT-Archiv, P-260-1_Basel_1907	Basel
Holzwarth-Gränicher	Fr.	Rest. z. Farnsburg	Barfüsserplatz 9	Basel	293	1907	86	telefonbuch_166	PTT-Archiv, P-260-1_Basel_1907	Basel
Holzwollfabrik Louis Stöcklin			siehe „Binningen“	Basel	3585	1907	86	telefonbuch_166	PTT-Archiv, P-260-1_Basel_1907	Basel
Höner-Rauber	C.		Mostackerstrasse 10	Basel	3183	1907	86	telefonbuch_166	PTT-Archiv, P-260-1_Basel_1907	Basel
Hopf	J.	(Bureau)	Gartenstrasse 109	Basel	3933	1907	86	telefonbuch_166	PTT-Archiv, P-260-1_Basel_1907	Basel
Hopf-Schnewlin	J.	(Wohnung)	Murtengasse 11	Basel	2429	1907	86	telefonbuch_166	PTT-Archiv, P-260-1_Basel_1907	Basel
Hörler-Jundt	Fritz	Konditorei	Greifengasse 13	Basel	1230	1907	86	telefonbuch_166	PTT-Archiv, P-260-1_Basel_1907	Basel
Hörler-Kehrer	Th.	Konditor	Barfüsserplatz 18	Basel	2554	1907	86	telefonbuch_166	PTT-Archiv, P-260-1_Basel_1907	Basel
Horner-Merian	Rud.		Byfangweg 7	Basel	78	1907	86	telefonbuch_166	PTT-Archiv, P-260-1_Basel_1907	Basel
Hosch	F.	Buchbinderei	Luftgässlein 1	Basel	1748	1907	86	telefonbuch_166	PTT-Archiv, P-260-1_Basel_1907	Basel
Hosch	F.	Privat	Luftgässlein 1	Basel	1748	1907	86	telefonbuch_166	PTT-Archiv, P-260-1_Basel_1907	Basel
Hosch-Georg	Alfred		Metzerstrasse 67	Basel	645	1907	86	telefonbuch_166	PTT-Archiv, P-260-1_Basel_1907	Basel
Hosch-Gessler	C.		Angensteinerstr. 5	Basel	3687	1907	87	telefonbuch_167	PTT-Archiv, P-260-1_Basel_1907	Basel
Hosch-Jacquel		Frau Prof.	Holbeinstrasse 44	Basel	3059	1907	87	telefonbuch_167	PTT-Archiv, P-260-1_Basel_1907	Basel
Hosch-Simonius	Alfred		Rennweg 78	Basel	2776	1907	87	telefonbuch_167	PTT-Archiv, P-260-1_Basel_1907	Basel
Hosch & Schöpflin			Claragraben 58	Basel	501	1907	87	telefonbuch_167	PTT-Archiv, P-260-1_Basel_1907	Basel
Hoesli & Cie.			Horburgstrasse 99	Basel	922	1907	87	telefonbuch_167	PTT-Archiv, P-260-1_Basel_1907	Basel
Hôtel Badischer Hof	K.	Bea	Bahnhofstrasse 55	Basel	3310	1907	87	telefonbuch_167	PTT-Archiv, P-260-1_Basel_1907	Basel
Hôtel des Balances	G.	Strohl-Schweizer	Gerbergasse 76	Basel	2181	1907	87	telefonbuch_167	PTT-Archiv, P-260-1_Basel_1907	Basel
Hôtel Basler Hof		Ges. d. Kath. Vereinshauses	Clarastrasse 38	Basel	3702	1907	87	telefonbuch_167	PTT-Archiv, P-260-1_Basel_1907	Basel
Hôtel Bauer	H.	Bauer-Sturm	Blumenrain 12	Basel	1302	1907	87	telefonbuch_167	PTT-Archiv, P-260-1_Basel_1907	Basel
Hôtel Bayerischer Hof	J. Ch.	Goetz	Hammerstrasse 61	Basel	139	1907	87	telefonbuch_167	PTT-Archiv, P-260-1_Basel_1907	Basel
Hôtel Bernerhof & du Parc	Alf.	Geilenkirchen	Elisabethenstr. 62	Basel	2247	1907	87	telefonbuch_167	PTT-Archiv, P-260-1_Basel_1907	Basel
Hôtel Blaukreuzhaus	Joh.	Hasler, Verwalter	Petersgraben 23	Basel	1577	1907	87	telefonbuch_167	PTT-Archiv, P-260-1_Basel_1907	Basel
Hôtel Blume und Basler Volkshaus			Schwanengasse 4	Basel	1695	1907	87	telefonbuch_167	PTT-Archiv, P-260-1_Basel_1907	Basel
Hôtel Breisgauerhof	R.	Rais	Hüningerstrasse 2	Basel	1416	1907	87	telefonbuch_167	PTT-Archiv, P-260-1_Basel_1907	Basel
Hôtel Bristol	K.	Fricker	Centralbahnstr. 15	Basel	1002	1907	87	telefonbuch_167	PTT-Archiv, P-260-1_Basel_1907	Basel
Hôtel Central	G.	Wehrle	Falknerstrasse 3	Basel	1073	1907	87	telefonbuch_167	PTT-Archiv, P-260-1_Basel_1907	Basel
Hôtel Continental	R.	Gehrig	Küchegässlein 15	Basel	2272	1907	87	telefonbuch_167	PTT-Archiv, P-260-1_Basel_1907	Basel
Hôtel de la gare		Schmid-Kopp	Gartenstrasse 117	Basel	3948	1907	87	telefonbuch_167	PTT-Archiv, P-260-1_Basel_1907	Basel
Hôtel Drei Könige		Gebr. Hofer	Blumenrain 8	Basel	1328	1907	87	telefonbuch_167	PTT-Archiv, P-260-1_Basel_1907	Basel
Hôtel Euler	A.	Schrämli-Bucher	Centralbahnplatz 14	Basel	2241	1907	87	telefonbuch_167	PTT-Archiv, P-260-1_Basel_1907	Basel
Hôtel Falken	F.	Disler	Theaterstrasse 24	Basel	2549	1907	87	telefonbuch_167	PTT-Archiv, P-260-1_Basel_1907	Basel
Hôtel Freiburgerhof	J.	Ineichen	Ob. Rebgasse 2	Basel	3252	1907	87	telefonbuch_167	PTT-Archiv, P-260-1_Basel_1907	Basel
Hôtel garni	Ed.	Hauser	Pfeffingerstrasse 8	Basel	3899	1907	87	telefonbuch_167	PTT-Archiv, P-260-1_Basel_1907	Basel
Hôtel Goldener Hirsch	G.	Böhler	Bahnhofstrasse 37	Basel	3460	1907	87	telefonbuch_167	PTT-Archiv, P-260-1_Basel_1907	Basel
Hôtel Goldener Stern		Wwe. Kissel	Aeschenvorstadt 44	Basel	2293	1907	87	telefonbuch_167	PTT-Archiv, P-260-1_Basel_1907	Basel
Hôtel Goldenes Lamm	G.	Eichin	Obere Rebgasse 16	Basel	1195	1907	87	telefonbuch_167	PTT-Archiv, P-260-1_Basel_1907	Basel
Hôtel Habsburg	Andreas	Bühler	Theaterstrasse 2	Basel	2363	1907	87	telefonbuch_167	PTT-Archiv, P-260-1_Basel_1907	Basel
Hôtel Hofer	A.	Schirrer	Centralbahnstr. 11	Basel	2278	1907	87	telefonbuch_167	PTT-Archiv, P-260-1_Basel_1907	Basel
Hôtel Jura		Schirrer & Co.	Centralbahnplatz 11	Basel	2246	1907	87	telefonbuch_167	PTT-Archiv, P-260-1_Basel_1907	Basel
Hôtel Krafft	Joh.	Steger-Koch	Obere Rheingasse 12	Basel	1186	1907	87	telefonbuch_167	PTT-Archiv, P-260-1_Basel_1907	Basel
Hôtel Metropol & Monopol	L.	Bazzell	Barfüsserplatz 3	Basel	2353	1907	87	telefonbuch_167	PTT-Archiv, P-260-1_Basel_1907	Basel
Hôtel Münchner Hof	Alb.	Gatty	Steinenvorstadt 75	Basel	2420	1907	87	telefonbuch_167	PTT-Archiv, P-260-1_Basel_1907	Basel
Hôtel National	Paul	Otto	Centralbahnplatz 3	Basel	2231	1907	87	telefonbuch_167	PTT-Archiv, P-260-1_Basel_1907	Basel
Hôtel du Nord	E.	Barbe-Hauser	Centralbahnstr. 17	Basel	2835	1907	87	telefonbuch_167	PTT-Archiv, P-260-1_Basel_1907	Basel
Hôtel du Pont	Joh.	Meyer	Ob. Rheingasse 8	Basel	3516	1907	87	telefonbuch_167	PTT-Archiv, P-260-1_Basel_1907	Basel
Hôtel Roter Ochsen	Camille	Drexler	Ochsengasse 10	Basel	1249	1907	87	telefonbuch_167	PTT-Archiv, P-260-1_Basel_1907	Basel
Hôtel St. Gotthard-Terminus	O.	Vogt-Gehrig	Centralbahnstr. 13	Basel	3928	1907	87	telefonbuch_167	PTT-Archiv, P-260-1_Basel_1907	Basel
Hôtel Schrieder zum deutschen Hof	M.	Erne	Bahnhofstrasse 19	Basel	3466	1907	87	telefonbuch_167	PTT-Archiv, P-260-1_Basel_1907	Basel
Hôtel Schwarzer Ochsen	J.	Wächter	Schützenmattstr. 2	Basel	2691	1907	87	telefonbuch_167	PTT-Archiv, P-260-1_Basel_1907	Basel
Hôtel Schweizerhof	E. J.	Götzinger	Centralbahnplatz 1	Basel	2225	1907	87	telefonbuch_167	PTT-Archiv, P-260-1_Basel_1907	Basel
Hôtel Simon	O. R.	Hengelhaupt	Spalenvorstadt 5	Basel	2717	1907	87	telefonbuch_167	PTT-Archiv, P-260-1_Basel_1907	Basel
Hôtel Simplon	Joh.	Starkemann	Güterstrasse 108	Basel	3185	1907	87	telefonbuch_167	PTT-Archiv, P-260-1_Basel_1907	Basel
Hôtel Sonne	E.	Baumann	Obere Rheingasse 25	Basel	1221	1907	87	telefonbuch_167	PTT-Archiv, P-260-1_Basel_1907	Basel
Hôtel Storchen		Aktiengesellschaft	Stadthausgasse 25	Basel	1563	1907	87	telefonbuch_167	PTT-Archiv, P-260-1_Basel_1907	Basel
Hôtel Storchen		A.-G.	Stadthausgasse 25	Basel	2409	1907	87	telefonbuch_167	PTT-Archiv, P-260-1_Basel_1907	Basel
Hôtel Univers		Grand Hotel, A.-G.	Centralbahnstr. 7	Basel	899	1907	87	telefonbuch_167	PTT-Archiv, P-260-1_Basel_1907	Basel
Hôtel Victoria	Paul	Otto	Centralbahnplatz 4	Basel	2258	1907	87	telefonbuch_167	PTT-Archiv, P-260-1_Basel_1907	Basel
Hôtel Vogt	E.	Vogt-Aeschbach	Küchegässlein 22	Basel	2345	1907	87	telefonbuch_167	PTT-Archiv, P-260-1_Basel_1907	Basel
Hôtelier-Verein	O.	schweiz., Centralbureau (Amsler-Aubert)	Sternengässlein 21	Basel	2406	1907	87	telefonbuch_167	PTT-Archiv, P-260-1_Basel_1907	Basel
Hottinger-Bélat	Ad.		Hirzbodenweg 47	Basel	3580	1907	88	telefonbuch_168	PTT-Archiv, P-260-1_Basel_1907	Basel
Hotz	Rud.	Dr.	Schanzenstrasse 27	Basel	792	1907	88	telefonbuch_168	PTT-Archiv, P-260-1_Basel_1907	Basel
Huber-Burckhardt	A.	Dr., Advokaturbureau	Freiestrasse 91	Basel	1774	1907	88	telefonbuch_168	PTT-Archiv, P-260-1_Basel_1907	Basel
Huber-Burckhardt	A.	Wohnung	Socinstrasse 45	Basel	4478	1907	88	telefonbuch_168	PTT-Archiv, P-260-1_Basel_1907	Basel
Huber	A.	Dr., & Knörr, Dr. J., Advokaturbureau	Freiestrasse 91	Basel	1774	1907	88	telefonbuch_168	PTT-Archiv, P-260-1_Basel_1907	Basel
Huber-Freistetter	Fr.	Handelsgärtner	St. Albanringweg 173	Basel	3742	1907	88	telefonbuch_168	PTT-Archiv, P-260-1_Basel_1907	Basel
Huber	Hermann	Schreibmaschinen Underwood	Ob. Heuberg 12	Basel	87	1907	88	telefonbuch_168	PTT-Archiv, P-260-1_Basel_1907	Basel
Huber-Kuhn	A.	Bayr. Bierhalle St. Johann	Feldbergstrasse 2	Basel	4000	1907	88	telefonbuch_168	PTT-Archiv, P-260-1_Basel_1907	Basel
Huber-Petzold	Hans		Angensteinerstr. 30	Basel	3556	1907	88	telefonbuch_168	PTT-Archiv, P-260-1_Basel_1907	Basel
Huber-Schulz	Fr.		Elsässerstrasse 43	Basel	462	1907	88	telefonbuch_168	PTT-Archiv, P-260-1_Basel_1907	Basel
Hübsch	F.	(Bureau)	Totengässlein 6	Basel	1516	1907	88	telefonbuch_168	PTT-Archiv, P-260-1_Basel_1907	Basel
Hübsch	F.		Maiengasse 2	Basel	1547	1907	88	telefonbuch_168	PTT-Archiv, P-260-1_Basel_1907	Basel
Hübscher-Fackler	C.	Dr.	Elisabethenstr. 28	Basel	3488	1907	88	telefonbuch_168	PTT-Archiv, P-260-1_Basel_1907	Basel
Hübscher-Schiess	Carl	Dr., Arzt	St. Johannvorst. 88	Basel	1716	1907	88	telefonbuch_168	PTT-Archiv, P-260-1_Basel_1907	Basel
Hübscher-Schiess	Carl	Sprechstunde u. orthopäd. Institut	Rheinschanze 2	Basel	3168	1907	88	telefonbuch_168	PTT-Archiv, P-260-1_Basel_1907	Basel
Hübscher-Stauber	H.	Agenturen	Schützenmattstr. 32	Basel	3902	1907	88	telefonbuch_168	PTT-Archiv, P-260-1_Basel_1907	Basel
Hug & Cie.		vorm. Gebr. Hug & Cie., Musikalienhandl.	Kaufhausgasse 1	Basel	1924	1907	88	telefonbuch_168	PTT-Archiv, P-260-1_Basel_1907	Basel
Hug-Keller	Emil	zum Birseckerhof	Binningerstrasse 15	Basel	1044	1907	88	telefonbuch_168	PTT-Archiv, P-260-1_Basel_1907	Basel
Hugelshofer	Albert	Dr.	Hammerstrasse 18	Basel	3809	1907	88	telefonbuch_168	PTT-Archiv, P-260-1_Basel_1907	Basel
Hugentobler	Paul	Baumeister	Kleinhüningerstr. 151	Basel	1040	1907	88	telefonbuch_168	PTT-Archiv, P-260-1_Basel_1907	Basel
Hugentobler & Huber		Marmorindustrie	Mattweg 30	Basel	428	1907	88	telefonbuch_168	PTT-Archiv, P-260-1_Basel_1907	Basel
Hügin		Pension	Spitalstrasse 38	Basel	1009	1907	88	telefonbuch_168	PTT-Archiv, P-260-1_Basel_1907	Basel
Hugo Gebrüder		Nachf. Diehl Gageur & Co.	St. Albanthal 35	Basel	4297	1907	88	telefonbuch_168	PTT-Archiv, P-260-1_Basel_1907	Basel
Huguenin	E.		Schützenmattstr. 59	Basel	2870	1907	88	telefonbuch_168	PTT-Archiv, P-260-1_Basel_1907	Basel
Hui	J.	Director d. Schweiz. Bundesbahnen (Wohng.)	Holbeinstrasse 87	Basel	1408	1907	88	telefonbuch_168	PTT-Archiv, P-260-1_Basel_1907	Basel
Hülfsspital			Burgfelderstr. 101	Basel	895	1907	88	telefonbuch_168	PTT-Archiv, P-260-1_Basel_1907	Basel
Humitzsch	W.	Agenturen in Manufakturwaren	Mittlerestrasse 141	Basel	1832	1907	88	telefonbuch_168	PTT-Archiv, P-260-1_Basel_1907	Basel
Hummel	E.		Marktplatz 22	Basel	8	1907	88	telefonbuch_168	PTT-Archiv, P-260-1_Basel_1907	Basel
Hummel-Müller	Carl	Schuhmachermeister	Metzerstrasse 24	Basel	442	1907	88	telefonbuch_168	PTT-Archiv, P-260-1_Basel_1907	Basel
Hungerbühler-Züllig	Jakob		Clarastrasse 19	Basel	1017	1907	88	telefonbuch_168	PTT-Archiv, P-260-1_Basel_1907	Basel
Hunziger-Kessler	Joh.		Amerbachstrasse 41	Basel	4434	1907	88	telefonbuch_168	PTT-Archiv, P-260-1_Basel_1907	Basel
Hunziker	Ad.	z. Hirscheneck	Riehenthorstrasse 9	Basel	1136	1907	88	telefonbuch_168	PTT-Archiv, P-260-1_Basel_1907	Basel
Hunziker	Anna	Frau, Robes	Immengasse 1	Basel	1806	1907	88	telefonbuch_168	PTT-Archiv, P-260-1_Basel_1907	Basel
Hunziker-Moser	Jb.		Haltingerstrasse 34	Basel	484	1907	88	telefonbuch_168	PTT-Archiv, P-260-1_Basel_1907	Basel
Hunziker-Siegrist	S.	Vertreter d. Aktienbrauerei Feldschlösschen Rheinfelden	Güterstrasse 245	Basel	3797	1907	88	telefonbuch_168	PTT-Archiv, P-260-1_Basel_1907	Basel
Hürlimann-Huber	Karl		Breisacherstrasse 73	Basel	1724	1907	88	telefonbuch_168	PTT-Archiv, P-260-1_Basel_1907	Basel
Hürlimann	J. J.		Münchensteinerstrasse 120	Basel	4073	1907	88	telefonbuch_168	PTT-Archiv, P-260-1_Basel_1907	Basel
Huttle-Schweizer	O.		Hochstrasse 75	Basel	2038	1907	88	telefonbuch_168	PTT-Archiv, P-260-1_Basel_1907	Basel
Hygienische Anstalt			Petersplatz 10	Basel	261	1907	88	telefonbuch_168	PTT-Archiv, P-260-1_Basel_1907	Basel
Hypothekenbank			Elisabethenstr. 30	Basel	2209	1907	88	telefonbuch_168	PTT-Archiv, P-260-1_Basel_1907	Basel
Hypothekenbank		Basellandschaftliche	Elisabethenstr. 42	Basel	2208	1907	88	telefonbuch_168	PTT-Archiv, P-260-1_Basel_1907	Basel
Iberg	G.	Optiker	Freiestrasse 65	Basel	1993	1907	88	telefonbuch_168	PTT-Archiv, P-260-1_Basel_1907	Basel
Ilg	Heinrich	Schlossermeister	Spalenvorstadt 33	Basel	3266	1907	88	telefonbuch_168	PTT-Archiv, P-260-1_Basel_1907	Basel
Im Hof - Bronner	Fr. C.		Nauenstrasse 1	Basel	443	1907	88	telefonbuch_168	PTT-Archiv, P-260-1_Basel_1907	Basel
Im Hof - Erb	M.		Leimenstrasse 23	Basel	1922	1907	88	telefonbuch_168	PTT-Archiv, P-260-1_Basel_1907	Basel
Im Hof - Raemy		Frau Wwe.	Birmannsgasse 8	Basel	2655	1907	88	telefonbuch_168	PTT-Archiv, P-260-1_Basel_1907	Basel
Im-Hof & Schaefer			Gerbergasse 44	Basel	2184	1907	89	telefonbuch_169	PTT-Archiv, P-260-1_Basel_1907	Basel
Im-Hof & Schaefer			Mülhauserstrasse 26	Basel	350	1907	89	telefonbuch_169	PTT-Archiv, P-260-1_Basel_1907	Basel
Imhoff-Ernst	Fritz		Birmannsgasse 10	Basel	2648	1907	89	telefonbuch_169	PTT-Archiv, P-260-1_Basel_1907	Basel
Imhoff	Fritz	vormals Chr. v. Chr. Burckhardt	Freiestrasse 4	Basel	1568	1907	89	telefonbuch_169	PTT-Archiv, P-260-1_Basel_1907	Basel
Imhoff-Hübscher	J.	Frau	Eulerstrasse 60	Basel	2728	1907	89	telefonbuch_169	PTT-Archiv, P-260-1_Basel_1907	Basel
Imhoff-Im Hof	E.		Weiherweg 12	Basel	2828	1907	89	telefonbuch_169	PTT-Archiv, P-260-1_Basel_1907	Basel
Imhoff-Lüscher	E.	Frau	Bundesstrasse 23	Basel	4154	1907	89	telefonbuch_169	PTT-Archiv, P-260-1_Basel_1907	Basel
Imhoff-Settelen	E.		Bruderholzstrasse 12	Basel	2506	1907	89	telefonbuch_169	PTT-Archiv, P-260-1_Basel_1907	Basel
Imhoff zum roten Turm			Freiestrasse 2	Basel	1574	1907	89	telefonbuch_169	PTT-Archiv, P-260-1_Basel_1907	Basel
Immer-Klein		Versandlager Basel	Elisabethenstr. 41	Basel	929	1907	89	telefonbuch_169	PTT-Archiv, P-260-1_Basel_1907	Basel
Im Obersteg	C.	"""Urbaine"", Versicherungsbureau"	Wallstrasse 21	Basel	3201	1907	89	telefonbuch_169	PTT-Archiv, P-260-1_Basel_1907	Basel
Im Obersteg	Karl	(Wohnung)	Langegasse 7	Basel	1552	1907	89	telefonbuch_169	PTT-Archiv, P-260-1_Basel_1907	Basel
Im Obersteg	J.		Aeschengraben 28	Basel	4075	1907	89	telefonbuch_169	PTT-Archiv, P-260-1_Basel_1907	Basel
Im Obersteg & Co.		Spedition und Commission	Aeschengraben 28	Basel	2158	1907	89	telefonbuch_169	PTT-Archiv, P-260-1_Basel_1907	Basel
Im Obersteg & Co.		Import	Aeschengraben 28	Basel	4282	1907	89	telefonbuch_169	PTT-Archiv, P-260-1_Basel_1907	Basel
Im Obersteg & Co.		Güterbahnhof	St. Jakobstrasse	Basel	4205	1907	89	telefonbuch_169	PTT-Archiv, P-260-1_Basel_1907	Basel
Im Obersteg & Co.			Bad. Güterbahnhof	Basel	4426	1907	89	telefonbuch_169	PTT-Archiv, P-260-1_Basel_1907	Basel
In Albon-Lorentz	Jules	Weinessig- und Senffabrik	Drahtzugstrasse 69	Basel	3514	1907	89	telefonbuch_169	PTT-Archiv, P-260-1_Basel_1907	Basel
Industriegesellschaft für Schappe		Bureau	Isteinerstrasse 50	Basel	3600	1907	89	telefonbuch_169	PTT-Archiv, P-260-1_Basel_1907	Basel
Industriegesellschaft für Schappe		Fabrik	Isteinerstrasse 32	Basel	3601	1907	89	telefonbuch_169	PTT-Archiv, P-260-1_Basel_1907	Basel
Industriegesellschaft für Schappe		Spinnerei Rappoltshof	Rappoltshof 9	Basel	3279	1907	89	telefonbuch_169	PTT-Archiv, P-260-1_Basel_1907	Basel
Ineichen-Plüss	J.	Hotel Freiburgerhof	Ob. Rebgasse 2	Basel	3252	1907	89	telefonbuch_169	PTT-Archiv, P-260-1_Basel_1907	Basel
Ingold	P.	Bandagist	St. Johannvorst. 8	Basel	164	1907	89	telefonbuch_169	PTT-Archiv, P-260-1_Basel_1907	Basel
Inspektorat der Kleinkinder-Anstalten			Kanonengasse 7	Basel	3255	1907	89	telefonbuch_169	PTT-Archiv, P-260-1_Basel_1907	Basel
Inspektorat der Knabenprimarschule		Wohnung von Dr. Franz Fäh, Inspektor	Oberwilerstrasse 80	Basel	919	1907	89	telefonbuch_169	PTT-Archiv, P-260-1_Basel_1907	Basel
Inspektorat der Mädchenprimarschule		Wohnung von A. Tuchschmid, Inspektor	Schaffh. Rheinweg 71	Basel	987	1907	89	telefonbuch_169	PTT-Archiv, P-260-1_Basel_1907	Basel
Institut für physikalische Therapie			Missionsstrasse 17	Basel	3049	1907	89	telefonbuch_169	PTT-Archiv, P-260-1_Basel_1907	Basel
Internationale Erfindergenossenschaft			Steinenthorstr. 10	Basel	670	1907	89	telefonbuch_169	PTT-Archiv, P-260-1_Basel_1907	Basel
Internationales Arbeitsamt		(Direktor Prof. Bauer)	Obere Rebgasse 1	Basel	1919	1907	89	telefonbuch_169	PTT-Archiv, P-260-1_Basel_1907	Basel
Internationales Reisebureau			Inn. Margarethenstr. 5	Basel	2539	1907	89	telefonbuch_169	PTT-Archiv, P-260-1_Basel_1907	Basel
Iselin	Emanuel		Rittergasse 17	Basel	485	1907	89	telefonbuch_169	PTT-Archiv, P-260-1_Basel_1907	Basel
Iselin-His	E.	Frau	Mittlerestrasse 19	Basel	1417	1907	89	telefonbuch_169	PTT-Archiv, P-260-1_Basel_1907	Basel
Iselin-Kern	Isaak H.	Dr., Rechtsanwalt u. Notar	Aeschenvorstadt 11	Basel	667	1907	89	telefonbuch_169	PTT-Archiv, P-260-1_Basel_1907	Basel
Iselin-Kern	Isaak H.	Dr., Wohnung	St. Albangraben 3	Basel	1723	1907	89	telefonbuch_169	PTT-Archiv, P-260-1_Basel_1907	Basel
Iselin-LaRoche	A. M.	Frau	Elisabethenanlage 39	Basel	535	1907	89	telefonbuch_169	PTT-Archiv, P-260-1_Basel_1907	Basel
Iselin-Merian	Alfr.		Steinengraben 69	Basel	3117	1907	89	telefonbuch_169	PTT-Archiv, P-260-1_Basel_1907	Basel
Iselin-Merian	M.	Wwe., Stallung	Nauenstrasse 5	Basel	536	1907	89	telefonbuch_169	PTT-Archiv, P-260-1_Basel_1907	Basel
Iselin-Passavant		Seidenhof	Blumenrain 34	Basel	1332	1907	89	telefonbuch_169	PTT-Archiv, P-260-1_Basel_1907	Basel
Iselin	Rudolf		Aeschengraben 27	Basel	2136	1907	89	telefonbuch_169	PTT-Archiv, P-260-1_Basel_1907	Basel
Iselin-Sarasin	Isaak	Dr.	Engelgasse 43	Basel	3699	1907	89	telefonbuch_169	PTT-Archiv, P-260-1_Basel_1907	Basel
Iselin & Co.			Rittergasse 22	Basel	1066	1907	89	telefonbuch_169	PTT-Archiv, P-260-1_Basel_1907	Basel
Iselin-Vischer	Alfred		Gartenstrasse 95	Basel	2956	1907	89	telefonbuch_169	PTT-Archiv, P-260-1_Basel_1907	Basel
Israelitische Gemeinde Basel			Eulerstrasse 6	Basel	288	1907	89	telefonbuch_169	PTT-Archiv, P-260-1_Basel_1907	Basel
Israelitischer Spitalverein			Gotthelfstrasse	Basel	512	1907	89	telefonbuch_169	PTT-Archiv, P-260-1_Basel_1907	Basel
Istler-Schweinlin	Wilh.		Grenzacherhorn 121	Basel	3477	1907	89	telefonbuch_169	PTT-Archiv, P-260-1_Basel_1907	Basel
Itin-Wernli	Emil	Metzger	Solothurnerstr. 17	Basel	3883	1907	89	telefonbuch_169	PTT-Archiv, P-260-1_Basel_1907	Basel
Jacky-Mangold	Charles		Spalenring 149	Basel	1001	1907	90	telefonbuch_170	PTT-Archiv, P-260-1_Basel_1907	Basel
Jacky		Summerer & Cie.	Wallstrasse 8	Basel	2210	1907	90	telefonbuch_170	PTT-Archiv, P-260-1_Basel_1907	Basel
Jacky, Summerer & Cie.			Wallstrasse 8	Basel	2204	1907	90	telefonbuch_170	PTT-Archiv, P-260-1_Basel_1907	Basel
Jacky, Summerer & Cie.		Güterbahnhof S. B. B.	St. Jakobstrasse	Basel	4212	1907	90	telefonbuch_170	PTT-Archiv, P-260-1_Basel_1907	Basel
Jacky, Summerer & Cie.			Bad. Güterbahnhof	Basel	4430	1907	90	telefonbuch_170	PTT-Archiv, P-260-1_Basel_1907	Basel
Jaecklé	A.		Holbeinstrasse 38	Basel	1596	1907	90	telefonbuch_170	PTT-Archiv, P-260-1_Basel_1907	Basel
Jaecklé	Alphons	Dr.	Austrasse 94	Basel	3916	1907	90	telefonbuch_170	PTT-Archiv, P-260-1_Basel_1907	Basel
Jäcklin		Gebrüder, Maschinenbau-Werkstätte	Vogesenstrasse 81	Basel	1502	1907	90	telefonbuch_170	PTT-Archiv, P-260-1_Basel_1907	Basel
Jacob-Angele	Aug.	Coiffeur	St. Johannring 145	Basel	194	1907	90	telefonbuch_170	PTT-Archiv, P-260-1_Basel_1907	Basel
Jacob-Wagner	Carl	Coiffeur	Heumattstrasse 3	Basel	392	1907	90	telefonbuch_170	PTT-Archiv, P-260-1_Basel_1907	Basel
Jacobson	Otto		Missionsstrasse 4	Basel	2530	1907	90	telefonbuch_170	PTT-Archiv, P-260-1_Basel_1907	Basel
Jacobsohn	M.	Papeterie, Lithographie	Aeschenvorstadt 52	Basel	2064	1907	90	telefonbuch_170	PTT-Archiv, P-260-1_Basel_1907	Basel
Jäger-Liebrich	Ludw.	Buchbinder	Weissegasse 3	Basel	2004	1907	90	telefonbuch_170	PTT-Archiv, P-260-1_Basel_1907	Basel
Jagerspacher	C.	Dr.	Rheinfelderstr. 32	Basel	3528	1907	90	telefonbuch_170	PTT-Archiv, P-260-1_Basel_1907	Basel
Jäggi	Emil	Coiffeur	Clarastrasse 49	Basel	3421	1907	90	telefonbuch_170	PTT-Archiv, P-260-1_Basel_1907	Basel
Jaisli-Caflisch	Ch.	Wwe., Kaminfegergeschäft	Unt. Heuberg 3	Basel	4469	1907	90	telefonbuch_170	PTT-Archiv, P-260-1_Basel_1907	Basel
Jakob-Kapp	Ludw.	Bäcker	Bläsiringweg 74	Basel	211	1907	90	telefonbuch_170	PTT-Archiv, P-260-1_Basel_1907	Basel
Jakob-Kemmler	Wilh.	Bäcker	St. Johannvorst. 63	Basel	1699	1907	90	telefonbuch_170	PTT-Archiv, P-260-1_Basel_1907	Basel
Jalon	M.		Socinstrasse 30	Basel	89	1907	90	telefonbuch_170	PTT-Archiv, P-260-1_Basel_1907	Basel
Jaquet	Alfred	Prof. Dr.	Schützengraben 13	Basel	175	1907	90	telefonbuch_170	PTT-Archiv, P-260-1_Basel_1907	Basel
Jardini	P. & S.	Bauunternehmer	Thiersteinerallee 34	Basel	757	1907	90	telefonbuch_170	PTT-Archiv, P-260-1_Basel_1907	Basel
Jauch & Henn		Steinmetzbetrieb	Wiesenschanzweg	Basel	542	1907	90	telefonbuch_170	PTT-Archiv, P-260-1_Basel_1907	Basel
Jauslin	Charles Aug.	Confiseur	Austrasse 29	Basel	3022	1907	90	telefonbuch_170	PTT-Archiv, P-260-1_Basel_1907	Basel
Jauslin	Jacques		Tellstrasse 25	Basel	2466	1907	90	telefonbuch_170	PTT-Archiv, P-260-1_Basel_1907	Basel
Jautz-Abele	Engelbert	Wirt	Spalenring 90	Basel	422	1907	90	telefonbuch_170	PTT-Archiv, P-260-1_Basel_1907	Basel
Jecker	Kasimir		Aeschengraben 29	Basel	3276	1907	90	telefonbuch_170	PTT-Archiv, P-260-1_Basel_1907	Basel
Jehle	August	Photograph	Klybeckstrasse 1	Basel	3360	1907	90	telefonbuch_170	PTT-Archiv, P-260-1_Basel_1907	Basel
Jeltsch	A.	& Cie., zum Kaffeebaum	Gerbergasse 93	Basel	2130	1907	90	telefonbuch_170	PTT-Archiv, P-260-1_Basel_1907	Basel
Jeltsch, A., & Cie.		zum Kaffeebaum	Barfüsserplatz 20	Basel	2130	1907	90	telefonbuch_170	PTT-Archiv, P-260-1_Basel_1907	Basel
Jeltsch-Heizmann	A.	Wohnung	Schweizergasse 25	Basel	2959	1907	90	telefonbuch_170	PTT-Archiv, P-260-1_Basel_1907	Basel
Jenny-Flubacher	Hch.		Grellingerstrasse 76	Basel	3966	1907	90	telefonbuch_170	PTT-Archiv, P-260-1_Basel_1907	Basel
Jenny-Hindermann			Steinengraben 23	Basel	2895	1907	90	telefonbuch_170	PTT-Archiv, P-260-1_Basel_1907	Basel
Jenny	Theodor	Conditor	Hardstrasse 60	Basel	217	1907	90	telefonbuch_170	PTT-Archiv, P-260-1_Basel_1907	Basel
Jezler-Lorenz	Heinrich		Rütimeyerstrasse 47	Basel	343	1907	90	telefonbuch_170	PTT-Archiv, P-260-1_Basel_1907	Basel
Jeuch, Eugen, & Cie.			Hardtstrasse 14	Basel	3589	1907	90	telefonbuch_170	PTT-Archiv, P-260-1_Basel_1907	Basel
St. Johann-Apotheke		v. Dr. A. Haefliger	St. Johannvorst. 56	Basel	260	1907	90	telefonbuch_170	PTT-Archiv, P-260-1_Basel_1907	Basel
St. Johann-Schulhaus			Pestalozzistrasse 10	Basel	1535	1907	90	telefonbuch_170	PTT-Archiv, P-260-1_Basel_1907	Basel
Johanni	Ulrich	Dr., prakt. Arzt	St. Johannvorst. 46	Basel	289	1907	90	telefonbuch_170	PTT-Archiv, P-260-1_Basel_1907	Basel
Johannitergarten		Rest. zum (P. Grimm-Jakob)	Elsässerstrasse 16	Basel	237	1907	90	telefonbuch_170	PTT-Archiv, P-260-1_Basel_1907	Basel
Jonasch-Haldi	Frz.	Confiserie	St. Johannring 120	Basel	3256	1907	90	telefonbuch_170	PTT-Archiv, P-260-1_Basel_1907	Basel
Joos	Albert	Dr. (Bureau 28 66)	Sommergasse 48	Basel	805	1907	90	telefonbuch_170	PTT-Archiv, P-260-1_Basel_1907	Basel
Joos-Fattet	Louis		Austrasse 114	Basel	3263	1907	90	telefonbuch_170	PTT-Archiv, P-260-1_Basel_1907	Basel
Joos		Gebrüder, Eisenhandlung	Spalenvorstadt 24	Basel	2620	1907	90	telefonbuch_170	PTT-Archiv, P-260-1_Basel_1907	Basel
Joos-Hohler	Ch.		Austrasse 68	Basel	2873	1907	90	telefonbuch_170	PTT-Archiv, P-260-1_Basel_1907	Basel
Jöri-Flubacher	Fritz		Steinenvorstadt 13	Basel	3407	1907	90	telefonbuch_170	PTT-Archiv, P-260-1_Basel_1907	Basel
Jörin-Graf	Friedr.	Fuhrhalter	Gasstrasse 14	Basel	1636	1907	90	telefonbuch_170	PTT-Archiv, P-260-1_Basel_1907	Basel
Jörin-Suter	J.		Bundesplatz 10	Basel	3097	1907	90	telefonbuch_170	PTT-Archiv, P-260-1_Basel_1907	Basel
Josephskirche		Pfarr-Rektorat	Amerbachstrasse 11	Basel	731	1907	90	telefonbuch_170	PTT-Archiv, P-260-1_Basel_1907	Basel
Jost-Fritz	A.	Gallerten- und Pastetengeschäft	Hutgasse 11	Basel	1325	1907	90	telefonbuch_170	PTT-Archiv, P-260-1_Basel_1907	Basel
Jost-Meister	Alfr.	Metzgermeister	Bläsiringweg 142	Basel	3403	1907	91	telefonbuch_171	PTT-Archiv, P-260-1_Basel_1907	Basel
Jouve	G.	Schirmfabrikant	Stadthausgasse 3	Basel	1638	1907	91	telefonbuch_171	PTT-Archiv, P-260-1_Basel_1907	Basel
Jucker-Madörin	Fr.	Tapezierer	Byfangweg 34	Basel	1932	1907	91	telefonbuch_171	PTT-Archiv, P-260-1_Basel_1907	Basel
Jucker-Meier	G.	Schneidermeister	Solothurnerstr. 52	Basel	1510	1907	91	telefonbuch_171	PTT-Archiv, P-260-1_Basel_1907	Basel
Jucker-Reutter	H.		Sperrstrasse 61	Basel	40	1907	91	telefonbuch_171	PTT-Archiv, P-260-1_Basel_1907	Basel
Jucker-Schaefer	B.		Missionsstrasse 62	Basel	2613	1907	91	telefonbuch_171	PTT-Archiv, P-260-1_Basel_1907	Basel
Juillerat-Bohny	P.	Wirt	Leuengasse 2	Basel	1718	1907	91	telefonbuch_171	PTT-Archiv, P-260-1_Basel_1907	Basel
Juillerat-Vion	P.		Kaufhausgasse 3	Basel	1894	1907	91	telefonbuch_171	PTT-Archiv, P-260-1_Basel_1907	Basel
Jundt	E.	Amtmann	Clarastrasse 10	Basel	3639	1907	91	telefonbuch_171	PTT-Archiv, P-260-1_Basel_1907	Basel
Jung	Jules		Austrasse 57	Basel	976	1907	91	telefonbuch_171	PTT-Archiv, P-260-1_Basel_1907	Basel
Jünglingsvereinsbureau			Freiestrasse 107	Basel	733	1907	91	telefonbuch_171	PTT-Archiv, P-260-1_Basel_1907	Basel
Junker	Carl	Bäckermeister	Elsässerstrasse 14	Basel	1734	1907	91	telefonbuch_171	PTT-Archiv, P-260-1_Basel_1907	Basel
Justizdepartement		Mentelinhof	Münsterplatz 14	Basel	1063	1907	91	telefonbuch_171	PTT-Archiv, P-260-1_Basel_1907	Basel
Jutzler	Elise	Schuhgeschäft	St. Johannring 95	Basel	835	1907	91	telefonbuch_171	PTT-Archiv, P-260-1_Basel_1907	Basel
Anatomisches Institut (Vesalianum)			Vesalgasse 1	Basel	2604	1907	91	telefonbuch_171	PTT-Archiv, P-260-1_Basel_1907	Basel
Arbeitsnachweisbureau			Totengässlein 1/3	Basel	1495	1907	91	telefonbuch_171	PTT-Archiv, P-260-1_Basel_1907	Basel
Armenamt		Bürgerliches	Stadthausgasse 13	Basel	1462	1907	91	telefonbuch_171	PTT-Archiv, P-260-1_Basel_1907	Basel
Bestattungswesen			Domhof	Basel	2165	1907	91	telefonbuch_171	PTT-Archiv, P-260-1_Basel_1907	Basel
Bibliothek		Oeffentliche	Schönbeinstrasse 20	Basel	2636	1907	91	telefonbuch_171	PTT-Archiv, P-260-1_Basel_1907	Basel
Botanisches Institut			Schönbeinstrasse 6	Basel	3151	1907	91	telefonbuch_171	PTT-Archiv, P-260-1_Basel_1907	Basel
Brandversicherungsanstalt			Rathaus	Basel	2318	1907	91	telefonbuch_171	PTT-Archiv, P-260-1_Basel_1907	Basel
Brausebad			Spalenring 133	Basel	201	1907	91	telefonbuch_171	PTT-Archiv, P-260-1_Basel_1907	Basel
Brausebad			St. Johannplatz	Basel	521	1907	91	telefonbuch_171	PTT-Archiv, P-260-1_Basel_1907	Basel
Brausebad			Claragraben 96	Basel	560	1907	91	telefonbuch_171	PTT-Archiv, P-260-1_Basel_1907	Basel
Chemische Anstalt der Universität			Bernoullianum	Basel	178	1907	91	telefonbuch_171	PTT-Archiv, P-260-1_Basel_1907	Basel
Chemisches Laboratorium der Universität		II. Abt.	Unt. Rheingasse 19	Basel	1254	1907	91	telefonbuch_171	PTT-Archiv, P-260-1_Basel_1907	Basel
Civilgerichtsschreiberei			Bäumleingasse 1	Basel	1847	1907	91	telefonbuch_171	PTT-Archiv, P-260-1_Basel_1907	Basel
Civilstandsbureau			Domhof	Basel	1799	1907	91	telefonbuch_171	PTT-Archiv, P-260-1_Basel_1907	Basel
Departement des Innern			Rathaus	Basel	1387	1907	91	telefonbuch_171	PTT-Archiv, P-260-1_Basel_1907	Basel
Erziehungsdepartement		(Mentelinhof)	Münsterplatz 14	Basel	1063	1907	91	telefonbuch_171	PTT-Archiv, P-260-1_Basel_1907	Basel
Erziehungsdepartement		Kleiderverteilung	Klein Klingenthal 19	Basel	391	1907	91	telefonbuch_171	PTT-Archiv, P-260-1_Basel_1907	Basel
Finanzdepartement			Rathaus	Basel	2390	1907	91	telefonbuch_171	PTT-Archiv, P-260-1_Basel_1907	Basel
Frauenspital			Klingelbergstr. 50	Basel	1538	1907	91	telefonbuch_171	PTT-Archiv, P-260-1_Basel_1907	Basel
Friedmatt		Heil- und Pflegeanstalt	Milchsuppen	Basel	1477	1907	91	telefonbuch_171	PTT-Archiv, P-260-1_Basel_1907	Basel
Ganthaus			Steinenthorstrasse 7	Basel	2198	1907	91	telefonbuch_171	PTT-Archiv, P-260-1_Basel_1907	Basel
Gewerbe-Inspektorat			Rathaus	Basel	137	1907	91	telefonbuch_171	PTT-Archiv, P-260-1_Basel_1907	Basel
Gewerbemuseum			Spalenvorstadt 2	Basel	2611	1907	91	telefonbuch_171	PTT-Archiv, P-260-1_Basel_1907	Basel
Grossratssaal			Rathaus	Basel	1680	1907	91	telefonbuch_171	PTT-Archiv, P-260-1_Basel_1907	Basel
Grossratssaal		Journalistentribüne	Rathaus	Basel	1035	1907	91	telefonbuch_171	PTT-Archiv, P-260-1_Basel_1907	Basel
Grundbuchgeometerbureau			Domhof	Basel	1812	1907	91	telefonbuch_171	PTT-Archiv, P-260-1_Basel_1907	Basel
Grundbuchverwaltung			Domhof	Basel	1766	1907	91	telefonbuch_171	PTT-Archiv, P-260-1_Basel_1907	Basel
Handelsregister			Domhof	Basel	1766	1907	91	telefonbuch_171	PTT-Archiv, P-260-1_Basel_1907	Basel
Historisches Museum		Verwaltung	Steinenberg 4	Basel	2346	1907	92	telefonbuch_172	PTT-Archiv, P-260-1_Basel_1907	Basel
Hülfsspital			Burgfelderstr. 101	Basel	895	1907	92	telefonbuch_172	PTT-Archiv, P-260-1_Basel_1907	Basel
Hygienische Anstalt			Petersplatz 10	Basel	261	1907	92	telefonbuch_172	PTT-Archiv, P-260-1_Basel_1907	Basel
Inspektorat der Knabenprimarschule				Basel	919	1907	92	telefonbuch_172	PTT-Archiv, P-260-1_Basel_1907	Basel
Fäh	Franz	Dr., Inspektor, Wohnung von	Oberwilerstrasse 80	Basel		1907	92	telefonbuch_172	PTT-Archiv, P-260-1_Basel_1907	Basel
Inspektorat der Mädchenprimarschule				Basel	987	1907	92	telefonbuch_172	PTT-Archiv, P-260-1_Basel_1907	Basel
Tuchschmid	A.	Inspektor, Wohnung von	Schaffh. Rheinweg 71	Basel		1907	92	telefonbuch_172	PTT-Archiv, P-260-1_Basel_1907	Basel
Justizdepartement		Mentelinhof	Münsterplatz 14	Basel	1063	1907	92	telefonbuch_172	PTT-Archiv, P-260-1_Basel_1907	Basel
Kanalisationsbureau			Münsterplatz 10	Basel	1826	1907	92	telefonbuch_172	PTT-Archiv, P-260-1_Basel_1907	Basel
Kantonalbank, Basler			Blumenrain 2	Basel	1336	1907	92	telefonbuch_172	PTT-Archiv, P-260-1_Basel_1907	Basel
Kantonalbank, Basler		Dieselbe, Spezialdienst	Blumenrain 2	Basel	177	1907	92	telefonbuch_172	PTT-Archiv, P-260-1_Basel_1907	Basel
Kantons-Chemiker		Prof. Dr. H. Kreis	Petersplatz 10	Basel	1422	1907	92	telefonbuch_172	PTT-Archiv, P-260-1_Basel_1907	Basel
Kantons-Tierarzt			Domhof	Basel	1660	1907	92	telefonbuch_172	PTT-Archiv, P-260-1_Basel_1907	Basel
Kaserne		Bureau des Schulkommandos	Klingenthal	Basel	1264	1907	92	telefonbuch_172	PTT-Archiv, P-260-1_Basel_1907	Basel
Kasernenverwaltung		F. Zweig	Klingenthal	Basel	1272	1907	92	telefonbuch_172	PTT-Archiv, P-260-1_Basel_1907	Basel
Kleinkinder-Anstalten		Inspektorat	Kanonengasse 7	Basel	3255	1907	92	telefonbuch_172	PTT-Archiv, P-260-1_Basel_1907	Basel
Konkursamt			Bäumleingasse 3	Basel	1747	1907	92	telefonbuch_172	PTT-Archiv, P-260-1_Basel_1907	Basel
Kontrollbureau			Lohnhof	Basel	2367	1907	92	telefonbuch_172	PTT-Archiv, P-260-1_Basel_1907	Basel
Kreiskommando			Petersgraben 46	Basel	1426	1907	92	telefonbuch_172	PTT-Archiv, P-260-1_Basel_1907	Basel
Mineralogisch-geologische Anstalt der Universität			Münsterplatz 7	Basel	1054	1907	92	telefonbuch_172	PTT-Archiv, P-260-1_Basel_1907	Basel
Museum			Augustinergasse 2	Basel	1155	1907	92	telefonbuch_172	PTT-Archiv, P-260-1_Basel_1907	Basel
Museum		Dasselbe, Kunstsammlung	Augustinergasse 2	Basel	433	1907	92	telefonbuch_172	PTT-Archiv, P-260-1_Basel_1907	Basel
Pathologisch-anatomische Anstalt			Hebelstrasse 2	Basel	122	1907	92	telefonbuch_172	PTT-Archiv, P-260-1_Basel_1907	Basel
Physikalische Anstalt			Bernoullianum	Basel	1451	1907	92	telefonbuch_172	PTT-Archiv, P-260-1_Basel_1907	Basel
Poliklinik		Allgemeine	Hebelstrasse 1	Basel	1421	1907	92	telefonbuch_172	PTT-Archiv, P-260-1_Basel_1907	Basel
Poliklinik		geburtsh.-gynaecolog.	Johanniterstrasse 81	Basel	1538	1907	92	telefonbuch_172	PTT-Archiv, P-260-1_Basel_1907	Basel
Polizeidepartement				Basel		1907	92	telefonbuch_172	PTT-Archiv, P-260-1_Basel_1907	Basel
Polizeikommando		Hauptwache u. Journalbur.	Lohnhof	Basel	51	1907	92	telefonbuch_172	PTT-Archiv, P-260-1_Basel_1907	Basel
Administrativ- und Strafsachenabteilung			Lohnhof	Basel	403	1907	92	telefonbuch_172	PTT-Archiv, P-260-1_Basel_1907	Basel
Polizeigericht			Bäumleingasse 1	Basel	1765	1907	92	telefonbuch_172	PTT-Archiv, P-260-1_Basel_1907	Basel
Primarschulinspektoren		Bureau	Münsterplatz 19	Basel	124	1907	92	telefonbuch_172	PTT-Archiv, P-260-1_Basel_1907	Basel
Rektorat der Mädchensekundarschule				Basel	371	1907	92	telefonbuch_172	PTT-Archiv, P-260-1_Basel_1907	Basel
Müller	Herm.	Rektor, Wohnung von	Neubadstrasse 17	Basel		1907	92	telefonbuch_172	PTT-Archiv, P-260-1_Basel_1907	Basel
Rettungsanstalt, kantonale			Klosterfichten	Basel	4038	1907	92	telefonbuch_172	PTT-Archiv, P-260-1_Basel_1907	Basel
Salzfaktorat Basel-Stadt			Dreispitz	Basel	4257	1907	92	telefonbuch_172	PTT-Archiv, P-260-1_Basel_1907	Basel
Sanitätsdepartement			Münsterplatz 20	Basel	1757	1907	92	telefonbuch_172	PTT-Archiv, P-260-1_Basel_1907	Basel
Sanitätskommissär II			Klein Klingenthal 19	Basel	1281	1907	92	telefonbuch_172	PTT-Archiv, P-260-1_Basel_1907	Basel
Schiessplatz, neuer		Abwartwohnung	Allschwilerweiher	Basel	3128	1907	92	telefonbuch_172	PTT-Archiv, P-260-1_Basel_1907	Basel
Schlachthaus		Bureau der Viehrampe	Elsässerstrasse 4	Basel	323	1907	92	telefonbuch_172	PTT-Archiv, P-260-1_Basel_1907	Basel
Schlachthausverwaltung			Elsässerstrasse 4	Basel	1735	1907	92	telefonbuch_172	PTT-Archiv, P-260-1_Basel_1907	Basel
Staatsanwaltschaft			Lohnhof	Basel	3119	1907	92	telefonbuch_172	PTT-Archiv, P-260-1_Basel_1907	Basel
Staatsarchiv			Martinsgasse 2	Basel	1331	1907	92	telefonbuch_172	PTT-Archiv, P-260-1_Basel_1907	Basel
Staatskasse Basel-Stadt			Rathaus	Basel	2390	1907	92	telefonbuch_172	PTT-Archiv, P-260-1_Basel_1907	Basel
Staatskanzlei			Rathaus	Basel	1387	1907	92	telefonbuch_172	PTT-Archiv, P-260-1_Basel_1907	Basel
Statistisches Amt Basel-Stadt			Rathaus	Basel	1288	1907	92	telefonbuch_172	PTT-Archiv, P-260-1_Basel_1907	Basel
Stempelamt			Rathaus	Basel	2318	1907	92	telefonbuch_172	PTT-Archiv, P-260-1_Basel_1907	Basel
Steuerverwaltung I		Einkommens-, Vermögens- und Erbschaftssteuer	Rathaus	Basel	2404	1907	92	telefonbuch_172	PTT-Archiv, P-260-1_Basel_1907	Basel
Steuerverwaltung II		(Städtische Gemeindesteuer, Feuerwehr-, Beleuchtungs- u. Reinigungssteuer)	Rathaus	Basel	1649	1907	93	telefonbuch_173	PTT-Archiv, P-260-1_Basel_1907	Basel
Strafgericht			Bäumleingasse 1	Basel	1754	1907	93	telefonbuch_173	PTT-Archiv, P-260-1_Basel_1907	Basel
Strafanstalt		Direktion	Strafanstalt	Basel	1665	1907	93	telefonbuch_173	PTT-Archiv, P-260-1_Basel_1907	Basel
Strasseninspektorat		Bureau	Obere Rebgasse 1	Basel	3218	1907	93	telefonbuch_173	PTT-Archiv, P-260-1_Basel_1907	Basel
Strasseninspektorat		Wohnung des Inspektors	Spalenring 158	Basel	271	1907	93	telefonbuch_173	PTT-Archiv, P-260-1_Basel_1907	Basel
Unfallbureau			Rathaus	Basel	137	1907	93	telefonbuch_173	PTT-Archiv, P-260-1_Basel_1907	Basel
Universität			Rheinsprung 7	Basel	1169	1907	93	telefonbuch_173	PTT-Archiv, P-260-1_Basel_1907	Basel
Verwaltung der öffentlichen Materiallagerplätze			Dreispitz	Basel	4257	1907	93	telefonbuch_173	PTT-Archiv, P-260-1_Basel_1907	Basel
Waisenamt		(Mentelinhof)	Münsterplatz 14	Basel	1070	1907	93	telefonbuch_173	PTT-Archiv, P-260-1_Basel_1907	Basel
Waisenhaus		(Waisenvater)	Theodorskirchplatz 7	Basel	1153	1907	93	telefonbuch_173	PTT-Archiv, P-260-1_Basel_1907	Basel
Waisenhaus		(Verwalterbureau)	Theodorskirchplatz 7	Basel	1132	1907	93	telefonbuch_173	PTT-Archiv, P-260-1_Basel_1907	Basel
Wasenmeisterei			Fabrikstrasse 50	Basel	335	1907	93	telefonbuch_173	PTT-Archiv, P-260-1_Basel_1907	Basel
Zeughausverwaltung			Petersgraben 44	Basel	1781	1907	93	telefonbuch_173	PTT-Archiv, P-260-1_Basel_1907	Basel
Käch-Scherrer	Fr.	Dr.	Thiersteinerallee 31	Basel	3897	1907	93	telefonbuch_173	PTT-Archiv, P-260-1_Basel_1907	Basel
Kachler	Gotthilf	Metzgermeister	Amerbachstrasse 22	Basel	3288	1907	93	telefonbuch_173	PTT-Archiv, P-260-1_Basel_1907	Basel
Kaffeewirtschaft zu St. Margarethen			Gundoldingerstr. 1	Basel	4053	1907	93	telefonbuch_173	PTT-Archiv, P-260-1_Basel_1907	Basel
Kägi	J. J.	Kupferschmied	Spiegelgasse 4	Basel	791	1907	93	telefonbuch_173	PTT-Archiv, P-260-1_Basel_1907	Basel
Kahn	Albert	Weinhandlung	Nonnenweg 4	Basel	4448	1907	93	telefonbuch_173	PTT-Archiv, P-260-1_Basel_1907	Basel
Kahn	Berth.	Centralverkauf v. Rud. Weill & Co.	Leonhardsgraben 10	Basel	3397	1907	93	telefonbuch_173	PTT-Archiv, P-260-1_Basel_1907	Basel
Kahn	Berth.		Burgunderstrasse 13	Basel	4168	1907	93	telefonbuch_173	PTT-Archiv, P-260-1_Basel_1907	Basel
Kahn-Burger	Daniel	Wohnung	Austrasse 87	Basel	4459	1907	93	telefonbuch_173	PTT-Archiv, P-260-1_Basel_1907	Basel
Kahn	D.	Weinhandlung, Bureau	Hint. Spitalstr. 2	Basel	2696	1907	93	telefonbuch_173	PTT-Archiv, P-260-1_Basel_1907	Basel
Kahn		Restaurant	Schützengraben 16	Basel	2718	1907	93	telefonbuch_173	PTT-Archiv, P-260-1_Basel_1907	Basel
Kahn	S.	Weinhandlung	Austrasse 83	Basel	944	1907	93	telefonbuch_173	PTT-Archiv, P-260-1_Basel_1907	Basel
Kaiser	J. Louis	Costumier	Utengasse 21	Basel	1258	1907	93	telefonbuch_173	PTT-Archiv, P-260-1_Basel_1907	Basel
Kaiser's Kaffeegeschäft			Güterstrasse 309	Basel	3704	1907	93	telefonbuch_173	PTT-Archiv, P-260-1_Basel_1907	Basel
Kaiser & Cie		vorm Louis Kaiser	Elisabethenstr. 58	Basel	2237	1907	93	telefonbuch_173	PTT-Archiv, P-260-1_Basel_1907	Basel
Kaelin	A.	schweiz. Oel-Importhaus	Freiburgerstrasse 13	Basel	4035	1907	93	telefonbuch_173	PTT-Archiv, P-260-1_Basel_1907	Basel
Kaelin-Sagnol	Jos.		Thiersteinerallee 38	Basel	616	1907	93	telefonbuch_173	PTT-Archiv, P-260-1_Basel_1907	Basel
Kaller	Jos.	Erster Schweiz. Hutbazar	Gerbergasse 71	Basel	1861	1907	93	telefonbuch_173	PTT-Archiv, P-260-1_Basel_1907	Basel
Kaltenbach-Lang	Jos.	Wirt	Bahnhofstrasse 1	Basel	3372	1907	93	telefonbuch_173	PTT-Archiv, P-260-1_Basel_1907	Basel
Kämpf	Emil	Konditor	Spalenberg 35	Basel	2642	1907	93	telefonbuch_173	PTT-Archiv, P-260-1_Basel_1907	Basel
Kanalisationsbureau			Münsterplatz 10	Basel	1826	1907	93	telefonbuch_173	PTT-Archiv, P-260-1_Basel_1907	Basel
Kanderner Thonwarenfabrik		E. Kammüller	Drahtzugstrasse 14	Basel	746	1907	93	telefonbuch_173	PTT-Archiv, P-260-1_Basel_1907	Basel
Kantonalbank, Basler			Blumenrain 2	Basel	1336	1907	93	telefonbuch_173	PTT-Archiv, P-260-1_Basel_1907	Basel
Kantonalbank, Basler		Spezialdienst	Blumenrain 2	Basel	177	1907	93	telefonbuch_173	PTT-Archiv, P-260-1_Basel_1907	Basel
Kantons-Chemiker		(Prof. Dr. H. Kreis)	Petersplatz 10	Basel	1422	1907	93	telefonbuch_173	PTT-Archiv, P-260-1_Basel_1907	Basel
Kantonstierarzt		Domhof	Münsterplatz 12	Basel	1660	1907	93	telefonbuch_173	PTT-Archiv, P-260-1_Basel_1907	Basel
Kapfer	Xaver		St. Johannring 6	Basel	1081	1907	93	telefonbuch_173	PTT-Archiv, P-260-1_Basel_1907	Basel
Kapp	Emil		Schützenmattstr. 9	Basel	2570	1907	93	telefonbuch_173	PTT-Archiv, P-260-1_Basel_1907	Basel
Kapp-Blum	Herm.	Metzger	Matthäusstrasse 8	Basel	519	1907	93	telefonbuch_173	PTT-Archiv, P-260-1_Basel_1907	Basel
Karch-Baumann	Joh.		Münchensteinerstr. 136	Basel	4066	1907	93	telefonbuch_173	PTT-Archiv, P-260-1_Basel_1907	Basel
Karcher	Hans	Dr. med.	Eulerstrasse 33	Basel	2044	1907	93	telefonbuch_173	PTT-Archiv, P-260-1_Basel_1907	Basel
Karcher	Jacques		Kanonengasse 21	Basel	2755	1907	93	telefonbuch_173	PTT-Archiv, P-260-1_Basel_1907	Basel
Karl-Nussbaumer	Fritz		Leonhardsgraben 20	Basel	2761	1907	93	telefonbuch_173	PTT-Archiv, P-260-1_Basel_1907	Basel
Karli	W.		Ochsengasse 3	Basel	1255	1907	94	telefonbuch_174	PTT-Archiv, P-260-1_Basel_1907	Basel
Karli	W.	Filiale	Schneidergasse 26	Basel	1107	1907	94	telefonbuch_174	PTT-Archiv, P-260-1_Basel_1907	Basel
Karli	W.	Filiale	Bachlettenstr. 47	Basel	2221	1907	94	telefonbuch_174	PTT-Archiv, P-260-1_Basel_1907	Basel
Kartonnagenfabrik J. Kestenholz Söhne			Elisabethenstr. 41	Basel	2383	1907	94	telefonbuch_174	PTT-Archiv, P-260-1_Basel_1907	Basel
Kaserne		Bureau des Schulkommandos (nur während der Militärkurse)	Klingenthal	Basel	1264	1907	94	telefonbuch_174	PTT-Archiv, P-260-1_Basel_1907	Basel
Kasernenverwaltung		(F. Zweig)	Klingenthal	Basel	1272	1907	94	telefonbuch_174	PTT-Archiv, P-260-1_Basel_1907	Basel
Katholische Landeskirche		(Pfr. Weckerle)	Friedensgasse 40	Basel	2517	1907	94	telefonbuch_174	PTT-Archiv, P-260-1_Basel_1907	Basel
Katholische Landeskirche		Pfr. Küry	Florastrasse 33	Basel	1721	1907	94	telefonbuch_174	PTT-Archiv, P-260-1_Basel_1907	Basel
Katholisches Vereinshaus		(Hotel Basler Hof)	Clarastrasse 38	Basel	3702	1907	94	telefonbuch_174	PTT-Archiv, P-260-1_Basel_1907	Basel
Katz	E.	Dr., Holbein-Apotheke	Oberwilerstrasse 7	Basel	3011	1907	94	telefonbuch_174	PTT-Archiv, P-260-1_Basel_1907	Basel
Kauffmann-Gerber	F.		Klybeckstrasse 69	Basel	3291	1907	94	telefonbuch_174	PTT-Archiv, P-260-1_Basel_1907	Basel
Kaufmann	Adolph		Mostackerstrasse 11	Basel	4123	1907	94	telefonbuch_174	PTT-Archiv, P-260-1_Basel_1907	Basel
Kaufmann-Burckhardt	J.	Wwe.	Zürcherstrasse 65	Basel	762	1907	94	telefonbuch_174	PTT-Archiv, P-260-1_Basel_1907	Basel
Kaufmann	Ed.	Prof.	Maiengasse 57	Basel	3792	1907	94	telefonbuch_174	PTT-Archiv, P-260-1_Basel_1907	Basel
Kaufmann	Jakob	Wirt	Amerbachstrasse 14	Basel	302	1907	94	telefonbuch_174	PTT-Archiv, P-260-1_Basel_1907	Basel
Kaufmann-Lieberg	D.		Weiherweg 32	Basel	988	1907	94	telefonbuch_174	PTT-Archiv, P-260-1_Basel_1907	Basel
Kaufmann-Merkle	A.		Leonhardsgraben 3	Basel	3067	1907	94	telefonbuch_174	PTT-Archiv, P-260-1_Basel_1907	Basel
Kaufmann	R.	feine Lederwaren	Freiestrasse 97	Basel	1903	1907	94	telefonbuch_174	PTT-Archiv, P-260-1_Basel_1907	Basel
Kaufmann-Streckeisen	Alfred		Engelgasse 115	Basel	3578	1907	94	telefonbuch_174	PTT-Archiv, P-260-1_Basel_1907	Basel
Kaufmann-Sturm	J.	Wirt	Isteinerstrasse 70	Basel	3503	1907	94	telefonbuch_174	PTT-Archiv, P-260-1_Basel_1907	Basel
Kaufmann & Co.		Bankgeschäft	Leonhardsgraben 3	Basel	2719	1907	94	telefonbuch_174	PTT-Archiv, P-260-1_Basel_1907	Basel
Kaufmann & Dorner			Reinacherstrasse 10	Basel	4026	1907	94	telefonbuch_174	PTT-Archiv, P-260-1_Basel_1907	Basel
Kaufmännischer Verein Basel		Sekretariat, Stellenvermittlung	Kornhausgasse 2	Basel	4417	1907	94	telefonbuch_174	PTT-Archiv, P-260-1_Basel_1907	Basel
Kaufmännischer Verein Basel		Handelsschule: Rektorat	Kornhausgasse 2	Basel	4417	1907	94	telefonbuch_174	PTT-Archiv, P-260-1_Basel_1907	Basel
Käumlen	M.	Handelsgärtner	Landskronstrasse 80	Basel	1444	1907	94	telefonbuch_174	PTT-Archiv, P-260-1_Basel_1907	Basel
Kaus-Brodbeck	A.	Wwe.	Aeschenvorstadt 57	Basel	1945	1907	94	telefonbuch_174	PTT-Archiv, P-260-1_Basel_1907	Basel
Keckeis	Th.	Wwe.	Drahtzugstrasse 34	Basel	3314	1907	94	telefonbuch_174	PTT-Archiv, P-260-1_Basel_1907	Basel
Kehlstadt-Bauler	Louis	Tapezierer	Gerbergasse 38	Basel	3026	1907	94	telefonbuch_174	PTT-Archiv, P-260-1_Basel_1907	Basel
Kehlstadt-David	W.	Metzgermeister	Aeschenvorstadt 46	Basel	2070	1907	94	telefonbuch_174	PTT-Archiv, P-260-1_Basel_1907	Basel
Kehlstadt-Hindermann	Adolf		Missionsstrasse 48	Basel	869	1907	94	telefonbuch_174	PTT-Archiv, P-260-1_Basel_1907	Basel
Kehlstadt-Schilling	L.	Wohnung	Schützenmattstr. 77	Basel	961	1907	94	telefonbuch_174	PTT-Archiv, P-260-1_Basel_1907	Basel
Keller	Albert	Tierarzt	Margarethenstr. 79	Basel	2145	1907	94	telefonbuch_174	PTT-Archiv, P-260-1_Basel_1907	Basel
Keller	Fr.	Basler Stempelfabrik	Bäumleingasse 12	Basel	209	1907	94	telefonbuch_174	PTT-Archiv, P-260-1_Basel_1907	Basel
Keller	Gebrüder	allgemeine Droschkenanstalt	Margarethenstr. 79	Basel	2145	1907	94	telefonbuch_174	PTT-Archiv, P-260-1_Basel_1907	Basel
Keller	Gebrüder	allgemeine Droschkenanstalt	Drahtzugstrasse 16	Basel	3470	1907	94	telefonbuch_174	PTT-Archiv, P-260-1_Basel_1907	Basel
Keller	Gebrüder	allgemeine Droschkenanstalt	Margarethenstr. 79	Basel	4001	1907	94	telefonbuch_174	PTT-Archiv, P-260-1_Basel_1907	Basel
Keller	Gebrüder	allgemeine Droschkenanstalt	Drahtzugstrasse 16	Basel	3356	1907	94	telefonbuch_174	PTT-Archiv, P-260-1_Basel_1907	Basel
Keller-Hartmann	J. H.	Gold- u. Silberhandlung	Eisengasse 32	Basel	1782	1907	94	telefonbuch_174	PTT-Archiv, P-260-1_Basel_1907	Basel
Keller-Kilchenmann	Ernst	Zahnarzt	Socinstrasse 6	Basel	2622	1907	94	telefonbuch_174	PTT-Archiv, P-260-1_Basel_1907	Basel
Keller-Schacher	Wilh.	Fuhrhalter	Lothringerstrasse 30	Basel	1648	1907	94	telefonbuch_174	PTT-Archiv, P-260-1_Basel_1907	Basel
Keller-Schmid	J.	Wwe.	Steinenvorstadt 10	Basel	1359	1907	94	telefonbuch_174	PTT-Archiv, P-260-1_Basel_1907	Basel
Keller & Cie.			Aeschenvorstadt 51	Basel	346	1907	94	telefonbuch_174	PTT-Archiv, P-260-1_Basel_1907	Basel
Kellerhals, Bellasio & Cie.			Unt. Rebgasse 11/13	Basel	1160	1907	94	telefonbuch_174	PTT-Archiv, P-260-1_Basel_1907	Basel
Kellerhals-Braun	Th.		Strassburgerallee 76	Basel	513	1907	94	telefonbuch_174	PTT-Archiv, P-260-1_Basel_1907	Basel
Kellerhals-Uhlmann	J. C.		Feierabendstr. 65	Basel	2609	1907	94	telefonbuch_174	PTT-Archiv, P-260-1_Basel_1907	Basel
Kelterborn	G. & J.	Architekten	Blumenrain 22	Basel	1334	1907	94	telefonbuch_174	PTT-Archiv, P-260-1_Basel_1907	Basel
Kelterborn-Krayer	C.		Spalenring 156	Basel	268	1907	94	telefonbuch_174	PTT-Archiv, P-260-1_Basel_1907	Basel
de Kermel	O.	Ingenieur	Birmannsgasse 47	Basel	4088	1907	95	telefonbuch_175	PTT-Archiv, P-260-1_Basel_1907	Basel
Kern	Dr. A.		Burgunderstrasse 42	Basel	2843	1907	95	telefonbuch_175	PTT-Archiv, P-260-1_Basel_1907	Basel
Kern-Alioth			St. Albananlage 38	Basel	1900	1907	95	telefonbuch_175	PTT-Archiv, P-260-1_Basel_1907	Basel
Kern	Aug.	Sohn von Kern-Schalch, Bauschlosserei und Eisenmöbelfabrik	Schlettstadterstr. 24	Basel	881	1907	95	telefonbuch_175	PTT-Archiv, P-260-1_Basel_1907	Basel
Kern-His	Dr. Ed.	(Wohnung)	Petersplatz 12	Basel	1536	1907	95	telefonbuch_175	PTT-Archiv, P-260-1_Basel_1907	Basel
Kern	J. Rud.	Cigarrenhandlung	Freiestrasse 38	Basel	1810	1907	95	telefonbuch_175	PTT-Archiv, P-260-1_Basel_1907	Basel
Kern	J. Rud.		Greifengasse 19	Basel	1251	1907	95	telefonbuch_175	PTT-Archiv, P-260-1_Basel_1907	Basel
Kern	Maria		Steinenring 42	Basel	1522	1907	95	telefonbuch_175	PTT-Archiv, P-260-1_Basel_1907	Basel
Kern	Oskar	St. Clara - Droguerie	Rebgasse 10	Basel	233	1907	95	telefonbuch_175	PTT-Archiv, P-260-1_Basel_1907	Basel
Kern-Ryhiner	A.		St. Johannvorstadt 5	Basel	1300	1907	95	telefonbuch_175	PTT-Archiv, P-260-1_Basel_1907	Basel
Kern Sohn & Co.			Spitalstrasse 4	Basel	1365	1907	95	telefonbuch_175	PTT-Archiv, P-260-1_Basel_1907	Basel
Kernen-Heer	Rob.		Aeschenvorstadt 75	Basel	2451	1907	95	telefonbuch_175	PTT-Archiv, P-260-1_Basel_1907	Basel
Kessler	Daniel	Architekt	Mittlerestrasse 78	Basel	4092	1907	95	telefonbuch_175	PTT-Archiv, P-260-1_Basel_1907	Basel
Kessler	Ludwig		Greifengasse 32	Basel	3401	1907	95	telefonbuch_175	PTT-Archiv, P-260-1_Basel_1907	Basel
Kessler	Hans	Baumeister	Breisacherstrasse 81	Basel	3338	1907	95	telefonbuch_175	PTT-Archiv, P-260-1_Basel_1907	Basel
Kestenholz Söhne	J.	Kartonnagenfabrik	Elisabethenstr. 41	Basel	2383	1907	95	telefonbuch_175	PTT-Archiv, P-260-1_Basel_1907	Basel
Kestenholz & Ortstein			Nadelberg 18	Basel	314	1907	95	telefonbuch_175	PTT-Archiv, P-260-1_Basel_1907	Basel
Kiebele-Meyer	Aug.	Bäckermeister	Dornacherstrasse 258	Basel	618	1907	95	telefonbuch_175	PTT-Archiv, P-260-1_Basel_1907	Basel
Kiefer-Brüderlin	E.	Adjunkt des Direktors der Basler Strassenbahnen	Kandererstrasse 32	Basel	91	1907	95	telefonbuch_175	PTT-Archiv, P-260-1_Basel_1907	Basel
Kiefer	Charles		Clarastrasse 16	Basel	1984	1907	95	telefonbuch_175	PTT-Archiv, P-260-1_Basel_1907	Basel
Kiefer	Georg		Münchensteinerstr. 69	Basel	3983	1907	95	telefonbuch_175	PTT-Archiv, P-260-1_Basel_1907	Basel
Kiefer	G.	& Co.	Gerbergasse 14	Basel	1520	1907	95	telefonbuch_175	PTT-Archiv, P-260-1_Basel_1907	Basel
Kiefer	G.	& Co.	Freiestrasse 36	Basel	1209	1907	95	telefonbuch_175	PTT-Archiv, P-260-1_Basel_1907	Basel
Kiefer-Henke	A.		Spalenberg 59	Basel	2003	1907	95	telefonbuch_175	PTT-Archiv, P-260-1_Basel_1907	Basel
Kiefer-Herde	Joseph		Elsässerstrasse 39	Basel	338	1907	95	telefonbuch_175	PTT-Archiv, P-260-1_Basel_1907	Basel
Kiefer	Hermann	Cigarrenhandlung	Aeschenvorstadt 2	Basel	2013	1907	95	telefonbuch_175	PTT-Archiv, P-260-1_Basel_1907	Basel
Kiefer-Lehner	K. F.		Isteinerstrasse 102	Basel	1042	1907	95	telefonbuch_175	PTT-Archiv, P-260-1_Basel_1907	Basel
Kienast-Blattner	Alb.	Spenglermeister	Klingenthalstr. 55	Basel	3458	1907	95	telefonbuch_175	PTT-Archiv, P-260-1_Basel_1907	Basel
Kienast	L.		Hardstrasse 117	Basel	2569	1907	95	telefonbuch_175	PTT-Archiv, P-260-1_Basel_1907	Basel
Kinderhorte der Primarschulen		Leitung: P. Baumann	Ob. Rheinweg 93	Basel	3262	1907	95	telefonbuch_175	PTT-Archiv, P-260-1_Basel_1907	Basel
Kinderspital			Burgweg 22	Basel	1128	1907	95	telefonbuch_175	PTT-Archiv, P-260-1_Basel_1907	Basel
Kindhauser-Gebhardt	R.		Eisengasse 9	Basel	170	1907	95	telefonbuch_175	PTT-Archiv, P-260-1_Basel_1907	Basel
Kirchhofer	F.		Metzerstrasse 22	Basel	27	1907	95	telefonbuch_175	PTT-Archiv, P-260-1_Basel_1907	Basel
Kissel	Wwe.	Hotel goldener Stern	Aeschenvorstadt 44	Basel	2293	1907	95	telefonbuch_175	PTT-Archiv, P-260-1_Basel_1907	Basel
Kissner-Meier	Fr.	Fassholzhauerei	Oetlingerstrasse 171	Basel	2698	1907	95	telefonbuch_175	PTT-Archiv, P-260-1_Basel_1907	Basel
Kist-Marquardt	Lukas	Küfermeister	Güterstrasse 96	Basel	863	1907	95	telefonbuch_175	PTT-Archiv, P-260-1_Basel_1907	Basel
Kitt	Aug.	Bäckermeister	Klingenthalstr. 87	Basel	3471	1907	95	telefonbuch_175	PTT-Archiv, P-260-1_Basel_1907	Basel
Klaiber-Desponds	Louis		Güterstrasse 88	Basel	4077	1907	95	telefonbuch_175	PTT-Archiv, P-260-1_Basel_1907	Basel
Klaiber-Dettinger	Wwe. Emma		Spalenthorweg 34	Basel	4177	1907	95	telefonbuch_175	PTT-Archiv, P-260-1_Basel_1907	Basel
Klaiber	R.		Feierabendstrasse 12	Basel	2431	1907	95	telefonbuch_175	PTT-Archiv, P-260-1_Basel_1907	Basel
Klaiber-Vest	Richard		Feierabendstrasse 12	Basel	2431	1907	95	telefonbuch_175	PTT-Archiv, P-260-1_Basel_1907	Basel
Klaraschulhaus			Claragraben 59	Basel	3638	1907	95	telefonbuch_175	PTT-Archiv, P-260-1_Basel_1907	Basel
Kleeb-Willi		Spezerei- und Schinkenhandlung	Mittlerestrasse 67	Basel	1466	1907	95	telefonbuch_175	PTT-Archiv, P-260-1_Basel_1907	Basel
Kleiber	Louis	Chem. Wäscherei und Färberei	Gempenstrasse 11	Basel	4505	1907	95	telefonbuch_175	PTT-Archiv, P-260-1_Basel_1907	Basel
Klessen	A.	Automobiles	Austrasse 102	Basel	4488	1907	95	telefonbuch_175	PTT-Archiv, P-260-1_Basel_1907	Basel
Klein	H.	Zinngiesserei und Glashandlung	Schneidergasse 30	Basel	2867	1907	95	telefonbuch_175	PTT-Archiv, P-260-1_Basel_1907	Basel
Kling-Jenny	Carl	Photographie	Petersgraben 17	Basel	1440	1907	95	telefonbuch_175	PTT-Archiv, P-260-1_Basel_1907	Basel
Kling-Kündig	Oscar	zur Bernerhalle	Spalenring 132	Basel	2809	1907	96	telefonbuch_176	PTT-Archiv, P-260-1_Basel_1907	Basel
Klingelfuss	Fr.	& Co., elektrotechnische Fabrik	Petersgasse 7	Basel	1686	1907	96	telefonbuch_176	PTT-Archiv, P-260-1_Basel_1907	Basel
Kloetzer	Ferd. C.	Dr., American Dentist, Praxis	Freiestrasse 70	Basel	963	1907	96	telefonbuch_176	PTT-Archiv, P-260-1_Basel_1907	Basel
Kloetzer	Ferd. C.	Dr., American Dentist, Wohnung	Mittlerestrasse 104	Basel	1026	1907	96	telefonbuch_176	PTT-Archiv, P-260-1_Basel_1907	Basel
Klumpp-Scheeder	Gust.	Metzger	Blumenrain 25	Basel	1382	1907	96	telefonbuch_176	PTT-Archiv, P-260-1_Basel_1907	Basel
Klumpp-Scheeder	Gust.	Metzger	St. Johannring 48	Basel	385	1907	96	telefonbuch_176	PTT-Archiv, P-260-1_Basel_1907	Basel
Klybeck-Kasino		L. Herrmann-Thoma, Wirt	Klybeckstrasse 34	Basel	3278	1907	96	telefonbuch_176	PTT-Archiv, P-260-1_Basel_1907	Basel
Knabensekundarschule z. Mücke			Münsterplatz 18	Basel	1092	1907	96	telefonbuch_176	PTT-Archiv, P-260-1_Basel_1907	Basel
Knabensekundarschule z. Mücke		Pestalozzischulhaus	St. Johannplatz 9	Basel	1666	1907	96	telefonbuch_176	PTT-Archiv, P-260-1_Basel_1907	Basel
Knabensekundarschule z. Mücke		Wettsteinschulhaus	Clarahofweg 4	Basel	3807	1907	96	telefonbuch_176	PTT-Archiv, P-260-1_Basel_1907	Basel
Knapp	Carl	Droguerie	Güterstrasse 155	Basel	780	1907	96	telefonbuch_176	PTT-Archiv, P-260-1_Basel_1907	Basel
Knapp	Paul	Dr.	Klingenthalgraben 31	Basel	2112	1907	96	telefonbuch_176	PTT-Archiv, P-260-1_Basel_1907	Basel
Knapp	Th.	Dr., Apotheker	Solothurnerstr. 39	Basel	3965	1907	96	telefonbuch_176	PTT-Archiv, P-260-1_Basel_1907	Basel
Knecht-Bringold	E.	zum Steineneck	Steinenthorstr. 40	Basel	2555	1907	96	telefonbuch_176	PTT-Archiv, P-260-1_Basel_1907	Basel
Kneubühler-Meier	Ad.	Wirt	Hägenheimerstr. 10	Basel	877	1907	96	telefonbuch_176	PTT-Archiv, P-260-1_Basel_1907	Basel
Knittel	Alphons	zur Markgräflerhalle	Clarastrasse 56	Basel	620	1907	96	telefonbuch_176	PTT-Archiv, P-260-1_Basel_1907	Basel
Knöbel	Th.	Frau, fabr. d'instr. de chirurgie	Holbeinstrasse 31	Basel	2634	1907	96	telefonbuch_176	PTT-Archiv, P-260-1_Basel_1907	Basel
Knopf	S.		Freiestrasse 49	Basel	1808	1907	96	telefonbuch_176	PTT-Archiv, P-260-1_Basel_1907	Basel
Knopf	S.	Filiale	Greifengasse 24	Basel	3254	1907	96	telefonbuch_176	PTT-Archiv, P-260-1_Basel_1907	Basel
Knörr	J.	Dr., Advokaturbureau	Freiestrasse 91	Basel	1774	1907	96	telefonbuch_176	PTT-Archiv, P-260-1_Basel_1907	Basel
Kober	C. F.	Spittlers Nachfolger	Schlüsselberg 3	Basel	1200	1907	96	telefonbuch_176	PTT-Archiv, P-260-1_Basel_1907	Basel
Kober-Gobat	Marie	Frau	Socinstrasse 17	Basel	470	1907	96	telefonbuch_176	PTT-Archiv, P-260-1_Basel_1907	Basel
Koch	Albert	Conditor	Freiestrasse 93	Basel	1761	1907	96	telefonbuch_176	PTT-Archiv, P-260-1_Basel_1907	Basel
Koch	Emil	Confiseur	Eisengasse 3	Basel	1316	1907	96	telefonbuch_176	PTT-Archiv, P-260-1_Basel_1907	Basel
Koch-Müller	Aug.	Bäcker	Friedrichstrasse 14	Basel	906	1907	96	telefonbuch_176	PTT-Archiv, P-260-1_Basel_1907	Basel
Koch-Sixt	Hans		Murtengasse 14	Basel	2966	1907	96	telefonbuch_176	PTT-Archiv, P-260-1_Basel_1907	Basel
Koch & Cie.		vorm. E. Baumberger & Koch, Hauptbureau	Reinacherstrasse 64	Basel	2977	1907	96	telefonbuch_176	PTT-Archiv, P-260-1_Basel_1907	Basel
Koch & Cie.		Filiallager	Hammerstrasse 20	Basel	3808	1907	96	telefonbuch_176	PTT-Archiv, P-260-1_Basel_1907	Basel
Koch-Zeller	Reinh.	Weinhandlung	Mittlerestrasse 40	Basel	1498	1907	96	telefonbuch_176	PTT-Archiv, P-260-1_Basel_1907	Basel
Kocherhans-Schaub	Jak.		Spalenthorweg 16	Basel	2647	1907	96	telefonbuch_176	PTT-Archiv, P-260-1_Basel_1907	Basel
Köchli-Gloor	Karl	Wirt	Allschwilerstrasse 2	Basel	297	1907	96	telefonbuch_176	PTT-Archiv, P-260-1_Basel_1907	Basel
Köchlin-Burckhardt	Ernst	(Wohnung)	Hirzbodenweg 49	Basel	3591	1907	96	telefonbuch_176	PTT-Archiv, P-260-1_Basel_1907	Basel
Köchlin, Burckhardt & Co.			Isteinerstrasse 24	Basel	1881	1907	96	telefonbuch_176	PTT-Archiv, P-260-1_Basel_1907	Basel
Köchlin, Burckhardt & Co.			Riehenteichweg 8	Basel	3602	1907	96	telefonbuch_176	PTT-Archiv, P-260-1_Basel_1907	Basel
Köchlin-Hagenbach	Eugen		Kapellenstrasse 16	Basel	2092	1907	96	telefonbuch_176	PTT-Archiv, P-260-1_Basel_1907	Basel
Köchlin-Hoffmann	Albert		Gellertstrasse 17	Basel	2228	1907	96	telefonbuch_176	PTT-Archiv, P-260-1_Basel_1907	Basel
Köchlin-Iselin	Carl		Engelgasse 51	Basel	3698	1907	96	telefonbuch_176	PTT-Archiv, P-260-1_Basel_1907	Basel
Köchlin	Paul	Dr., Apotheker	Elisabethenstr. 18	Basel	2408	1907	96	telefonbuch_176	PTT-Archiv, P-260-1_Basel_1907	Basel
Köchlin	Paul Emil		Rennweg 53	Basel	3553	1907	96	telefonbuch_176	PTT-Archiv, P-260-1_Basel_1907	Basel
Koechlin	René		Nauenstrasse 2	Basel	874	1907	96	telefonbuch_176	PTT-Archiv, P-260-1_Basel_1907	Basel
Köchlin-Schneeli	Alf.		Römergasse 5	Basel	1135	1907	96	telefonbuch_176	PTT-Archiv, P-260-1_Basel_1907	Basel
Köchlin-Staehelin	Alb. G.		St. Albanvorstadt 25	Basel	4447	1907	96	telefonbuch_176	PTT-Archiv, P-260-1_Basel_1907	Basel
Köchlin & Lichtenhahn		Notariat und Advokatur	St. Albangraben 1	Basel	2154	1907	96	telefonbuch_176	PTT-Archiv, P-260-1_Basel_1907	Basel
Kofler	M.	Handschuhgeschäft	Stadthausgasse 7	Basel	1616	1907	96	telefonbuch_176	PTT-Archiv, P-260-1_Basel_1907	Basel
Koger	Gustav		Dornacherstr. 41	Basel	4264	1907	96	telefonbuch_176	PTT-Archiv, P-260-1_Basel_1907	Basel
Köhle-Scherzinger	A.	Wirt	St. Johannring 34	Basel	3073	1907	96	telefonbuch_176	PTT-Archiv, P-260-1_Basel_1907	Basel
Kohlensäurefabrik Bürgin			Unt. Rheinweg 18	Basel	1263	1907	96	telefonbuch_176	PTT-Archiv, P-260-1_Basel_1907	Basel
Kohlenunion Geldner			St. Albangraben 4	Basel	1885	1907	97	telefonbuch_177	PTT-Archiv, P-260-1_Basel_1907	Basel
Kohlenunion Geldner		Dieselbe, Lagerplatz	Dreispitz	Basel	3990	1907	97	telefonbuch_177	PTT-Archiv, P-260-1_Basel_1907	Basel
Kohler-Brunner		Wwe., & Söhne, Entleerungsgeschäft	Riehenstrasse 96	Basel	3847	1907	97	telefonbuch_177	PTT-Archiv, P-260-1_Basel_1907	Basel
Kohler-Burow	E.		Solothurnerstr. 44	Basel	3861	1907	97	telefonbuch_177	PTT-Archiv, P-260-1_Basel_1907	Basel
Kohler	Gottl.	Ameublements	Mittlerestrasse 30	Basel	4027	1907	97	telefonbuch_177	PTT-Archiv, P-260-1_Basel_1907	Basel
Kohler	Melchior	Schuhmacher	Spalenberg 8	Basel	2639	1907	97	telefonbuch_177	PTT-Archiv, P-260-1_Basel_1907	Basel
Köhler & Bosshardt		Kupferschmiedwerkstätte	Obere Rebgasse 20	Basel	1202	1907	97	telefonbuch_177	PTT-Archiv, P-260-1_Basel_1907	Basel
Kohlhepp	J.	Buchdruckerei	St. Johannvorst. 48	Basel	3524	1907	97	telefonbuch_177	PTT-Archiv, P-260-1_Basel_1907	Basel
Kohn	Jacob & Josef	A. G.	Leonhardstrasse 9	Basel	4004	1907	97	telefonbuch_177	PTT-Archiv, P-260-1_Basel_1907	Basel
Kölla-Stänz	C. R.		Sonnenweg 11	Basel	1661	1907	97	telefonbuch_177	PTT-Archiv, P-260-1_Basel_1907	Basel
Kölliker	P. A.	& Cie.	Freiestrasse 103	Basel	2321	1907	97	telefonbuch_177	PTT-Archiv, P-260-1_Basel_1907	Basel
Kölz	Julius		Wallstrasse 13	Basel	16	1907	97	telefonbuch_177	PTT-Archiv, P-260-1_Basel_1907	Basel
Konkursamt			Bäumleingasse 3	Basel	1747	1907	97	telefonbuch_177	PTT-Archiv, P-260-1_Basel_1907	Basel
Kontrollbureau des Kantons Basel-Stadt			Lohnhof	Basel	2367	1907	97	telefonbuch_177	PTT-Archiv, P-260-1_Basel_1907	Basel
Kopfmann	W.	Swiss-American Trading Co.	Falknerstrasse 4	Basel	934	1907	97	telefonbuch_177	PTT-Archiv, P-260-1_Basel_1907	Basel
Körner-Mäglin	V.		Leimenstrasse 69	Basel	2976	1907	97	telefonbuch_177	PTT-Archiv, P-260-1_Basel_1907	Basel
Kornfeld	Wilhelm		Florastrasse 32	Basel	4476	1907	97	telefonbuch_177	PTT-Archiv, P-260-1_Basel_1907	Basel
Korporation der Kleinbasler Teichinteressenten		Wohnung des Wasserknechtes	Schliesse Lange Erlen	Basel	3827	1907	97	telefonbuch_177	PTT-Archiv, P-260-1_Basel_1907	Basel
Kost		Leonhard's Wwe., Bürstenfabrikation	Freiestrasse 51	Basel	1791	1907	97	telefonbuch_177	PTT-Archiv, P-260-1_Basel_1907	Basel
Krafft	Carl		Güterstrasse 85	Basel	2588	1907	97	telefonbuch_177	PTT-Archiv, P-260-1_Basel_1907	Basel
Krämer	Heinr.	Bäckermeister	Jurastrasse 25	Basel	3753	1907	97	telefonbuch_177	PTT-Archiv, P-260-1_Basel_1907	Basel
Kramer-Reinhardt	Karl	Wirt	Kleinhüningerstr. 112	Basel	3837	1907	97	telefonbuch_177	PTT-Archiv, P-260-1_Basel_1907	Basel
Kramer-Rohr	H.	Wirt	Maulbeerweg 48	Basel	3894	1907	97	telefonbuch_177	PTT-Archiv, P-260-1_Basel_1907	Basel
Kramer & Cie.			Schützengraben 38	Basel	2723	1907	97	telefonbuch_177	PTT-Archiv, P-260-1_Basel_1907	Basel
Kränacher-Bienger	Karl		Kannenfeldstr. 57	Basel	390	1907	97	telefonbuch_177	PTT-Archiv, P-260-1_Basel_1907	Basel
Krauss-Haberstroh	M.	Wirt	Bahnhofstrasse 11	Basel	3614	1907	97	telefonbuch_177	PTT-Archiv, P-260-1_Basel_1907	Basel
Krayer-Burckhardt	A.		Wartenbergstr. 41	Basel	3542	1907	97	telefonbuch_177	PTT-Archiv, P-260-1_Basel_1907	Basel
Krayer	F.	Sohn	Spalenring 156	Basel	268	1907	97	telefonbuch_177	PTT-Archiv, P-260-1_Basel_1907	Basel
Krayer-Förster	H. A.	Wwe.	Sevogelstrasse 32	Basel	4102	1907	97	telefonbuch_177	PTT-Archiv, P-260-1_Basel_1907	Basel
Krayer-Kelterborn	Friedr.		Schützenmattstr. 27	Basel	958	1907	97	telefonbuch_177	PTT-Archiv, P-260-1_Basel_1907	Basel
Krayer-LaRoche	M. E. G.		Sonnenweg 6	Basel	3660	1907	97	telefonbuch_177	PTT-Archiv, P-260-1_Basel_1907	Basel
Krayer	M.	& Co.	Holbeinstrasse 35	Basel	3055	1907	97	telefonbuch_177	PTT-Archiv, P-260-1_Basel_1907	Basel
Krayer-Ramsperger's Nachf.		Mineralwasser- & Colonialwarenh.	Freiestrasse 39	Basel	1057	1907	97	telefonbuch_177	PTT-Archiv, P-260-1_Basel_1907	Basel
Krebs	G.	Buchdrucker	Fischmarkt 1	Basel	1617	1907	97	telefonbuch_177	PTT-Archiv, P-260-1_Basel_1907	Basel
Krebs	G.	Derselbe	Steinenthorstr. 13	Basel	3395	1907	97	telefonbuch_177	PTT-Archiv, P-260-1_Basel_1907	Basel
Krebs & Siebenmann			Wallstrasse 9	Basel	4318	1907	97	telefonbuch_177	PTT-Archiv, P-260-1_Basel_1907	Basel
Krebs	H.	vorm. J. Krebs-Weiss, Bettwarengeschäft	Gerbergässlein 10	Basel	3004	1907	97	telefonbuch_177	PTT-Archiv, P-260-1_Basel_1907	Basel
Kreis		Buchdruckerei	Petersgraben 21	Basel	1514	1907	97	telefonbuch_177	PTT-Archiv, P-260-1_Basel_1907	Basel
Kreis	H.	Prof. Dr., Kantons-Chemiker	Petersplatz 10	Basel	1422	1907	97	telefonbuch_177	PTT-Archiv, P-260-1_Basel_1907	Basel
Kreis	Hermann		Steinengraben 79	Basel	2501	1907	97	telefonbuch_177	PTT-Archiv, P-260-1_Basel_1907	Basel
Kreis	Oscar	Dr. med.	Steinengraben 20	Basel	3621	1907	97	telefonbuch_177	PTT-Archiv, P-260-1_Basel_1907	Basel
Kreis	Th.	Damenkleiderstoffe	Barfüsserplatz 3	Basel	2052	1907	97	telefonbuch_177	PTT-Archiv, P-260-1_Basel_1907	Basel
Kreiskommando Basel			Petersgraben 46	Basel	1426	1907	97	telefonbuch_177	PTT-Archiv, P-260-1_Basel_1907	Basel
Kretz-Behrle	Andreas		Hochstrasse 80	Basel	3349	1907	97	telefonbuch_177	PTT-Archiv, P-260-1_Basel_1907	Basel
Kron-Waechter	J.		Sommergasse 34	Basel	4467	1907	97	telefonbuch_177	PTT-Archiv, P-260-1_Basel_1907	Basel
Kronenhalle		(O. Heinzelmann)	Centralbahnplatz 10	Basel	1795	1907	97	telefonbuch_177	PTT-Archiv, P-260-1_Basel_1907	Basel
Kropf-Werthmüller	Joh.	Metzgermeister	Erlenweg 52	Basel	808	1907	98	telefonbuch_178	PTT-Archiv, P-260-1_Basel_1907	Basel
Krüger-Zimmermann	B.		Freiestrasse 84	Basel	2001	1907	98	telefonbuch_178	PTT-Archiv, P-260-1_Basel_1907	Basel
Krüsi	Hermann	Buchdruckerei	Kohlenberg 7	Basel	2509	1907	98	telefonbuch_178	PTT-Archiv, P-260-1_Basel_1907	Basel
Krummenacher	Emil	Wirt	Amerbachstrasse 2	Basel	3274	1907	98	telefonbuch_178	PTT-Archiv, P-260-1_Basel_1907	Basel
Krummenacher, Joh., & Bell	Emil	Fuhrhalterei	Sierenzerstrasse 10	Basel	824	1907	98	telefonbuch_178	PTT-Archiv, P-260-1_Basel_1907	Basel
Kübler-Heissinger	W.		Schweizerplatz 1	Basel	2772	1907	98	telefonbuch_178	PTT-Archiv, P-260-1_Basel_1907	Basel
Kübler Söhne			Freiestrasse 68	Basel	1986	1907	98	telefonbuch_178	PTT-Archiv, P-260-1_Basel_1907	Basel
Kübler Söhne		Dieselben	Gerbergasse 53	Basel	2189	1907	98	telefonbuch_178	PTT-Archiv, P-260-1_Basel_1907	Basel
Kübler Söhne		Dieselben	Greifengasse 7	Basel	992	1907	98	telefonbuch_178	PTT-Archiv, P-260-1_Basel_1907	Basel
Kuebler	Robert		Leonhardsberg 1	Basel	301	1907	98	telefonbuch_178	PTT-Archiv, P-260-1_Basel_1907	Basel
Kuentzy-Kübler	F.		Schweizerplatz 1	Basel	2772	1907	98	telefonbuch_178	PTT-Archiv, P-260-1_Basel_1907	Basel
Kueny-Meich	Albert	Agentur	Mittlerestrasse 107	Basel	751	1907	98	telefonbuch_178	PTT-Archiv, P-260-1_Basel_1907	Basel
Kugler	Alfred	Photograph	Stadthausgasse 24	Basel	458	1907	98	telefonbuch_178	PTT-Archiv, P-260-1_Basel_1907	Basel
Kugler	J. G.		Rütlistrasse 50	Basel	999	1907	98	telefonbuch_178	PTT-Archiv, P-260-1_Basel_1907	Basel
Kugler	T.		Birsigstrasse 80	Basel	3102	1907	98	telefonbuch_178	PTT-Archiv, P-260-1_Basel_1907	Basel
Kuhn		Glasmalerei, Inhaber Max Kuhn	Klingenthalstr. 69	Basel	3463	1907	98	telefonbuch_178	PTT-Archiv, P-260-1_Basel_1907	Basel
Kuhn	J.	Schreinermeister	Markgräflerstr. 34	Basel	224	1907	98	telefonbuch_178	PTT-Archiv, P-260-1_Basel_1907	Basel
Kuhn	W.	Eisen und Haushaltsartikel	Solothurnerstrasse 47	Basel	3875	1907	98	telefonbuch_178	PTT-Archiv, P-260-1_Basel_1907	Basel
Kühne-Wiesendanger	M.	Metzgermeister	Spalenvorstadt 23	Basel	2668	1907	98	telefonbuch_178	PTT-Archiv, P-260-1_Basel_1907	Basel
Kühner	Ch.		Elsässerstrasse 254	Basel	1930	1907	98	telefonbuch_178	PTT-Archiv, P-260-1_Basel_1907	Basel
Kully	Othmar	Dr., Advokat	Gerbergasse 11	Basel	2327	1907	98	telefonbuch_178	PTT-Archiv, P-260-1_Basel_1907	Basel
Kummer	Rud.		Byfangweg 3	Basel	3000	1907	98	telefonbuch_178	PTT-Archiv, P-260-1_Basel_1907	Basel
Kummer & Rickenbacher		Holzhandlung	Elsässerstrasse 9	Basel	307	1907	98	telefonbuch_178	PTT-Archiv, P-260-1_Basel_1907	Basel
Kümmich	A.	Bierdépôt	Elisabethenstr. 41	Basel	2399	1907	98	telefonbuch_178	PTT-Archiv, P-260-1_Basel_1907	Basel
Kündig	Aug.	Dr.	Leimenstrasse 35	Basel	2950	1907	98	telefonbuch_178	PTT-Archiv, P-260-1_Basel_1907	Basel
Kündig	R.	Dr., Wohnung	Sevogelstrasse 74	Basel	3951	1907	98	telefonbuch_178	PTT-Archiv, P-260-1_Basel_1907	Basel
Kündig, Dr. Rud., & Stumm	Herm.	Dr.	Freiestrasse 88	Basel	2054	1907	98	telefonbuch_178	PTT-Archiv, P-260-1_Basel_1907	Basel
Kündig-VonSpeyr	E.	Wwe.	Socinstrasse 1	Basel	1459	1907	98	telefonbuch_178	PTT-Archiv, P-260-1_Basel_1907	Basel
Kunsthalle-Restaurant		(Peter)	Steinenberg 7	Basel	2372	1907	98	telefonbuch_178	PTT-Archiv, P-260-1_Basel_1907	Basel
Kunstsammlung, öffentliche		Museum	Augustinergasse 2	Basel	433	1907	98	telefonbuch_178	PTT-Archiv, P-260-1_Basel_1907	Basel
Kunz	P.		Sternengässlein 17	Basel	2332	1907	98	telefonbuch_178	PTT-Archiv, P-260-1_Basel_1907	Basel
Künzi-Glauser	K.	Kaminfegermeister	Gempenstrasse 39	Basel	310	1907	98	telefonbuch_178	PTT-Archiv, P-260-1_Basel_1907	Basel
Künzli-Egg	Fr.	Bäckermeister	Aeschenvorstadt 6	Basel	2077	1907	98	telefonbuch_178	PTT-Archiv, P-260-1_Basel_1907	Basel
Künzli-Mahler	Otto	Fuhrhalter	Sierenzerstrasse 40	Basel	823	1907	98	telefonbuch_178	PTT-Archiv, P-260-1_Basel_1907	Basel
Küry	Adolf	Pfarrer	Florastrasse 33	Basel	1721	1907	98	telefonbuch_178	PTT-Archiv, P-260-1_Basel_1907	Basel
Küry	Ernst	Dr., Wohnung	Thiersteinerallee 55	Basel	1674	1907	98	telefonbuch_178	PTT-Archiv, P-260-1_Basel_1907	Basel
Küry	Ernst	Dr., Bureau (Derselbe)	Marktgasse 23	Basel	2021	1907	98	telefonbuch_178	PTT-Archiv, P-260-1_Basel_1907	Basel
Kussmaul	Paul	Ingenieur	Gempenstrasse 32	Basel	3365	1907	98	telefonbuch_178	PTT-Archiv, P-260-1_Basel_1907	Basel
Kuttruff & Frefel		mech. Werkstätte	St. Albanthal 6	Basel	4132	1907	98	telefonbuch_178	PTT-Archiv, P-260-1_Basel_1907	Basel
Labhardt	B.	Frau Wwe.	Therwilerstrasse 33	Basel	2758	1907	98	telefonbuch_178	PTT-Archiv, P-260-1_Basel_1907	Basel
Labhardt-Thommen	E.	Dr.	Missionsstrasse 53	Basel	3414	1907	98	telefonbuch_178	PTT-Archiv, P-260-1_Basel_1907	Basel
Labhardt	Ulr.	Coiffeur	Bundesbahnhof	Basel		1907	98	telefonbuch_178	PTT-Archiv, P-260-1_Basel_1907	Basel
Lachenmeier	R.	Möbelschreinerei	Maulbeerweg 24	Basel	3501	1907	98	telefonbuch_178	PTT-Archiv, P-260-1_Basel_1907	Basel
Ladendorff, Nachf. E. Gerber			Untere Rebgasse 18	Basel	1242	1907	98	telefonbuch_178	PTT-Archiv, P-260-1_Basel_1907	Basel
Lagerhausverwaltung der S. B. B.			Güterbahnhof	Basel	2479	1907	98	telefonbuch_178	PTT-Archiv, P-260-1_Basel_1907	Basel
Lagerplätze, öffentliche		auf dem Dreispitz		Basel	4257	1907	98	telefonbuch_178	PTT-Archiv, P-260-1_Basel_1907	Basel
Lais	August	Schlosserei	St. Albanvorstadt 16	Basel	1838	1907	98	telefonbuch_178	PTT-Archiv, P-260-1_Basel_1907	Basel
Lamm-Mollinet	Fr.	Droguerie	Sennheimerstrasse 45	Basel	151	1907	99	telefonbuch_179	PTT-Archiv, P-260-1_Basel_1907	Basel
Lämmle-Schmid	Siegfr.	Wirt	Ob. Rebgasse 49	Basel	3071	1907	99	telefonbuch_179	PTT-Archiv, P-260-1_Basel_1907	Basel
Landsrath	Emil	Schieferdeckermeister	Weissegasse 22	Basel	2059	1907	99	telefonbuch_179	PTT-Archiv, P-260-1_Basel_1907	Basel
Lang	J.		Missionsstrasse 68	Basel	891	1907	99	telefonbuch_179	PTT-Archiv, P-260-1_Basel_1907	Basel
Lang	Joseph	Metzger	Elsässerstrasse 6	Basel	1725	1907	99	telefonbuch_179	PTT-Archiv, P-260-1_Basel_1907	Basel
Lang-Kunz	Ernst		Angensteinerstr. 27	Basel	3569	1907	99	telefonbuch_179	PTT-Archiv, P-260-1_Basel_1907	Basel
Lang-Lauer	Louis	Wirt	Elsässerstrasse 1	Basel	1647	1907	99	telefonbuch_179	PTT-Archiv, P-260-1_Basel_1907	Basel
Lang	Pierre		Feierabendstrasse 51	Basel	2900	1907	99	telefonbuch_179	PTT-Archiv, P-260-1_Basel_1907	Basel
Lang	Mathias	Fuhr- und Droschkenhalter	Mühlhauserstrasse 68	Basel	1645	1907	99	telefonbuch_179	PTT-Archiv, P-260-1_Basel_1907	Basel
Lang-Müller	Georg	Wirt	Spalenvorstadt 45	Basel	2671	1907	99	telefonbuch_179	PTT-Archiv, P-260-1_Basel_1907	Basel
Lang	Siegfried	Weinhandlung	Steinenvorstadt 67	Basel	2468	1907	99	telefonbuch_179	PTT-Archiv, P-260-1_Basel_1907	Basel
Lang	Siegfried	Eisenhandlung	Steinenvorstadt 67	Basel	2468	1907	99	telefonbuch_179	PTT-Archiv, P-260-1_Basel_1907	Basel
Langbein	Karl	Wwe.	Klybeckstrasse 16	Basel	673	1907	99	telefonbuch_179	PTT-Archiv, P-260-1_Basel_1907	Basel
Längin-Ankelin	Joh.	Schuhhandlung	Rheingasse 52	Basel	1180	1907	99	telefonbuch_179	PTT-Archiv, P-260-1_Basel_1907	Basel
Längin	E. & F.	Fuhrhalter	Gasstrasse 46	Basel	1508	1907	99	telefonbuch_179	PTT-Archiv, P-260-1_Basel_1907	Basel
Langmesser-Dennler	J.	Seilerei	Vogelsangweg 6	Basel	2134	1907	99	telefonbuch_179	PTT-Archiv, P-260-1_Basel_1907	Basel
LaRoche-Burckhardt	H.	Frau	Münchensteinerstr. 4	Basel	3981	1907	99	telefonbuch_179	PTT-Archiv, P-260-1_Basel_1907	Basel
LaRoche-Burckhardt	Louis		Gellertstrasse 20	Basel	1048	1907	99	telefonbuch_179	PTT-Archiv, P-260-1_Basel_1907	Basel
LaRoche-Burckhardt	Aug.	Sohn	St. Albananlage 32	Basel	1935	1907	99	telefonbuch_179	PTT-Archiv, P-260-1_Basel_1907	Basel
LaRoche	Emanuel W.		Kapellenstrasse 18	Basel	3668	1907	99	telefonbuch_179	PTT-Archiv, P-260-1_Basel_1907	Basel
LaRoche Sohn & Cie.			Luftgässlein 1	Basel	2014	1907	99	telefonbuch_179	PTT-Archiv, P-260-1_Basel_1907	Basel
LaRoche	Hermann		Gellertstrasse 27	Basel	4106	1907	99	telefonbuch_179	PTT-Archiv, P-260-1_Basel_1907	Basel
LaRoche-Heusler	Emanuel		Gellertstrasse 14	Basel	3666	1907	99	telefonbuch_179	PTT-Archiv, P-260-1_Basel_1907	Basel
LaRoche-Iselin	A.	Dr.	Angensteinerstr. 12	Basel	3957	1907	99	telefonbuch_179	PTT-Archiv, P-260-1_Basel_1907	Basel
LaRoche Sohn & Cie.		Bureau	Luftgässlein 1	Basel	2014	1907	99	telefonbuch_179	PTT-Archiv, P-260-1_Basel_1907	Basel
LaRoche-Merian	Fritz		St. Albanvorstadt 83	Basel	1821	1907	99	telefonbuch_179	PTT-Archiv, P-260-1_Basel_1907	Basel
LaRoche-Merian	Fritz		Riehenstrasse 170	Basel	3811	1907	99	telefonbuch_179	PTT-Archiv, P-260-1_Basel_1907	Basel
LaRoche-Passavant	A.		St. Jakobstrasse 94	Basel	3997	1907	99	telefonbuch_179	PTT-Archiv, P-260-1_Basel_1907	Basel
LaRoche-Ringwald			Steinenring 23	Basel	2969	1907	99	telefonbuch_179	PTT-Archiv, P-260-1_Basel_1907	Basel
LaRoche-Ryhiner	R.		Gellertstrasse 3	Basel	4111	1907	99	telefonbuch_179	PTT-Archiv, P-260-1_Basel_1907	Basel
LaRoche, Stähelin & Co.			Malzgasse 16	Basel	4290	1907	99	telefonbuch_179	PTT-Archiv, P-260-1_Basel_1907	Basel
LaRoche & Co.			Sternengasse 10	Basel	1835	1907	99	telefonbuch_179	PTT-Archiv, P-260-1_Basel_1907	Basel
La Roche-VonderMühll	R.		Rennweg 32	Basel	1985	1907	99	telefonbuch_179	PTT-Archiv, P-260-1_Basel_1907	Basel
Laub	Adolf		Elsässerstrasse 47	Basel	305	1907	99	telefonbuch_179	PTT-Archiv, P-260-1_Basel_1907	Basel
Laube-Blanchard	Rud.		Clarahofweg 34	Basel	3703	1907	99	telefonbuch_179	PTT-Archiv, P-260-1_Basel_1907	Basel
Laube	Ed.	vorm. Laube Söhne	Clarahofweg 36	Basel	3708	1907	99	telefonbuch_179	PTT-Archiv, P-260-1_Basel_1907	Basel
Laube-Labhardt	E.		Riehenstrasse 57	Basel	3629	1907	99	telefonbuch_179	PTT-Archiv, P-260-1_Basel_1907	Basel
Laubscher	G.	fabr. d'instruments de chirurgie	Petersgraben 20	Basel	1528	1907	99	telefonbuch_179	PTT-Archiv, P-260-1_Basel_1907	Basel
Lauer	Ernst	Baugeschäft	Kleinhüningerstr. 198	Basel	3358	1907	99	telefonbuch_179	PTT-Archiv, P-260-1_Basel_1907	Basel
Laufeneck, Restauration zum		(F. Sparmann)	Münchensteinerstr. 134	Basel	3504	1907	99	telefonbuch_179	PTT-Archiv, P-260-1_Basel_1907	Basel
Lauly, J. A., & Cie.		(Comptoir Th. Eckel)	Blumenrain 10	Basel	1329	1907	99	telefonbuch_179	PTT-Archiv, P-260-1_Basel_1907	Basel
Laurin	Richard	Uhrenhandlung	Freiestrasse 105	Basel	1873	1907	99	telefonbuch_179	PTT-Archiv, P-260-1_Basel_1907	Basel
Lebert	Edgar		Sommergasse 29	Basel	2597	1907	99	telefonbuch_179	PTT-Archiv, P-260-1_Basel_1907	Basel
Leder-Angst	Fr.		Hardstrasse 115	Basel	4079	1907	99	telefonbuch_179	PTT-Archiv, P-260-1_Basel_1907	Basel
Leder	W.	Direktor der Birsigthalbahn	Rothbergerstr. 24	Basel	604	1907	99	telefonbuch_179	PTT-Archiv, P-260-1_Basel_1907	Basel
Lederer-Weidenbach		Bäcker	Güterstrasse 210	Basel	3765	1907	99	telefonbuch_179	PTT-Archiv, P-260-1_Basel_1907	Basel
Lederle	Rud.	Spenglermeister	Feldbergstrasse 122	Basel	46	1907	99	telefonbuch_179	PTT-Archiv, P-260-1_Basel_1907	Basel
Lefebvre-Holzach	S.	Wwe.	Socinstrasse 2	Basel	1772	1907	99	telefonbuch_179	PTT-Archiv, P-260-1_Basel_1907	Basel
Lehmann-Mutschler		Parqueterie	Breisacherstrasse 30	Basel	1234	1907	99	telefonbuch_179	PTT-Archiv, P-260-1_Basel_1907	Basel
Lehmann-Vogel	Karl		Mühlhauserstrasse 123	Basel	4458	1907	100	telefonbuch_180	PTT-Archiv, P-260-1_Basel_1907	Basel
Lehmeier	L.		Leonhardstrasse 10	Basel	2524	1907	100	telefonbuch_180	PTT-Archiv, P-260-1_Basel_1907	Basel
Lehner-Rohrer	J.	Handelsgärtner	Klybeckstrasse 13	Basel	4268	1907	100	telefonbuch_180	PTT-Archiv, P-260-1_Basel_1907	Basel
Leimgruber	Ernestine	Damenschneiderin	Steinenthorstr. 2	Basel	3637	1907	100	telefonbuch_180	PTT-Archiv, P-260-1_Basel_1907	Basel
Leisinger-Blum	J.	Elektriker	Gerbergässlein 12	Basel	935	1907	100	telefonbuch_180	PTT-Archiv, P-260-1_Basel_1907	Basel
Leitner	Rob.	Architekt	Spalenring 87	Basel	473	1907	100	telefonbuch_180	PTT-Archiv, P-260-1_Basel_1907	Basel
Lemle	N.		Leonhardstrasse 45	Basel	2350	1907	100	telefonbuch_180	PTT-Archiv, P-260-1_Basel_1907	Basel
Lendorff	C. F.	akad. Buchhandlung	Freiestrasse 84	Basel	1393	1907	100	telefonbuch_180	PTT-Archiv, P-260-1_Basel_1907	Basel
Lenz & Cie.			St. Johannring 141	Basel	736	1907	100	telefonbuch_180	PTT-Archiv, P-260-1_Basel_1907	Basel
St. Leonhards - Schulhaus			Kanonengasse 1	Basel	2082	1907	100	telefonbuch_180	PTT-Archiv, P-260-1_Basel_1907	Basel
Leonhardt	Ernst		Riehenthorstrasse 27	Basel	1504	1907	100	telefonbuch_180	PTT-Archiv, P-260-1_Basel_1907	Basel
Lesegesellschaft		allgemeine	Münsterplatz 8	Basel	1049	1907	100	telefonbuch_180	PTT-Archiv, P-260-1_Basel_1907	Basel
Letzgus-Weber	Max	Schmiedmeister	Hebelstrasse 82	Basel	28	1907	100	telefonbuch_180	PTT-Archiv, P-260-1_Basel_1907	Basel
Leu-Aby	Eduard	Malermeister	Laufenstrasse 78	Basel	2722	1907	100	telefonbuch_180	PTT-Archiv, P-260-1_Basel_1907	Basel
Leu-Lerch	Jakob	Gärtner	Sperrstrasse 59	Basel	3817	1907	100	telefonbuch_180	PTT-Archiv, P-260-1_Basel_1907	Basel
Leubin	H.	Wirt	Spalenring 98	Basel	938	1907	100	telefonbuch_180	PTT-Archiv, P-260-1_Basel_1907	Basel
Leuenberger-Grauwyler	Gebrüder	Metzgermstr.	Aeschenvorstadt 71	Basel	1942	1907	100	telefonbuch_180	PTT-Archiv, P-260-1_Basel_1907	Basel
Leuenberger-Grauwyler	Gebrüder	Dieselben	St. Albanvorstadt 56	Basel	1822	1907	100	telefonbuch_180	PTT-Archiv, P-260-1_Basel_1907	Basel
Leumann-Spyr	Alb.	Dr. phil.	Solothurnerstr. 89	Basel	2981	1907	100	telefonbuch_180	PTT-Archiv, P-260-1_Basel_1907	Basel
Leupin-Gaille	Hans	Wirt	Centralbahnplatz 7	Basel	508	1907	100	telefonbuch_180	PTT-Archiv, P-260-1_Basel_1907	Basel
Levaillant	B.	& Co.	Schützengraben 34	Basel	2851	1907	100	telefonbuch_180	PTT-Archiv, P-260-1_Basel_1907	Basel
Levaillant-Bollag	S.		Steinengraben 12	Basel	2984	1907	100	telefonbuch_180	PTT-Archiv, P-260-1_Basel_1907	Basel
Levaillant	H.	Pferdehändler	Spalenring 56	Basel	2678	1907	100	telefonbuch_180	PTT-Archiv, P-260-1_Basel_1907	Basel
Levy	Achille	Vve. et fils, Pferdehandlung	Kannenfeldstr. 22	Basel	4074	1907	100	telefonbuch_180	PTT-Archiv, P-260-1_Basel_1907	Basel
Levy	Albert		Holbeinstrasse 17	Basel	853	1907	100	telefonbuch_180	PTT-Archiv, P-260-1_Basel_1907	Basel
Levy-Brunschwig	P.		Heumattstrasse 15	Basel	2170	1907	100	telefonbuch_180	PTT-Archiv, P-260-1_Basel_1907	Basel
Levy	Charles	Wein- und Spirituosenhandlung	Bahnhofstrasse 77	Basel	3318	1907	100	telefonbuch_180	PTT-Archiv, P-260-1_Basel_1907	Basel
Levy		fils	Lothringerstr. 167	Basel	3940	1907	100	telefonbuch_180	PTT-Archiv, P-260-1_Basel_1907	Basel
Levy frères		Papierhandlung	Solothurnerstr. 48	Basel	4091	1907	100	telefonbuch_180	PTT-Archiv, P-260-1_Basel_1907	Basel
Levy	Gabriel		Austrasse 3	Basel	1113	1907	100	telefonbuch_180	PTT-Archiv, P-260-1_Basel_1907	Basel
Levy-Isliker	T.	Hauptgeschäft; siehe Birsfelden		Basel	887	1907	100	telefonbuch_180	PTT-Archiv, P-260-1_Basel_1907	Basel
Levy-Isliker	T.	Zweiggeschäft	Dreispitz	Basel	3934	1907	100	telefonbuch_180	PTT-Archiv, P-260-1_Basel_1907	Basel
Levy-Isliker	T.	Wohnung	Bachlettenstrasse 86	Basel	2527	1907	100	telefonbuch_180	PTT-Archiv, P-260-1_Basel_1907	Basel
Levy-Levy	J.		Sperrstrasse 3	Basel	3791	1907	100	telefonbuch_180	PTT-Archiv, P-260-1_Basel_1907	Basel
Levy	Marx		Arnold Böcklinstr. 23	Basel	3725	1907	100	telefonbuch_180	PTT-Archiv, P-260-1_Basel_1907	Basel
Levy-Oettinger	C.		Oberwilerstrasse 19	Basel	1127	1907	100	telefonbuch_180	PTT-Archiv, P-260-1_Basel_1907	Basel
Levy-Wahl	Leon		Spalenthorweg 4	Basel	2599	1907	100	telefonbuch_180	PTT-Archiv, P-260-1_Basel_1907	Basel
Leyensäiter	P.	Koffer- und Lederwaren	St. Johannvorst. 76	Basel	562	1907	100	telefonbuch_180	PTT-Archiv, P-260-1_Basel_1907	Basel
Lichtenberg	G. F.	Zahnarzt	St. Jakobstrasse 18	Basel	2305	1907	100	telefonbuch_180	PTT-Archiv, P-260-1_Basel_1907	Basel
Lichtenhahn-AWengen	Carl	Dr. jur., Advokat	Engelgasse 103	Basel	4186	1907	100	telefonbuch_180	PTT-Archiv, P-260-1_Basel_1907	Basel
Lichtenhahn-AWengen	Carl	Bureau	St. Albangraben 1	Basel	2154	1907	100	telefonbuch_180	PTT-Archiv, P-260-1_Basel_1907	Basel
Lichtenhahn	Hans	Buchhändler	Clarastrasse 15	Basel	1271	1907	100	telefonbuch_180	PTT-Archiv, P-260-1_Basel_1907	Basel
Lichtenhahn-Hauser		Wwe. J.	Engelgasse 5	Basel	1909	1907	100	telefonbuch_180	PTT-Archiv, P-260-1_Basel_1907	Basel
Lichtenhahn-Müller			Angensteinerstr. 14	Basel	3960	1907	100	telefonbuch_180	PTT-Archiv, P-260-1_Basel_1907	Basel
Lichtenhahn	Paul		Oberwilerstrasse 11	Basel	326	1907	100	telefonbuch_180	PTT-Archiv, P-260-1_Basel_1907	Basel
Lichtenhahn-von Wattenwyl		Frau Pfr. D.	Clarastrasse 15	Basel	1271	1907	100	telefonbuch_180	PTT-Archiv, P-260-1_Basel_1907	Basel
Lichti	A.	Bureau II von Jules Ziegler	St Albanrheinweg 166	Basel	565	1907	100	telefonbuch_180	PTT-Archiv, P-260-1_Basel_1907	Basel
Lieb-Burckhardt	Susa	Frau	Birmannsgasse 13	Basel	2658	1907	100	telefonbuch_180	PTT-Archiv, P-260-1_Basel_1907	Basel
Lieb-Burckhardt	Lina	Wwe.	Socinstrasse 22	Basel	2673	1907	100	telefonbuch_180	PTT-Archiv, P-260-1_Basel_1907	Basel
Liebi-Pettermand		Waschanstalt	St. Albanthal 52	Basel	4286	1907	101	telefonbuch_181	PTT-Archiv, P-260-1_Basel_1907	Basel
Liebmann		Gebrüder, & Oehme	Steinenthorstr. 12	Basel	2250	1907	101	telefonbuch_181	PTT-Archiv, P-260-1_Basel_1907	Basel
Liebrich-Frey	H.		Rüdengasse 1	Basel	1877	1907	101	telefonbuch_181	PTT-Archiv, P-260-1_Basel_1907	Basel
Liechtenhan-Burckhardt	E.		Kanonengasse 25	Basel	540	1907	101	telefonbuch_181	PTT-Archiv, P-260-1_Basel_1907	Basel
Liechti-Burckhardt	H.		Davidsbodenstr. 59	Basel	1509	1907	101	telefonbuch_181	PTT-Archiv, P-260-1_Basel_1907	Basel
Liechti		Gebrüder, Landwirte	Singerweg 2	Basel	1732	1907	101	telefonbuch_181	PTT-Archiv, P-260-1_Basel_1907	Basel
Liechti	J. G.	& Cie.	Petersgraben 3	Basel	3816	1907	101	telefonbuch_181	PTT-Archiv, P-260-1_Basel_1907	Basel
Lierow	A.	& Sohn, Lithograph	Nadelberg 12	Basel	1401	1907	101	telefonbuch_181	PTT-Archiv, P-260-1_Basel_1907	Basel
Ligibel	Ch.	Md.-Tailleur	Bruderholzstrasse 49	Basel	3243	1907	101	telefonbuch_181	PTT-Archiv, P-260-1_Basel_1907	Basel
Lindenmeyer-Müller	E.	Wwe.	Missionsstrasse 12	Basel	2617	1907	101	telefonbuch_181	PTT-Archiv, P-260-1_Basel_1907	Basel
Lindenmeyer-Seiler	Fritz		Mittlerestrasse 5	Basel	851	1907	101	telefonbuch_181	PTT-Archiv, P-260-1_Basel_1907	Basel
Linder	J. J.	Billo & Co.	St. Johannvorst. 10	Basel	621	1907	101	telefonbuch_181	PTT-Archiv, P-260-1_Basel_1907	Basel
Linder		Dieselben, Zettlerei	Oetlingerstrasse 75	Basel	3007	1907	101	telefonbuch_181	PTT-Archiv, P-260-1_Basel_1907	Basel
Linder	Rudolf	Wohnung	Wettsteinplatz 8	Basel	3727	1907	101	telefonbuch_181	PTT-Archiv, P-260-1_Basel_1907	Basel
Linder	Rudolf	Derselbe, Architekturbureau	Wettsteinplatz 8	Basel	264	1907	101	telefonbuch_181	PTT-Archiv, P-260-1_Basel_1907	Basel
Linder-Hopf	J. J.		Missionsstrasse 31	Basel	2628	1907	101	telefonbuch_181	PTT-Archiv, P-260-1_Basel_1907	Basel
Linder-Kummer	R.		Austrasse 37	Basel	2979	1907	101	telefonbuch_181	PTT-Archiv, P-260-1_Basel_1907	Basel
Linder	Paul	Dr., Advokaturbureau	Freiestrasse 6	Basel	1159	1907	101	telefonbuch_181	PTT-Archiv, P-260-1_Basel_1907	Basel
Linder-Preiswerk	H.		Mittlerestrasse 39	Basel	84	1907	101	telefonbuch_181	PTT-Archiv, P-260-1_Basel_1907	Basel
Lindner	Carl	Buchbindermeister	Nadelberg 3	Basel	9	1907	101	telefonbuch_181	PTT-Archiv, P-260-1_Basel_1907	Basel
Link	Fritz	Schreiner	Petersgasse 48	Basel	1562	1907	101	telefonbuch_181	PTT-Archiv, P-260-1_Basel_1907	Basel
Lippmann	S.	Ausstattungsmagazin	Steinenvorstadt 58	Basel	2490	1907	101	telefonbuch_181	PTT-Archiv, P-260-1_Basel_1907	Basel
Lippmann	Leop.		Steinenthorstr. 27	Basel	3068	1907	101	telefonbuch_181	PTT-Archiv, P-260-1_Basel_1907	Basel
Lips-Boss	Rud.	Malermeister	Petersgraben 47	Basel	1433	1907	101	telefonbuch_181	PTT-Archiv, P-260-1_Basel_1907	Basel
Lips		Gebrüder, Lithographen	Nadelberg 37	Basel	2656	1907	101	telefonbuch_181	PTT-Archiv, P-260-1_Basel_1907	Basel
Lips-Rauch	Jb.	Glasermeister	Thannerstrasse 7	Basel	990	1907	101	telefonbuch_181	PTT-Archiv, P-260-1_Basel_1907	Basel
Lithographie Wolf			Unt. Heuberg 2	Basel	2853	1907	101	telefonbuch_181	PTT-Archiv, P-260-1_Basel_1907	Basel
Litzler & Keller		Feuerwerker, Bureau	Socinstrasse 15	Basel	892	1907	101	telefonbuch_181	PTT-Archiv, P-260-1_Basel_1907	Basel
Litzler & Keller		Dieselben, Werkhof und Magazin	Klybeckstrasse 124	Basel	775	1907	101	telefonbuch_181	PTT-Archiv, P-260-1_Basel_1907	Basel
Loeb	Arthur		Birsigstrasse 125	Basel	465	1907	101	telefonbuch_181	PTT-Archiv, P-260-1_Basel_1907	Basel
Loeb		Gebrüder, Söhne	Eisengasse 21	Basel	1583	1907	101	telefonbuch_181	PTT-Archiv, P-260-1_Basel_1907	Basel
Löb-Schwarz	Justus		Spalenthorweg 54	Basel	2684	1907	101	telefonbuch_181	PTT-Archiv, P-260-1_Basel_1907	Basel
Locher-Vögeli	G.	zum Colmarerhof	Colmarerstrasse 42	Basel	471	1907	101	telefonbuch_181	PTT-Archiv, P-260-1_Basel_1907	Basel
Lodewig	Wilh.	Architekt	Freiestrasse 88	Basel	2914	1907	101	telefonbuch_181	PTT-Archiv, P-260-1_Basel_1907	Basel
Löffel	Wilhelm	Baugeschäft	Vogesenstrasse 140	Basel	1318	1907	101	telefonbuch_181	PTT-Archiv, P-260-1_Basel_1907	Basel
Löffler	Carl		Steinengraben 8	Basel	2940	1907	101	telefonbuch_181	PTT-Archiv, P-260-1_Basel_1907	Basel
Löffler & Co.			Gerbergasse 2	Basel	1438	1907	101	telefonbuch_181	PTT-Archiv, P-260-1_Basel_1907	Basel
Löffler & Co.		Dieselben, Magazin, Güterbahnhof	St. Johann	Basel	222	1907	101	telefonbuch_181	PTT-Archiv, P-260-1_Basel_1907	Basel
Lohner	J.	Malermeister	St. Albanthal 40	Basel	4146	1907	101	telefonbuch_181	PTT-Archiv, P-260-1_Basel_1907	Basel
Löhrer-Gysin	Jb.	Baugeschäft	Sperrstrasse 91	Basel	3322	1907	101	telefonbuch_181	PTT-Archiv, P-260-1_Basel_1907	Basel
Löhrich-Brombacher	H.		Drahtzugstrasse 61	Basel	83	1907	101	telefonbuch_181	PTT-Archiv, P-260-1_Basel_1907	Basel
Löliger-Jenny	Fritz		Margarethenstr. 99	Basel	3016	1907	101	telefonbuch_181	PTT-Archiv, P-260-1_Basel_1907	Basel
London Tea Company			Petersgraben 37	Basel	1450	1907	101	telefonbuch_181	PTT-Archiv, P-260-1_Basel_1907	Basel
Lorenz	Ed.	Kürschner und Pelzhandlung	Spalenberg 9	Basel	2600	1907	101	telefonbuch_181	PTT-Archiv, P-260-1_Basel_1907	Basel
Lorétan-Huguenin	H.		Wartenbergstr. 28	Basel	1625	1907	101	telefonbuch_181	PTT-Archiv, P-260-1_Basel_1907	Basel
Lotz	Albert	Dr., prakt. Arzt	Austrasse 40	Basel	418	1907	101	telefonbuch_181	PTT-Archiv, P-260-1_Basel_1907	Basel
Lotz	Arnold	Dr. med.	Austrasse 2	Basel	3061	1907	101	telefonbuch_181	PTT-Archiv, P-260-1_Basel_1907	Basel
Lotz	A.	& Co.	Rheingasse 33	Basel	1184	1907	101	telefonbuch_181	PTT-Archiv, P-260-1_Basel_1907	Basel
Lotz-Gocht	P.	Frau	Hebelstrasse 14	Basel	628	1907	102	telefonbuch_182	PTT-Archiv, P-260-1_Basel_1907	Basel
Lotz-Landerer	Th.	Dr. med.	Leonhardstrasse 4	Basel	2987	1907	102	telefonbuch_182	PTT-Archiv, P-260-1_Basel_1907	Basel
Lotze-Lips	G.	Spenglermeister	Grellingerstrasse 41	Basel	3592	1907	102	telefonbuch_182	PTT-Archiv, P-260-1_Basel_1907	Basel
Löw & Spreyermann			Birmannsgasse 17	Basel	3194	1907	102	telefonbuch_182	PTT-Archiv, P-260-1_Basel_1907	Basel
Löwenbräu		Basler	Grenzacherstr. 124	Basel	3175	1907	102	telefonbuch_182	PTT-Archiv, P-260-1_Basel_1907	Basel
Derselbe		(Oscar Türke)	Clarastrasse 2	Basel	3527	1907	102	telefonbuch_182	PTT-Archiv, P-260-1_Basel_1907	Basel
Derselbe			Aeschenvorstadt 45	Basel	1946	1907	102	telefonbuch_182	PTT-Archiv, P-260-1_Basel_1907	Basel
Derselbe		(C. Müller-Käfer)	Bahnhofstrasse 51	Basel	3420	1907	102	telefonbuch_182	PTT-Archiv, P-260-1_Basel_1907	Basel
Derselbe			Amerbachstrasse 67	Basel	380	1907	102	telefonbuch_182	PTT-Archiv, P-260-1_Basel_1907	Basel
Derselbe			Erlenpark	Basel	740	1907	102	telefonbuch_182	PTT-Archiv, P-260-1_Basel_1907	Basel
Lüber-Bell	W.	Dr.	Grellingerstrasse 84	Basel	4243	1907	102	telefonbuch_182	PTT-Archiv, P-260-1_Basel_1907	Basel
Lüchinger	Jakob	Eierhandlung	Dornacherstrasse 36	Basel	4095	1907	102	telefonbuch_182	PTT-Archiv, P-260-1_Basel_1907	Basel
Ludin	Fritz	Conditor	Streitgasse 7	Basel	1963	1907	102	telefonbuch_182	PTT-Archiv, P-260-1_Basel_1907	Basel
Lüdin-Bachert	Ludwig	Wirt	Falknerstrasse 31	Basel	1797	1907	102	telefonbuch_182	PTT-Archiv, P-260-1_Basel_1907	Basel
Lüdin-Jundt	H.		Eulerstrasse 62	Basel	2701	1907	102	telefonbuch_182	PTT-Archiv, P-260-1_Basel_1907	Basel
Ludwig	R.		Leimenstrasse 17	Basel	2933	1907	102	telefonbuch_182	PTT-Archiv, P-260-1_Basel_1907	Basel
Lumpert	Albert	Schuhhandlung	Eisengasse 34	Basel	1383	1907	102	telefonbuch_182	PTT-Archiv, P-260-1_Basel_1907	Basel
Lüscher-Burckhardt	Rud.		Aeschengraben 16	Basel	1972	1907	102	telefonbuch_182	PTT-Archiv, P-260-1_Basel_1907	Basel
Lüscher & Co.			Freiestrasse 74	Basel	2338	1907	102	telefonbuch_182	PTT-Archiv, P-260-1_Basel_1907	Basel
Dieselben		Börse	Postgebäude	Basel	3148	1907	102	telefonbuch_182	PTT-Archiv, P-260-1_Basel_1907	Basel
Dieselben		Börse	Postgebäude	Basel	3145	1907	102	telefonbuch_182	PTT-Archiv, P-260-1_Basel_1907	Basel
Lüscher	Gust.	Wirt	Haltingerstrasse 11	Basel	2301	1907	102	telefonbuch_182	PTT-Archiv, P-260-1_Basel_1907	Basel
Lüscher	J. A.	Metzger	Schneidergasse 9	Basel	1609	1907	102	telefonbuch_182	PTT-Archiv, P-260-1_Basel_1907	Basel
Lüscher-Streckeisen	C.		Aeschengraben 13	Basel	2304	1907	102	telefonbuch_182	PTT-Archiv, P-260-1_Basel_1907	Basel
Lüscher-Wieland	W.		Leonhardstrasse 2	Basel	2996	1907	102	telefonbuch_182	PTT-Archiv, P-260-1_Basel_1907	Basel
Luschka	A.		Oberwilerstrasse 68	Basel	3066	1907	102	telefonbuch_182	PTT-Archiv, P-260-1_Basel_1907	Basel
Lüssi	J. J.		Schnabelgasse 4	Basel	840	1907	102	telefonbuch_182	PTT-Archiv, P-260-1_Basel_1907	Basel
Lüssy-Gemuseus	Rob.	Dr.	Angensteinerstr. 28	Basel	3530	1907	102	telefonbuch_182	PTT-Archiv, P-260-1_Basel_1907	Basel
Lüthy-Aichner	E.		Schanzenstrasse 22	Basel	1740	1907	102	telefonbuch_182	PTT-Archiv, P-260-1_Basel_1907	Basel
Lüthy-Albrecht	Samuel	Säger	Elsässerstrasse 36	Basel	3461	1907	102	telefonbuch_182	PTT-Archiv, P-260-1_Basel_1907	Basel
Lüthy	Gottlieb	Charcuterie	Gerbergasse 52	Basel	2572	1907	102	telefonbuch_182	PTT-Archiv, P-260-1_Basel_1907	Basel
Lüthy-Spühler	J. C.		Centralbahnstr. 5	Basel	1010	1907	102	telefonbuch_182	PTT-Archiv, P-260-1_Basel_1907	Basel
Lutz	Otto	Dr., Advokat (Bureau)	Aeschenvorstadt 36	Basel	2348	1907	102	telefonbuch_182	PTT-Archiv, P-260-1_Basel_1907	Basel
Derselbe		(Wohnung)	Feierabendstrasse 31	Basel	3906	1907	102	telefonbuch_182	PTT-Archiv, P-260-1_Basel_1907	Basel
Lutz-Georg	Th.	Architekt	St. Johannring 105	Basel	1488	1907	102	telefonbuch_182	PTT-Archiv, P-260-1_Basel_1907	Basel
Lutz & Schraemli			Güterstrasse 142	Basel	4063	1907	102	telefonbuch_182	PTT-Archiv, P-260-1_Basel_1907	Basel
Maas	Franz	Papierhandlung	Schneidergasse 28	Basel	567	1907	102	telefonbuch_182	PTT-Archiv, P-260-1_Basel_1907	Basel
Mackenthun	E.	& Co.	St. Johannvorst. 42	Basel	1837	1907	102	telefonbuch_182	PTT-Archiv, P-260-1_Basel_1907	Basel
Madörin	F. A.		Klingenthal 5	Basel	1291	1907	102	telefonbuch_182	PTT-Archiv, P-260-1_Basel_1907	Basel
Madöry	Hermann		Steinengraben 81	Basel	2594	1907	102	telefonbuch_182	PTT-Archiv, P-260-1_Basel_1907	Basel
Maeder-Burkhalter	A.		Birmannsgasse 37	Basel	2142	1907	102	telefonbuch_182	PTT-Archiv, P-260-1_Basel_1907	Basel
Maeder	D.	Söhne, Parfumerie-Magazin	Freiestrasse 101	Basel	1865	1907	102	telefonbuch_182	PTT-Archiv, P-260-1_Basel_1907	Basel
Maeder	D.	(Wohnung)	Schaffh. Rheinweg 67	Basel	1116	1907	102	telefonbuch_182	PTT-Archiv, P-260-1_Basel_1907	Basel
Maeder	Fritz	Vertr. von A. Schnebli, Baden	Hirschgasse 15	Basel	516	1907	102	telefonbuch_182	PTT-Archiv, P-260-1_Basel_1907	Basel
Maeder-Salathé	Adolf		Arnold Böcklinstr. 29	Basel	3094	1907	102	telefonbuch_182	PTT-Archiv, P-260-1_Basel_1907	Basel
Magazine zu den vier Jahreszeiten		(vormals A. Eppens Sohn)	Clarastrasse 7	Basel	3506	1907	102	telefonbuch_182	PTT-Archiv, P-260-1_Basel_1907	Basel
Dieselben			Eisengasse 28	Basel	1592	1907	102	telefonbuch_182	PTT-Archiv, P-260-1_Basel_1907	Basel
Dieselben			Marktplatz 20	Basel	1556	1907	102	telefonbuch_182	PTT-Archiv, P-260-1_Basel_1907	Basel
Magazine zum wilden Mann		(vorm. Jakob Sutter)	Freiestrasse 35	Basel	1074	1907	103	telefonbuch_183	PTT-Archiv, P-260-1_Basel_1907	Basel
zur Mägd	Jules Weber	Restaurateur	St. Johannvorst. 29	Basel	3935	1907	103	telefonbuch_183	PTT-Archiv, P-260-1_Basel_1907	Basel
Mäglin-Grunauer	E.	Wwe.	Florastrasse 2	Basel	3337	1907	103	telefonbuch_183	PTT-Archiv, P-260-1_Basel_1907	Basel
Mäglin	J. J.	Wwe., Weinhandlung	Schützenmattstr. 16	Basel	2737	1907	103	telefonbuch_183	PTT-Archiv, P-260-1_Basel_1907	Basel
Mähly-Brenner	J.	Prof. Dr.	Sevogelstrasse 64	Basel	4248	1907	103	telefonbuch_183	PTT-Archiv, P-260-1_Basel_1907	Basel
Mähly-Eglinger	J.	Dr.	Sonnenweg 2	Basel	3625	1907	103	telefonbuch_183	PTT-Archiv, P-260-1_Basel_1907	Basel
Mähly-Sessler	Friedr.		Arnold Böcklinstr. 44	Basel	2855	1907	103	telefonbuch_183	PTT-Archiv, P-260-1_Basel_1907	Basel
Maier-Brunner	F.	Restaurateur, Rebleutenzunft	Freiestrasse 50	Basel	1906	1907	103	telefonbuch_183	PTT-Archiv, P-260-1_Basel_1907	Basel
Maier-Engler	Ed.	Wirt	Grenzacherstr. 276	Basel	3231	1907	103	telefonbuch_183	PTT-Archiv, P-260-1_Basel_1907	Basel
Maier	Friedrich	Zimmermeister	Brombacherstr. 42	Basel	1205	1907	103	telefonbuch_183	PTT-Archiv, P-260-1_Basel_1907	Basel
Maier	G. A.	Agentur	Dornacherstr. 185	Basel	2762	1907	103	telefonbuch_183	PTT-Archiv, P-260-1_Basel_1907	Basel
Maier	Jacques	& Co.	Marktgasse 16	Basel	1553	1907	103	telefonbuch_183	PTT-Archiv, P-260-1_Basel_1907	Basel
Maier	Karl	Agentur	Falknerstrasse 13	Basel	3269	1907	103	telefonbuch_183	PTT-Archiv, P-260-1_Basel_1907	Basel
Mailänder Gardinenfabrik Francesco Gola & Soci		Vertr. R. Moor	Wintergasse 18	Basel	3547	1907	103	telefonbuch_183	PTT-Archiv, P-260-1_Basel_1907	Basel
Majer	Philipp	Farbwaren	Claragraben 82	Basel	1163	1907	103	telefonbuch_183	PTT-Archiv, P-260-1_Basel_1907	Basel
Mamier	Leo	Metzger	Hardstrasse 58	Basel	3340	1907	103	telefonbuch_183	PTT-Archiv, P-260-1_Basel_1907	Basel
Mandowsky	A.	Nachf. G. Seligmann	Marktplatz 4	Basel	2464	1907	103	telefonbuch_183	PTT-Archiv, P-260-1_Basel_1907	Basel
Manger	Emil		Güterstrasse 138	Basel	4096	1907	103	telefonbuch_183	PTT-Archiv, P-260-1_Basel_1907	Basel
Manger	Fritz		Gerbergasse 81	Basel	2122	1907	103	telefonbuch_183	PTT-Archiv, P-260-1_Basel_1907	Basel
Mangold & Co.			Hammerstrasse 144	Basel	3447	1907	103	telefonbuch_183	PTT-Archiv, P-260-1_Basel_1907	Basel
Mangold-Hoffner	M.	Wwe.	Hammerstrasse 144	Basel	3447	1907	103	telefonbuch_183	PTT-Archiv, P-260-1_Basel_1907	Basel
Mangold & Röthlisberger		chem. Waschanstalt und Färberei, Laden	Gerbergasse 57	Basel	2188	1907	103	telefonbuch_183	PTT-Archiv, P-260-1_Basel_1907	Basel
Mangold & Röthlisberger		Fabrik und Bureau	Bachlettenstr. 37/39	Basel	2188	1907	103	telefonbuch_183	PTT-Archiv, P-260-1_Basel_1907	Basel
Manissadjian & Cie.		Bureaux	Nonnenweg 88	Basel	1798	1907	103	telefonbuch_183	PTT-Archiv, P-260-1_Basel_1907	Basel
Mannheimer Lagerhausgesellschaft		Filiale Basel	Lindenberg 17	Basel	1137	1907	103	telefonbuch_183	PTT-Archiv, P-260-1_Basel_1907	Basel
Mannheimer Lagerhausgesellschaft			Bad. Güterbahnhof	Basel	4425	1907	103	telefonbuch_183	PTT-Archiv, P-260-1_Basel_1907	Basel
Marchal	M.		Wallstrasse 11	Basel	2202	1907	103	telefonbuch_183	PTT-Archiv, P-260-1_Basel_1907	Basel
Marchetti-Trinkler	P.	Comestibles	Aeschenvorstadt 22	Basel	2090	1907	103	telefonbuch_183	PTT-Archiv, P-260-1_Basel_1907	Basel
Marck-Stahl	Wilh.	Architekt	Allschwilerstr. 57	Basel	4527	1907	103	telefonbuch_183	PTT-Archiv, P-260-1_Basel_1907	Basel
Marcolli	Cesar	Bauunternehmer	Pfeffelstrasse 30	Basel	966	1907	103	telefonbuch_183	PTT-Archiv, P-260-1_Basel_1907	Basel
Marfort	Alb.		Freiestrasse 37	Basel	1077	1907	103	telefonbuch_183	PTT-Archiv, P-260-1_Basel_1907	Basel
Margarethen-Kaffeewirtschaft			Gundoldingerstr. 1	Basel	4053	1907	103	telefonbuch_183	PTT-Archiv, P-260-1_Basel_1907	Basel
Margulies	Heinrich	Eier-Export und Import	Gerbergasse 25	Basel	3391	1907	103	telefonbuch_183	PTT-Archiv, P-260-1_Basel_1907	Basel
Marienhaus		(Institut Ingenbohl)	Horburgstrasse 54	Basel	3361	1907	103	telefonbuch_183	PTT-Archiv, P-260-1_Basel_1907	Basel
Marienkirche		Pfarr-Rektorat	Austrasse 30	Basel	3019	1907	103	telefonbuch_183	PTT-Archiv, P-260-1_Basel_1907	Basel
Mark	André	Dr.	Mühlenberg 7	Basel	509	1907	103	telefonbuch_183	PTT-Archiv, P-260-1_Basel_1907	Basel
Markees	E.	Dr., prakt. Arzt	Winkelriedplatz 9	Basel	4014	1907	103	telefonbuch_183	PTT-Archiv, P-260-1_Basel_1907	Basel
Markees	Ed.	Dr., Apotheker	Sevogelstrasse 51	Basel	3560	1907	103	telefonbuch_183	PTT-Archiv, P-260-1_Basel_1907	Basel
Markees-Jecklin	Johanna	Frau	Byfangweg 12	Basel	2994	1907	103	telefonbuch_183	PTT-Archiv, P-260-1_Basel_1907	Basel
Markewitz	J. & F.		Steinenvorstadt 5	Basel	526	1907	103	telefonbuch_183	PTT-Archiv, P-260-1_Basel_1907	Basel
Martin-Birk	J. K.	Wirt	Bachlettenstrasse 19	Basel	2551	1907	103	telefonbuch_183	PTT-Archiv, P-260-1_Basel_1907	Basel
Martin-Bollinger	C.	Buchbinderei und Papeterie	Kohlenberg 4	Basel	2460	1907	103	telefonbuch_183	PTT-Archiv, P-260-1_Basel_1907	Basel
Martin	Emilie		Mittlerestrasse 83	Basel	1482	1907	103	telefonbuch_183	PTT-Archiv, P-260-1_Basel_1907	Basel
Martin	Heinrich	Sohn, Maler	Ob. Rebgasse 24	Basel	1199	1907	103	telefonbuch_183	PTT-Archiv, P-260-1_Basel_1907	Basel
Martz	Ernst		Mühlenberg 3	Basel	4157	1907	103	telefonbuch_183	PTT-Archiv, P-260-1_Basel_1907	Basel
Marx	Adolph		Leimenstrasse 62	Basel	2920	1907	103	telefonbuch_183	PTT-Archiv, P-260-1_Basel_1907	Basel
Maschinenbau-Gesellschaft			Hochstrasse 34	Basel	3919	1907	103	telefonbuch_183	PTT-Archiv, P-260-1_Basel_1907	Basel
Maschinenfabrik Burckhardt		A.-G.	Dornacherstr. 192	Basel	3757	1907	104	telefonbuch_184	PTT-Archiv, P-260-1_Basel_1907	Basel
Mascioni-Eckenstein	Dr. B.		St. Johannring 90	Basel	1103	1907	104	telefonbuch_184	PTT-Archiv, P-260-1_Basel_1907	Basel
Maser-Hofer	Jean	Wirt	Ryffstrasse 5	Basel	1728	1907	104	telefonbuch_184	PTT-Archiv, P-260-1_Basel_1907	Basel
Maser-Hofer	Jean	Metzgerei	Breisacherstrasse 90	Basel	550	1907	104	telefonbuch_184	PTT-Archiv, P-260-1_Basel_1907	Basel
Maser-Leberth	Chr.	Wirt	Horburgstrasse 30	Basel	4443	1907	104	telefonbuch_184	PTT-Archiv, P-260-1_Basel_1907	Basel
Massini	Hans		St. Albananlage 6	Basel	4236	1907	104	telefonbuch_184	PTT-Archiv, P-260-1_Basel_1907	Basel
Massini		Frau Prof. Dr.	Steinengraben 71	Basel	2553	1907	104	telefonbuch_184	PTT-Archiv, P-260-1_Basel_1907	Basel
Mast	Jakob	Ingenieur	Grenzacherstrasse 3	Basel	3245	1907	104	telefonbuch_184	PTT-Archiv, P-260-1_Basel_1907	Basel
Mast-Strobel	Hans	Malermeister	Dornacherstrasse 238	Basel	4520	1907	104	telefonbuch_184	PTT-Archiv, P-260-1_Basel_1907	Basel
Masüger	Dr med. A.		Feldbergstrasse 128	Basel	1991	1907	104	telefonbuch_184	PTT-Archiv, P-260-1_Basel_1907	Basel
Mathis-Ammann	J.	Milch-, Käse- u. Butterhdlg.	Blumenrain 26	Basel	318	1907	104	telefonbuch_184	PTT-Archiv, P-260-1_Basel_1907	Basel
Mathiss	Emil		Schützenmattstr. 16	Basel	2847	1907	104	telefonbuch_184	PTT-Archiv, P-260-1_Basel_1907	Basel
Matthews	Arthur	Wwe.	Angensteinerstr. 22	Basel	3679	1907	104	telefonbuch_184	PTT-Archiv, P-260-1_Basel_1907	Basel
Matthey-Meier & Co.		Sargmagazin und Desinfektionsanstalt	Steinenvorstadt 25	Basel	2199	1907	104	telefonbuch_184	PTT-Archiv, P-260-1_Basel_1907	Basel
Matthey-Meier & Co.		Sargmagazin und Desinfektionsanstalt	Ob. Rebgasse 25	Basel	1211	1907	104	telefonbuch_184	PTT-Archiv, P-260-1_Basel_1907	Basel
Mattmüller-Glatt	Aug.		Farbstrasse 35	Basel	386	1907	104	telefonbuch_184	PTT-Archiv, P-260-1_Basel_1907	Basel
Matzinger	Dr. Julius		Margarethenstr. 49	Basel	4040	1907	104	telefonbuch_184	PTT-Archiv, P-260-1_Basel_1907	Basel
Matzinger	F.	Linoleumhandlung	Steinenberg 25	Basel	2126	1907	104	telefonbuch_184	PTT-Archiv, P-260-1_Basel_1907	Basel
Maune	G.	Küfer und Wirt	Obere Rebgasse 21	Basel	3250	1907	104	telefonbuch_184	PTT-Archiv, P-260-1_Basel_1907	Basel
Maurer	Gottl.		Heumattstrasse 13	Basel	1124	1907	104	telefonbuch_184	PTT-Archiv, P-260-1_Basel_1907	Basel
Maurer	H.		Riehenthorstr. 12	Basel	34	1907	104	telefonbuch_184	PTT-Archiv, P-260-1_Basel_1907	Basel
Maurer-Schenk	G.	Bäckerei	Färberstrasse 5	Basel	3793	1907	104	telefonbuch_184	PTT-Archiv, P-260-1_Basel_1907	Basel
Maurerverband der Schweiz			Blumenrain 5	Basel	1656	1907	104	telefonbuch_184	PTT-Archiv, P-260-1_Basel_1907	Basel
Mauthe-Schlenker	Joh.	Wirt	Burgfelderstrasse 2	Basel	1268	1907	104	telefonbuch_184	PTT-Archiv, P-260-1_Basel_1907	Basel
Mauz-Dahler	Wwe. S.		Wiesendamm 1	Basel	904	1907	104	telefonbuch_184	PTT-Archiv, P-260-1_Basel_1907	Basel
Mavrogordato		Société anonyme pour l'exploitation des brevets Mavrogordato	Güterstrasse 146	Basel	1779	1907	104	telefonbuch_184	PTT-Archiv, P-260-1_Basel_1907	Basel
May	August	Buchbinder	Spalenvorstadt 21	Basel	2688	1907	104	telefonbuch_184	PTT-Archiv, P-260-1_Basel_1907	Basel
May	Camille		Feierabendstr. 39	Basel	4437	1907	104	telefonbuch_184	PTT-Archiv, P-260-1_Basel_1907	Basel
Mayer-Besels	Wwe. H.		Spalenthorweg 8	Basel	2589	1907	104	telefonbuch_184	PTT-Archiv, P-260-1_Basel_1907	Basel
Mayer-Holz	Friedr.	Wirt	Feldbergstrasse 23	Basel	1222	1907	104	telefonbuch_184	PTT-Archiv, P-260-1_Basel_1907	Basel
Mayer	J. de A.		Austrasse 52	Basel	2883	1907	104	telefonbuch_184	PTT-Archiv, P-260-1_Basel_1907	Basel
Mayer-Kirchhofer	Jos.	Bäcker	Unterer Heuberg 21	Basel	2160	1907	104	telefonbuch_184	PTT-Archiv, P-260-1_Basel_1907	Basel
Mayer	Louis	Wwe., & Co.	Vogesenstrasse 137	Basel	3893	1907	104	telefonbuch_184	PTT-Archiv, P-260-1_Basel_1907	Basel
Mayer-Sommer	M.		Steinenthorberg 8	Basel	530	1907	104	telefonbuch_184	PTT-Archiv, P-260-1_Basel_1907	Basel
Mayor	A. H.	Fleurs naturelles	Sattelgasse 19	Basel	174	1907	104	telefonbuch_184	PTT-Archiv, P-260-1_Basel_1907	Basel
Mechel-Pfaff	A.	Weinhandlung	Obere Rebgasse 28	Basel	1215	1907	104	telefonbuch_184	PTT-Archiv, P-260-1_Basel_1907	Basel
Mechel	R.	Söhne	Unt. Rheingasse 17	Basel	1267	1907	104	telefonbuch_184	PTT-Archiv, P-260-1_Basel_1907	Basel
Mechel-Rosenmund	Wwe. Alb.		Schaffh. Rheinweg 77	Basel	3735	1907	104	telefonbuch_184	PTT-Archiv, P-260-1_Basel_1907	Basel
von Mechel - von Sprecher	A.		Angensteinerstr. 19	Basel	205	1907	104	telefonbuch_184	PTT-Archiv, P-260-1_Basel_1907	Basel
Meder	G.	Buchdruckerei u. Schreibmaterialien	St. Johannvorst. 23	Basel	3281	1907	104	telefonbuch_184	PTT-Archiv, P-260-1_Basel_1907	Basel
Meerwein	Fr.		St. Albanvorstadt 18	Basel	1846	1907	104	telefonbuch_184	PTT-Archiv, P-260-1_Basel_1907	Basel
Meichsner-Stulz	Rob.		Theaterstrasse 18	Basel	2341	1907	104	telefonbuch_184	PTT-Archiv, P-260-1_Basel_1907	Basel
Meidinger	G.	& Cie., Bureau	Maiengasse 12	Basel	1572	1907	104	telefonbuch_184	PTT-Archiv, P-260-1_Basel_1907	Basel
Meier	Dr. F.		St. Johannvorst. 44	Basel	1277	1907	104	telefonbuch_184	PTT-Archiv, P-260-1_Basel_1907	Basel
Meier-Meier	Frz.	Milch- und Spezereihandlg.	Müllheimerstr. 142	Basel	3343	1907	104	telefonbuch_184	PTT-Archiv, P-260-1_Basel_1907	Basel
Meier	Prof. Dr. John		Pilgerstrasse 45	Basel	744	1907	104	telefonbuch_184	PTT-Archiv, P-260-1_Basel_1907	Basel
Meier-Neeser	Jean		St Albanrheinweg 188	Basel	328	1907	104	telefonbuch_184	PTT-Archiv, P-260-1_Basel_1907	Basel
Meier-Trinkler	J.		Haltingerstrasse 68	Basel	2523	1907	104	telefonbuch_184	PTT-Archiv, P-260-1_Basel_1907	Basel
Meili	Louise	Café Helm	Fischmarkt 4	Basel	1566	1907	105	telefonbuch_185	PTT-Archiv, P-260-1_Basel_1907	Basel
Meister	Jos.	(Bureau)	Utengasse 15	Basel	1194	1907	105	telefonbuch_185	PTT-Archiv, P-260-1_Basel_1907	Basel
Mellinger	Dr. Carl	Prof.	Holbeinstrasse 1	Basel	2756	1907	105	telefonbuch_185	PTT-Archiv, P-260-1_Basel_1907	Basel
Mellinger	Karl	Holz- und Kohlenhandlung	Holbeinstrasse 36	Basel	2342	1907	105	telefonbuch_185	PTT-Archiv, P-260-1_Basel_1907	Basel
Melter		Gebrüder	Steinenvorstadt 52	Basel	480	1907	105	telefonbuch_185	PTT-Archiv, P-260-1_Basel_1907	Basel
Memmel	M. E.	Kautschukstempel-Fabrik	Bäumleingasse 14	Basel	1874	1907	105	telefonbuch_185	PTT-Archiv, P-260-1_Basel_1907	Basel
Memminger	Chr.	Metzger	Güterstrasse 321	Basel	3782	1907	105	telefonbuch_185	PTT-Archiv, P-260-1_Basel_1907	Basel
Meng-Leimgruber	Daniel	Malermeister	Pfeffingerstrasse 78	Basel	4446	1907	105	telefonbuch_185	PTT-Archiv, P-260-1_Basel_1907	Basel
Menton	Alfred	Bäckerei und Conditorei	Feldbergstrasse 31	Basel	1232	1907	105	telefonbuch_185	PTT-Archiv, P-260-1_Basel_1907	Basel
Mercier	Ad., fils	Reitschule	Oetlingerstrasse 62	Basel	4061	1907	105	telefonbuch_185	PTT-Archiv, P-260-1_Basel_1907	Basel
Merian	Albert		Mostackerstrasse 5	Basel	1667	1907	105	telefonbuch_185	PTT-Archiv, P-260-1_Basel_1907	Basel
Merian-Burckhardt	Wwe. Sophie		Rittergasse 20	Basel	1815	1907	105	telefonbuch_185	PTT-Archiv, P-260-1_Basel_1907	Basel
Merian (Chr.)'sche Stiftung			Elisabethenstrasse 8	Basel	1423	1907	105	telefonbuch_185	PTT-Archiv, P-260-1_Basel_1907	Basel
Merian (Chr.)'sche Stiftung		Dieselbe	Reinacherstrasse 260	Basel	769	1907	105	telefonbuch_185	PTT-Archiv, P-260-1_Basel_1907	Basel
Merian (Chr.)'sche Stiftung		Dieselbe, siehe unter „St. Jakob“		Basel	3565	1907	105	telefonbuch_185	PTT-Archiv, P-260-1_Basel_1907	Basel
Merian-Heusler	W.		Grenzacherstr. 325	Basel	3233	1907	105	telefonbuch_185	PTT-Archiv, P-260-1_Basel_1907	Basel
Merian	Julie Marg.		Langegasse 23	Basel	1904	1907	105	telefonbuch_185	PTT-Archiv, P-260-1_Basel_1907	Basel
Merian	Math.		Sevogelstrasse 58	Basel	3588	1907	105	telefonbuch_185	PTT-Archiv, P-260-1_Basel_1907	Basel
Merian-Müller	Wwe. Maria		Byfangweg 36	Basel	3109	1907	105	telefonbuch_185	PTT-Archiv, P-260-1_Basel_1907	Basel
Merian-Paravicini	Hch.		St. Albanvorst. 82	Basel	4284	1907	105	telefonbuch_185	PTT-Archiv, P-260-1_Basel_1907	Basel
Merian-Paravicini	Hch.	Derselbe	Vogelsangweg 3	Basel	3836	1907	105	telefonbuch_185	PTT-Archiv, P-260-1_Basel_1907	Basel
Merian	Dr. Rud.		Riehenstrasse 154	Basel	1125	1907	105	telefonbuch_185	PTT-Archiv, P-260-1_Basel_1907	Basel
Merian	Sam. T.		Engelgasse 109	Basel	4544	1907	105	telefonbuch_185	PTT-Archiv, P-260-1_Basel_1907	Basel
Merian	R. O.	Gut Bellevue	Allmendweg 31	Basel	3842	1907	105	telefonbuch_185	PTT-Archiv, P-260-1_Basel_1907	Basel
Merian	R. O.	Derselbe	Gellertstrasse 22	Basel	4103	1907	105	telefonbuch_185	PTT-Archiv, P-260-1_Basel_1907	Basel
Merian-Thurneysen	Alfred		Riehenstr. 234/246	Basel	3839	1907	105	telefonbuch_185	PTT-Archiv, P-260-1_Basel_1907	Basel
Merian-Thurneysen	Alfred	Derselbe, Villa „Surinam“	Riehenstrasse 275	Basel	216	1907	105	telefonbuch_185	PTT-Archiv, P-260-1_Basel_1907	Basel
Merian-Thurneysen	Alfred	Derselbe	Münsterplatz 17	Basel	1090	1907	105	telefonbuch_185	PTT-Archiv, P-260-1_Basel_1907	Basel
Merian & Lüthy		Ingenieur-Bureau	Falknerstrasse 1	Basel	605	1907	105	telefonbuch_185	PTT-Archiv, P-260-1_Basel_1907	Basel
Merian-Weber	Friedrich		Rennweg 2	Basel	3149	1907	105	telefonbuch_185	PTT-Archiv, P-260-1_Basel_1907	Basel
Merian-Zaeslin	Wwe. S. K.		Missionsstrasse 24	Basel	2619	1907	105	telefonbuch_185	PTT-Archiv, P-260-1_Basel_1907	Basel
Merk	A.	Schreinermeister	Sternengasse 29	Basel	2402	1907	105	telefonbuch_185	PTT-Archiv, P-260-1_Basel_1907	Basel
Merk	K.	Rektor	Bachlettenstrasse 56	Basel	2958	1907	105	telefonbuch_185	PTT-Archiv, P-260-1_Basel_1907	Basel
Merke-Hediger	Wwe. M.		Gartenstrasse 101	Basel	1105	1907	105	telefonbuch_185	PTT-Archiv, P-260-1_Basel_1907	Basel
Merkle-Imbach	Ed.		Missionsstrasse 9	Basel	2632	1907	105	telefonbuch_185	PTT-Archiv, P-260-1_Basel_1907	Basel
Merkle & Co.			Falknerstrasse 2	Basel	3111	1907	105	telefonbuch_185	PTT-Archiv, P-260-1_Basel_1907	Basel
Merkt-Schmutz	A.	Metzger	Spalenberg 60	Basel	2686	1907	105	telefonbuch_185	PTT-Archiv, P-260-1_Basel_1907	Basel
„Merkur“		Schweizer Chocoladen- u. Colonialhaus	Elisabethenstrasse 1	Basel	4547	1907	105	telefonbuch_185	PTT-Archiv, P-260-1_Basel_1907	Basel
Mertz	Emil		Weidengasse 5	Basel	4298	1907	105	telefonbuch_185	PTT-Archiv, P-260-1_Basel_1907	Basel
Merz	Dr. Hans	Arzt	St. Johannring 16	Basel	761	1907	105	telefonbuch_185	PTT-Archiv, P-260-1_Basel_1907	Basel
Merz	Lina	Cigarrenhandlung	Eisengasse 34	Basel	1602	1907	105	telefonbuch_185	PTT-Archiv, P-260-1_Basel_1907	Basel
Merz & Leber		elektr. Anlagen (Merz Wohnung 3312)	Steinenthorstr. 25	Basel	3443	1907	105	telefonbuch_185	PTT-Archiv, P-260-1_Basel_1907	Basel
Messageries Anglo-Suisses			Holbeinstrasse 6	Basel	511	1907	105	telefonbuch_185	PTT-Archiv, P-260-1_Basel_1907	Basel
Métraux-Bucherer		vormals Karl Bucherer	Freiestrasse 28	Basel	1929	1907	105	telefonbuch_185	PTT-Archiv, P-260-1_Basel_1907	Basel
Metz	G.	vorm Gebr. Metz, Kunstverlag	Reichensteinerstr. 18	Basel	3533	1907	105	telefonbuch_185	PTT-Archiv, P-260-1_Basel_1907	Basel
Metzger	Adolf	Papierhandlung	Thiersteinerallee 9	Basel	4006	1907	105	telefonbuch_185	PTT-Archiv, P-260-1_Basel_1907	Basel
Metzger	E.	Entleerungsgeschäft	Leuengasse 36	Basel	3197	1907	105	telefonbuch_185	PTT-Archiv, P-260-1_Basel_1907	Basel
Metzger	Gust.	Chemiserie-, Wäsche- und Weisswarenmagazin	Münsterberg 2	Basel	1827	1907	105	telefonbuch_185	PTT-Archiv, P-260-1_Basel_1907	Basel
Metzger	Gust.	Derselbe, mech. Wäschefabrik	Thiersteinerallee 23	Basel	3930	1907	105	telefonbuch_185	PTT-Archiv, P-260-1_Basel_1907	Basel
Metzger-Hugenschmidt	B.	Schreinermeister	Hammerstrasse 57	Basel	3631	1907	106	telefonbuch_186	PTT-Archiv, P-260-1_Basel_1907	Basel
Meyenrock	Fr.		Austrasse 116	Basel	4468	1907	106	telefonbuch_186	PTT-Archiv, P-260-1_Basel_1907	Basel
Meyer-Altwegg	Heinr.	Dr. med.	Petersgraben 63	Basel	2712	1907	106	telefonbuch_186	PTT-Archiv, P-260-1_Basel_1907	Basel
Meyer-Altorfer	H.	Frau	Schützenmattstr. 44	Basel	4538	1907	106	telefonbuch_186	PTT-Archiv, P-260-1_Basel_1907	Basel
Meyer	Anny		Aeschengraben 8	Basel	4513	1907	106	telefonbuch_186	PTT-Archiv, P-260-1_Basel_1907	Basel
Meyer	August		Rebgasse 42	Basel	1123	1907	106	telefonbuch_186	PTT-Archiv, P-260-1_Basel_1907	Basel
Meyer-Brügger	J.		Burgunderstrasse 38	Basel	2937	1907	106	telefonbuch_186	PTT-Archiv, P-260-1_Basel_1907	Basel
Meyer	Casimir		Steinenthortr. 30	Basel	3012	1907	106	telefonbuch_186	PTT-Archiv, P-260-1_Basel_1907	Basel
Meyer	C. F.	Dr., Frauenarzt	Mittlerestrasse 35	Basel	946	1907	106	telefonbuch_186	PTT-Archiv, P-260-1_Basel_1907	Basel
Meyer	C. J. & E.		Güterstrasse 146	Basel	333	1907	106	telefonbuch_186	PTT-Archiv, P-260-1_Basel_1907	Basel
Meyer	Eduard	Dr., Zahnarzt	Steinengraben 52	Basel	1957	1907	106	telefonbuch_186	PTT-Archiv, P-260-1_Basel_1907	Basel
Meyer	Fritz	Basler Margarin-Talgschmelze	Mühlhauserstrasse 24	Basel	356	1907	106	telefonbuch_186	PTT-Archiv, P-260-1_Basel_1907	Basel
Meyer	Gebrüder	Baugeschäft	Allschwilerstr. 63	Basel	2677	1907	106	telefonbuch_186	PTT-Archiv, P-260-1_Basel_1907	Basel
Meyer	Hans	Bäcker	St. Albanvorst. 41	Basel	1767	1907	106	telefonbuch_186	PTT-Archiv, P-260-1_Basel_1907	Basel
Meyer-Hauser	Fr.	Fuhrhalterei u. off. Camionnage S.B.B.	Klosterberg 25	Basel	2140	1907	106	telefonbuch_186	PTT-Archiv, P-260-1_Basel_1907	Basel
Meyer-Hauser	Fr.	Wohnung	Binningerstrasse 15	Basel	2627	1907	106	telefonbuch_186	PTT-Archiv, P-260-1_Basel_1907	Basel
Meyer-Hauser	Fr.	Camionnagebureau für Frachtgüter	Güterbahnhof S. B. B.	Basel	2421	1907	106	telefonbuch_186	PTT-Archiv, P-260-1_Basel_1907	Basel
Meyer-Hauser	Fr.	Camionnagebureau für Eil- und Expressgüter	Personenbahnh. S. B. B.	Basel	2474	1907	106	telefonbuch_186	PTT-Archiv, P-260-1_Basel_1907	Basel
Meyer-Honegger	C.	Holzhändler	Habsburgerstr. 29	Basel	827	1907	106	telefonbuch_186	PTT-Archiv, P-260-1_Basel_1907	Basel
Meyer-Hort	Luise	Schuhwarenhandlung	Güterstrasse 164	Basel	3955	1907	106	telefonbuch_186	PTT-Archiv, P-260-1_Basel_1907	Basel
Meyer	Joh.	Hôtel du Pont	Ob. Rheingasse 8	Basel	3516	1907	106	telefonbuch_186	PTT-Archiv, P-260-1_Basel_1907	Basel
Meyer	Jos.	Architekt, Bureau	Inn. Margarethenstr. 14	Basel	2328	1907	106	telefonbuch_186	PTT-Archiv, P-260-1_Basel_1907	Basel
Meyer-Kistler	Herm.	Spenglermeister	Unt. Heuberg 11	Basel	2440	1907	106	telefonbuch_186	PTT-Archiv, P-260-1_Basel_1907	Basel
Meyer-Kläsi	Eduard		Engelgasse 95	Basel	4193	1907	106	telefonbuch_186	PTT-Archiv, P-260-1_Basel_1907	Basel
Meyer-Künzli	H.	Restaurant Feldschlösschen	Spalenberg 11	Basel	3767	1907	106	telefonbuch_186	PTT-Archiv, P-260-1_Basel_1907	Basel
Meyer-Lichtenhahn	Th.	(Bureau)	Elisabethenstr. 20	Basel	2139	1907	106	telefonbuch_186	PTT-Archiv, P-260-1_Basel_1907	Basel
Meyer-Lichtenhahn	Th.	(Wohnung)	Pfeffingerstrasse 107	Basel	3985	1907	106	telefonbuch_186	PTT-Archiv, P-260-1_Basel_1907	Basel
Meyer-Lieb	Paul	Dr.	Birsigstrasse 96	Basel	2223	1907	106	telefonbuch_186	PTT-Archiv, P-260-1_Basel_1907	Basel
Meyer-Märkt	Barb.	Wwe.	Steinengraben 22	Basel	2988	1907	106	telefonbuch_186	PTT-Archiv, P-260-1_Basel_1907	Basel
Meyer	Max		Birsigstrasse 120	Basel	737	1907	106	telefonbuch_186	PTT-Archiv, P-260-1_Basel_1907	Basel
Meyer	Oskar	Dr., Advokat	Falknerstrasse 4/6	Basel	2354	1907	106	telefonbuch_186	PTT-Archiv, P-260-1_Basel_1907	Basel
Meyer-Pflüger	Jos.	Malermeister	Burgfelderstrasse 30	Basel	1474	1907	106	telefonbuch_186	PTT-Archiv, P-260-1_Basel_1907	Basel
Meyer	René	& Co.	Leimenstrasse 39	Basel	2944	1907	106	telefonbuch_186	PTT-Archiv, P-260-1_Basel_1907	Basel
Meyer's	J. C.	Wwe. & Co.	Gerbergässlein 22	Basel	3112	1907	106	telefonbuch_186	PTT-Archiv, P-260-1_Basel_1907	Basel
Meyer-Schaal	E.	Bäcker	Webergasse 35	Basel	1217	1907	106	telefonbuch_186	PTT-Archiv, P-260-1_Basel_1907	Basel
Meyer-Schmid	Carl	Prof. Dr.	Feierabendstrasse 71	Basel	2176	1907	106	telefonbuch_186	PTT-Archiv, P-260-1_Basel_1907	Basel
Meyer-Siegrist	A.		Pilgerstrasse 15	Basel	2782	1907	106	telefonbuch_186	PTT-Archiv, P-260-1_Basel_1907	Basel
Meyer Söhne		Weinhandlung	Leimenstrasse 22	Basel	2845	1907	106	telefonbuch_186	PTT-Archiv, P-260-1_Basel_1907	Basel
Meyer-Spoerry	A.		Sonnenweg 18	Basel	1403	1907	106	telefonbuch_186	PTT-Archiv, P-260-1_Basel_1907	Basel
Meyer-Stöcklin	Joh.	Schneidermeister	Schützengraben 58	Basel	3389	1907	106	telefonbuch_186	PTT-Archiv, P-260-1_Basel_1907	Basel
Meyer	Titus	Dr., Advokatur und Inkasso	Freiestrasse 101	Basel	1970	1907	106	telefonbuch_186	PTT-Archiv, P-260-1_Basel_1907	Basel
Meyer & Goetschel			Eulerstrasse 77	Basel	2546	1907	106	telefonbuch_186	PTT-Archiv, P-260-1_Basel_1907	Basel
Meyer-Vogel	M.	Wwe.	Steinengraben 40	Basel	3084	1907	106	telefonbuch_186	PTT-Archiv, P-260-1_Basel_1907	Basel
Meyer-von Schmid	L. H.	Wwe.	Holbeinstrasse 86	Basel	3069	1907	106	telefonbuch_186	PTT-Archiv, P-260-1_Basel_1907	Basel
Mezger-Hersberger	J.		Hochbergerweg 23	Basel	3363	1907	106	telefonbuch_186	PTT-Archiv, P-260-1_Basel_1907	Basel
Mick-Bähler	Fritz	Konditor und Traiteur	Spalenring 152	Basel	952	1907	106	telefonbuch_186	PTT-Archiv, P-260-1_Basel_1907	Basel
Mick-Gschwind	Louis	Bäckermeister	Leonhardstrasse 40	Basel	4508	1907	106	telefonbuch_186	PTT-Archiv, P-260-1_Basel_1907	Basel
Mieg-Buser	Emanuel		Rothbergerstr. 27	Basel	1111	1907	106	telefonbuch_186	PTT-Archiv, P-260-1_Basel_1907	Basel
Mieg	Charles		St. Albananlage 11	Basel	292	1907	107	telefonbuch_187	PTT-Archiv, P-260-1_Basel_1907	Basel
Mieg	Emanuel		Kanonengasse 15	Basel	2481	1907	107	telefonbuch_187	PTT-Archiv, P-260-1_Basel_1907	Basel
Miescher-Berner	M.	Frau	Feierabendstrasse 25	Basel	1206	1907	107	telefonbuch_187	PTT-Archiv, P-260-1_Basel_1907	Basel
Miescher	Paul		Augustinergasse 21	Basel	3114	1907	107	telefonbuch_187	PTT-Archiv, P-260-1_Basel_1907	Basel
Milchkuranstalt, Basler		v. Wwe. Walther Schmid	Schönbeinstrasse 36	Basel	2592	1907	107	telefonbuch_187	PTT-Archiv, P-260-1_Basel_1907	Basel
Mineralogisch-geologische Anstalt der Universität			Münsterplatz 7	Basel	1054	1907	107	telefonbuch_187	PTT-Archiv, P-260-1_Basel_1907	Basel
Mineralwasser- und Colonialwarenhandlung		vorm. E. Krayer-Ramspérger	Freiestrasse 39	Basel	1057	1907	107	telefonbuch_187	PTT-Archiv, P-260-1_Basel_1907	Basel
Missionsbuchhandlung			Missionsstrasse 21	Basel	854	1907	107	telefonbuch_187	PTT-Archiv, P-260-1_Basel_1907	Basel
Missionsbuchhandlung		Dieselbe	Eisengasse 7	Basel	1500	1907	107	telefonbuch_187	PTT-Archiv, P-260-1_Basel_1907	Basel
Missionshandlungsgesellschaft			Nonnenweg 21	Basel	2669	1907	107	telefonbuch_187	PTT-Archiv, P-260-1_Basel_1907	Basel
Missionsverwaltung			Missionsstrasse 21	Basel	2625	1907	107	telefonbuch_187	PTT-Archiv, P-260-1_Basel_1907	Basel
Misslin-Mahrer's Erben			Leonhardstrasse 11	Basel	1479	1907	107	telefonbuch_187	PTT-Archiv, P-260-1_Basel_1907	Basel
Miville-Burckhardt	Rud.		St. Jakobsstrasse 16	Basel	1836	1907	107	telefonbuch_187	PTT-Archiv, P-260-1_Basel_1907	Basel
Miville-Iselin	R.		Gartenstrasse 73	Basel	2310	1907	107	telefonbuch_187	PTT-Archiv, P-260-1_Basel_1907	Basel
Moebius	H.	& fils, siehe unter „Kleinhüningen“		Basel	3327	1907	107	telefonbuch_187	PTT-Archiv, P-260-1_Basel_1907	Basel
Mock-Huber	F.	Kunstmaler	Leimenstrasse 79	Basel	4145	1907	107	telefonbuch_187	PTT-Archiv, P-260-1_Basel_1907	Basel
Mohler	Adolf	Cigarrenhandlung	Leonhardsgraben 2	Basel	2299	1907	107	telefonbuch_187	PTT-Archiv, P-260-1_Basel_1907	Basel
Mohler-Jauslin	Emil	Glasreinigungsgeschäft	Spiegelgasse 12	Basel	551	1907	107	telefonbuch_187	PTT-Archiv, P-260-1_Basel_1907	Basel
Möhrle	Hermann	Velofabrik	Ob. Rheingasse 23	Basel	455	1907	107	telefonbuch_187	PTT-Archiv, P-260-1_Basel_1907	Basel
Mondet-Weiler	R.	Wwe.	Gerbergasse 75	Basel	4152	1907	107	telefonbuch_187	PTT-Archiv, P-260-1_Basel_1907	Basel
Mondet-Zehnder	Louis		Gerbergasse 78	Basel	2115	1907	107	telefonbuch_187	PTT-Archiv, P-260-1_Basel_1907	Basel
Mondet-Zehnder	Louis	Derselbe	Leonhardsgraben 4	Basel	1977	1907	107	telefonbuch_187	PTT-Archiv, P-260-1_Basel_1907	Basel
Montangesellschaft Kling & Cie.			Gundoldingerstr. 177	Basel	383	1907	107	telefonbuch_187	PTT-Archiv, P-260-1_Basel_1907	Basel
Moor	Rudolf		Wintergasse 18	Basel	3547	1907	107	telefonbuch_187	PTT-Archiv, P-260-1_Basel_1907	Basel
Moppert-Roth	C.		Steinenthorstr. 38	Basel	2428	1907	107	telefonbuch_187	PTT-Archiv, P-260-1_Basel_1907	Basel
Morath	J.	Spenglermeister	Hammerstrasse 44	Basel	3712	1907	107	telefonbuch_187	PTT-Archiv, P-260-1_Basel_1907	Basel
Morel-Vischer	A.		Rittergasse 19	Basel	1802	1907	107	telefonbuch_187	PTT-Archiv, P-260-1_Basel_1907	Basel
Morf-Gutfleisch	J.	Wwe.	Austrasse 59	Basel	2485	1907	107	telefonbuch_187	PTT-Archiv, P-260-1_Basel_1907	Basel
Morf	J. J.	Lithographie	Petersgraben 61	Basel	1481	1907	107	telefonbuch_187	PTT-Archiv, P-260-1_Basel_1907	Basel
Mörikofer	P.		Johanniterstrasse 19	Basel	1698	1907	107	telefonbuch_187	PTT-Archiv, P-260-1_Basel_1907	Basel
Morin	Frédéric		Rötlerstrasse 6	Basel	624	1907	107	telefonbuch_187	PTT-Archiv, P-260-1_Basel_1907	Basel
Morin & Posselius		Glasbläserei	Petersgraben 18	Basel	213	1907	107	telefonbuch_187	PTT-Archiv, P-260-1_Basel_1907	Basel
Morlock	Friedr.	Zimmermeister	Landskronstr. 40	Basel	1231	1907	107	telefonbuch_187	PTT-Archiv, P-260-1_Basel_1907	Basel
Morosini		successeur B. Galfetti	Aeschenvorstadt 38	Basel	2308	1907	107	telefonbuch_187	PTT-Archiv, P-260-1_Basel_1907	Basel
Mory-Madoery	Samuel		Grellingerstrasse 9	Basel	2105	1907	107	telefonbuch_187	PTT-Archiv, P-260-1_Basel_1907	Basel
Möschinger	J.	Verbandstoffe, Sanitäts- und Gummiwaren	Spalenberg 2	Basel	1406	1907	107	telefonbuch_187	PTT-Archiv, P-260-1_Basel_1907	Basel
Möschinger	J.	Derselbe	Belchenstrasse 18	Basel	634	1907	107	telefonbuch_187	PTT-Archiv, P-260-1_Basel_1907	Basel
Moser-Ebell	Adolf		Leonhardstrasse 24	Basel	1024	1907	107	telefonbuch_187	PTT-Archiv, P-260-1_Basel_1907	Basel
Moser	Hermann	Graveur	Spalenberg 29	Basel	2496	1907	107	telefonbuch_187	PTT-Archiv, P-260-1_Basel_1907	Basel
Moser-Massini	R.		Steinengraben 21	Basel	2863	1907	107	telefonbuch_187	PTT-Archiv, P-260-1_Basel_1907	Basel
Mosse	Rudolf	Annoncen-Expedition	Freiestrasse 41	Basel	1064	1907	107	telefonbuch_187	PTT-Archiv, P-260-1_Basel_1907	Basel
Motorlastwagen Soller A.-G.			Clarastrasse 43	Basel	3481	1907	107	telefonbuch_187	PTT-Archiv, P-260-1_Basel_1907	Basel
Motorlastwagen Soller A.-G.		Dieselbe, Techn. Bureau	Gundeldingerstr. 209	Basel	4418	1907	107	telefonbuch_187	PTT-Archiv, P-260-1_Basel_1907	Basel
Mühlberg	Ernst	Papierhandlung	Greifengasse 27	Basel	1276	1907	107	telefonbuch_187	PTT-Archiv, P-260-1_Basel_1907	Basel
Mühlemann	Ernst		Bachlettenstrasse 1	Basel	228	1907	107	telefonbuch_187	PTT-Archiv, P-260-1_Basel_1907	Basel
Mühlehaller	R.	& Söhne, Droguerie	Freiestrasse 15	Basel	1344	1907	107	telefonbuch_187	PTT-Archiv, P-260-1_Basel_1907	Basel
Mühlhausser	L.	Pfarrer	Missionsstrasse 21	Basel	543	1907	107	telefonbuch_187	PTT-Archiv, P-260-1_Basel_1907	Basel
Müller	Achilles	Dr., Arzt	Eisengasse 16	Basel	437	1907	107	telefonbuch_187	PTT-Archiv, P-260-1_Basel_1907	Basel
Müller	Arnold		Leonhardsgraben 52	Basel	2888	1907	108	telefonbuch_188	PTT-Archiv, P-260-1_Basel_1907	Basel
Müller	August	Spenglermeister	Lehenmattweg 53	Basel	1108	1907	108	telefonbuch_188	PTT-Archiv, P-260-1_Basel_1907	Basel
Müller	Carl	& Vogt, Gypser	Margarethenstr. 65	Basel	4010	1907	108	telefonbuch_188	PTT-Archiv, P-260-1_Basel_1907	Basel
Müller	H.	Dr., Redakteur	Freiestrasse 38	Basel	3136	1907	108	telefonbuch_188	PTT-Archiv, P-260-1_Basel_1907	Basel
Müller	Emil	Handelsgärtner	Aeschenvorstadt 11	Basel	2026	1907	108	telefonbuch_188	PTT-Archiv, P-260-1_Basel_1907	Basel
Müller	Emil	Handelsgärtner	St. Albanringw. 201	Basel	3593	1907	108	telefonbuch_188	PTT-Archiv, P-260-1_Basel_1907	Basel
Müller-Fader	Edwin		Rosshofgasse 10	Basel	296	1907	108	telefonbuch_188	PTT-Archiv, P-260-1_Basel_1907	Basel
Müller	Gust.	& Co., Weinhandlung	Utengasse 5	Basel	1165	1907	108	telefonbuch_188	PTT-Archiv, P-260-1_Basel_1907	Basel
Müller-Haberstich	F.		Claragraben 35	Basel	3843	1907	108	telefonbuch_188	PTT-Archiv, P-260-1_Basel_1907	Basel
Müller	Hans	jun.	Freiestrasse 41	Basel	1064	1907	108	telefonbuch_188	PTT-Archiv, P-260-1_Basel_1907	Basel
Müller	Hans	jun.	Leimenstrasse 25	Basel	2615	1907	108	telefonbuch_188	PTT-Archiv, P-260-1_Basel_1907	Basel
Müller	Hans	Wirt	Erlenweg 59	Basel	393	1907	108	telefonbuch_188	PTT-Archiv, P-260-1_Basel_1907	Basel
Müller-Heer	G.	Restaurateur	Bad. Bahnhof	Basel	3469	1907	108	telefonbuch_188	PTT-Archiv, P-260-1_Basel_1907	Basel
Müller	Heinrich		Maulbeerweg 7	Basel	3511	1907	108	telefonbuch_188	PTT-Archiv, P-260-1_Basel_1907	Basel
Müller	Heinrich	Konditor	Dornacherstrasse 67	Basel	4078	1907	108	telefonbuch_188	PTT-Archiv, P-260-1_Basel_1907	Basel
Müller-Hindenlang & Co.		Käsehandlung, Bureau	Socinstrasse 42	Basel	2652	1907	108	telefonbuch_188	PTT-Archiv, P-260-1_Basel_1907	Basel
Müller	J.	Schirmfabrikant	Freiestrasse 85	Basel	1867	1907	108	telefonbuch_188	PTT-Archiv, P-260-1_Basel_1907	Basel
Müller	J.	Schirmfabrikant	Greifengasse 12	Basel	3205	1907	108	telefonbuch_188	PTT-Archiv, P-260-1_Basel_1907	Basel
Müller	J. J.	Metallwarenfabrik und Giesserei	Steinengraben 80	Basel	2504	1907	108	telefonbuch_188	PTT-Archiv, P-260-1_Basel_1907	Basel
Müller-Kaefer	Karl		Efringerstrasse 18	Basel	481	1907	108	telefonbuch_188	PTT-Archiv, P-260-1_Basel_1907	Basel
Müller-Kelterborn	E.	Wwe.	Ob. Heuberg 22	Basel	770	1907	108	telefonbuch_188	PTT-Archiv, P-260-1_Basel_1907	Basel
Müller-Köpf	Herm.		Sperrstrasse 85	Basel	3450	1907	108	telefonbuch_188	PTT-Archiv, P-260-1_Basel_1907	Basel
Müller-Krauer	J.	Wwe.	Hardtstrasse 36	Basel	3599	1907	108	telefonbuch_188	PTT-Archiv, P-260-1_Basel_1907	Basel
Müller-Leimgruber	J.	Frau, Hebamme	Hammerstrasse 99	Basel	1676	1907	108	telefonbuch_188	PTT-Archiv, P-260-1_Basel_1907	Basel
Müller-Lütolf	Fritz	Spenglermeister	Oetlingerstrasse 187	Basel	490	1907	108	telefonbuch_188	PTT-Archiv, P-260-1_Basel_1907	Basel
Müller	Max	Feinbäckerei und Konditorei	Steinenvorstadt 2	Basel	2457	1907	108	telefonbuch_188	PTT-Archiv, P-260-1_Basel_1907	Basel
Müller-Mechel	Aug.		Grenzacherstr. 65	Basel	2602	1907	108	telefonbuch_188	PTT-Archiv, P-260-1_Basel_1907	Basel
Müller-Oberer	Carl	Baugeschäft	Missionsstrasse 64	Basel	23	1907	108	telefonbuch_188	PTT-Archiv, P-260-1_Basel_1907	Basel
Müller	Otto	Cigarrenhandlung	Küchegässlein 9	Basel	2111	1907	108	telefonbuch_188	PTT-Archiv, P-260-1_Basel_1907	Basel
Müller		Dr., & Rosenberg	St. Johannvorst. 23	Basel	4436	1907	108	telefonbuch_188	PTT-Archiv, P-260-1_Basel_1907	Basel
Müller-Schmid	Aug.	Lithograph und Buchdruckereibesitzer	St. Johannvorst. 44	Basel	3303	1907	108	telefonbuch_188	PTT-Archiv, P-260-1_Basel_1907	Basel
Müller-Schurter	Th.		Sternenbergerstr. 1	Basel	3482	1907	108	telefonbuch_188	PTT-Archiv, P-260-1_Basel_1907	Basel
Müller-Senn	W.	Droguerie	Aeschenvorstadt 75	Basel	1888	1907	108	telefonbuch_188	PTT-Archiv, P-260-1_Basel_1907	Basel
Müller-Stücklin	A.	Cigarren, Tabak	Dornacherstrasse 75	Basel	850	1907	108	telefonbuch_188	PTT-Archiv, P-260-1_Basel_1907	Basel
Müller & Cie.		Bankgeschäft	Gerbergasse 24	Basel	2107	1907	108	telefonbuch_188	PTT-Archiv, P-260-1_Basel_1907	Basel
Müller & Cie.		Börse	Postgebäude	Basel	112	1907	108	telefonbuch_188	PTT-Archiv, P-260-1_Basel_1907	Basel
Müller & Cie.		Börse	Postgebäude	Basel	483	1907	108	telefonbuch_188	PTT-Archiv, P-260-1_Basel_1907	Basel
Müller & Hess		Baugeschäft	Schanzenstrasse 31	Basel	25	1907	108	telefonbuch_188	PTT-Archiv, P-260-1_Basel_1907	Basel
Münch	Alph.		Breisacherstrasse 60	Basel	3354	1907	108	telefonbuch_188	PTT-Archiv, P-260-1_Basel_1907	Basel
Muntwyler	Wilh.	Schmiedmeister	Pfeffingerstrasse 27	Basel	3999	1907	108	telefonbuch_188	PTT-Archiv, P-260-1_Basel_1907	Basel
Munz	Joh.	Glaser	Hammerstrasse 90	Basel	3431	1907	108	telefonbuch_188	PTT-Archiv, P-260-1_Basel_1907	Basel
Münzer		Professor	Marschalkenstr. 26	Basel	4501	1907	108	telefonbuch_188	PTT-Archiv, P-260-1_Basel_1907	Basel
Müry	Alb.	Dr. med.	Nonnenweg 29	Basel	732	1907	108	telefonbuch_188	PTT-Archiv, P-260-1_Basel_1907	Basel
Müry-Dietschy	E.		Rütimeyerstrasse 10	Basel	2564	1907	108	telefonbuch_188	PTT-Archiv, P-260-1_Basel_1907	Basel
Müry	E.	& Cie.	Eisengasse 6	Basel	1370	1907	108	telefonbuch_188	PTT-Archiv, P-260-1_Basel_1907	Basel
Müry-Flück	Emil		Nonnenweg 29	Basel	732	1907	108	telefonbuch_188	PTT-Archiv, P-260-1_Basel_1907	Basel
Musante	S.	Kolonialwaren	Türkheimerstr. 48	Basel	1471	1907	108	telefonbuch_188	PTT-Archiv, P-260-1_Basel_1907	Basel
Museum			Augustinergasse 2	Basel	1155	1907	109	telefonbuch_189	PTT-Archiv, P-260-1_Basel_1907	Basel
Museum		Kunstsammlung	Augustinergasse 2	Basel	433	1907	109	telefonbuch_189	PTT-Archiv, P-260-1_Basel_1907	Basel
Muspach-Ruckle	W.	Vertr. d. Brauerei Warteck	Eulerstrasse 46	Basel	2704	1907	109	telefonbuch_189	PTT-Archiv, P-260-1_Basel_1907	Basel
Mylius	A.		Langegasse 90	Basel	3559	1907	109	telefonbuch_189	PTT-Archiv, P-260-1_Basel_1907	Basel
Mylius-Passavant	Albert	Dr.	Kapellenstrasse 32	Basel	3737	1907	109	telefonbuch_189	PTT-Archiv, P-260-1_Basel_1907	Basel
Nadolny	E.	pharmaceut. Specialitäten	Spitalstrasse 9	Basel	1079	1907	109	telefonbuch_189	PTT-Archiv, P-260-1_Basel_1907	Basel
Näf	O.	zum Bienenkorb	Schneidergasse 1	Basel	1526	1907	109	telefonbuch_189	PTT-Archiv, P-260-1_Basel_1907	Basel
Nagel-Precht	Wilh.		Hammerstrasse 155	Basel	3378	1907	109	telefonbuch_189	PTT-Archiv, P-260-1_Basel_1907	Basel
Nägelin-Müller	J.	Maurermeister	Brantgasse 10	Basel	3306	1907	109	telefonbuch_189	PTT-Archiv, P-260-1_Basel_1907	Basel
Nägelin	Samuel	Handelsgärtner	Neuwylerstrasse 78	Basel	3147	1907	109	telefonbuch_189	PTT-Archiv, P-260-1_Basel_1907	Basel
Napp	C.	& Co.	Nauenstrasse 10	Basel	2748	1907	109	telefonbuch_189	PTT-Archiv, P-260-1_Basel_1907	Basel
Nater	Jakob		Bahnhofstrasse 23	Basel	1753	1907	109	telefonbuch_189	PTT-Archiv, P-260-1_Basel_1907	Basel
Nathan	A.	Dr.	St. Albangraben 1	Basel	1925	1907	109	telefonbuch_189	PTT-Archiv, P-260-1_Basel_1907	Basel
Nathan	Ed.		Spalenvorstadt 3	Basel	4308	1907	109	telefonbuch_189	PTT-Archiv, P-260-1_Basel_1907	Basel
National-Zeitung		Exp. (Inserate u. Abonnement)	Marktplatz 6	Basel	1704	1907	109	telefonbuch_189	PTT-Archiv, P-260-1_Basel_1907	Basel
National-Zeitung		Redaktion, politischer Teil	Marktplatz 6	Basel	1688	1907	109	telefonbuch_189	PTT-Archiv, P-260-1_Basel_1907	Basel
Natural	A.	Le Coultre & Cie.	Hochstrasse 31	Basel	4511	1907	109	telefonbuch_189	PTT-Archiv, P-260-1_Basel_1907	Basel
Nebel	A.	Dr., Arzt	Leimenstrasse 57	Basel	623	1907	109	telefonbuch_189	PTT-Archiv, P-260-1_Basel_1907	Basel
Nebel-Stortz	Jos.	Milch- und Butterhandlung	Farnsburgerstr. 30	Basel	1021	1907	109	telefonbuch_189	PTT-Archiv, P-260-1_Basel_1907	Basel
Neddermann	R.	Gummiwaren	Steinenthorstrasse 11	Basel	1980	1907	109	telefonbuch_189	PTT-Archiv, P-260-1_Basel_1907	Basel
Nees-Gärtner	Hch.	Baumeister	Klybeckstrasse 23+	Basel	4473	1907	109	telefonbuch_189	PTT-Archiv, P-260-1_Basel_1907	Basel
Nef	Karl	Dr.	Reichensteinerstr. 33	Basel	556	1907	109	telefonbuch_189	PTT-Archiv, P-260-1_Basel_1907	Basel
Neff	J.	Milchkuranstalt	Aeuss. Allschwilerstrasse 38	Basel	933	1907	109	telefonbuch_189	PTT-Archiv, P-260-1_Basel_1907	Basel
Nessler-Weber	G. A.	Restaurateur	Gerbergasse 84	Basel	2568	1907	109	telefonbuch_189	PTT-Archiv, P-260-1_Basel_1907	Basel
Neth-Weltin	Georg	Bäckerei	Elsässerstrasse 136	Basel	313	1907	109	telefonbuch_189	PTT-Archiv, P-260-1_Basel_1907	Basel
Neubad		siehe unter „Binningen“		Basel	3133	1907	109	telefonbuch_189	PTT-Archiv, P-260-1_Basel_1907	Basel
Neuenschwander	R.		Elsässerstrasse 34	Basel	319	1907	109	telefonbuch_189	PTT-Archiv, P-260-1_Basel_1907	Basel
Neuer Cercle			Schützengraben 16	Basel	2718	1907	109	telefonbuch_189	PTT-Archiv, P-260-1_Basel_1907	Basel
Neukomm	Hermann	Architekt	Inn. Margarethenstr. 6	Basel	3323	1907	109	telefonbuch_189	PTT-Archiv, P-260-1_Basel_1907	Basel
Neumaier-Schürpf	Ph.		Oetlingerstrasse 64	Basel	3271	1907	109	telefonbuch_189	PTT-Archiv, P-260-1_Basel_1907	Basel
Nicod	A.		Claragraben 117	Basel	3277	1907	109	telefonbuch_189	PTT-Archiv, P-260-1_Basel_1907	Basel
Nicola	Charles		Sonnenweg 21	Basel	4477	1907	109	telefonbuch_189	PTT-Archiv, P-260-1_Basel_1907	Basel
Nicolaï	Karl		Freiestrasse 88	Basel	1559	1907	109	telefonbuch_189	PTT-Archiv, P-260-1_Basel_1907	Basel
Nicolet-Heusser	Paul	Spezierer	Tellstrasse 1	Basel	3941	1907	109	telefonbuch_189	PTT-Archiv, P-260-1_Basel_1907	Basel
Nidecker	C. F.		Elisabethenstr. 40	Basel		1907	109	telefonbuch_189	PTT-Archiv, P-260-1_Basel_1907	Basel
Niebergall	E.	Dr. med.	Steinenring 2	Basel	1083	1907	109	telefonbuch_189	PTT-Archiv, P-260-1_Basel_1907	Basel
Niebergall-Siegfried	A.		Oberwilerstrasse 7	Basel	3219	1907	109	telefonbuch_189	PTT-Archiv, P-260-1_Basel_1907	Basel
Niebergall & Goth		Export	Aeschengraben 12	Basel	2339	1907	109	telefonbuch_189	PTT-Archiv, P-260-1_Basel_1907	Basel
Niebergall & Goth		Import	Aeschengraben 12	Basel	2288	1907	109	telefonbuch_189	PTT-Archiv, P-260-1_Basel_1907	Basel
Niebergall & Goth		Güterbahnhof	St. Jakobstrasse	Basel	4100	1907	109	telefonbuch_189	PTT-Archiv, P-260-1_Basel_1907	Basel
Niebergall & Goth			Bad. Güterbahnhof	Basel	4423	1907	109	telefonbuch_189	PTT-Archiv, P-260-1_Basel_1907	Basel
Niebergall-Wahl	M. L.	Wwe.	Schützenmattstr. 83	Basel	2905	1907	109	telefonbuch_189	PTT-Archiv, P-260-1_Basel_1907	Basel
Niederhauser	Heinrich	Dr.	Steinenvorstadt 57	Basel	2233	1907	109	telefonbuch_189	PTT-Archiv, P-260-1_Basel_1907	Basel
Niederhauser	Fritz	Dienstmänneranstalt	Steinenvorstadt 28	Basel	2426	1907	109	telefonbuch_189	PTT-Archiv, P-260-1_Basel_1907	Basel
Niedermoser	Chr.	Holzbildhauer	St. Johannvorst. 28	Basel	189	1907	109	telefonbuch_189	PTT-Archiv, P-260-1_Basel_1907	Basel
Nielsen-Bohny	Hans	Zimmermeister	Chrischonastrasse 41	Basel	3734	1907	109	telefonbuch_189	PTT-Archiv, P-260-1_Basel_1907	Basel
Nienhaus	Casimir	Löwenapotheke	Greifengasse 20	Basel	1257	1907	109	telefonbuch_189	PTT-Archiv, P-260-1_Basel_1907	Basel
Nietzki	R.	Prof. Dr. (Wohnung)	Austrasse 96	Basel	2665	1907	109	telefonbuch_189	PTT-Archiv, P-260-1_Basel_1907	Basel
Nievergelt-Künzler	J.		Claragraben 160	Basel	3867	1907	110	telefonbuch_190	PTT-Archiv, P-260-1_Basel_1907	Basel
Noack	Karl	Apotheker	Fischmarkt 11	Basel	1612	1907	110	telefonbuch_190	PTT-Archiv, P-260-1_Basel_1907	Basel
Nober-Rieger	Friedr.	Wirt	Müllheimerstr. 154	Basel	3729	1907	110	telefonbuch_190	PTT-Archiv, P-260-1_Basel_1907	Basel
Noll-Emele	J.	Schneidermeister	Sattelgasse 10	Basel	774	1907	110	telefonbuch_190	PTT-Archiv, P-260-1_Basel_1907	Basel
Noll-Jakob	Karl		Sperrstrasse 97	Basel	3518	1907	110	telefonbuch_190	PTT-Archiv, P-260-1_Basel_1907	Basel
Nolting	Carl	Vertr. von R. Neddermann	Steinenthorstr. 11	Basel	1980	1907	110	telefonbuch_190	PTT-Archiv, P-260-1_Basel_1907	Basel
Norddeutscher Lloyd		Conr. Schneebeli, Hauptagentur	Elisabethenstr. 54	Basel	2235	1907	110	telefonbuch_190	PTT-Archiv, P-260-1_Basel_1907	Basel
Nordmann	Charles		Kornhausgasse 8	Basel	3187	1907	110	telefonbuch_190	PTT-Archiv, P-260-1_Basel_1907	Basel
Nordmann	Achilles	Dr.	Steinenring 40	Basel	2768	1907	110	telefonbuch_190	PTT-Archiv, P-260-1_Basel_1907	Basel
Noetzlin-Werthemann	Rud.		Schützenmattstr. 67	Basel	955	1907	110	telefonbuch_190	PTT-Archiv, P-260-1_Basel_1907	Basel
Nunnenmacher	B.		Spalenthorweg 45	Basel	2017	1907	110	telefonbuch_190	PTT-Archiv, P-260-1_Basel_1907	Basel
Nunnenmacher & Co.			Elisabethenstr. 41	Basel	2392	1907	110	telefonbuch_190	PTT-Archiv, P-260-1_Basel_1907	Basel
Nussbaum	Jak.	Haferhandlung	Mattweg 39	Basel	3558	1907	110	telefonbuch_190	PTT-Archiv, P-260-1_Basel_1907	Basel
Nussbaumer-Brunner	C.	Fuhrhalter	Mattweg 58	Basel	522	1907	110	telefonbuch_190	PTT-Archiv, P-260-1_Basel_1907	Basel
Nussbaumer		Schwestern, Wirtschaft	Leonhardsgraben 20	Basel	2761	1907	110	telefonbuch_190	PTT-Archiv, P-260-1_Basel_1907	Basel
Nussbaumer & Herbold			Greifengasse 25	Basel	3453	1907	110	telefonbuch_190	PTT-Archiv, P-260-1_Basel_1907	Basel
Nüsseler's Wwe.	Th.	Papeterie u. Buchbinderei	Greifengasse 11	Basel	888	1907	110	telefonbuch_190	PTT-Archiv, P-260-1_Basel_1907	Basel
Obere Realschule		Rektorat	DeWettestrasse	Basel	1121	1907	110	telefonbuch_190	PTT-Archiv, P-260-1_Basel_1907	Basel
Oberer	A.	Hauptagentur der schweiz. Mobiliarversicherungsgesellschaft	Bäumleingasse 9	Basel	1771	1907	110	telefonbuch_190	PTT-Archiv, P-260-1_Basel_1907	Basel
Oberer-Hindermann	J. J.	Dr.	Güterstrasse 89	Basel	2443	1907	110	telefonbuch_190	PTT-Archiv, P-260-1_Basel_1907	Basel
Oberer	J.	Dr. med.	Solothurnerstr. 45	Basel	3885	1907	110	telefonbuch_190	PTT-Archiv, P-260-1_Basel_1907	Basel
Oberrheinische Industrie-Gesellschaft Pfister & Cie.			St. Johannvorst. 31	Basel	1505	1907	110	telefonbuch_190	PTT-Archiv, P-260-1_Basel_1907	Basel
Obrist-Fäsler	Paul	Viktualienhandlung	Rümelinsplatz 7	Basel	2846	1907	110	telefonbuch_190	PTT-Archiv, P-260-1_Basel_1907	Basel
Obst- und Weinbau-Genossenschaft am Zürichsee			Sempacherstrasse 7	Basel	1197	1907	110	telefonbuch_190	PTT-Archiv, P-260-1_Basel_1907	Basel
Odd Fellows & St. Jakobsloge No. 6			Nadelberg 8	Basel	661	1907	110	telefonbuch_190	PTT-Archiv, P-260-1_Basel_1907	Basel
Ofenfabrik Sursee		A.-G., Filiale Basel	Steinenvorstadt 21	Basel	1409	1907	110	telefonbuch_190	PTT-Archiv, P-260-1_Basel_1907	Basel
Oggenfuss	Emilie		Claragraben 156	Basel	316	1907	110	telefonbuch_190	PTT-Archiv, P-260-1_Basel_1907	Basel
Oehninger	Hch.		Güterstrasse 116	Basel	3398	1907	110	telefonbuch_190	PTT-Archiv, P-260-1_Basel_1907	Basel
Olbert-Meynecke	Georg		Streitgasse 3	Basel	1936	1907	110	telefonbuch_190	PTT-Archiv, P-260-1_Basel_1907	Basel
Old England		(L. Corréard)	Gerbergasse 36	Basel	3006	1907	110	telefonbuch_190	PTT-Archiv, P-260-1_Basel_1907	Basel
Old	Johann	Baugeschäft	Oetlingerstrasse 7	Basel	432	1907	110	telefonbuch_190	PTT-Archiv, P-260-1_Basel_1907	Basel
Oelhafen-Bähler	Emil	Architekt	Schaffh. Rheinweg 5	Basel	1119	1907	110	telefonbuch_190	PTT-Archiv, P-260-1_Basel_1907	Basel
Oelhafen	Max	Architekt	Steinenvorstadt 12	Basel	4549	1907	110	telefonbuch_190	PTT-Archiv, P-260-1_Basel_1907	Basel
Oppikofer	Ernst	Dr.	Petersgraben 20	Basel	130	1907	110	telefonbuch_190	PTT-Archiv, P-260-1_Basel_1907	Basel
Orell Füssli & Co.			Gerbergasse 89	Basel	2185	1907	110	telefonbuch_190	PTT-Archiv, P-260-1_Basel_1907	Basel
v. Orelli	K.	Prof. Dr.	Bernoullistrasse 6	Basel	303	1907	110	telefonbuch_190	PTT-Archiv, P-260-1_Basel_1907	Basel
Oeri	R.	Dr.	St. Albanvorstadt 19	Basel	1778	1907	110	telefonbuch_190	PTT-Archiv, P-260-1_Basel_1907	Basel
Oeri-Oschwald	J. J.	Dr.	Leonhardstrasse 57	Basel	3697	1907	110	telefonbuch_190	PTT-Archiv, P-260-1_Basel_1907	Basel
Orientalische Teppich-Import-Gesellschaft			Freiestrasse 29	Basel	1033	1907	110	telefonbuch_190	PTT-Archiv, P-260-1_Basel_1907	Basel
Orth	Hermann	Metzger	Dornacherstrasse 89	Basel	4098	1907	110	telefonbuch_190	PTT-Archiv, P-260-1_Basel_1907	Basel
Orthopädisches Institut u. Privatklinik		v. Dr. C. Hübscher	Rheinschanze 2	Basel	3168	1907	110	telefonbuch_190	PTT-Archiv, P-260-1_Basel_1907	Basel
Ortler	J. B.	Wwe., Eierhandlung	Gerbergässlein 3	Basel	3027	1907	110	telefonbuch_190	PTT-Archiv, P-260-1_Basel_1907	Basel
Orzel	R.		Schützenmattstr. 9	Basel	278	1907	110	telefonbuch_190	PTT-Archiv, P-260-1_Basel_1907	Basel
Oesch	Albert	Dr.	Hutgasse 1	Basel	3311	1907	110	telefonbuch_190	PTT-Archiv, P-260-1_Basel_1907	Basel
Oser	Wilh.	Dr., Vogesenapotheke & Laborator.	Colmarerstrasse 22	Basel	803	1907	110	telefonbuch_190	PTT-Archiv, P-260-1_Basel_1907	Basel
Oser	Rud.	Handelsgärtner	St. Albanringweg 189	Basel	3562	1907	110	telefonbuch_190	PTT-Archiv, P-260-1_Basel_1907	Basel
Derselbe		Blumenladen	Freiestrasse 41	Basel	1056	1907	110	telefonbuch_190	PTT-Archiv, P-260-1_Basel_1907	Basel
Oser	Th.	Spenglermeister	Pfluggasse 7	Basel	2106	1907	110	telefonbuch_190	PTT-Archiv, P-260-1_Basel_1907	Basel
Oser-Thurneysen & Co.			St. Albanthal 36	Basel	4294	1907	111	telefonbuch_191	PTT-Archiv, P-260-1_Basel_1907	Basel
Oester	Joh.	Bäckermeister	Steinenvorstadt 35	Basel	2056	1907	111	telefonbuch_191	PTT-Archiv, P-260-1_Basel_1907	Basel
Oesterlin & Cie.			Bruderholzstrasse 40	Basel	3942	1907	111	telefonbuch_191	PTT-Archiv, P-260-1_Basel_1907	Basel
Dieselben		Filiale	Hutgasse 14	Basel	4522	1907	111	telefonbuch_191	PTT-Archiv, P-260-1_Basel_1907	Basel
Dieselben		Centralhalle	Streitgasse 20	Basel	134	1907	111	telefonbuch_191	PTT-Archiv, P-260-1_Basel_1907	Basel
Ostertag-Strütt	Konrad		St. Johannvorst. 13	Basel	1372	1907	111	telefonbuch_191	PTT-Archiv, P-260-1_Basel_1907	Basel
Oswald	Ernst	Dr.	Spalenberg 63	Basel	2841	1907	111	telefonbuch_191	PTT-Archiv, P-260-1_Basel_1907	Basel
Oswald-Fleiner	C.	Dr.	Sevogelstrasse 62	Basel	4251	1907	111	telefonbuch_191	PTT-Archiv, P-260-1_Basel_1907	Basel
Oswald		Gebrüder	Münsterberg 9	Basel	1831	1907	111	telefonbuch_191	PTT-Archiv, P-260-1_Basel_1907	Basel
Oswald-Hindermann	P.		Steinengraben 27	Basel	2771	1907	111	telefonbuch_191	PTT-Archiv, P-260-1_Basel_1907	Basel
Oswald-Meyer	M.		Steinengraben 44	Basel	3104	1907	111	telefonbuch_191	PTT-Archiv, P-260-1_Basel_1907	Basel
Oswald, Paravicini & Co.			Barfüssergasse 6	Basel	857	1907	111	telefonbuch_191	PTT-Archiv, P-260-1_Basel_1907	Basel
Dieselben		Börse	Postgebäude	Basel	3153	1907	111	telefonbuch_191	PTT-Archiv, P-260-1_Basel_1907	Basel
Ott-Eckert	Emil	Architekt	Güterstrasse 151	Basel	541	1907	111	telefonbuch_191	PTT-Archiv, P-260-1_Basel_1907	Basel
Oettel-Meister	Gabr.		St. Albanvorstadt 53	Basel	4256	1907	111	telefonbuch_191	PTT-Archiv, P-260-1_Basel_1907	Basel
Oettinger	Max		Eisengasse 9	Basel	1357	1907	111	telefonbuch_191	PTT-Archiv, P-260-1_Basel_1907	Basel
Derselbe			Falknerstrasse 2	Basel	4247	1907	111	telefonbuch_191	PTT-Archiv, P-260-1_Basel_1907	Basel
Otto	Paul	Hôtel Victoria	Centralbahnplatz 4	Basel	2258	1907	111	telefonbuch_191	PTT-Archiv, P-260-1_Basel_1907	Basel
Derselbe		Hôtel National	Centralbahnplatz 3	Basel	2231	1907	111	telefonbuch_191	PTT-Archiv, P-260-1_Basel_1907	Basel
Derselbe		Wohnhaus	Margarethenstr. 63	Basel	852	1907	111	telefonbuch_191	PTT-Archiv, P-260-1_Basel_1907	Basel
Panten	R.	Direktor	Oberwilerstrasse 15	Basel	2907	1907	111	telefonbuch_191	PTT-Archiv, P-260-1_Basel_1907	Basel
Pape	A. F.		Immengasse 1	Basel	1643	1907	111	telefonbuch_191	PTT-Archiv, P-260-1_Basel_1907	Basel
Pape	Aug.	Dr.	Unt. Rheinweg 102	Basel	1226	1907	111	telefonbuch_191	PTT-Archiv, P-260-1_Basel_1907	Basel
Paraf	Josué		St. Jakobstrasse 9	Basel	2182	1907	111	telefonbuch_191	PTT-Archiv, P-260-1_Basel_1907	Basel
Paravicini-Bachofen	E.	Frau	St. Jakobstrasse 20	Basel	4050	1907	111	telefonbuch_191	PTT-Archiv, P-260-1_Basel_1907	Basel
Paravicini-Engel	E.		Engelgasse 107	Basel	4233	1907	111	telefonbuch_191	PTT-Archiv, P-260-1_Basel_1907	Basel
Paravicini-Heusler	E.		St. Jakobstrasse 110	Basel	3996	1907	111	telefonbuch_191	PTT-Archiv, P-260-1_Basel_1907	Basel
Paravicini-Meyer	S. Marg.	Wwe.	Holbeinstrasse 3	Basel	2910	1907	111	telefonbuch_191	PTT-Archiv, P-260-1_Basel_1907	Basel
Paravicini	R.		Elisabethenstr. 21	Basel	2329	1907	111	telefonbuch_191	PTT-Archiv, P-260-1_Basel_1907	Basel
Paravicini-Vischer	J.	Wwe.	Elisabethenstr. 19	Basel	2322	1907	111	telefonbuch_191	PTT-Archiv, P-260-1_Basel_1907	Basel
Paravicini & Co.		Brauerei-Artikel	Petersplatz 3	Basel	2585	1907	111	telefonbuch_191	PTT-Archiv, P-260-1_Basel_1907	Basel
Parfumerie Franco-Suisse, Ewald & Co.			Kraftstrasse 11	Basel	4546	1907	111	telefonbuch_191	PTT-Archiv, P-260-1_Basel_1907	Basel
Pariser Neuwäscherei u. Glätteanstalt Hennlein & Dippe			St. Johannring 133	Basel	2803	1907	111	telefonbuch_191	PTT-Archiv, P-260-1_Basel_1907	Basel
Parmentier-Straumann	B.	Bäcker	Elisabethenstrasse 9	Basel	2091	1907	111	telefonbuch_191	PTT-Archiv, P-260-1_Basel_1907	Basel
Paronella	Fr.	spanische Bodega	Obere Rebgasse 6	Basel	3258	1907	111	telefonbuch_191	PTT-Archiv, P-260-1_Basel_1907	Basel
Derselbe		spanische Weinhalle	Barfüsserplatz 16	Basel	2533	1907	111	telefonbuch_191	PTT-Archiv, P-260-1_Basel_1907	Basel
Pasqualini	L.	Commission und Agenturen	Aeschenvorstadt 67	Basel	1544	1907	111	telefonbuch_191	PTT-Archiv, P-260-1_Basel_1907	Basel
Passavant-Allemandi	E.		Gartenstrasse 1	Basel	1928	1907	111	telefonbuch_191	PTT-Archiv, P-260-1_Basel_1907	Basel
Passavant		Gebrüder	Steinenvorstadt 1	Basel	2166	1907	111	telefonbuch_191	PTT-Archiv, P-260-1_Basel_1907	Basel
Passavant	Georges		Gellertstrasse 21	Basel	4130	1907	111	telefonbuch_191	PTT-Archiv, P-260-1_Basel_1907	Basel
Passavant	Hans Franz		Elisabethenanlage 41	Basel	2275	1907	111	telefonbuch_191	PTT-Archiv, P-260-1_Basel_1907	Basel
Passavant-Iselin & Co.			Küchegässlein 5	Basel	2476	1907	111	telefonbuch_191	PTT-Archiv, P-260-1_Basel_1907	Basel
Dieselben		siehe auch unter „Allschwil“		Basel	3132	1907	111	telefonbuch_191	PTT-Archiv, P-260-1_Basel_1907	Basel
Passavant & Co.			Rheinsprung 22	Basel	1308	1907	111	telefonbuch_191	PTT-Archiv, P-260-1_Basel_1907	Basel
Passavant, Zaeslin & Co.			Freiestrasse 91	Basel	1080	1907	111	telefonbuch_191	PTT-Archiv, P-260-1_Basel_1907	Basel
Patentbank Confidentia A.-G.		Filiale Basel	Elisabethenstr. 44	Basel	3170	1907	111	telefonbuch_191	PTT-Archiv, P-260-1_Basel_1907	Basel
Pathologisch-anatomische Anstalt			Hebelstrasse 2	Basel	122	1907	111	telefonbuch_191	PTT-Archiv, P-260-1_Basel_1907	Basel
Pedrina	Antonio		Spalenberg 52	Basel	4500	1907	111	telefonbuch_191	PTT-Archiv, P-260-1_Basel_1907	Basel
